"pair_id","decision","reason","contract_version","file_id","source_sha256","canonical_doc_type","route","product_tier","agent_role","record_family","source_page","source_structure_type","source_section","source_table","source_row_label","source_column_label","source_occurrence","subject_type","subject_name","asset_class","strategy","geography","manager_name","investor_name","portfolio_name","vintage_year","period_start","period_end","as_of_date","horizon","currency_scale","metric_category","metric_name","metric_value_raw","unit","term_category","text_raw","basis_raw","condition_raw","evidence_quote","evidence_class","notes","source_agents","adjudication_status","definition_keys","method","fee_basis","value_scope","sector"
"PAIR_3246C29EFBC8D2C1449596BF","MERGE","Page 1 prints FORM N-2 as the form heading (A) and also prints the effective date April 11, 2025, which page 2 repeats as the PROSPECTUS date (B). The document names Apollo S3 RIC Management, L.P. as the Adviser and rule 4 puts manager_name only on this row. Neither lane was complete: A blanked manager_name and as_of_date; B blanked the FORM N-2 heading and put the document title in text_raw, duplicating subject_name. The settled convention on this route (SRC607 and SRC612 finals) leaves text_raw blank on document_context.","2026-09-01.2","SRC421","8fbaa442a5f926fb750aba15b64a328a8a737995b1492a65e539ab39b5cc165c","PPM","05-fund-legal-docs","CORE","ADJUDICATED","document_context","1","DOCUMENT","FORM N-2","DOCUMENT","DOCUMENT","","1","document","Apollo S3 Private Markets Fund","","","","Apollo S3 RIC Management, L.P.","","","","","","April 11, 2025","","","","","","","","","","","APOLLO S3 PRIVATE MARKETS FUND","actual","","","","","","","",""
"PAIR_6F59614F14DAC29239400278","ACCEPT_A","Confirmed on the page-2 image, which prints the parenthetical definition: Investment Company Act of 1940, as amended (the 1940 Act). A printed defined term is one printed definition, the grain this route gives definition_context, and the SRC612 final settled that reading for defined terms. B did not read the body definitions on this page.","","","","","","","","","","","","","","","","","","","","","","","","","","","","","","","","","","","","","","","","","","","","","","",""
"PAIR_AF21A0A3F72CEC8AA84681FE","ACCEPT_A","Confirmed on the page-2 image, which prints the parenthetical definition: will serve as the Fund investment adviser (the Adviser). A printed defined term is one printed definition, the grain this route gives definition_context, and the SRC612 final settled that reading for defined terms. B did not read the body definitions on this page.","","","","","","","","","","","","","","","","","","","","","","","","","","","","","","","","","","","","","","","","","","","","","","",""
"PAIR_EF4A5A1A17E9393400037589","ACCEPT_A","Confirmed on the page-2 image, which prints the parenthetical definition: the Fund Board of Trustees (the Board). A printed defined term is one printed definition, the grain this route gives definition_context, and the SRC612 final settled that reading for defined terms. B did not read the body definitions on this page.","","","","","","","","","","","","","","","","","","","","","","","","","","","","","","","","","","","","","","","","","","","","","","",""
"PAIR_A1B511D57ED5CFAF0B871DA6","ACCEPT_A","Confirmed on the page-2 image, which prints the parenthetical definition: alongside private market funds and/or other private market firms (Co-Investments). A printed defined term is one printed definition, the grain this route gives definition_context, and the SRC612 final settled that reading for defined terms. B did not read the body definitions on this page.","","","","","","","","","","","","","","","","","","","","","","","","","","","","","","","","","","","","","","","","","","","","","","",""
"PAIR_3D6B0AC2C0576ED3D09C1D7E","ACCEPT_A","Confirmed on the page-2 image, which prints the parenthetical definition: Apollo Global Securities, LLC (the Distributor), printed in footnote (1). A printed defined term is one printed definition, the grain this route gives definition_context, and the SRC612 final settled that reading for defined terms. B did not read the body definitions on this page.","","","","","","","","","","","","","","","","","","","","","","","","","","","","","","","","","","","","","","","","","","","","","","",""
"PAIR_738C132993AAF16BAC38DD7F","ACCEPT_A","Confirmed on the page-2 image, which prints the parenthetical definition: exchange traded funds (ETFs). A printed defined term is one printed definition, the grain this route gives definition_context, and the SRC612 final settled that reading for defined terms. B did not read the body definitions on this page.","","","","","","","","","","","","","","","","","","","","","","","","","","","","","","","","","","","","","","","","","","","","","","",""
"PAIR_EA253EB343B06F82C6AB2CC4","ACCEPT_A","Confirmed on the page-2 image, which prints the parenthetical definition: Apollo S3 Private Markets Fund (the Fund). A printed defined term is one printed definition, the grain this route gives definition_context, and the SRC612 final settled that reading for defined terms. B did not read the body definitions on this page.","","","","","","","","","","","","","","","","","","","","","","","","","","","","","","","","","","","","","","","","","","","","","","",""
"PAIR_19A68C120B806C98ECB738E3","ACCEPT_A","Confirmed on the page-2 image, which prints the parenthetical definition: a portfolio of liquid assets (Liquid Assets). A printed defined term is one printed definition, the grain this route gives definition_context, and the SRC612 final settled that reading for defined terms. B did not read the body definitions on this page.","","","","","","","","","","","","","","","","","","","","","","","","","","","","","","","","","","","","","","","","","","","","","","",""
"PAIR_A9EA0EC6352C4F0891A85FF8","ACCEPT_A","Confirmed on the page-2 image, which prints the parenthetical definition: at the net asset value (NAV) per Share on that day. A printed defined term is one printed definition, the grain this route gives definition_context, and the SRC612 final settled that reading for defined terms. B did not read the body definitions on this page.","","","","","","","","","","","","","","","","","","","","","","","","","","","","","","","","","","","","","","","","","","","","","","",""
"PAIR_8A71D4FC830D1878E1D0FB01","ACCEPT_A","Confirmed on the page-2 image, which prints the parenthetical definition: creation of new vehicles or securities (Non-Traditional Secondary Investments). A printed defined term is one printed definition, the grain this route gives definition_context, and the SRC612 final settled that reading for defined terms. B did not read the body definitions on this page.","","","","","","","","","","","","","","","","","","","","","","","","","","","","","","","","","","","","","","","","","","","","","","",""
"PAIR_41674932A32957FE94B050D9","ACCEPT_A","Confirmed on the page-2 image, which prints the parenthetical definition: private markets funds managed by various unaffiliated asset managers (Portfolio Funds). A printed defined term is one printed definition, the grain this route gives definition_context, and the SRC612 final settled that reading for defined terms. B did not read the body definitions on this page.","","","","","","","","","","","","","","","","","","","","","","","","","","","","","","","","","","","","","","","","","","","","","","",""
"PAIR_55FD59E2B26D363A31702268","ACCEPT_A","Confirmed on the page-2 image, which prints the parenthetical definition: (Primary Investments or Primaries); each term defined in the one parenthetical is its own printed definition. A printed defined term is one printed definition, the grain this route gives definition_context, and the SRC612 final settled that reading for defined terms. B did not read the body definitions on this page.","","","","","","","","","","","","","","","","","","","","","","","","","","","","","","","","","","","","","","","","","","","","","","",""
"PAIR_6D9590D016B13F988B3F11AE","ACCEPT_A","Confirmed on the page-2 image, which prints the parenthetical definition: primary investments in newly formed Portfolio Funds (Primary Investments). A printed defined term is one printed definition, the grain this route gives definition_context, and the SRC612 final settled that reading for defined terms. B did not read the body definitions on this page.","","","","","","","","","","","","","","","","","","","","","","","","","","","","","","","","","","","","","","","","","","","","","","",""
"PAIR_B252D33608E74B379E75A162","ACCEPT_A","Confirmed on the page-2 image, which prints the parenthetical definition: private equity, private credit and other private assets (collectively, private market investments). A printed defined term is one printed definition, the grain this route gives definition_context, and the SRC612 final settled that reading for defined terms. B did not read the body definitions on this page.","","","","","","","","","","","","","","","","","","","","","","","","","","","","","","","","","","","","","","","","","","","","","","",""
"PAIR_1993E23B6FCD2885EB247267","ACCEPT_A","Confirmed on the page-2 image, which prints the parenthetical definition: This prospectus (the Prospectus). A printed defined term is one printed definition, the grain this route gives definition_context, and the SRC612 final settled that reading for defined terms. B did not read the body definitions on this page.","","","","","","","","","","","","","","","","","","","","","","","","","","","","","","","","","","","","","","","","","","","","","","",""
"PAIR_5A0C1E2389F4B5E76AD5BC44","ACCEPT_A","Confirmed on the page-2 image, which prints the parenthetical definition: Secondary Investments or Secondaries; each term defined in the one parenthetical is its own printed definition. A printed defined term is one printed definition, the grain this route gives definition_context, and the SRC612 final settled that reading for defined terms. B did not read the body definitions on this page.","","","","","","","","","","","","","","","","","","","","","","","","","","","","","","","","","","","","","","","","","","","","","","",""
"PAIR_55306B591DBDEA9FD362DD29","ACCEPT_A","Confirmed on the page-2 image, which prints the parenthetical definition: together with Traditional Secondary Investments, Secondary Investments. A printed defined term is one printed definition, the grain this route gives definition_context, and the SRC612 final settled that reading for defined terms. B did not read the body definitions on this page.","","","","","","","","","","","","","","","","","","","","","","","","","","","","","","","","","","","","","","","","","","","","","","",""
"PAIR_A0DDE702DCA55DFAA4945EE3","ACCEPT_A","Confirmed on the page-2 image, which prints the parenthetical definition: No person who is admitted as a shareholder of the Fund (a Shareholder). A printed defined term is one printed definition, the grain this route gives definition_context, and the SRC612 final settled that reading for defined terms. B did not read the body definitions on this page.","","","","","","","","","","","","","","","","","","","","","","","","","","","","","","","","","","","","","","","","","","","","","","",""
"PAIR_C4F0A9183D474704CAC032F4","ACCEPT_A","Confirmed on the page-2 image, which prints the parenthetical definition: two separate classes of shares of beneficial interest in the Fund (Shares). A printed defined term is one printed definition, the grain this route gives definition_context, and the SRC612 final settled that reading for defined terms. B did not read the body definitions on this page.","","","","","","","","","","","","","","","","","","","","","","","","","","","","","","","","","","","","","","","","","","","","","","",""
"PAIR_6256A05925D7329307724D1E","ACCEPT_A","Confirmed on the page-2 image, which prints the parenthetical definition: from pre-existing investors in these Portfolio Funds (Traditional Secondary Investments). A printed defined term is one printed definition, the grain this route gives definition_context, and the SRC612 final settled that reading for defined terms. B did not read the body definitions on this page.","","","","","","","","","","","","","","","","","","","","","","","","","","","","","","","","","","","","","","","","","","","","","","",""
"PAIR_4FB6528431F73FB28F243FCA","MERGE","Footnote (1) is a printed footnote, a unit the grain names explicitly, and A missed it. B read it correctly but left source_section blank; page 2 prints PROSPECTUS as its heading and A carried that heading on all 20 of its page-2 rows, so the populated side wins and the whole page takes it. Marker (1) attaches to the Public Offering Price line, which is why that is the row label, with the marker in definition_keys per rule 3.","2026-09-01.2","SRC421","8fbaa442a5f926fb750aba15b64a328a8a737995b1492a65e539ab39b5cc165c","PPM","05-fund-legal-docs","CORE","ADJUDICATED","definition_context","2","FOOTNOTE","PROSPECTUS","UNTITLED_TABLE_1","Public Offering Price","","1","","","","","","","","","","","","","","","","","","","","Apollo Global Securities, LLC (the “Distributor”) acts as principal underwriter for the Fund’s Shares and serves in that capacity on a reasonable best efforts basis, subject to various conditions. The Distributor is not obligated to sell any specific number of shares. Class S2 Shares and Class I2 Shares are or will be continuously offered at a price per share equal to the NAV per share for such class. Each share class will initially be offered at the then-current NAV. Generally, the stated minimum investment by an investor in the Fund is $25,000 with respect to Class S2 Shares and Class I2 Shares. The minimum additional investment in the Fund is $5,000. The Fund may, in its sole discretion, accept investments below these minimums. Investors subscribing through a given broker/dealer or registered investment adviser may have shares aggregated to meet these minimums, so long as initial investments are not less than $25,000 and incremental contributions are not less than $5,000.","","","The Distributor is not obligated to sell any specific number of shares.","actual","","","","1","","","",""
"PAIR_BD71EBF8F20DBDE4F7747C3F","MERGE","Footnote (3) is a printed footnote and A missed it. B read it correctly but left source_section blank, which page 2 prints as PROSPECTUS. Marker (3) also attaches to the Public Offering Price line, so it is occurrence 2 under that label with the marker in definition_keys.","2026-09-01.2","SRC421","8fbaa442a5f926fb750aba15b64a328a8a737995b1492a65e539ab39b5cc165c","PPM","05-fund-legal-docs","CORE","ADJUDICATED","definition_context","2","FOOTNOTE","PROSPECTUS","UNTITLED_TABLE_1","Public Offering Price","","2","","","","","","","","","","","","","","","","","","","","The table assumes that all shares are sold in the primary offering, with 1/2 of the gross offering proceeds from the sale of Class S2 shares and 1/2 from the sale of Class I2 shares. The number of shares of each class sold and the relative proportions in which the classes of shares are sold are uncertain and may differ significantly from this assumption.","","","The table assumes that all shares are sold in the primary offering, with 1/2 of the gross offering proceeds from the sale of Class S2 shares and 1/2 from the sale of Class I2 shares.","actual","","","","3","","","",""
"PAIR_3F706BED3D8CEA88BEE0E1C0","MERGE","Footnote (2) is a printed footnote and A missed it. B read it correctly, including the page-2 wording financial intermediaries and 3.5%, which differs from the page-29 restatement selling agents and 3.50%. Only source_section was blank, and page 2 prints PROSPECTUS.","2026-09-01.2","SRC421","8fbaa442a5f926fb750aba15b64a328a8a737995b1492a65e539ab39b5cc165c","PPM","05-fund-legal-docs","CORE","ADJUDICATED","definition_context","2","FOOTNOTE","PROSPECTUS","UNTITLED_TABLE_1","Sales Load","","1","","","","","","","","","","","","","","","","","","","","No upfront sales load will be paid with respect to Class S2 Shares or Class I2 Shares, however, if you buy Class S2 Shares through certain financial intermediaries, they may directly charge you transaction or other fees, including upfront placement fees or brokerage commissions, in such amount as they may determine, provided that financial intermediaries limit such charges to a 3.5% cap on NAV for Class S2 Shares. Transaction fees or other fees assessed by a financial intermediary on Class S2 Shares are not reflected in the fee table and examples. Financial intermediaries will not charge such fees on Class I2 Shares. Your financial intermediary may impose additional charges when you purchase Shares of the Fund. Please consult your financial intermediary for additional information.","","","provided that financial intermediaries limit such charges to a 3.5% cap on NAV for Class S2 Shares.","actual","","","","2","","","",""
"PAIR_B6C6541E5891105885077817","ACCEPT_A","Page-3 image prints the parenthetical definition: A Statement of Additional Information (the ""SAI""), dated April 11, 2025. A's defined term and text_raw match the printed wording and text_raw correctly starts after the term. B declared the page NO_ELIGIBLE_DATA, which is wrong: a printed definition is a definition_context record on a page with no numbers.","","","","","","","","","","","","","","","","","","","","","","","","","","","","","","","","","","","","","","","","","","","","","","",""
"PAIR_EDA8E9A644E4014DDDA84268","ACCEPT_A","Page-3 image prints the parenthetical definition: the Fund's Annual and Semi-Annual Reports to Shareholders (""Shareholder Reports""). A's term and text_raw match the printed wording. B's zero for this page is wrong.","","","","","","","","","","","","","","","","","","","","","","","","","","","","","","","","","","","","","","","","","","","","","","",""
"","ADD","The page-3 image prints a third parenthetical definition neither lane recorded: the U.S. Securities and Exchange Commission (the ""SEC""). It is the same printed form as the twenty page-2 definitions A wrote and as A's own SEC row on page 6, so A missed a cell under its own document convention.","2026-09-01.2","SRC421","8fbaa442a5f926fb750aba15b64a328a8a737995b1492a65e539ab39b5cc165c","PPM","05-fund-legal-docs","CORE","ADJUDICATED","definition_context","3","NARRATIVE","PROSPECTUS","PROSPECTUS","SEC","","1","document","Apollo S3 Private Markets Fund","","","","","","","","","","","","","","","","","","U.S. Securities and Exchange Commission","","","An affiliate that is under common control with the Adviser has received an exemptive order from the U.S. Securities and Exchange Commission (the “SEC”) that permits the Fund to offer multiple classes of shares.","actual","","","","SEC_P3","","","",""
"","ADD","The page-3 image prints the eligibility definition of accredited investors by cross-reference, which neither lane recorded. A wrote this same printed definition on pages 6 and 97, so the page-3 occurrence is a cell A missed under its own document convention.","2026-09-01.2","SRC421","8fbaa442a5f926fb750aba15b64a328a8a737995b1492a65e539ab39b5cc165c","PPM","05-fund-legal-docs","CORE","ADJUDICATED","definition_context","3","NARRATIVE","PROSPECTUS","PROSPECTUS","accredited investors","","1","document","Apollo S3 Private Markets Fund","","","","","","","","","","","","","","","","","","eligible investors that are accredited investors as defined in Section 501(a) of Regulation D under the Securities Act of 1933, as amended","","","Investments in the Fund may be made only by eligible investors that are “accredited investors” as defined in Section 501(a) of Regulation D under the Securities Act of 1933, as amended.","actual","","","","ACCREDITED_INVESTORS_P3","","","",""
"","ADD","Both lanes recorded zero rows on page 4. The page-4 image prints one parenthetical definition, Apollo Global Securities, LLC (the ""Distributor""), the same printed form as the twenty page-2 definitions A wrote. A printed definition is a definition_context record and the surrounding disclaimer text does not exclude it. The rest of page 4 is offer, suitability and deposit-insurance boilerplate, outside the PPM term whitelist.","2026-09-01.2","SRC421","8fbaa442a5f926fb750aba15b64a328a8a737995b1492a65e539ab39b5cc165c","PPM","05-fund-legal-docs","CORE","ADJUDICATED","definition_context","4","NARRATIVE","PROSPECTUS","PROSPECTUS","Distributor","","1","document","Apollo S3 Private Markets Fund","","","","","","","","","","","","","","","","","","Apollo Global Securities, LLC","","","Apollo Global Securities, LLC (the “Distributor”) acts as principal underwriter for the Fund’s Shares and serves in that capacity on a reasonable best efforts basis, subject to various conditions.","actual","","","","DISTRIBUTOR_P4","","","",""
"PAIR_6CDB3665E08B5EE03294CC51","ACCEPT_A","Page-6 image prints the parenthetical: registered under the Investment Company Act of 1940, as amended (the ""1940 Act""). Term and text_raw match the print; text_raw starts after the term. B declared the page NO_ELIGIBLE_DATA, which is wrong for a page of printed definitions.","","","","","","","","","","","","","","","","","","","","","","","","","","","","","","","","","","","","","","","","","","","","","","",""
"PAIR_B6CFE5C341D63327018C604D","ACCEPT_A","Page-6 image prints: only to eligible investors that are ""accredited investors,"" as defined in Section 501(a) of Regulation D under the Securities Act of 1933, as amended. A's term and text match the print.","","","","","","","","","","","","","","","","","","","","","","","","","","","","","","","","","","","","","","","","","","","","","","",""
"PAIR_C75734ABDEE5C364DA07020B","MERGE","The definition is printed and A read its content correctly, but the label is wrong. Page 6 is the two-column SUMMARY OF OFFERING TERMS table and prints no parenthetical (the ""Adviser"") on this page; the printed row heading in the left column is The Investment Adviser. Rule 20 takes the printed heading, so the record is republished under it with A's text and evidence unchanged.","2026-09-01.2","SRC421","8fbaa442a5f926fb750aba15b64a328a8a737995b1492a65e539ab39b5cc165c","PPM","05-fund-legal-docs","CORE","ADJUDICATED","definition_context","6","NARRATIVE","SUMMARY OF OFFERING TERMS","SUMMARY OF OFFERING TERMS","The Investment Adviser","","1","document","Apollo S3 Private Markets Fund","","","","","","","","","","","","","","","","","","Apollo S3 RIC Management, L.P., an investment adviser registered with the SEC under the Investment Advisers Act of 1940, as amended, will serve as the Fund's investment adviser","","","Apollo S3 RIC Management, L.P., an investment adviser registered with the SEC ........................................................................... under the Investment Advisers Act of 1940, as amended (the “Advisers Act”), will serve as the Fund’s investment adviser.","actual","","","","ADVISER_P6","","","",""
"PAIR_6FD572AFA95DC3E94F727053","ACCEPT_A","Page-6 image prints: under the Investment Advisers Act of 1940, as amended (the ""Advisers Act""). Term and text match the print.","","","","","","","","","","","","","","","","","","","","","","","","","","","","","","","","","","","","","","","","","","","","","","",""
"PAIR_C2C11BFFB617E71979B8CFD3","ACCEPT_A","Page-6 image prints: an affiliate of Apollo Global Management, Inc. and its consolidated subsidiaries (""Apollo""). Term and text match the print.","","","","","","","","","","","","","","","","","","","","","","","","","","","","","","","","","","","","","","","","","","","","","","",""
"PAIR_CDF17E8B7B848017406B85DB","ACCEPT_A","Page-6 image prints: under the direction of the Fund's Board of Trustees (the ""Board""). Term and text match the print.","","","","","","","","","","","","","","","","","","","","","","","","","","","","","","","","","","","","","","","","","","","","","","",""
"PAIR_618D6B0E222AB1C0785EAED5","ACCEPT_A","Page-6 image prints in the italic introduction: the agreement and declaration of trust of the Fund (the ""Declaration of Trust""). Term and text match the print.","","","","","","","","","","","","","","","","","","","","","","","","","","","","","","","","","","","","","","","","","","","","","","",""
"PAIR_351F5210340740AEAC69DBEF","ACCEPT_A","Page-6 image prints Apollo S3 Private Markets Fund (the ""Fund"") in the introduction and defines it in the right column: The Fund is a Delaware statutory trust that is registered under the Investment Company Act of 1940. One printed definition, occurrence 1.","","","","","","","","","","","","","","","","","","","","","","","","","","","","","","","","","","","","","","","","","","","","","","",""
"PAIR_D365494E7ED37E0AD987646C","ACCEPT_A","Page-6 image prints: a majority of whom are not ""interested persons"" (as defined in the 1940 Act) of the Fund (""Independent Trustees""). Term and text match the print.","","","","","","","","","","","","","","","","","","","","","","","","","","","","","","","","","","","","","","","","","","","","","","",""
"PAIR_8194D7E0C8C827B77C04AD76","ACCEPT_A","Page-6 image prints: not ""interested persons"" (as defined in the 1940 Act) of the Fund. A separately printed defined term from Independent Trustees, so it is its own record.","","","","","","","","","","","","","","","","","","","","","","","","","","","","","","","","","","","","","","","","","","","","","","",""
"PAIR_052656E3FB61C7F774368E82","ACCEPT_A","Page-6 image prints: investments in private markets funds managed by various unaffiliated asset managers (""Portfolio Funds""). Term and text match the print.","","","","","","","","","","","","","","","","","","","","","","","","","","","","","","","","","","","","","","","","","","","","","","",""
"PAIR_2D395833849FA4701DCC4B2C","ACCEPT_A","Page-6 image prints: a portfolio of private equity, private credit and other private assets (collectively, ""private market investments""). Term and text match the print.","","","","","","","","","","","","","","","","","","","","","","","","","","","","","","","","","","","","","","","","","","","","","","",""
"PAIR_73536DE871BE7713D597255D","ACCEPT_A","Page-6 image prints: an exemptive order from the U.S. Securities and Exchange Commission (the ""SEC""). Term and text match the print.","","","","","","","","","","","","","","","","","","","","","","","","","","","","","","","","","","","","","","","","","","","","","","",""
"PAIR_3CA14EE63766A988E843751B","ACCEPT_A","Page-6 image prints: under the Securities Act of 1933, as amended (the ""Securities Act""). Term and text match the print.","","","","","","","","","","","","","","","","","","","","","","","","","","","","","","","","","","","","","","","","","","","","","","",""
"PAIR_A31563A87A00F77A066C661B","ACCEPT_A","Page-6 image prints: will sell its Shares of beneficial interest (""Shares""). Term and text match the print.","","","","","","","","","","","","","","","","","","","","","","","","","","","","","","","","","","","","","","","","","","","","","","",""
"PAIR_75FDC40DA8531C3F33A4CEF9","ACCEPT_A","Page-6 image prints: acquired in privately negotiated transactions (a) from pre-existing investors in these Portfolio Funds (""Traditional Secondary Investments""). Term and text match the print.","","","","","","","","","","","","","","","","","","","","","","","","","","","","","","","","","","","","","","","","","","","","","","",""
"PAIR_8E9BCAF8819625914C2D90C0","ACCEPT_A","Page-6 image prints: each member of the Board a ""Trustee"". Term and text match the print.","","","","","","","","","","","","","","","","","","","","","","","","","","","","","","","","","","","","","","","","","","","","","","",""
"PAIR_9DE4E4A12B7761F49B8C1218","ACCEPT_A","Page-7 image prints: (ii) direct or indirect investments in the equity and/or credit of private companies, alongside private market funds and/or other private market firms (""Co-Investments""). Term and text match the print.","","","","","","","","","","","","","","","","","","","","","","","","","","","","","","","","","","","","","","","","","","","","","","",""
"PAIR_DD211DF28CC43A3D2E4EC5CD","REJECT","Page 7 does not define ETFs. The only occurrence on the page is inside the Liquid Assets sentence, ""and other investment companies, including money market funds and ETFs"", which uses the abbreviation without introducing it; A's own evidence_quote proves only that the word occurs. The definition of ETFs is printed on page 2 and is already recorded there. A use of an already-defined term is not a printed definition, so no definition_context record exists here.","","","","","","","","","","","","","","","","","","","","","","","","","","","","","","","","","","","","","","","","","","","","","","",""
"PAIR_A9757E99A448608E4A32BF20","ACCEPT_A","Page-7 image prints: invest a portion of its assets in a portfolio of liquid assets (""Liquid Assets""), including cash and/or cash equivalents, liquid fixed income securities and other credit instruments, and other investment companies, including money market funds and ETFs. Term and text match the print.","","","","","","","","","","","","","","","","","","","","","","","","","","","","","","","","","","","","","","","","","","","","","","",""
"PAIR_85A1EEA8DEDC0024B05A578C","ACCEPT_A","Page-7 image prints: from a Portfolio Fund(s), often requiring a bespoke structure that may include the creation of new vehicles or securities (""Non-Traditional Secondary Investments""). Term and text match the print.","","","","","","","","","","","","","","","","","","","","","","","","","","","","","","","","","","","","","","","","","","","","","","",""
"PAIR_E8DF57DD20929EDB7FEC9BF7","ACCEPT_A","Page-7 image prints the alternative name: primary investments in newly formed Portfolio Funds (""Primary Investments"" or ""Primaries""). Primaries is a separately printed defined term, so it is its own record.","","","","","","","","","","","","","","","","","","","","","","","","","","","","","","","","","","","","","","","","","","","","","","",""
"PAIR_E3E0F888E1D7197097B66CBC","ACCEPT_A","Page-7 image prints: (iii) primary investments in newly formed Portfolio Funds (""Primary Investments"" or ""Primaries""). Term and text match the print.","","","","","","","","","","","","","","","","","","","","","","","","","","","","","","","","","","","","","","","","","","","","","","",""
"PAIR_5BA39C7166D7EB33B43E658F","ACCEPT_A","Page-7 image prints the alternative name: ""Secondary Investments"" or ""Secondaries"". Separately printed defined term, its own record.","","","","","","","","","","","","","","","","","","","","","","","","","","","","","","","","","","","","","","","","","","","","","","",""
"PAIR_AA9A0CF80DDCD922E6730D3F","ACCEPT_A","Page-7 image prints: and, together with Traditional Secondary Investments, ""Secondary Investments"" or ""Secondaries"". Term and text match the print.","","","","","","","","","","","","","","","","","","","","","","","","","","","","","","","","","","","","","","","","","","","","","","",""
"PAIR_945ED5C95863D1A416868B03","ACCEPT_A","Page-8 image prints: exposure to privately placed debt securities and other yield-oriented investments ... and other securities and instruments issued in transactions exempt from the registration requirements of the Securities Act (""Private Credit Investments""). Term and text match the print.","","","","","","","","","","","","","","","","","","","","","","","","","","","","","","","","","","","","","","","","","","","","","","",""
"PAIR_6790D55A496A763D4A1FF592","ACCEPT_A","Page-8 image prints: to maintain compliance with the requirements to qualify as a regulated investment company (a ""RIC""). Term and text match the print.","","","","","","","","","","","","","","","","","","","","","","","","","","","","","","","","","","","","","","","","","","","","","","",""
"PAIR_515CEF4E3F50578B83F9C1CD","ACCEPT_A","Page-8 image prints: the repurchase of Shares through periodic tenders by members of the Fund (""Shareholders""). Term and text match the print.","","","","","","","","","","","","","","","","","","","","","","","","","","","","","","","","","","","","","","","","","","","","","","",""
"PAIR_0B671AB6A043FBDF84AE74AA","ACCEPT_A","Page-8 image prints: through one or more wholly-owned subsidiaries (each, a ""Subsidiary"" and collectively, the ""Subsidiaries""). The plural is separately printed as a defined term, so it is its own record.","","","","","","","","","","","","","","","","","","","","","","","","","","","","","","","","","","","","","","","","","","","","","","",""
"PAIR_846511236753AF791F45FDED","ACCEPT_A","Page-8 image prints: (each, a ""Subsidiary"" and collectively, the ""Subsidiaries""). The singular is separately printed as a defined term, so it is its own record.","","","","","","","","","","","","","","","","","","","","","","","","","","","","","","","","","","","","","","","","","","","","","","",""
"","ADD","The page-8 image prints a quoted term with its meaning stated, which neither lane recorded: making commitments in an aggregate amount that exceeds the total amounts invested by Shareholders at the time of such commitment (i.e., to ""over-commit""). The i.e. gloss states the term's meaning in the same printed form as the accredited investors and interested persons definitions A recorded elsewhere, and the following sentence uses the term as defined.","2026-09-01.2","SRC421","8fbaa442a5f926fb750aba15b64a328a8a737995b1492a65e539ab39b5cc165c","PPM","05-fund-legal-docs","CORE","ADJUDICATED","definition_context","8","NARRATIVE","SUMMARY OF OFFERING TERMS","SUMMARY OF OFFERING TERMS","over-commit","","1","document","Apollo S3 Private Markets Fund","","","","","","","","","","","","","","","","","","making commitments to private market investments in an aggregate amount that exceeds the total amounts invested by Shareholders in the Fund at the time of such commitment","","","This may result in the Fund making commitments to private market investments in an aggregate amount that exceeds the total amounts invested by Shareholders in the Fund at the time of such commitment (i.e., to “over-commit”).","actual","","","","OVER_COMMIT_P8","","","",""
"PAIR_049CF83D1EAC771918AC033D","ACCEPT_A","Page-19 image prints: The Board reserves the right to accept lesser amounts below these minimums for Trustees of the Fund and employees of Apollo and its affiliates (""Apollo Employees""). Term and text match the print.","","","","","","","","","","","","","","","","","","","","","","","","","","","","","","","","","","","","","","","","","","","","","","",""
"PAIR_D03E29CCA0490F1F54677176","ACCEPT_A","Page-19 image prints, in the Distributor row of the summary table: Apollo Global Securities, LLC acts as distributor for the Shares (the ""Distributor"") and serves in that capacity on a reasonable best efforts basis, subject to various conditions. Term and text match the print; this is the page-19 occurrence, separate from the page-2 and page-4 ones.","","","","","","","","","","","","","","","","","","","","","","","","","","","","","","","","","","","","","","","","","","","","","","",""
"PAIR_82B2F108CD1FE4339BD76089","ACCEPT_A","Page-20 image prints, in the Eligible Investors row: each prospective investor in the Fund will be required to certify that it is an ""accredited investor"" within the meaning of Rule 501 under the Securities Act. The Rule 501 wording is this page's own definition and differs from the Section 501(a) of Regulation D wording on pages 3, 6 and 97, so it is its own record.","","","","","","","","","","","","","","","","","","","","","","","","","","","","","","","","","","","","","","","","","","","","","","",""
"PAIR_2F67A7DEBF7E49F7A517A000","REJECT","Page 20 does not define the Declaration of Trust. The only occurrence is a reference in a list of documents to read: the Statement of Additional Information (""SAI"") and the Declaration of Trust before deciding to invest in the Fund. A's own text_raw is the bare term Declaration of Trust, which repeats the row label and states no meaning, and no parenthetical introduces the term here. The definition is printed on page 6 and is recorded there.","","","","","","","","","","","","","","","","","","","","","","","","","","","","","","","","","","","","","","","","","","","","","","",""
"PAIR_6312CBDDF3FFD95977555E56","ACCEPT_A","Page-20 image prints: this Prospectus, the Statement of Additional Information (""SAI"") and the Declaration of Trust. Term and text match the print.","","","","","","","","","","","","","","","","","","","","","","","","","","","","","","","","","","","","","","","","","","","","","","",""
"PAIR_412EE88BFF2F294FC614587F","ACCEPT_A","Page-21 image prints: funds received from prospective investors will be placed in an account with SS&C GIDS, Inc., the Fund's transfer agent (the ""Transfer Agent""). Term and text match the print.","","","","","","","","","","","","","","","","","","","","","","","","","","","","","","","","","","","","","","","","","","","","","","",""
"PAIR_BC79044E9B93EB6DDEFC77C7","ACCEPT_A","Page-22 image prints: The Fund will operate under a dividend reinvestment plan (the ""DRIP""). Term and text match the print.","","","","","","","","","","","","","","","","","","","","","","","","","","","","","","","","","","","","","","","","","","","","","","",""
"PAIR_CB86739195555E52432188AF","ACCEPT_A","Page-22 image prints: a statement on Internal Revenue Service (""IRS"") Form 1099-DIV. Term and text match the print.","","","","","","","","","","","","","","","","","","","","","","","","","","","","","","","","","","","","","","","","","","","","","","",""
"PAIR_1098821E8C262CB8CBA6C0EE","ACCEPT_A","Page-22 image prints: which will be issued at the net asset value (""NAV"") per Share determined as of the ex-dividend date. Term and text match the print.","","","","","","","","","","","","","","","","","","","","","","","","","","","","","","","","","","","","","","","","","","","","","","",""
"PAIR_98CF83DBC51708AA2B58F010","ACCEPT_A","Page-22 image prints: administered by SS&C GIDS, Inc. (the ""Plan Agent""). Term and text match the print.","","","","","","","","","","","","","","","","","","","","","","","","","","","","","","","","","","","","","","","","","","","","","","",""
"PAIR_705101F803E00613FB926D1C","REJECT","Page 22 does not define RIC. Its only occurrence is the use A itself quotes, Because the Fund intends to qualify annually as a RIC, with no parenthetical introducing the abbreviation. The definition, a regulated investment company (a ""RIC""), is printed on page 8 and is recorded there. Same defect as the ETFs row on page 7 and the Declaration of Trust row on page 20.","","","","","","","","","","","","","","","","","","","","","","","","","","","","","","","","","","","","","","","","","","","","","","",""
"PAIR_E926773CB31B7808ED8D3257","ACCEPT_A","Page-24 image prints: the Fund and the Adviser have entered into an Administration Agreement (the ""Affiliate Administration Agreement""). Term and text match the print.","","","","","","","","","","","","","","","","","","","","","","","","","","","","","","","","","","","","","","","","","","","","","","",""
"PAIR_414053C3D1CFB73671326688","MERGE","Fees and Expenses is the printed row heading in the left column of the page-24 summary table, and B's text is the whole printed provision under it: the Fund bears certain organizational and initial offering costs, initial offering costs capitalized and amortized over the 12-month period following commencement of operations, organizational costs expensed as incurred. organizational_expense is in the PPM legal_term whitelist. A filed the same printed passage under the phrase organizational costs with only its last sentence, so B's row is published and A's is rejected as the duplicate.; Source review: p2: Apollo S3 Private Markets Fund (the “Fund”) (The prospectus explicitly defines Fund as Apollo S3 Private Markets Fund; apply that printed identity to the organizational-expense term without creating a second fund.)","2026-09-01.2","SRC421","8fbaa442a5f926fb750aba15b64a328a8a737995b1492a65e539ab39b5cc165c","PPM","05-fund-legal-docs","CORE","B","legal_term","24","NARRATIVE","SUMMARY OF OFFERING TERMS","","Fees and Expenses","","1","fund","Apollo S3 Private Markets Fund","","","","","","","","","","","","","","","","","organizational_expense","The Fund will bear certain of its organizational and initial offering costs in connection with this offering. The Fund’s initial offering costs, whether borne by the Adviser or the Fund, are being capitalized and amortized over the 12-month period following the commencement of operations. The Fund’s organizational costs are expensed as incurred.","","","The Fund will bear certain of its organizational and initial offering costs in","actual","","","","","","","",""
"PAIR_A1E68F8D6EFCA241A7039277","REJECT","Same printed passage as the Fees and Expenses row published from B. A's label, organizational costs, is a phrase inside the sentence rather than the printed heading, and its text_raw, are expensed as incurred, is a four-word fragment of that passage. One printed provision is one row, so this duplicate is rejected.","","","","","","","","","","","","","","","","","","","","","","","","","","","","","","","","","","","","","","","","","","","","","","",""
"PAIR_135D309FFF30C5F950585232","ACCEPT_A","Page-24 image prints: as set forth in its Investment Advisory and Management Agreement with the Adviser (the ""Investment Advisory and Management Agreement""). Term and text match the print.","","","","","","","","","","","","","","","","","","","","","","","","","","","","","","","","","","","","","","","","","","","","","","",""
"PAIR_F49E5682CE1E1152FFD1EDFB","MERGE","Neither lane is complete. B's text_raw is the whole printed Management Fee provision, both paragraphs, including the parenthetical (the ""Management Fee"") and the calculation, arrears and payment terms; A stopped at the first sentence and dropped the parenthetical, so B's text is taken. B blanked source_table, which the page's summary table prints, and B put the in-document abbreviation the Fund in subject_name; the entity's full printed name is Apollo S3 Private Markets Fund, so A's two fields are taken. Both lanes cited the same mid-sentence evidence fragment, replaced here with the complete printed sentence.","2026-09-01.2","SRC421","8fbaa442a5f926fb750aba15b64a328a8a737995b1492a65e539ab39b5cc165c","PPM","05-fund-legal-docs","CORE","ADJUDICATED","legal_term","24","NARRATIVE","SUMMARY OF OFFERING TERMS","SUMMARY OF OFFERING TERMS","Management Fee","","1","fund","Apollo S3 Private Markets Fund","","","","","","","","","","","","","","","","","management_fee","In consideration of the advisory services provided by the Adviser, the Fund pays the Adviser a fee of 1.50% on an annualized basis of the value of the Fund's net assets calculated and accrued monthly as of the last business day of each month and payable monthly (the ""Management Fee""). For purposes of determining the Management Fee payable to the Adviser, the value of the Fund's net assets will be calculated prior to the inclusion of the Management Fee payable to the Adviser and prior to any reduction for any fees and expenses of the Fund for that month. Purchased Shares are incorporated into the beginning of month NAV and included in the computation of the Management Fee payable. The Management Fee will be calculated before giving effect to any repurchase of Shares by the Fund or any distributions by the Fund. The Management Fee will be payable in arrears within 5 business days after the completion of the NAV computation for the month. The Management Fee is paid to the Adviser out of the Fund's assets, and therefore decreases the net profits or increases the net losses of the Fund.","","","In consideration of the advisory services provided by the Adviser, the Fund pays ........................................................................... the Adviser a fee of 1.50% on an annualized basis of the value of the Fund’s net assets calculated and accrued monthly as of the last business day of each month and payable monthly (the “Management Fee”).","actual","","","","","","","",""
"PAIR_BD4007E040105FCA8BDA1119","ACCEPT_A","Page-24 image prints: For purposes of the Investment Advisory and Management Agreement, net assets means the Fund's total assets less liabilities determined on a consolidated basis in accordance with GAAP. A printed definition; term and text match.","","","","","","","","","","","","","","","","","","","","","","","","","","","","","","","","","","","","","","","","","","","","","","",""
"PAIR_8AEF872C9BD79AFDC5CF3BD1","ACCEPT_A","Page-25 image prints: Class S2 Shares are subject to an ongoing distribution and shareholder servicing fee (the ""Distribution and Servicing Fee"") at an annual rate of 0.85%. Term and text match the print.","","","","","","","","","","","","","","","","","","","","","","","","","","","","","","","","","","","","","","","","","","","","","","",""
"PAIR_5D097747768A17FC2D30EC3A","ACCEPT_A","Page-25 image prints the collective definition: excluding the Management Fee, any Distribution and Servicing Fee ... and extraordinary expenses, if any; collectively, the ""Excluded Expenses"". A's text lists the printed members of the definition.","","","","","","","","","","","","","","","","","","","","","","","","","","","","","","","","","","","","","","","","","","","","","","",""
"PAIR_41D987667A4D7547FFA11627","ACCEPT_A","Page-25 image prints: The Expense Limitation Agreement may be extended for additional one-year periods with the consent of the Adviser and the Fund. term_extension is in the PPM legal_term whitelist and the printed sentence is the extension provision. The agreement's defined term is introduced on the same page under the same row label, so it is the same physical cell and cannot carry a second row.","","","","","","","","","","","","","","","","","","","","","","","","","","","","","","","","","","","","","","","","","","","","","","",""
"PAIR_6F9CD4BB1A6BA65FDA351210","MERGE","The definition is printed on page 26 but A recorded it wrongly on two counts. Its text_raw, out-of-pocket expenses, drops half of what the printed parenthetical defines: the Administration Fee is the compensation for the Administrator's services and the reimbursement of certain out-of-pocket expenses. Its evidence_quote, The Administration Fee is paid to, is the following sentence and proves only that the term occurs, not the definition. Both are corrected from the page image.","2026-09-01.2","SRC421","8fbaa442a5f926fb750aba15b64a328a8a737995b1492a65e539ab39b5cc165c","PPM","05-fund-legal-docs","CORE","ADJUDICATED","definition_context","26","NARRATIVE","SUMMARY OF OFFERING TERMS","SUMMARY OF OFFERING TERMS","Administration Fee","","1","document","Apollo S3 Private Markets Fund","","","","","","","","","","","","","","","","","","compensation of the Administrator for its administrative services and reimbursement of the Administrator for certain out-of-pocket expenses","","","The Fund compensates the Administrator for these services and reimburses the Administrator for certain out- of-pocket expenses (the “Administration Fee”).","actual","","","","ADMINISTRATION_FEE_P26","","","",""
"PAIR_3C300F11C21D768EF2C97455","ACCEPT_A","Page-26 image prints: State Street Bank and Trust Company (the ""Administrator"") serves as the Fund's administrator. Term and text match the print.","","","","","","","","","","","","","","","","","","","","","","","","","","","","","","","","","","","","","","","","","","","","","","",""
"PAIR_8A1F12AA4DC0083CB84B1066","MERGE","The definition is printed in the first paragraph of page 26 and A read it correctly, but A stamped definition_keys DISTRIBUTION_AND_SERVICING_PLAN_P25 on a page-26 row, so the marker names the wrong page under A's own naming scheme. The record is republished with the key corrected and a complete printed evidence sentence.","2026-09-01.2","SRC421","8fbaa442a5f926fb750aba15b64a328a8a737995b1492a65e539ab39b5cc165c","PPM","05-fund-legal-docs","CORE","ADJUDICATED","definition_context","26","NARRATIVE","SUMMARY OF OFFERING TERMS","SUMMARY OF OFFERING TERMS","Distribution and Servicing Plan","","1","document","Apollo S3 Private Markets Fund","","","","","","","","","","","","","","","","","","distribution and servicing plan for its Class S2 Shares","","","Fund has adopted a distribution and servicing plan for its Class S2 Shares (the “Distribution and Servicing Plan”) and pays the Distribution and Servicing Fee with respect to its Class S2.","actual","","","","DISTRIBUTION_AND_SERVICING_PLAN_P26","","","",""
"PAIR_52BDB3235C203D1DEF6DFD22","ACCEPT_A","Page-26 image prints: A Shareholder may assign, transfer, sell, encumber, pledge or otherwise dispose of (each, a ""transfer"") Shares only (i) by operation of law. Term and text match the print. The transfer restriction itself is a legal_clause category, which PPM scope does not allow, so only the printed definition is recorded.","","","","","","","","","","","","","","","","","","","","","","","","","","","","","","","","","","","","","","","","","","","","","","",""
"PAIR_57B88DA13E46A69FBDA5E9E1","ACCEPT_A","Both lanes read the printed sentence identically: The Fund's term is perpetual unless the Fund is otherwise terminated under the terms of the Declaration of Trust, filed as legal_term / fund_term. The conflict is only in two context fields and A is right on both. Term is the printed row heading of the page-27 summary table, so source_table SUMMARY OF OFFERING TERMS is printed and B's blank is wrong; and subject_name takes the entity's full printed name, Apollo S3 Private Markets Fund, not the in-document abbreviation the Fund that B used.","","","","","","","","","","","","","","","","","","","","","","","","","","","","","","","","","","","","","","","","","","","","","","",""
"PAIR_EFE92A5AA43D1684F0F32E19","ACCEPT_A","Page-28 image prints: State Street Bank and Trust Company serves as the Fund's custodian (the ""Custodian""). Term and text match the print.","","","","","","","","","","","","","","","","","","","","","","","","","","","","","","","","","","","","","","","","","","","","","","",""
"PAIR_0CBD836363CE1180AD2A9783","ACCEPT_A","Page-28 image prints: Investors subject to the Employee Retirement Income Security Act of 1974, as amended (""ERISA""). Term and text match the print.","","","","","","","","","","","","","","","","","","","","","","","","","","","","","","","","","","","","","","","","","","","","","","",""
"PAIR_F06E2DA4E8357BC0E464D44D","ACCEPT_A","Transfer Agent is the printed row heading in the left column of the page-28 summary table and its printed answer is SS&C GIDS, Inc. serves as the Fund's transfer agent. The label is the printed heading, as rule 20 requires, and the text is the row's printed content. This is the page-28 occurrence, separate from the page-21 parenthetical.","","","","","","","","","","","","","","","","","","","","","","","","","","","","","","","","","","","","","","","","","","","","","","",""
"PAIR_87C3602E3DB1990D496FFBAD","ACCEPT_B","Footnote (1) on the page-29 image annotates the printed fee-table line Maximum Sales Load, and B labels the row with that printed line and puts the marker 1 in definition_keys, which is the convention already settled for this document's page-2 fee table. B's text is the whole printed footnote, including the transaction-fee sentences A dropped.","","","","","","","","","","","","","","","","","","","","","","","","","","","","","","","","","","","","","","","","","","","","","","",""
"PAIR_82BC856C30CE4271DCE49320","REJECT","Same printed footnote (1) as the Maximum Sales Load row published from B. A labels it with the bare marker 1, which is not the printed line the footnote annotates, and its text stops before the last three printed sentences. One printed footnote is one row, so this duplicate is rejected.","","","","","","","","","","","","","","","","","","","","","","","","","","","","","","","","","","","","","","","","","","","","","","",""
"PAIR_D0CF31635D08B814CA2DF431","ACCEPT_B","The two lanes filed different printed passages under the same row label. B's side is footnote (2), which annotates the Management Fee line of the Estimated Annual Operating Expenses table and states the 1.50% annualized fee on the Fund's net assets; that is what a row labelled Management Fee holds. A's side carries text from footnote (4), the 0.75% to 1.50% range the Portfolio Funds charge, which is not this Fund's management fee and does not belong under this label. B is source-correct.","","","","","","","","","","","","","","","","","","","","","","","","","","","","","","","","","","","","","","","","","","","","","","",""
"PAIR_3A0CA108D8982877C8D2C585","REJECT","Same printed footnote (2) as the Management Fee footnote row published from B, filed by A under the bare marker 2. One printed footnote is one row.","","","","","","","","","","","","","","","","","","","","","","","","","","","","","","","","","","","","","","","","","","","","","","",""
"PAIR_05902C4E483690DEAD9DA326","ACCEPT_B","Footnote (3) annotates the printed Other Expenses line. B labels the row with that printed line, keeps the marker in definition_keys, and includes the final printed sentence giving the estimation basis, the fiscal year ending March 31, 2026, which A dropped.","","","","","","","","","","","","","","","","","","","","","","","","","","","","","","","","","","","","","","","","","","","","","","",""
"PAIR_361310864342608B40C3176B","REJECT","Same printed footnote (3) as the Other Expenses row published from B, filed by A under the bare marker 3 and without the estimation-basis sentence. One printed footnote is one row.","","","","","","","","","","","","","","","","","","","","","","","","","","","","","","","","","","","","","","","","","","","","","","",""
"PAIR_A77A2801C59D41F901878BAE","ACCEPT_B","Footnote (4) annotates the printed Acquired Fund Fees and Expenses line and runs from page 29 onto page 30. B labels the row with that printed line and its text carries the whole footnote, including the page-30 continuation on historic returns and the estimated annualized amounts for the fiscal year ending March 31, 2026. A's text stops at the page break.","","","","","","","","","","","","","","","","","","","","","","","","","","","","","","","","","","","","","","","","","","","","","","",""
"PAIR_E5E4C57B157F3FF3A57E3595","REJECT","Same printed footnote (4) as the Acquired Fund Fees and Expenses row published from B, filed by A under the bare marker 4 and truncated at the page break. One printed footnote is one row.","","","","","","","","","","","","","","","","","","","","","","","","","","","","","","","","","","","","","","","","","","","","","","",""
"PAIR_C524505C701A4432FEF74783","REJECT","This is a third record of printed footnote (4), which is already published in full. The sentence A cites states what the Portfolio Funds generally charge, between 10% and 20% of net profits as a carried interest allocation, so it is neither a term of this Fund nor charged to it; the page-29 fee table shows the Fund itself charges no incentive fee. A also stamped subject_name Apollo S3 Private Markets Fund, which attributes the Portfolio Funds' carry to the Fund. A range printed inside a footnote stays that footnote's text.","","","","","","","","","","","","","","","","","","","","","","","","","","","","","","","","","","","","","","","","","","","","","","",""
"PAIR_25EE53423A114700962F71F7","REJECT","A fourth record of printed footnote (4), from its closing words subject to a clawback. The clawback described is the Portfolio Funds', not this Fund's, and A again names Apollo S3 Private Markets Fund as the subject. The footnote is published once, under the printed line it annotates.","","","","","","","","","","","","","","","","","","","","","","","","","","","","","","","","","","","","","","","","","","","","","","",""
"PAIR_5C57B022E1D5A3135846F496","MERGE","Neither lane is complete on the printed Class I2 cell. B is right on the label and the table: extraction rule 3 drops the footnote marker from Management Fee(2) into definition_keys, and the printed table title is Estimated Annual Operating Expenses, which A replaced with the page's section heading. A is right on the value and the subject: B's text_raw repeats the row label, and B's subject_type fee_scope is not a controlled value while the share class is already carried in source_column_label. The published row takes B's label, table and key with A's 1.50% and fund subject.","2026-09-01.2","SRC421","8fbaa442a5f926fb750aba15b64a328a8a737995b1492a65e539ab39b5cc165c","PPM","05-fund-legal-docs","CORE","ADJUDICATED","legal_term","29","TABLE","SUMMARY OF FEES AND EXPENSES","Estimated Annual Operating Expenses","Management Fee","Class I2 Shares","1","fund","Apollo S3 Private Markets Fund","","","","","","","","","","","","","","","","","management_fee","1.50%","","","Management Fee(2) .............................................................................................. 1.50% 1.50%","actual","","","","2","","","",""
"PAIR_F4A5DDA014870CC3AC61E8DA","MERGE","The printed Class S2 cell of the same Management Fee row, settled the same way: B's printed line label, printed table title and footnote marker in definition_keys, with A's 1.50% value and fund subject. The two class columns are separate printed cells and each keeps its own row.","2026-09-01.2","SRC421","8fbaa442a5f926fb750aba15b64a328a8a737995b1492a65e539ab39b5cc165c","PPM","05-fund-legal-docs","CORE","ADJUDICATED","legal_term","29","TABLE","SUMMARY OF FEES AND EXPENSES","Estimated Annual Operating Expenses","Management Fee","Class S2 Shares","1","fund","Apollo S3 Private Markets Fund","","","","","","","","","","","","","","","","","management_fee","1.50%","","","Management Fee(2) .............................................................................................. 1.50% 1.50%","actual","","","","2","","","",""
"","ADD","Neither lane recorded the printed methodology note above the fee tables, which states the basis of every percentage in them: estimated expenses for the fiscal year ending March 31, 2026 and an assumed net asset level. A stated basis for a table is a methodology note and therefore a definition_context record. The note carries no printed term of its own, so it takes the printed heading that governs it. The figure is transcribed as printed, including the document's own $825,000,000 million wording.","2026-09-01.2","SRC421","8fbaa442a5f926fb750aba15b64a328a8a737995b1492a65e539ab39b5cc165c","PPM","05-fund-legal-docs","CORE","ADJUDICATED","definition_context","29","NARRATIVE","SUMMARY OF FEES AND EXPENSES","SUMMARY OF FEES AND EXPENSES","SUMMARY OF FEES AND EXPENSES","","1","document","Apollo S3 Private Markets Fund","","","","","","","","","","","","","","","","","","The fee table below is intended to assist Shareholders in understanding the various costs and expenses that the Fund expects to incur, and that Shareholders can expect to bear, by investing in the Fund. This fee table is based on estimated expenses of the Fund for the fiscal year ending March 31, 2026, and assumes that the Fund has net assets of $825,000,000 million as of such date.","","","This fee table is based on estimated expenses of the Fund for the fiscal year ending March 31, 2026, and assumes that the Fund has net assets of $825,000,000 million as of such date.","actual","","","","FEE_TABLE_BASIS_P29","","","",""
"PAIR_E0D81D4C1E3F54BD9A7359AC","ACCEPT_B","Footnote (5) on the page-30 image annotates the printed Interest Payments on Borrowed Funds line. B labels the row with that printed line and keeps the marker in definition_keys, the convention settled on page 2. Both lanes read the same single printed sentence.","","","","","","","","","","","","","","","","","","","","","","","","","","","","","","","","","","","","","","","","","","","","","","",""
"PAIR_698CBAD0B8648ABA493B5F12","REJECT","Same printed footnote (5) as the Interest Payments on Borrowed Funds row published from B, filed by A under the bare marker 5. One printed footnote is one row.","","","","","","","","","","","","","","","","","","","","","","","","","","","","","","","","","","","","","","","","","","","","","","",""
"PAIR_049421993ECA2989CDC61494","ACCEPT_B","Footnote (6) annotates the printed Fee Waiver and/or Expense Reimbursement line. B labels the row with that printed line and its text is the whole printed footnote: the Excluded Expenses definition, the 0.50% per annum cap, the thirty-six month repayment window, the initial one-year term and the continuance through at least April 30, 2026. A's text stops at the 0.50% cap and also drops the printed parenthetical for borrowing and structuring costs and the collective term Excluded Expenses.","","","","","","","","","","","","","","","","","","","","","","","","","","","","","","","","","","","","","","","","","","","","","","",""
"PAIR_05D96B490C3D3A4B2C0A45CA","REJECT","Same printed footnote (6) as the Fee Waiver and/or Expense Reimbursement row published from B, filed by A under the bare marker 6 and truncated at roughly a third of the printed footnote. One printed footnote is one row.","","","","","","","","","","","","","","","","","","","","","","","","","","","","","","","","","","","","","","","","","","","","","","",""
"","ADD","Neither lane recorded the printed assumptions note governing the expense examples, which states that distributions are reinvested at NAV, that the annual expense percentages hold, how the fee waiver is applied, and that the 5% annual return is an SEC-required assumption and not a prediction. That is a methodology note and therefore a definition_context record. It carries no printed term of its own, so it takes the printed heading that governs it.","2026-09-01.2","SRC421","8fbaa442a5f926fb750aba15b64a328a8a737995b1492a65e539ab39b5cc165c","PPM","05-fund-legal-docs","CORE","ADJUDICATED","definition_context","30","NARRATIVE","SUMMARY OF FEES AND EXPENSES","SUMMARY OF FEES AND EXPENSES","SUMMARY OF FEES AND EXPENSES","","1","document","Apollo S3 Private Markets Fund","","","","","","","","","","","","","","","","","","The following examples are intended to help you compare the cost of investing in the Fund with the cost of investing in other funds. The examples assume that all distributions are reinvested at NAV and that the percentage amounts listed under Annual Expenses remain the same (except that the examples incorporate the fee waiver and expense reimbursement arrangements from the Expense Limitation Agreement for only the one-year example and the first year of the three-, five- and ten-year examples). The examples also assume that the Fund's annual operating expenses, organizational expenses and offering expenses remain at the levels in the table above, except to reduce annual expenses upon completion of organization and offering expenses. The assumption in the hypothetical example of a 5% annual return is required by regulation of the SEC and applicable to all registered investment companies. The assumed 5% annual return is not a prediction of, and does not represent, the projected or actual performance of the Fund.","","","The assumption in the hypothetical example of a 5% annual return is required by regulation of the SEC and applicable to all registered investment companies. The assumed 5% annual return is not a prediction of, and does not represent, the projected or actual performance of the Fund.","actual","","","","EXPENSE_EXAMPLE_BASIS_P30","","","",""
"PAIR_266B09D1A4522805BF44A133","ACCEPT_A","Both lanes read the same printed sentence in THE FUND section on page 33, so one row is published, not two. A's label Term names the provision and is the printed name the document itself gives it in the page-27 summary; B's label is the clause's opening words, The Fund's term, which extraction rule 20 forbids. A also carries the printed section heading in source_table and the full printed fund name, both of which B blanked or abbreviated.","","","","","","","","","","","","","","","","","","","","","","","","","","","","","","","","","","","","","","","","","","","","","","",""
"PAIR_F26AEAC358181D63AA08FBAD","REJECT","Same printed sentence as the Term row published from A, filed under the clause's opening words. One printed provision is one row.","","","","","","","","","","","","","","","","","","","","","","","","","","","","","","","","","","","","","","","","","","","","","","",""
"PAIR_97CE2B80548BC60E78DB0573","ACCEPT_A","Page-35 image prints: (ii) direct or indirect investments in the equity and/or credit of private companies, alongside private market funds and/or other private market firms (""Co-Investments""). This is the page-35 occurrence, separate from page 7.","","","","","","","","","","","","","","","","","","","","","","","","","","","","","","","","","","","","","","","","","","","","","","",""
"PAIR_A3F56DD55774D9C3E86AA451","REJECT","Page 35 does not define ETFs. Its only occurrence is inside the Liquid Assets sentence, and other investment companies, including money market funds and ETFs, which A itself quotes; the sentence says nothing about what an ETF is. The definition is printed on page 2 and recorded there. Same defect as A's page-7 ETFs row.","","","","","","","","","","","","","","","","","","","","","","","","","","","","","","","","","","","","","","","","","","","","","","",""
"PAIR_7BC1022C9679674F80864207","ACCEPT_A","Page 35 restates what the term covers: invest a portion of its assets in a portfolio of Liquid Assets, including cash and/or cash equivalents, liquid fixed income securities and other credit instruments, and other investment companies, including money market funds and ETFs. The sentence enumerates the contents of Liquid Assets, so it states the term's meaning rather than merely using it.","","","","","","","","","","","","","","","","","","","","","","","","","","","","","","","","","","","","","","","","","","","","","","",""
"PAIR_DA7267B07ED3FA003554C756","ACCEPT_A","Page-35 image prints: often requiring a bespoke structure that may include the creation of new vehicles or securities (""Non-Traditional Secondary Investments""). Page-35 occurrence.","","","","","","","","","","","","","","","","","","","","","","","","","","","","","","","","","","","","","","","","","","","","","","",""
"PAIR_3F4C9E887C08922AD80EECAC","ACCEPT_A","Page-35 image prints: investments in private markets funds managed by various unaffiliated asset managers (""Portfolio Funds""). Page-35 occurrence.","","","","","","","","","","","","","","","","","","","","","","","","","","","","","","","","","","","","","","","","","","","","","","",""
"PAIR_7F09C1295BC79AE092298828","ACCEPT_A","Page-35 image prints the alternative name: (""Primary Investments"" or ""Primaries""). Separately printed defined term, its own record.","","","","","","","","","","","","","","","","","","","","","","","","","","","","","","","","","","","","","","","","","","","","","","",""
"PAIR_C5ECF9BF738222A1A46BEDC4","ACCEPT_A","Page-35 image prints: (iii) primary investments in newly formed Portfolio Funds (""Primary Investments"" or ""Primaries""). Page-35 occurrence.","","","","","","","","","","","","","","","","","","","","","","","","","","","","","","","","","","","","","","","","","","","","","","",""
"PAIR_1B2784AA61F11BB590012A09","ACCEPT_A","Page-35 image prints: an actively managed portfolio of private equity, private credit and other private assets (collectively, ""private market investments""). Page-35 occurrence.","","","","","","","","","","","","","","","","","","","","","","","","","","","","","","","","","","","","","","","","","","","","","","",""
"PAIR_D55CCFDC209AF03F20CD578E","ACCEPT_A","Page-35 image prints the alternative name: ""Secondary Investments"" or ""Secondaries"". Separately printed defined term, its own record.","","","","","","","","","","","","","","","","","","","","","","","","","","","","","","","","","","","","","","","","","","","","","","",""
"PAIR_C30A3D87F4369EECE1E17D63","ACCEPT_A","Page-35 image prints: and, together with Traditional Secondary Investments, ""Secondary Investments"" or ""Secondaries"". Page-35 occurrence.","","","","","","","","","","","","","","","","","","","","","","","","","","","","","","","","","","","","","","","","","","","","","","",""
"PAIR_FFA056CBDBDEABECCE149314","ACCEPT_A","Page-35 image prints: (a) from pre-existing investors in these Portfolio Funds (""Traditional Secondary Investments""). Page-35 occurrence.","","","","","","","","","","","","","","","","","","","","","","","","","","","","","","","","","","","","","","","","","","","","","","",""
"PAIR_46E51F048DEFC6A050F6504B","ACCEPT_A","Page-36 image prints: other securities and instruments issued in transactions exempt from the registration requirements of the Securities Act (""Private Credit Investments""). Page-36 occurrence.","","","","","","","","","","","","","","","","","","","","","","","","","","","","","","","","","","","","","","","","","","","","","","",""
"PAIR_3338D4029B8D9AD304F56627","ACCEPT_A","Page-36 image prints: to maintain compliance with the requirements to qualify as regulated investment company (a ""RIC""). Page-36 occurrence, and unlike the page-22 row this page does introduce the abbreviation.","","","","","","","","","","","","","","","","","","","","","","","","","","","","","","","","","","","","","","","","","","","","","","",""
"","ADD","Page 36 reprints the Over-Commitments paragraph, including the quoted term with its meaning stated, (i.e., to ""over-commit""), which neither lane recorded. Each page's printed occurrence is its own record in this document, the convention A applies to RIC on pages 8 and 36 and to SEC on pages 3 and 6.","2026-09-01.2","SRC421","8fbaa442a5f926fb750aba15b64a328a8a737995b1492a65e539ab39b5cc165c","PPM","05-fund-legal-docs","CORE","ADJUDICATED","definition_context","36","NARRATIVE","INVESTMENT OBJECTIVE AND STRATEGY","INVESTMENT OBJECTIVE AND STRATEGY","over-commit","","1","document","Apollo S3 Private Markets Fund","","","","","","","","","","","","","","","","","","making commitments to private market investments in an aggregate amount that exceeds the total amounts invested by Shareholders in the Fund at the time of such commitment","","","This may result in the Fund making commitments to private market investments in an aggregate amount that exceeds the total amounts invested by Shareholders in the Fund at the time of such commitment (i.e., to “over-commit”).","actual","","","","OVER_COMMIT_P36","","","",""
"PAIR_98F46C71C9CA4B68D7B3AEF0","ACCEPT_A","Page-37 image prints the underlined defined term and its meaning: Private Credit: Encompasses a range of investments primarily in the form of senior debt securities and loans issued by privately-held companies predominantly backed by private market sponsors. Term and text match the print.","","","","","","","","","","","","","","","","","","","","","","","","","","","","","","","","","","","","","","","","","","","","","","",""
"PAIR_D0B1A1BBE96279E32BD499B2","ACCEPT_A","Page-37 image prints: Private Equity: Encompasses buyout and growth investments that provide equity capital to private companies in support of business growth strategies or fundamental value creation and strategic business improvement. Term and text match the print.","","","","","","","","","","","","","","","","","","","","","","","","","","","","","","","","","","","","","","","","","","","","","","",""
"PAIR_2871B8DA1F8BB335487AA05D","ACCEPT_A","Page-37 image prints the gloss: vintage years (i.e., the year in which a Portfolio Fund begins investing or the year in which an underlying investment in a Portfolio Fund is made). Term and text match the print.","","","","","","","","","","","","","","","","","","","","","","","","","","","","","","","","","","","","","","","","","","","","","","",""
"","ADD","The page-37 image prints a parenthetical defined term neither lane recorded: the investment committee and a team of experienced investment professionals within the S3 business (the ""Fund Investment Team""). It is the same printed form as the definitions A recorded throughout the document, and the following sentences use the term as defined.","2026-09-01.2","SRC421","8fbaa442a5f926fb750aba15b64a328a8a737995b1492a65e539ab39b5cc165c","PPM","05-fund-legal-docs","CORE","ADJUDICATED","definition_context","37","NARRATIVE","INVESTMENT OBJECTIVE AND STRATEGY","Investment Selection and Diligence","Fund Investment Team","","1","document","Apollo S3 Private Markets Fund","","","","","","","","","","","","","","","","","","the investment committee and a team of experienced investment professionals within the S3 business","","","S3, through the Adviser, sources and screens hundreds of potential transactions annually, and the investment committee and a team of experienced investment professionals within the S3 business (the “Fund Investment Team”) meets regularly to discuss the investment pipeline and potential investment opportunities.","actual","","","","FUND_INVESTMENT_TEAM_P37","","","",""
"PAIR_82F1F4F6A5CFA5DAD800EE8A","ACCEPT_A","Page-47 image prints: This may result in the Fund making commitments to Portfolio Funds in an aggregate amount that exceeds the total amounts invested by Shareholders in the Fund at the time of such commitment (i.e., to ""over-commit""). A's text_raw matches this page's wording, which says Portfolio Funds where pages 8 and 36 say private market investments, so it is this page's own printed occurrence.","","","","","","","","","","","","","","","","","","","","","","","","","","","","","","","","","","","","","","","","","","","","","","",""
"PAIR_CBB0DA94494D921C89996D29","ACCEPT_A","Page-56 image prints: The Fund is classified as a ""non-diversified"" investment company for purposes of the 1940 Act, which means it is not subject to percentage limitations under the 1940 Act on assets that may be invested in the securities of any one issuer. The which means clause states the term's meaning, so it is a printed definition.","","","","","","","","","","","","","","","","","","","","","","","","","","","","","","","","","","","","","","","","","","","","","","",""
"PAIR_EE0130EE7FC5EDD04F5E852C","ACCEPT_A","Page-56 image prints: The Fund is subject to valuation risk, which is the risk that one or more of the securities in which the Fund invests are valued at prices that the Fund is unable to obtain upon sale. A's text is the defining clause; the list of causes that follows it on the page qualifies the same definition and does not make a second record.","","","","","","","","","","","","","","","","","","","","","","","","","","","","","","","","","","","","","","","","","","","","","","",""
"PAIR_0085A8BEB8B729190CECC5C1","ACCEPT_A","Page-61 image prints: the exit or potential exit of one or more countries from the European Union (""EU""). Term and text match the print.","","","","","","","","","","","","","","","","","","","","","","","","","","","","","","","","","","","","","","","","","","","","","","",""
"PAIR_2A2013076AC311938A893668","ACCEPT_A","Page-62 image prints: as evidenced by the bank run on the Silicon Valley Bank (SVB) Financial Group (""SVB"") causing it to be placed into receivership. Term and text match the print, including the inner (SVB) that is part of the printed company name.","","","","","","","","","","","","","","","","","","","","","","","","","","","","","","","","","","","","","","","","","","","","","","",""
"PAIR_28C767451D1D8DD0B60BB5B6","ACCEPT_A","Page-63 image prints: On January 1, 2021, a free trade agreement agreed between the UK and EU (the ""FTA"") came into force. Term and text match the print.","","","","","","","","","","","","","","","","","","","","","","","","","","","","","","","","","","","","","","","","","","","","","","",""
"PAIR_D7E810565064E7340C048BD5","ACCEPT_A","Page-63 image prints: The United Kingdom (""UK"") ceased to be a member of the EU on January 31, 2020. Term and text match the print.","","","","","","","","","","","","","","","","","","","","","","","","","","","","","","","","","","","","","","","","","","","","","","",""
"PAIR_B76F7093EE3AB04DACF20BE0","ACCEPT_A","Page-66 image prints the indemnification provision closing with (each such person, an ""Indemnitee""), and A's text_raw carries both printed limbs, the present or former Trustee or officer and the person serving at the Fund's request in another enterprise. Term and text match the print.","","","","","","","","","","","","","","","","","","","","","","","","","","","","","","","","","","","","","","","","","","","","","","",""
"","ADD","Correction to this shard's own earlier page-28 ruling. Page 72 prints a ""required majority"" (as defined in Section 57(o) of the 1940 Act) and that row is published, as are interested persons (as defined in the 1940 Act) on page 6 and accredited investor within the meaning of Rule 501 on page 20. A term printed with the source of its meaning is therefore a definition_context record throughout this document, and page 28 prints the same form twice. The first is added here.","2026-09-01.2","SRC421","8fbaa442a5f926fb750aba15b64a328a8a737995b1492a65e539ab39b5cc165c","PPM","05-fund-legal-docs","CORE","ADJUDICATED","definition_context","28","NARRATIVE","SUMMARY OF OFFERING TERMS","SUMMARY OF OFFERING TERMS","fiduciary","","1","document","Apollo S3 Private Markets Fund","","","","","","","","","","","","","","","","","","fiduciary within the meaning of ERISA","","","Thus, it is not intended that the Adviser will be a “fiduciary” within the meaning of ERISA with respect to the assets of any “benefit plan investor” within the meaning of ERISA that becomes a Shareholder, solely as a result of the Shareholder’s investment in the Fund.","actual","","","","FIDUCIARY_P28","","","",""
"","ADD","The second page-28 term printed with the source of its meaning, benefit plan investor within the meaning of ERISA, added for the same reason. The third quoted phrase on that page, plan assets, is not added: the page attaches no defining source to it and states only that the Fund's underlying assets will not be considered plan assets.","2026-09-01.2","SRC421","8fbaa442a5f926fb750aba15b64a328a8a737995b1492a65e539ab39b5cc165c","PPM","05-fund-legal-docs","CORE","ADJUDICATED","definition_context","28","NARRATIVE","SUMMARY OF OFFERING TERMS","SUMMARY OF OFFERING TERMS","benefit plan investor","","1","document","Apollo S3 Private Markets Fund","","","","","","","","","","","","","","","","","","benefit plan investor within the meaning of ERISA","","","Thus, it is not intended that the Adviser will be a “fiduciary” within the meaning of ERISA with respect to the assets of any “benefit plan investor” within the meaning of ERISA that becomes a Shareholder, solely as a result of the Shareholder’s investment in the Fund.","actual","","","","BENEFIT_PLAN_INVESTOR_P28","","","",""
"PAIR_EBA3669599ED55D53E12694A","ACCEPT_A","Page-70 image prints: the allocations committee of Apollo Global Management, Inc. (""AGM"" and such committee, the ""AGM Allocations Committee""). Term and text match the print.","","","","","","","","","","","","","","","","","","","","","","","","","","","","","","","","","","","","","","","","","","","","","","",""
"PAIR_3C6429F97545373CDE4C272D","ACCEPT_A","Page-70 image prints the second half of the same parenthetical, and such committee, the ""AGM Allocations Committee"". A separately printed defined term, so it is its own record.","","","","","","","","","","","","","","","","","","","","","","","","","","","","","","","","","","","","","","","","","","","","","","",""
"PAIR_A66CDE05E39AF3F2A1CEBE70","ACCEPT_A","Page-70 image prints: other investment funds, partnerships, limited liability companies, corporations or similar investment vehicles ... or in a similar capacity (collectively, including the Fund, ""Apollo Clients""). A's text carries the whole printed enumeration.","","","","","","","","","","","","","","","","","","","","","","","","","","","","","","","","","","","","","","","","","","","","","","",""
"PAIR_79DB528F4EEBEDD3F86DB9BB","ACCEPT_A","Page-71 image prints: the actions taken by subcommittees to the AGM Allocations Committee (the ""Allocations Sub-Committees""). Term and text match the print.","","","","","","","","","","","","","","","","","","","","","","","","","","","","","","","","","","","","","","","","","","","","","","",""
"PAIR_3CF650DD7BD2DC44D842832D","ACCEPT_A","Page-72 image prints, in The Exemptive Order paragraph: an exemptive order from the SEC ... subject to the conditions included therein (the ""Order""). Term and text match the print.","","","","","","","","","","","","","","","","","","","","","","","","","","","","","","","","","","","","","","","","","","","","","","",""
"PAIR_89356528597D3ABD103DA7AF","ACCEPT_A","Page-72 image prints: Under the terms of the Order, a ""required majority"" (as defined in Section 57(o) of the 1940 Act) of the Fund's Independent Trustees must be able to reach certain conclusions. The term is printed with the source of its meaning, the same form as interested persons on page 6.","","","","","","","","","","","","","","","","","","","","","","","","","","","","","","","","","","","","","","","","","","","","","","",""
"PAIR_8F8DCD9F759E4548D648BD92","ACCEPT_A","Page-73 image prints: (and for this purpose, any such portfolio company that is providing such services could be considered an Affiliated Service Provider for purpose of the governing documents). The parenthetical states which entity falls under the capitalized term, so it is a printed definition, and A's text names that entity.","","","","","","","","","","","","","","","","","","","","","","","","","","","","","","","","","","","","","","","","","","","","","","",""
"PAIR_C6E9C7491BA497A02EA4EFBF","ACCEPT_A","Page-79 image prints: Apollo maintains a code of ethics (the ""Code of Ethics""). Term and text match the print.","","","","","","","","","","","","","","","","","","","","","","","","","","","","","","","","","","","","","","","","","","","","","","",""
"PAIR_1434884B7B3D955423A892CB","ACCEPT_A","Page-79 image prints: Apollo has established a ""one-way"" information barrier policy (""S3 Information Barrier Policy""). Term and text match the print, including the printed quotation marks around one-way.","","","","","","","","","","","","","","","","","","","","","","","","","","","","","","","","","","","","","","","","","","","","","","",""
"PAIR_518D25059AD0FBE9987A161B","ACCEPT_A","Page-82 image prints: Apollo Global Funding, LLC (""AGF"") is a subsidiary of Apollo and an affiliate of AGS. Term and text match the print.","","","","","","","","","","","","","","","","","","","","","","","","","","","","","","","","","","","","","","","","","","","","","","",""
"PAIR_DB73893FD0ACB3F6233DFBAE","ACCEPT_A","Page-82 image prints: Apollo Global Securities, LLC (""AGS""), an affiliate of Apollo, which is a broker-dealer registered with the SEC. Term and text match the print.","","","","","","","","","","","","","","","","","","","","","","","","","","","","","","","","","","","","","","","","","","","","","","",""
"PAIR_8293F071F89070A087A25558","ACCEPT_A","Page-82 image prints: such as MidCap Financial Services, LLC (together with its subsidiaries, ""MidCap""). A's text keeps the printed together with its subsidiaries scope.","","","","","","","","","","","","","","","","","","","","","","","","","","","","","","","","","","","","","","","","","","","","","","",""
"PAIR_6CB82AE316EC127EC2389471","ACCEPT_A","Page-85 image prints the italic heading Fees Paid to Apollo and, under it, the whole provision A recorded verbatim: certain fees received by the Adviser will not be applied to reduce management fees and a portion will be retained by the Adviser or its affiliates or employees. The provision governs whether fees offset the management fee, which is the fee_offset category, and the label is the printed heading.","","","","","","","","","","","","","","","","","","","","","","","","","","","","","","","","","","","","","","","","","","","","","","",""
"PAIR_62233D3897C2AA39EE8AC602","ACCEPT_A","Page-86 image prints: Athene Holding Ltd. (together with its subsidiaries, ""Athene"") is a retirement services company that issues, reinsures and acquires retirement savings products designed for individuals and institutions seeking to fund retirement needs. Term and text match the print.","","","","","","","","","","","","","","","","","","","","","","","","","","","","","","","","","","","","","","","","","","","","","","",""
"PAIR_882377A5D40908928EE3550A","ACCEPT_A","Page-86 image prints: Athora Holding Ltd. is a strategic platform that acquires or reinsures blocks of insurance business in the German and broader European life insurance market (together with its subsidiaries, ""Athora""). Term and text match the print.","","","","","","","","","","","","","","","","","","","","","","","","","","","","","","","","","","","","","","","","","","","","","","",""
"PAIR_5045CFE8DC77F24C48F15C89","ACCEPT_A","Page-88 image prints: The Board currently has two standing committees: an audit committee (the ""Audit Committee"") and a governance committee (the ""Governance Committee""). Term and text match the print.","","","","","","","","","","","","","","","","","","","","","","","","","","","","","","","","","","","","","","","","","","","","","","",""
"PAIR_7E99AF5E64E31DDB45A87899","ACCEPT_A","Page-88 image prints the second half of the same sentence, a governance committee (the ""Governance Committee""). Separately printed defined term, its own record.","","","","","","","","","","","","","","","","","","","","","","","","","","","","","","","","","","","","","","","","","","","","","","",""
"","ADD","Page 88 prints a third term with the source of its meaning that neither lane recorded, in The Role of the Board paragraph. This is the form published on pages 6, 20 and 72 and restored on page 28, so it is a record here too.","2026-09-01.2","SRC421","8fbaa442a5f926fb750aba15b64a328a8a737995b1492a65e539ab39b5cc165c","PPM","05-fund-legal-docs","CORE","ADJUDICATED","definition_context","88","NARRATIVE","MANAGEMENT OF THE FUND","The Role of the Board","interested persons","","1","document","Apollo S3 Private Markets Fund","","","","","","","","","","","","","","","","","","interested persons of the Fund or the Adviser as defined in the 1940 Act","","","The Board is composed of 5 members, 4 of whom are Trustees who are not “interested persons” of the Fund or the Adviser as defined in the 1940 Act.","actual","","","","INTERESTED_PERSONS_P88","","","",""
"","ADD","The Audit Committee paragraph on page 88 prints the singular term with a narrower citation, Section 2(a)(19), than the plural in The Role of the Board paragraph. It is a separately printed statement of the term's source and neither lane recorded it.","2026-09-01.2","SRC421","8fbaa442a5f926fb750aba15b64a328a8a737995b1492a65e539ab39b5cc165c","PPM","05-fund-legal-docs","CORE","ADJUDICATED","definition_context","88","NARRATIVE","MANAGEMENT OF THE FUND","Board Structure and Committees","interested person","","1","document","Apollo S3 Private Markets Fund","","","","","","","","","","","","","","","","","","interested person of the Fund or of the Adviser as defined in Section 2(a)(19) of the 1940 Act","","","Each of the members of the Audit Committee is not an “interested person” of the Fund or of the Adviser as defined in Section 2(a)(19) of the 1940 Act.","actual","","","","INTERESTED_PERSON_P88","","","",""
"","ADD","Page 88 prints a fourth term with the source of its meaning that neither lane recorded, in the Audit Committee paragraph. Only the defined term and its source are recorded; the trustee named in the sentence is not carried into any field.","2026-09-01.2","SRC421","8fbaa442a5f926fb750aba15b64a328a8a737995b1492a65e539ab39b5cc165c","PPM","05-fund-legal-docs","CORE","ADJUDICATED","definition_context","88","NARRATIVE","MANAGEMENT OF THE FUND","Board Structure and Committees","audit committee financial expert","","1","document","Apollo S3 Private Markets Fund","","","","","","","","","","","","","","","","","","audit committee financial expert as defined in Item 3 of Form N-CSR under the 1940 Act","","","The Board has determined that Carl J. Rickertsen qualifies as an “audit committee financial expert” as defined in Item 3 of Form N-CSR under the 1940 Act.","actual","","","","AUDIT_COMMITTEE_FINANCIAL_EXPERT_P88","","","",""
"PAIR_E2911F3EDCECB856A9B6E1B0","ACCEPT_A","Page-91 image prints: determined on a consolidated basis in accordance with accounting principles generally accepted in the United States (""GAAP""). Term and text match the print.","","","","","","","","","","","","","","","","","","","","","","","","","","","","","","","","","","","","","","","","","","","","","","",""
"PAIR_17F7F2905CC7D669056C5FAC","MERGE","Neither lane is complete, and this is the same split as the page-24 Management Fee row. A kept only the first sentence; B carried the provision but dropped the printed sentence on payment in arrears within 5 business days after the NAV computation. B also blanked source_table, which the page prints as the bold sub-heading Management Fee, and used the abbreviation the Fund in subject_name where the entity's full printed name is Apollo S3 Private Markets Fund. The published text is the whole printed provision read off the image, and it keeps the document's own repetition of the Purchased Shares and net profits sentences in the second and third paragraphs rather than silently editing the source.","2026-09-01.2","SRC421","8fbaa442a5f926fb750aba15b64a328a8a737995b1492a65e539ab39b5cc165c","PPM","05-fund-legal-docs","CORE","ADJUDICATED","legal_term","91","NARRATIVE","INVESTMENT ADVISORY AND MANAGEMENT AGREEMENT","Management Fee","Management Fee","","1","fund","Apollo S3 Private Markets Fund","","","","","","","","","","","","","","","","","management_fee","In consideration of the advisory services provided by the Adviser, the Fund pays the Adviser a monthly Management Fee at an annual rate of 1.50% based on the value of the Fund's net assets calculated and accrued monthly as of the last business day of each month. For purposes of determining the Management Fee payable to the Adviser, the value of the Fund's net assets will be calculated prior to the inclusion of the Management Fee payable to the Adviser and prior to any reduction for any fees and expenses of the Fund for that month. Purchased Shares are incorporated into the beginning of month NAV and included in the computation of the Management Fee payable. The Management Fee will be calculated before giving effect to any repurchase of Shares by the Fund or any distributions by the Fund. The Management Fee will be payable in arrears within 5 business days after the completion of the NAV computation for the month. The Management Fee is paid to the Adviser out of the Fund's assets, and therefore decreases the net profits or increases the net losses of the Fund. Purchased Shares are incorporated into the beginning of month NAV and included in the computation of the Management Fee payable. The Management Fee will be calculated before giving effect to any repurchase of Shares by the Fund or any distributions by the Fund as described in ""Repurchase of Shares."" The Management Fee is paid to the Adviser out of the Fund's assets, and therefore decreases the net profits or increases the net losses of the Fund. The Management Fee is payable in cash. The Fund could apply for exemptive relief from the SEC in the future that if granted would permit the Fund to pay the Adviser all or a portion of its Management Fee in Shares in lieu of paying the Adviser an equivalent amount of such fees in cash. As a condition of any such exemptive relief, the Adviser would have to commit not to sell any such Shares received in lieu of a cash payment of its Management Fee for at least 12 months from the date of issuance, except in exceptional circumstances. As of the date of this Prospectus, the Fund has not applied for such exemptive relief.","","","In consideration of the advisory services provided by the Adviser, the Fund pays the Adviser a monthly Management Fee at an annual rate of 1.50% based on the value of the Fund’s net assets calculated and accrued monthly as of the last business day of each month.","actual","","","","","","","",""
"PAIR_A3B6BACC748D1C2D5A2B3588","ACCEPT_A","Page-91 image prints: For purposes of the Investment Advisory and Management Agreement, net assets means the Fund's total assets less liabilities determined on a consolidated basis in accordance with accounting principles generally accepted in the United States (""GAAP""). This page's wording spells out GAAP where the page-24 occurrence abbreviates it, so it is this page's own record.","","","","","","","","","","","","","","","","","","","","","","","","","","","","","","","","","","","","","","","","","","","","","","",""
"PAIR_D7315F800BCDD589FB3BF0E7","ACCEPT_A","Page-92 image prints: The Expense Limitation Agreement may be extended for additional one-year periods with the consent of the Adviser and the Fund. term_extension is in the PPM legal_term whitelist and the label is the printed agreement name.","","","","","","","","","","","","","","","","","","","","","","","","","","","","","","","","","","","","","","","","","","","","","","",""
"PAIR_82121C388303E6972F3DD1E4","ACCEPT_A","Page-92 image prints: After the initial term of two years, the Investment Advisory and Management Agreement may continue in effect from year to year if such continuance is approved annually by either the Board or the vote of a majority of the outstanding voting securities of the Fund. A's text is the whole printed sentence and fund_term is its primary meaning, the term of the agreement.","","","","","","","","","","","","","","","","","","","","","","","","","","","","","","","","","","","","","","","","","","","","","","",""
"PAIR_A0955CF4413C2A621FED68BF","REJECT","This second occurrence is the same printed sentence as the row above, cut after its opening clause: A's text is a strict substring of its own occurrence-1 text, filed under term_extension. One printed provision is one row and the whitelist takes the provision's primary meaning, so the sentence is published once as fund_term and this duplicate is rejected.","","","","","","","","","","","","","","","","","","","","","","","","","","","","","","","","","","","","","","","","","","","","","","",""
"PAIR_CD4B8FF3F3054DAA526399BB","MERGE","Page-92 image prints the organizational-cost paragraph and B carries all of it, including the two sentences A dropped: the Adviser has agreed to advance those costs to the Fund, and those costs are subject to recoupment in accordance with the Expense Limitation Agreement. organizational_expense is in the PPM whitelist and A's competing row is rejected as a four-word fragment of the same passage. B is not complete, however: it blanked source_table, so this row fell back to the all-capitals section heading, which page 92 already carries in title case from the advisory-agreement row, listing one printed heading twice. The row is republished under the printed sub-heading that governs the paragraph, Investment Advisory and Management Agreement and Reimbursement Arrangements, the same sub-heading A used for its reading of this passage and the assignment row uses on this page, and with the entity's full printed name in subject_name.; Source review: p92: The Fund’s initial offering costs are being capitalized and amortized over the 12-month period following commencement of operations. The Fund’s organizational costs are expensed as incurred. (Physical page 92 (printed page 90) shows an apostrophe in each possessive; two replacement characters arose during text transcription. The correction restores those printed characters without changing the clause or its values.)","2026-09-01.2","SRC421","8fbaa442a5f926fb750aba15b64a328a8a737995b1492a65e539ab39b5cc165c","PPM","05-fund-legal-docs","CORE","ADJUDICATED","legal_term","92","NARRATIVE","INVESTMENT ADVISORY AND MANAGEMENT AGREEMENT","Investment Advisory and Management Agreement and Reimbursement Arrangements","organizational and initial offering costs","","1","fund","Apollo S3 Private Markets Fund","","","","","","","","","","","","","","","","","organizational_expense","The Fund will bear certain of its organizational and initial offering costs in connection with this offering. The Fund’s initial offering costs are being capitalized and amortized over the 12-month period following commencement of operations. The Fund’s organizational costs are expensed as incurred. The Adviser has agreed to advance those costs to the Fund. Such costs incurred by the Adviser are subject to recoupment by the Adviser in accordance with the Expense Limitation Agreement.","","","The Fund will bear certain of its organizational and initial offering costs in connection with this offering.","actual","","","","","","","",""
"PAIR_2A2B1B22163B10A585AE43F8","REJECT","Same printed paragraph as the row published from B, filed by A under the phrase Organizational costs with a four-word text, are expensed as incurred. One printed provision is one row, so this duplicate fragment is rejected. Same defect as A's page-24 organizational costs row.","","","","","","","","","","","","","","","","","","","","","","","","","","","","","","","","","","","","","","","","","","","","","","",""
"","ADD","Page 92 prints a quoted term with the source of its meaning that neither lane recorded, in the sentence on automatic termination of the advisory agreement. The unquoted majority (as defined by the 1940 Act) in the same paragraph is not added: the page marks no term there, so there is nothing printed as a defined term to record.","2026-09-01.2","SRC421","8fbaa442a5f926fb750aba15b64a328a8a737995b1492a65e539ab39b5cc165c","PPM","05-fund-legal-docs","CORE","ADJUDICATED","definition_context","92","NARRATIVE","INVESTMENT ADVISORY AND MANAGEMENT AGREEMENT","Investment Advisory and Management Agreement and Reimbursement Arrangements","assignment","","1","document","Apollo S3 Private Markets Fund","","","","","","","","","","","","","","","","","","assignment, as defined by the 1940 Act and the rules thereunder","","","The Investment Advisory and Management Agreement also provides that it will terminate automatically in the event of its “assignment,” as defined by the 1940 Act and the rules thereunder.","actual","","","","ASSIGNMENT_P92","","","",""
"PAIR_CC31E7FBCB1F820C9A0549A3","ACCEPT_A","Page-93 image prints: in accordance with Certification Topic ASC 820 of the Financial Accounting Standards Board (""ASC 820""). Term and text match the print, including the document's own wording Certification Topic.","","","","","","","","","","","","","","","","","","","","","","","","","","","","","","","","","","","","","","","","","","","","","","",""
"PAIR_B74366CCEEDEA28F8082B787","ACCEPT_A","Page-93 image prints: as of the close of business on the last business day of each month and in connection with the Fund's offer to purchase Shares, on each date that Shares are to be repurchased, as of the date of any distribution and at such other times as the Board shall determine (each, a ""Determination Date""). A's text carries the whole printed enumeration the term names.","","","","","","","","","","","","","","","","","","","","","","","","","","","","","","","","","","","","","","","","","","","","","","",""
"PAIR_41BF76C0F82221B0C183FF57","ACCEPT_A","Page-97 image prints: the Shares will be sold only to persons or entities that are ""accredited investors,"" as defined in Section 501(a) of Regulation D under the Securities Act. Term and text match the print; this is the page-97 occurrence.","","","","","","","","","","","","","","","","","","","","","","","","","","","","","","","","","","","","","","","","","","","","","","",""
"PAIR_EDD7AD72417C060D2DC6B2A2","MERGE","The provision is printed on page 98 but A recorded it wrongly on three counts. Its text stops at successive one-year periods and drops the printed approval condition, which is the operative part of the continuance. Its source_table names the agreement rather than the printed bold heading, which is Distributor. And its category should follow the provision's primary meaning, the term of the agreement, which is how the identically shaped sentence on page 92 is published; term_extension there was the duplicate that was rejected.","2026-09-01.2","SRC421","8fbaa442a5f926fb750aba15b64a328a8a737995b1492a65e539ab39b5cc165c","PPM","05-fund-legal-docs","CORE","ADJUDICATED","legal_term","98","NARRATIVE","PLAN OF DISTRIBUTION","Distributor","Distribution Agreement","","1","fund","Apollo S3 Private Markets Fund","","","","","","","","","","","","","","","","","fund_term","After the initial term of two years, the Distribution Agreement will continue in effect with respect to the Fund for successive one-year periods, provided that each such continuance is specifically approved by a majority of the entire Board cast in person at a meeting called for that purpose or by a majority of the outstanding voting securities of the Fund and, in either case, also by a majority of the Independent Trustees.","","","After the initial term of two years, the Distribution Agreement will continue in effect with respect to the Fund for successive one-year periods, provided that each such continuance is specifically approved by a majority of the entire Board cast in person at a meeting called for that purpose","actual","","","","","","","",""
"PAIR_8341DDD1B67A8C1339EFD965","ACCEPT_A","Page-98 image prints: A retail customer is any natural person, or the legal representative of such person, who receives a recommendation of any securities transaction or investment strategy involving securities from a broker-dealer and uses the recommendation primarily for personal, family, or household purposes. The is any construction states the term's meaning, and A's text carries the whole printed definition.","","","","","","","","","","","","","","","","","","","","","","","","","","","","","","","","","","","","","","","","","","","","","","",""
"PAIR_48F594FD47B8E08F4F65C76F","ACCEPT_A","Page-99 image prints: ""Service fees"" are defined for purposes of FINRA rules to mean fees paid for providing shareholder services or the maintenance of shareholder accounts. Term and text match the print.","","","","","","","","","","","","","","","","","","","","","","","","","","","","","","","","","","","","","","","","","","","","","","",""
"PAIR_777C998DF0400EB06C5822B9","ACCEPT_A","Page-101 image prints: For purposes of this Prospectus, a ""Business Day"" means any day other than a Saturday, Sunday or any other day on which banks in New York, New York are required by law to be closed. Term and text match the print.","","","","","","","","","","","","","","","","","","","","","","","","","","","","","","","","","","","","","","","","","","","","","","",""
"PAIR_B6ED1E623BF2EAFDE2BEDD69","ACCEPT_A","Page-106 image prints: in compliance with Rule 13e-4 under the Securities Exchange Act of 1934 (""1934 Act""). Term and text match the print.","","","","","","","","","","","","","","","","","","","","","","","","","","","","","","","","","","","","","","","","","","","","","","",""
"PAIR_1EDE77B60471B00E7B9C96B6","ACCEPT_A","Page-106 image prints: The expiration date of a repurchase offer (the ""Expiration Date"") will be a date set by the Board occurring no sooner than 20 business days after the commencement date of the repurchase offer. Term and text match the print.","","","","","","","","","","","","","","","","","","","","","","","","","","","","","","","","","","","","","","","","","","","","","","",""
"PAIR_4A06ED8560970D51636E8D9A","ACCEPT_A","Page-106 image prints: Fund Shares are expected to be repurchased within 45 calendar days following the relevant Valuation Date (such date, the ""Repurchase Date""). Term and text match the print.","","","","","","","","","","","","","","","","","","","","","","","","","","","","","","","","","","","","","","","","","","","","","","",""
"PAIR_2D6101D1087369DCC7FE0312","ACCEPT_A","Page-106 image prints: the last business day of each such calendar quarter or such other day being a ""Valuation Date"". Term and text match the print.","","","","","","","","","","","","","","","","","","","","","","","","","","","","","","","","","","","","","","","","","","","","","","",""
"PAIR_CFEF22028AE29DDB719188B0","ACCEPT_A","Page-108 image prints: Employee benefit plans and other plans subject to ERISA or the Code, including corporate savings and 401(k) plans, IRAs and Keogh Plans (each, an ""ERISA Plan""). A's text carries the whole printed enumeration.","","","","","","","","","","","","","","","","","","","","","","","","","","","","","","","","","","","","","","","","","","","","","","",""
"PAIR_B66DCF9BB336291BEC6DE4D8","ACCEPT_A","Page-113 image prints: Shareholders eligible to bring such derivative action under the Delaware Statutory Trust Act (the ""DSTA""). Term and text match the print.","","","","","","","","","","","","","","","","","","","","","","","","","","","","","","","","","","","","","","","","","","","","","","",""
"PAIR_EBBFD11EE4A2E63887D06F76","ACCEPT_A","Page-115 image prints: controlled foreign corporations (""CFCs""). Term and text match the print.","","","","","","","","","","","","","","","","","","","","","","","","","","","","","","","","","","","","","","","","","","","","","","",""
"PAIR_731E3945A01145603A9888E0","ACCEPT_A","Page-115 image prints: passive foreign investment companies (""PFICs""). Term and text match the print.","","","","","","","","","","","","","","","","","","","","","","","","","","","","","","","","","","","","","","","","","","","","","","",""
"PAIR_DC3754AEF1A0D30306DD9B17","ACCEPT_A","Page-115 image prints: real estate investment trusts (""REITs""). Term and text match the print.","","","","","","","","","","","","","","","","","","","","","","","","","","","","","","","","","","","","","","","","","","","","","","",""
"PAIR_0627E42A5A50A4FDE136119D","ACCEPT_A","Page-115 image prints: For purposes of this discussion, a ""U.S. Shareholder"" is a beneficial owner of the Fund's Shares that is for U.S. federal income tax purposes, followed by four bulleted limbs. A's text carries all four.","","","","","","","","","","","","","","","","","","","","","","","","","","","","","","","","","","","","","","","","","","","","","","",""
"PAIR_BE2D5A459AB7761789681517","ACCEPT_A","Page-116 image prints: the Fund must distribute to its Shareholders, for each taxable year, at least 90% of its investment company taxable income ... (the ""Annual Distribution Requirement""). Term and text match the print.","","","","","","","","","","","","","","","","","","","","","","","","","","","","","","","","","","","","","","","","","","","","","","",""
"PAIR_E45D43F5ACD233729BE0D56E","ACCEPT_A","Page-116 image prints the three printed limbs, 98% of ordinary income, 98.2% of net capital gain income for the one-year period ending October 31 and undistributed income from preceding years less over-distributions (together, the ""Excise Tax Distribution Requirements""). A's text carries all three with the printed percentages intact.","","","","","","","","","","","","","","","","","","","","","","","","","","","","","","","","","","","","","","","","","","","","","","",""
"PAIR_B686CA4997DDF16403CD5B06","ACCEPT_A","Page-116 image prints the parenthetical gloss: investment company taxable income (which generally is the Fund's net ordinary taxable income and realized net short-term capital gains in excess of realized net long-term capital losses, determined without regard to the dividends paid deduction). Term and text match the print.","","","","","","","","","","","","","","","","","","","","","","","","","","","","","","","","","","","","","","","","","","","","","","",""
"PAIR_A6C5A7F6DA11AD9DB81EF07D","ACCEPT_A","Page-117 image prints the bullet ending (collectively, the ""90% Gross Income Test""). A's text carries the printed limbs of the test.","","","","","","","","","","","","","","","","","","","","","","","","","","","","","","","","","","","","","","","","","","","","","","",""
"PAIR_D0871F39C727BAA44A93BDDF","ACCEPT_A","Page-117 image prints the two diversification bullets ending (collectively, the ""Diversification Tests""). A's text carries both, with the printed 50%, 5%, 10% and 25% thresholds intact.","","","","","","","","","","","","","","","","","","","","","","","","","","","","","","","","","","","","","","","","","","","","","","",""
"PAIR_2812A54CC4980931C6369399","ACCEPT_A","Page-117 image prints: treated under applicable U.S. federal income tax rules as having original issue discount (""OID""). Term and text match the print.","","","","","","","","","","","","","","","","","","","","","","","","","","","","","","","","","","","","","","","","","","","","","","",""
"PAIR_8088BD9BEB7628AEEBF59670","ACCEPT_A","Page-117 image prints: net income derived from an interest in a qualified publicly traded partnership (""QPTP""). Term and text match the print.","","","","","","","","","","","","","","","","","","","","","","","","","","","","","","","","","","","","","","","","","","","","","","",""
"PAIR_5D3514DEB9AC06C54650798D","ACCEPT_A","Page-118 image prints: A controlled group is one or more chains of corporations connected through stock ownership with the Fund if (a) at least 20% of the total combined voting power ... and (b) the Fund directly owns at least 20% or more of the combined voting stock of at least one of the other corporations. A's text carries both printed limbs.","","","","","","","","","","","","","","","","","","","","","","","","","","","","","","","","","","","","","","","","","","","","","","",""
"PAIR_411177E84521418AC60B3B3E","ACCEPT_A","Page-120 image prints: a foreign corporation will be classified as a CFC if more than 50% of the shares of the corporation, measured by reference to combined voting power or value, is owned (directly, indirectly or by attribution) by U.S. shareholders. Term and text match the print.","","","","","","","","","","","","","","","","","","","","","","","","","","","","","","","","","","","","","","","","","","","","","","",""
"PAIR_5DF923FCBFCF3534FCA5A6C8","ACCEPT_A","Page-120 image prints: elects to treat the PFIC as a ""qualified electing fund"" under the Code (a ""QEF""). Term and text match the print.","","","","","","","","","","","","","","","","","","","","","","","","","","","","","","","","","","","","","","","","","","","","","","",""
"PAIR_DBC9BAE4D97DA7EF50BADD99","ACCEPT_A","Page-120 image prints: A ""U.S. shareholder,"" for this purpose, is any U.S. person that possesses (actually or constructively) 10% or more of the combined value or voting power of all classes of shares of a corporation. The lower-case term is defined separately from the page-115 U.S. Shareholder, so it is its own record.","","","","","","","","","","","","","","","","","","","","","","","","","","","","","","","","","","","","","","","","","","","","","","",""
"PAIR_A9C037D0F9AC723747CA6D36","ACCEPT_A","Page-125 image prints: A ""Non-U.S. Shareholder"" generally is a beneficial owner of Shares that is not a U.S. Shareholder or an entity treated as a partnership for U.S. federal income tax purposes. This includes nonresident alien individuals, foreign trusts or estates and foreign corporations. A's text carries both printed sentences.","","","","","","","","","","","","","","","","","","","","","","","","","","","","","","","","","","","","","","","","","","","","","","",""
"PAIR_79D6D765E13BDCA34FEA0B52","ACCEPT_A","Page-125 image prints: unrelated business taxable income (""UBTI""). Term and text match the print.","","","","","","","","","","","","","","","","","","","","","","","","","","","","","","","","","","","","","","","","","","","","","","",""
"PAIR_1E9DDDBA5FB5FED0AA5127BC","ACCEPT_A","Page-126 image prints: the Fund's ""qualified net interest income"" (generally, the Fund's U.S.-source interest income, other than certain contingent interest and interest from obligations of a corporation or partnership in which the Fund is at least a 10% shareholder, reduced by expenses that are allocable to such income). Term and text match the print.","","","","","","","","","","","","","","","","","","","","","","","","","","","","","","","","","","","","","","","","","","","","","","",""
"PAIR_4EE689B9AEE980C6C6D970BC","ACCEPT_A","Page-126 image prints: the Fund's ""qualified short-term capital gains"" (generally, the excess of the Fund's net short-term capital gain over its long-term capital loss for such taxable year). A's text is the whole printed gloss and matches the image.","","","","","","","","","","","","","","","","","","","","","","","","","","","","","","","","","","","","","","","","","","","","","","",""
"PAIR_0C4F1CC74E1E7297A135A30E","ACCEPT_A","Page-127 image prints: U.S. withholding provisions commonly referred to as the Foreign Account Tax Compliance Act (""FATCA""). Term and text match the print.","","","","","","","","","","","","","","","","","","","","","","","","","","","","","","","","","","","","","","","","","","","","","","",""
"PAIR_43FFDA5EF0D659F3523003DF","ACCEPT_A","Page-127 image prints: For these purposes, ""net investment income"" generally includes interest and taxable distributions and deemed distributions paid with respect to Shares, and net gain attributable to the disposition of Shares (in each case, unless the Shares are held in connection with certain trades or businesses), but will be reduced by any deductions properly allocable to these distributions or this net gain. A's text carries the whole printed definition.","","","","","","","","","","","","","","","","","","","","","","","","","","","","","","","","","","","","","","","","","","","","","","",""
"PAIR_A0B79A8E1C9E3FCE76A9C1AB","ACCEPT_A","Page-127 image prints: who fail to provide the Fund with their correct taxpayer identification numbers (TINs). Term and text match the print, and the page prints this parenthetical without quotation marks, which A reproduced.","","","","","","","","","","","","","","","","","","","","","","","","","","","","","","","","","","","","","","","","","","","","","","",""
"PAIR_9C3AF19F9B0AE1EAF76D15E1","ACCEPT_A","Page-131 image prints: The Fund's fiscal year is the 12-month period ending on March 31. Term and text match the print.","","","","","","","","","","","","","","","","","","","","","","","","","","","","","","","","","","","","","","","","","","","","","","",""
"PAIR_54EEC3C9FBD2735E21239D72","ACCEPT_A","Page-131 image prints: The Fund's taxable year is the 12-month period ending on September 30. A separately printed statement from the fiscal year, so it is its own record.","","","","","","","","","","","","","","","","","","","","","","","","","","","","","","","","","","","","","","","","","","","","","","",""
"","ADD","Both lanes recorded zero rows on page 40. The page prints a definitional test neither recorded: The Fund considers debt securities to be below investment grade if, at the time of investment, they are rated below the four highest categories by at least one independent credit rating agency or, if unrated, are determined by the Adviser to be of comparable quality. The sentence states the term's meaning with an explicit test, the same construction as the non-diversified and valuation risk definitions published from page 56.","2026-09-01.2","SRC421","8fbaa442a5f926fb750aba15b64a328a8a737995b1492a65e539ab39b5cc165c","PPM","05-fund-legal-docs","CORE","ADJUDICATED","definition_context","40","NARRATIVE","INVESTMENT OBJECTIVE AND STRATEGY","Liquid Assets","below investment grade","","1","document","Apollo S3 Private Markets Fund","","","","","","","","","","","","","","","","","","debt securities rated below the four highest categories by at least one independent credit rating agency at the time of investment or, if unrated, determined by the Adviser to be of comparable quality","","","The Fund considers debt securities to be below investment grade if, at the time of investment, they are rated below the four highest categories by at least one independent credit rating agency or, if unrated, are determined by the Adviser to be of comparable quality.","actual","","","","BELOW_INVESTMENT_GRADE_P40","","","",""
"","ADD","Both lanes recorded zero rows on page 41. The page states what S3 is, the term the document uses throughout for the business that manages the Fund: S3 is Apollo's Sponsor and Secondary Solutions business. That is the same is construction as the retail customer definition on page 98 and the controlled group definition on page 118, both published.","2026-09-01.2","SRC421","8fbaa442a5f926fb750aba15b64a328a8a737995b1492a65e539ab39b5cc165c","PPM","05-fund-legal-docs","CORE","ADJUDICATED","definition_context","41","NARRATIVE","APOLLO HISTORY AND EXPERIENCE","APOLLO HISTORY AND EXPERIENCE","S3","","1","document","Apollo S3 Private Markets Fund","","","","","","","","","","","","","","","","","","Apollo's Sponsor and Secondary Solutions business, providing a holistic set of financing and liquidity solutions across the yield, hybrid and equity spectrum to asset managers and limited partners","","","S3 is Apollo’s Sponsor and Secondary Solutions business, providing a holistic set of financing and liquidity solutions across the yield, hybrid and equity spectrum to asset managers and limited partners.","actual","","","","S3_P41","","","",""
"","ADD","Both lanes recorded zero rows on page 42, but the page prints a parenthetical defined term in the borrowing sentence: (for these purposes, ""total net assets""). It is the same printed form as the definitions published throughout this document, and the term governs both the 33 1/3% borrowing limit and the 50% preferred-share limit on the same page.","2026-09-01.2","SRC421","8fbaa442a5f926fb750aba15b64a328a8a737995b1492a65e539ab39b5cc165c","PPM","05-fund-legal-docs","CORE","ADJUDICATED","definition_context","42","NARRATIVE","LEVERAGE","LEVERAGE","total net assets","","1","document","Apollo S3 Private Markets Fund","","","","","","","","","","","","","","","","","","the Fund's total assets less all liabilities and indebtedness not represented by senior securities","","","Under the 1940 Act, the Fund may borrow in an aggregate amount of up to approximately 33 1/3% of the Fund’s total assets less all liabilities and indebtedness not represented by senior securities (for these purposes, “total net assets”) immediately after such borrowings.","actual","","","","TOTAL_NET_ASSETS_P42","","","",""
"","ADD","Both lanes recorded zero rows on page 75. The page states a test that fixes who is an affiliate of the Fund for 1940 Act purposes, the same kind of printed definitional test as the below investment grade sentence added on page 40.","2026-09-01.2","SRC421","8fbaa442a5f926fb750aba15b64a328a8a737995b1492a65e539ab39b5cc165c","PPM","05-fund-legal-docs","CORE","ADJUDICATED","definition_context","75","NARRATIVE","POTENTIAL CONFLICTS OF INTEREST","POTENTIAL CONFLICTS OF INTEREST","affiliate","","1","document","Apollo S3 Private Markets Fund","","","","","","","","","","","","","","","","","","any person that owns, directly or indirectly, 5% or more of the outstanding voting securities, for purposes of the 1940 Act","","","Any person that owns, directly or indirectly, 5% or more of the outstanding voting securities will be an affiliate of the Fund for purposes of the 1940 Act and generally the Fund will be prohibited from buying or selling any securities from or to such affiliate, absent an applicable exemption.","actual","","","","AFFILIATE_P75","","","",""
"","ADD","Both lanes recorded zero rows on page 96, but the page prints a parenthetical defined term in the list of fair value factors: discounted cash flow analysis (""DCF""). Same printed form as the definitions published throughout this document.","2026-09-01.2","SRC421","8fbaa442a5f926fb750aba15b64a328a8a737995b1492a65e539ab39b5cc165c","PPM","05-fund-legal-docs","CORE","ADJUDICATED","definition_context","96","NARRATIVE","NET ASSET VALUATION","Other Fair Value Considerations","DCF","","1","document","Apollo S3 Private Markets Fund","","","","","","","","","","","","","","","","","","discounted cash flow analysis","","","(iv) discounted cash flow analysis (“DCF”), (v) liquidation analysis (cost approach) or (vi) any other information, factor or set of factors that may affect the valuation of the Fund’s investment as determined by the Adviser.","actual","","","","DCF_P96","","","",""
"","ADD","Both lanes recorded zero rows on page 109. The page states what a return of capital is, in the same is construction as the retail customer definition on page 98 and the controlled group definition on page 118, both published.","2026-09-01.2","SRC421","8fbaa442a5f926fb750aba15b64a328a8a737995b1492a65e539ab39b5cc165c","PPM","05-fund-legal-docs","CORE","ADJUDICATED","definition_context","109","NARRATIVE","DISTRIBUTIONS","DISTRIBUTIONS","return of capital","","1","document","Apollo S3 Private Markets Fund","","","","","","","","","","","","","","","","","","a return of your investment rather than a return of earnings or gains derived from the Fund's investment activities, made after deduction of the fees and expenses payable in connection with the offering, including any fees payable to the Adviser","","","A return of capital generally is a return of your investment rather than a return of earnings or gains derived from the Fund’s investment activities and will be made after deduction of the fees and expenses payable in connection with the offering, including any fees payable to the Adviser.","actual","","","","RETURN_OF_CAPITAL_P109","","","",""
"","ADD","Both lanes recorded zero rows on page 112. The Anti-Takeover paragraph prints three quoted terms with the source of their meaning, the form published on pages 6, 20, 28, 72, 88 and 92. This is the first.","2026-09-01.2","SRC421","8fbaa442a5f926fb750aba15b64a328a8a737995b1492a65e539ab39b5cc165c","PPM","05-fund-legal-docs","CORE","ADJUDICATED","definition_context","112","NARRATIVE","CERTAIN PROVISIONS IN THE DECLARATION OF TRUST","Anti-Takeover and Other Provisions","redeemable security","","1","document","Apollo S3 Private Markets Fund","","","","","","","","","","","","","","","","","","redeemable security as that term is defined in the 1940 Act","","","The Declaration of Trust requires the affirmative vote of not less than seventy-five percent (75%) of the Shares of the Fund to approve, adopt or authorize an amendment to the Declaration of Trust that makes the Shares a “redeemable security” as that term is defined in the 1940 Act","actual","","","","REDEEMABLE_SECURITY_P112","","","",""
"","ADD","The second of the three page-112 terms printed with the source of its meaning, in the conversion sentence.","2026-09-01.2","SRC421","8fbaa442a5f926fb750aba15b64a328a8a737995b1492a65e539ab39b5cc165c","PPM","05-fund-legal-docs","CORE","ADJUDICATED","definition_context","112","NARRATIVE","CERTAIN PROVISIONS IN THE DECLARATION OF TRUST","Anti-Takeover and Other Provisions","closed-end company","","1","document","Apollo S3 Private Markets Fund","","","","","","","","","","","","","","","","","","closed-end company as that term is defined by the 1940 Act","","","Upon the adoption of a proposal to convert the Fund from a “closed-end company” to an “open-end company”, as those terms are defined by the 1940 Act, and the necessary amendments to the Declaration of Trust to permit such a conversion of the Fund’s outstanding Shares entitled to vote, the Fund shall, upon complying with any requirements of the 1940 Act and state law, become an “open-end” investment company.","actual","","","","CLOSED_END_COMPANY_P112","","","",""
"","ADD","The third of the three page-112 terms printed with the source of its meaning, in the same conversion sentence. The unquoted phrase voting securities, as defined in the 1940 Act, in the preceding sentence is not added: the page marks no term there, the same test applied on page 92.","2026-09-01.2","SRC421","8fbaa442a5f926fb750aba15b64a328a8a737995b1492a65e539ab39b5cc165c","PPM","05-fund-legal-docs","CORE","ADJUDICATED","definition_context","112","NARRATIVE","CERTAIN PROVISIONS IN THE DECLARATION OF TRUST","Anti-Takeover and Other Provisions","open-end company","","1","document","Apollo S3 Private Markets Fund","","","","","","","","","","","","","","","","","","open-end company as that term is defined by the 1940 Act","","","Upon the adoption of a proposal to convert the Fund from a “closed-end company” to an “open-end company”, as those terms are defined by the 1940 Act, and the necessary amendments to the Declaration of Trust to permit such a conversion of the Fund’s outstanding Shares entitled to vote, the Fund shall, upon complying with any requirements of the 1940 Act and state law, become an “open-end” investment company.","actual","","","","OPEN_END_COMPANY_P112","","","",""
"","ADD","Both lanes recorded zero rows on page 121. The page prints a parenthetical gloss on net capital gains, the same which generally are construction as the investment company taxable income gloss published from page 116.","2026-09-01.2","SRC421","8fbaa442a5f926fb750aba15b64a328a8a737995b1492a65e539ab39b5cc165c","PPM","05-fund-legal-docs","CORE","ADJUDICATED","definition_context","121","NARRATIVE","MATERIAL U.S. FEDERAL INCOME TAX CONSIDERATIONS","Taxation of U.S. Shareholders","net capital gains","","1","document","Apollo S3 Private Markets Fund","","","","","","","","","","","","","","","","","","the Fund's realized net long-term capital gains in excess of realized net short-term capital losses","","","Distributions of the Fund’s net capital gains (which generally are the Fund’s realized net long-term capital gains in excess of realized net short-term capital losses) that are properly reported by the Fund as “capital gain dividends” will be taxable to a U.S. Shareholder as long-term capital gains","actual","","","","NET_CAPITAL_GAINS_P121","","","",""
"","ADD","Both lanes recorded zero rows on page 132, but the page prints a parenthetical defined term, Deloitte & Touche LLP (""Deloitte""), in the same form as the Custodian, Administrator and Transfer Agent definitions published elsewhere in this document.","2026-09-01.2","SRC421","8fbaa442a5f926fb750aba15b64a328a8a737995b1492a65e539ab39b5cc165c","PPM","05-fund-legal-docs","CORE","ADJUDICATED","definition_context","132","NARRATIVE","INDEPENDENT REGISTERED PUBLIC ACCOUNTING FIRM","INDEPENDENT REGISTERED PUBLIC ACCOUNTING FIRM","Deloitte","","1","document","Apollo S3 Private Markets Fund","","","","","","","","","","","","","","","","","","Deloitte & Touche LLP","","","Deloitte & Touche LLP (“Deloitte”) serves as the independent registered public accounting firm of the Fund.","actual","","","","DELOITTE_P132","","","",""
