source,file_id,doc_type,issuer_type,page,locus_class,trigger,candidate_manager,quote,already_mapped_manager
PPM_Worcester_Fund_LLC.pdf,SRC002,PPM,gp,2,managed_by,is managed by,Worcester Fund Manager LLC,"cester Fund LLC (the “Fund”, the “Company”, or “we”), which is managed by Worcester Fund Manager LLC (the “Manager” or “WFM”). If you are not an “accredited investor” as defined by the Securities and Exchange Commission, please immediately return this PPM. In making an investment decision, prospective Investors must rely on their own examination of the Units and Notes and the t",
PPM_Worcester_Fund_LLC.pdf,SRC002,PPM,gp,20,printed_label,Manager,Worcester Fund Manager LLC,"re limited liability company (the “Fund” or the “Company”). Manager: Worcester Fund Manager LLC, a Delaware limited liability company (the “Manager” or “WFM”). The principals of the Manager are Paul Worcester and Joel Worcester. The Members, upon a vote of 80% of the total Ownership Interest, may remove the Manager with Cause and, upon a vote of the Members holding a Majority,",
Financials_KPMG_PE_Illustrative_2025.pdf,SRC026,Financials,auditor,12,managed_by,is managed by,"General Partner, LLC","description of the Fund’s investment objectives]. The Fund is managed by General Partner, LLC (the General Partner) and Investment Manager, LLC (the U.S. Investment Manager). [If applicable:] The U.S. Investment Manager is registered with the U.S. Securities and Exchange Commission as an investment adviser under the Investment Advisers Act of 1940. The Fund commenced on [Month",
Financials_KPMG_PE_Illustrative_2025.pdf,SRC026,Financials,auditor,38,defined_term,"(the ""Manager"")","Investment Manager, LLC","s managed by General Partner, LLC (the General Partner) and Investment Manager, LLC (the Investment Manager). [If applicable:] The Investment Manager is registered with the U.S. Securities and Exchange Commission as an investment adviser under the Investment Advisers Act of 1940. [Include the following paragraph to the Private investment companies section of Fair value— Valuati",
Financials_KPMG_PE_Illustrative_2025.pdf,SRC026,Financials,auditor,38,managed_by,is managed by,"General Partner, LLC","olely through investments in private equity funds. The Fund is managed by General Partner, LLC (the General Partner) and Investment Manager, LLC (the Investment Manager). [If applicable:] The Investment Manager is registered with the U.S. Securities and Exchange Commission as an investment adviser under the Investment Advisers Act of 1940. [Include the following paragraph to th",
Schedule_Inv_FS_KKR_Capital_Corp_ARS_FY2025.pdf,SRC041,Schedule_Inv,gp,8,managed_by,is managed by,"FS/KKR Advisor, LLC","025, we had total assets of approximately $13.7 billion. We are managed by FS/KKR Advisor, LLC, or the Adviser, a registered investment adviser under the Investment Advisers Act of 1940, as amended, or the Advisers Act, which oversees the management of our operations and is responsible for making investment decisions with respect to our portfolio. Our investment objectives are",
Schedule_Inv_FS_KKR_Capital_Corp_ARS_FY2025.pdf,SRC041,Schedule_Inv,gp,10,managed_by,is managed by,Kohlberg Kravis Roberts & Co.,"s and accounts in KKR & Co.’s private markets business line are managed by Kohlberg Kravis Roberts & Co. L.P., or together with its affiliates, KKR, an SEC-registered investment adviser, or one of its subsidiaries. KKR Credit is a subsidiary of KKR & Co., a leading global investment firm with approximately $744 billion in assets under management as of December 31, 2025, that ma",
Schedule_Inv_FS_KKR_Capital_Corp_ARS_FY2025.pdf,SRC041,Schedule_Inv,gp,155,managed_by,is managed by,"FS/KKR Advisor, LLC","ng total return swaps and credit default swaps. The Company is externally managed by FS/KKR Advisor, LLC, or the Adviser, pursuant to an investment advisory agreement, dated as of June 16, 2021, or the Advisory Agreement. Note 2. Summary of Significant Accounting Policies Basis of Presentation: The accompanying audited consolidated financial statements of the Company have been",
Schedule_Inv_Blackstone_Secured_Lending_Fund_ARS_FY2025.pdf,SRC042,Schedule_Inv,gp,3,defined_term,"(the ""Manager"")",Blackstone Private Credit Strategies LLC,"parties; • actual and potential conflicts of interest with Blackstone Private Credit Strategies LLC (the “Adviser”), Blackstone Credit BDC Advisors LLC (the “Sub-Adviser” and together with the Adviser, the “Advisers”) or any of their affiliates; • the dependence of our future success on the general economy and its effect on the industries in which we may invest; • our use of f",
Schedule_Inv_Blackstone_Secured_Lending_Fund_ARS_FY2025.pdf,SRC042,Schedule_Inv,gp,8,managed_by,is managed by,Blackstone Private Credit Strategies LLC,"les and regulations promulgated thereunder, the “Code”). We are externally managed by Blackstone Private Credit Strategies LLC (the “Adviser”) and Blackstone Credit BDC Advisors LLC (the “Sub-Adviser” and, together with the Adviser, the “Advisers”). The Advisers are affiliates of Blackstone Alternative Credit Advisors LP (the “Sub-Administrator” and, collectively with its affil",
Schedule_Inv_Blackstone_Secured_Lending_Fund_ARS_FY2025.pdf,SRC042,Schedule_Inv,gp,248,managed_by,is managed by,Blackstone Private Credit Strategies LLC,"egulations promulgated thereunder, the “Code”). The Company is externally managed by Blackstone Private Credit Strategies LLC (the “Adviser”) and Blackstone Credit BDC Advisors LLC (the “Sub-Adviser” and, together with the Adviser, the “Advisers”). The Advisers are affiliates of Blackstone Alternative Credit Advisors LP (the “Sub-Administrator” and, collectively with its affili",
Schedule_Inv_Blackstone_Private_Credit_Fund_ARS_FY2025.pdf,SRC043,Schedule_Inv,gp,4,defined_term,"(the ""Manager"")",Blackstone Private Credit Strategies LLC,"ustees”); • actual and potential conflicts of interest with Blackstone Private Credit Strategies LLC (the “Adviser”), Blackstone Credit BDC Advisors LLC (the “Sub-Adviser,” and together with the Adviser, the “Advisers”) or any of their affiliates; • the dependence of our future success on the general economy and its effect on the industries in which we may invest; • our use of",
Schedule_Inv_Blackstone_Private_Credit_Fund_ARS_FY2025.pdf,SRC043,Schedule_Inv,gp,9,managed_by,is managed by,Blackstone Private Credit Strategies LLC,"les and regulations promulgated thereunder, the “Code”). We are externally managed by Blackstone Private Credit Strategies LLC (the “Adviser”) and Blackstone Credit BDC Advisors LLC (the “Sub-Adviser” and, together with the Adviser, the “Advisers”). The Advisers are affiliates of Blackstone Alternative Credit Advisors LP (the “Sub-Administrator” and, collectively with its affil",
Schedule_Inv_Blackstone_Private_Credit_Fund_ARS_FY2025.pdf,SRC043,Schedule_Inv,gp,329,managed_by,is managed by,Blackstone Private Credit Strategies LLC,"egulations promulgated thereunder, the “Code”). The Company is externally managed by Blackstone Private Credit Strategies LLC (the “Adviser”) and Blackstone Credit BDC Advisors LLC (the “Sub-Adviser” and, together with the Adviser, the “Advisers”). The Advisers are affiliates of Blackstone Alternative Credit Advisors LP (the “Sub-Administrator” and, collectively with its affili",
Schedule_Inv_Sixth_Street_Specialty_Lending_ARS_FY2025.pdf,SRC044,Schedule_Inv,gp,116,managed_by,is managed by,Sixth Street Specialty Lending Advisers,"l Revenue Code of 1986, as amended (the “Code”).The Company is managed by Sixth Street Specialty Lending Advisers, LLC (the“Adviser”). On June 1, 2011, the Company formed a wholly-owned subsidiary, TC Lending, LLC, a Delaware limited liability company. On March 22, 2012, the Company formed a wholly-owned subsidiary, Sixth Street SL SPV, LLC, a Delaware limited liability company",
Schedule_Inv_MidCap_Financial_Investment_Corp_ARS_FY2025.pdf,SRC045,Schedule_Inv,gp,6,managed_by,is managed by,Apollo Capital,"company, and its applicable subsidiaries. MidCap Financial is managed by Apollo Capital Management, L.P., a subsidiary of Apollo Global Management, Inc., pursuant to an investment management agreement. MidCap Financial is not an investment adviser, subadviser or fiduciary to the Company or to Apollo Investment Management, L.P., the Company’s Investment Adviser. MidCap Financia",
Schedule_Inv_Apollo_Debt_Solutions_BDC_ARS_FY2025.pdf,SRC046,Schedule_Inv,gp,4,defined_term,"(the ""Manager"")","Apollo Credit Management, LLC","to the Adviser and Its Affiliates; Conflicts of Interest • Apollo Credit Management, LLC (the ""Adviser"") and its affiliates, including our officers and some of our Trustees, face conflicts of interest caused by compensation arrangements with us and our affiliates, which could result in actions that are not in the best interests of our shareholders. • We may be obligated to pay",
Schedule_Inv_Apollo_Debt_Solutions_BDC_ARS_FY2025.pdf,SRC046,Schedule_Inv,gp,6,managed_by,is managed by,Apollo Credit Management,"ompany Act of 1940, as amended (the""1940 Act""). The Company is externally managed by Apollo Credit Management, LLC (the ""Adviser""). The Adviser is an affiliate of Apollo Global Management, Inc. and its consolidated subsidiaries (""AGM"", or""Apollo""). The Company has elected to be treated for federal income tax purposes, and intends to qualify annually thereafter, as a regulated i",
Schedule_Inv_Apollo_Debt_Solutions_BDC_ARS_FY2025.pdf,SRC046,Schedule_Inv,gp,7,managed_by,is managed by,Apollo Credit Management,"r and the Administrator The Company’s investment activities are managed by Apollo Credit Management, LLC, an investment adviser registered with the SEC under the Investment Advisers Act of 1940, as amended (the ""Advisers Act""). Pursuant to the advisory agreement between us and the Adviser, as amended (the ""Advisory Agreement""), the Adviser is responsible for originating prospec",
Schedule_Inv_Apollo_Debt_Solutions_BDC_ARS_FY2025.pdf,SRC046,Schedule_Inv,gp,69,defined_term,"(the ""Manager"")","Apollo Credit Management, LLC","ties; • actual and potential conflicts of interest with the Apollo Credit Management, LLC (the ""Adviser"") or any of its affiliates; • the elevating levels of inflation, and its impact on our portfolio companies and on the industries in which we invest; • the dependence of our future success on the general economy and its effect on the industries in which we may invest; • our us",
Schedule_Inv_AB_Private_Credit_Investors_Corp_ARS_FY2025.pdf,SRC048,Schedule_Inv,gp,4,advised_by,is advised by,AB Private Credit Investors LLC,"nt operations on November 15, 2017(“Commencement”).The Fund is advised by AB Private Credit Investors LLC (the“Adviser”), which is registered with the Securities and Exchange Commission(“SEC”)under the Investment Advisers Act of 1940, as amended (the“AdvisersAct”).The Adviser is responsible for sourcing potential investments, conducting due diligence on prospective investments,",
Schedule_Inv_AB_Private_Credit_Investors_Corp_ARS_FY2025.pdf,SRC048,Schedule_Inv,gp,66,advised_by,is advised by,AB Private Credit Investors LLC,"menced investment operations on November 15, 2017. The Fund is advised by AB Private Credit Investors LLC (the“Adviser”),which is registered with the Securities and Exchange Commission(“SEC”)under the Investment Advisers Act of 1940, as amended. The Adviser is responsible for sourcing potential investments, conducting due diligence on prospective investments, analyzing investme",
Schedule_Inv_Franklin_BSP_Capital_Corp_ARS_FY2025.pdf,SRC049,Schedule_Inv,gp,6,managed_by,is managed by,Franklin BSP Capital,"iness of Franklin BSP Capital L.L.C. (the “Conversion”). We are managed by Franklin BSP Capital Adviser L.L.C. (the “Adviser”), an affiliate of Benefit Street Partners L.L.C. (“Benefit Street Partners” or “BSP”). Our Adviser is a Delaware limited liability company that is registered as an investment adviser under the Investment Advisers Act of 1940, as amended (the “Advisers Ac",
Schedule_Inv_Franklin_BSP_Capital_Corp_ARS_FY2025.pdf,SRC049,Schedule_Inv,gp,125,managed_by,is managed by,Franklin BSP Capital,"enced investment operations on January 7, 2021. The Company is managed by Franklin BSP Capital Adviser L.L.C. (the “Adviser”), a Delaware limited liability company and an affiliate of Benefit Street Partners L.L.C. (“Benefit Street Partners” or “BSP”) pursuant to an investment advisory agreement (the “Investment Advisory Agreement”). The Adviser is registered as an investment a",
Schedule_Inv_Franklin_BSP_Capital_Corp_ARS_FY2025.pdf,SRC049,Schedule_Inv,gp,125,managed_by,is managed by,"Franklin BSP Lending Adviser, L.L.C.","ith FBLC for additional information about the Mergers. FBLC was managed by Franklin BSP Lending Adviser, L.L.C., a subsidiary of BSP since 2016. F-34",
Schedule_Inv_Monroe_Capital_Corp_ARS_FY2023.pdf,SRC050,Schedule_Inv,gp,9,managed_by,is managed by,MC Advisors,"Officer, who also have active roles within MC Advisors. We are managed by MC Advisors, which has access through the Staffing Agreement to Monroe Capital’s experienced team comprised of approximately 250 professionals, including seven senior partners that average more than 30 years of direct lending experience. This extensive experience includes the management of investments wi",
Schedule_Inv_Monroe_Capital_Corp_ARS_FY2023.pdf,SRC050,Schedule_Inv,gp,73,managed_by,is managed by,Monroe Capital,"r financial condition. Governance Our cybersecurity program is managed by Monroe Capital’s dedicated internal cybersecurity team, which is responsible for enterprise-wide cybersecurity strategy, policies, standards, engineering, architecture and processes. The team is led by Monroe Capital’s Head of Information Technology, who has a bachelor’s degree in systems engineering and",
Schedule_Inv_Monroe_Capital_Corp_ARS_FY2023.pdf,SRC050,Schedule_Inv,gp,148,managed_by,is managed by,Monroe Capital,"nts in preferred and common stock and warrants. The Company is managed by Monroe Capital BDC Advisors, LLC (“MC Advisors”), a registered investment adviser under the Investment Advisers Act of 1940, as amended. In addition, for U.S. federal income tax purposes, the Company has elected to be treated as a regulated investment company (“RIC”) under Subchapter M of the Internal Rev",
NAV_Statement_SREIT_NAV_Supplement_May2025.pdf,SRC051,NAV_Statement,gp,19,defined_term,"(the ""Manager"")","Starwood Capital Group Holdings, L.P.","he “Special Limited Partner”), a wholly owned subsidiary of Starwood Capital Group Holdings, L.P. (the “Sponsor”), owns a special limited partner interest in the Operating Partnership. Substantially all of our business is conducted through the Operating Partnership. We and the Operating Partnership are externally managed by the Advisor, an affiliate of the Sponsor. Our board of",
NAV_Statement_SREIT_NAV_Supplement_May2025.pdf,SRC051,NAV_Statement,gp,41,managed_by,is managed by,Starwood REIT Advisors,"ting Partnership. The Company and the Operating Partnership are externally managed by Starwood REIT Advisors, L.L.C. (the “Advisor”), an affiliate of the Sponsor. On December 27, 2017, the Company commenced its initial public offering of up to $5.0 billion in shares of common stock. On June 2, 2021, the initial public offering terminated and the Company commenced a follow-on pu",
NAV_Statement_BREIT_Prospectus_With_Supplements.pdf,SRC052,NAV_Statement,gp,36,managed_by,is managed by,BX REIT Advisors,"ess is conducted through BREIT OP. The Company and BREIT OP are externally managed by BX REIT Advisors L.L.C. (the “Adviser”). The Adviser is part of the real estate group of Blackstone, a leading global investment manager. The Company was formed on November 16, 2015 as a Maryland corporation and qualifies as a real estate investment trust (“REIT”) for U.S. federal income tax p",
NAV_Statement_BREIT_Prospectus_With_Supplements.pdf,SRC052,NAV_Statement,gp,70,managed_by,is managed by,BX REIT Advisors,"we own substantially all of our assets through BREIT OP. We are externally managed by BX REIT Advisors L.L.C. (the “Adviser”). The Adviser is part of the real estate group of Blackstone Inc. (“Blackstone”), a leading investment manager. We currently operate our business in nine reportable segments: Rental Housing, Industrial, Data Centers, Net Lease, Office, Hospitality, Retail",
Performance_HVPE_Annual_Report.pdf,SRC066,Performance,gp,37,defined_term,"(the ""Manager"")",HarbourVest Partners,"ives that were announced at the end of the financial year). HarbourVest Partners (the Investment Manager) – Whether individually or collectively, Board members maintain a continuous dialogue with the Investment Manager and with It is essential that the Board maintains a strong relationship different members of its dedicated HVPE team. This includes calls, correspondence, and me",
Performance_HVPE_Annual_Report.pdf,SRC066,Performance,gp,95,defined_term,"(the ""Manager"")",HarbourVest Advisers L.P.,"ve been applied consistently in dealing with items which by HarbourVest Advisers L.P. (the “Investment Manager”), an affiliate of HarbourVest Partners, are considered material in relation to the Company’s consolidated financial statements LLC (“HarbourVest”), a private equity fund-of-funds manager. The Company intends to invest in (“Financial Statements”). and alongside existin",
Reporting_NCREIF_PREA_Standards_Handbook_Volume_II.pdf,SRC076,Reporting,standards_body,86,serves_as,the general partner of the fund is,"ABC, L.P.","new subscription or redemption of partners’ interests. The general partner of the Fund is ABC, L.P., an affiliate of the Advisor. At December 31, XXCY, the ratio of total contributed capital to committed capital was 90%. The Fund is an investment company as described in Accounting Standards Codification (“ASC”) 946, Financial Services – Investment Companies. See standard discl",
Financials_CohnReznick_Hedge_Fund_Illustrative_2025.pdf,SRC086,Financials,auditor,18,defined_term,"(the ""Manager"")","Investment Manager, LLC","Company B General Partner, LLC (the ""General Partner"") and Investment Manager, LLC (the ""Investment Manager""). {If applicable:} The Investment Manager is registered with the U.S. Securities and Exchange Commission under the Investment Advisers Act of 1940, as an Investment Adviser. Note 2 - Summary of significant accounting policies ASC 235-10-50-1, ASC 235-10-50-3 The signifi",
Financials_CohnReznick_Hedge_Fund_Illustrative_2025.pdf,SRC086,Financials,auditor,18,managed_by,is managed by,"Company B General Partner, LLC","nized for the {state Fund's investment objective}. The Fund is managed by Company B General Partner, LLC (the ""General Partner"") and Investment Manager, LLC (the ""Investment Manager""). {If applicable:} The Investment Manager is registered with the U.S. Securities and Exchange Commission under the Investment Advisers Act of 1940, as an Investment Adviser. Note 2 - Summary of sig",
Financials_CohnReznick_Hedge_Fund_Illustrative_2025.pdf,SRC086,Financials,auditor,54,managed_by,is managed by,"Investment Manager, LLC","f the Fund is {state Fund's investment objective}. The Fund is managed by Investment Manager, LLC (the ""Investment Manager""). {If applicable:} The Investment Manager is registered with the U.S. Securities and Exchange Commission as an investment adviser under the Investment Advisers Act of 1940. Note 2 - Summary of significant accounting policies The significant accounting poli",
Financials_CohnReznick_Hedge_Fund_Illustrative_2025.pdf,SRC086,Financials,auditor,68,defined_term,"(the ""Manager"")","Company B Investment Master Manager, LLC","Company B General Partner, LLC (the ""General Partner"") and Company B Investment Master Manager, LLC (the ""Investment Manager""). {If applicable:} The Investment Manager is registered with the U.S. Securities and Exchange Commission as an investment adviser under the Investment Advisers Act of 1940. Note 2 - Summary of significant accounting policies {See Company B Domestic Fund",
Financials_CohnReznick_Hedge_Fund_Illustrative_2025.pdf,SRC086,Financials,auditor,68,managed_by,is managed by,"Company B General Partner, LLC","lly all of their assets in the Master Fund. The Master Fund is managed by Company B General Partner, LLC (the ""General Partner"") and Company B Investment Master Manager, LLC (the ""Investment Manager""). {If applicable:} The Investment Manager is registered with the U.S. Securities and Exchange Commission as an investment adviser under the Investment Advisers Act of 1940. Note 2",
Financials_CohnReznick_Hedge_Fund_Illustrative_2025.pdf,SRC086,Financials,auditor,82,defined_term,"(the ""Manager"")","Investment Manager, LLC","Company B General Partner, LLC (the ""General Partner"") and Investment Manager, LLC (the ""Investment Manager""). {If applicable:} The Investment Manager is registered with the U.S. Securities and Exchange Commission as an investment adviser under the Investment Advisers Act of 1940. ASC 946-235-50-3(a) The Fund invests substantially all of its assets through a master-feeder stru",
Financials_CohnReznick_Hedge_Fund_Illustrative_2025.pdf,SRC086,Financials,auditor,82,managed_by,is managed by,"Company B General Partner, LLC","nized for the {state Fund's investment objective}. The Fund is managed by Company B General Partner, LLC (the ""General Partner"") and Investment Manager, LLC (the ""Investment Manager""). {If applicable:} The Investment Manager is registered with the U.S. Securities and Exchange Commission as an investment adviser under the Investment Advisers Act of 1940. ASC 946-235-50-3(a) The",
Financials_CohnReznick_Hedge_Fund_Illustrative_2025.pdf,SRC086,Financials,auditor,92,defined_term,"(the ""Manager"")","Investment Manager, LLC","Company B General Partner, LLC (the ""General Partner"") and Investment Manager, LLC (the ""Investment Manager""). {If applicable:} The Investment Manager is registered with the U.S. Securities and Exchange Commission as an investment adviser under the Investment Advisers Act of 1940. The Fund invests substantially all of its assets through a master-feeder structure in Company B M",
Financials_CohnReznick_Hedge_Fund_Illustrative_2025.pdf,SRC086,Financials,auditor,92,managed_by,is managed by,"Company B General Partner, LLC","nized for the {state Fund's investment objective}. The Fund is managed by Company B General Partner, LLC (the ""General Partner"") and Investment Manager, LLC (the ""Investment Manager""). {If applicable:} The Investment Manager is registered with the U.S. Securities and Exchange Commission as an investment adviser under the Investment Advisers Act of 1940. The Fund invests substan",
Financials_CohnReznick_Hedge_Fund_Illustrative_2025.pdf,SRC086,Financials,auditor,103,defined_term,"(the ""Manager"")","Company B Fund of Fund Capital Group, LP","Company B Fund of Fund GP, LLC (the “General Partner”) and Company B Fund of Fund Capital Group, LP (the “Investment Manager”). Refer to the Fund’s Agreement for more information {if applicable:}. The Investment Manager is not currently registered with the U.S. Securities and Exchange Commission as an investment adviser under the Investment Adviser Act of 1940. The Limited Par",
Financials_CohnReznick_Hedge_Fund_Illustrative_2025.pdf,SRC086,Financials,auditor,103,managed_by,is managed by,"Company B Fund of Fund GP, LLC","s limited partnership agreement (the “Agreement”). The Fund is managed by Company B Fund of Fund GP, LLC (the “General Partner”) and Company B Fund of Fund Capital Group, LP (the “Investment Manager”). Refer to the Fund’s Agreement for more information {if applicable:}. The Investment Manager is not currently registered with the U.S. Securities and Exchange Commission as an inv",
Financials_CohnReznick_Hedge_Fund_Illustrative_2025.pdf,SRC086,Financials,auditor,115,defined_term,"(the ""Manager"")","Investment Manager, LLC","cy Company General Partner, LLC (the ""General Partner"") and Investment Manager, LLC (the ""Investment Manager""). {If applicable:} The Investment Manager is registered with the U.S. Securities and Exchange Commission under the Investment Advisers Act of 1940, as an Investment Adviser. Note 2 - Summary of significant accounting policies ASC 235-10-50-1, ASC 235-10-50-3 The signifi",
Financials_CohnReznick_Hedge_Fund_Illustrative_2025.pdf,SRC086,Financials,auditor,115,managed_by,is managed by,Company B Cryptocurrency Company,"ve pursuant to its Limited Partnership Agreement}. The Fund is managed by Company B Cryptocurrency Company General Partner, LLC (the ""General Partner"") and Investment Manager, LLC (the ""Investment Manager""). {If applicable:} The Investment Manager is registered with the U.S. Securities and Exchange Commission under the Investment Advisers Act of 1940, as an Investment Adviser.",
Financials_CohnReznick_Private_Equity_Illustrative_2025.pdf,SRC087,Financials,auditor,11,defined_term,"(the ""Manager"")","Private Equity Fund Investment Manager, LLC","quity Fund General Partner, LLC (the ""General Partner"") and Private Equity Fund Investment Manager, LLC (the ""Investment Manager""). {If applicable:} The Investment Manager is registered with the U.S. Securities and Exchange Commission as an investment adviser under the Investment Advisers Act of 1940. The Limited Partnership Agreement (the ""Agreement"") provides that the Fund sh",
Financials_CohnReznick_Private_Equity_Illustrative_2025.pdf,SRC087,Financials,auditor,11,managed_by,is managed by,"Private Equity Fund General Partner, LLC","nized for the {state Fund's investment objective}. The Fund is managed by Private Equity Fund General Partner, LLC (the ""General Partner"") and Private Equity Fund Investment Manager, LLC (the ""Investment Manager""). {If applicable:} The Investment Manager is registered with the U.S. Securities and Exchange Commission as an investment adviser under the Investment Advisers Act of",
Financials_Withum_Venture_Capital_Fund_Illustrative.pdf,SRC089,Financials,auditor,11,managed_by,is managed by,"General Partner, LLC","e Fund invests its available cash in interest-bearing money is managed by General Partner, LLC (the “General market accounts with a major United States bank. Partner”) and Investment Manager/Advisor LLC (the Fair Value — Definition and Hierarchy “Investment Manager” or “Investment Advisor”). [If applicable] The Investment Manager is registered with Fair value is defined as the",
Financials_EY_Good_Investment_Fund_Illustrative_2018.pdf,SRC090,Financials,auditor,16,defined_term,"(the ""Manager"")",Good Asset Management Limited,"properties. The Fund’s investment activities are managed by Good Asset Management Limited (the Investment Manager). The Fund’s custodian and administrator is Good Administration Fund Services Limited. The Fund’s shares are redeemable at the holder’s option. The redeemable shares are quoted on the Euroland Stock Exchange for informational purposes, but cannot be traded on this e",
Financials_EY_Good_Investment_Fund_Illustrative_2018.pdf,SRC090,Financials,auditor,16,managed_by,is managed by,Good Asset Management,"and investment properties. The Fund’s investment activities are managed by Good Asset Management Limited (the Investment Manager). The Fund’s custodian and administrator is Good Administration Fund Services Limited. The Fund’s shares are redeemable at the holder’s option. The redeemable shares are quoted on the Euroland Stock Exchange for informational purposes, but cannot be t",
Financials_KPMG_Private_Equity_Illustrative_2022.pdf,SRC091,Financials,auditor,12,managed_by,is managed by,"General Partner, LLC","description of the Fund’s investment objectives]. The Fund is managed by General Partner, LLC (the General Partner) and Investment Manager, LLC (the U.S. Investment Manager). [If applicable:] The U.S. Investment Manager is registered with the U.S. Securities and Exchange Commission as an investment adviser under the Investment Advisers Act of 1940. The Fund commenced on [Month",
Financials_KPMG_Private_Equity_Illustrative_2022.pdf,SRC091,Financials,auditor,33,defined_term,"(the ""Manager"")","Investment Manager, LLC","s managed by General Partner, LLC (the General Partner) and Investment Manager, LLC (the Investment Manager). [If applicable:] The Investment Manager is registered with the U.S. Securities and Exchange Commission as an investment adviser under the Investment Advisers Act of 1940. [Include the following paragraph to the Private investment companies section of Fair value – Valuat",
Financials_KPMG_Private_Equity_Illustrative_2022.pdf,SRC091,Financials,auditor,33,managed_by,is managed by,"General Partner, LLC","olely through investments in private equity funds. The Fund is managed by General Partner, LLC (the General Partner) and Investment Manager, LLC (the Investment Manager). [If applicable:] The Investment Manager is registered with the U.S. Securities and Exchange Commission as an investment adviser under the Investment Advisers Act of 1940. [Include the following paragraph to th",
Financials_KPMG_Alternative_Investment_Fund_Illustrative_2015.pdf,SRC092,Financials,auditor,19,defined_term,"(the ""Manager"")","Investment Manager, LLC","d investments of sufficient credit quality that are readily Investment Manager, LLC (the “Investment Manager”). convertible to known amounts of cash and have original [If applicable:] The Investment Manager is registered maturities of three months or less. Cash equivalents are with the United States Securities and Exchange Commission carried at cost, plus accrued interest, whic",
Financials_KPMG_Alternative_Investment_Fund_Illustrative_2015.pdf,SRC092,Financials,auditor,59,managed_by,is managed by,"Investment Manager, LLC","management agreement, Foreign Currency Translation the Fund is managed by Investment Manager, LLC (the Offsetting of Assets and Liabilities “Investment Manager”). [If applicable:] The Investment Manager is registered with the United States Securities Securities Lending and Exchange Commission as an investment adviser under Income Taxes the Investment Advisers Act of 1940. [Refe",
Financials_KPMG_Alternative_Investment_Fund_Illustrative_2015.pdf,SRC092,Financials,auditor,71,managed_by,is managed by,"General Partner, LLC","nd, L.P. for the following disclosure Fund. The Master Fund is managed by General Partner, LLC examples. References to “Fund” should be changed to (the “General Partner”) and Investment Manager, LLC (the “Master Fund”, where applicable:] “Investment Manager”). [If applicable:] The Investment Manager is registered with the United States Securities and Fair value measurements Exc",
Financials_KPMG_Alternative_Investment_Fund_Illustrative_2015.pdf,SRC092,Financials,auditor,82,defined_term,"(the ""Manager"")","In addition, the Fund incurs and Partner, LLC","The Fund is managed by General and losses. [If applicable:] In addition, the Fund incurs and Partner, LLC (the “General Partner”) and Investment accrues its own expenses. Manager, LLC (the “Investment Manager”). [If applicable:] The Investment Manager is registered with the United States [Refer to Domestic Fund, L.P. for examples of the Securities and Exchange Commission as an",
Financials_KPMG_Alternative_Investment_Fund_Illustrative_2015.pdf,SRC092,Financials,auditor,82,defined_term,"(the ""Manager"")","Investment accrues its own expenses. Manager, LLC","he Fund incurs and Partner, LLC (the “General Partner”) and Investment accrues its own expenses. Manager, LLC (the “Investment Manager”). [If applicable:] The Investment Manager is registered with the United States [Refer to Domestic Fund, L.P. for examples of the Securities and Exchange Commission as an investment following significant accounting policies:] adviser under the I",
Financials_KPMG_Alternative_Investment_Fund_Illustrative_2015.pdf,SRC092,Financials,auditor,90,managed_by,is managed by,"Investment Manager, LLC","r examples of the following significant accounting the Fund is managed by Investment Manager, LLC (the policies:] “Investment Manager”). [If applicable:] The Investment Use of Estimates Manager is registered with the United States Securities Cash and Cash Equivalents and Exchange Commission as an investment adviser under the Investment Advisers Act of 1940. Income Taxes Redempt",
PCAP_Jefferson_Partners_Fund_IV_PSERS_FOIA.pdf,SRC102,PCAP,gp,6,defined_term,"(the ""Manager"")",Fund. Jefferson Partners Fund IV Management Corp.,". acts as the general partner (the""General Partner"") to the Fund. Jefferson Partners Fund IV Management Corp. (the ""Fund Manager"") provides investment management, administrative and related services to the Fund. The Partnership dissolved on December 20, 2016. The Fund is intended to invest side by side with Jefferson Partners Fund IV, L.P. and Jefferson Partners Fund IV, (U.S.)",Jefferson Partners Fund IV Management Corp.
PCAP_Jefferson_Partners_Fund_IV_PSERS_FOIA.pdf,SRC102,PCAP,gp,6,serves_as,serves as the general partner,"Canada. JPIV G.P., L.P.","venture investments in technology companies, principally in Canada. JPIV G.P., L.P. acts as the general partner (the""General Partner"") to the Fund. Jefferson Partners Fund IV Management Corp. (the ""Fund Manager"") provides investment management, administrative and related services to the Fund. The Partnership dissolved on December 20, 2016. The Fund is intended to invest side by",Jefferson Partners Fund IV Management Corp.
NAV_Statement_ThirdPoint_Monthly_Aug2025.pdf,SRC108,NAV_Statement,gp,4,managed_by,is managed by,Third Point LLC,"re Fund, Ltd (“Third Point Offshore”). Third Point Offshore is managed by Third Point LLC (“Third Point” or “Investment Manager”), an SEC-registered investment adviser headquartered in New York. Neither the securities regulatory authority of any state nor the SEC have approved the Funds and investments described herein and have not passed on the accuracy or adequacy of this doc",
Financials_BlueCrest_AllBlue_Fund_2013.pdf,SRC110,Financials,gp,4,managed_by,is managed by,BlueCrest Capital,"the end of this section. AllBlue and the 6 underlying funds are managed by BlueCrest Capital Management, one of the world’s premier hedge fund managers with offices in the UK, Europe, the US and Asia. Founded in 2000, BlueCrest manages approximately $30.6bn* and has a proven track record of generating strong levels of capital growth whilst ensuring capital preservation. It has",
Financials_ThirdPoint_Investors_Annual2022.pdf,SRC111,Financials,gp,62,managed_by,is managed by,Third Point LLC,"re Fund, Ltd (“Third Point Offshore”). Third Point Offshore is managed by Third Point LLC (“Third Point” or “Investment Manager”), an SEC-registered investment adviser headquartered in New York. Unless otherwise noted, all performance, portfolio exposure and other portfolio data included herein relates to the Third Point Offshore Master Fund L.P. (the “Fund”). Exposures are cat",
Financials_KPMG_HedgeFund_Illustrative_2025.pdf,SRC113,Financials,auditor,15,defined_term,"(the ""Manager"")","Investment Manager, LLC","s managed by General Partner, LLC (the General Partner) and Investment Manager, LLC (the Investment Manager). [If applicable:] The Investment Manager is registered with the U.S. Securities and Exchange Commission as an investment adviser under the Investment Advisers Act of 1940. ASC 235-10-50-1, 2. Summary of significant accounting policies ASC 235-10-50-3 The significant acco",
Financials_KPMG_HedgeFund_Illustrative_2025.pdf,SRC113,Financials,auditor,15,managed_by,is managed by,"General Partner, LLC","description of the Fund’s investment objectives]. The Fund is managed by General Partner, LLC (the General Partner) and Investment Manager, LLC (the Investment Manager). [If applicable:] The Investment Manager is registered with the U.S. Securities and Exchange Commission as an investment adviser under the Investment Advisers Act of 1940. ASC 235-10-50-1, 2. Summary of signifi",
Financials_KPMG_HedgeFund_Illustrative_2025.pdf,SRC113,Financials,auditor,68,managed_by,is managed by,"Investment Manager, LLC","]. Pursuant to an investment management agreement, the Fund is managed by Investment Manager, LLC (the Investment Manager). [If applicable:] The Investment Manager is registered with the U.S. Securities and Exchange Commission as an investment adviser under the Investment Advisers Act of 1940. 2. Summary of significant accounting policies The significant accounting policies fol",
Financials_KPMG_HedgeFund_Illustrative_2025.pdf,SRC113,Financials,auditor,79,defined_term,"(the ""Manager"")","Investment Manager, LLC","s managed by General Partner, LLC (the General Partner) and Investment Manager, LLC (the Investment Manager). As of December 31, 20XX, the Domestic Feeder Fund and Offshore Feeder Fund own XX.XX% and XX.XX%, respectively, of the Master Fund. [If applicable:] The Investment Manager is registered with the U.S. Securities and Exchange Commission as an investment adviser under the",
Financials_KPMG_HedgeFund_Illustrative_2025.pdf,SRC113,Financials,auditor,79,managed_by,is managed by,"General Partner, LLC","lly all of their assets in the Master Fund. The Master Fund is managed by General Partner, LLC (the General Partner) and Investment Manager, LLC (the Investment Manager). As of December 31, 20XX, the Domestic Feeder Fund and Offshore Feeder Fund own XX.XX% and XX.XX%, respectively, of the Master Fund. [If applicable:] The Investment Manager is registered with the U.S. Securitie",
Financials_KPMG_HedgeFund_Illustrative_2025.pdf,SRC113,Financials,auditor,87,defined_term,"(the ""Manager"")","Investment Manager, LLC","s managed by General Partner, LLC (the General Partner) and Investment Manager, LLC (the Investment Manager). [If applicable:] The Investment Manager is registered with the U.S. Securities and Exchange Commission as an investment adviser under the Investment Advisers Act of 1940. The Fund invests substantially all of its assets through a master–feeder structure in Master Fund,",
Financials_KPMG_HedgeFund_Illustrative_2025.pdf,SRC113,Financials,auditor,87,managed_by,is managed by,"General Partner, LLC","description of the Fund’s investment objectives]. The Fund is managed by General Partner, LLC (the General Partner) and Investment Manager, LLC (the Investment Manager). [If applicable:] The Investment Manager is registered with the U.S. Securities and Exchange Commission as an investment adviser under the Investment Advisers Act of 1940. The Fund invests substantially all of",
Financials_KPMG_HedgeFund_Illustrative_2025.pdf,SRC113,Financials,auditor,95,managed_by,is managed by,"Investment Manager, LLC","]. Pursuant to an investment management agreement, the Fund is managed by Investment Manager, LLC (the Investment Manager). [If applicable:] The Investment Manager is registered with the U.S. Securities and Exchange Commission as an investment adviser under the Investment Advisers Act of 1940. The Fund invests substantially all of its assets through a master–feeder structure in",
Financials_KPMG_HedgeFund_Illustrative_2025.pdf,SRC113,Financials,auditor,102,defined_term,"(the ""Manager"")","Investment Manager, LLC","s managed by General Partner, LLC (the General Partner) and Investment Manager, LLC (the Investment Manager). [If applicable:] The Investment Manager is registered with the U.S. Securities and Exchange Commission as an investment adviser under the Investment Advisers Act of 1940. [Include the following paragraph to the Private Investment Companies section of “Valuation techniqu",
Financials_KPMG_HedgeFund_Illustrative_2025.pdf,SRC113,Financials,auditor,102,managed_by,is managed by,"General Partner, LLC","ies allocated among diverse investment strategies. The Fund is managed by General Partner, LLC (the General Partner) and Investment Manager, LLC (the Investment Manager). [If applicable:] The Investment Manager is registered with the U.S. Securities and Exchange Commission as an investment adviser under the Investment Advisers Act of 1940. [Include the following paragraph to th",
NAV_Statement_BHMacro_Monthly_Apr2024.pdf,SRC114,NAV_Statement,gp,2,printed_label,Manager,Brevan Howard Capital,"APR 2024 BH Macro Limited Shareholder Report Overview Manager: Brevan Howard Capital Management LP (“BHCM”) Administrator: BH Macro Limited (“BHM”) is a closed-ended investment company, registered and incorporated in Northern Trust International Fund Administration Guernsey on 17 January 2007 (Registration Number: 46235). BHM invests all of its assets (net of short-term S",
Performance_NY_OSC_Pension_In_State_Investments.pdf,SRC126,Performance,pension,45,managed_by,is managed by,Hamilton Lane Advisors,"ebsite: www.hpvp.com The Hudson River Co‐Investment Program is managed by Hamilton Lane Advisors, headquartered in Bala Cynwyd, PA. It provides additional capital to private equity fund investors who are deploying capital in New York State. Hamilton Lane Advisors will seek out private equity funds that are considering an investment in New York‐based companies. The Co‐Investment",
Fee_Report_FCERA_Fresno_AB2833_Alternative_Investment_Fees_2021.pdf,SRC186,Fee_Report,pension,74,defined_term,"(the ""Manager"")","General Partner, Lone Star Global Acquisitoins, Ltd.","td., a Bermuda exempted company (""LS Management IV"") of the General Partner, Lone Star Global Acquisitoins, Ltd. (the ""Adviser""), Hudson Advisors L.P. (""Hudso The information herein was prepared without regard to the specific objectives, financial situation or nee person who may receive it. Fresno CERA, by accepting delivery of this information, agrees not to make copy or to di",
Performance_SBCERS_Quarterly_Investment_Performance_Dec2024.pdf,SRC190,Performance,pension,63,printed_label,Manager,Garcia Hamilton Co,"5.01 ¾Median 1.85 5.06 Manager Benchmark )%(nr uteReg arevA Manager: Garcia Hamilton Core Fixed Income (SA) As of December 31, 2024 Benchmark: Bloomberg US Agg Bond Index Peer Group: IM U.S. Broad Market Core Fixed Income (SA+CF) 1.22 1.13 -1.06 -0.99 63 Up Months 57 Down Months Excess Tracking Info Sharpe Downside Return Error Ratio Ratio Risk 1.92 2.75 1.44 0.40 4.10 1.40 2.0",
Performance_SBCERS_Quarterly_Investment_Performance_Dec2024.pdf,SRC190,Performance,pension,64,printed_label,Manager,PGIM Co,"5.01 ¾Median 2.37 5.31 Manager Benchmark )%(nr uteReg arevA Manager: PGIM Core Plus Bond Qualified (CF) As of December 31, 2024 Benchmark: Bloomberg US Agg Bond Index Peer Group: IM U.S. Broad Market Core+ Fixed Income (SA+CF) 1.42 1.13 -1.05 -0.99 63 Up Months 57 Down Months Excess Tracking Info Sharpe Downside Return Error Ratio Ratio Risk 3.53 6.00 1.25 0.60 5.02 2.66 0.98 4",
Performance_Rhode_Island_ERSRI_SIC_Monthly_Feb2026.pdf,SRC202,Performance,pension,83,defined_term,"(the ""Manager"")","Acquired Fund Fees and Expenses. Voya Investments, LLC","he operating expenses of the Portfolio and does not include Acquired Fund Fees and Expenses. Voya Investments, LLC (the ""Investment Adviser"") is contractually obligated to limit expenses to 0.79% of Class I shares, through May 1, 2026. This limitation is subject to possible recoupment by the Investment Adviser within 36 months of the waiver or reimbursement. The amount of the r",
Performance_Rhode_Island_ERSRI_SIC_Monthly_Feb2026.pdf,SRC202,Performance,pension,84,defined_term,"(the ""Manager"")","Acquired Fund Fees and Expenses. Voya Investments, LLC","he operating expenses of the Portfolio and does not include Acquired Fund Fees and Expenses. Voya Investments, LLC (the ""Investment Adviser"") is contractually obligated to limit expenses to 0.87% for Class I shares, through May 1, 2026. This limitation is subject to possible recoupment by the Investment Adviser within 36 months of the waiver or reimbursement. The amount of the",
Performance_Rhode_Island_ERSRI_SIC_Monthly_Feb2026.pdf,SRC202,Performance,pension,84,defined_term,"(the ""Manager"")","Voya Investments, LLC","(13)Voya Large Cap Growth Portfolio - Institutional Class: Voya Investments, LLC (the ""Investment Adviser"") is contractually obligated to limit expenses to 0.67% for Class I shares, through May 1, 2026. The limitation does not extend to interest, taxes, investment-related costs, leverage expenses, extraordinary expenses, and Acquired Fund Fees and Expenses. Termination or modi",
Schedule_Inv_TPG_Twin_Brook_Capital_Income_Fund_ARS_FY2025.pdf,SRC224,Schedule_Inv,gp,4,defined_term,"(the ""Manager"")","AGTB Fund Manager, LLC","parties; • actual and potential conflicts of interest with AGTB Fund Manager, LLC (the “Adviser”) or any of its affiliates; • the elevating levels of inflation, and its impact on our portfolio companies and on the industries in which we invest; • the dependence of our future success on the general economy and its effect on the industries in which we may invest; • the effect of",
Schedule_Inv_TPG_Twin_Brook_Capital_Income_Fund_ARS_FY2025.pdf,SRC224,Schedule_Inv,gp,176,defined_term,"(the ""Manager"")","AGTB Fund Manager, LLC","pital Income Fund” to “TPG Twin Brook Capital Income Fund”. AGTB Fund Manager, LLC (the “Adviser”), an indirect wholly-owned subsidiary of TPG Inc. (“TPG”) (Nasdaq: TPG), a leading global alternative investment firm, serves as the investment adviser of the Company. The Adviser is registered as an investment adviser with the U.S. Securities and Exchange Commission (the “SEC”) un",
Schedule_Inv_WTI_Fund_X_Venture_Debt_ARS_FY2025.pdf,SRC225,Schedule_Inv,gp,3,managed_by,is managed by,Westech Investment Advisors,"stment Company Act of 1940, as amended (the “1940 Act”) and is managed by Westech Investment Advisors LLC (the “Manager” or “Management”) whose ultimate parent is Ridgepost Capital, Inc. (formerly known as P10, Inc.), a Delaware corporation. The Fund is a wholly-owned subsidiary of WTI Fund X, LLC, a Delaware limited liability company (the “Company”). The Fund’s investment obje",
Schedule_Inv_WTI_Fund_X_Venture_Debt_ARS_FY2025.pdf,SRC225,Schedule_Inv,gp,51,managed_by,is managed by,Westech Investment Advisors,"stment Company Act of 1940, as amended (the “1940 Act”) and is managed by Westech Investment Advisors LLC (the “Manager” or “Management”) whose ultimate parent is Ridgepost Capital, Inc. (formerly known as P10, Inc.), a Delaware corporation. On January 12, 2026, P10, Inc. announced that it will change its legal name to Ridgepost Capital, Inc., effective February 11, 2026. The F",
Schedule_Inv_WTI_Fund_XI_Venture_Debt_ARS_FY2025.pdf,SRC226,Schedule_Inv,gp,3,managed_by,is managed by,Westech Investment Advisors,"stment Company Act of 1940, as amended (the “1940 Act”) and is managed by Westech Investment Advisors LLC (the “Manager” or “Management”), whose ultimate parent is Ridgepost Capital, Inc. (formerly known as P10, Inc.), a Delaware corporation. The Fund is a wholly-owned subsidiary of WTI Fund XI, LLC, a Delaware limited liability company (the “Company”). The Fund’s investment ob",
Schedule_Inv_WTI_Fund_XI_Venture_Debt_ARS_FY2025.pdf,SRC226,Schedule_Inv,gp,43,managed_by,is managed by,Westech Investment Advisors,"stment Company Act of 1940, as amended (the “1940 Act”) and is managed by Westech Investment Advisors LLC (the “Manager” or “Management”) whose ultimate parent is Ridgepost Capital, Inc. (formerly known as P10, Inc.), a Delaware corporation. The Fund will be dissolved on December 31, 2033 unless the Board of Directors (the “Board”) opts to elect early dissolution. One hundred p",
Schedule_Inv_CNL_Strategic_Capital_LLC_ARS_FY2025.pdf,SRC227,Schedule_Inv,gp,8,managed_by,is managed by,CNL Strategic Capital,"s a meaningful ownership stake in the business. The company is externally managed by CNL Strategic Capital Management, LLC, which is a registered investment adviser. Shareholder Information Corporate Offices Manager Inquiries by shareholders should be CNL Strategic Capital, LLC CNL Strategic Capital directed to: 450 South Orange Avenue Management, LLC Suite 1400 Orlando, Florid",
Schedule_Inv_CNL_Strategic_Capital_LLC_ARS_FY2025.pdf,SRC227,Schedule_Inv,gp,14,managed_by,is managed by,CNL Strategic Capital,"businesses. We commenced operations on February 7, 2018. We are externally managed by CNL Strategic Capital Management, LLC (the “Manager”), an entity that is registered as an investment adviser under the Investment Advisers Act of 1940, as amended (the “Advisers Act”). The Manager is controlled by CNL Financial Group, LLC (the “Sponsor”), a private investment management firm s",
Schedule_Inv_CNL_Strategic_Capital_LLC_ARS_FY2025.pdf,SRC227,Schedule_Inv,gp,89,managed_by,is managed by,CNL Strategic Capital,"nd grow durable, middle-market U.S. businesses. The Company is externally managed by CNL Strategic Capital Management, LLC (the “Manager”) and sub-managed by Levine Leichtman Strategic Capital, LLC (the “Sub-Manager”). The Manager is responsible for the overall management of the Company’s activities and the Sub-Manager is responsible for the day- to-day management of the Compan",
Financials_Sculptor_Diversified_Real_Estate_Income_Trust_ARS_FY2025.pdf,SRC228,Financials,gp,84,managed_by,is managed by,Sculptor Advisors,"cation as a REIT. The Company and the Operating Partnership are externally managed by Sculptor Advisors LLC (in its capacity as our adviser, the “Adviser”), a Delaware limited liability company and a registered investment adviser. The Adviser is an affiliate of Sculptor Capital Management, Inc. (together with its affiliates, “Sculptor”). Sculptor Diversified REIT Special Limite",
Financials_Sculptor_Diversified_Real_Estate_Income_Trust_ARS_FY2025.pdf,SRC228,Financials,gp,104,managed_by,is managed by,Sculptor Advisors,"ebruary 22, 2022. The Company and the Operating Partnership are externally managed by Sculptor Advisors LLC (the “Adviser”), an affiliate of Sculptor. In March 2023, the Company launched a private placement offering exempt from registration under the Securities Act of 1933, as amended (the “Securities Act”) (the “Offering”). The Company sells shares monthly in the Offering at a",
Financials_JPMorgan_Real_Estate_Income_Trust_ARS_FY2025.pdf,SRC229,Financials,gp,12,managed_by,is managed by,J.P. Morgan Investment Management,"Our Adviser We and the Operating Partnership are externally managed by J.P. Morgan Investment Management Inc., a Delaware corporation. JPMIM is one of theindustry’spremier global real estate investment managers. JPMIM has over 60 years of experience advising and managing some of theworld’smost respected corporations, pension plans, governments, institutions and h",
Financials_JPMorgan_Real_Estate_Income_Trust_ARS_FY2025.pdf,SRC229,Financials,gp,109,managed_by,is managed by,J.P. Morgan Investment Management,"vant real estate experience. The Adviser and J.P. Morgan We are externally managed by J.P. Morgan Investment Management Inc. JPMIM is one of theindustry’spremier global real estate investment managers. JPMIM has over 60 years of experience advising and managing some of theworld’smost respected corporations, pension plans, governments, institutions and high net worth investors o",
Financials_Starwood_Real_Estate_Income_Trust_ARS_FY2025.pdf,SRC231,Financials,gp,120,managed_by,is managed by,Starwood REIT Advisors,"ting Partnership. The Company and the Operating Partnership are externally managed by Starwood REIT Advisors, L.L.C. (the“Advisor”),an affiliate of the Sponsor. On December 27, 2017, the Company commenced its initial public offering of up to $5.0 billion in shares of common stock. On June 2, 2021, the initial public offering terminated and the Company commenced a follow-on publ",
Schedule_Inv_FS_KKR_Capital_Corp_ARS_FY2024.pdf,SRC234,Schedule_Inv,gp,7,managed_by,is managed by,"FS/KKR Advisor, LLC","024, we had total assets of approximately $14.2 billion. We are managed by FS/KKR Advisor, LLC, or the Adviser, a registered investment adviser under the Investment Advisers Act of 1940, as amended, or the Advisers Act, which oversees the management of our operations and is responsible for making investment decisions with respect to our portfolio. Our investment objectives are",
Schedule_Inv_FS_KKR_Capital_Corp_ARS_FY2024.pdf,SRC234,Schedule_Inv,gp,132,managed_by,is managed by,"FS/KKR Advisor, LLC","ng total return swaps and credit default swaps. The Company is externally managed by FS/KKR Advisor, LLC, or the Adviser, pursuant to an investment advisory agreement, dated as of June 16, 2021, or the investment advisory agreement. Note 2. Summary of Significant Accounting Policies Basis of Presentation: The accompanying audited consolidated financial statements of the Company",
Schedule_Inv_Sixth_Street_Specialty_Lending_ARS_FY2024.pdf,SRC235,Schedule_Inv,gp,116,managed_by,is managed by,Sixth Street Specialty Lending Advisers,"Revenue Code of 1986, as amended (the “Code”). The Company is managed by Sixth Street Specialty Lending Advisers, LLC (the “Adviser”). On June 1, 2011, the Company formed a wholly-owned subsidiary, TC Lending, LLC, a Delaware limited liability company. On March 22, 2012, the Company formed a wholly-owned subsidiary, Sixth Street SL SPV, LLC, a Delaware limited liability compan",
Schedule_Inv_MidCap_Financial_Investment_Corp_ARS_FY2024.pdf,SRC236,Schedule_Inv,gp,5,managed_by,is managed by,Apollo Capital,"company, and its applicable subsidiaries. MidCap Financial is managed by Apollo Capital Management, L.P., a subsidiary of Apollo Global Management, Inc., pursuant to an investment management agreement. MidCap Financial is not an investment adviser, subadviser or fiduciary to MidCap Financial Investment Corporation or to the Company’s Investment Adviser. MidCap Financial is not",
Schedule_Inv_Apollo_Debt_Solutions_BDC_ARS_FY2024.pdf,SRC237,Schedule_Inv,gp,3,defined_term,"(the ""Manager"")","Conflicts of Interest Apollo Credit Management, LLC","g results. Risks Related to the Adviser and Its Affiliates; Conflicts of Interest Apollo Credit Management, LLC (the ""Adviser"") and its affiliates, including our officers and some of our Trustees, face conflicts of interest caused by compensation arrangements with us and our affiliates, which could result in actions that are not in the best interests of our shareholders. We may",
Schedule_Inv_Apollo_Debt_Solutions_BDC_ARS_FY2024.pdf,SRC237,Schedule_Inv,gp,5,managed_by,is managed by,Apollo Credit Management,"mpany Act of 1940, as amended (the “1940 Act”). The Company is externally managed by Apollo Credit Management, LLC. The Adviser is an affiliate of Apollo Global Management, Inc. and its consolidated subsidiaries (“AGM”, or “Apollo”). The Company has elected to be treated for federal income tax purposes, and intends to qualify annually thereafter, as a RIC as defined under Subch",
Schedule_Inv_Apollo_Debt_Solutions_BDC_ARS_FY2024.pdf,SRC237,Schedule_Inv,gp,6,managed_by,is managed by,Apollo Credit Management,"r and the Administrator The Company’s investment activities are managed by Apollo Credit Management, LLC, an investment adviser registered with the SEC under the Investment Advisers Act of 1940, as amended (the ""Advisers Act""). Pursuant to the advisory agreement between us and the Adviser, as amended (the ""Advisory Agreement""), the Adviser is responsible for originating prospec",
Schedule_Inv_Apollo_Debt_Solutions_BDC_ARS_FY2024.pdf,SRC237,Schedule_Inv,gp,67,defined_term,"(the ""Manager"")","Apollo Credit Management, LLC","arties; actual and potential conflicts of interest with the Apollo Credit Management, LLC (the ""Adviser"") or any of its affiliates; the elevating levels of inflation, and its impact on our portfolio companies and on the industries in which we invest; the dependence of our future success on the general economy and its effect on the industries in which we may invest; our use of f",
Schedule_Inv_Apollo_Debt_Solutions_BDC_ARS_FY2024.pdf,SRC237,Schedule_Inv,gp,180,defined_term,"(the ""Manager"")","Apollo Credit Management, LLC","the Internal Revenue Code of 1986, as amended (the “Code”). Apollo Credit Management, LLC (the “Adviser”) is our investment adviser and is an affiliate of Apollo Global Management, Inc. and its consolidated subsidiaries (“AGM”, or ""Apollo""). The Adviser, subject to the overall supervision of our Board of Trustees (the ""Board""), manages the day-to-day operations of the Company a",
Schedule_Inv_Franklin_BSP_Capital_Corp_ARS_FY2024.pdf,SRC238,Schedule_Inv,gp,6,managed_by,is managed by,Franklin BSP Capital,"iness of Franklin BSP Capital L.L.C. (the “Conversion”). We are managed by Franklin BSP Capital Adviser L.L.C. (the “Adviser”), an affiliate of Benefit Street Partners L.L.C. (“Benefit Street Partners” or “BSP”). Our Adviser is a Delaware limited liability company that is registered as an investment adviser under the Investment Advisers Act of 1940, as amended (the “Advisers Ac",
Schedule_Inv_Franklin_BSP_Capital_Corp_ARS_FY2024.pdf,SRC238,Schedule_Inv,gp,116,managed_by,is managed by,Franklin BSP Capital,"enced investment operations on January 7, 2021. The Company is managed by Franklin BSP Capital Adviser L.L.C. (the “Adviser”), a Delaware limited liability company and an affiliate of Benefit Street Partners L.L.C. (“Benefit Street Partners” or “BSP”) pursuant to an investment advisory agreement (the “Investment Advisory Agreement”). The Adviser is registered as an investment a",
Schedule_Inv_Franklin_BSP_Capital_Corp_ARS_FY2024.pdf,SRC238,Schedule_Inv,gp,116,managed_by,is managed by,"Franklin BSP Lending Adviser, L.L.C.","ith FBLC for additional information about the Mergers. FBLC was managed by Franklin BSP Lending Adviser, L.L.C., a subsidiary of BSP since 2016. F-26",
Schedule_Inv_MidCap_Financial_Investment_Corp_ARS_FY2022.pdf,SRC241,Schedule_Inv,gp,3,managed_by,is managed by,Apollo Capital,"including MidCap Financial Services, LLC. MidCap Financial is managed by Apollo Capital Management, L.P., a subsidiary of Apollo, pursuant to an investment management agreement between Apollo Capital Management, L.P. and MidCap FinCo Designated Activity Company. MidCap Financial is not an investment adviser, subadviser or fiduciary to the Company or to the Company’s Investment",
Schedule_Inv_MidCap_Financial_Investment_Corp_ARS_FY2022.pdf,SRC241,Schedule_Inv,gp,3,managed_by,is managed by,Apollo Investment Management,"ts sourced) when sourcing loans across its platform. 4 MFIC is managed by Apollo Investment Management, L.P. (the “Investment Adviser”), an affiliate of Apollo. MidCap Financial is managed by Apollo Capital Management, L.P., a subsidiary of Apollo. 5 The Company’s common stock began to trade under the ticker “MFIC” on the NASDAQ Global Stock Market on August 12, 2022. Prior to",
Schedule_Inv_MidCap_Financial_Investment_Corp_ARS_FY2022.pdf,SRC241,Schedule_Inv,gp,4,defined_term,"(the ""Manager"")","Apollo Investment Management, L.P.","ial Investment Corporation’s (“MFIC”) investment adviser is Apollo Investment Management, L.P. (the “Investment Adviser”), an affiliate of Apollo. 2",
Schedule_Inv_Sixth_Street_Specialty_Lending_ARS_FY2022.pdf,SRC242,Schedule_Inv,gp,84,managed_by,is managed by,Sixth Street Lending Partners,"Revenue Code of 1986, as amended (the “Code”). The Company is managed by Sixth Street Lending Partners Advisers, LLC (the “Adviser”). On May 12, 2022, the Company formed a wholly-owned subsidiary, Sixth Street LP Holding, LLC, a Delaware limited liability company. On May 12, 2022, the Company formed a wholly-owned subsidiary, SSLP Lending, LLC, a Delaware limited liability com",
Schedule_Inv_Monroe_Capital_Income_Plus_Corp_ARS_FY2023.pdf,SRC244,Schedule_Inv,gp,12,managed_by,is managed by,MC Advisors,"Officer, who also have active roles within MC Advisors. We are managed by MC Advisors, which has access through the Staffing Agreement to Monroe Capital’s experienced team comprised of approximately 250 professionals, including seven senior partners that average more than 30 years of direct lending experience. This extensive experience includes the management of investments wi",
Schedule_Inv_Monroe_Capital_Income_Plus_Corp_ARS_FY2023.pdf,SRC244,Schedule_Inv,gp,76,managed_by,is managed by,Monroe Capital,"r financial condition. Governance Our cybersecurity program is managed by Monroe Capital’s dedicated internal cybersecurity team, which is responsible for enterprise-wide cybersecurity strategy, policies, standards, engineering, architecture and processes. The team is led by Monroe Capital’s Head of Information Technology, who has a bachelor’s degree in systems engineering and",
Schedule_Inv_Monroe_Capital_Income_Plus_Corp_ARS_FY2023.pdf,SRC244,Schedule_Inv,gp,145,managed_by,is managed by,Monroe Capital,"appreciation through a variety of investments. The Company is managed by Monroe Capital BDC Advisors, LLC (“MC Advisors”). The Company has elected to be regulated as a business development company (“BDC”) under the Investment Company Act of 1940, as amended (the “1940 Act”). In addition, for U.S. federal income tax purposes, the Company elected to be treated as a regulated inv",
Schedule_Inv_Venture_Lending_and_Leasing_IX_ARS_FY2024.pdf,SRC245,Schedule_Inv,gp,3,managed_by,is managed by,Westech Investment Advisors,"stment Company Act of 1940, as amended (the “1940 Act”) and is managed by Westech Investment Advisors LLC (the “Manager” or “Management”). All of the issued and outstanding membership interests of the Manager were acquired by P10 Intermediate Holdings LLC, a Delaware limited liability company whose ultimate parent is P10, Inc., a Delaware corporation (together, “P10”) on Octobe",
Schedule_Inv_Venture_Lending_and_Leasing_IX_ARS_FY2024.pdf,SRC245,Schedule_Inv,gp,51,managed_by,is managed by,Westech Investment Advisors,"stment Company Act of 1940, as amended (the “1940 Act”) and is managed by Westech Investment Advisors LLC (the “Manager” or “Management”). All of the issued and outstanding membership interests of the Manager were acquired by P10 Intermediate Holdings LLC, a Delaware limited liability company whose ultimate parent is P10, Inc., a Delaware corporation (together, “P10”) on Octobe",
NAV_Statement_HGIT_Prospectus_With_Supplements_Jul2026.pdf,SRC252,NAV_Statement,gp,15,managed_by,is managed by,HGIT Advisors,"perated and sold real estate for over 68 years. The Company is managed by HGIT Advisors LP (the “Advisor”), an affiliate of Hines. The Company conducts substantially all of its operations through HGIT Properties, LP (the “Operating Partnership”). An affiliate of the Advisor, Hines Global REIT II Associates LP, owns less than a 1% limited partner interest in the Operating Partne",
NAV_Statement_HGIT_Prospectus_With_Supplements_Jul2026.pdf,SRC252,NAV_Statement,gp,33,defined_term,"(the ""Manager"")",HGIT Advisors LP,"levels, acquisitions and investment objectives, payments to HGIT Advisors LP (the “Advisor”), and its affiliates and other plans and objectives of management for future operations or economic performance, or assumptions or forecasts related thereto as well as all other statements that are not historical statements. These statements are only predictions. We caution that forward-",
Financials_SREIT_Annual_Report_FY2023.pdf,SRC254,Financials,gp,14,defined_term,"(the ""Manager"")","Starwood Capital Group Holdings, L.P.","he “Special Limited Partner”), a wholly owned subsidiary of Starwood Capital Group Holdings, L.P. (the “Sponsor”), owns a special limited partner interest in the Operating Partnership. Substantially all of our business is conducted through the Operating Partnership. We and the Operating Partnership are externally managed by the Advisor, an affiliate of the Sponsor. Our board of",
Financials_SREIT_Annual_Report_FY2023.pdf,SRC254,Financials,gp,123,managed_by,is managed by,Starwood REIT Advisors,"ting Partnership. The Company and the Operating Partnership are externally managed by Starwood REIT Advisors, L.L.C. (the “Advisor”), an affiliate of the Sponsor. As of December 31, 2023, the Company owned 471 consolidated real estate properties, 1,016 single-family rental homes, two investments in unconsolidated real estate ventures and eight positions in real estate debt inve",
Financials_BREIT_Annual_Report_FY2024.pdf,SRC256,Financials,gp,126,managed_by,is managed by,BX REIT Advisors,"we own substantially all of our assets through BREIT OP. We are externally managed by BX REIT Advisors L.L.C. (the “Adviser”). The Adviser is part of the real estate group of Blackstone Inc. (“Blackstone”), a leading investment manager. We currently operate our business in nine reportable segments: Rental Housing, Industrial, Net Lease, Data Centers, Hospitality, Self Storage,",
Financials_BREIT_Annual_Report_FY2024.pdf,SRC256,Financials,gp,167,managed_by,is managed by,BX REIT Advisors,"ess is conducted through BREIT OP. The Company and BREIT OP are externally managed by BX REIT Advisors L.L.C. (the “Adviser”). The Adviser is part of the real estate group of Blackstone, a leading global investment manager. The Company was formed on November 16, 2015 as a Maryland corporation and qualifies as a real estate investment trust (“REIT”) for U.S. federal income tax p",
Financials_Nuveen_Global_Cities_REIT_Annual_Report_FY2025.pdf,SRC261,Financials,gp,18,defined_term,"(the ""Manager"")","Nuveen Real Estate Global Cities Advisors, LLC","e-related assets. We are externally managed by our advisor, Nuveen Real Estate Global Cities Advisors, LLC (the “Advisor”), an investment advisory affiliate of Nuveen Real Estate. Nuveen Real Estate is the real estate investment management division of our sponsor, Nuveen, LLC (together with its affiliates, “Nuveen” or the “Sponsor”). Nuveen is the asset management arm and wholl",
Financials_Nuveen_Global_Cities_REIT_Annual_Report_FY2025.pdf,SRC261,Financials,gp,85,defined_term,"(the ""Manager"")","Nuveen Real Estate Global Cities Advisors, LLC","e-related assets. We are externally managed by our advisor, Nuveen Real Estate Global Cities Advisors, LLC (the “Advisor”), an investment advisory affiliate of Nuveen Real Estate. Nuveen Real Estate is the real estate investment management division of our sponsor, Nuveen, LLC (“Nuveen”). Nuveen is the asset management arm and a wholly owned subsidiary of Teachers Insurance and",
Financials_Nuveen_Global_Cities_REIT_Annual_Report_FY2025.pdf,SRC261,Financials,gp,141,defined_term,"(the ""Manager"")","Nuveen, LLC","to continue to qualify as a REIT. The Company’s sponsor is Nuveen, LLC (the “Sponsor”), a wholly owned subsidiary of Teachers Insurance and Annuity Association of America (“TIAA”). The Company is the sole general partner of Nuveen Global Cities REIT OP, LP, a Delaware limited partnership (“Operating Partnership”). Operating Partnership has issued a limited partner interest to",
Financials_Nuveen_Global_Cities_REIT_Annual_Report_FY2025.pdf,SRC261,Financials,gp,141,managed_by,is managed by,Nuveen Real Estate Global Cities Advisors,"perating Partnership. The Company and Operating Partnership are externally managed by Nuveen Real Estate Global Cities Advisors, LLC (the “Advisor”), an indirect, wholly owned subsidiary of the Sponsor and an investment advisory affiliate of Nuveen Real Estate (“Nuveen Real Estate”). Pursuant to a Registration Statement on Form S-11 (File No. 333-222231), the Company registered",
Financials_Nuveen_Global_Cities_REIT_Annual_Report_FY2024.pdf,SRC262,Financials,gp,14,defined_term,"(the ""Manager"")","Nuveen Real Estate Global Cities Advisors, LLC","e-related assets. We are externally managed by our advisor, Nuveen Real Estate Global Cities Advisors, LLC (the “Advisor”), an investment advisory affiliate of Nuveen Real Estate. Nuveen Real Estate is the real estate investment management division of our sponsor, Nuveen, LLC (together with its affiliates, “Nuveen” or the “Sponsor”). Nuveen is the asset management arm and wholl",
Financials_Nuveen_Global_Cities_REIT_Annual_Report_FY2024.pdf,SRC262,Financials,gp,133,defined_term,"(the ""Manager"")","Nuveen, LLC","to continue to qualify as a REIT. The Company’s sponsor is Nuveen, LLC (the “Sponsor”), a wholly owned subsidiary of Teachers Insurance and Annuity Association of America (“TIAA”). The Company is the sole general partner of Nuveen Global Cities REIT OP, LP, a Delaware limited partnership (“Nuveen OP”). Nuveen OP has issued a limited partner interest to Nuveen Global Cities REI",
Financials_Nuveen_Global_Cities_REIT_Annual_Report_FY2024.pdf,SRC262,Financials,gp,133,managed_by,is managed by,Nuveen Real Estate Global Cities Advisors,"s is conducted through Nuveen OP. The Company and Nuveen OP are externally managed by Nuveen Real Estate Global Cities Advisors, LLC (the “Advisor”), an indirect, wholly owned subsidiary of the Sponsor and an investment advisory affiliate of Nuveen Real Estate (“Nuveen Real Estate”). Pursuant to a Registration Statement on Form S-11 (File No. 333-222231) (the “Initial Public Of",
Financials_Nuveen_Global_Cities_REIT_Annual_Report_FY2023.pdf,SRC263,Financials,gp,12,defined_term,"(the ""Manager"")","Nuveen Real Estate Global Cities Advisors, LLC","e-related assets. We are externally managed by our advisor, Nuveen Real Estate Global Cities Advisors, LLC (the “Advisor”), an investment advisory affiliate of Nuveen Real Estate. Nuveen Real Estate is the real estate investment management division of our sponsor, Nuveen, LLC (together with its affiliates, “Nuveen” or the “Sponsor”). Nuveen is the asset management arm and wholl",
Financials_Nuveen_Global_Cities_REIT_Annual_Report_FY2023.pdf,SRC263,Financials,gp,80,defined_term,"(the ""Manager"")","Nuveen Real Estate Global Cities Advisors, LLC","l mortgage loans. We are externally managed by our advisor, Nuveen Real Estate Global Cities Advisors, LLC (the “Advisor”), an investment advisory affiliate of Nuveen Real Estate. Nuveen Real Estate is the real estate investment management division of our sponsor, Nuveen, LLC (“Nuveen”). Nuveen is the asset management arm and a wholly owned subsidiary of TIAA. Public Offerings",
Financials_Nuveen_Global_Cities_REIT_Annual_Report_FY2023.pdf,SRC263,Financials,gp,133,defined_term,"(the ""Manager"")","Nuveen, LLC","to continue to qualify as a REIT. The Company’s sponsor is Nuveen, LLC (the “Sponsor”), a wholly owned subsidiary of Teachers Insurance and Annuity Association of America (“TIAA”). The Company is the sole general partner of Nuveen Global Cities REIT OP, LP, a Delaware limited partnership (“Nuveen OP”). Nuveen OP has issued a limited partner interest to Nuveen Global Cities REI",
Financials_Nuveen_Global_Cities_REIT_Annual_Report_FY2023.pdf,SRC263,Financials,gp,133,managed_by,is managed by,Nuveen Real Estate Global Cities Advisors,"s is conducted through Nuveen OP. The Company and Nuveen OP are externally managed by Nuveen Real Estate Global Cities Advisors, LLC (the “Advisor”), an indirect, wholly owned subsidiary of the Sponsor and an investment advisory affiliate of Nuveen Real Estate. Pursuant to a Registration Statement on Form S-11 (File No. 333-222231) (the “IPO Registration Statement”), the Compan",
Financials_Brookfield_REIT_Annual_Report_FY2024.pdf,SRC266,Financials,gp,65,managed_by,is managed by,Brookfield REIT Adviser LLC,"usted returns, as well as provide a source of liquidity. We are externally managed by Brookfield REIT Adviser LLC (the “Adviser”), an affiliate of Brookfield Asset Management Ltd. (together with its affiliates, “Brookfield”). We are structured as an umbrella partnership real estate investment trust (“UPREIT”), which means that we own substantially all of our assets through our",
Financials_Brookfield_REIT_Annual_Report_FY2024.pdf,SRC266,Financials,gp,92,managed_by,is managed by,Brookfield REIT Adviser LLC,"ting Partnership. The Company and the Operating Partnership are externally managed by Brookfield REIT Adviser LLC (the “Adviser”), an affiliate of Brookfield Asset Management Ltd. (together with its affiliates, “Brookfield”). Prior to the Adviser Transition (as defined below) that occurred on November 2, 2021, the Company was externally managed by Oaktree Fund Advisors, LLC (th",
Financials_Brookfield_REIT_Annual_Report_FY2024.pdf,SRC266,Financials,gp,92,managed_by,is managed by,Oaktree Fund Advisors,"fined below) that occurred on November 2, 2021, the Company was externally managed by Oaktree Fund Advisors, LLC (the “Oaktree Adviser” or the “Sub-Adviser”), an affiliate of Oaktree Capital Management, L.P. (“Oaktree”). On November 2, 2021, the Company, the Adviser and the Operating Partnership consummated a series of related transactions and actions, referred collectively as",
Financials_Hines_Global_Income_Trust_Annual_Report_FY2024.pdf,SRC268,Financials,gp,19,defined_term,"(the ""Manager"")",HGIT Advisors LP,"ds from our public offerings, cash advances by our advisor, HGIT Advisors LP (the “Advisor”), cash resulting from a waiver or deferral of fees and/or proceeds from the sale of assets. We have not placed a cap on the amount of our distributions that may be paid from any of these sources. If we pay distributions from sources other than our cash flow from operations, we will have",
Financials_Hines_Global_Income_Trust_Annual_Report_FY2024.pdf,SRC268,Financials,gp,105,managed_by,is managed by,HGIT Advisors,"perated and sold real estate for over 67 years. The Company is managed by HGIT Advisors LP (the “Advisor”), an affiliate of Hines. The Company conducts substantially all of its operations through HGIT Properties, LP (the “Operating Partnership”). An affiliate of the Advisor, Hines Global REIT II Associates LP, owns less than a 1% limited partner interest in the Operating Partne",
Financials_INREIT_Invesco_Real_Estate_Income_Trust_Annual_Report_FY2025.pdf,SRC270,Financials,gp,6,defined_term,"(the ""Manager"")","decision of Invesco Advisers, Inc.","o limits on the amounts that may be paid from such sources. The decision of Invesco Advisers, Inc. (the Adviser) to receive its management fee in shares of INREIT and the subsequent repurchase of such Adviser shares will impact INREIT’s cash position. The reimbursement of organizational and offering or other expenses paid to the Adviser will impact INREIT’s net asset value (NAV",
Financials_INREIT_Invesco_Real_Estate_Income_Trust_Annual_Report_FY2025.pdf,SRC270,Financials,gp,9,defined_term,"(the ""Manager"")","decision of Invesco Advisers, Inc.","o limits on the amounts that may be paid from such sources. The decision of Invesco Advisers, Inc. (the Adviser) to receive its management fee in shares of INREIT and the subsequent repurchase of such Adviser shares will impact INREIT’s cash position. The reimbursement of organizational and offering or other expenses paid to the Adviser will impact INREIT’s net asset value (NAV",
Financials_RREEF_Property_Trust_Annual_Report_FY2023.pdf,SRC272,Financials,gp,11,managed_by,is managed by,"RREEF America, L.L.C.","der, LLC (the “OP Holder”), our wholly-owned subsidiary. We are externally managed by RREEF America, L.L.C. (“RREEF America” or our “advisor”), our advisor and sponsor. RREEF America, together with its affiliates in Europe and Asia, comprise the global real estate investment business of DWS Group GmbH & Co. KGaA (together with its subsidiaries, ""DWS""), a German partnership limi",
Financials_RREEF_Property_Trust_Annual_Report_FY2022.pdf,SRC273,Financials,gp,11,managed_by,is managed by,"RREEF America, L.L.C.","der, LLC (the “OP Holder”), our wholly-owned subsidiary. We are externally managed by RREEF America, L.L.C. (“RREEF America” or our “advisor”), our advisor and sponsor. RREEF America, together with its affiliates in Europe and Asia, comprise the global real estate investment business of DWS Group GmbH & Co. KGaA (together with its subsidiaries, ""DWS""), a German partnership limi",
Financials_Cantor_Fitzgerald_Income_Trust_Annual_Report_FY2024.pdf,SRC274,Financials,gp,4,defined_term,"(the ""Manager"")","Cantor Fitzgerald Income Advisors, LLC","the Company’s dependence on the resources and personnel of Cantor Fitzgerald Income Advisors, LLC (the “Advisor”), Cantor Fitzgerald Investors, LLC (“CFI”), and their affiliates, including the Advisor’s ability to source and close on attractiveinvestmentopportunitiesontheCompany’sbehalf; • theperformanceoftheAdvisorandCFI; • theCompany’sabilitytodeploycapitalquicklyandsuccessf",
Financials_Cantor_Fitzgerald_Income_Trust_Annual_Report_FY2023.pdf,SRC275,Financials,gp,4,defined_term,"(the ""Manager"")","Cantor Fitzgerald Income Advisors, LLC"," the Company’s dependenceon the resources and personnel of Cantor Fitzgerald Income Advisors, LLC (the “Advisor”), Cantor Fitzgerald Investors, LLC (“CFI”), and their affiliates, including the Advisor’s ability to source and close on attractiveinvestmentopportunitiesontheCompany’sbehalf;  theperformanceoftheAdvisorandCFI;  theCompany’sabilitytodeploycapitalquicklyandsuccessf",
Financials_Sculptor_Diversified_REIT_Annual_Report_FY2024.pdf,SRC276,Financials,gp,102,managed_by,is managed by,Sculptor Advisors,"ebruary 22, 2022. The Company and the Operating Partnership are externally managed by Sculptor Advisors LLC (the “Adviser”), an affiliate of Sculptor. The Company commenced its principal operations upon the acquisition of its first asset. On January 4, 2023, the Operating Partnership acquired a controlling interest in CapGrow Holdings Member, LLC (the “CapGrow Member” or the “P",
Financials_Sculptor_Diversified_REIT_Annual_Report_FY2023.pdf,SRC277,Financials,gp,78,managed_by,is managed by,Sculptor Advisors,"lly all of our assets through the Operating Partnership. We are externally managed by Sculptor Advisors LLC, an affiliate of Sculptor. The Company was formed on February 11, 2022 (“Inception”) as a Maryland corporation and intends to qualify as a real estate investment trust (“REIT”) for U.S. federal income tax purposes beginning January 1, 2023. We generally will not be subjec",
Financials_Sculptor_Diversified_REIT_Annual_Report_FY2023.pdf,SRC277,Financials,gp,97,managed_by,is managed by,Sculptor Advisors,"ebruary 22, 2022. The Company and the Operating Partnership are externally managed by Sculptor Advisors LLC (the “Adviser”), an affiliate of Sculptor. The Company commenced its principal operations upon the acquisition of its first asset. On January 4, 2023, the Operating Partnership acquired a controlling interest in CapGrow Holdings Member, LLC (the “CapGrow Member” or the “P",
Financials_FS_Credit_Real_Estate_Income_Trust_Annual_Report_FY2025.pdf,SRC279,Financials,gp,12,managed_by,is managed by,"FS Real Estate Advisor, LLC","y commenced investment operations on September 13, 2017. We are managed by FS Real Estate Advisor, LLC (“FS Real Estate Advisor” or the “adviser”), a subsidiary of our sponsor, Franklin Square Holdings, L.P., which does business as Future Standard (“Future Standard” or the “sponsor”), a national sponsor of alternative investment funds designed for the individual investor. FS Re",
Financials_FS_Credit_Real_Estate_Income_Trust_Annual_Report_FY2025.pdf,SRC279,Financials,gp,77,managed_by,is managed by,"FS Real Estate Advisor, LLC","ed investment operations on September 13, 2017. The Company is managed by FS Real Estate Advisor, LLC, (""FS Real Estate Advisor"" or the ""adviser""), a subsidiary of the Company’s sponsor, Franklin Square Holdings, L.P., which does business as Future Standard (""Future Standard""), a national sponsor of alternative investment funds designed for the individual investor. FS Real Esta",
Financials_InPoint_Commercial_RE_Income_Annual_Report_FY2024.pdf,SRC280,Financials,gp,98,managed_by,is managed by,"Inland InPoint Advisor, LLC","as a REIT for U.S. federal income tax purposes. The Company is externally managed by Inland InPoint Advisor, LLC (the “Advisor”), a Delaware limited liability company formed in August 2016 that is a wholly owned indirect subsidiary of Inland Real Estate Investment Corporation (“IREIC”), a member of The Inland Real Estate Group of Companies, Inc. The Advisor is responsible for c",
Schedule_Inv_InPoint_Commercial_RE_Income_Annual_Report_FY2025.pdf,SRC281,Schedule_Inv,gp,98,managed_by,is managed by,"Inland InPoint Advisor, LLC","as a REIT for U.S. federal income tax purposes. The Company is externally managed by Inland InPoint Advisor, LLC (the“Advisor”),a Delaware limited liability company formed in August 2016 that is a wholly owned indirect subsidiary of Inland Real Estate Investment Corporation (“IREIC”), a member of The Inland Real Estate Group of Companies, Inc. The Advisor is responsible for coo",
Schedule_Inv_AREIT_Ares_Real_Estate_Income_Trust_Annual_Report_FY2024.pdf,SRC282,Schedule_Inv,gp,4,defined_term,"(the ""Manager"")",Ares Commercial Real Estate Management LLC,"of our relationships with Ares real estate (the “Sponsor”), Ares Commercial Real Estate Management LLC (the “Advisor”), and their affiliates;  changes in accounting principles, policies and guidelines applicable to REITs;  environmental, regulatory and/or safety requirements; and  the availability and cost of comprehensive insurance, including coverage for terrorist acts. Fo",
Schedule_Inv_AREIT_Ares_Real_Estate_Income_Trust_Annual_Report_FY2024.pdf,SRC282,Schedule_Inv,gp,119,managed_by,is managed by,Ares Co,"ate Income Trust Inc. and its consolidated subsidiaries. We are externally managed by Ares Commercial Real Estate Management LLC (the “Advisor”) and consider Ares real estate to be our sponsor (the “Sponsor”). Ares Real Estate Income Trust Inc. is a Maryland corporation formed on April 11, 2005. We are primarily focused on investing in and operating a diverse portfolio of real",
Financials_AREIT_Ares_Real_Estate_Income_Trust_Annual_Report_FY2025.pdf,SRC283,Financials,gp,4,defined_term,"(the ""Manager"")",Ares Commercial Real Estate Management LLC,"of our relationships with Ares real estate (the “Sponsor”), Ares Commercial Real Estate Management LLC (the “Advisor”), and their affiliates; • changes in accounting principles, policies and guidelines applicable to REITs; • environmental, regulatory and/or safety requirements; and • the availability and cost of comprehensive insurance, including coverage for terrorist acts. Fo",
Financials_AREIT_Ares_Real_Estate_Income_Trust_Annual_Report_FY2025.pdf,SRC283,Financials,gp,119,managed_by,is managed by,Ares Co,"ate Income Trust Inc. and its consolidated subsidiaries. We are externally managed by Ares Commercial Real Estate Management LLC (the “Advisor”) and consider Ares real estate to be our sponsor (the “Sponsor”). Ares Real Estate Income Trust Inc. is a Maryland corporation formed on April 11, 2005. We are primarily focused on investing in and operating a diverse portfolio of real",
Schedule_Inv_AIREIT_Ares_Industrial_REIT_Annual_Report_FY2024.pdf,SRC284,Schedule_Inv,gp,5,defined_term,"(the ""Manager"")",Ares Commercial Real Estate Management LLC,"net proceeds from our securities offerings, our reliance on Ares Commercial Real Estate Management LLC (the “Advisor”) and Ares real estate (the “Sponsor” or “AREG”) of Ares Management Corporation (“Ares”), our understanding of our competition and our ability to compete effectively, our financing needs, our expected leverage, the effects of our current strategies, rent and occu",
Schedule_Inv_AIREIT_Ares_Industrial_REIT_Annual_Report_FY2024.pdf,SRC284,Schedule_Inv,gp,109,managed_by,is managed by,Ares Co,Operating Partnership LP (the “Operating Partnership”). We are externally managed by Ares Commercial Real Estate Management LLC (the “Advisor”) and consider Ares real estate to be our sponsor (the “Sponsor”). AIREIT was formed to make equity and debt investments in income-producing real estate assets consisting primarily of high-quality distribution warehouses and other indust,
Schedule_Inv_AIREIT_Ares_Industrial_REIT_Annual_Report_FY2023.pdf,SRC285,Schedule_Inv,gp,6,defined_term,"(the ""Manager"")",Ares Commercial Real Estate Management LLC,"net proceeds from our securities offerings, our reliance on Ares Commercial Real Estate Management LLC (the “Advisor”) and Ares real estate (the “Sponsor” or “AREG”) of Ares Management Corporation (“Ares”), our understanding of our competition and our ability to compete effectively, our financing needs, our expected leverage, the effects of our current strategies, rent and occu",
Financials_Oakley_Capital_Investments_Annual_Report_FY2024.pdf,SRC291,Financials,lp,21,printed_label,Investment Adviser,Oakley Capital,Capital We are a listed private equity company: Our chosen Investment Adviser: Oakley Capital Investments (‘OCI’) Oakley Capital (‘Oakley’) We provide public access to the private assets advised by Leading private equity firm investing in Oakley Capital by investing in the Oakley Funds. Our fast-growing unlisted companies strategic objective is to generate long-term superior r,
Financials_Oakley_Capital_Investments_Annual_Report_FY2024.pdf,SRC291,Financials,lp,22,defined_term,"(the ""Manager"")",Business model / Oakley Capital,pital Investments /Annual Report 2024 /Business model    Business model / Oakley Capital (Investment Adviser) The Oakley Difference Why does OCI choose Oakley Capital as its valued Investment Adviser? Oakley Capital is a pan-European private equity investor that is the partner of choice for founders and management teams with ambitions to grow their businesses and unlock thei,
Financials_Oakley_Capital_Investments_Annual_Report_FY2024.pdf,SRC291,Financials,lp,23,defined_term,"(the ""Manager"")",Business model / Oakley Capital,"pital Investments /Annual Report 2024 /Business model    Business model / Oakley Capital (Investment Adviser) Focused on sourcing the best investments... Deal origination Oakley’s success is built on its network of entrepreneurs and business founders, a number of whom it has previously backed. Oakley develops and benefits from repeat partnerships with these entrepreneurs fro",
Financials_Oakley_Capital_Investments_Annual_Report_FY2024.pdf,SRC291,Financials,lp,24,defined_term,"(the ""Manager"")",Business model / Oakley Capital,pital Investments /Annual Report 2024 /Business model    Business model / Oakley Capital (Investment Adviser) From a proprietary deal network... Business founder network Navigating complexity Oakley Capital's business founder network provides Successful track record of navigating complexity privileged access to off-market opportunities and across multiple dimensions: carve-o,
Financials_Oakley_Capital_Investments_Annual_Report_FY2024.pdf,SRC291,Financials,lp,26,defined_term,"(the ""Manager"")",Business model / Oakley Capital,"pital Investments /Annual Report 2024 /Business model    Business model / Oakley Capital (Investment Adviser) And proven value creation drivers... Oakley’s Investment Team works closely with founders and management teams to accelerate growth and create sustainable value by deploying a range of strategies including mergers & acquisitions (M&A), business transformation, perfor",
Financials_Oakley_Capital_Investments_Annual_Report_FY2024.pdf,SRC291,Financials,lp,27,defined_term,"(the ""Manager"")",Business model / Oakley Capital,"pital Investments /Annual Report 2024 /Business model    Business model / Oakley Capital (Investment Adviser) 1 Buy and build To date, Oakley has supported its portfolio companies with more than 250 bolt-on acquisitions, often providing the expertise and resources to 250+ help source and execute acquisitions. These include transformative deals that enable them to scale up qu",
Financials_Oakley_Capital_Investments_Annual_Report_FY2024.pdf,SRC291,Financials,lp,28,defined_term,"(the ""Manager"")",Business model / Oakley Capital,"pital Investments /Annual Report 2024 /Business model    Business model / Oakley Capital (Investment Adviser) 2 Business transformation Helping portfolio companies to meaningfully enhance the way they do business, increasing their value. This can include shifting to a recurring We leverage digital revenue or software as a service (SaaS) business model to improve the tools an",
Financials_Oakley_Capital_Investments_Annual_Report_FY2024.pdf,SRC291,Financials,lp,29,defined_term,"(the ""Manager"")",Business model / Oakley Capital,"pital Investments /Annual Report 2024 /Business model    Business model / Oakley Capital (Investment Adviser) 3 Performance improvement Giving management teams the tools to make better informed decisions by improving management information, data analysis and reporting. Oakley's Data & Analytics team helps unlock value across the portfolio by providing expert guidance to mana",
Financials_Oakley_Capital_Investments_Annual_Report_FY2024.pdf,SRC291,Financials,lp,30,defined_term,"(the ""Manager"")",Business model / Oakley Capital,"pital Investments /Annual Report 2024 /Business model    Business model / Oakley Capital (Investment Adviser) 4 Talent acquisition A key asset in any business is human capital, and Oakley's Head of Talent alongside the team, help portfolio companies attract and retain the best talent, while also advising on the optimal organisational structure to support a long- term busines",
Financials_Pantheon_Infrastructure_Annual_Report_FY2024.pdf,SRC292,Financials,lp,2,managed_by,is managed by,Pantheon Ventures,"ther defensive characteristics. non‑executive Directors and is managed by Pantheon Ventures (UK) LLP (‘Pantheon’ or the 'Investment Manager'), a leading multi‑strategy investment manager in infrastructure and real assets, private equity, private debt and real estate.",
Financials_Renewables_Infrastructure_Group_Annual_Report_FY2025.pdf,SRC296,Financials,lp,11,printed_label,Investment Manager,Advising the Board sales opportunities InfraRed Capital,"and Director day-to-day management execution of electricity Investment Manager – Advising the Board sales opportunities InfraRed Capital on strategy and – Capital raising, Partners Limited dividend policy investor relations and – Sourcing, transacting investor reporting 25+ and approving – Risk management and Phil George new investments financial administration Chief Financial",
Financials_Princess_Private_Equity_Holding_Annual_Report_FY2023.pdf,SRC298,Financials,lp,2,managed_by,is managed by,Partners Group,"ompanies in the middle and upper middle market. The Company is managed by Partners Group AG (""Partners Group""). Princess primarily accesses investments directly, and to a lesser extent via Partners Group's private equity programs; Princess also holds a small portfolio of fund investments that is currently in run-off. Princess aims to provide shareholders with long-term capital",
Financials_Princess_Private_Equity_Holding_Annual_Report_FY2023.pdf,SRC298,Financials,lp,69,defined_term,"(the ""Manager"")",Partners Group AG,"reported in a manner consistent with internal reporting at Partners Group AG (the ""Investment Manager""). The Investment Manager is appointed by the Directors and has been identified as the chief operating decision maker,responsibleforallocatingresourcesandassessingtheperformanceofeachoperatingsegment.Operatingsegments havebeenidentifiedas:privateequity,privatedebt,privatereale",
Quarterly_Report_Partners_Group_Private_Equity_Interim_Jun2024.pdf,SRC299,Quarterly_Report,lp,2,managed_by,is managed by,Partners Group,"companiesin the middle and upper middle market. The Company is managed by Partners Group AG (""Partners Group""). PGPE Ltd primarilyaccessesinvestmentsdirectly,andtoalesserextentviaPartnersGroup'sprivateequityprograms;theCompany also holds a small portfolio of legacy third party fund investments that is currently in run-off. PGPE Ltd aims to provide shareholders with long-term ca",
Financials_Greencoat_UK_Wind_Annual_Report_FY2024.pdf,SRC302,Financials,lp,116,defined_term,"(the ""Manager"")",Schroders Greencoat LLP,"PLC (LEI: 213800ZPBBK8H51RX165) (the “Company”), managed by Schroders Greencoat LLP (the “Investment Manager”) 1. Summary The Investment Manager considers PAIs of its investment decisions on sustainability factors in relation to the Company. The present statement is the consolidated statement on PAIs on sustainability factors of the Company. This statement on principal adverse",
Financials_Greencoat_UK_Wind_Annual_Report_FY2025.pdf,SRC303,Financials,lp,121,defined_term,"(the ""Manager"")",Schroders Greencoat LLP,"PLC (LEI: 213800ZPBBK8H51RX165) (the “Company”), managed by Schroders Greencoat LLP (the “Investment Manager”) 1. Summary The Investment Manager considers PAIs of its investment decisions on sustainability factors in relation to the Company. The present statement is the consolidated statement on PAIs on sustainability factors of the Company. This statement on principal adverse",
Financials_Seraphim_Space_Investment_Trust_Annual_Report_FY2025_Jun.pdf,SRC312,Financials,lp,3,managed_by,is managed by,Seraphim Space Manager LLP,"nline: investors.seraphim.vc investment manager The Company is managed by Seraphim Space Manager LLP (the ‘Investment Manager’ or ‘Seraphim Space’), the world’s most prolific SpaceTech investment group. The Investment Manager’s team consists of seasoned venture capitalists and some of the space sector’s most successful entrepreneurs who scaled their businesses to multi-billion",
Financials_Seraphim_Space_Investment_Trust_Annual_Report_FY2023_Jun.pdf,SRC313,Financials,lp,3,managed_by,is managed by,Seraphim Space Manager LLP,"ent manager Fair value vs. cost(1) 98.5% 104.3% The Company is managed by Seraphim Space Manager LLP (the ‘Investment Manager’ or ‘Seraphim Space’), the world’s leading SpaceTech investment group. The Investment Manager’s team consists of seasoned venture capitalists and some of the space Market capitalisation £64.6m £126.9m -49.1% sector’s most successful entrepreneurs who sca",
Reporting_NZ_Super_Fund_Stewardship_Report_2025.pdf,SRC339,Reporting,pension,14,managed_by,is managed by,Annuitas Management,"nment Superannuation Fund Authority 2024 2025 (GSFA), which is managed by Annuitas Management Limited. Annuitas also manages the National Provident Fund. • Coal phase out • Sustainable longevity economy Our shared engagement service provider for global equities is Columbia Threadneedle • Diversity in clinical trials and healthcare Investments’ Responsible Engagement Overlay (re",
Financials_UTIMCO_Permanent_University_Fund_FY2025_Audited.pdf,SRC354,Financials,lp,3,managed_by,is managed by,University of Texas/Texas A&M Investment Management,elated assets and liabilities and changes therein which are being managed by The University of Texas/Texas A&M Investment Management Company and do not include the 2.1 million acres of land discussed in Note 1. Our opinion is not modified with respect to these matters.,
Schedule_Inv_UTIMCO_PUF_Detail_Schedules_FY2022.pdf,SRC358,Schedule_Inv,lp,2,managed_by,is managed by,University of Texas/Texas A&M Investment Management,"elated assets and liabilities and changes therein which are being managed by The University of Texas/Texas A&M Investment Management Company and does not include the PUF’s 2.1 million acres of land. October 31, 2022",
Schedule_Inv_UTIMCO_PUF_Detail_Schedules_FY2021.pdf,SRC359,Schedule_Inv,lp,2,managed_by,is managed by,University of Texas/Texas A&M Investment Management,"elated assets and liabilities and changes therein which are being managed by The University of Texas/Texas A&M Investment Management Company and does not include the PUF’s 2.1 million acres of land. October 29, 2021",
Schedule_Inv_AB_Private_Lending_Fund_ARS_FY2025.pdf,SRC396,Schedule_Inv,gp,5,managed_by,is managed by,AB Private Credit Investors LLC,"med as a Delaware statutory trust on June 8, 2023, the Fund is externally managed by AB Private Credit Investors LLC (the“Adviser”or“AB-PCI”),which is responsible for sourcing potential investments, conducting due diligence on prospective investments, analyzing investment opportunities, structuring investments and monitoring our portfolio on an ongoing basis. The Adviser is reg",
Schedule_Inv_AB_Private_Lending_Fund_ARS_FY2025.pdf,SRC396,Schedule_Inv,gp,66,managed_by,is managed by,AB Private Credit Investors LLC,"med as a Delaware statutory trust on June 8, 2023, the Fund is externally managed by AB Private Credit Investors LLC (the“Adviser”or“AB-PCI”),which is responsible for sourcing potential investments, conducting due diligence on prospective investments, analyzing investment opportunities, structuring investments and monitoring our portfolio on an ongoing basis. Our Adviser is reg",
Schedule_Inv_AB_Private_Lending_Fund_ARS_FY2025.pdf,SRC396,Schedule_Inv,gp,130,managed_by,is managed by,AB Private Credit Investors LLC,"ernal Revenue Code of 1986, as amended (the“Code”).The Fund is externally managed by AB Private Credit Investors LLC(“AB-PCI”or the“Adviser”),which is registered as an investment adviser with the U.S. Securities and Exchange Commission (the“SEC”)and an affiliate of AllianceBernstein L.P.(“AB”)and its subsidiaries. The Fund commenced operations on April 30, 2024. TheFund’sinvest",
Schedule_Inv_Ares_Strategic_Income_Fund_ARS_FY2025.pdf,SRC397,Schedule_Inv,gp,5,managed_by,is managed by,Ares Capital,"ns promulgated thereunder, the “Investment Company Act.” We are externally managed by Ares Capital Management LLC (“Ares Capital Management” or our “investment adviser”), a subsidiary of Ares Management Corporation (“Ares Management” or “Ares”), a publicly traded, leading global alternative investment manager, pursuant to our investment advisory and management agreement. Ares O",
Schedule_Inv_Ares_Strategic_Income_Fund_ARS_FY2025.pdf,SRC397,Schedule_Inv,gp,63,managed_by,is managed by,Ares Management,"Oversight of Cybersecurity Risks Our cybersecurity program is managed by Ares Management’s dedicated internal cybersecurity team, which is responsible for enterprise-wide cybersecurity strategy, policies, standards, engineering, architecture and processes. The team is led by Ares Management’s CISO who has a Master’s degree in Cybersecurity from Brown University and over 25 yea",
Schedule_Inv_Ares_Strategic_Income_Fund_ARS_FY2025.pdf,SRC397,Schedule_Inv,gp,71,managed_by,is managed by,Ares Capital,"s promulgated thereunder, the “Investment Company Act”). We are externally managed by Ares Capital Management LLC (“Ares Capital Management” or our “investment adviser”), a subsidiary of Ares Management Corporation (“Ares Management” or “Ares”), a publicly traded, leading global alternative investment manager, pursuant to our investment advisory and management agreement (the “i",
Schedule_Inv_Ares_Strategic_Income_Fund_ARS_FY2025.pdf,SRC397,Schedule_Inv,gp,209,managed_by,is managed by,Ares Capital,"qualify for the tax treatment applicable to RICs. The Fund is externally managed by Ares Capital Management LLC (“Ares Capital Management” or the Fund’s “investment adviser”), a subsidiary of Ares Management Corporation (“Ares Management” or “Ares”), a publicly traded, leading global alternative investment manager, pursuant to an investment advisory and management agreement. A",
Schedule_Inv_Ares_Strategic_Income_Fund_ARS_FY2025.pdf,SRC397,Schedule_Inv,gp,215,provides_services,provides investment management services to,"Investment Company Act, Ares Capital Management","of the Fund’s board of trustees and in accordance with the Investment Company Act, Ares Capital Management provides investment advisory and management services to the Fund. For providing these services, Ares Capital Management receives fees from the Fund consisting of a base management fee and an incentive fee. The cost of both the base management fee and the incentive fee is",
Schedule_Inv_BlackRock_Private_Credit_Fund_ARS_FY2025.pdf,SRC399,Schedule_Inv,gp,5,managed_by,is managed by,BlackRock Capital,"ess development company(“BDC”) under the 1940 Act. The Fund is externally managed by BlackRock Capital Investment Advisors, LLC (the “Investment Adviser”). BlackRock Advisors, LLC (the“Sub-Adviser”and, together with the Investment Adviser, the“Advisers”)serves as theFund’ssub-adviser. The Advisers are subsidiaries of BlackRock, Inc. (together with its subsidiaries, including bu",
Schedule_Inv_BlackRock_Private_Credit_Fund_ARS_FY2025.pdf,SRC399,Schedule_Inv,gp,6,managed_by,is managed by,BlackRock Capital,"dviser and the Administrator TheFund’sinvestment activities are managed by BlackRock Capital Investment Advisors, LLC, an investment adviser registered with the SEC under the Advisers Act. Our Investment Adviser is responsible for originating prospective investments, conducting research and due diligence investigations on potential investments, analyzing investment opportunitie",
Schedule_Inv_BlackRock_Private_Credit_Fund_ARS_FY2025.pdf,SRC399,Schedule_Inv,gp,144,managed_by,is managed by,BlackRock Capital,"e Investment Company Act of 1940 (the “1940 Act”). The Fund is externally managed by BlackRock Capital Investment Advisors, LLC (the “InvestmentAdviser”).BlackRock Advisors, LLC (the“Sub-Adviser”and, together with the Investment Adviser, the“Advisers”)serves as the Fund’ssub-adviser. The Advisers are subsidiaries of BlackRock, Inc. (together with its subsidiaries, including but",
Financials_Cohen_Steers_Income_Opportunities_REIT_ARS_FY2025.pdf,SRC400,Financials,gp,125,managed_by,is managed by,Cohen & Steers Capital,"is conducted through CNSREIT OP. The Company and CNSREIT OP are externally managed by Cohen & Steers Capital Management, Inc., a New York corporation (the “Advisor”). The Advisor is a subsidiary of Cohen & Steers, Inc. (together with its subsidiaries, “Cohen & Steers”). On February 21, 2023, the Securities and Exchange Commission (the “SEC”) declared effective our registration",
Schedule_Inv_Venture_Lending_Leasing_IX_ARS_FY2025.pdf,SRC402,Schedule_Inv,gp,3,managed_by,is managed by,Westech Investment Advisors,"stment Company Act of 1940, as amended (the “1940 Act”) and is managed by Westech Investment Advisors LLC (the “Manager” or “Management”), whose ultimate parent is Ridgepost Capital, Inc. (formerly known as P10, Inc.), a Delaware corporation. The Fund is a wholly-owned subsidiary of Venture Lending & Leasing IX, LLC, a Delaware limited liability company (the “Company”). The Fun",
Schedule_Inv_Venture_Lending_Leasing_IX_ARS_FY2025.pdf,SRC402,Schedule_Inv,gp,45,managed_by,is managed by,Westech Investment Advisors,"stment Company Act of 1940, as amended (the “1940 Act”) and is managed by Westech Investment Advisors LLC (the “Manager” or “Management”) whose ultimate parent is Ridgepost Capital, Inc. (formerly known as P10, Inc.), a Delaware corporation. The Fund will be dissolved on December 31, 2028 unless the Board of Directors (the “Board”) opts to elect early dissolution. One hundred p",
Schedule_Inv_CNL_Strategic_Residential_Credit_ARS_FY2025.pdf,SRC403,Schedule_Inv,gp,4,managed_by,is managed by,"CNL Residential Credit Manager, LLC","iation, across interest rate and credit cycles. The company is externally managed by CNL Residential Credit Manager, LLC and sub-advised by Balbec Capital Management, L.P. Shareholder Information Corporate Offices Manager Inquiries by shareholders should be CNL Strategic Residential Credit, LLC CNL Residential Credit Manager, LLC directed to: 450 South Orange Avenue Orlando, Fl",
Schedule_Inv_CNL_Strategic_Residential_Credit_ARS_FY2025.pdf,SRC403,Schedule_Inv,gp,10,managed_by,is managed by,"CNL Residential Credit Manager, LLC","”) is a Maryland corporation formed on January 21, 2025. We are externally managed by CNL Residential Credit Manager, LLC, its Advisor, an affiliate of CNL (the “Advisor”), and by Balbec Capital Management, L.P., its Sub-Advisor, an affiliate of Balbec Capital, L.P. (“Balbec”) (the “Sub-Advisor” and together with the Advisor, the “Advisors”). The Advisors are registered as inve",
Schedule_Inv_CNL_Strategic_Residential_Credit_ARS_FY2025.pdf,SRC403,Schedule_Inv,gp,11,managed_by,managed and advised by,"CNL Residential Credit Manager, LLC","The Advisor and the Sub-Advisor We are externally managed and advised by CNL Residential Credit Manager, LLC under the Advisory Agreement, pursuant to which the Advisor is responsible for the overall management of our activities, subject to the overall supervision of our board of directors. The Advisor is registered as an investment adviser under the Advisers Act. The",
Schedule_Inv_CNL_Strategic_Residential_Credit_ARS_FY2025.pdf,SRC403,Schedule_Inv,gp,75,managed_by,is managed by,"CNL Residential Credit Manager, LLC","aryland corporation formed on January 21, 2025. The Company is externally managed by CNL Residential Credit Manager, LLC, (the “Advisor”), an affiliate of CNL Financial Group, LLC, and by Balbec Capital Management, L.P. (the “Sub-Advisor” and together with the Advisor, the “Advisors”), an affiliate of Balbec Capital, L.P. The Advisors are registered as investment advisers under",
Schedule_Inv_CNL_Strategic_Residential_Credit_ARS_FY2025.pdf,SRC403,Schedule_Inv,gp,115,defined_term,"(the ""Manager"")","CNL Residential Credit Manager, LLC","le of or repayment under our assets or expense support from CNL Residential Credit Manager, LLC (the “Advisor”) and Balbec Capital Management, L.P. (the “Sub-Advisor”), and we have no limits on the amounts we may pay from such sources. We may also fund our distributions with proceeds from this offering. The extent to which we pay distributions from sources other than cash flow",
Schedule_Inv_Cliffwater_Corporate_Lending_Fund_Annual_FY2026Mar.pdf,SRC404,Schedule_Inv,gp,5,defined_term,"(the ""Manager"")",Cliffwater LLC,"the period from the Fund’s inception through March 6, 2023, Cliffwater LLC (the “Investment Manager”) contractually waived management fees and voluntarily reimbursed expenses for the Fund (together, the “Waiver and Reimbursement”)� The performance quoted above reflects the Waiver and Reimbursement in effect through March 6, 2023 and would have been lower in its absence� For the",
Schedule_Inv_Cliffwater_Corporate_Lending_Fund_Annual_FY2026Mar.pdf,SRC404,Schedule_Inv,gp,144,serves_as,serves as the general partner,Cliffwater LLC,"an 10% of the outstanding voting securities of such issuer. Cliffwater LLC serves as the investment adviser (the “Investment Manager”) of the Fund. The Investment Manager is an investment adviser registered with the U.S. Securities and Exchange Commission (the “SEC”) under the Investment Advisers Act of 1940, as amended. The Fund intends to continue to qualify and has elected t",
Schedule_Inv_Cliffwater_Corporate_Lending_Fund_Annual_FY2026Mar.pdf,SRC404,Schedule_Inv,gp,221,defined_term,"(the ""Manager"")",Investment Management Agreement between Cliffwater LLC,"1940, as amended (the “Independent Trustees”), approved the Investment Management Agreement between Cliffwater LLC (the “Investment Manager”) and the Fund (the “Investment Management Agreement”). At the Board meeting and throughout the consideration process, the Board, including a majority of the Independent Trustees, was advised by counsel. In advance of the Board meeting, the",
Schedule_Inv_Cliffwater_Enhanced_Lending_Fund_Annual_FY2026Mar.pdf,SRC405,Schedule_Inv,gp,45,serves_as,serves as the general partner,Cliffwater LLC,"funds” that operates and is organized as an interval fund. Cliffwater LLC serves as the investment adviser (the “Investment Manager” or “Cliffwater”) of the Fund. The Investment Manager is an investment adviser registered with the U.S. Securities and Exchange Commission (the “SEC”) under the Investment Advisers Act of 1940, as amended. The Fund commenced operations on July 1,",
Schedule_Inv_Pomona_Investment_Fund_SemiAnnual_Sep2025.pdf,SRC406,Schedule_Inv,gp,17,managed_by,is managed by,Pomona Management,"rsified, closed-end management investment company. The Fund is managed by Pomona Management LLC (the “Adviser” and the “Administrator”), an investment adviser registered under the Investment Advisers Act of 1940, as amended. The Fund seeks long-term capital appreciation by investing principally in private equity investments (“Private Equity Investments”). On August 3, 2017, in",
Schedule_Inv_AMG_Pantheon_Fund_Annual_FY2024Mar.pdf,SRC408,Schedule_Inv,gp,57,managed_by,is managed by,Pantheon Ventures,"and strategies as the Master Fund, and like the Master Fund are managed by Pantheon Ventures (US) LP (the “Investment Manager”). The Master Fund may invest up to 25% of its total assets in the Corporate Subsidiary and the Corporate Subsidiary permits the Master Fund to pursue its investment objective and strategies in a potentially tax-efficient manner and to satisfy regulated",
Schedule_Inv_AMG_Pantheon_Fund_Annual_FY2024Mar.pdf,SRC408,Schedule_Inv,gp,79,managed_by,is managed by,Pantheon Ventures,"nd strategies as the Master Fund and, like the Master Fund, is managed by Pantheon Ventures (US) LP (the “Investment Manager”). The Master Fund may invest up to 25% of its total assets in the Corporate Subsidiary. The Master Fund’s investment in the Corporate Subsidiary permits the Master Fund to pursue its investment objective and strategies in a potentially tax-efficient mann",
Schedule_Inv_AMG_Pantheon_Fund_Annual_FY2023Mar.pdf,SRC409,Schedule_Inv,gp,54,managed_by,is managed by,Pantheon Ventures,"and strategies as the Master Fund, and like the Master Fund are managed by Pantheon Ventures (US) LP (the “Investment Manager”). The Master Fund may invest up to 25% of its total assets in the Corporate Subsidiary and the Corporate Subsidiary permits the Master Fund to pursue its investment objective and strategies in a potentially tax-efficient manner and to satisfy regulated",
Schedule_Inv_AMG_Pantheon_Fund_Annual_FY2023Mar.pdf,SRC409,Schedule_Inv,gp,74,managed_by,is managed by,Pantheon Ventures,"nd strategies as the Master Fund and, like the Master Fund, is managed by Pantheon Ventures (US) LP (the “Investment Manager”). The Master Fund may invest up to 25% of its total assets in the Corporate Subsidiary. The Master Fund’s investment in the Corporate Subsidiary permits the Master Fund to pursue its investment objective and strategies in a potentially tax-efficient mann",
Financials_Hamilton_Lane_Private_Assets_Fund_Annual_FY2022Mar.pdf,SRC411,Financials,gp,8,defined_term,"(the ""Manager"")","Hamilton Lane Advisors, L.L.C.","end performance may be obtained by calling (888) 882-8212. Hamilton Lane Advisors, L.L.C. (“the Adviser”) has entered into an expense limitation agreement (the “Expense Limitation Agreement”) with the Fund, whereby the Adviser has agreed to waive fees that it would otherwise be paid, and/or to assume expenses of the Fund (a “Waiver”), if required to ensure the Total Annual Exp",
Schedule_Inv_StepStone_Private_Markets_SPRIM_Annual_FY2026Mar.pdf,SRC413,Schedule_Inv,gp,51,defined_term,"(the ""Manager"")",StepStone Group Private Wealth LLC,"lowing: (i) an investment advisory agreement by and between StepStone Group Private Wealth LLC (the “Adviser”) and the Fund (the “Advisory Agreement”); and (ii) a separate sub-advisory agreement by and among StepStone Group LP (the “Sub-Adviser” and collectively with the Adviser, the “Advisers”), the Adviser and the Fund (the “Sub-Advisory Agreement” and together with the Advis",
Financials_Partners_Group_Private_Equity_Limited_Annual_2024.pdf,SRC414,Financials,gp,2,managed_by,is managed by,Partners Group,"- panies in the middle and upper middle market. The Company is managed by Partners Group AG (""Partners Group""). PGPE Ltd primarily accesses investments directly, and to a lesser extent via Partners Group's private equity programs; the Company also holds a small portfolio of legacy third-party fund investments that is currently in run-off. PGPE Ltd aims to provide shareholders w",
Financials_Partners_Group_Private_Equity_Limited_Annual_2024.pdf,SRC414,Financials,gp,9,managed_by,is managed by,Partners Group,"TED 2. Investment approach PGPE Ltd's investment activities are managed by Partners Group, one of the largest firms in the global private markets in- dustry. Partners Group has over USD 150 billion in overall assets under management, of which USD 78 billion is in private equity, and around 1,800 professionals across 21 offices worldwide. Partners Group's global reach and local",
Schedule_Inv_Bow_River_Capital_Evergreen_Fund_Annual_FY2025Mar.pdf,SRC415,Schedule_Inv,gp,19,defined_term,"(the ""Manager"")","Bow River Advisers, LLC","vers, expense reimbursements, and/or expense recoupments by Bow River Advisers, LLC (the “Adviser”) (Note 5)� 12 Calculated by subtracting the Fund’s total liabilities (excluding the debt balance) from the Fund’s total assets and dividing by the outstanding debt balance� See accompanying Notes to the Consolidated Financial Statements. 17",
Schedule_Inv_Bow_River_Capital_Evergreen_Fund_Annual_FY2025Mar.pdf,SRC415,Schedule_Inv,gp,49,defined_term,"(the ""Manager"")","Bow River Advisers, LLC","t agreement (the “Investment Consultant Agreement”) between Bow River Advisers, LLC (the “Adviser”) and Aksia CA, LLC (the “Investment Consultant”) (the “Amendment”). In considering information relating to the approval of the Amendment, the Board and the Independent Trustees received assistance and advice from its counsel who had provided the Board with a written description of",
Schedule_Inv_Bow_River_Capital_Evergreen_Fund_Annual_FY2025Mar.pdf,SRC415,Schedule_Inv,gp,53,printed_label,Adviser,Bow River Advisers,"Adviser: Bow River Advisers, LLC 205 Detroit Street, Suite 800 Denver, CO 80206 Distributor: Foreside Financial Services, LLC 3 Canal Plaza #100 Portland, ME 04101",
Schedule_Inv_Variant_Alternative_Income_Fund_Annual_FY2025Apr.pdf,SRC417,Schedule_Inv,gp,4,serves_as,serves as the general partner,"Variant Investments, LLC","f Trust”) dated April 4, 2018 (the “Declaration of Trust”)� Variant Investments, LLC serves as the investment adviser (the “Investment Manager”) of the Fund� The Investment Manager is an investment adviser registered with the Securities and Exchange Commission (the “SEC”) under the Investment Advisers Act of 1940, as amended� The Fund has elected to be treated as a regulated in",
Schedule_Inv_Variant_Alternative_Income_Fund_Annual_FY2025Apr.pdf,SRC417,Schedule_Inv,gp,24,serves_as,serves as the general partner,"Variant Investments, LLC","utory trust at the close of business on September 28, 2018. Variant Investments, LLC serves as the investment adviser (the “Investment Manager”) of the Fund. The Fund operates as an interval fund pursuant to Rule 23c-3 under the Investment Company Act, and has adopted a fundamental policy to conduct quarterly repurchase offers at net asset value (“NAV”). The Fund commenced oper",
Schedule_Inv_Variant_Alternative_Income_Fund_Annual_FY2021Apr.pdf,SRC418,Schedule_Inv,gp,4,serves_as,serves as the general partner,"Variant Investments, LLC","f Trust”) dated April 4, 2018 (the “Declaration of Trust”). Variant Investments, LLC serves as the investment adviser (the “Investment Manager”) of the Fund. The Investment Manager is an investment adviser registered with the Securities and Exchange Commission (the “SEC”) under the Investment Advisers Act of 1940, as amended. The Fund intends to qualify and elect to be treated",
Schedule_Inv_Variant_Alternative_Income_Fund_Annual_FY2021Apr.pdf,SRC418,Schedule_Inv,gp,18,serves_as,serves as the general partner,"Variant Investments, LLC","tatutory trust at the close of business September 28, 2018. Variant Investments, LLC serves as the investment adviser (the “Investment Manager”) of the Fund. The Fund operates as an interval fund interval fund pursuant to Rule 23c-3 under the Investment Company Act, and has adopted a fundamental policy to conduct quarterly repurchase offers at net asset value (“NAV”). The Fund",
Schedule_Inv_Variant_Alternative_Lending_Fund_Annual_FY2025Apr.pdf,SRC419,Schedule_Inv,gp,4,serves_as,serves as the general partner,"Variant Investments, LLC","of Trust”) dated May 6, 2024 (the “Declaration of Trust”)� Variant Investments, LLC serves as the investment adviser (the “Investment Manager”) of the Fund� The Investment Manager is an investment adviser registered with the Securities and Exchange Commission (the “SEC”) under the Investment Advisers Act of 1940, as amended� The Fund has elected to be treated as a regulated in",
Schedule_Inv_Variant_Alternative_Lending_Fund_Annual_FY2025Apr.pdf,SRC419,Schedule_Inv,gp,16,serves_as,serves as the general partner,"Variant Investments, LLC","and organized as a Delaware statutory trust on May 6, 2024. Variant Investments, LLC serves as the investment adviser (the “Investment Manager”) of the Fund. The Investment Manager provides day-to-day investment management services to the Fund. The Fund is non-diversified, which means that under the Investment Company Act, it is not limited in the percentage of its assets that",
Schedule_Inv_Apollo_S3_Private_Markets_Fund_NCSR_FY2025Mar.pdf,SRC420,Schedule_Inv,gp,15,defined_term,"(the ""Manager"")","RIC Management, L.P.","ctober 11, 2024. The Fund’s investment adviser is Apollo S3 RIC Management, L.P. (the “Adviser”). The Adviser is registered as an investment adviser with the SEC pursuant to the provisions of the Investment Advisers Act of 1940, as amended. The business operations of the Fund are managed and supervised under the direction of the Fund’s Board of Trustees (the “Board” and each me",
Financials_Ares_Industrial_Real_Estate_Income_Trust_ARS_FY2025.pdf,SRC422,Financials,gp,4,defined_term,"(the ""Manager"")",Ares Commercial Real Estate Management LLC,"net proceeds from our securities offerings, our reliance on Ares Commercial Real Estate Management LLC (the “Advisor”) and Ares real estate (the “Sponsor” or “AREG”) of Ares Management Corporation (“Ares”), our understanding of our competition and our ability to compete effectively, our financing needs, our expected leverage, the effects of our current strategies, rent and occu",
Financials_Ares_Industrial_Real_Estate_Income_Trust_ARS_FY2025.pdf,SRC422,Financials,gp,112,managed_by,is managed by,Ares Co,Operating Partnership LP (the “Operating Partnership”). We are externally managed by Ares Commercial Real Estate Management LLC (the “Advisor”) and consider Ares real estate to be our sponsor (the “Sponsor”). AIREIT was formed to make equity and debt investments in income-producing real estate assets consisting primarily of high-quality distribution warehouses and other indust,
Financials_IPC_Alternative_Real_Estate_Income_Trust_ARS_FY2025.pdf,SRC423,Financials,gp,5,managed_by,is managed by,"IPC Alternative Real Estate Advisor, LLC","ip, LP). We have no employees. Prior to August 24, 2023, we were managed by IPC Alternative Real Estate Advisor, LLC (the“Advisor”),an affiliate of Inland Real Estate Investment Corporation(“IREIC”or our“sponsor”),pursuant to a Business Management Agreement. On August 24, 2023, the Business Management Agreement was terminated and we, the Operating Partnership and the Advisor en",
Financials_IPC_Alternative_Real_Estate_Income_Trust_ARS_FY2025.pdf,SRC423,Financials,gp,117,managed_by,is managed by,"IPC Alternative Real Estate Advisor, LLC","Partnership, LP). The Company has no employees. The Company is externally managed by IPC Alternative Real Estate Advisor, LLC (the “Advisor”), a Delaware limited liability company, an affiliate of Inland Real Estate Investment Corporation, a Delaware corporation (“IREIC”), pursuant to an amended and restated advisory agreement dated and effective as of August 28, 2025, among th",
Financials_IPC_Alternative_Real_Estate_Income_Trust_ARS_FY2025.pdf,SRC423,Financials,gp,136,managed_by,is managed by,"IPC Alternative Real Estate Advisor, LLC","ing Partnership has no employees. The Operating Partnership is externally managed by IPC Alternative Real Estate Advisor, LLC, a Delaware limited liability company (“theAdvisor”),an affiliate of Inland Real Estate Investment Corporation, a Delaware corporation(“IREIC”),pursuant to an amended and restated advisory agreement dated and effective as of August 28, 2025, among the Op",
Financials_IPC_Alternative_Real_Estate_Income_Trust_ARS_FY2025.pdf,SRC423,Financials,gp,154,managed_by,is managed by,Inland Co,"rformed by such broker- dealers. (e) For each property that is managed by Inland Commercial Real Estate Services LLC (“Inland Commercial”), the Operating Partnership pays a monthly property management fee of up to 1.9% of the gross income from any single-tenant, net-leased property, 5.0% of the base rent for one of the properties, and up to 3.9% of the gross income from any oth",
Schedule_Inv_Invesco_Commercial_Real_Estate_Finance_Trust_ARS_FY2025.pdf,SRC424,Schedule_Inv,gp,6,managed_by,is managed by,Invesco Advisers,"“Operating Partnership”) and have one operating segment. We are externally managed by Invesco Advisers, Inc. (the “Adviser”), a registered investment adviser and an indirect, wholly-owned subsidiary of Invesco Ltd. (“Invesco”), an independent global investmentmanagementfirm.OurAdviserutilizesthepersonnelandglobalresourcesofInvescoRealEstate,whichisthereal estateinvestmentcenter",
Financials_KPMG_Hedge_Funds_Illustrative_Jan2023_FY2022.pdf,SRC426,Financials,auditor,15,defined_term,"(the ""Manager"")","Investment Manager, LLC","s managed by General Partner, LLC (the General Partner) and Investment Manager, LLC (the Investment Manager). [If applicable:] The Investment Manager is registered with the U.S. Securities and Exchange Commission as an investment adviser under the Investment Advisers Act of 1940. ASC 235-10-50-1, 2. Summary of significant accounting policies ASC 235-10-50-3 The significant acco",
Financials_KPMG_Hedge_Funds_Illustrative_Jan2023_FY2022.pdf,SRC426,Financials,auditor,15,managed_by,is managed by,"General Partner, LLC","description of the Fund’s investment objectives]. The Fund is managed by General Partner, LLC (the General Partner) and Investment Manager, LLC (the Investment Manager). [If applicable:] The Investment Manager is registered with the U.S. Securities and Exchange Commission as an investment adviser under the Investment Advisers Act of 1940. ASC 235-10-50-1, 2. Summary of signifi",
Financials_KPMG_Hedge_Funds_Illustrative_Jan2023_FY2022.pdf,SRC426,Financials,auditor,63,managed_by,is managed by,"Investment Manager, LLC","]. Pursuant to an investment management agreement, the Fund is managed by Investment Manager, LLC (the Investment Manager). [If applicable:] The Investment Manager is registered with the U.S. Securities and Exchange Commission as an investment adviser under the Investment Advisers Act of 1940. 2. Summary of significant accounting policies The significant accounting policies fol",
Financials_KPMG_Hedge_Funds_Illustrative_Jan2023_FY2022.pdf,SRC426,Financials,auditor,75,defined_term,"(the ""Manager"")","Investment Manager, LLC","s managed by General Partner, LLC (the General Partner) and Investment Manager, LLC (the Investment Manager). As of December 31, 20XX, the Domestic Feeder Fund and Offshore Feeder Fund own XX.XX% and XX.XX%, respectively, of the Master Fund. [If applicable:] The Investment Manager is registered with the U.S. Securities and Exchange Commission as an investment adviser under the",
Financials_KPMG_Hedge_Funds_Illustrative_Jan2023_FY2022.pdf,SRC426,Financials,auditor,75,managed_by,is managed by,"General Partner, LLC","lly all of their assets in the Master Fund. The Master Fund is managed by General Partner, LLC (the General Partner) and Investment Manager, LLC (the Investment Manager). As of December 31, 20XX, the Domestic Feeder Fund and Offshore Feeder Fund own XX.XX% and XX.XX%, respectively, of the Master Fund. [If applicable:] The Investment Manager is registered with the U.S. Securitie",
Financials_KPMG_Hedge_Funds_Illustrative_Jan2023_FY2022.pdf,SRC426,Financials,auditor,83,defined_term,"(the ""Manager"")","Investment Manager, LLC","s managed by General Partner, LLC (the General Partner) and Investment Manager, LLC (the Investment Manager). [If applicable:] The Investment Manager is registered with the U.S. Securities and Exchange Commission as an investment adviser under the Investment Advisers Act of 1940. ASC 946-235-50- The Fund invests substantially all of its assets through a master–feeder structure",
Financials_KPMG_Hedge_Funds_Illustrative_Jan2023_FY2022.pdf,SRC426,Financials,auditor,83,managed_by,is managed by,"General Partner, LLC","description of the Fund’s investment objectives]. The Fund is managed by General Partner, LLC (the General Partner) and Investment Manager, LLC (the Investment Manager). [If applicable:] The Investment Manager is registered with the U.S. Securities and Exchange Commission as an investment adviser under the Investment Advisers Act of 1940. ASC 946-235-50- The Fund invests subst",
Financials_KPMG_Hedge_Funds_Illustrative_Jan2023_FY2022.pdf,SRC426,Financials,auditor,91,managed_by,is managed by,"Investment Manager, LLC","]. Pursuant to an investment management agreement, the Fund is managed by Investment Manager, LLC (the Investment Manager). [If applicable:] The Investment Manager is registered with the U.S. Securities and Exchange Commission as an investment adviser under the Investment Advisers Act of 1940. ASC 946-235-50-3(a) The Fund invests substantially all of its assets through a master",
Financials_KPMG_Hedge_Funds_Illustrative_Jan2023_FY2022.pdf,SRC426,Financials,auditor,98,defined_term,"(the ""Manager"")","Investment Manager, LLC","s managed by General Partner, LLC (the General Partner) and Investment Manager, LLC (the Investment Manager). [If applicable:] The Investment Manager is registered with the U.S. Securities and Exchange Commission as an investment adviser under the Investment Advisers Act of 1940. [Include the following paragraph to the Private Investment Companies section of “Valuation techniqu",
Financials_KPMG_Hedge_Funds_Illustrative_Jan2023_FY2022.pdf,SRC426,Financials,auditor,98,managed_by,is managed by,"General Partner, LLC","ies allocated among diverse investment strategies. The Fund is managed by General Partner, LLC (the General Partner) and Investment Manager, LLC (the Investment Manager). [If applicable:] The Investment Manager is registered with the U.S. Securities and Exchange Commission as an investment adviser under the Investment Advisers Act of 1940. [Include the following paragraph to th",
Financials_KPMG_Hedge_Funds_Illustrative_Dec2024_FY2024.pdf,SRC427,Financials,auditor,15,defined_term,"(the ""Manager"")","Investment Manager, LLC","s managed by General Partner, LLC (the General Partner) and Investment Manager, LLC (the Investment Manager). [If applicable:] The Investment Manager is registered with the U.S. Securities and Exchange Commission as an investment adviser under the Investment Advisers Act of 1940. ASC 235-10-50-1, 2. Summary of significant accounting policies ASC 235-10-50-3 The significant acco",
Financials_KPMG_Hedge_Funds_Illustrative_Dec2024_FY2024.pdf,SRC427,Financials,auditor,15,managed_by,is managed by,"General Partner, LLC","description of the Fund’s investment objectives]. The Fund is managed by General Partner, LLC (the General Partner) and Investment Manager, LLC (the Investment Manager). [If applicable:] The Investment Manager is registered with the U.S. Securities and Exchange Commission as an investment adviser under the Investment Advisers Act of 1940. ASC 235-10-50-1, 2. Summary of signifi",
Financials_KPMG_Hedge_Funds_Illustrative_Dec2024_FY2024.pdf,SRC427,Financials,auditor,65,managed_by,is managed by,"Investment Manager, LLC","]. Pursuant to an investment management agreement, the Fund is managed by Investment Manager, LLC (the Investment Manager). [If applicable:] The Investment Manager is registered with the U.S. Securities and Exchange Commission as an investment adviser under the Investment Advisers Act of 1940. 2. Summary of significant accounting policies The significant accounting policies fol",
Financials_KPMG_Hedge_Funds_Illustrative_Dec2024_FY2024.pdf,SRC427,Financials,auditor,76,defined_term,"(the ""Manager"")","Investment Manager, LLC","s managed by General Partner, LLC (the General Partner) and Investment Manager, LLC (the Investment Manager). As of December 31, 20XX, the Domestic Feeder Fund and Offshore Feeder Fund own XX.XX% and XX.XX%, respectively, of the Master Fund. [If applicable:] The Investment Manager is registered with the U.S. Securities and Exchange Commission as an investment adviser under the",
Financials_KPMG_Hedge_Funds_Illustrative_Dec2024_FY2024.pdf,SRC427,Financials,auditor,76,managed_by,is managed by,"General Partner, LLC","lly all of their assets in the Master Fund. The Master Fund is managed by General Partner, LLC (the General Partner) and Investment Manager, LLC (the Investment Manager). As of December 31, 20XX, the Domestic Feeder Fund and Offshore Feeder Fund own XX.XX% and XX.XX%, respectively, of the Master Fund. [If applicable:] The Investment Manager is registered with the U.S. Securitie",
Financials_KPMG_Hedge_Funds_Illustrative_Dec2024_FY2024.pdf,SRC427,Financials,auditor,84,defined_term,"(the ""Manager"")","Investment Manager, LLC","s managed by General Partner, LLC (the General Partner) and Investment Manager, LLC (the Investment Manager). [If applicable:] The Investment Manager is registered with the U.S. Securities and Exchange Commission as an investment adviser under the Investment Advisers Act of 1940. The Fund invests substantially all of its assets through a master–feeder structure in Master Fund,",
Financials_KPMG_Hedge_Funds_Illustrative_Dec2024_FY2024.pdf,SRC427,Financials,auditor,84,managed_by,is managed by,"General Partner, LLC","description of the Fund’s investment objectives]. The Fund is managed by General Partner, LLC (the General Partner) and Investment Manager, LLC (the Investment Manager). [If applicable:] The Investment Manager is registered with the U.S. Securities and Exchange Commission as an investment adviser under the Investment Advisers Act of 1940. The Fund invests substantially all of",
Financials_KPMG_Hedge_Funds_Illustrative_Dec2024_FY2024.pdf,SRC427,Financials,auditor,92,managed_by,is managed by,"Investment Manager, LLC","]. Pursuant to an investment management agreement, the Fund is managed by Investment Manager, LLC (the Investment Manager). [If applicable:] The Investment Manager is registered with the U.S. Securities and Exchange Commission as an investment adviser under the Investment Advisers Act of 1940. The Fund invests substantially all of its assets through a master–feeder structure in",
Financials_KPMG_Hedge_Funds_Illustrative_Dec2024_FY2024.pdf,SRC427,Financials,auditor,99,defined_term,"(the ""Manager"")","Investment Manager, LLC","s managed by General Partner, LLC (the General Partner) and Investment Manager, LLC (the Investment Manager). [If applicable:] The Investment Manager is registered with the U.S. Securities and Exchange Commission as an investment adviser under the Investment Advisers Act of 1940. [Include the following paragraph to the Private Investment Companies section of “Valuation techniqu",
Financials_KPMG_Hedge_Funds_Illustrative_Dec2024_FY2024.pdf,SRC427,Financials,auditor,99,managed_by,is managed by,"General Partner, LLC","ies allocated among diverse investment strategies. The Fund is managed by General Partner, LLC (the General Partner) and Investment Manager, LLC (the Investment Manager). [If applicable:] The Investment Manager is registered with the U.S. Securities and Exchange Commission as an investment adviser under the Investment Advisers Act of 1940. [Include the following paragraph to th",
Financials_KPMG_Private_Equity_Illustrative_Jan2024_FY2023.pdf,SRC428,Financials,auditor,12,managed_by,is managed by,"General Partner, LLC","description of the Fund’s investment objectives]. The Fund is managed by General Partner, LLC (the General Partner) and Investment Manager, LLC (the U.S. Investment Manager). [If applicable:] The U.S. Investment Manager is registered with the U.S. Securities and Exchange Commission as an investment adviser under the Investment Advisers Act of 1940. The Fund commenced on [Month",
Financials_KPMG_Private_Equity_Illustrative_Jan2024_FY2023.pdf,SRC428,Financials,auditor,34,defined_term,"(the ""Manager"")","Investment Manager, LLC","s managed by General Partner, LLC (the General Partner) and Investment Manager, LLC (the Investment Manager). [If applicable:] The Investment Manager is registered with the U.S. Securities and Exchange Commission as an investment adviser under the Investment Advisers Act of 1940. [Include the following paragraph to the Private investment companies section of Fair value – Valuat",
Financials_KPMG_Private_Equity_Illustrative_Jan2024_FY2023.pdf,SRC428,Financials,auditor,34,managed_by,is managed by,"General Partner, LLC","olely through investments in private equity funds. The Fund is managed by General Partner, LLC (the General Partner) and Investment Manager, LLC (the Investment Manager). [If applicable:] The Investment Manager is registered with the U.S. Securities and Exchange Commission as an investment adviser under the Investment Advisers Act of 1940. [Include the following paragraph to th",
Financials_KPMG_Private_Equity_Illustrative_Nov2016_FY2016.pdf,SRC429,Financials,auditor,12,defined_term,"(the ""Manager"")","Investment Manager, LLC","s managed by General Partner, LLC (the General Partner) and Investment Manager, LLC (the Investment Manager). [If applicable:] The Investment Manager is registered with the United States Securities and Exchange Commission as an investment adviser under the Investment Advisers Act of 1940. The Fund commenced on [Month, Date, Year] and will expire on [Month, Date, Year] but may b",
Financials_KPMG_Private_Equity_Illustrative_Nov2016_FY2016.pdf,SRC429,Financials,auditor,12,managed_by,is managed by,"General Partner, LLC","description of the Fund’s investment objectives]. The Fund is managed by General Partner, LLC (the General Partner) and Investment Manager, LLC (the Investment Manager). [If applicable:] The Investment Manager is registered with the United States Securities and Exchange Commission as an investment adviser under the Investment Advisers Act of 1940. The Fund commenced on [Month,",
Financials_KPMG_Private_Equity_Illustrative_Nov2016_FY2016.pdf,SRC429,Financials,auditor,43,defined_term,"(the ""Manager"")","Investment Manager, LLC","s managed by General Partner, LLC (the General Partner) and Investment Manager, LLC (the Investment Manager). [If applicable:] The Investment Manager is registered with the United States Securities and Exchange Commission as an investment adviser under the Investment Advisers Act of 1940. The Limited Partnership Agreement (the Agreement) provides that the Fund is scheduled to c",
Financials_KPMG_Private_Equity_Illustrative_Nov2016_FY2016.pdf,SRC429,Financials,auditor,43,managed_by,is managed by,"General Partner, LLC","description of the Fund’s investment objectives]. The Fund is managed by General Partner, LLC (the General Partner) and Investment Manager, LLC (the Investment Manager). [If applicable:] The Investment Manager is registered with the United States Securities and Exchange Commission as an investment adviser under the Investment Advisers Act of 1940. The Limited Partnership Agree",
Financials_KPMG_PE_And_Venture_Capital_Illustrative_Dec2015.pdf,SRC430,Financials,auditor,12,defined_term,"(the ""Manager"")","Manager, LLC","d liabilities, including the fair value of investments, and Manager, LLC (the “Investment Manager”). [If applicable:] disclosure of contingent assets and liabilities as of the date of The Investment Manager is registered with the United States the financial statements and the reported amounts of income Securities and Exchange Commission as an investment and expense during the r",
Financials_KPMG_Cayman_Private_Equity_Illustrative_FY2022.pdf,SRC431,Financials,auditor,12,managed_by,is managed by,"General Partner, LLC","description of the Fund’s investment objectives]. The Fund is managed by General Partner, LLC (the General Partner) and Investment Manager, LLC (the U.S. Investment Manager). [If applicable:] The U.S. Investment Manager is registered with the U.S. Securities and Exchange Commission as an investment adviser under the Investment Advisers Act of 1940. The Fund commenced on [Month",
Financials_KPMG_Cayman_Private_Equity_Illustrative_FY2022.pdf,SRC431,Financials,auditor,33,defined_term,"(the ""Manager"")","Investment Manager, LLC","s managed by General Partner, LLC (the General Partner) and Investment Manager, LLC (the Investment Manager). [If applicable:] The Investment Manager is registered with the U.S. Securities and Exchange Commission as an investment adviser under the Investment Advisers Act of 1940. [Include the following paragraph to the Private investment companies section of Fair value – Valuat",
Financials_KPMG_Cayman_Private_Equity_Illustrative_FY2022.pdf,SRC431,Financials,auditor,33,managed_by,is managed by,"General Partner, LLC","olely through investments in private equity funds. The Fund is managed by General Partner, LLC (the General Partner) and Investment Manager, LLC (the Investment Manager). [If applicable:] The Investment Manager is registered with the U.S. Securities and Exchange Commission as an investment adviser under the Investment Advisers Act of 1940. [Include the following paragraph to th",
Financials_KPMG_IFRS_Investment_Funds_Illustrative_Disclosures_FY2025.pdf,SRC432,Financials,auditor,16,managed_by,is managed by,XYZ Capital,"ng term. IAS 1.138(b) The investment activities of the Fund are managed by XYZ Capital Limited (the investment manager). The administration of the Fund is delegated to ABC Fund Services Limited (the administrator). 2. Basis of accounting IAS 1.16, 112(a), 116, These financial statements have been prepared in accordance with IFRS Accounting Standards. 10.17 They were authorised",
Financials_KPMG_IFRS_Investment_Funds_Illustrative_Disclosures_FY2022.pdf,SRC433,Financials,auditor,14,managed_by,is managed by,XYZ Capital,"ng term. IAS 1.138(b) The investment activities of the Fund are managed by XYZ Capital Limited (the investment manager). The administration of the Fund is delegated to ABC Fund Services Limited (the administrator). 2. Basis of accounting IAS 1.16, 112(a), 116, These financial statements have been prepared in accordance with IFRS Accounting Standards. 10.17 They were authorised",
Quarterly_Report_Pantheon_Infrastructure_And_PE_Portfolio_Northumberland_FOI_2019.pdf,SRC464,Quarterly_Report,gp,8,advised_by,is advised by,Ms S Greenwood of Mercer Limited,"s Mr Alan Culling (UNISON) Mr Ian Storey (UNISON) The Panel is advised by Ms S Greenwood of Mercer Limited, who is an independent adviser, rather than a member of the Panel. 2018-19 Pension Fund Annual Report Page 4",
Financials_International_Public_Partnerships_Annual2023.pdf,SRC483,Financials,gp,26,printed_label,Investment Adviser,Asset managers directly engaging the specialist agent Co,"rk with been working with the Facilities from the Company’s Investment Adviser – Asset managers directly engaging the specialist agent Collecteco to Management Companies within its – The Company’s website with the client on a day-to-day basis support local communities through supply chain to discuss net zero and – An annual video providing an overview the donation of fixtures,",
Performance_GPIF_Japan_Annual_Report_FY2024_Mar31.pdf,SRC598,Performance,pension,104,printed_label,Manager,Nissay Asset Management,"ted Tokio Marine Asset Management Co., Ltd. (8) (Unit Trust Manager : Nissay Asset Management Corporation) SSTB - 56.9 (Columbia Management Investment Advisers, LLC) MTBJ FR-1000V 86.4 In-house investment (15) SSTB - 12.2 T (M ok .D io . M SA a S rin S e , L A L s C se ) t Management Co., Ltd. (9) MTBJ FR-1000V 57.2 I I n n - - h h o o u u s s e e i i n n v v e e s s t t m m e",
Performance_abrdn_Private_Equity_Opportunities_Trust_Annual_Report_FY2023_Sep30.pdf,SRC605,Performance,lp,25,printed_label,Fund Manager,Bridgepoint Capital,"olving market and meet Company Website: www.cfc.com Private Fund Manager: Bridgepoint Capital their environmental goals. Investments: Arbor Co-Investment LP/ Trioworld (formerly Trioplast) offers innovative and sustainable, 9 Bridgepoint Europe VI high-performance polyethylene and polypropylene film solutions for Website: www.actcommodities.com consumer and industrial packaging",
Performance_abrdn_Private_Equity_Opportunities_Trust_Annual_Report_FY2023_Sep30.pdf,SRC605,Performance,lp,25,printed_label,Manager,PAI Partners,rance of NAV Year of Investment: 2021 of NAV Private Equity Manager: PAI Partners Investments: PAI Strategic Partnerships SCSp/PAI Private Equity Manager: PAI Partners Europe VII Investments: ECG Co-invest SLP/PAI Europe VII/ Company Website: www.froneri.com PAI Europe VIII/ECG 2 Co-invest SLP Company Website: www.europeancampinggroup.com CFC is a technology-led vertically inte,
Performance_abrdn_Private_Equity_Opportunities_Trust_Annual_Report_FY2023_Sep30.pdf,SRC605,Performance,lp,25,printed_label,Manager,Vitruvian Partners,"urchase certificates and suppliers with whom Private Equity Manager: Vitruvian Partners Location: Netherlands it has entrenched relationships. It also provides advisory services, Investments: CFC Continuation Fund/Vitruvian IV of NAV Year of Investment: 2021 helping clients to navigate this rapidly evolving market and meet Company Website: www.cfc.com Private Fund Manager: Brid",
Performance_abrdn_Private_Equity_Opportunities_Trust_Annual_Report_FY2023_Sep30.pdf,SRC605,Performance,lp,25,printed_label,Manager,Altor Equity Partners,"ement software, as well as industry specific Private Equity Manager: Altor Equity Partners 1.6% Sector: Information Technology software solutions. Access’ software helps over 75,000 customers Investment: Altor Fund IV Location: UK across commercial and not-for-profit organisations to work efficiently, Company Website www.trioworld.com of NAV Year of Investment: 2018 with expert",
Performance_abrdn_Private_Equity_Opportunities_Trust_Annual_Report_FY2023_Sep30.pdf,SRC605,Performance,lp,25,printed_label,Manager,Latour Capital,"follows a differentiated model based of NAV Private Equity Manager: Latour Capital on proximity stores and a high-quality offering, including a significant Investments: Latour Co-invest Funecap/ 1.4% Sector: Consumer Staples fresh product component that is locally sourced and sold through its Latour Co-invest Funecap II/Latour IV Location: Spain network of over 270 stores acro",
Subscription_PA_SERS_Lubert_Adler_Real_Estate_Fund_VII_Redacted.pdf,SRC607,Subscription,pension,4,defined_term,"(the ""Manager"")","SEC or other government regulator. Lubert-Adler Group VII, L.P.","nd allow it to avoid experiencing any penalty action by the SEC or other government regulator. Lubert-Adler Group VII, L.P. (the ""General Partner"") may request additional documentation to verify, among other things, the Purchaser's identity, including, if applicable, the identity of the Purchaser's owners, partners, members, stockholders and/or stakeholders, and the source and",
Subscription_PA_SERS_Insight_Venture_Partners_VIII_Closing_Binder_Redacted.pdf,SRC608,Subscription,pension,44,defined_term,"(the ""Manager"")","Partnership, the General Partner, Insight Venture Management, LLC",". The Investor also understands and agrees that each of the Partnership, the General Partner, Insight Venture Management, LLC(the ""Investment Manager"") and their Affiliates may present this Subscription Agreement and the Investor Questionnaire andanyother information ,regarding the Investor furnished to the Partnership; the General Partner' or the Investment Manager to such par",
