holding_id,document_id,source_page,source_table,holding_label,subject_type,resolved_entity_id,resolved_entity_kind,as_of_date,currency,fair_value,market_value,cost,notional_amount,quantity,portfolio_weight,interest_rate,maturity_date_raw,asset_class_evidence,value_scope_evidence,metric_categories,source_observation_ids,collision_note,proposed_target_action,proposed_target_kind,proposed_instrument_kind,owner_entity_id_if_accepted,owner_entity_kind_if_accepted,owner_candidates,owner_evidence_name,owner_status,owner_reason,position_status,primary_refusal_code,semantic_risks
11a75d5f8be43d2ed687,SRC034,4,Combined Schedule of Investments,REDACTED,investment,,,2018-03-31,,1000000.000000,,152562871.000000,,,0.230000,,,,| single_holding,cost|fair_value|portfolio_weight,0581838b2e2d8abe6324;e00d41cf3b0bd16275fb;fe145196badce8ccf24c,,TARGET_PROVISIONAL,UNRESOLVED,UNCLASSIFIED,OWNER_SRC034_VERSA_COMBINED,portfolio,OWNER_SRC034_VERSA_COMBINED,"Versa Capital Fund II, L.P. and Versa Capital Fund II-A, L.P. combined reporting scope",OWNER_RESOLVED,OWNMAP001: The source schedule is explicitly combined across two legal funds. The combined reporting scope is the owner; assigning either held fund as owner would invent a split.,PUBLISHED,,PORTFOLIO_WEIGHT_NOT_OWNERSHIP
1460395a6ba7415fbab5,SRC034,4,Combined Schedule of Investments,REDACTED,investment,,,2018-03-31,,43000000.000000,,34813999.000000,,,9.810000,,,,| single_holding,cost|fair_value|portfolio_weight,45953593086ec10d3a77;a3d121a9fca604dc1bec;c928a37f2244812fddc0,,TARGET_PROVISIONAL,UNRESOLVED,UNCLASSIFIED,OWNER_SRC034_VERSA_COMBINED,portfolio,OWNER_SRC034_VERSA_COMBINED,"Versa Capital Fund II, L.P. and Versa Capital Fund II-A, L.P. combined reporting scope",OWNER_RESOLVED,OWNMAP001: The source schedule is explicitly combined across two legal funds. The combined reporting scope is the owner; assigning either held fund as owner would invent a split.,PUBLISHED,,PORTFOLIO_WEIGHT_NOT_OWNERSHIP
2924232937806206d2f5,SRC034,4,Combined Schedule of Investments,REDACTED,investment,,,2018-03-31,,45000000.000000,,3073705.000000,,,10.260000,,,,| single_holding,cost|fair_value|portfolio_weight,0e1a197ffe06bf47841b;9fe719ee5c6dcbc7cf62;d3b29abe7a965d72ce3c,,TARGET_PROVISIONAL,UNRESOLVED,UNCLASSIFIED,OWNER_SRC034_VERSA_COMBINED,portfolio,OWNER_SRC034_VERSA_COMBINED,"Versa Capital Fund II, L.P. and Versa Capital Fund II-A, L.P. combined reporting scope",OWNER_RESOLVED,OWNMAP001: The source schedule is explicitly combined across two legal funds. The combined reporting scope is the owner; assigning either held fund as owner would invent a split.,PUBLISHED,,PORTFOLIO_WEIGHT_NOT_OWNERSHIP
9d6c6e5b7e369165d587,SRC034,4,Combined Schedule of Investments,REDACTED,investment,,,2018-03-31,,93000000.000000,,43376204.000000,,,21.210000,,,,| single_holding,cost|fair_value|portfolio_weight,38dd051f7ec4aee2336f;4fabe15ddc3855edbb47;b1c88a180bffcf32a854,,TARGET_PROVISIONAL,UNRESOLVED,UNCLASSIFIED,OWNER_SRC034_VERSA_COMBINED,portfolio,OWNER_SRC034_VERSA_COMBINED,"Versa Capital Fund II, L.P. and Versa Capital Fund II-A, L.P. combined reporting scope",OWNER_RESOLVED,OWNMAP001: The source schedule is explicitly combined across two legal funds. The combined reporting scope is the owner; assigning either held fund as owner would invent a split.,PUBLISHED,,PORTFOLIO_WEIGHT_NOT_OWNERSHIP
a74b8e7dd4c34499a967,SRC034,4,Combined Schedule of Investments,REDACTED,investment,,,2018-03-31,,90000000.000000,,43204400.000000,,,20.530000,,,,| single_holding,cost|fair_value|portfolio_weight,2da4e73e6f300c12d17d;391ce5f4fc89a7cc8fed;5430aea4b7a559aa3dac,,TARGET_PROVISIONAL,UNRESOLVED,UNCLASSIFIED,OWNER_SRC034_VERSA_COMBINED,portfolio,OWNER_SRC034_VERSA_COMBINED,"Versa Capital Fund II, L.P. and Versa Capital Fund II-A, L.P. combined reporting scope",OWNER_RESOLVED,OWNMAP001: The source schedule is explicitly combined across two legal funds. The combined reporting scope is the owner; assigning either held fund as owner would invent a split.,PUBLISHED,,PORTFOLIO_WEIGHT_NOT_OWNERSHIP
c57fa793893f93dbb43e,SRC034,4,Combined Schedule of Investments,REDACTED,investment,,,2018-03-31,,3000000.000000,,49457930.000000,,,0.680000,,,,| single_holding,cost|fair_value|portfolio_weight,33467ee1682e36685ac9;3f2c9a09b40fb821a54b;9f21df366069298c5133,,TARGET_PROVISIONAL,UNRESOLVED,UNCLASSIFIED,OWNER_SRC034_VERSA_COMBINED,portfolio,OWNER_SRC034_VERSA_COMBINED,"Versa Capital Fund II, L.P. and Versa Capital Fund II-A, L.P. combined reporting scope",OWNER_RESOLVED,OWNMAP001: The source schedule is explicitly combined across two legal funds. The combined reporting scope is the owner; assigning either held fund as owner would invent a split.,PUBLISHED,,PORTFOLIO_WEIGHT_NOT_OWNERSHIP
f6fcf356ce48f6ae43dd,SRC034,4,Combined Schedule of Investments,REDACTED,investment,,,2018-03-31,,150000000.000000,,89000000.000000,,,34.220000,,,,| single_holding,cost|fair_value|portfolio_weight,55c71a354ce9583abfc3;c0382c3e21afbdf80451;eeafbc0b5b57f6adcc5b,,TARGET_PROVISIONAL,UNRESOLVED,UNCLASSIFIED,OWNER_SRC034_VERSA_COMBINED,portfolio,OWNER_SRC034_VERSA_COMBINED,"Versa Capital Fund II, L.P. and Versa Capital Fund II-A, L.P. combined reporting scope",OWNER_RESOLVED,OWNMAP001: The source schedule is explicitly combined across two legal funds. The combined reporting scope is the owner; assigning either held fund as owner would invent a split.,PUBLISHED,,PORTFOLIO_WEIGHT_NOT_OWNERSHIP
04560728c5fcf6f30358,SRC192,5,Largest Equity Holdings,Apple,investment,CO_0004,company,2021-12-31,USD,354247888.000000,,,,1994976.000000,,,,Equity securities,| single_holding,fair_value|quantity,9934728139a9e044a952;c608dea9e9d97c3371ed,,TARGET_RESOLVED,PORTFOLIO_COMPANY,OTHER_EQUITY,OWNER_UTAH_RETIREMENT_INVESTMENT_FUND,portfolio,OWNER_UTAH_RETIREMENT_INVESTMENT_FUND,Utah Retirement Investment Fund,OWNER_RESOLVED,OWNMAP003: The document context names Utah Retirement Investment Fund as the portfolio whose holdings are reported.,PUBLISHED,,
05ccef01fcfb88b27627,SRC192,5,Largest Equity Holdings,United Healthcare Group,investment,CO_0028,company,2021-12-31,USD,89084155.000000,,,,177409.000000,,,,Equity securities,| single_holding,fair_value|quantity,2150c1bc2e521f5829e1;bb0a31feea7631132a06,,TARGET_RESOLVED,PORTFOLIO_COMPANY,OTHER_EQUITY,OWNER_UTAH_RETIREMENT_INVESTMENT_FUND,portfolio,OWNER_UTAH_RETIREMENT_INVESTMENT_FUND,Utah Retirement Investment Fund,OWNER_RESOLVED,OWNMAP003: The document context names Utah Retirement Investment Fund as the portfolio whose holdings are reported.,PUBLISHED,,
122b052ae7ed8e6cd1a0,SRC192,5,Largest Debt Securities Holdings,FNMA Single Family Mortgage 0% 2/2022,investment,CO_0014,company,2021-12-31,USD,248093513.000000,,,246127000.000000,,,,,Debt securities,| single_holding,fair_value|notional,ae4968202f19578a1b23;ea9a2f62bd264b7eae75,,TARGET_PROVISIONAL,UNRESOLVED,OTHER_DEBT,OWNER_UTAH_RETIREMENT_INVESTMENT_FUND,portfolio,OWNER_UTAH_RETIREMENT_INVESTMENT_FUND,Utah Retirement Investment Fund,OWNER_RESOLVED,OWNMAP003: The document context names Utah Retirement Investment Fund as the portfolio whose holdings are reported.,PUBLISHED,,
1ca652d820e7b5bd4211,SRC192,5,Largest Equity Holdings,Tesla,investment,CO_0027,company,2021-12-31,USD,110460986.000000,,,,104526.000000,,,,Equity securities,| single_holding,fair_value|quantity,3029059e167d86c0fa79;36fafbf9af81b05967e0,,TARGET_RESOLVED,PORTFOLIO_COMPANY,OTHER_EQUITY,OWNER_UTAH_RETIREMENT_INVESTMENT_FUND,portfolio,OWNER_UTAH_RETIREMENT_INVESTMENT_FUND,Utah Retirement Investment Fund,OWNER_RESOLVED,OWNMAP003: The document context names Utah Retirement Investment Fund as the portfolio whose holdings are reported.,PUBLISHED,,
2417d8a9dc5b17549a98,SRC192,5,Largest Equity Holdings,Alphabet,investment,CO_0001,company,2021-12-31,USD,104658257.000000,,,,36169.000000,,,,Equity securities,| single_holding,fair_value|quantity,2338ca407660af246576;4bec33b36dbdf86f73e3,,TARGET_RESOLVED,PORTFOLIO_COMPANY,OTHER_EQUITY,OWNER_UTAH_RETIREMENT_INVESTMENT_FUND,portfolio,OWNER_UTAH_RETIREMENT_INVESTMENT_FUND,Utah Retirement Investment Fund,OWNER_RESOLVED,OWNMAP003: The document context names Utah Retirement Investment Fund as the portfolio whose holdings are reported.,PUBLISHED,,
2dcb9be5f0746b70088b,SRC192,5,Largest Debt Securities Holdings,GNMA 2% 1/15/2051,investment,CO_0018,company,2021-12-31,USD,40387308.000000,,,40006000.000000,,,,,Debt securities,| single_holding,fair_value|notional,01461f3ec45bbeae4466;8d990bcbef76479cf43a,,TARGET_PROVISIONAL,UNRESOLVED,OTHER_DEBT,OWNER_UTAH_RETIREMENT_INVESTMENT_FUND,portfolio,OWNER_UTAH_RETIREMENT_INVESTMENT_FUND,Utah Retirement Investment Fund,OWNER_RESOLVED,OWNMAP003: The document context names Utah Retirement Investment Fund as the portfolio whose holdings are reported.,PUBLISHED,,
4a207818915b10d61255,SRC192,5,Largest Debt Securities Holdings,FNMA Single Family Mortgage 3.0% 1/2022,investment,CO_0015,company,2021-12-31,USD,37249844.000000,,,35940000.000000,,,,,Debt securities,| single_holding,fair_value|notional,205f198cc258d074f437;dca6d858d23e6a7521da,,TARGET_PROVISIONAL,UNRESOLVED,OTHER_DEBT,OWNER_UTAH_RETIREMENT_INVESTMENT_FUND,portfolio,OWNER_UTAH_RETIREMENT_INVESTMENT_FUND,Utah Retirement Investment Fund,OWNER_RESOLVED,OWNMAP003: The document context names Utah Retirement Investment Fund as the portfolio whose holdings are reported.,PUBLISHED,,
538ad44d0bd6c0696fa3,SRC192,5,Largest Debt Securities Holdings,United States Treasury Note .625% 11/15/2024,investment,CO_0032,company,2021-12-31,USD,42678689.000000,,,42910000.000000,,,,,Debt securities,| single_holding,fair_value|notional,2be7e07f2e02586d6eed;b4ff086ed3149452556a,,TARGET_PROVISIONAL,UNRESOLVED,OTHER_DEBT,OWNER_UTAH_RETIREMENT_INVESTMENT_FUND,portfolio,OWNER_UTAH_RETIREMENT_INVESTMENT_FUND,Utah Retirement Investment Fund,OWNER_RESOLVED,OWNMAP003: The document context names Utah Retirement Investment Fund as the portfolio whose holdings are reported.,PUBLISHED,,
5fe9247177e4a1728802,SRC192,5,Largest Debt Securities Holdings,United States Treasury Bond 1.75% 8/15/2041,investment,CO_0029,company,2021-12-31,USD,52411582.000000,,,53885000.000000,,,,,Debt securities,| single_holding,fair_value|notional,7a75f7b8cb01b34af471;efe38236fddcc81eb2c0,,TARGET_PROVISIONAL,UNRESOLVED,OTHER_DEBT,OWNER_UTAH_RETIREMENT_INVESTMENT_FUND,portfolio,OWNER_UTAH_RETIREMENT_INVESTMENT_FUND,Utah Retirement Investment Fund,OWNER_RESOLVED,OWNMAP003: The document context names Utah Retirement Investment Fund as the portfolio whose holdings are reported.,PUBLISHED,,
63e2085b4b81684294d4,SRC192,5,Largest Debt Securities Holdings,FNMA Single Family Mortgage 0% 1/2022,investment,CO_0013,company,2021-12-31,USD,32818434.000000,,,31681960.000000,,,,,Debt securities,| single_holding,fair_value|notional,7b5c4077b4a119861b87;c4b5f7b311381d08f4cd,,TARGET_PROVISIONAL,UNRESOLVED,OTHER_DEBT,OWNER_UTAH_RETIREMENT_INVESTMENT_FUND,portfolio,OWNER_UTAH_RETIREMENT_INVESTMENT_FUND,Utah Retirement Investment Fund,OWNER_RESOLVED,OWNMAP003: The document context names Utah Retirement Investment Fund as the portfolio whose holdings are reported.,PUBLISHED,,
660f553dbf62eec94224,SRC192,5,Largest Debt Securities Holdings,United States Treasury Bond 3.125% 11/15/2041,investment,CO_0030,company,2021-12-31,USD,34702071.000000,,,28790000.000000,,,,,Debt securities,| single_holding,fair_value|notional,91c3e7192d52207efecd;dc4175398df4de2ff70a,,TARGET_PROVISIONAL,UNRESOLVED,OTHER_DEBT,OWNER_UTAH_RETIREMENT_INVESTMENT_FUND,portfolio,OWNER_UTAH_RETIREMENT_INVESTMENT_FUND,Utah Retirement Investment Fund,OWNER_RESOLVED,OWNMAP003: The document context names Utah Retirement Investment Fund as the portfolio whose holdings are reported.,PUBLISHED,,
76327062b8f9e00ece33,SRC192,5,Largest Equity Holdings,Nvidia,investment,CO_0035,company,2021-12-31,USD,90692936.000000,,,,308364.000000,,,,Equity securities,| single_holding,fair_value|quantity,5219853bb09092178186;ef1776c65b5e47223707,,TARGET_RESOLVED,PORTFOLIO_COMPANY,OTHER_EQUITY,OWNER_UTAH_RETIREMENT_INVESTMENT_FUND,portfolio,OWNER_UTAH_RETIREMENT_INVESTMENT_FUND,Utah Retirement Investment Fund,OWNER_RESOLVED,OWNMAP003: The document context names Utah Retirement Investment Fund as the portfolio whose holdings are reported.,PUBLISHED,,
a05aef29e785283cab80,SRC192,5,Largest Equity Holdings,Alphabet,investment,CO_0001,company,2021-12-31,USD,171038345.000000,,,,59039.000000,,,,Equity securities,| single_holding,fair_value|quantity,288f2b94e9a99535bdf3;3532ed3dafb5a259fc5e,,TARGET_RESOLVED,PORTFOLIO_COMPANY,OTHER_EQUITY,OWNER_UTAH_RETIREMENT_INVESTMENT_FUND,portfolio,OWNER_UTAH_RETIREMENT_INVESTMENT_FUND,Utah Retirement Investment Fund,OWNER_RESOLVED,OWNMAP003: The document context names Utah Retirement Investment Fund as the portfolio whose holdings are reported.,PUBLISHED,,
b4880e7e2c161b83709c,SRC192,5,Largest Equity Holdings,Meta Platforms,investment,CO_0033,company,2021-12-31,USD,102730708.000000,,,,305428.000000,,,,Equity securities,| single_holding,fair_value|quantity,ca75be76c2b00939d5ab;fbf802628508b9215ac0,,TARGET_RESOLVED,PORTFOLIO_COMPANY,OTHER_EQUITY,OWNER_UTAH_RETIREMENT_INVESTMENT_FUND,portfolio,OWNER_UTAH_RETIREMENT_INVESTMENT_FUND,Utah Retirement Investment Fund,OWNER_RESOLVED,OWNMAP003: The document context names Utah Retirement Investment Fund as the portfolio whose holdings are reported.,PUBLISHED,,
d9a7bc34fe7187395af4,SRC192,5,Largest Equity Holdings,Microsoft,investment,CO_0034,company,2021-12-31,USD,327589469.000000,,,,974041.000000,,,,Equity securities,| single_holding,fair_value|quantity,304512a4078d7b2852a3;a37e37e9481db3f4af23,,TARGET_RESOLVED,PORTFOLIO_COMPANY,OTHER_EQUITY,OWNER_UTAH_RETIREMENT_INVESTMENT_FUND,portfolio,OWNER_UTAH_RETIREMENT_INVESTMENT_FUND,Utah Retirement Investment Fund,OWNER_RESOLVED,OWNMAP003: The document context names Utah Retirement Investment Fund as the portfolio whose holdings are reported.,PUBLISHED,,
d9d469cca69b699a4505,SRC192,5,Largest Debt Securities Holdings,United States Treasury Bond 3.125% 5/15/2048,investment,CO_0031,company,2021-12-31,USD,37590438.000000,,,29960000.000000,,,,,Debt securities,| single_holding,fair_value|notional,3a81af8b411c028b1a16;79c377f8abfc157ad38a,,TARGET_PROVISIONAL,UNRESOLVED,OTHER_DEBT,OWNER_UTAH_RETIREMENT_INVESTMENT_FUND,portfolio,OWNER_UTAH_RETIREMENT_INVESTMENT_FUND,Utah Retirement Investment Fund,OWNER_RESOLVED,OWNMAP003: The document context names Utah Retirement Investment Fund as the portfolio whose holdings are reported.,PUBLISHED,,
da3bc1377afe9ccfd976,SRC192,5,Largest Equity Holdings,Embraer,investment,CO_0011,company,2021-12-31,USD,79375095.000000,,,,17813025.000000,,,,Equity securities,| single_holding,fair_value|quantity,315df34b76713e83ff8a;e9fdf706f7798bab1903,,TARGET_RESOLVED,PORTFOLIO_COMPANY,OTHER_EQUITY,OWNER_UTAH_RETIREMENT_INVESTMENT_FUND,portfolio,OWNER_UTAH_RETIREMENT_INVESTMENT_FUND,Utah Retirement Investment Fund,OWNER_RESOLVED,OWNMAP003: The document context names Utah Retirement Investment Fund as the portfolio whose holdings are reported.,PUBLISHED,,
e25aec84bcd51285bde4,SRC192,5,Largest Equity Holdings,Amazon,investment,CO_0002,company,2021-12-31,USD,186359651.000000,,,,55945.000000,,,,Equity securities,| single_holding,fair_value|quantity,6312b050c4e463390d6f;6670cfb43186eed6c117,,TARGET_RESOLVED,PORTFOLIO_COMPANY,OTHER_EQUITY,OWNER_UTAH_RETIREMENT_INVESTMENT_FUND,portfolio,OWNER_UTAH_RETIREMENT_INVESTMENT_FUND,Utah Retirement Investment Fund,OWNER_RESOLVED,OWNMAP003: The document context names Utah Retirement Investment Fund as the portfolio whose holdings are reported.,PUBLISHED,,
e4bcea864d90577f2c09,SRC192,5,Largest Debt Securities Holdings,CRC CF 5/4/2026,investment,CO_0007,company,2021-12-31,USD,38668500.000000,,,39000000.000000,,,,,Debt securities,| single_holding,fair_value|notional,2f373ec19545cbf73762;85456ca8b97b4717594d,,TARGET_PROVISIONAL,UNRESOLVED,OTHER_DEBT,OWNER_UTAH_RETIREMENT_INVESTMENT_FUND,portfolio,OWNER_UTAH_RETIREMENT_INVESTMENT_FUND,Utah Retirement Investment Fund,OWNER_RESOLVED,OWNMAP003: The document context names Utah Retirement Investment Fund as the portfolio whose holdings are reported.,PUBLISHED,,
ee3181fc1f78702f1fb8,SRC192,5,Largest Debt Securities Holdings,Gate SME Ser 144A 12/15/2025,investment,CO_0017,company,2021-12-31,USD,42563068.000000,,,38069496.000000,,,,,Debt securities,| single_holding,fair_value|notional,6e6936d915929b7d004f;c4b53c24d9c3ed9ac465,,TARGET_PROVISIONAL,UNRESOLVED,OTHER_DEBT,OWNER_UTAH_RETIREMENT_INVESTMENT_FUND,portfolio,OWNER_UTAH_RETIREMENT_INVESTMENT_FUND,Utah Retirement Investment Fund,OWNER_RESOLVED,OWNMAP003: The document context names Utah Retirement Investment Fund as the portfolio whose holdings are reported.,PUBLISHED,,
0b8b59b387e6fa83d813,SRC356,5,Economically Targeted Investments,SERVE OPPORTUNITIES FUND I LP,fund,FUND_0893,fund,2025-06-30,USD,,197439278.000000,,,,,,,Private Equity,fund_position,market_value,b284f4a05e2ae74a8ec9,,TARGET_RESOLVED,FUND,FUND_INTEREST,OWNER_FUND_1060,fund,OWNER_FUND_1060,Permanent University Fund,OWNER_RESOLVED,OWNMAP005: The holdings table is for the Permanent University Fund. The existing fund master has the same reviewed fund identity as FUND_1060.,PUBLISHED,,MARKET_VALUE_SEPARATE
0d9cf9ef640594807d07,SRC356,5,Economically Targeted Investments,ESCALATE CAPITAL I LP,fund,FUND_0494,fund,2025-06-30,USD,,59353.000000,,,,,,,Private Equity,fund_position,market_value,54b882d3a044e8c31d98,,TARGET_RESOLVED,FUND,FUND_INTEREST,OWNER_FUND_1060,fund,OWNER_FUND_1060,Permanent University Fund,OWNER_RESOLVED,OWNMAP005: The holdings table is for the Permanent University Fund. The existing fund master has the same reviewed fund identity as FUND_1060.,PUBLISHED,,MARKET_VALUE_SEPARATE
1032f5583b7a423765b4,SRC356,5,Economically Targeted Investments,AUSTIN VENTURES IX LP,fund,FUND_0319,fund,2025-06-30,USD,,16094.000000,,,,,,,Private Equity,fund_position,market_value,ae8551a4d7325ce23847,,TARGET_RESOLVED,FUND,FUND_INTEREST,OWNER_FUND_1060,fund,OWNER_FUND_1060,Permanent University Fund,OWNER_RESOLVED,OWNMAP005: The holdings table is for the Permanent University Fund. The existing fund master has the same reviewed fund identity as FUND_1060.,PUBLISHED,,MARKET_VALUE_SEPARATE
16f80d62689e6ca7b4d1,SRC356,5,Economically Targeted Investments,TEAKWOOD CAPITAL III (CO-INVESTMENT) LP,fund,FUND_0941,fund,2025-06-30,USD,,6415987.000000,,,,,,,Private Equity,fund_position,market_value,2c502898787ca8ad25c4,,TARGET_RESOLVED,FUND,FUND_INTEREST,OWNER_FUND_1060,fund,OWNER_FUND_1060,Permanent University Fund,OWNER_RESOLVED,OWNMAP005: The holdings table is for the Permanent University Fund. The existing fund master has the same reviewed fund identity as FUND_1060.,PUBLISHED,,MARKET_VALUE_SEPARATE
33b06fb843825a6ed6aa,SRC356,5,Economically Targeted Investments,DIRECT INVESTMENT #2,investment,CO_0009,company,2025-06-30,USD,,498658.000000,,,,,,,Private Equity,single_holding,market_value,ae4e4a0c053cd5f60e28,,TARGET_RESOLVED,PORTFOLIO_COMPANY,OTHER_EQUITY,OWNER_FUND_1060,fund,OWNER_FUND_1060,Permanent University Fund,OWNER_RESOLVED,OWNMAP005: The holdings table is for the Permanent University Fund. The existing fund master has the same reviewed fund identity as FUND_1060.,PUBLISHED,,MARKET_VALUE_SEPARATE
36f7c4f8efbf3c6dfbb9,SRC356,5,Economically Targeted Investments,VISTA EQUITY ENDEAVOR FUND II LP,fund,FUND_0984,fund,2025-06-30,USD,,56986795.000000,,,,,,,Private Equity,fund_position,market_value,4e7abce2ec9b7c5d9e8c,,TARGET_RESOLVED,FUND,FUND_INTEREST,OWNER_FUND_1060,fund,OWNER_FUND_1060,Permanent University Fund,OWNER_RESOLVED,OWNMAP005: The holdings table is for the Permanent University Fund. The existing fund master has the same reviewed fund identity as FUND_1060.,PUBLISHED,,MARKET_VALUE_SEPARATE
384b22141931b49c11b7,SRC356,5,Economically Targeted Investments,SCF-IX LP,fund,FUND_0885,fund,2025-06-30,USD,,57441706.000000,,,,,,,Private Equity,fund_position,market_value,d8aeb79cac4cf7dd251a,,TARGET_RESOLVED,FUND,FUND_INTEREST,OWNER_FUND_1060,fund,OWNER_FUND_1060,Permanent University Fund,OWNER_RESOLVED,OWNMAP005: The holdings table is for the Permanent University Fund. The existing fund master has the same reviewed fund identity as FUND_1060.,PUBLISHED,,MARKET_VALUE_SEPARATE
3a36591bec915380bbff,SRC356,5,Economically Targeted Investments,NEXT COAST VENTURES III LP,fund,FUND_0765,fund,2025-06-30,USD,,9569692.000000,,,,,,,Private Equity,fund_position,market_value,ea3aaa9120281fccb646,,TARGET_RESOLVED,FUND,FUND_INTEREST,OWNER_FUND_1060,fund,OWNER_FUND_1060,Permanent University Fund,OWNER_RESOLVED,OWNMAP005: The holdings table is for the Permanent University Fund. The existing fund master has the same reviewed fund identity as FUND_1060.,PUBLISHED,,MARKET_VALUE_SEPARATE
3c03d8b5c0e1f7e363d0,SRC356,5,Economically Targeted Investments,NCV SELECT I LP,fund,FUND_0755,fund,2025-06-30,USD,,7465530.000000,,,,,,,Private Equity,fund_position,market_value,cb7aadee914d7c25c272,,TARGET_RESOLVED,FUND,FUND_INTEREST,OWNER_FUND_1060,fund,OWNER_FUND_1060,Permanent University Fund,OWNER_RESOLVED,OWNMAP005: The holdings table is for the Permanent University Fund. The existing fund master has the same reviewed fund identity as FUND_1060.,PUBLISHED,,MARKET_VALUE_SEPARATE
401743ad95958afb84e6,SRC356,5,Economically Targeted Investments,PBC AUSTIN 2021 EQUITY I LP,fund,FUND_0810,fund,2025-06-30,USD,,11329393.000000,,,,,,,Private Equity,fund_position,market_value,7a259a7910ab848aab8d,,TARGET_RESOLVED,FUND,FUND_INTEREST,OWNER_FUND_1060,fund,OWNER_FUND_1060,Permanent University Fund,OWNER_RESOLVED,OWNMAP005: The holdings table is for the Permanent University Fund. The existing fund master has the same reviewed fund identity as FUND_1060.,PUBLISHED,,MARKET_VALUE_SEPARATE
40a1ddf83171860db734,SRC356,5,Economically Targeted Investments,PEP DEVELOPMENT OPPORTUNITIES FUND LP,fund,FUND_0813,fund,2025-06-30,USD,,39235748.000000,,,,,,,Private Equity,fund_position,market_value,c7ae89356d9956cb8153,,TARGET_RESOLVED,FUND,FUND_INTEREST,OWNER_FUND_1060,fund,OWNER_FUND_1060,Permanent University Fund,OWNER_RESOLVED,OWNMAP005: The holdings table is for the Permanent University Fund. The existing fund master has the same reviewed fund identity as FUND_1060.,PUBLISHED,,MARKET_VALUE_SEPARATE
58dfa69e9c0939eae940,SRC356,5,Economically Targeted Investments,Total,portfolio,,,2025-06-30,USD,,673815236.000000,,,,,,,,portfolio_total,market_value,c47de9309fb59ae68732,,REFUSE_AS_POSITION,,,OWNER_FUND_1060,fund,OWNER_FUND_1060,Permanent University Fund,OWNER_RESOLVED,OWNMAP005: The holdings table is for the Permanent University Fund. The existing fund master has the same reviewed fund identity as FUND_1060.,REFUSED,NON_INVESTEE_AGGREGATE,MARKET_VALUE_SEPARATE|AGGREGATE_SCOPE|NON_INVESTEE_AGGREGATE
7171ef4dd061349142d5,SRC356,5,Economically Targeted Investments,ROX II MED CENTER LP,fund,FUND_0872,fund,2025-06-30,USD,,4425256.000000,,,,,,,Private Equity,fund_position,market_value,bd37f806edf70ff02609,,TARGET_RESOLVED,FUND,FUND_INTEREST,OWNER_FUND_1060,fund,OWNER_FUND_1060,Permanent University Fund,OWNER_RESOLVED,OWNMAP005: The holdings table is for the Permanent University Fund. The existing fund master has the same reviewed fund identity as FUND_1060.,PUBLISHED,,MARKET_VALUE_SEPARATE
77c7410eb598ef956ecc,SRC356,5,Economically Targeted Investments,EQT INFRASTRUCTURE IV CO-INVESTMENT A SCSP,fund,FUND_0488,fund,2025-06-30,USD,,26956271.000000,,,,,,,Private Equity,fund_position,market_value,13400e6c1b41d37e56df,,TARGET_RESOLVED,FUND,FUND_INTEREST,OWNER_FUND_1060,fund,OWNER_FUND_1060,Permanent University Fund,OWNER_RESOLVED,OWNMAP005: The holdings table is for the Permanent University Fund. The existing fund master has the same reviewed fund identity as FUND_1060.,PUBLISHED,,MARKET_VALUE_SEPARATE
80d12cbeacc19f596f94,SRC356,5,Economically Targeted Investments,VISTA EQUITY PARTNERS FUND VII LP,fund,FUND_1051,fund,2025-06-30,USD,,126464038.000000,,,,,,,Private Equity,fund_position,market_value,7527f8db864bfceb824b,,TARGET_RESOLVED,FUND,FUND_INTEREST,OWNER_FUND_1060,fund,OWNER_FUND_1060,Permanent University Fund,OWNER_RESOLVED,OWNMAP005: The holdings table is for the Permanent University Fund. The existing fund master has the same reviewed fund identity as FUND_1060.,PUBLISHED,,MARKET_VALUE_SEPARATE
81ce8ffd21ce02461848,SRC356,5,Economically Targeted Investments,NEW HORIZONS EL PASO LP,fund,FUND_0759,fund,2025-06-30,USD,,18135791.000000,,,,,,,Private Equity,fund_position,market_value,d726f2c96474ccdd2af8,,TARGET_RESOLVED,FUND,FUND_INTEREST,OWNER_FUND_1060,fund,OWNER_FUND_1060,Permanent University Fund,OWNER_RESOLVED,OWNMAP005: The holdings table is for the Permanent University Fund. The existing fund master has the same reviewed fund identity as FUND_1060.,PUBLISHED,,MARKET_VALUE_SEPARATE
8789f15bac496c0b2106,SRC356,5,Economically Targeted Investments,TEAKWOOD CAPITAL III LP,fund,FUND_0942,fund,2025-06-30,USD,,22032758.000000,,,,,,,Private Equity,fund_position,market_value,ba7a1b6782d6103ab5b6,,TARGET_RESOLVED,FUND,FUND_INTEREST,OWNER_FUND_1060,fund,OWNER_FUND_1060,Permanent University Fund,OWNER_RESOLVED,OWNMAP005: The holdings table is for the Permanent University Fund. The existing fund master has the same reviewed fund identity as FUND_1060.,PUBLISHED,,MARKET_VALUE_SEPARATE
b403b804fc136553c335,SRC356,5,Economically Targeted Investments,SCF-VII LP,fund,FUND_0886,fund,2025-06-30,USD,,3269994.000000,,,,,,,Private Equity,fund_position,market_value,964be37a18f53a111611,,TARGET_RESOLVED,FUND,FUND_INTEREST,OWNER_FUND_1060,fund,OWNER_FUND_1060,Permanent University Fund,OWNER_RESOLVED,OWNMAP005: The holdings table is for the Permanent University Fund. The existing fund master has the same reviewed fund identity as FUND_1060.,PUBLISHED,,MARKET_VALUE_SEPARATE
b594437b592c0dcbd525,SRC356,5,Economically Targeted Investments,AUSTIN VENTURES X LP,fund,FUND_0320,fund,2025-06-30,USD,,152509.000000,,,,,,,Private Equity,fund_position,market_value,1b4625f860c3242983bc,,TARGET_RESOLVED,FUND,FUND_INTEREST,OWNER_FUND_1060,fund,OWNER_FUND_1060,Permanent University Fund,OWNER_RESOLVED,OWNMAP005: The holdings table is for the Permanent University Fund. The existing fund master has the same reviewed fund identity as FUND_1060.,PUBLISHED,,MARKET_VALUE_SEPARATE
b9eb781920a63f50f63f,SRC356,5,Economically Targeted Investments,DIRECT INVESTMENT #3,investment,CO_0010,company,2025-06-30,USD,,17068007.000000,,,,,,,Private Equity,single_holding,market_value,78d8439fdf29f1f07397,,TARGET_RESOLVED,PORTFOLIO_COMPANY,OTHER_EQUITY,OWNER_FUND_1060,fund,OWNER_FUND_1060,Permanent University Fund,OWNER_RESOLVED,OWNMAP005: The holdings table is for the Permanent University Fund. The existing fund master has the same reviewed fund identity as FUND_1060.,PUBLISHED,,MARKET_VALUE_SEPARATE
d12ed224a9a69c122a86,SRC356,5,Economically Targeted Investments,SANTÉ HEALTH VENTURES II LP,fund,FUND_0882,fund,2025-06-30,USD,,8279253.000000,,,,,,,Private Equity,fund_position,market_value,9451aa8360f94dab3087,,TARGET_RESOLVED,FUND,FUND_INTEREST,OWNER_FUND_1060,fund,OWNER_FUND_1060,Permanent University Fund,OWNER_RESOLVED,OWNMAP005: The holdings table is for the Permanent University Fund. The existing fund master has the same reviewed fund identity as FUND_1060.,PUBLISHED,,MARKET_VALUE_SEPARATE
ddde089164ee212c9f66,SRC356,5,Economically Targeted Investments,SCF-VIII LP,fund,FUND_0887,fund,2025-06-30,USD,,21939508.000000,,,,,,,Private Equity,fund_position,market_value,c5a87ae1ac948e00650e,,TARGET_RESOLVED,FUND,FUND_INTEREST,OWNER_FUND_1060,fund,OWNER_FUND_1060,Permanent University Fund,OWNER_RESOLVED,OWNMAP005: The holdings table is for the Permanent University Fund. The existing fund master has the same reviewed fund identity as FUND_1060.,PUBLISHED,,MARKET_VALUE_SEPARATE
eb0e7335faf7e86898d6,SRC356,5,Economically Targeted Investments,HANNATHON CIV LP,fund,FUND_0592,fund,2025-06-30,USD,,26895068.000000,,,,,,,Private Equity,fund_position,market_value,a033c68a9d57a38f947c,,TARGET_RESOLVED,FUND,FUND_INTEREST,OWNER_FUND_1060,fund,OWNER_FUND_1060,Permanent University Fund,OWNER_RESOLVED,OWNMAP005: The holdings table is for the Permanent University Fund. The existing fund master has the same reviewed fund identity as FUND_1060.,PUBLISHED,,MARKET_VALUE_SEPARATE
f6edf9ca379655228588,SRC356,5,Economically Targeted Investments,DIRECT INVESTMENT #1,investment,CO_0008,company,2025-06-30,USD,,20773.000000,,,,,,,Private Equity,single_holding,market_value,f8c976d2b675d8e8cf88,,TARGET_RESOLVED,PORTFOLIO_COMPANY,OTHER_EQUITY,OWNER_FUND_1060,fund,OWNER_FUND_1060,Permanent University Fund,OWNER_RESOLVED,OWNMAP005: The holdings table is for the Permanent University Fund. The existing fund master has the same reviewed fund identity as FUND_1060.,PUBLISHED,,MARKET_VALUE_SEPARATE
fbb0fbe0cc321f7e4a4e,SRC356,5,Economically Targeted Investments,PENNYBACKER IV LP,fund,FUND_0812,fund,2025-06-30,USD,,11717776.000000,,,,,,,Private Equity,fund_position,market_value,4f3b922c742ac2a7dd9f,,TARGET_RESOLVED,FUND,FUND_INTEREST,OWNER_FUND_1060,fund,OWNER_FUND_1060,Permanent University Fund,OWNER_RESOLVED,OWNMAP005: The holdings table is for the Permanent University Fund. The existing fund master has the same reviewed fund identity as FUND_1060.,PUBLISHED,,MARKET_VALUE_SEPARATE
0565b92e2454bf0ef243,SRC373,116,Summary of Program-Related Investments (continued),OWEESTA COVID RESPONSE FUND - TO PROVIDE CAPITAL FOR GRASSROOTS NATIVE COMMUNITY DEVELOPMENT FINANCIAL INSTITUTIONS (CDFIS) TO STABILIZE SMALL BUSINESS AND CREATE HOUSING OPPORTUNITIES FOR NATIVE FAMILIES AND SMALL BUSINESSES.,program_related_investment,,,,,,,2500000.000000,,,,,,,,cost,fc2a9bf44d579d1ca578,,TARGET_PROVISIONAL,OTHER,OTHER,OWNER_PACKARD_FOUNDATION,other,OWNER_PACKARD_FOUNDATION,The David and Lucile Packard Foundation,OWNER_RESOLVED,OWNMAP006: The Form 990-PF names the foundation that owns the program-related investments.,PUBLISHED,,
331173c08444fdab5644,SRC373,116,Summary of Program-Related Investments (continued),"AFAXYS, INC. - TO EXPAND ACCESS TO QUALITY, AFFORDABLE CONTRACEPTIVE OPTIONS.",program_related_investment,,,,,,,3500000.000000,,,,,,,,cost,123f89f8bf9e91d89e14,,TARGET_PROVISIONAL,OTHER,OTHER,OWNER_PACKARD_FOUNDATION,other,OWNER_PACKARD_FOUNDATION,The David and Lucile Packard Foundation,OWNER_RESOLVED,OWNMAP006: The Form 990-PF names the foundation that owns the program-related investments.,PUBLISHED,,
41a6f31e806074c6ace2,SRC373,116,Summary of Program-Related Investments (continued),OWEESTA REVOLVING FUND - TO PROVIDE CAPITAL FOR GRASSROOTS NATIVE COMMUNITY DEVELOPMENT FINANCIAL INSTITUTIONS (CDFIS) TO STABILIZE SMALL BUSINESS AND CREATE HOUSING OPPORTUNITIES FOR NATIVE FAMILIES AND SMALL BUSINESSES.,program_related_investment,,,,,,,1500000.000000,,,,,,,,cost,c47bb84e7fb22d6f89a7,,TARGET_PROVISIONAL,OTHER,OTHER,OWNER_PACKARD_FOUNDATION,other,OWNER_PACKARD_FOUNDATION,The David and Lucile Packard Foundation,OWNER_RESOLVED,OWNMAP006: The Form 990-PF names the foundation that owns the program-related investments.,PUBLISHED,,
66457049102ff95780b3,SRC373,116,Summary of Program-Related Investments (continued),"POINT BLUE - TO BRIDGE FINANCE REIMBURSABLE STATE CONTRACT RECEIVABLES TO ENABLE THE RESTORATION OF 30,000 ACRES OF MEADOW HEADWATERS HABITAT IN THE SIERRA NEVADA BY 2030.",program_related_investment,,,,,,,1000000.000000,,,,,,,,cost,7964ff35ecf5ba688f97,,TARGET_PROVISIONAL,OTHER,OTHER,OWNER_PACKARD_FOUNDATION,other,OWNER_PACKARD_FOUNDATION,The David and Lucile Packard Foundation,OWNER_RESOLVED,OWNMAP006: The Form 990-PF names the foundation that owns the program-related investments.,PUBLISHED,,
6e8f6a0e007f906723d5,SRC373,116,Summary of Program-Related Investments (continued),"FOS FEMINISTA - TO TRAIN AND FUND FOS FEMINISTA MEMBER ASSOCIATIONS TO CREATE VIABLE EARNED INCOME MODELS FOR COMMERCIALIZING PRODUCTS AND SERVICES RELATED TO SEXUAL AND REPRODUCTIVE HEALTH, REINVESTING THE PROFIT TO SUPPORT THEIR SOCIAL MISSIONS BY SUBSIDIZING SERVICES AND PROGRAMS FOR MARGINALIZED POPULATIONS.",program_related_investment,,,,,,,575000.000000,,,,,,,,cost,b30e6b95d7fa1ee1b8c3,,TARGET_PROVISIONAL,OTHER,OTHER,OWNER_PACKARD_FOUNDATION,other,OWNER_PACKARD_FOUNDATION,The David and Lucile Packard Foundation,OWNER_RESOLVED,OWNMAP006: The Form 990-PF names the foundation that owns the program-related investments.,PUBLISHED,,
a734b4ca49ffe750dd09,SRC373,116,Summary of Program-Related Investments (continued),"WESTERN RIVERS CONSERVANCY - TO ENABLE WESTERN RIVERS CONSERVANCY TO PROCEED WITH ITS PURCHASE OF THE 2,135-ACRE BIG BEND RANCH, LOCATED ON THE COLUMBIA RIVER IN DOUGLAS COUNTY, WASHINGTON.",program_related_investment,,,,,,,2167000.000000,,,,,,,,cost,0e271c6ed8b1908aa13a,,TARGET_PROVISIONAL,OTHER,OTHER,OWNER_PACKARD_FOUNDATION,other,OWNER_PACKARD_FOUNDATION,The David and Lucile Packard Foundation,OWNER_RESOLVED,OWNMAP006: The Form 990-PF names the foundation that owns the program-related investments.,PUBLISHED,,
ad057824db3a0549207c,SRC373,116,Summary of Program-Related Investments (continued),"BLACKSTAR STABILITY - TO HELP LAUNCH THE BLACKSTAR STABILITY DISTRESSED DEBT FUND, A PROMISING VEHICLE FOR ADDRESSING PAST PREDATORY LENDING PRACTICES, AND BY RE-STRUCTURING THEM, TO ENABLE LOW-INCOME FAMILIES OF COLOR TO ACCESS STABLE HOUSING AND BUILD WEALTH.",program_related_investment,,,,,,,15000.000000,,,,,,,,cost,9014d2e97a09f21e2a8b,,TARGET_PROVISIONAL,OTHER,OTHER,OWNER_PACKARD_FOUNDATION,other,OWNER_PACKARD_FOUNDATION,The David and Lucile Packard Foundation,OWNER_RESOLVED,OWNMAP006: The Form 990-PF names the foundation that owns the program-related investments.,PUBLISHED,,
b79eb5f7d4c3bd387dcd,SRC373,116,Summary of Program-Related Investments (continued),BLACK VISION FUND - TO HELP LAUNCH THE EXPANDING BLACK BUSINESS CREDIT (EBBC) BLACK VISION FUND (BVF) TO SUPPORT AND HELP GROW SOME OF THE LEADING BLACK-LED AND -SERVING COMMUNITY DEVELOPMENT FINANCIAL INSTITUTIONS (CDFIS) IN THE COUNTRY.,program_related_investment,,,,,,,2274403.000000,,,,,,,,cost,dab0c7b18ff0f01877b7,,TARGET_PROVISIONAL,OTHER,OTHER,OWNER_PACKARD_FOUNDATION,other,OWNER_PACKARD_FOUNDATION,The David and Lucile Packard Foundation,OWNER_RESOLVED,OWNMAP006: The Form 990-PF names the foundation that owns the program-related investments.,PUBLISHED,,
c1abaaf05b3a322161d5,SRC373,116,Summary of Program-Related Investments (continued),"THE WILDERNESS LAND TRUST - TO ENABLE THE WILDERNESS LAND TRUST TO PURCHASE THE 160-ACRE CHURCH CREEK INHOLDING PROPERTY LOCATED IN THE VENTANA WILDERNESS IN MONTEREY COUNTY, CALIFORNIA.",program_related_investment,,,,,,,325000.000000,,,,,,,,cost,1dd1b7b0e967296bb359,,TARGET_PROVISIONAL,OTHER,OTHER,OWNER_PACKARD_FOUNDATION,other,OWNER_PACKARD_FOUNDATION,The David and Lucile Packard Foundation,OWNER_RESOLVED,OWNMAP006: The Form 990-PF names the foundation that owns the program-related investments.,PUBLISHED,,
cd9c82f0c513d49c2a69,SRC373,116,Summary of Program-Related Investments (continued),"WESTERN RIVERS CONSERVANCY - TO ENABLE WESTERN RIVERS CONSERVANCY TO PROCEED WITH ITS PURCHASE OF THE 159-ACRE DUNTON MEADOWS PROPERTY, AN INHOLDING IN THE SAN JUAN NATIONAL FOREST IN THE HEADWATERS OF THE DOLORES RIVER, IN DOLORES COUNTY, COLORADO.",program_related_investment,,,,,,,3100000.000000,,,,,,,,cost,67ca269f26de472e1c35,,TARGET_PROVISIONAL,OTHER,OTHER,OWNER_PACKARD_FOUNDATION,other,OWNER_PACKARD_FOUNDATION,The David and Lucile Packard Foundation,OWNER_RESOLVED,OWNMAP006: The Form 990-PF names the foundation that owns the program-related investments.,PUBLISHED,,
dbe14c3696fbb2738d7b,SRC373,116,Summary of Program-Related Investments (continued),"GENBIOPRO - TO PROVIDE FLEXIBLE GROWTH CAPITAL TO ENABLE GENBIOPRO TO EXPAND ITS REPRODUCTIVE HEALTH PORTFOLIO TO SERVE NEEDS RELATED TO ABORTION, PREGNANCY, FERTILITY TREATMENT, MISCARRIAGE, AND LABOR AND DELIVERY IN THE U.S.",program_related_investment,,,,,,,500000.000000,,,,,,,,cost,0b09ed413f2102dae4dc,,TARGET_PROVISIONAL,OTHER,OTHER,OWNER_PACKARD_FOUNDATION,other,OWNER_PACKARD_FOUNDATION,The David and Lucile Packard Foundation,OWNER_RESOLVED,OWNMAP006: The Form 990-PF names the foundation that owns the program-related investments.,PUBLISHED,,
dd55491c39e77febd501,SRC373,116,Summary of Program-Related Investments (continued),ALTHELIA - TO HELP LAUNCH THE SUSTAINABLE OCEAN FUND TO SUPPORT SUSTAINABLE FISHERIES AND OTHER MISSION-ALIGNED VENTURES THAT PROMOTE HEALTHY OCEANS.,program_related_investment,,,,,,,132585.000000,,,,,,,,cost,8ad428257a29c775486e,,TARGET_PROVISIONAL,OTHER,OTHER,OWNER_PACKARD_FOUNDATION,other,OWNER_PACKARD_FOUNDATION,The David and Lucile Packard Foundation,OWNER_RESOLVED,OWNMAP006: The Form 990-PF names the foundation that owns the program-related investments.,PUBLISHED,,
f5d2d3ff1efd6fdef28e,SRC373,116,Summary of Program-Related Investments (continued),"SAVE THE REDWOODS LEAGUE - TO SUPPORT THE ACQUISITION BY SAVE THE REDWOODS LEAGUE OF THE 394-ACRE RUSSIAN RIVER REDWOODS PROPERTY LOCATED IN SONOMA COUNTY, CALIFORNIA.",program_related_investment,,,,,,,2000000.000000,,,,,,,,cost,74aded2463f86cc7fcf8,,TARGET_PROVISIONAL,OTHER,OTHER,OWNER_PACKARD_FOUNDATION,other,OWNER_PACKARD_FOUNDATION,The David and Lucile Packard Foundation,OWNER_RESOLVED,OWNMAP006: The Form 990-PF names the foundation that owns the program-related investments.,PUBLISHED,,
ffa3045460b2cbec9e53,SRC373,116,Summary of Program-Related Investments (continued),"ASIA DEBT MANAGEMENT CAPITAL - TO INVEST IN ASIA CLIMATE-SMART LANDSCAPE FUND (ACLF) OF ASIA DEBT MANAGEMENT CAPITAL TO PROMOTE SUSTAINABLE AGRICULTURE AND AGROFORESTRY IN INDONESIA, BY PROVIDING FAVORABLE FINANCING TO INCENTIVIZE SMALL ENTERPRISE BORROWERS ALONG THE AGRICULTURAL COMMODITY SUPPLY CHAIN TOWARDS MORE SUSTAINABLE LAND USE PRACTICES THAT ENABLE FOREST PROTECTION AND RESTORATION, REDUCE GHG EMISSIONS, PROMOTE BIODIVERSITY PROTECTION, AND IMPROVE RURAL LIVELIHOODS.",program_related_investment,,,,,,,38000.000000,,,,,,,,cost,e4338d9e108ffbec0304,,TARGET_PROVISIONAL,OTHER,OTHER,OWNER_PACKARD_FOUNDATION,other,OWNER_PACKARD_FOUNDATION,The David and Lucile Packard Foundation,OWNER_RESOLVED,OWNMAP006: The Form 990-PF names the foundation that owns the program-related investments.,PUBLISHED,,
15f5f5cf79fade7daeec,SRC373,7,Summary of Program-Related Investments (see instructions),Total. Add lines 1 through 3,other_printed_scope,,,,,,,28876988.000000,,,,,,,,cost,9e1589517493fb7b0cc3,,REFUSE_AS_POSITION,,,OWNER_PACKARD_FOUNDATION,other,OWNER_PACKARD_FOUNDATION,The David and Lucile Packard Foundation,OWNER_RESOLVED,OWNMAP006: The Form 990-PF names the foundation that owns the program-related investments.,REFUSED,NON_INVESTEE_AGGREGATE,NON_INVESTEE_AGGREGATE
1ecb5200a0e0d2b3686e,SRC373,7,Summary of Program-Related Investments (see instructions),3 (SEE STATEMENT),other_printed_scope,,,,,,,19626988.000000,,,,,,,,cost,b0a9b93fb954f434d0ff,,REFUSE_AS_POSITION,,,OWNER_PACKARD_FOUNDATION,other,OWNER_PACKARD_FOUNDATION,The David and Lucile Packard Foundation,OWNER_RESOLVED,OWNMAP006: The Form 990-PF names the foundation that owns the program-related investments.,REFUSED,NON_INVESTEE_AGGREGATE,NON_INVESTEE_AGGREGATE
3b43cf1ba06924893a69,SRC373,7,Summary of Program-Related Investments (see instructions),"1 TRUST FOR PUBLIC LAND - TO SUPPORT ACQUISITION BY THE TRUST FOR PUBLIC LAND OF THE 1,250-ACRE DEER CREEK BEACH PROPERTY LOCATED IN VENTURA COUNTY, CALIFORNIA.",program_related_investment,,,,,,,5000000.000000,,,,,,,,cost,48cf6ea44d92ddab5200,,TARGET_PROVISIONAL,OTHER,OTHER,OWNER_PACKARD_FOUNDATION,other,OWNER_PACKARD_FOUNDATION,The David and Lucile Packard Foundation,OWNER_RESOLVED,OWNMAP006: The Form 990-PF names the foundation that owns the program-related investments.,PUBLISHED,,
7c38079e9be4cb265b1c,SRC373,7,Summary of Program-Related Investments (see instructions),"2 WESTERN RIVERS CONSERVANCY - TO ENABLE WESTERN RIVERS CONSERVANCY TO PROCEED WITH ITS PURCHASE OF THE 1,860-ACRE COLLARD RANCH, LOCATED ON TARRYALL CREEK, A PRINCIPAL TRIBUTARY OF THE SOUTH PLATTE RIVER, IN PARK COUNTY, COLORADO.",program_related_investment,,,,,,,4250000.000000,,,,,,,,cost,ee765ee3cc10873b0a06,,TARGET_PROVISIONAL,OTHER,OTHER,OWNER_PACKARD_FOUNDATION,other,OWNER_PACKARD_FOUNDATION,The David and Lucile Packard Foundation,OWNER_RESOLVED,OWNMAP006: The Form 990-PF names the foundation that owns the program-related investments.,PUBLISHED,,
26131ca50505443f344b,SRC377,12,Outstanding notional purchases and sales were as follows,Swaps,asset_class,,,2015-12-31,USD,,,,33076.000000,,,,,,,notional,d532acb0703411fbf918;e2226447831d5e369f16,"second printed value ignored: notional_amount=December 31, 2015 Sales",REFUSE_AS_POSITION,,,OWNER_GATES_FOUNDATION_TRUST,other,OWNER_GATES_FOUNDATION_TRUST,Bill & Melinda Gates Foundation Trust,OWNER_RESOLVED,OWNMAP007: The financial statements directly name the trust. Its current reconstructed holding rows are aggregate derivative classes and remain non-investee refusals.,REFUSED,NON_INVESTEE_AGGREGATE,FIELD_COLLISION_REVIEW|NON_INVESTEE_AGGREGATE
28bad095c21aaaf863df,SRC377,12,Outstanding notional purchases and sales were as follows,Options,asset_class,,,2015-12-31,USD,,,,11485.000000,,,,,,,notional,bdb929c3518dbfa44d60;f512ee3d87fe6feb93b7,"second printed value ignored: notional_amount=December 31, 2015 Sales",REFUSE_AS_POSITION,,,OWNER_GATES_FOUNDATION_TRUST,other,OWNER_GATES_FOUNDATION_TRUST,Bill & Melinda Gates Foundation Trust,OWNER_RESOLVED,OWNMAP007: The financial statements directly name the trust. Its current reconstructed holding rows are aggregate derivative classes and remain non-investee refusals.,REFUSED,NON_INVESTEE_AGGREGATE,FIELD_COLLISION_REVIEW|NON_INVESTEE_AGGREGATE
30d2e75cdfc8631fed61,SRC377,12,Outstanding notional purchases and sales were as follows,Options,asset_class,,,2016-12-31,USD,,,,4310.000000,,,,,,,notional,86b22a17cb6714432d8b;eb85b6ab9ab73b200128,"second printed value ignored: notional_amount=December 31, 2016 Sales",REFUSE_AS_POSITION,,,OWNER_GATES_FOUNDATION_TRUST,other,OWNER_GATES_FOUNDATION_TRUST,Bill & Melinda Gates Foundation Trust,OWNER_RESOLVED,OWNMAP007: The financial statements directly name the trust. Its current reconstructed holding rows are aggregate derivative classes and remain non-investee refusals.,REFUSED,NON_INVESTEE_AGGREGATE,FIELD_COLLISION_REVIEW|NON_INVESTEE_AGGREGATE
5d5d9cb6ff257f746ebe,SRC377,12,Outstanding notional purchases and sales were as follows,Futures,asset_class,,,2016-12-31,USD,,,,319874.000000,,,,,,,notional,4cb421a5e124b66432dc;96eecd78cb078a3edfd9,"second printed value ignored: notional_amount=December 31, 2016 Sales",REFUSE_AS_POSITION,,,OWNER_GATES_FOUNDATION_TRUST,other,OWNER_GATES_FOUNDATION_TRUST,Bill & Melinda Gates Foundation Trust,OWNER_RESOLVED,OWNMAP007: The financial statements directly name the trust. Its current reconstructed holding rows are aggregate derivative classes and remain non-investee refusals.,REFUSED,NON_INVESTEE_AGGREGATE,FIELD_COLLISION_REVIEW|NON_INVESTEE_AGGREGATE
760db62a0da52a02521f,SRC377,12,Outstanding notional purchases and sales were as follows,Forward contracts,asset_class,,,2016-12-31,USD,,,,3518004.000000,,,,,,,notional,7933fb7851e842c31229;e01813042a9c03022d07,"second printed value ignored: notional_amount=December 31, 2016 Sales",REFUSE_AS_POSITION,,,OWNER_GATES_FOUNDATION_TRUST,other,OWNER_GATES_FOUNDATION_TRUST,Bill & Melinda Gates Foundation Trust,OWNER_RESOLVED,OWNMAP007: The financial statements directly name the trust. Its current reconstructed holding rows are aggregate derivative classes and remain non-investee refusals.,REFUSED,NON_INVESTEE_AGGREGATE,FIELD_COLLISION_REVIEW|NON_INVESTEE_AGGREGATE
8c9e4f0f9b48f8b4cba1,SRC377,12,Outstanding notional purchases and sales were as follows,Forward contracts,asset_class,,,2015-12-31,USD,,,,4638450.000000,,,,,,,notional,aea527f1709566aec62a;e6386e513dfe561e44e3,"second printed value ignored: notional_amount=December 31, 2015 Sales",REFUSE_AS_POSITION,,,OWNER_GATES_FOUNDATION_TRUST,other,OWNER_GATES_FOUNDATION_TRUST,Bill & Melinda Gates Foundation Trust,OWNER_RESOLVED,OWNMAP007: The financial statements directly name the trust. Its current reconstructed holding rows are aggregate derivative classes and remain non-investee refusals.,REFUSED,NON_INVESTEE_AGGREGATE,FIELD_COLLISION_REVIEW|NON_INVESTEE_AGGREGATE
cf5a141ca91058973663,SRC377,12,Outstanding notional purchases and sales were as follows,Futures,asset_class,,,2015-12-31,USD,,,,736186.000000,,,,,,,notional,c01ecb1035beb9e39c9d;f12b3c3fc134f6e13b08,"second printed value ignored: notional_amount=December 31, 2015 Sales",REFUSE_AS_POSITION,,,OWNER_GATES_FOUNDATION_TRUST,other,OWNER_GATES_FOUNDATION_TRUST,Bill & Melinda Gates Foundation Trust,OWNER_RESOLVED,OWNMAP007: The financial statements directly name the trust. Its current reconstructed holding rows are aggregate derivative classes and remain non-investee refusals.,REFUSED,NON_INVESTEE_AGGREGATE,FIELD_COLLISION_REVIEW|NON_INVESTEE_AGGREGATE
e63378168dc1644d2416,SRC377,12,Outstanding notional purchases and sales were as follows,Swaps,asset_class,,,2016-12-31,USD,,,,504498.000000,,,,,,,notional,436526862951dc18803f;70dc1252465227fe1f49,"second printed value ignored: notional_amount=December 31, 2016 Sales",REFUSE_AS_POSITION,,,OWNER_GATES_FOUNDATION_TRUST,other,OWNER_GATES_FOUNDATION_TRUST,Bill & Melinda Gates Foundation Trust,OWNER_RESOLVED,OWNMAP007: The financial statements directly name the trust. Its current reconstructed holding rows are aggregate derivative classes and remain non-investee refusals.,REFUSED,NON_INVESTEE_AGGREGATE,FIELD_COLLISION_REVIEW|NON_INVESTEE_AGGREGATE
0b646cf2190b63f50f84,SRC407,1,Consolidated Schedule of Investments,A10 USD (Feeder) L.P.,fund,FUND_0260,fund,2025-12-31,USD,1193522.000000,,701197.000000,,,,,,Private Equity Investments,| single_holding,cost|fair_value,43eb6627ba5f1c377ea6;9554ac0b9673e049e650,,TARGET_RESOLVED,FUND,FUND_INTEREST,OWNER_POMONA_INVESTMENT_FUND,fund,OWNER_POMONA_INVESTMENT_FUND,Pomona Investment Fund,OWNER_RESOLVED,OWNMAP008: The schedule directly names Pomona Investment Fund as the reporting fund. No fund_master link is asserted because the current fund master has no reviewed Pomona row.,PUBLISHED,,
0dc079303f7951edef41,SRC407,1,Consolidated Schedule of Investments,"Hellman & Friedman Capital Partners X (Parallel), L.P.",fund,FUND_0622,fund,2025-12-31,USD,5400761.000000,,4496035.000000,,,,,,Private Equity Investments,| single_holding,cost|fair_value,395662d55a351cb21410;5c76f556e5dfa4f479af,,TARGET_RESOLVED,FUND,FUND_INTEREST,OWNER_POMONA_INVESTMENT_FUND,fund,OWNER_POMONA_INVESTMENT_FUND,Pomona Investment Fund,OWNER_RESOLVED,OWNMAP008: The schedule directly names Pomona Investment Fund as the reporting fund. No fund_master link is asserted because the current fund master has no reviewed Pomona row.,PUBLISHED,,
101ebc20ed4288ee5d00,SRC407,1,Consolidated Schedule of Investments,"HighVista Private Equity VIII (Offshore), L.P.",fund,FUND_0629,fund,2025-12-31,USD,3388113.000000,,2281286.000000,,,,,,Private Equity Investments,| single_holding,cost|fair_value,d8721fdca8253d525ff4;dcbc5a8131f12b2e1a3d,,TARGET_RESOLVED,FUND,FUND_INTEREST,OWNER_POMONA_INVESTMENT_FUND,fund,OWNER_POMONA_INVESTMENT_FUND,Pomona Investment Fund,OWNER_RESOLVED,OWNMAP008: The schedule directly names Pomona Investment Fund as the reporting fund. No fund_master link is asserted because the current fund master has no reviewed Pomona row.,PUBLISHED,,
10d1d6dcc3dc69e0df05,SRC407,1,Consolidated Schedule of Investments,"Hellman & Friedman Capital Partners XI (Parallel), L.P.",fund,FUND_0623,fund,2025-12-31,USD,-12774.000000,,,,,,,,Private Equity Investments,single_holding,fair_value,1c719cb705ae02fab3f8,,TARGET_RESOLVED,FUND,FUND_INTEREST,OWNER_POMONA_INVESTMENT_FUND,fund,OWNER_POMONA_INVESTMENT_FUND,Pomona Investment Fund,OWNER_RESOLVED,OWNMAP008: The schedule directly names Pomona Investment Fund as the reporting fund. No fund_master link is asserted because the current fund master has no reviewed Pomona row.,PUBLISHED,,
1180409fdce343a57e78,SRC407,1,Consolidated Schedule of Investments,"Gryphon Partners VI-A, L.P.",fund,FUND_0566,fund,2025-12-31,USD,9367355.000000,,9024977.000000,,,,,,Private Equity Investments,| single_holding,cost|fair_value,7796996b950507cf996d;7c036974162251c732b9,,TARGET_RESOLVED,FUND,FUND_INTEREST,OWNER_POMONA_INVESTMENT_FUND,fund,OWNER_POMONA_INVESTMENT_FUND,Pomona Investment Fund,OWNER_RESOLVED,OWNMAP008: The schedule directly names Pomona Investment Fund as the reporting fund. No fund_master link is asserted because the current fund master has no reviewed Pomona row.,PUBLISHED,,
1d7555da8cd72a17ce9f,SRC407,1,Consolidated Schedule of Investments,Accel-KKR Capital Partners VII LP,fund,FUND_0270,fund,2025-12-31,USD,1172037.000000,,1460147.000000,,,,,,Private Equity Investments,| single_holding,cost|fair_value,655c5398b05081c20a6d;6a59335c69408558b4cd,,TARGET_RESOLVED,FUND,FUND_INTEREST,OWNER_POMONA_INVESTMENT_FUND,fund,OWNER_POMONA_INVESTMENT_FUND,Pomona Investment Fund,OWNER_RESOLVED,OWNMAP008: The schedule directly names Pomona Investment Fund as the reporting fund. No fund_master link is asserted because the current fund master has no reviewed Pomona row.,PUBLISHED,,
211b26a9263ad11b81ec,SRC407,1,Consolidated Schedule of Investments,"Genstar Capital Partners XI, L.P.",fund,FUND_0517,fund,2025-12-31,USD,1213790.000000,,1003634.000000,,,,,,Private Equity Investments,| single_holding,cost|fair_value,0ce9e5a07b90980a1b4e;ac561e12546e3eb1e4c0,,TARGET_RESOLVED,FUND,FUND_INTEREST,OWNER_POMONA_INVESTMENT_FUND,fund,OWNER_POMONA_INVESTMENT_FUND,Pomona Investment Fund,OWNER_RESOLVED,OWNMAP008: The schedule directly names Pomona Investment Fund as the reporting fund. No fund_master link is asserted because the current fund master has no reviewed Pomona row.,PUBLISHED,,
27830042f3c9d496a497,SRC407,1,Consolidated Schedule of Investments,"The Veritas Capital Fund VIII, L.P.",fund,FUND_0952,fund,2025-12-31,USD,8183875.000000,,6447228.000000,,,,,,Private Equity Investments,| single_holding,cost|fair_value,7bce4cb3cce49122e8bb;e8e9aa75d9397db0f17a,,TARGET_RESOLVED,FUND,FUND_INTEREST,OWNER_POMONA_INVESTMENT_FUND,fund,OWNER_POMONA_INVESTMENT_FUND,Pomona Investment Fund,OWNER_RESOLVED,OWNMAP008: The schedule directly names Pomona Investment Fund as the reporting fund. No fund_master link is asserted because the current fund master has no reviewed Pomona row.,PUBLISHED,,
29a930856d1df85286bf,SRC407,1,Consolidated Schedule of Investments,A9 EUR (Feeder) L.P.,fund,FUND_0261,fund,2025-12-31,USD,6590587.000000,,8378244.000000,,,,,,Private Equity Investments,| single_holding,cost|fair_value,56e9eed7942124d44d4c;99d4bd922504e6ac9b37,,TARGET_RESOLVED,FUND,FUND_INTEREST,OWNER_POMONA_INVESTMENT_FUND,fund,OWNER_POMONA_INVESTMENT_FUND,Pomona Investment Fund,OWNER_RESOLVED,OWNMAP008: The schedule directly names Pomona Investment Fund as the reporting fund. No fund_master link is asserted because the current fund master has no reviewed Pomona row.,PUBLISHED,,
2e8da637c713bab856ac,SRC407,1,Consolidated Schedule of Investments,A9 USD (Feeder) L.P.,fund,FUND_0262,fund,2025-12-31,USD,2238486.000000,,2964117.000000,,,,,,Private Equity Investments,| single_holding,cost|fair_value,698f77da637c8f9b7078;7d147289ed06c10ea628,,TARGET_RESOLVED,FUND,FUND_INTEREST,OWNER_POMONA_INVESTMENT_FUND,fund,OWNER_POMONA_INVESTMENT_FUND,Pomona Investment Fund,OWNER_RESOLVED,OWNMAP008: The schedule directly names Pomona Investment Fund as the reporting fund. No fund_master link is asserted because the current fund master has no reviewed Pomona row.,PUBLISHED,,
2fb7335fd2cd7949b1ce,SRC407,1,Consolidated Schedule of Investments,"ABRY Senior Equity V, L.P.",fund,FUND_0265,fund,2025-12-31,USD,1676078.000000,,1400921.000000,,,,,,Private Equity Investments,| single_holding,cost|fair_value,06c113b8a8717bc960be;6765d47af3febf2508b4,,TARGET_RESOLVED,FUND,FUND_INTEREST,OWNER_POMONA_INVESTMENT_FUND,fund,OWNER_POMONA_INVESTMENT_FUND,Pomona Investment Fund,OWNER_RESOLVED,OWNMAP008: The schedule directly names Pomona Investment Fund as the reporting fund. No fund_master link is asserted because the current fund master has no reviewed Pomona row.,PUBLISHED,,
3692cf482bfc7c3fc190,SRC407,1,Consolidated Schedule of Investments,"Investcorp Aspen Offshore Fund, L.P.",fund,FUND_0668,fund,2025-12-31,USD,11279219.000000,,3990815.000000,,,,,,Private Equity Investments,| single_holding,cost|fair_value,7168191a2f8427916ba4;b03257f2ed79a89377fe,,TARGET_RESOLVED,FUND,FUND_INTEREST,OWNER_POMONA_INVESTMENT_FUND,fund,OWNER_POMONA_INVESTMENT_FUND,Pomona Investment Fund,OWNER_RESOLVED,OWNMAP008: The schedule directly names Pomona Investment Fund as the reporting fund. No fund_master link is asserted because the current fund master has no reviewed Pomona row.,PUBLISHED,,
4293003c8fe8d555afe4,SRC407,1,Consolidated Schedule of Investments,"Merit Mezzanine Fund VI, L.P.",fund,FUND_0745,fund,2025-12-31,USD,1535422.000000,,1737132.000000,,,,,,Private Equity Investments,| single_holding,cost|fair_value,3bef35c5f6ba706369f3;4296b559d59cd4209d43,,TARGET_RESOLVED,FUND,FUND_INTEREST,OWNER_POMONA_INVESTMENT_FUND,fund,OWNER_POMONA_INVESTMENT_FUND,Pomona Investment Fund,OWNER_RESOLVED,OWNMAP008: The schedule directly names Pomona Investment Fund as the reporting fund. No fund_master link is asserted because the current fund master has no reviewed Pomona row.,PUBLISHED,,
47593b71280e327d6600,SRC407,1,Consolidated Schedule of Investments,Roark Capital Partners II Sidecar LP,fund,FUND_0856,fund,2025-12-31,USD,1754471.000000,,933495.000000,,,,,,Private Equity Investments,| single_holding,cost|fair_value,cbcca54846cb278d198e;cda7a0b3ced57f96c5c2,,TARGET_RESOLVED,FUND,FUND_INTEREST,OWNER_POMONA_INVESTMENT_FUND,fund,OWNER_POMONA_INVESTMENT_FUND,Pomona Investment Fund,OWNER_RESOLVED,OWNMAP008: The schedule directly names Pomona Investment Fund as the reporting fund. No fund_master link is asserted because the current fund master has no reviewed Pomona row.,PUBLISHED,,
4ebbc5a999908b875982,SRC407,1,Consolidated Schedule of Investments,"Insight Partners (Cayman) XII Buyout Annex Fund, L.P.",fund,FUND_0651,fund,2025-12-31,USD,6003529.000000,,4690000.000000,,,,,,Private Equity Investments,| single_holding,cost|fair_value,ab271179a222a29c37f9;b8a9b9287d5e8a17a57c,,TARGET_RESOLVED,FUND,FUND_INTEREST,OWNER_POMONA_INVESTMENT_FUND,fund,OWNER_POMONA_INVESTMENT_FUND,Pomona Investment Fund,OWNER_RESOLVED,OWNMAP008: The schedule directly names Pomona Investment Fund as the reporting fund. No fund_master link is asserted because the current fund master has no reviewed Pomona row.,PUBLISHED,,
514639b367a3f06953ab,SRC407,1,Consolidated Schedule of Investments,Total Direct Investments/Co-Investments,portfolio,,,2025-12-31,USD,29956673.000000,,22705976.000000,,,,,,Private Equity Investments,| portfolio_total,cost|fair_value,0e92519f2be08467f2b3;fc7b7ce1aa9a0f1d0da8,,REFUSE_AS_POSITION,,,OWNER_POMONA_INVESTMENT_FUND,fund,OWNER_POMONA_INVESTMENT_FUND,Pomona Investment Fund,OWNER_RESOLVED,OWNMAP008: The schedule directly names Pomona Investment Fund as the reporting fund. No fund_master link is asserted because the current fund master has no reviewed Pomona row.,REFUSED,NON_INVESTEE_AGGREGATE,AGGREGATE_SCOPE|NON_INVESTEE_AGGREGATE
58fe285923d538b0a0dd,SRC407,1,Consolidated Schedule of Investments,Total Primary Investments,portfolio,,,2025-12-31,USD,94583260.000000,,78983729.000000,,,,,,Private Equity Investments,| portfolio_total,cost|fair_value,25b401b43c93693d2e0f;97c0f6be6bc7dde57584,,REFUSE_AS_POSITION,,,OWNER_POMONA_INVESTMENT_FUND,fund,OWNER_POMONA_INVESTMENT_FUND,Pomona Investment Fund,OWNER_RESOLVED,OWNMAP008: The schedule directly names Pomona Investment Fund as the reporting fund. No fund_master link is asserted because the current fund master has no reviewed Pomona row.,REFUSED,NON_INVESTEE_AGGREGATE,AGGREGATE_SCOPE|NON_INVESTEE_AGGREGATE
5d5489267c0163ec0627,SRC407,1,Consolidated Schedule of Investments,"Green Equity Investors Side IX, L.P.",fund,FUND_0542,fund,2025-12-31,USD,3476847.000000,,2951764.000000,,,,,,Private Equity Investments,| single_holding,cost|fair_value,d6195999eb7bc0972732;e7edd91a3ceaabe618cc,,TARGET_RESOLVED,FUND,FUND_INTEREST,OWNER_POMONA_INVESTMENT_FUND,fund,OWNER_POMONA_INVESTMENT_FUND,Pomona Investment Fund,OWNER_RESOLVED,OWNMAP008: The schedule directly names Pomona Investment Fund as the reporting fund. No fund_master link is asserted because the current fund master has no reviewed Pomona row.,PUBLISHED,,
5ebfa01ba15e5e6f3a57,SRC407,1,Consolidated Schedule of Investments,Blue Owl GP Stakes V Offshore Investors LP,fund,FUND_0364,fund,2025-12-31,USD,4238779.000000,,5775343.000000,,,,,,Private Equity Investments,| single_holding,cost|fair_value,4cee18081bfe05e1b917;a343375885fa852e7cb6,,TARGET_RESOLVED,FUND,FUND_INTEREST,OWNER_POMONA_INVESTMENT_FUND,fund,OWNER_POMONA_INVESTMENT_FUND,Pomona Investment Fund,OWNER_RESOLVED,OWNMAP008: The schedule directly names Pomona Investment Fund as the reporting fund. No fund_master link is asserted because the current fund master has no reviewed Pomona row.,PUBLISHED,,
6c85ad87fdd179457c3a,SRC407,1,Consolidated Schedule of Investments,"Vista Equity Partners Fund VIII-A, L.P.",fund,FUND_0987,fund,2025-12-31,USD,2332344.000000,,1792488.000000,,,,,,Private Equity Investments,| single_holding,cost|fair_value,147702f5981464f7b1f1;5c1782403900b16ba289,,TARGET_RESOLVED,FUND,FUND_INTEREST,OWNER_POMONA_INVESTMENT_FUND,fund,OWNER_POMONA_INVESTMENT_FUND,Pomona Investment Fund,OWNER_RESOLVED,OWNMAP008: The schedule directly names Pomona Investment Fund as the reporting fund. No fund_master link is asserted because the current fund master has no reviewed Pomona row.,PUBLISHED,,
6d8efa05090c157b6284,SRC407,1,Consolidated Schedule of Investments,"Norwest Mezzanine Partners V-A, LP",fund,FUND_0781,fund,2025-12-31,USD,3973347.000000,,4193650.000000,,,,,,Private Equity Investments,| single_holding,cost|fair_value,952f3fc32fe80dec26d8;f1240f1025faaf28a734,,TARGET_RESOLVED,FUND,FUND_INTEREST,OWNER_POMONA_INVESTMENT_FUND,fund,OWNER_POMONA_INVESTMENT_FUND,Pomona Investment Fund,OWNER_RESOLVED,OWNMAP008: The schedule directly names Pomona Investment Fund as the reporting fund. No fund_master link is asserted because the current fund master has no reviewed Pomona row.,PUBLISHED,,
728a5d3c51461478361f,SRC407,1,Consolidated Schedule of Investments,"ABRY Partners IX, L.P.",fund,FUND_0264,fund,2025-12-31,USD,2459508.000000,,1907146.000000,,,,,,Private Equity Investments,| single_holding,cost|fair_value,10dc28cc90a99d03a67e;f6ff3aa127968b1f00b6,,TARGET_RESOLVED,FUND,FUND_INTEREST,OWNER_POMONA_INVESTMENT_FUND,fund,OWNER_POMONA_INVESTMENT_FUND,Pomona Investment Fund,OWNER_RESOLVED,OWNMAP008: The schedule directly names Pomona Investment Fund as the reporting fund. No fund_master link is asserted because the current fund master has no reviewed Pomona row.,PUBLISHED,,
77c2c6e978c714d6abf9,SRC407,1,Consolidated Schedule of Investments,"Vector Capital VI, L.P.",fund,FUND_0982,fund,2025-12-31,USD,4214203.000000,,4317063.000000,,,,,,Private Equity Investments,| single_holding,cost|fair_value,1c0b68a37ed5f1c51c25;e06261d87ed3391e8c4b,,TARGET_RESOLVED,FUND,FUND_INTEREST,OWNER_POMONA_INVESTMENT_FUND,fund,OWNER_POMONA_INVESTMENT_FUND,Pomona Investment Fund,OWNER_RESOLVED,OWNMAP008: The schedule directly names Pomona Investment Fund as the reporting fund. No fund_master link is asserted because the current fund master has no reviewed Pomona row.,PUBLISHED,,
7f12121edae099e4425b,SRC407,1,Consolidated Schedule of Investments,Apax XI USD L.P.,fund,FUND_0298,fund,2025-12-31,USD,3306316.000000,,3001882.000000,,,,,,Private Equity Investments,| single_holding,cost|fair_value,9c3f8028eb71d7cdfb95;d736faa879c8fa74fbbd,,TARGET_RESOLVED,FUND,FUND_INTEREST,OWNER_POMONA_INVESTMENT_FUND,fund,OWNER_POMONA_INVESTMENT_FUND,Pomona Investment Fund,OWNER_RESOLVED,OWNMAP008: The schedule directly names Pomona Investment Fund as the reporting fund. No fund_master link is asserted because the current fund master has no reviewed Pomona row.,PUBLISHED,,
832cfa06093aa36d8bd5,SRC407,1,Consolidated Schedule of Investments,Roark Capital Partners VI (TE) LP,fund,FUND_0861,fund,2025-12-31,USD,4483259.000000,,2916404.000000,,,,,,Private Equity Investments,| single_holding,cost|fair_value,330ad9c8b979c31954e6;6b42c37a3e7bc36a48ce,,TARGET_RESOLVED,FUND,FUND_INTEREST,OWNER_POMONA_INVESTMENT_FUND,fund,OWNER_POMONA_INVESTMENT_FUND,Pomona Investment Fund,OWNER_RESOLVED,OWNMAP008: The schedule directly names Pomona Investment Fund as the reporting fund. No fund_master link is asserted because the current fund master has no reviewed Pomona row.,PUBLISHED,,
86ee9aa4f040e8de0f46,SRC407,1,Consolidated Schedule of Investments,"Sorenson Capital Partners IV-B, L.P.",fund,FUND_0909,fund,2025-12-31,USD,8263584.000000,,6411105.000000,,,,,,Private Equity Investments,| single_holding,cost|fair_value,aba2b61e0f80158757ad;f58f0264427eee1b2487,,TARGET_RESOLVED,FUND,FUND_INTEREST,OWNER_POMONA_INVESTMENT_FUND,fund,OWNER_POMONA_INVESTMENT_FUND,Pomona Investment Fund,OWNER_RESOLVED,OWNMAP008: The schedule directly names Pomona Investment Fund as the reporting fund. No fund_master link is asserted because the current fund master has no reviewed Pomona row.,PUBLISHED,,
8fa3f41837ead1b84367,SRC407,1,Consolidated Schedule of Investments,"TA XIV-B, L.P.",fund,FUND_0934,fund,2025-12-31,USD,5043631.000000,,4402831.000000,,,,,,Private Equity Investments,| single_holding,cost|fair_value,3ebc4f5265f52a23ec54;edf3c21408da47e5b955,,TARGET_RESOLVED,FUND,FUND_INTEREST,OWNER_POMONA_INVESTMENT_FUND,fund,OWNER_POMONA_INVESTMENT_FUND,Pomona Investment Fund,OWNER_RESOLVED,OWNMAP008: The schedule directly names Pomona Investment Fund as the reporting fund. No fund_master link is asserted because the current fund master has no reviewed Pomona row.,PUBLISHED,,
940cc54cd89fb67bd5fc,SRC407,1,Consolidated Schedule of Investments,"VSS Structured Capital Parallel III, L.P.",fund,FUND_0990,fund,2025-12-31,USD,2810624.000000,,2973298.000000,,,,,,Private Equity Investments,| single_holding,cost|fair_value,1edc9ae84dd5fdfb60eb;bb1be79544bdb050fddc,,TARGET_RESOLVED,FUND,FUND_INTEREST,OWNER_POMONA_INVESTMENT_FUND,fund,OWNER_POMONA_INVESTMENT_FUND,Pomona Investment Fund,OWNER_RESOLVED,OWNMAP008: The schedule directly names Pomona Investment Fund as the reporting fund. No fund_master link is asserted because the current fund master has no reviewed Pomona row.,PUBLISHED,,
940ec0bd0a04c8404f5d,SRC407,1,Consolidated Schedule of Investments,"Thoma Bravo Explore Fund II-A, L.P.",fund,FUND_0953,fund,2025-12-31,USD,1225081.000000,,1311644.000000,,,,,,Private Equity Investments,| single_holding,cost|fair_value,b5f465b06af06b0b6b15;e7cee26d6724d5871fd5,,TARGET_RESOLVED,FUND,FUND_INTEREST,OWNER_POMONA_INVESTMENT_FUND,fund,OWNER_POMONA_INVESTMENT_FUND,Pomona Investment Fund,OWNER_RESOLVED,OWNMAP008: The schedule directly names Pomona Investment Fund as the reporting fund. No fund_master link is asserted because the current fund master has no reviewed Pomona row.,PUBLISHED,,
9665c2cd6d64d11134be,SRC407,1,Consolidated Schedule of Investments,"Avista Healthcare Partners (Offshore) I, L.P.",fund,FUND_0321,fund,2025-12-31,USD,139555.000000,,311266.000000,,,,,,Private Equity Investments,| single_holding,cost|fair_value,9b6e9ea86116684c050b;d9d5b5fa8c8466416283,,TARGET_RESOLVED,FUND,FUND_INTEREST,OWNER_POMONA_INVESTMENT_FUND,fund,OWNER_POMONA_INVESTMENT_FUND,Pomona Investment Fund,OWNER_RESOLVED,OWNMAP008: The schedule directly names Pomona Investment Fund as the reporting fund. No fund_master link is asserted because the current fund master has no reviewed Pomona row.,PUBLISHED,,
9b0d5ed8a2fda41d0307,SRC407,1,Consolidated Schedule of Investments,"Ironsides Offshore Direct Investment Fund V, L.P.",fund,FUND_0670,fund,2025-12-31,USD,3340820.000000,,2125306.000000,,,,,,Private Equity Investments,| single_holding,cost|fair_value,29048fda7133fa744400;5737a3206014110807f3,,TARGET_RESOLVED,FUND,FUND_INTEREST,OWNER_POMONA_INVESTMENT_FUND,fund,OWNER_POMONA_INVESTMENT_FUND,Pomona Investment Fund,OWNER_RESOLVED,OWNMAP008: The schedule directly names Pomona Investment Fund as the reporting fund. No fund_master link is asserted because the current fund master has no reviewed Pomona row.,PUBLISHED,,
a0dec64f3cc63f96eaff,SRC407,1,Consolidated Schedule of Investments,"BPEA EQT Mid-Market Growth Partnership, SCSp",fund,FUND_0373,fund,2025-12-31,USD,556069.000000,,497036.000000,,,,,,Private Equity Investments,| single_holding,cost|fair_value,223515f69aeadbd79503;5192da72323a1a340cb0,,TARGET_RESOLVED,FUND,FUND_INTEREST,OWNER_POMONA_INVESTMENT_FUND,fund,OWNER_POMONA_INVESTMENT_FUND,Pomona Investment Fund,OWNER_RESOLVED,OWNMAP008: The schedule directly names Pomona Investment Fund as the reporting fund. No fund_master link is asserted because the current fund master has no reviewed Pomona row.,PUBLISHED,,
a320ffa9265694b6fdc4,SRC407,1,Consolidated Schedule of Investments,"OceanSound SMX Rollover AIV, L.P.",fund,FUND_0790,fund,2025-12-31,USD,3873983.000000,,2662172.000000,,,,,,Private Equity Investments,| single_holding,cost|fair_value,0089d5dde58a2bb364a5;db53382e726529b26db4,,TARGET_RESOLVED,FUND,FUND_INTEREST,OWNER_POMONA_INVESTMENT_FUND,fund,OWNER_POMONA_INVESTMENT_FUND,Pomona Investment Fund,OWNER_RESOLVED,OWNMAP008: The schedule directly names Pomona Investment Fund as the reporting fund. No fund_master link is asserted because the current fund master has no reviewed Pomona row.,PUBLISHED,,
a6a1a889996414806e16,SRC407,1,Consolidated Schedule of Investments,Blue Owl GP Stakes Nimbus U.S. (A) LLC,fund,FUND_0362,fund,2025-12-31,USD,3394435.000000,,4846992.000000,,,,,,Private Equity Investments,| single_holding,cost|fair_value,767cb70edcc3a82ff9ef;889c7cf4e5211ed8c205,,TARGET_RESOLVED,FUND,FUND_INTEREST,OWNER_POMONA_INVESTMENT_FUND,fund,OWNER_POMONA_INVESTMENT_FUND,Pomona Investment Fund,OWNER_RESOLVED,OWNMAP008: The schedule directly names Pomona Investment Fund as the reporting fund. No fund_master link is asserted because the current fund master has no reviewed Pomona row.,PUBLISHED,,
a8db4a5e391abc8f2a0a,SRC407,1,Consolidated Schedule of Investments,"Solamere Capital AF V, LP",fund,FUND_0906,fund,2025-12-31,USD,854369.000000,,854369.000000,,,,,,Private Equity Investments,| single_holding,cost|fair_value,47c8ddb0b77216f9a78d;6d296f06c624f7409970,,TARGET_RESOLVED,FUND,FUND_INTEREST,OWNER_POMONA_INVESTMENT_FUND,fund,OWNER_POMONA_INVESTMENT_FUND,Pomona Investment Fund,OWNER_RESOLVED,OWNMAP008: The schedule directly names Pomona Investment Fund as the reporting fund. No fund_master link is asserted because the current fund master has no reviewed Pomona row.,PUBLISHED,,
aee5d3ba1d204dbc17c3,SRC407,1,Consolidated Schedule of Investments,Direct Investments/Co-Investments,portfolio,,,2025-12-31,,,,,,,1.600000,,,Private Equity Investments,,portfolio_weight,50b8122a4004f0b197d8,,REFUSE_AS_POSITION,,,OWNER_POMONA_INVESTMENT_FUND,fund,OWNER_POMONA_INVESTMENT_FUND,Pomona Investment Fund,OWNER_RESOLVED,OWNMAP008: The schedule directly names Pomona Investment Fund as the reporting fund. No fund_master link is asserted because the current fund master has no reviewed Pomona row.,REFUSED,NON_INVESTEE_AGGREGATE,PORTFOLIO_WEIGHT_NOT_OWNERSHIP|NON_INVESTEE_AGGREGATE
b3df685986dfb69ad13d,SRC407,1,Consolidated Schedule of Investments,Triton Fund 6 SCSp,fund,FUND_0975,fund,2025-12-31,USD,558746.000000,,226433.000000,,,,,,Private Equity Investments,| single_holding,cost|fair_value,2bbb5150e923a2406a25;566d157709979bade51c,,TARGET_RESOLVED,FUND,FUND_INTEREST,OWNER_POMONA_INVESTMENT_FUND,fund,OWNER_POMONA_INVESTMENT_FUND,Pomona Investment Fund,OWNER_RESOLVED,OWNMAP008: The schedule directly names Pomona Investment Fund as the reporting fund. No fund_master link is asserted because the current fund master has no reviewed Pomona row.,PUBLISHED,,
b7dbcffe9b7a5ee129e3,SRC407,1,Consolidated Schedule of Investments,Accel-KKR Growth Capital Partners IV LP,fund,FUND_0271,fund,2025-12-31,USD,1399316.000000,,1320338.000000,,,,,,Private Equity Investments,| single_holding,cost|fair_value,dad260dc79380d3d9c9a;def6f49869c2e668affe,,TARGET_RESOLVED,FUND,FUND_INTEREST,OWNER_POMONA_INVESTMENT_FUND,fund,OWNER_POMONA_INVESTMENT_FUND,Pomona Investment Fund,OWNER_RESOLVED,OWNMAP008: The schedule directly names Pomona Investment Fund as the reporting fund. No fund_master link is asserted because the current fund master has no reviewed Pomona row.,PUBLISHED,,
bd4629bb85151e0adb2c,SRC407,1,Consolidated Schedule of Investments,"L Catterton IX, L.P.",fund,FUND_0689,fund,2025-12-31,USD,6927171.000000,,6707106.000000,,,,,,Private Equity Investments,| single_holding,cost|fair_value,43f0c64afe1505b2857f;80661cf19171da297713,,TARGET_RESOLVED,FUND,FUND_INTEREST,OWNER_POMONA_INVESTMENT_FUND,fund,OWNER_POMONA_INVESTMENT_FUND,Pomona Investment Fund,OWNER_RESOLVED,OWNMAP008: The schedule directly names Pomona Investment Fund as the reporting fund. No fund_master link is asserted because the current fund master has no reviewed Pomona row.,PUBLISHED,,
bd66581b2243460bdf2f,SRC407,1,Consolidated Schedule of Investments,"ABS Capital Partners IX, L.P.",fund,FUND_0266,fund,2025-12-31,USD,1550645.000000,,1335119.000000,,,,,,Private Equity Investments,| single_holding,cost|fair_value,7abc0e253cab18ecf56a;e5c61f7551ef7a199f76,,TARGET_RESOLVED,FUND,FUND_INTEREST,OWNER_POMONA_INVESTMENT_FUND,fund,OWNER_POMONA_INVESTMENT_FUND,Pomona Investment Fund,OWNER_RESOLVED,OWNMAP008: The schedule directly names Pomona Investment Fund as the reporting fund. No fund_master link is asserted because the current fund master has no reviewed Pomona row.,PUBLISHED,,
c10de03e97794df49329,SRC407,1,Consolidated Schedule of Investments,Roark Capital Partners V (TE) LP,fund,FUND_0860,fund,2025-12-31,USD,7126621.000000,,4483135.000000,,,,,,Private Equity Investments,| single_holding,cost|fair_value,51ad4a18d299380aff67;74fdc10097931ad9a3c5,,TARGET_RESOLVED,FUND,FUND_INTEREST,OWNER_POMONA_INVESTMENT_FUND,fund,OWNER_POMONA_INVESTMENT_FUND,Pomona Investment Fund,OWNER_RESOLVED,OWNMAP008: The schedule directly names Pomona Investment Fund as the reporting fund. No fund_master link is asserted because the current fund master has no reviewed Pomona row.,PUBLISHED,,
c288760200cb897609b2,SRC407,1,Consolidated Schedule of Investments,"Aerospace, Transportation and Logistics Fund II LP",fund,FUND_0279,fund,2025-12-31,USD,2215666.000000,,1592148.000000,,,,,,Private Equity Investments,| single_holding,cost|fair_value,a03a2083456d9705876a;ceb2029e03fdb5abe1b5,,TARGET_RESOLVED,FUND,FUND_INTEREST,OWNER_POMONA_INVESTMENT_FUND,fund,OWNER_POMONA_INVESTMENT_FUND,Pomona Investment Fund,OWNER_RESOLVED,OWNMAP008: The schedule directly names Pomona Investment Fund as the reporting fund. No fund_master link is asserted because the current fund master has no reviewed Pomona row.,PUBLISHED,,
c5b65df2730658aee6c7,SRC407,1,Consolidated Schedule of Investments,Early Secondary Investments,portfolio,,,2025-12-31,,,,,,,5.300000,,,Private Equity Investments,,portfolio_weight,83ff1b206a35bd77c373,,REFUSE_AS_POSITION,,,OWNER_POMONA_INVESTMENT_FUND,fund,OWNER_POMONA_INVESTMENT_FUND,Pomona Investment Fund,OWNER_RESOLVED,OWNMAP008: The schedule directly names Pomona Investment Fund as the reporting fund. No fund_master link is asserted because the current fund master has no reviewed Pomona row.,REFUSED,NON_INVESTEE_AGGREGATE,PORTFOLIO_WEIGHT_NOT_OWNERSHIP|NON_INVESTEE_AGGREGATE
ce72a738d92067b83913,SRC407,1,Consolidated Schedule of Investments,"Halifax Capital Partners V, L.P.",fund,FUND_0582,fund,2025-12-31,USD,1172921.000000,,695170.000000,,,,,,Private Equity Investments,| single_holding,cost|fair_value,60af7a96f1647ad30bf5;f23b60ae1ddf00247d62,,TARGET_RESOLVED,FUND,FUND_INTEREST,OWNER_POMONA_INVESTMENT_FUND,fund,OWNER_POMONA_INVESTMENT_FUND,Pomona Investment Fund,OWNER_RESOLVED,OWNMAP008: The schedule directly names Pomona Investment Fund as the reporting fund. No fund_master link is asserted because the current fund master has no reviewed Pomona row.,PUBLISHED,,
cf0e15be159faae83ad8,SRC407,1,Consolidated Schedule of Investments,Blue Owl GP Stakes Nimbus Cayman (B) LP,fund,FUND_0361,fund,2025-12-31,USD,7541528.000000,,3961373.000000,,,,,,Private Equity Investments,| single_holding,cost|fair_value,3a916c7dbbca39d1b89e;465726e067a5e73248b8,,TARGET_RESOLVED,FUND,FUND_INTEREST,OWNER_POMONA_INVESTMENT_FUND,fund,OWNER_POMONA_INVESTMENT_FUND,Pomona Investment Fund,OWNER_RESOLVED,OWNMAP008: The schedule directly names Pomona Investment Fund as the reporting fund. No fund_master link is asserted because the current fund master has no reviewed Pomona row.,PUBLISHED,,
d27352cb1fca262b0406,SRC407,1,Consolidated Schedule of Investments,"TA XV-B, L.P.",fund,FUND_0935,fund,2025-12-31,USD,1697613.000000,,1800000.000000,,,,,,Private Equity Investments,| single_holding,cost|fair_value,b0978bf763f702294559;d08c18dfa5723c78d1aa,,TARGET_RESOLVED,FUND,FUND_INTEREST,OWNER_POMONA_INVESTMENT_FUND,fund,OWNER_POMONA_INVESTMENT_FUND,Pomona Investment Fund,OWNER_RESOLVED,OWNMAP008: The schedule directly names Pomona Investment Fund as the reporting fund. No fund_master link is asserted because the current fund master has no reviewed Pomona row.,PUBLISHED,,
dbd34d17aae0cc210ef0,SRC407,1,Consolidated Schedule of Investments,Providence Equity Partners IX-A S.C.Sp.,fund,FUND_0826,fund,2025-12-31,USD,5224785.000000,,4623984.000000,,,,,,Private Equity Investments,| single_holding,cost|fair_value,01008100b701fd7bc892;9f6bb7b226a91e0eb9b8,,TARGET_RESOLVED,FUND,FUND_INTEREST,OWNER_POMONA_INVESTMENT_FUND,fund,OWNER_POMONA_INVESTMENT_FUND,Pomona Investment Fund,OWNER_RESOLVED,OWNMAP008: The schedule directly names Pomona Investment Fund as the reporting fund. No fund_master link is asserted because the current fund master has no reviewed Pomona row.,PUBLISHED,,
dc2f9421ed664be42d95,SRC407,1,Consolidated Schedule of Investments,NB Credit Opportunities II Cayman Feeder LP,fund,FUND_0753,fund,2025-12-31,USD,14899927.000000,,11871499.000000,,,,,,Private Equity Investments,| single_holding,cost|fair_value,381732d9461f8d7012c8;e9f42c9a97f8b17f485e,,TARGET_RESOLVED,FUND,FUND_INTEREST,OWNER_POMONA_INVESTMENT_FUND,fund,OWNER_POMONA_INVESTMENT_FUND,Pomona Investment Fund,OWNER_RESOLVED,OWNMAP008: The schedule directly names Pomona Investment Fund as the reporting fund. No fund_master link is asserted because the current fund master has no reviewed Pomona row.,PUBLISHED,,
ddfb062ec7a542fc411c,SRC407,1,Consolidated Schedule of Investments,"BSV Opportunities B, FCRE",fund,FUND_0389,fund,2025-12-31,USD,5987020.000000,,8973301.000000,,,,,,Private Equity Investments,| single_holding,cost|fair_value,2c42d9237c94f6ef2e1a;7be81e5e16b1b3884f42,,TARGET_RESOLVED,FUND,FUND_INTEREST,OWNER_POMONA_INVESTMENT_FUND,fund,OWNER_POMONA_INVESTMENT_FUND,Pomona Investment Fund,OWNER_RESOLVED,OWNMAP008: The schedule directly names Pomona Investment Fund as the reporting fund. No fund_master link is asserted because the current fund master has no reviewed Pomona row.,PUBLISHED,,
e011f7382d4528d9d791,SRC407,1,Consolidated Schedule of Investments,Valeas Capital Partners Fund I-A LP,fund,FUND_0980,fund,2025-12-31,USD,25996295.000000,,14426343.000000,,,,,,Private Equity Investments,| single_holding,cost|fair_value,681c615972db6d5f2137;99dd592fa420ec1683c1,,TARGET_RESOLVED,FUND,FUND_INTEREST,OWNER_POMONA_INVESTMENT_FUND,fund,OWNER_POMONA_INVESTMENT_FUND,Pomona Investment Fund,OWNER_RESOLVED,OWNMAP008: The schedule directly names Pomona Investment Fund as the reporting fund. No fund_master link is asserted because the current fund master has no reviewed Pomona row.,PUBLISHED,,
e0f3c99c0c3678f95d5f,SRC407,1,Consolidated Schedule of Investments,"Thoma Bravo Fund XV-A, L.P.",fund,FUND_0955,fund,2025-12-31,USD,5997322.000000,,4522041.000000,,,,,,Private Equity Investments,| single_holding,cost|fair_value,44786ad74faf0f1e4a48;dda2830330636c684758,,TARGET_RESOLVED,FUND,FUND_INTEREST,OWNER_POMONA_INVESTMENT_FUND,fund,OWNER_POMONA_INVESTMENT_FUND,Pomona Investment Fund,OWNER_RESOLVED,OWNMAP008: The schedule directly names Pomona Investment Fund as the reporting fund. No fund_master link is asserted because the current fund master has no reviewed Pomona row.,PUBLISHED,,
e3ed70611fabc89e10dd,SRC407,1,Consolidated Schedule of Investments,"OceanSound Partners Fund, LP",fund,FUND_0789,fund,2025-12-31,USD,10287010.000000,,6473677.000000,,,,,,Private Equity Investments,| single_holding,cost|fair_value,5335ebf6a61da6783c6b;d94c84c3479165f87663,,TARGET_RESOLVED,FUND,FUND_INTEREST,OWNER_POMONA_INVESTMENT_FUND,fund,OWNER_POMONA_INVESTMENT_FUND,Pomona Investment Fund,OWNER_RESOLVED,OWNMAP008: The schedule directly names Pomona Investment Fund as the reporting fund. No fund_master link is asserted because the current fund master has no reviewed Pomona row.,PUBLISHED,,
e5dbf6e1b68d50eb0cf9,SRC407,1,Consolidated Schedule of Investments,"Clearlake Capital Partners VII (USTE), L.P.",fund,FUND_0439,fund,2025-12-31,USD,4022057.000000,,3579038.000000,,,,,,Private Equity Investments,| single_holding,cost|fair_value,12c7b6c7807a5edf2534;4f0c8d0442cd9fa13073,,TARGET_RESOLVED,FUND,FUND_INTEREST,OWNER_POMONA_INVESTMENT_FUND,fund,OWNER_POMONA_INVESTMENT_FUND,Pomona Investment Fund,OWNER_RESOLVED,OWNMAP008: The schedule directly names Pomona Investment Fund as the reporting fund. No fund_master link is asserted because the current fund master has no reviewed Pomona row.,PUBLISHED,,
e68145b21d97d001c6a7,SRC407,1,Consolidated Schedule of Investments,"Gryphon Partners IV, L.P.",fund,FUND_0562,fund,2025-12-31,USD,3736920.000000,,2509776.000000,,,,,,Private Equity Investments,| single_holding,cost|fair_value,b4a5f38e974a17119d84;cc818b9c8f1fe845d8f5,,TARGET_RESOLVED,FUND,FUND_INTEREST,OWNER_POMONA_INVESTMENT_FUND,fund,OWNER_POMONA_INVESTMENT_FUND,Pomona Investment Fund,OWNER_RESOLVED,OWNMAP008: The schedule directly names Pomona Investment Fund as the reporting fund. No fund_master link is asserted because the current fund master has no reviewed Pomona row.,PUBLISHED,,
ea835c62add18c539fac,SRC407,1,Consolidated Schedule of Investments,"Solamere Series IV Leaders Fund, LP",fund,FUND_0907,fund,2025-12-31,USD,2237632.000000,,2155885.000000,,,,,,Private Equity Investments,| single_holding,cost|fair_value,7caae474cd1aa57cba40;937012a5c1c966c69001,,TARGET_RESOLVED,FUND,FUND_INTEREST,OWNER_POMONA_INVESTMENT_FUND,fund,OWNER_POMONA_INVESTMENT_FUND,Pomona Investment Fund,OWNER_RESOLVED,OWNMAP008: The schedule directly names Pomona Investment Fund as the reporting fund. No fund_master link is asserted because the current fund master has no reviewed Pomona row.,PUBLISHED,,
ec173e57624ac4167cf5,SRC407,1,Consolidated Schedule of Investments,"Hellman & Friedman Capital Partners IX (Parallel), L.P.",fund,FUND_0619,fund,2025-12-31,USD,3351435.000000,,1831379.000000,,,,,,Private Equity Investments,| single_holding,cost|fair_value,0c58478b9d142e2bad83;a552a953785af34b2a55,,TARGET_RESOLVED,FUND,FUND_INTEREST,OWNER_POMONA_INVESTMENT_FUND,fund,OWNER_POMONA_INVESTMENT_FUND,Pomona Investment Fund,OWNER_RESOLVED,OWNMAP008: The schedule directly names Pomona Investment Fund as the reporting fund. No fund_master link is asserted because the current fund master has no reviewed Pomona row.,PUBLISHED,,
f085701b254ae079eff8,SRC407,1,Consolidated Schedule of Investments,"Gryphon Odin CV-A, L.P.",fund,FUND_0560,fund,2025-12-31,USD,2501722.000000,,1153363.000000,,,,,,Private Equity Investments,| single_holding,cost|fair_value,bfe97db51c12f426b4cc;e27f338f0b9499476047,,TARGET_RESOLVED,FUND,FUND_INTEREST,OWNER_POMONA_INVESTMENT_FUND,fund,OWNER_POMONA_INVESTMENT_FUND,Pomona Investment Fund,OWNER_RESOLVED,OWNMAP008: The schedule directly names Pomona Investment Fund as the reporting fund. No fund_master link is asserted because the current fund master has no reviewed Pomona row.,PUBLISHED,,
f559e7b77bf22b938313,SRC407,1,Consolidated Schedule of Investments,Total Early Secondary Investments,portfolio,,,2025-12-31,USD,98860784.000000,,72882047.000000,,,,,,Private Equity Investments,| portfolio_total,cost|fair_value,68e4f854d116c4964484;d90cc62d89b638961bf7,,REFUSE_AS_POSITION,,,OWNER_POMONA_INVESTMENT_FUND,fund,OWNER_POMONA_INVESTMENT_FUND,Pomona Investment Fund,OWNER_RESOLVED,OWNMAP008: The schedule directly names Pomona Investment Fund as the reporting fund. No fund_master link is asserted because the current fund master has no reviewed Pomona row.,REFUSED,NON_INVESTEE_AGGREGATE,AGGREGATE_SCOPE|NON_INVESTEE_AGGREGATE
fcfab3fa6aebf51140d4,SRC407,1,Consolidated Schedule of Investments,Primary Investments,portfolio,,,2025-12-31,,,,,,,5.070000,,,Private Equity Investments,,portfolio_weight,c0ef47b17eb7104888d7,,REFUSE_AS_POSITION,,,OWNER_POMONA_INVESTMENT_FUND,fund,OWNER_POMONA_INVESTMENT_FUND,Pomona Investment Fund,OWNER_RESOLVED,OWNMAP008: The schedule directly names Pomona Investment Fund as the reporting fund. No fund_master link is asserted because the current fund master has no reviewed Pomona row.,REFUSED,NON_INVESTEE_AGGREGATE,PORTFOLIO_WEIGHT_NOT_OWNERSHIP|NON_INVESTEE_AGGREGATE
ff1e2ee5530bbe9e708c,SRC407,1,Consolidated Schedule of Investments,"The Veritas Capital Fund VII, L.P.",fund,FUND_0951,fund,2025-12-31,USD,4155321.000000,,2921282.000000,,,,,,Private Equity Investments,| single_holding,cost|fair_value,2358189610ecf37626be;77ccab5b44a8eb10aca4,,TARGET_RESOLVED,FUND,FUND_INTEREST,OWNER_POMONA_INVESTMENT_FUND,fund,OWNER_POMONA_INVESTMENT_FUND,Pomona Investment Fund,OWNER_RESOLVED,OWNMAP008: The schedule directly names Pomona Investment Fund as the reporting fund. No fund_master link is asserted because the current fund master has no reviewed Pomona row.,PUBLISHED,,
227cd2b331dcb59da7d1,SRC407,11,UNTITLED_TABLE_1,Total,portfolio,,,2025-12-31,USD,100983004.000000,,,,,,,,,statement_line,fair_value,744e36084fa9f2a0f6f1;a11a4aa6b46387a99c66;f3dab12ba949d2eb9247,"second printed value ignored: fair_value=Level 2 - Other Significant Observable Inputs, fair_value=Total",REFUSE_AS_POSITION,,,OWNER_POMONA_INVESTMENT_FUND,fund,OWNER_POMONA_INVESTMENT_FUND,Pomona Investment Fund,OWNER_RESOLVED,OWNMAP008: The schedule directly names Pomona Investment Fund as the reporting fund. No fund_master link is asserted because the current fund master has no reviewed Pomona row.,REFUSED,NON_INVESTEE_AGGREGATE,FIELD_COLLISION_REVIEW|AGGREGATE_SCOPE|NON_INVESTEE_AGGREGATE
2914b2977bbc470c68cb,SRC407,11,UNTITLED_TABLE_1,Money Market Funds,portfolio,,,2025-12-31,USD,100983004.000000,,,,,,,,Investments in Securities at Value,statement_line,fair_value,d880fbcbb863bab01438;e05d1455feae1fbae7e4,second printed value ignored: fair_value=Total,REFUSE_AS_POSITION,,,OWNER_POMONA_INVESTMENT_FUND,fund,OWNER_POMONA_INVESTMENT_FUND,Pomona Investment Fund,OWNER_RESOLVED,OWNMAP008: The schedule directly names Pomona Investment Fund as the reporting fund. No fund_master link is asserted because the current fund master has no reviewed Pomona row.,REFUSED,NON_INVESTEE_AGGREGATE,FIELD_COLLISION_REVIEW|AGGREGATE_SCOPE|NON_INVESTEE_AGGREGATE
48dfef4f253fb66af723,SRC407,11,UNTITLED_TABLE_1,Total Other Investments,portfolio,,,2025-12-31,USD,260885.000000,,,,,,,,,statement_line,fair_value,604d74f23b8557aca6fb;80bdefa61685df543b62,second printed value ignored: fair_value=Total,REFUSE_AS_POSITION,,,OWNER_POMONA_INVESTMENT_FUND,fund,OWNER_POMONA_INVESTMENT_FUND,Pomona Investment Fund,OWNER_RESOLVED,OWNMAP008: The schedule directly names Pomona Investment Fund as the reporting fund. No fund_master link is asserted because the current fund master has no reviewed Pomona row.,REFUSED,NON_INVESTEE_AGGREGATE,FIELD_COLLISION_REVIEW|AGGREGATE_SCOPE|NON_INVESTEE_AGGREGATE
9075b27f05e09e4d4f62,SRC407,11,UNTITLED_TABLE_1,Total Investments in Securities,portfolio,,,2025-12-31,USD,100983004.000000,,,,,,,,Investments in Securities at Value,statement_line,fair_value,3497bcd9c07deaf63949;afd75e9a7b109f05edc7,second printed value ignored: fair_value=Total,REFUSE_AS_POSITION,,,OWNER_POMONA_INVESTMENT_FUND,fund,OWNER_POMONA_INVESTMENT_FUND,Pomona Investment Fund,OWNER_RESOLVED,OWNMAP008: The schedule directly names Pomona Investment Fund as the reporting fund. No fund_master link is asserted because the current fund master has no reviewed Pomona row.,REFUSED,NON_INVESTEE_AGGREGATE,FIELD_COLLISION_REVIEW|AGGREGATE_SCOPE|NON_INVESTEE_AGGREGATE
a17867c116f7f735c3f3,SRC407,11,UNTITLED_TABLE_1,Equity Forward Contract,investment,CO_0012,company,2025-12-31,USD,1779194.000000,,,,,,,,Other Investments – Liabilities,statement_line,fair_value,0e26e2931fa5e971dc63;53fa47808dda027a79bc,second printed value ignored: fair_value=Total,TARGET_PROVISIONAL,UNRESOLVED,DERIVATIVE,OWNER_POMONA_INVESTMENT_FUND,fund,OWNER_POMONA_INVESTMENT_FUND,Pomona Investment Fund,OWNER_RESOLVED,OWNMAP008: The schedule directly names Pomona Investment Fund as the reporting fund. No fund_master link is asserted because the current fund master has no reviewed Pomona row.,REFUSED,NON_POSITION_SUMMARY,FIELD_COLLISION_REVIEW|AGGREGATE_SCOPE
e4d356ec06dfd7115f40,SRC407,11,UNTITLED_TABLE_1,Foreign Currency Forward Contract,investment,CO_0016,company,2025-12-31,USD,1518309.000000,,,,,,,,Other Investments – Assets,statement_line,fair_value,e6b6241d37d215556988;ec4cad831e45f376a228,second printed value ignored: fair_value=Total,TARGET_PROVISIONAL,UNRESOLVED,DERIVATIVE,OWNER_POMONA_INVESTMENT_FUND,fund,OWNER_POMONA_INVESTMENT_FUND,Pomona Investment Fund,OWNER_RESOLVED,OWNMAP008: The schedule directly names Pomona Investment Fund as the reporting fund. No fund_master link is asserted because the current fund master has no reviewed Pomona row.,REFUSED,NON_POSITION_SUMMARY,FIELD_COLLISION_REVIEW|AGGREGATE_SCOPE
01545a62b7170293220f,SRC407,2,Consolidated Schedule of Investments,"BC Europe IV Private Investors, L.P.",fund,FUND_0335,fund,2025-12-31,USD,504932.000000,,460422.000000,,,,,,Private Equity Investments,| single_holding,cost|fair_value,919362f9da504383a9ca;d937c3f214ea8952be6a,,TARGET_RESOLVED,FUND,FUND_INTEREST,OWNER_POMONA_INVESTMENT_FUND,fund,OWNER_POMONA_INVESTMENT_FUND,Pomona Investment Fund,OWNER_RESOLVED,OWNMAP008: The schedule directly names Pomona Investment Fund as the reporting fund. No fund_master link is asserted because the current fund master has no reviewed Pomona row.,PUBLISHED,,
019f12a77512761c7e7a,SRC407,2,Consolidated Schedule of Investments,"BC Asia III Private Investors, L.P.",fund,FUND_0334,fund,2025-12-31,USD,2089669.000000,,,,,,,,Private Equity Investments,single_holding,fair_value,cabd7bc78d7f35fa1490,,TARGET_RESOLVED,FUND,FUND_INTEREST,OWNER_POMONA_INVESTMENT_FUND,fund,OWNER_POMONA_INVESTMENT_FUND,Pomona Investment Fund,OWNER_RESOLVED,OWNMAP008: The schedule directly names Pomona Investment Fund as the reporting fund. No fund_master link is asserted because the current fund master has no reviewed Pomona row.,PUBLISHED,,
043ffacaac400cf5ad73,SRC407,2,Consolidated Schedule of Investments,"Bain Capital Europe Fund V, SCSp",fund,FUND_0327,fund,2025-12-31,USD,2347099.000000,,1439957.000000,,,,,,Private Equity Investments,| single_holding,cost|fair_value,e1a86347e50c0baed19a;ea8fd2d00b9174aeb8c5,,TARGET_RESOLVED,FUND,FUND_INTEREST,OWNER_POMONA_INVESTMENT_FUND,fund,OWNER_POMONA_INVESTMENT_FUND,Pomona Investment Fund,OWNER_RESOLVED,OWNMAP008: The schedule directly names Pomona Investment Fund as the reporting fund. No fund_master link is asserted because the current fund master has no reviewed Pomona row.,PUBLISHED,,
06e04a42b53feb0f76f8,SRC407,2,Consolidated Schedule of Investments,"Bain Capital Asia Fund II, L.P.",fund,FUND_0322,fund,2025-12-31,USD,579097.000000,,1427220.000000,,,,,,Private Equity Investments,| single_holding,cost|fair_value,c094fe31a89667a07092;ceb9a085a602d2156dfc,,TARGET_RESOLVED,FUND,FUND_INTEREST,OWNER_POMONA_INVESTMENT_FUND,fund,OWNER_POMONA_INVESTMENT_FUND,Pomona Investment Fund,OWNER_RESOLVED,OWNMAP008: The schedule directly names Pomona Investment Fund as the reporting fund. No fund_master link is asserted because the current fund master has no reviewed Pomona row.,PUBLISHED,,
0828dfc442d2b95f4414,SRC407,2,Consolidated Schedule of Investments,"Apax Europe VII - B, L.P.",fund,FUND_0296,fund,2025-12-31,USD,24948.000000,,20004.000000,,,,,,Private Equity Investments,| single_holding,cost|fair_value,720a925a63bb4b9c8c9e;ab06857f4a1c43c911a9,,TARGET_RESOLVED,FUND,FUND_INTEREST,OWNER_POMONA_INVESTMENT_FUND,fund,OWNER_POMONA_INVESTMENT_FUND,Pomona Investment Fund,OWNER_RESOLVED,OWNMAP008: The schedule directly names Pomona Investment Fund as the reporting fund. No fund_master link is asserted because the current fund master has no reviewed Pomona row.,PUBLISHED,,
0e5c20c8c2d28884abbf,SRC407,2,Consolidated Schedule of Investments,"Accel-KKR Capital Partners CV III, LP",fund,FUND_0269,fund,2025-12-31,USD,1329829.000000,,3546039.000000,,,,,,Private Equity Investments,| single_holding,cost|fair_value,6ef0a7fdffacc610ee11;a654c34b95815eef3545,,TARGET_RESOLVED,FUND,FUND_INTEREST,OWNER_POMONA_INVESTMENT_FUND,fund,OWNER_POMONA_INVESTMENT_FUND,Pomona Investment Fund,OWNER_RESOLVED,OWNMAP008: The schedule directly names Pomona Investment Fund as the reporting fund. No fund_master link is asserted because the current fund master has no reviewed Pomona row.,PUBLISHED,,
12bc42c71346fa78a7a1,SRC407,2,Consolidated Schedule of Investments,"BPEA Private Equity Fund VI, L.P.",fund,FUND_0374,fund,2025-12-31,USD,1104281.000000,,3802760.000000,,,,,,Private Equity Investments,| single_holding,cost|fair_value,4bd28df2b3403f362d35;52658ce04e36c3706ca1,,TARGET_RESOLVED,FUND,FUND_INTEREST,OWNER_POMONA_INVESTMENT_FUND,fund,OWNER_POMONA_INVESTMENT_FUND,Pomona Investment Fund,OWNER_RESOLVED,OWNMAP008: The schedule directly names Pomona Investment Fund as the reporting fund. No fund_master link is asserted because the current fund master has no reviewed Pomona row.,PUBLISHED,,
12f6dcf1732976caabe5,SRC407,2,Consolidated Schedule of Investments,BC European Capital X-2 LP,fund,FUND_0338,fund,2025-12-31,USD,11801660.000000,,12788675.000000,,,,,,Private Equity Investments,| single_holding,cost|fair_value,0de9fa86d385b38fa3d9;5e620765b184460d2b9a,,TARGET_RESOLVED,FUND,FUND_INTEREST,OWNER_POMONA_INVESTMENT_FUND,fund,OWNER_POMONA_INVESTMENT_FUND,Pomona Investment Fund,OWNER_RESOLVED,OWNMAP008: The schedule directly names Pomona Investment Fund as the reporting fund. No fund_master link is asserted because the current fund master has no reviewed Pomona row.,PUBLISHED,,
194655fcce212c4101a0,SRC407,2,Consolidated Schedule of Investments,"BC Life Sciences Private Investors, L.P.",fund,FUND_0340,fund,2025-12-31,USD,865847.000000,,166905.000000,,,,,,Private Equity Investments,| single_holding,cost|fair_value,56b7ea4b1309e2b8c69c;7f7adda8f6c2e0de166d,,TARGET_RESOLVED,FUND,FUND_INTEREST,OWNER_POMONA_INVESTMENT_FUND,fund,OWNER_POMONA_INVESTMENT_FUND,Pomona Investment Fund,OWNER_RESOLVED,OWNMAP008: The schedule directly names Pomona Investment Fund as the reporting fund. No fund_master link is asserted because the current fund master has no reviewed Pomona row.,PUBLISHED,,
19c8d8f362987bd01e61,SRC407,2,Consolidated Schedule of Investments,"Blackstone Capital Partners VII, L.P.",fund,FUND_0352,fund,2025-12-31,USD,477280.000000,,386545.000000,,,,,,Private Equity Investments,| single_holding,cost|fair_value,84e6287bd75304bf5ff1;8860e35761d5259bd14c,,TARGET_RESOLVED,FUND,FUND_INTEREST,OWNER_POMONA_INVESTMENT_FUND,fund,OWNER_POMONA_INVESTMENT_FUND,Pomona Investment Fund,OWNER_RESOLVED,OWNMAP008: The schedule directly names Pomona Investment Fund as the reporting fund. No fund_master link is asserted because the current fund master has no reviewed Pomona row.,PUBLISHED,,
1a74ebccad2a487d7b4b,SRC407,2,Consolidated Schedule of Investments,"Brentwood Associates Private Equity V, L.P.",fund,FUND_0376,fund,2025-12-31,USD,5262836.000000,,4813622.000000,,,,,,Private Equity Investments,| single_holding,cost|fair_value,6b13c50058b2a2b244dd;fbc6a86aad25a89e2432,,TARGET_RESOLVED,FUND,FUND_INTEREST,OWNER_POMONA_INVESTMENT_FUND,fund,OWNER_POMONA_INVESTMENT_FUND,Pomona Investment Fund,OWNER_RESOLVED,OWNMAP008: The schedule directly names Pomona Investment Fund as the reporting fund. No fund_master link is asserted because the current fund master has no reviewed Pomona row.,PUBLISHED,,
1c3fac71242bfc33b10f,SRC407,2,Consolidated Schedule of Investments,Apax IX USD L.P.,fund,FUND_0297,fund,2025-12-31,USD,9743693.000000,,12913267.000000,,,,,,Private Equity Investments,| single_holding,cost|fair_value,330741bf3fa89e37d2a5;de088d3df4bc7e457592,,TARGET_RESOLVED,FUND,FUND_INTEREST,OWNER_POMONA_INVESTMENT_FUND,fund,OWNER_POMONA_INVESTMENT_FUND,Pomona Investment Fund,OWNER_RESOLVED,OWNMAP008: The schedule directly names Pomona Investment Fund as the reporting fund. No fund_master link is asserted because the current fund master has no reviewed Pomona row.,PUBLISHED,,
20fc671b55b699aa5ea7,SRC407,2,Consolidated Schedule of Investments,Actis Energy 5 LP,fund,FUND_0272,fund,2025-12-31,USD,619076.000000,,573011.000000,,,,,,Private Equity Investments,| single_holding,cost|fair_value,27f29156cf6f7e2e0f93;6eb4aaaede17da7d640f,,TARGET_RESOLVED,FUND,FUND_INTEREST,OWNER_POMONA_INVESTMENT_FUND,fund,OWNER_POMONA_INVESTMENT_FUND,Pomona Investment Fund,OWNER_RESOLVED,OWNMAP008: The schedule directly names Pomona Investment Fund as the reporting fund. No fund_master link is asserted because the current fund master has no reviewed Pomona row.,PUBLISHED,,
24e83824c9dfb1818b5e,SRC407,2,Consolidated Schedule of Investments,"Bain Capital Fund VII, L.P.",fund,FUND_0328,fund,2025-12-31,USD,4044135.000000,,5477570.000000,,,,,,Private Equity Investments,| single_holding,cost|fair_value,225781e09b9a90795295;74816ece232af7eac6cc,,TARGET_RESOLVED,FUND,FUND_INTEREST,OWNER_POMONA_INVESTMENT_FUND,fund,OWNER_POMONA_INVESTMENT_FUND,Pomona Investment Fund,OWNER_RESOLVED,OWNMAP008: The schedule directly names Pomona Investment Fund as the reporting fund. No fund_master link is asserted because the current fund master has no reviewed Pomona row.,PUBLISHED,,
257722a076fcccf55676,SRC407,2,Consolidated Schedule of Investments,"Bain Capital Fund X, L.P.",fund,FUND_0329,fund,2025-12-31,USD,3149725.000000,,6145731.000000,,,,,,Private Equity Investments,| single_holding,cost|fair_value,0bd5bdc935d9d24fb151;639092b951ecdc010c25,,TARGET_RESOLVED,FUND,FUND_INTEREST,OWNER_POMONA_INVESTMENT_FUND,fund,OWNER_POMONA_INVESTMENT_FUND,Pomona Investment Fund,OWNER_RESOLVED,OWNMAP008: The schedule directly names Pomona Investment Fund as the reporting fund. No fund_master link is asserted because the current fund master has no reviewed Pomona row.,PUBLISHED,,
29c150d64fefded74a5f,SRC407,2,Consolidated Schedule of Investments,"AP VIII Private Investors Offshore (USD), L.P.",fund,FUND_0293,fund,2025-12-31,USD,12207.000000,,155272.000000,,,,,,Private Equity Investments,| single_holding,cost|fair_value,c375e38430a82f36cf0d;d995d080364aaed3563a,,TARGET_RESOLVED,FUND,FUND_INTEREST,OWNER_POMONA_INVESTMENT_FUND,fund,OWNER_POMONA_INVESTMENT_FUND,Pomona Investment Fund,OWNER_RESOLVED,OWNMAP008: The schedule directly names Pomona Investment Fund as the reporting fund. No fund_master link is asserted because the current fund master has no reviewed Pomona row.,PUBLISHED,,
2c2de4d953972e3350e5,SRC407,2,Consolidated Schedule of Investments,"Audax Private Equity Aspen CF, L.P.",fund,FUND_0315,fund,2025-12-31,USD,10059609.000000,,7370000.000000,,,,,,Private Equity Investments,| single_holding,cost|fair_value,45302b10c53504e114f5;457c1a72d19f5668f5ce,,TARGET_RESOLVED,FUND,FUND_INTEREST,OWNER_POMONA_INVESTMENT_FUND,fund,OWNER_POMONA_INVESTMENT_FUND,Pomona Investment Fund,OWNER_RESOLVED,OWNMAP008: The schedule directly names Pomona Investment Fund as the reporting fund. No fund_master link is asserted because the current fund master has no reviewed Pomona row.,PUBLISHED,,
31d4503713fdc480fce9,SRC407,2,Consolidated Schedule of Investments,"Bowmark Capital Partners V, L.P.",fund,FUND_0369,fund,2025-12-31,USD,64072.000000,,347940.000000,,,,,,Private Equity Investments,| single_holding,cost|fair_value,8c8e15f77befc4f20adf;eefd7e08dc617755b7f3,,TARGET_RESOLVED,FUND,FUND_INTEREST,OWNER_POMONA_INVESTMENT_FUND,fund,OWNER_POMONA_INVESTMENT_FUND,Pomona Investment Fund,OWNER_RESOLVED,OWNMAP008: The schedule directly names Pomona Investment Fund as the reporting fund. No fund_master link is asserted because the current fund master has no reviewed Pomona row.,PUBLISHED,,
3c880fab63bbe08be82e,SRC407,2,Consolidated Schedule of Investments,"Bain Capital Fund XI, L.P.",fund,FUND_0330,fund,2025-12-31,USD,1598750.000000,,1650331.000000,,,,,,Private Equity Investments,| single_holding,cost|fair_value,a1a96577e3688adb7fa0;dd458db1a0826438ebce,,TARGET_RESOLVED,FUND,FUND_INTEREST,OWNER_POMONA_INVESTMENT_FUND,fund,OWNER_POMONA_INVESTMENT_FUND,Pomona Investment Fund,OWNER_RESOLVED,OWNMAP008: The schedule directly names Pomona Investment Fund as the reporting fund. No fund_master link is asserted because the current fund master has no reviewed Pomona row.,PUBLISHED,,
42c22ddd1d80a0ffc742,SRC407,2,Consolidated Schedule of Investments,BCP V-S L.P.,fund,FUND_0344,fund,2025-12-31,USD,,,47896.000000,,,,,,Private Equity Investments,,cost,8f383b46d20bc09ea3ff,,TARGET_RESOLVED,FUND,FUND_INTEREST,OWNER_POMONA_INVESTMENT_FUND,fund,OWNER_POMONA_INVESTMENT_FUND,Pomona Investment Fund,OWNER_RESOLVED,OWNMAP008: The schedule directly names Pomona Investment Fund as the reporting fund. No fund_master link is asserted because the current fund master has no reviewed Pomona row.,PUBLISHED,,
4681c388778f642951f4,SRC407,2,Consolidated Schedule of Investments,"AP VIII Private Investors, LLC",fund,FUND_0294,fund,2025-12-31,USD,241828.000000,,1755711.000000,,,,,,Private Equity Investments,| single_holding,cost|fair_value,4772ed2694742f343bc3;db67aa9cc31a9e6cfac1,,TARGET_RESOLVED,FUND,FUND_INTEREST,OWNER_POMONA_INVESTMENT_FUND,fund,OWNER_POMONA_INVESTMENT_FUND,Pomona Investment Fund,OWNER_RESOLVED,OWNMAP008: The schedule directly names Pomona Investment Fund as the reporting fund. No fund_master link is asserted because the current fund master has no reviewed Pomona row.,PUBLISHED,,
492cedb042a6a5dc5f14,SRC407,2,Consolidated Schedule of Investments,Bridgepoint Europe IV 'A' L.P.,fund,FUND_0377,fund,2025-12-31,USD,488956.000000,,547462.000000,,,,,,Private Equity Investments,| single_holding,cost|fair_value,91d82a8af5a90e200d60;aff5622e29d62344ffd3,,TARGET_RESOLVED,FUND,FUND_INTEREST,OWNER_POMONA_INVESTMENT_FUND,fund,OWNER_POMONA_INVESTMENT_FUND,Pomona Investment Fund,OWNER_RESOLVED,OWNMAP008: The schedule directly names Pomona Investment Fund as the reporting fund. No fund_master link is asserted because the current fund master has no reviewed Pomona row.,PUBLISHED,,
4d57bd5caab87edf4c89,SRC407,2,Consolidated Schedule of Investments,"Aurora Equity Partners V, L.P.",fund,FUND_0318,fund,2025-12-31,USD,1210288.000000,,1461784.000000,,,,,,Private Equity Investments,| single_holding,cost|fair_value,38bc4d45a63d6d1d2594;aba4b59197e35ccb6dab,,TARGET_RESOLVED,FUND,FUND_INTEREST,OWNER_POMONA_INVESTMENT_FUND,fund,OWNER_POMONA_INVESTMENT_FUND,Pomona Investment Fund,OWNER_RESOLVED,OWNMAP008: The schedule directly names Pomona Investment Fund as the reporting fund. No fund_master link is asserted because the current fund master has no reviewed Pomona row.,PUBLISHED,,
4d8ba722875fbe140eb8,SRC407,2,Consolidated Schedule of Investments,Advent Global Technology II Limited Partnership,fund,FUND_0273,fund,2025-12-31,USD,1049607.000000,,564169.000000,,,,,,Private Equity Investments,| single_holding,cost|fair_value,06e400f9af8d0f830658;10cbe92b448090146991,,TARGET_RESOLVED,FUND,FUND_INTEREST,OWNER_POMONA_INVESTMENT_FUND,fund,OWNER_POMONA_INVESTMENT_FUND,Pomona Investment Fund,OWNER_RESOLVED,OWNMAP008: The schedule directly names Pomona Investment Fund as the reporting fund. No fund_master link is asserted because the current fund master has no reviewed Pomona row.,PUBLISHED,,
55c04c9b651c735b6ca6,SRC407,2,Consolidated Schedule of Investments,"Artiman Ventures III, L.P.",fund,FUND_0306,fund,2025-12-31,USD,330028.000000,,547290.000000,,,,,,Private Equity Investments,| single_holding,cost|fair_value,37c1bd5c7534e99ec274;ad29a89a6690b4428142,,TARGET_RESOLVED,FUND,FUND_INTEREST,OWNER_POMONA_INVESTMENT_FUND,fund,OWNER_POMONA_INVESTMENT_FUND,Pomona Investment Fund,OWNER_RESOLVED,OWNMAP008: The schedule directly names Pomona Investment Fund as the reporting fund. No fund_master link is asserted because the current fund master has no reviewed Pomona row.,PUBLISHED,,
563385431ab30ba7a8a2,SRC407,2,Consolidated Schedule of Investments,Barley (No.1) Limited Partnership,fund,FUND_0333,fund,2025-12-31,USD,556727.000000,,648686.000000,,,,,,Private Equity Investments,| single_holding,cost|fair_value,0e9f8af4da52cb782987;5e08f40b3bf5f0471ccf,,TARGET_RESOLVED,FUND,FUND_INTEREST,OWNER_POMONA_INVESTMENT_FUND,fund,OWNER_POMONA_INVESTMENT_FUND,Pomona Investment Fund,OWNER_RESOLVED,OWNMAP008: The schedule directly names Pomona Investment Fund as the reporting fund. No fund_master link is asserted because the current fund master has no reviewed Pomona row.,PUBLISHED,,
606c572166e72e642a15,SRC407,2,Consolidated Schedule of Investments,Advent International GPE VI-A Limited Partnership,fund,FUND_0274,fund,2025-12-31,USD,135447.000000,,41815.000000,,,,,,Private Equity Investments,| single_holding,cost|fair_value,2afcb3e92c44920dcb9c;ef75fc3e0f93673888d5,,TARGET_RESOLVED,FUND,FUND_INTEREST,OWNER_POMONA_INVESTMENT_FUND,fund,OWNER_POMONA_INVESTMENT_FUND,Pomona Investment Fund,OWNER_RESOLVED,OWNMAP008: The schedule directly names Pomona Investment Fund as the reporting fund. No fund_master link is asserted because the current fund master has no reviewed Pomona row.,PUBLISHED,,
662f27a343892698b014,SRC407,2,Consolidated Schedule of Investments,"Apollo Investment Fund VI, L.P.",fund,FUND_0299,fund,2025-12-31,USD,63680.000000,,207218.000000,,,,,,Private Equity Investments,| single_holding,cost|fair_value,76e96f4ee0e69f756d95;9e807b3109817899375b,,TARGET_RESOLVED,FUND,FUND_INTEREST,OWNER_POMONA_INVESTMENT_FUND,fund,OWNER_POMONA_INVESTMENT_FUND,Pomona Investment Fund,OWNER_RESOLVED,OWNMAP008: The schedule directly names Pomona Investment Fund as the reporting fund. No fund_master link is asserted because the current fund master has no reviewed Pomona row.,PUBLISHED,,
6cbb2b10606d6e56accc,SRC407,2,Consolidated Schedule of Investments,"BC XII Private Investors, L.P.",fund,FUND_0343,fund,2025-12-31,USD,3985285.000000,,1104978.000000,,,,,,Private Equity Investments,| single_holding,cost|fair_value,a9738c9826c4a7555358;bbf13997dbef1d4bc9c6,,TARGET_RESOLVED,FUND,FUND_INTEREST,OWNER_POMONA_INVESTMENT_FUND,fund,OWNER_POMONA_INVESTMENT_FUND,Pomona Investment Fund,OWNER_RESOLVED,OWNMAP008: The schedule directly names Pomona Investment Fund as the reporting fund. No fund_master link is asserted because the current fund master has no reviewed Pomona row.,PUBLISHED,,
6d6ef0727a569d581f4f,SRC407,2,Consolidated Schedule of Investments,Atlas Capital Resources LP,fund,FUND_0313,fund,2025-12-31,USD,237806.000000,,1197510.000000,,,,,,Private Equity Investments,| single_holding,cost|fair_value,7a9e2962784e4a9e7c21;b8634a1b74dff8b3a94d,,TARGET_RESOLVED,FUND,FUND_INTEREST,OWNER_POMONA_INVESTMENT_FUND,fund,OWNER_POMONA_INVESTMENT_FUND,Pomona Investment Fund,OWNER_RESOLVED,OWNMAP008: The schedule directly names Pomona Investment Fund as the reporting fund. No fund_master link is asserted because the current fund master has no reviewed Pomona row.,PUBLISHED,,
72dfb8576709bdf5446e,SRC407,2,Consolidated Schedule of Investments,Advent International GPE VII-B Limited Partnership,fund,FUND_0275,fund,2025-12-31,USD,257178.000000,,1576936.000000,,,,,,Private Equity Investments,| single_holding,cost|fair_value,bdb2260661f993a509d6;f7a277ff4b0a293d4fae,,TARGET_RESOLVED,FUND,FUND_INTEREST,OWNER_POMONA_INVESTMENT_FUND,fund,OWNER_POMONA_INVESTMENT_FUND,Pomona Investment Fund,OWNER_RESOLVED,OWNMAP008: The schedule directly names Pomona Investment Fund as the reporting fund. No fund_master link is asserted because the current fund master has no reviewed Pomona row.,PUBLISHED,,
782ee0ac83b44f3bb3e0,SRC407,2,Consolidated Schedule of Investments,Advent International GPE VIII-B-2 Limited Partnership,fund,FUND_0276,fund,2025-12-31,USD,1529212.000000,,2247087.000000,,,,,,Private Equity Investments,| single_holding,cost|fair_value,2818c158ce1438a00aa7;d6f62f643e9d548e7fb1,,TARGET_RESOLVED,FUND,FUND_INTEREST,OWNER_POMONA_INVESTMENT_FUND,fund,OWNER_POMONA_INVESTMENT_FUND,Pomona Investment Fund,OWNER_RESOLVED,OWNMAP008: The schedule directly names Pomona Investment Fund as the reporting fund. No fund_master link is asserted because the current fund master has no reviewed Pomona row.,PUBLISHED,,
7b7274aaa08acdf5edb2,SRC407,2,Consolidated Schedule of Investments,BC European Capital X-7 LP,fund,FUND_0339,fund,2025-12-31,USD,904794.000000,,984319.000000,,,,,,Private Equity Investments,| single_holding,cost|fair_value,20c27b24f607cd450083;2b53751937690dc76e7b,,TARGET_RESOLVED,FUND,FUND_INTEREST,OWNER_POMONA_INVESTMENT_FUND,fund,OWNER_POMONA_INVESTMENT_FUND,Pomona Investment Fund,OWNER_RESOLVED,OWNMAP008: The schedule directly names Pomona Investment Fund as the reporting fund. No fund_master link is asserted because the current fund master has no reviewed Pomona row.,PUBLISHED,,
8114028edab873145c6f,SRC407,2,Consolidated Schedule of Investments,"American Industrial Partners Fund IV, L.P.",fund,FUND_0289,fund,2025-12-31,USD,281391.000000,,15680.000000,,,,,,Private Equity Investments,| single_holding,cost|fair_value,5b9f5dcb5f8e28d70d1b;d57f08e36cb22f7969d5,,TARGET_RESOLVED,FUND,FUND_INTEREST,OWNER_POMONA_INVESTMENT_FUND,fund,OWNER_POMONA_INVESTMENT_FUND,Pomona Investment Fund,OWNER_RESOLVED,OWNMAP008: The schedule directly names Pomona Investment Fund as the reporting fund. No fund_master link is asserted because the current fund master has no reviewed Pomona row.,PUBLISHED,,
869d29363ac16d276e6f,SRC407,2,Consolidated Schedule of Investments,"Bain Capital Fund XII, L.P.",fund,FUND_0331,fund,2025-12-31,USD,1161503.000000,,710360.000000,,,,,,Private Equity Investments,| single_holding,cost|fair_value,7fada20b7fc05d4443d4;d6c0f7fa42f82b03032b,,TARGET_RESOLVED,FUND,FUND_INTEREST,OWNER_POMONA_INVESTMENT_FUND,fund,OWNER_POMONA_INVESTMENT_FUND,Pomona Investment Fund,OWNER_RESOLVED,OWNMAP008: The schedule directly names Pomona Investment Fund as the reporting fund. No fund_master link is asserted because the current fund master has no reviewed Pomona row.,PUBLISHED,,
8da6e3319859d7a14614,SRC407,2,Consolidated Schedule of Investments,"Audax Mezzanine Fund III, L.P.",fund,FUND_0314,fund,2025-12-31,USD,189412.000000,,1134916.000000,,,,,,Private Equity Investments,| single_holding,cost|fair_value,99daa50dd19c63ebd91b;e730bffe3eef4486da7d,,TARGET_RESOLVED,FUND,FUND_INTEREST,OWNER_POMONA_INVESTMENT_FUND,fund,OWNER_POMONA_INVESTMENT_FUND,Pomona Investment Fund,OWNER_RESOLVED,OWNMAP008: The schedule directly names Pomona Investment Fund as the reporting fund. No fund_master link is asserted because the current fund master has no reviewed Pomona row.,PUBLISHED,,
8f36c166d56455d51318,SRC407,2,Consolidated Schedule of Investments,"BP ACE EV, L.P.",fund,FUND_0370,fund,2025-12-31,USD,1757299.000000,,1757299.000000,,,,,,Private Equity Investments,| single_holding,cost|fair_value,4fb30b8bb305d22cb091;dafb7820ea157d895789,,TARGET_RESOLVED,FUND,FUND_INTEREST,OWNER_POMONA_INVESTMENT_FUND,fund,OWNER_POMONA_INVESTMENT_FUND,Pomona Investment Fund,OWNER_RESOLVED,OWNMAP008: The schedule directly names Pomona Investment Fund as the reporting fund. No fund_master link is asserted because the current fund master has no reviewed Pomona row.,PUBLISHED,,
92d5421c0c322c334ff6,SRC407,2,Consolidated Schedule of Investments,Astorg VI SLP,fund,FUND_0311,fund,2025-12-31,USD,1908609.000000,,3206778.000000,,,,,,Private Equity Investments,| single_holding,cost|fair_value,df4d08db56c807b66edc;eb61662ae6aec7055d8d,,TARGET_RESOLVED,FUND,FUND_INTEREST,OWNER_POMONA_INVESTMENT_FUND,fund,OWNER_POMONA_INVESTMENT_FUND,Pomona Investment Fund,OWNER_RESOLVED,OWNMAP008: The schedule directly names Pomona Investment Fund as the reporting fund. No fund_master link is asserted because the current fund master has no reviewed Pomona row.,PUBLISHED,,
986c2102fda978ba075e,SRC407,2,Consolidated Schedule of Investments,Astorg Normec Fund,fund,FUND_0310,fund,2025-12-31,USD,849422.000000,,583596.000000,,,,,,Private Equity Investments,| single_holding,cost|fair_value,2774fa3cb1ae8cb49e54;e6a3e63a5e6e07a621df,,TARGET_RESOLVED,FUND,FUND_INTEREST,OWNER_POMONA_INVESTMENT_FUND,fund,OWNER_POMONA_INVESTMENT_FUND,Pomona Investment Fund,OWNER_RESOLVED,OWNMAP008: The schedule directly names Pomona Investment Fund as the reporting fund. No fund_master link is asserted because the current fund master has no reviewed Pomona row.,PUBLISHED,,
99763f261501a52f4964,SRC407,2,Consolidated Schedule of Investments,"BC XI Private Investor, L.P.",fund,FUND_0342,fund,2025-12-31,USD,959355.000000,,818258.000000,,,,,,Private Equity Investments,| single_holding,cost|fair_value,2d7e1d8a422a07e3250f;b5108bb5bd8647473059,,TARGET_RESOLVED,FUND,FUND_INTEREST,OWNER_POMONA_INVESTMENT_FUND,fund,OWNER_POMONA_INVESTMENT_FUND,Pomona Investment Fund,OWNER_RESOLVED,OWNMAP008: The schedule directly names Pomona Investment Fund as the reporting fund. No fund_master link is asserted because the current fund master has no reviewed Pomona row.,PUBLISHED,,
9e22562499381a83f95a,SRC407,2,Consolidated Schedule of Investments,Advent International GPE VIII-C Limited Partnership,fund,FUND_0277,fund,2025-12-31,USD,1088916.000000,,1152944.000000,,,,,,Private Equity Investments,| single_holding,cost|fair_value,32dd4ba9e8f8a48e79f3;4dc51f675e1af085cfb1,,TARGET_RESOLVED,FUND,FUND_INTEREST,OWNER_POMONA_INVESTMENT_FUND,fund,OWNER_POMONA_INVESTMENT_FUND,Pomona Investment Fund,OWNER_RESOLVED,OWNMAP008: The schedule directly names Pomona Investment Fund as the reporting fund. No fund_master link is asserted because the current fund master has no reviewed Pomona row.,PUBLISHED,,
9e574362df9127e34827,SRC407,2,Consolidated Schedule of Investments,"Berkshire Fund VII, L.P.",fund,FUND_0348,fund,2025-12-31,USD,179841.000000,,1177910.000000,,,,,,Private Equity Investments,| single_holding,cost|fair_value,1f4660a228feb8226b0e;d43c4482d3c0a974d155,,TARGET_RESOLVED,FUND,FUND_INTEREST,OWNER_POMONA_INVESTMENT_FUND,fund,OWNER_POMONA_INVESTMENT_FUND,Pomona Investment Fund,OWNER_RESOLVED,OWNMAP008: The schedule directly names Pomona Investment Fund as the reporting fund. No fund_master link is asserted because the current fund master has no reviewed Pomona row.,PUBLISHED,,
9f7485616c4ce668063b,SRC407,2,Consolidated Schedule of Investments,"Bain Capital Empire Holdings, L.P.",fund,FUND_0325,fund,2025-12-31,USD,17195970.000000,,17064874.000000,,,,,,Private Equity Investments,| single_holding,cost|fair_value,0dc4c9387208e6b5d07e;66af826b99537f8c8944,,TARGET_RESOLVED,FUND,FUND_INTEREST,OWNER_POMONA_INVESTMENT_FUND,fund,OWNER_POMONA_INVESTMENT_FUND,Pomona Investment Fund,OWNER_RESOLVED,OWNMAP008: The schedule directly names Pomona Investment Fund as the reporting fund. No fund_master link is asserted because the current fund master has no reviewed Pomona row.,PUBLISHED,,
a000be1632a3babbcf5d,SRC407,2,Consolidated Schedule of Investments,Blue Owl GP Stakes US Investors LP,fund,FUND_0363,fund,2025-12-31,USD,1895515.000000,,1289685.000000,,,,,,Private Equity Investments,| single_holding,cost|fair_value,4c19ce57d8484649647e;6293631896eb20963c18,,TARGET_RESOLVED,FUND,FUND_INTEREST,OWNER_POMONA_INVESTMENT_FUND,fund,OWNER_POMONA_INVESTMENT_FUND,Pomona Investment Fund,OWNER_RESOLVED,OWNMAP008: The schedule directly names Pomona Investment Fund as the reporting fund. No fund_master link is asserted because the current fund master has no reviewed Pomona row.,PUBLISHED,,
a143c72287004dce7190,SRC407,2,Consolidated Schedule of Investments,Astorg VII SLP,fund,FUND_0312,fund,2025-12-31,USD,7267591.000000,,3322853.000000,,,,,,Private Equity Investments,| single_holding,cost|fair_value,321105d04b96a291a3da;cb04fc3ebb5ce5d88da6,,TARGET_RESOLVED,FUND,FUND_INTEREST,OWNER_POMONA_INVESTMENT_FUND,fund,OWNER_POMONA_INVESTMENT_FUND,Pomona Investment Fund,OWNER_RESOLVED,OWNMAP008: The schedule directly names Pomona Investment Fund as the reporting fund. No fund_master link is asserted because the current fund master has no reviewed Pomona row.,PUBLISHED,,
a282b75f621fd0cab6ca,SRC407,2,Consolidated Schedule of Investments,"Berkshire Fund VI, Limited Partnership",fund,FUND_0347,fund,2025-12-31,USD,707821.000000,,4895898.000000,,,,,,Private Equity Investments,| single_holding,cost|fair_value,b484f7f695b44eff924e;ea3f47b5002fbb1fc135,,TARGET_RESOLVED,FUND,FUND_INTEREST,OWNER_POMONA_INVESTMENT_FUND,fund,OWNER_POMONA_INVESTMENT_FUND,Pomona Investment Fund,OWNER_RESOLVED,OWNMAP008: The schedule directly names Pomona Investment Fund as the reporting fund. No fund_master link is asserted because the current fund master has no reviewed Pomona row.,PUBLISHED,,
a462149e2eb5b573ef93,SRC407,2,Consolidated Schedule of Investments,"American Securities Partners VI, L.P.",fund,FUND_0290,fund,2025-12-31,USD,2949853.000000,,3777692.000000,,,,,,Private Equity Investments,| single_holding,cost|fair_value,290bf55bc580d9cd677f;f2fe7b371f5dcf162fb3,,TARGET_RESOLVED,FUND,FUND_INTEREST,OWNER_POMONA_INVESTMENT_FUND,fund,OWNER_POMONA_INVESTMENT_FUND,Pomona Investment Fund,OWNER_RESOLVED,OWNMAP008: The schedule directly names Pomona Investment Fund as the reporting fund. No fund_master link is asserted because the current fund master has no reviewed Pomona row.,PUBLISHED,,
a4f95c4e4aadc47ed865,SRC407,2,Consolidated Schedule of Investments,BC European Capital X-10 LP,fund,FUND_0337,fund,2025-12-31,USD,14812796.000000,,13663869.000000,,,,,,Private Equity Investments,| single_holding,cost|fair_value,5c7b89a7538647fcceef;c53d09a150f6f01ce366,,TARGET_RESOLVED,FUND,FUND_INTEREST,OWNER_POMONA_INVESTMENT_FUND,fund,OWNER_POMONA_INVESTMENT_FUND,Pomona Investment Fund,OWNER_RESOLVED,OWNMAP008: The schedule directly names Pomona Investment Fund as the reporting fund. No fund_master link is asserted because the current fund master has no reviewed Pomona row.,PUBLISHED,,
b015f497214105e25f7a,SRC407,2,Consolidated Schedule of Investments,"American Securities Partners VII, L.P.",fund,FUND_0291,fund,2025-12-31,USD,18904241.000000,,25999394.000000,,,,,,Private Equity Investments,| single_holding,cost|fair_value,9fe289e7ccb67d872f0b;aba388f0229d00f9696b,,TARGET_RESOLVED,FUND,FUND_INTEREST,OWNER_POMONA_INVESTMENT_FUND,fund,OWNER_POMONA_INVESTMENT_FUND,Pomona Investment Fund,OWNER_RESOLVED,OWNMAP008: The schedule directly names Pomona Investment Fund as the reporting fund. No fund_master link is asserted because the current fund master has no reviewed Pomona row.,PUBLISHED,,
b08c6dfae090c4a6b128,SRC407,2,Consolidated Schedule of Investments,Alpha Private Equity Fund 7 (SCA) SICAR,fund,FUND_0287,fund,2025-12-31,USD,24051778.000000,,21809070.000000,,,,,,Private Equity Investments,| single_holding,cost|fair_value,35d039452d97750e9791;d103636d53cbaf1cc19b,,TARGET_RESOLVED,FUND,FUND_INTEREST,OWNER_POMONA_INVESTMENT_FUND,fund,OWNER_POMONA_INVESTMENT_FUND,Pomona Investment Fund,OWNER_RESOLVED,OWNMAP008: The schedule directly names Pomona Investment Fund as the reporting fund. No fund_master link is asserted because the current fund master has no reviewed Pomona row.,PUBLISHED,,
b10c4d88e36cf1d543e7,SRC407,2,Consolidated Schedule of Investments,BC Partners XI GD - 2 LP,fund,FUND_0341,fund,2025-12-31,USD,15710702.000000,,12271962.000000,,,,,,Private Equity Investments,| single_holding,cost|fair_value,599036b2130fc6b5473b;9b470147e77b08c1ff07,,TARGET_RESOLVED,FUND,FUND_INTEREST,OWNER_POMONA_INVESTMENT_FUND,fund,OWNER_POMONA_INVESTMENT_FUND,Pomona Investment Fund,OWNER_RESOLVED,OWNMAP008: The schedule directly names Pomona Investment Fund as the reporting fund. No fund_master link is asserted because the current fund master has no reviewed Pomona row.,PUBLISHED,,
b405049a8cc22014e880,SRC407,2,Consolidated Schedule of Investments,"ABS Capital Partners VII Offshore, L.P.",fund,FUND_0267,fund,2025-12-31,USD,3539968.000000,,2124723.000000,,,,,,Private Equity Investments,| single_holding,cost|fair_value,17d211c3e90cc339d26b;aa1c707ce9d677128897,,TARGET_RESOLVED,FUND,FUND_INTEREST,OWNER_POMONA_INVESTMENT_FUND,fund,OWNER_POMONA_INVESTMENT_FUND,Pomona Investment Fund,OWNER_RESOLVED,OWNMAP008: The schedule directly names Pomona Investment Fund as the reporting fund. No fund_master link is asserted because the current fund master has no reviewed Pomona row.,PUBLISHED,,
b4e5c72bcb0147c40233,SRC407,2,Consolidated Schedule of Investments,"Bain Capital Europe Fund III, L.P.",fund,FUND_0326,fund,2025-12-31,USD,1.000000,,963168.000000,,,,,,Private Equity Investments,| single_holding,cost|fair_value,2902d1ba416d92d6dd94;306d667725be32e7df9d,,TARGET_RESOLVED,FUND,FUND_INTEREST,OWNER_POMONA_INVESTMENT_FUND,fund,OWNER_POMONA_INVESTMENT_FUND,Pomona Investment Fund,OWNER_RESOLVED,OWNMAP008: The schedule directly names Pomona Investment Fund as the reporting fund. No fund_master link is asserted because the current fund master has no reviewed Pomona row.,PUBLISHED,,
c2c29199627e97420af1,SRC407,2,Consolidated Schedule of Investments,"Apax Europe VI - A, L.P.",fund,FUND_0295,fund,2025-12-31,USD,131541.000000,,418681.000000,,,,,,Private Equity Investments,| single_holding,cost|fair_value,4ad4bd9f3ad10bdffa7b;4ed5c274b7d96c7c8685,,TARGET_RESOLVED,FUND,FUND_INTEREST,OWNER_POMONA_INVESTMENT_FUND,fund,OWNER_POMONA_INVESTMENT_FUND,Pomona Investment Fund,OWNER_RESOLVED,OWNMAP008: The schedule directly names Pomona Investment Fund as the reporting fund. No fund_master link is asserted because the current fund master has no reviewed Pomona row.,PUBLISHED,,
c35a85878d344fed8050,SRC407,2,Consolidated Schedule of Investments,Archer Capital Trust 5B,fund,FUND_0303,fund,2025-12-31,USD,231871.000000,,654378.000000,,,,,,Private Equity Investments,| single_holding,cost|fair_value,6d5b7abfca474124f41f;bcc3857d74637c3f431f,,TARGET_RESOLVED,FUND,FUND_INTEREST,OWNER_POMONA_INVESTMENT_FUND,fund,OWNER_POMONA_INVESTMENT_FUND,Pomona Investment Fund,OWNER_RESOLVED,OWNMAP008: The schedule directly names Pomona Investment Fund as the reporting fund. No fund_master link is asserted because the current fund master has no reviewed Pomona row.,PUBLISHED,,
d2972acf15f9c967fa42,SRC407,2,Consolidated Schedule of Investments,BC European Capital IX-8 LP,fund,FUND_0336,fund,2025-12-31,USD,578879.000000,,1369226.000000,,,,,,Private Equity Investments,| single_holding,cost|fair_value,33885927fcae35132a1c;4590577bd51d6d15ef72,,TARGET_RESOLVED,FUND,FUND_INTEREST,OWNER_POMONA_INVESTMENT_FUND,fund,OWNER_POMONA_INVESTMENT_FUND,Pomona Investment Fund,OWNER_RESOLVED,OWNMAP008: The schedule directly names Pomona Investment Fund as the reporting fund. No fund_master link is asserted because the current fund master has no reviewed Pomona row.,PUBLISHED,,
d2a002c0810101f46c60,SRC407,2,Consolidated Schedule of Investments,"Audax Private Equity Fund III, L.P.",fund,FUND_0316,fund,2025-12-31,USD,96767.000000,,2299732.000000,,,,,,Private Equity Investments,| single_holding,cost|fair_value,43c67e609c45acde4b0b;ea12fea54f93ad41641f,,TARGET_RESOLVED,FUND,FUND_INTEREST,OWNER_POMONA_INVESTMENT_FUND,fund,OWNER_POMONA_INVESTMENT_FUND,Pomona Investment Fund,OWNER_RESOLVED,OWNMAP008: The schedule directly names Pomona Investment Fund as the reporting fund. No fund_master link is asserted because the current fund master has no reviewed Pomona row.,PUBLISHED,,
d55bf39d7adf555c12f3,SRC407,2,Consolidated Schedule of Investments,"Bain Capital VII Coinvestment Fund, L.P.",fund,FUND_0332,fund,2025-12-31,USD,53295.000000,,49316.000000,,,,,,Private Equity Investments,| single_holding,cost|fair_value,aacafeaa1c29562c6e4b;c872fa8e3703881751ab,,TARGET_RESOLVED,FUND,FUND_INTEREST,OWNER_POMONA_INVESTMENT_FUND,fund,OWNER_POMONA_INVESTMENT_FUND,Pomona Investment Fund,OWNER_RESOLVED,OWNMAP008: The schedule directly names Pomona Investment Fund as the reporting fund. No fund_master link is asserted because the current fund master has no reviewed Pomona row.,PUBLISHED,,
da864fc11f2bf7cd0e50,SRC407,2,Consolidated Schedule of Investments,Blackstone Capital Partners V L.P.,fund,FUND_0351,fund,2025-12-31,USD,5087.000000,,445286.000000,,,,,,Private Equity Investments,| single_holding,cost|fair_value,5e9ac12cecc1b929957d;cd27432eeeeeecc98670,,TARGET_RESOLVED,FUND,FUND_INTEREST,OWNER_POMONA_INVESTMENT_FUND,fund,OWNER_POMONA_INVESTMENT_FUND,Pomona Investment Fund,OWNER_RESOLVED,OWNMAP008: The schedule directly names Pomona Investment Fund as the reporting fund. No fund_master link is asserted because the current fund master has no reviewed Pomona row.,PUBLISHED,,
dafd2170697fec9eac58,SRC407,2,Consolidated Schedule of Investments,"Bain Capital Distressed and Special Situations 2013 (E), L.P.",fund,FUND_0324,fund,2025-12-31,USD,16575.000000,,,,,,,,Private Equity Investments,single_holding,fair_value,8cb39ece2088c993bc02,,TARGET_RESOLVED,FUND,FUND_INTEREST,OWNER_POMONA_INVESTMENT_FUND,fund,OWNER_POMONA_INVESTMENT_FUND,Pomona Investment Fund,OWNER_RESOLVED,OWNMAP008: The schedule directly names Pomona Investment Fund as the reporting fund. No fund_master link is asserted because the current fund master has no reviewed Pomona row.,PUBLISHED,,
dc1504a9c6f8b3744b08,SRC407,2,Consolidated Schedule of Investments,"ABS Capital Partners VII, L.P.",fund,FUND_0268,fund,2025-12-31,USD,9109700.000000,,5458924.000000,,,,,,Private Equity Investments,| single_holding,cost|fair_value,00aa068fcefe87e2d95e;f09dc56ba7bd414dd8cb,,TARGET_RESOLVED,FUND,FUND_INTEREST,OWNER_POMONA_INVESTMENT_FUND,fund,OWNER_POMONA_INVESTMENT_FUND,Pomona Investment Fund,OWNER_RESOLVED,OWNMAP008: The schedule directly names Pomona Investment Fund as the reporting fund. No fund_master link is asserted because the current fund master has no reviewed Pomona row.,PUBLISHED,,
e4a482e45c100eeaaf2e,SRC407,2,Consolidated Schedule of Investments,"Blackstone Capital Partners VIII (Lux), SCSp",fund,FUND_0353,fund,2025-12-31,USD,524163.000000,,416014.000000,,,,,,Private Equity Investments,| single_holding,cost|fair_value,6624096f6a8abb608839;f47d148264ce771f0dfa,,TARGET_RESOLVED,FUND,FUND_INTEREST,OWNER_POMONA_INVESTMENT_FUND,fund,OWNER_POMONA_INVESTMENT_FUND,Pomona Investment Fund,OWNER_RESOLVED,OWNMAP008: The schedule directly names Pomona Investment Fund as the reporting fund. No fund_master link is asserted because the current fund master has no reviewed Pomona row.,PUBLISHED,,
ed3600b575e85a0adf80,SRC407,2,Consolidated Schedule of Investments,"Bain Capital Asia Fund III, L.P.",fund,FUND_0323,fund,2025-12-31,USD,4054788.000000,,2069110.000000,,,,,,Private Equity Investments,| single_holding,cost|fair_value,2104c3e8d5a9b4e72a62;cbed510daa7dece2556c,,TARGET_RESOLVED,FUND,FUND_INTEREST,OWNER_POMONA_INVESTMENT_FUND,fund,OWNER_POMONA_INVESTMENT_FUND,Pomona Investment Fund,OWNER_RESOLVED,OWNMAP008: The schedule directly names Pomona Investment Fund as the reporting fund. No fund_master link is asserted because the current fund master has no reviewed Pomona row.,PUBLISHED,,
fa44eb415fd6223e0fd4,SRC407,2,Consolidated Schedule of Investments,AEA EXC CF LP,fund,FUND_0278,fund,2025-12-31,USD,13141745.000000,,12194269.000000,,,,,,Private Equity Investments,| single_holding,cost|fair_value,9e3e45d17a26a570ec86;b81df8d1cf465717cae9,,TARGET_RESOLVED,FUND,FUND_INTEREST,OWNER_POMONA_INVESTMENT_FUND,fund,OWNER_POMONA_INVESTMENT_FUND,Pomona Investment Fund,OWNER_RESOLVED,OWNMAP008: The schedule directly names Pomona Investment Fund as the reporting fund. No fund_master link is asserted because the current fund master has no reviewed Pomona row.,PUBLISHED,,
fb74987066a17ed67c41,SRC407,2,Consolidated Schedule of Investments,"Berkshire Fund VIII (IND), L.P.",fund,FUND_0349,fund,2025-12-31,USD,1179914.000000,,5911408.000000,,,,,,Private Equity Investments,| single_holding,cost|fair_value,9dbaec26667d6fc262d5;b509b9f85edfa86e0684,,TARGET_RESOLVED,FUND,FUND_INTEREST,OWNER_POMONA_INVESTMENT_FUND,fund,OWNER_POMONA_INVESTMENT_FUND,Pomona Investment Fund,OWNER_RESOLVED,OWNMAP008: The schedule directly names Pomona Investment Fund as the reporting fund. No fund_master link is asserted because the current fund master has no reviewed Pomona row.,PUBLISHED,,
fd50793f6fbc566d4a1e,SRC407,2,Consolidated Schedule of Investments,"Audax Private Equity Fund, L.P.",fund,FUND_0317,fund,2025-12-31,USD,1427.000000,,2154.000000,,,,,,Private Equity Investments,| single_holding,cost|fair_value,7408e1701048f4bbe925;9834b2bcea5ef9704149,,TARGET_RESOLVED,FUND,FUND_INTEREST,OWNER_POMONA_INVESTMENT_FUND,fund,OWNER_POMONA_INVESTMENT_FUND,Pomona Investment Fund,OWNER_RESOLVED,OWNMAP008: The schedule directly names Pomona Investment Fund as the reporting fund. No fund_master link is asserted because the current fund master has no reviewed Pomona row.,PUBLISHED,,
056786ccfd4460a01777,SRC407,3,Consolidated Schedule of Investments,"Clearlake Capital Partners III, L.P.",fund,FUND_0436,fund,2025-12-31,USD,169369.000000,,126092.000000,,,,,,Private Equity Investments,| single_holding,cost|fair_value,759d4b5a8dc49d38ee01;cffc9ac956852b4eeccf,,TARGET_RESOLVED,FUND,FUND_INTEREST,OWNER_POMONA_INVESTMENT_FUND,fund,OWNER_POMONA_INVESTMENT_FUND,Pomona Investment Fund,OWNER_RESOLVED,OWNMAP008: The schedule directly names Pomona Investment Fund as the reporting fund. No fund_master link is asserted because the current fund master has no reviewed Pomona row.,PUBLISHED,,
07f677d4887d1aee00c0,SRC407,3,Consolidated Schedule of Investments,"CI Capital Investors III, L.P.",fund,FUND_0427,fund,2025-12-31,USD,24882407.000000,,20964290.000000,,,,,,Private Equity Investments,| single_holding,cost|fair_value,40d82930ee3285f2e2d6;d553db78efed82a492e9,,TARGET_RESOLVED,FUND,FUND_INTEREST,OWNER_POMONA_INVESTMENT_FUND,fund,OWNER_POMONA_INVESTMENT_FUND,Pomona Investment Fund,OWNER_RESOLVED,OWNMAP008: The schedule directly names Pomona Investment Fund as the reporting fund. No fund_master link is asserted because the current fund master has no reviewed Pomona row.,PUBLISHED,,
08678db5bd0310f02db3,SRC407,3,Consolidated Schedule of Investments,Capvis Equity IV L.P.,fund,FUND_0400,fund,2025-12-31,USD,4222958.000000,,5688290.000000,,,,,,Private Equity Investments,| single_holding,cost|fair_value,a32587282170df387919;def2f22f1709d3e82538,,TARGET_RESOLVED,FUND,FUND_INTEREST,OWNER_POMONA_INVESTMENT_FUND,fund,OWNER_POMONA_INVESTMENT_FUND,Pomona Investment Fund,OWNER_RESOLVED,OWNMAP008: The schedule directly names Pomona Investment Fund as the reporting fund. No fund_master link is asserted because the current fund master has no reviewed Pomona row.,PUBLISHED,,
0b80abc273fc74c5ee6e,SRC407,3,Consolidated Schedule of Investments,CVC Capital Partners VII (A) L.P.,fund,FUND_0461,fund,2025-12-31,USD,2980242.000000,,2231840.000000,,,,,,Private Equity Investments,| single_holding,cost|fair_value,21783c206e698eaa5e95;c941835e9b6deabf7548,,TARGET_RESOLVED,FUND,FUND_INTEREST,OWNER_POMONA_INVESTMENT_FUND,fund,OWNER_POMONA_INVESTMENT_FUND,Pomona Investment Fund,OWNER_RESOLVED,OWNMAP008: The schedule directly names Pomona Investment Fund as the reporting fund. No fund_master link is asserted because the current fund master has no reviewed Pomona row.,PUBLISHED,,
0dfcad06562ff8f99a60,SRC407,3,Consolidated Schedule of Investments,"Golden Gate Capital Opportunity Fund, LP",fund,FUND_0533,fund,2025-12-31,USD,2417025.000000,,1798999.000000,,,,,,Private Equity Investments,| single_holding,cost|fair_value,254a406a0aeeb7080fd6;4d0eb0a3ab630148309d,,TARGET_RESOLVED,FUND,FUND_INTEREST,OWNER_POMONA_INVESTMENT_FUND,fund,OWNER_POMONA_INVESTMENT_FUND,Pomona Investment Fund,OWNER_RESOLVED,OWNMAP008: The schedule directly names Pomona Investment Fund as the reporting fund. No fund_master link is asserted because the current fund master has no reviewed Pomona row.,PUBLISHED,,
13613a652763a265581b,SRC407,3,Consolidated Schedule of Investments,"Clayton, Dubilier & Rice Fund IX, L.P.",fund,FUND_0434,fund,2025-12-31,USD,2179000.000000,,4142507.000000,,,,,,Private Equity Investments,| single_holding,cost|fair_value,279e5224c72a78f87ffb;b2f4205d61cfdabdb703,,TARGET_RESOLVED,FUND,FUND_INTEREST,OWNER_POMONA_INVESTMENT_FUND,fund,OWNER_POMONA_INVESTMENT_FUND,Pomona Investment Fund,OWNER_RESOLVED,OWNMAP008: The schedule directly names Pomona Investment Fund as the reporting fund. No fund_master link is asserted because the current fund master has no reviewed Pomona row.,PUBLISHED,,
1c3471b7b88d6f10700d,SRC407,3,Consolidated Schedule of Investments,CCP Climb LP,fund,FUND_0418,fund,2025-12-31,USD,25338038.000000,,17693434.000000,,,,,,Private Equity Investments,| single_holding,cost|fair_value,3ed269f555020ae55f6b;8bf6555fda85e2ce02bb,,TARGET_RESOLVED,FUND,FUND_INTEREST,OWNER_POMONA_INVESTMENT_FUND,fund,OWNER_POMONA_INVESTMENT_FUND,Pomona Investment Fund,OWNER_RESOLVED,OWNMAP008: The schedule directly names Pomona Investment Fund as the reporting fund. No fund_master link is asserted because the current fund master has no reviewed Pomona row.,PUBLISHED,,
21b6842a3c06f984453a,SRC407,3,Consolidated Schedule of Investments,"Carlyle Credit Opportunities Fund (Parallel), L.P.",fund,FUND_0402,fund,2025-12-31,USD,1387410.000000,,1013649.000000,,,,,,Private Equity Investments,| single_holding,cost|fair_value,6af124d9bdea7ec33f36;7e942ad7152dd5a3c213,,TARGET_RESOLVED,FUND,FUND_INTEREST,OWNER_POMONA_INVESTMENT_FUND,fund,OWNER_POMONA_INVESTMENT_FUND,Pomona Investment Fund,OWNER_RESOLVED,OWNMAP008: The schedule directly names Pomona Investment Fund as the reporting fund. No fund_master link is asserted because the current fund master has no reviewed Pomona row.,PUBLISHED,,
24d24c9ae19f530a4317,SRC407,3,Consolidated Schedule of Investments,"Clearlake Opportunities Partners (P-Offshore), L.P.",fund,FUND_0440,fund,2025-12-31,USD,663189.000000,,654760.000000,,,,,,Private Equity Investments,| single_holding,cost|fair_value,0d22383966a52b1a2226;5353bb5bbabf9fca8737,,TARGET_RESOLVED,FUND,FUND_INTEREST,OWNER_POMONA_INVESTMENT_FUND,fund,OWNER_POMONA_INVESTMENT_FUND,Pomona Investment Fund,OWNER_RESOLVED,OWNMAP008: The schedule directly names Pomona Investment Fund as the reporting fund. No fund_master link is asserted because the current fund master has no reviewed Pomona row.,PUBLISHED,,
298dcf422a065a4270db,SRC407,3,Consolidated Schedule of Investments,"Carlyle US Equity Opportunity Fund II, L.P.",fund,FUND_0410,fund,2025-12-31,USD,1314568.000000,,1294729.000000,,,,,,Private Equity Investments,| single_holding,cost|fair_value,27468895d9b489565399;51559afdcb6915b8f19f,,TARGET_RESOLVED,FUND,FUND_INTEREST,OWNER_POMONA_INVESTMENT_FUND,fund,OWNER_POMONA_INVESTMENT_FUND,Pomona Investment Fund,OWNER_RESOLVED,OWNMAP008: The schedule directly names Pomona Investment Fund as the reporting fund. No fund_master link is asserted because the current fund master has no reviewed Pomona row.,PUBLISHED,,
2beb7ee26d2459f2e4d8,SRC407,3,Consolidated Schedule of Investments,"Carlyle Partners VIII, L.P.",fund,FUND_0408,fund,2025-12-31,USD,6258290.000000,,5389234.000000,,,,,,Private Equity Investments,| single_holding,cost|fair_value,41b043779631a7eddabd;963c082e1cd0e4a19026,,TARGET_RESOLVED,FUND,FUND_INTEREST,OWNER_POMONA_INVESTMENT_FUND,fund,OWNER_POMONA_INVESTMENT_FUND,Pomona Investment Fund,OWNER_RESOLVED,OWNMAP008: The schedule directly names Pomona Investment Fund as the reporting fund. No fund_master link is asserted because the current fund master has no reviewed Pomona row.,PUBLISHED,,
2edac43fcd8db0c76966,SRC407,3,Consolidated Schedule of Investments,"Carlyle Partners VII, L.P.",fund,FUND_0407,fund,2025-12-31,USD,64058570.000000,,52976197.000000,,,,,,Private Equity Investments,| single_holding,cost|fair_value,9fb0ccb675c94726dd67;cb0f3d8b1dc8a4d3a03c,,TARGET_RESOLVED,FUND,FUND_INTEREST,OWNER_POMONA_INVESTMENT_FUND,fund,OWNER_POMONA_INVESTMENT_FUND,Pomona Investment Fund,OWNER_RESOLVED,OWNMAP008: The schedule directly names Pomona Investment Fund as the reporting fund. No fund_master link is asserted because the current fund master has no reviewed Pomona row.,PUBLISHED,,
2fd732f14c07cf358df1,SRC407,3,Consolidated Schedule of Investments,GESD Investors II Liquidating Trust,fund,FUND_0519,fund,2025-12-31,USD,4516.000000,,,,,,,,Private Equity Investments,single_holding,fair_value,173eb65c9923cd710873,,TARGET_RESOLVED,FUND,FUND_INTEREST,OWNER_POMONA_INVESTMENT_FUND,fund,OWNER_POMONA_INVESTMENT_FUND,Pomona Investment Fund,OWNER_RESOLVED,OWNMAP008: The schedule directly names Pomona Investment Fund as the reporting fund. No fund_master link is asserted because the current fund master has no reviewed Pomona row.,PUBLISHED,,
32a3adc6415ea035d483,SRC407,3,Consolidated Schedule of Investments,CVC Capital Partners VI (A) L.P.,fund,FUND_0459,fund,2025-12-31,USD,2801023.000000,,3062078.000000,,,,,,Private Equity Investments,| single_holding,cost|fair_value,054419d07c0803c67711;7d35070ef161633d3ccc,,TARGET_RESOLVED,FUND,FUND_INTEREST,OWNER_POMONA_INVESTMENT_FUND,fund,OWNER_POMONA_INVESTMENT_FUND,Pomona Investment Fund,OWNER_RESOLVED,OWNMAP008: The schedule directly names Pomona Investment Fund as the reporting fund. No fund_master link is asserted because the current fund master has no reviewed Pomona row.,PUBLISHED,,
336d1daa5c2dd389d851,SRC407,3,Consolidated Schedule of Investments,"Clayton, Dubilier & Rice Fund X, L.P.",fund,FUND_0435,fund,2025-12-31,USD,806704.000000,,608945.000000,,,,,,Private Equity Investments,| single_holding,cost|fair_value,0ce438fb9e5ae7236dac;5d8ebd9b90b672895693,,TARGET_RESOLVED,FUND,FUND_INTEREST,OWNER_POMONA_INVESTMENT_FUND,fund,OWNER_POMONA_INVESTMENT_FUND,Pomona Investment Fund,OWNER_RESOLVED,OWNMAP008: The schedule directly names Pomona Investment Fund as the reporting fund. No fund_master link is asserted because the current fund master has no reviewed Pomona row.,PUBLISHED,,
3ca02090280324948735,SRC407,3,Consolidated Schedule of Investments,"Court Square Capital Partners (Offshore) III, L.P.",fund,FUND_0450,fund,2025-12-31,USD,550501.000000,,648937.000000,,,,,,Private Equity Investments,| single_holding,cost|fair_value,347f8c20fc0ea0156209;59a80b3574a34aee5325,,TARGET_RESOLVED,FUND,FUND_INTEREST,OWNER_POMONA_INVESTMENT_FUND,fund,OWNER_POMONA_INVESTMENT_FUND,Pomona Investment Fund,OWNER_RESOLVED,OWNMAP008: The schedule directly names Pomona Investment Fund as the reporting fund. No fund_master link is asserted because the current fund master has no reviewed Pomona row.,PUBLISHED,,
449b59eb96e73f879a64,SRC407,3,Consolidated Schedule of Investments,EQT IX (No.2) EUR SCSp,fund,FUND_0489,fund,2025-12-31,USD,1795036.000000,,1149904.000000,,,,,,Private Equity Investments,| single_holding,cost|fair_value,92dffb088c52695e0d95;b42b5c23c552572eaa60,,TARGET_RESOLVED,FUND,FUND_INTEREST,OWNER_POMONA_INVESTMENT_FUND,fund,OWNER_POMONA_INVESTMENT_FUND,Pomona Investment Fund,OWNER_RESOLVED,OWNMAP008: The schedule directly names Pomona Investment Fund as the reporting fund. No fund_master link is asserted because the current fund master has no reviewed Pomona row.,PUBLISHED,,
48ace82cdd696d65a1f8,SRC407,3,Consolidated Schedule of Investments,"Great Hill Equity Partners IV, L.P.",fund,FUND_0537,fund,2025-12-31,USD,1323798.000000,,1440901.000000,,,,,,Private Equity Investments,| single_holding,cost|fair_value,0cf35c7c174141875ae1;1992f456cf78b8c804e4,,TARGET_RESOLVED,FUND,FUND_INTEREST,OWNER_POMONA_INVESTMENT_FUND,fund,OWNER_POMONA_INVESTMENT_FUND,Pomona Investment Fund,OWNER_RESOLVED,OWNMAP008: The schedule directly names Pomona Investment Fund as the reporting fund. No fund_master link is asserted because the current fund master has no reviewed Pomona row.,PUBLISHED,,
4ba9c15a8a5019aa9d19,SRC407,3,Consolidated Schedule of Investments,Charterhouse Capital Partners IX,fund,FUND_0425,fund,2025-12-31,USD,23282.000000,,,,,,,,Private Equity Investments,single_holding,fair_value,1643c5141b3dfcd11cc2,,TARGET_RESOLVED,FUND,FUND_INTEREST,OWNER_POMONA_INVESTMENT_FUND,fund,OWNER_POMONA_INVESTMENT_FUND,Pomona Investment Fund,OWNER_RESOLVED,OWNMAP008: The schedule directly names Pomona Investment Fund as the reporting fund. No fund_master link is asserted because the current fund master has no reviewed Pomona row.,PUBLISHED,,
4d3aabb552ac46b4730d,SRC407,3,Consolidated Schedule of Investments,"Carlyle Europe Partners IV, L.P.",fund,FUND_0403,fund,2025-12-31,USD,13723832.000000,,11647555.000000,,,,,,Private Equity Investments,| single_holding,cost|fair_value,5031a396908fb8a3a362;b8ae6c0316aaa6922d0b,,TARGET_RESOLVED,FUND,FUND_INTEREST,OWNER_POMONA_INVESTMENT_FUND,fund,OWNER_POMONA_INVESTMENT_FUND,Pomona Investment Fund,OWNER_RESOLVED,OWNMAP008: The schedule directly names Pomona Investment Fund as the reporting fund. No fund_master link is asserted because the current fund master has no reviewed Pomona row.,PUBLISHED,,
4d8e32d5ec4ce8df8af5,SRC407,3,Consolidated Schedule of Investments,"Clearlake Capital Partners IV, L.P.",fund,FUND_0437,fund,2025-12-31,USD,1697701.000000,,2362246.000000,,,,,,Private Equity Investments,| single_holding,cost|fair_value,1fb85ee5c3376efd7a6d;8187302a293fa8d005ec,,TARGET_RESOLVED,FUND,FUND_INTEREST,OWNER_POMONA_INVESTMENT_FUND,fund,OWNER_POMONA_INVESTMENT_FUND,Pomona Investment Fund,OWNER_RESOLVED,OWNMAP008: The schedule directly names Pomona Investment Fund as the reporting fund. No fund_master link is asserted because the current fund master has no reviewed Pomona row.,PUBLISHED,,
5124d2f62da2d8b30786,SRC407,3,Consolidated Schedule of Investments,"CP VII Investors, L.P.",fund,FUND_0451,fund,2025-12-31,USD,7953104.000000,,6551312.000000,,,,,,Private Equity Investments,| single_holding,cost|fair_value,e8c33014d2ba69eaa54b;f5f014077a5d91bd2b69,,TARGET_RESOLVED,FUND,FUND_INTEREST,OWNER_POMONA_INVESTMENT_FUND,fund,OWNER_POMONA_INVESTMENT_FUND,Pomona Investment Fund,OWNER_RESOLVED,OWNMAP008: The schedule directly names Pomona Investment Fund as the reporting fund. No fund_master link is asserted because the current fund master has no reviewed Pomona row.,PUBLISHED,,
5265d4ce4d014c88d835,SRC407,3,Consolidated Schedule of Investments,"DCM VI, L.P.",fund,FUND_0466,fund,2025-12-31,USD,232235.000000,,1582190.000000,,,,,,Private Equity Investments,| single_holding,cost|fair_value,977f0d8df469c6a29533;c3ca4d69aba7d35c8725,,TARGET_RESOLVED,FUND,FUND_INTEREST,OWNER_POMONA_INVESTMENT_FUND,fund,OWNER_POMONA_INVESTMENT_FUND,Pomona Investment Fund,OWNER_RESOLVED,OWNMAP008: The schedule directly names Pomona Investment Fund as the reporting fund. No fund_master link is asserted because the current fund master has no reviewed Pomona row.,PUBLISHED,,
5d37d33bc12aed6677b8,SRC407,3,Consolidated Schedule of Investments,"Clearlake Capital Partners VI, L.P.",fund,FUND_0438,fund,2025-12-31,USD,2039174.000000,,2093257.000000,,,,,,Private Equity Investments,| single_holding,cost|fair_value,0d9a67b67c799dbd9e75;53f9b219546db2708371,,TARGET_RESOLVED,FUND,FUND_INTEREST,OWNER_POMONA_INVESTMENT_FUND,fund,OWNER_POMONA_INVESTMENT_FUND,Pomona Investment Fund,OWNER_RESOLVED,OWNMAP008: The schedule directly names Pomona Investment Fund as the reporting fund. No fund_master link is asserted because the current fund master has no reviewed Pomona row.,PUBLISHED,,
5ef911d533cc8857d45a,SRC407,3,Consolidated Schedule of Investments,"CDRF8 Private Investors, LLC",fund,FUND_0421,fund,2025-12-31,USD,5221.000000,,229064.000000,,,,,,Private Equity Investments,| single_holding,cost|fair_value,6bd14325a64a7bcede16;b2e4aac78391a8eb4b04,,TARGET_RESOLVED,FUND,FUND_INTEREST,OWNER_POMONA_INVESTMENT_FUND,fund,OWNER_POMONA_INVESTMENT_FUND,Pomona Investment Fund,OWNER_RESOLVED,OWNMAP008: The schedule directly names Pomona Investment Fund as the reporting fund. No fund_master link is asserted because the current fund master has no reviewed Pomona row.,PUBLISHED,,
639c2d3eac3c5a3d1d1b,SRC407,3,Consolidated Schedule of Investments,"CD&R Value Building Partners I, L.P.",fund,FUND_0420,fund,2025-12-31,USD,13484405.000000,,9664748.000000,,,,,,Private Equity Investments,| single_holding,cost|fair_value,d1b6a9694c2bd23b39a5;f890e87e679f97ad8b4b,,TARGET_RESOLVED,FUND,FUND_INTEREST,OWNER_POMONA_INVESTMENT_FUND,fund,OWNER_POMONA_INVESTMENT_FUND,Pomona Investment Fund,OWNER_RESOLVED,OWNMAP008: The schedule directly names Pomona Investment Fund as the reporting fund. No fund_master link is asserted because the current fund master has no reviewed Pomona row.,PUBLISHED,,
64bad75fe973140a395f,SRC407,3,Consolidated Schedule of Investments,"Carlyle Europe Partners V - EU, S.C.Sp.",fund,FUND_0404,fund,2025-12-31,USD,19336530.000000,,18987123.000000,,,,,,Private Equity Investments,| single_holding,cost|fair_value,5dda557a30c7b8cfd1d4;6fa3fdb9e5012982f32d,,TARGET_RESOLVED,FUND,FUND_INTEREST,OWNER_POMONA_INVESTMENT_FUND,fund,OWNER_POMONA_INVESTMENT_FUND,Pomona Investment Fund,OWNER_RESOLVED,OWNMAP008: The schedule directly names Pomona Investment Fund as the reporting fund. No fund_master link is asserted because the current fund master has no reviewed Pomona row.,PUBLISHED,,
653146d2ff0e2cb69b92,SRC407,3,Consolidated Schedule of Investments,"Equistone Partners Europe Fund IV ""E"" L.P.",fund,FUND_0493,fund,2025-12-31,USD,133480.000000,,443182.000000,,,,,,Private Equity Investments,| single_holding,cost|fair_value,31c5aeeb60a46e4c0b99;5444beec7eaaa900b103,,TARGET_RESOLVED,FUND,FUND_INTEREST,OWNER_POMONA_INVESTMENT_FUND,fund,OWNER_POMONA_INVESTMENT_FUND,Pomona Investment Fund,OWNER_RESOLVED,OWNMAP008: The schedule directly names Pomona Investment Fund as the reporting fund. No fund_master link is asserted because the current fund master has no reviewed Pomona row.,PUBLISHED,,
7096eb03ddbb4a8691ba,SRC407,3,Consolidated Schedule of Investments,"Centerbridge Seaport Acquisition Fund, L.P.",fund,FUND_0422,fund,2025-12-31,USD,12507589.000000,,9244010.000000,,,,,,Private Equity Investments,| single_holding,cost|fair_value,26385b93a41bf168c338;8b5d45afb40e49469077,,TARGET_RESOLVED,FUND,FUND_INTEREST,OWNER_POMONA_INVESTMENT_FUND,fund,OWNER_POMONA_INVESTMENT_FUND,Pomona Investment Fund,OWNER_RESOLVED,OWNMAP008: The schedule directly names Pomona Investment Fund as the reporting fund. No fund_master link is asserted because the current fund master has no reviewed Pomona row.,PUBLISHED,,
785b962963934e97a0a6,SRC407,3,Consolidated Schedule of Investments,"FS Equity Partners CV1, L.P.",fund,FUND_0511,fund,2025-12-31,USD,18334566.000000,,15405988.000000,,,,,,Private Equity Investments,| single_holding,cost|fair_value,15be5e3339f51f95fb1d;f3de962b06553c3fbdf1,,TARGET_RESOLVED,FUND,FUND_INTEREST,OWNER_POMONA_INVESTMENT_FUND,fund,OWNER_POMONA_INVESTMENT_FUND,Pomona Investment Fund,OWNER_RESOLVED,OWNMAP008: The schedule directly names Pomona Investment Fund as the reporting fund. No fund_master link is asserted because the current fund master has no reviewed Pomona row.,PUBLISHED,,
8803983ec7ef29a81db3,SRC407,3,Consolidated Schedule of Investments,"Francisco Partners II, L.P.",fund,FUND_0509,fund,2025-12-31,USD,,,106495.000000,,,,,,Private Equity Investments,,cost,37f1f6637b24d660ba0d,,TARGET_RESOLVED,FUND,FUND_INTEREST,OWNER_POMONA_INVESTMENT_FUND,fund,OWNER_POMONA_INVESTMENT_FUND,Pomona Investment Fund,OWNER_RESOLVED,OWNMAP008: The schedule directly names Pomona Investment Fund as the reporting fund. No fund_master link is asserted because the current fund master has no reviewed Pomona row.,PUBLISHED,,
8bc414469b57b3ecb8bf,SRC407,3,Consolidated Schedule of Investments,"General Atlantic Investment Partners 2013, L.P.",fund,FUND_0515,fund,2025-12-31,USD,1722680.000000,,1832272.000000,,,,,,Private Equity Investments,| single_holding,cost|fair_value,045186863709d9c9b91b;f123bd454d2cfcfb25f7,,TARGET_RESOLVED,FUND,FUND_INTEREST,OWNER_POMONA_INVESTMENT_FUND,fund,OWNER_POMONA_INVESTMENT_FUND,Pomona Investment Fund,OWNER_RESOLVED,OWNMAP008: The schedule directly names Pomona Investment Fund as the reporting fund. No fund_master link is asserted because the current fund master has no reviewed Pomona row.,PUBLISHED,,
8d36b2880e948b33dcdc,SRC407,3,Consolidated Schedule of Investments,Capvis Equity V L.P.,fund,FUND_0401,fund,2025-12-31,USD,20163307.000000,,16577631.000000,,,,,,Private Equity Investments,| single_holding,cost|fair_value,e045d3d299b489d1c0b7;ea9231a3d05836fad525,,TARGET_RESOLVED,FUND,FUND_INTEREST,OWNER_POMONA_INVESTMENT_FUND,fund,OWNER_POMONA_INVESTMENT_FUND,Pomona Investment Fund,OWNER_RESOLVED,OWNMAP008: The schedule directly names Pomona Investment Fund as the reporting fund. No fund_master link is asserted because the current fund master has no reviewed Pomona row.,PUBLISHED,,
913e79a6b65b6e07cba1,SRC407,3,Consolidated Schedule of Investments,Eurazeo Capital Secondary Fund 2025 SCSp,fund,FUND_0495,fund,2025-12-31,USD,97240301.000000,,75564251.000000,,,,,,Private Equity Investments,| single_holding,cost|fair_value,dcc47bf06fc062c2e753;fe555fe515f912ef727e,,TARGET_RESOLVED,FUND,FUND_INTEREST,OWNER_POMONA_INVESTMENT_FUND,fund,OWNER_POMONA_INVESTMENT_FUND,Pomona Investment Fund,OWNER_RESOLVED,OWNMAP008: The schedule directly names Pomona Investment Fund as the reporting fund. No fund_master link is asserted because the current fund master has no reviewed Pomona row.,PUBLISHED,,
92c443b117996102cbcd,SRC407,3,Consolidated Schedule of Investments,Bridgepoint Europe Portfolio IV LP,fund,FUND_0379,fund,2025-12-31,USD,288180.000000,,303274.000000,,,,,,Private Equity Investments,| single_holding,cost|fair_value,9a198f6ffc0c09ea0820;b15ec99a67c3e5cd4a37,,TARGET_RESOLVED,FUND,FUND_INTEREST,OWNER_POMONA_INVESTMENT_FUND,fund,OWNER_POMONA_INVESTMENT_FUND,Pomona Investment Fund,OWNER_RESOLVED,OWNMAP008: The schedule directly names Pomona Investment Fund as the reporting fund. No fund_master link is asserted because the current fund master has no reviewed Pomona row.,PUBLISHED,,
97296e6941f7b387e361,SRC407,3,Consolidated Schedule of Investments,CVC Capital Partners VI (B) L.P.,fund,FUND_0460,fund,2025-12-31,USD,9490523.000000,,11602127.000000,,,,,,Private Equity Investments,| single_holding,cost|fair_value,7aebb0634e6600afca4a;7f159b7a812c797409d1,,TARGET_RESOLVED,FUND,FUND_INTEREST,OWNER_POMONA_INVESTMENT_FUND,fund,OWNER_POMONA_INVESTMENT_FUND,Pomona Investment Fund,OWNER_RESOLVED,OWNMAP008: The schedule directly names Pomona Investment Fund as the reporting fund. No fund_master link is asserted because the current fund master has no reviewed Pomona row.,PUBLISHED,,
97d3ad4db9227a11308e,SRC407,3,Consolidated Schedule of Investments,CCP Strider LP,fund,FUND_0419,fund,2025-12-31,USD,27294128.000000,,15545080.000000,,,,,,Private Equity Investments,| single_holding,cost|fair_value,3f16590ce66de470a030;f184658c73931ead5d76,,TARGET_RESOLVED,FUND,FUND_INTEREST,OWNER_POMONA_INVESTMENT_FUND,fund,OWNER_POMONA_INVESTMENT_FUND,Pomona Investment Fund,OWNER_RESOLVED,OWNMAP008: The schedule directly names Pomona Investment Fund as the reporting fund. No fund_master link is asserted because the current fund master has no reviewed Pomona row.,PUBLISHED,,
9815c27383becce83957,SRC407,3,Consolidated Schedule of Investments,"Corsair IV Financial Services Capital Partners, L.P.",fund,FUND_0448,fund,2025-12-31,USD,1346189.000000,,398241.000000,,,,,,Private Equity Investments,| single_holding,cost|fair_value,4d50fb05bb4c61ecbf8a;a37d877b5d3531d91192,,TARGET_RESOLVED,FUND,FUND_INTEREST,OWNER_POMONA_INVESTMENT_FUND,fund,OWNER_POMONA_INVESTMENT_FUND,Pomona Investment Fund,OWNER_RESOLVED,OWNMAP008: The schedule directly names Pomona Investment Fund as the reporting fund. No fund_master link is asserted because the current fund master has no reviewed Pomona row.,PUBLISHED,,
983152e3ef139177f033,SRC407,3,Consolidated Schedule of Investments,"Genstar Capital Partners VIII BL (EU), L.P.",fund,FUND_0516,fund,2025-12-31,USD,2553625.000000,,1511649.000000,,,,,,Private Equity Investments,| single_holding,cost|fair_value,3a5e787bdfa6682dabeb;c48b68699d11d2458c7d,,TARGET_RESOLVED,FUND,FUND_INTEREST,OWNER_POMONA_INVESTMENT_FUND,fund,OWNER_POMONA_INVESTMENT_FUND,Pomona Investment Fund,OWNER_RESOLVED,OWNMAP008: The schedule directly names Pomona Investment Fund as the reporting fund. No fund_master link is asserted because the current fund master has no reviewed Pomona row.,PUBLISHED,,
9ada9a987a68762dfba4,SRC407,3,Consolidated Schedule of Investments,"Charlesbank Equity Fund VIII, Limited Partnership",fund,FUND_0424,fund,2025-12-31,USD,3826925.000000,,3446346.000000,,,,,,Private Equity Investments,| single_holding,cost|fair_value,749fae4f49f90d5b2654;a746d7d1442377666bfc,,TARGET_RESOLVED,FUND,FUND_INTEREST,OWNER_POMONA_INVESTMENT_FUND,fund,OWNER_POMONA_INVESTMENT_FUND,Pomona Investment Fund,OWNER_RESOLVED,OWNMAP008: The schedule directly names Pomona Investment Fund as the reporting fund. No fund_master link is asserted because the current fund master has no reviewed Pomona row.,PUBLISHED,,
9bf209484b25db322854,SRC407,3,Consolidated Schedule of Investments,"Genstar VIII Opportunities Fund I (EU), L.P.",fund,FUND_0518,fund,2025-12-31,USD,1526569.000000,,1044363.000000,,,,,,Private Equity Investments,| single_holding,cost|fair_value,129fc4bf901672fe156c;5cb1360b1d9ad94dbf8f,,TARGET_RESOLVED,FUND,FUND_INTEREST,OWNER_POMONA_INVESTMENT_FUND,fund,OWNER_POMONA_INVESTMENT_FUND,Pomona Investment Fund,OWNER_RESOLVED,OWNMAP008: The schedule directly names Pomona Investment Fund as the reporting fund. No fund_master link is asserted because the current fund master has no reviewed Pomona row.,PUBLISHED,,
9ceb884ef3a8766345c8,SRC407,3,Consolidated Schedule of Investments,"CB Offshore CF I, Limited Partnership",fund,FUND_0411,fund,2025-12-31,USD,6472858.000000,,2823387.000000,,,,,,Private Equity Investments,| single_holding,cost|fair_value,0315d98914c1b952f257;71272656743077f4566b,,TARGET_RESOLVED,FUND,FUND_INTEREST,OWNER_POMONA_INVESTMENT_FUND,fund,OWNER_POMONA_INVESTMENT_FUND,Pomona Investment Fund,OWNER_RESOLVED,OWNMAP008: The schedule directly names Pomona Investment Fund as the reporting fund. No fund_master link is asserted because the current fund master has no reviewed Pomona row.,PUBLISHED,,
9db13b40fcd4cafd239a,SRC407,3,Consolidated Schedule of Investments,CVC European Equity Partners V (C) L.P.,fund,FUND_0463,fund,2025-12-31,USD,276022.000000,,235566.000000,,,,,,Private Equity Investments,| single_holding,cost|fair_value,063a78707869bee28e5e;fb7682e82b8d9f4e0d80,,TARGET_RESOLVED,FUND,FUND_INTEREST,OWNER_POMONA_INVESTMENT_FUND,fund,OWNER_POMONA_INVESTMENT_FUND,Pomona Investment Fund,OWNER_RESOLVED,OWNMAP008: The schedule directly names Pomona Investment Fund as the reporting fund. No fund_master link is asserted because the current fund master has no reviewed Pomona row.,PUBLISHED,,
a457131b08f5b80c8994,SRC407,3,Consolidated Schedule of Investments,Frontenac XI Private Capital (M) Limited Partnership,fund,FUND_0510,fund,2025-12-31,USD,6218845.000000,,4342764.000000,,,,,,Private Equity Investments,| single_holding,cost|fair_value,1a23235583ad109395a2;b73f1d6103831f4bf2c4,,TARGET_RESOLVED,FUND,FUND_INTEREST,OWNER_POMONA_INVESTMENT_FUND,fund,OWNER_POMONA_INVESTMENT_FUND,Pomona Investment Fund,OWNER_RESOLVED,OWNMAP008: The schedule directly names Pomona Investment Fund as the reporting fund. No fund_master link is asserted because the current fund master has no reviewed Pomona row.,PUBLISHED,,
a8343818ddc43395a4c1,SRC407,3,Consolidated Schedule of Investments,"Comvest Capital III International (Cayman), L.P.",fund,FUND_0445,fund,2025-12-31,USD,188271.000000,,1611792.000000,,,,,,Private Equity Investments,| single_holding,cost|fair_value,063668db3948816166cf;943d7c957540a86339c0,,TARGET_RESOLVED,FUND,FUND_INTEREST,OWNER_POMONA_INVESTMENT_FUND,fund,OWNER_POMONA_INVESTMENT_FUND,Pomona Investment Fund,OWNER_RESOLVED,OWNMAP008: The schedule directly names Pomona Investment Fund as the reporting fund. No fund_master link is asserted because the current fund master has no reviewed Pomona row.,PUBLISHED,,
ad34c3507bf2f4a59b0b,SRC407,3,Consolidated Schedule of Investments,"DCM V, L.P.",fund,FUND_0465,fund,2025-12-31,USD,5094.000000,,1151030.000000,,,,,,Private Equity Investments,| single_holding,cost|fair_value,8181b08e6d9f2281c709;ceb78d15793f8e64e2c3,,TARGET_RESOLVED,FUND,FUND_INTEREST,OWNER_POMONA_INVESTMENT_FUND,fund,OWNER_POMONA_INVESTMENT_FUND,Pomona Investment Fund,OWNER_RESOLVED,OWNMAP008: The schedule directly names Pomona Investment Fund as the reporting fund. No fund_master link is asserted because the current fund master has no reviewed Pomona row.,PUBLISHED,,
b61f9ee97f90640359a0,SRC407,3,Consolidated Schedule of Investments,"Coller International Partners VI, L.P.",fund,FUND_0444,fund,2025-12-31,USD,121202.000000,,318530.000000,,,,,,Private Equity Investments,| single_holding,cost|fair_value,aad22d1a23a756d19299;c5172398b30949a9205b,,TARGET_RESOLVED,FUND,FUND_INTEREST,OWNER_POMONA_INVESTMENT_FUND,fund,OWNER_POMONA_INVESTMENT_FUND,Pomona Investment Fund,OWNER_RESOLVED,OWNMAP008: The schedule directly names Pomona Investment Fund as the reporting fund. No fund_master link is asserted because the current fund master has no reviewed Pomona row.,PUBLISHED,,
b6c42a9acfff531fdbee,SRC407,3,Consolidated Schedule of Investments,EQT VIII (No.2) SCSp,fund,FUND_0492,fund,2025-12-31,USD,871493.000000,,709265.000000,,,,,,Private Equity Investments,| single_holding,cost|fair_value,0a3a340a3e1a854564dd;d211a15910455e9f9063,,TARGET_RESOLVED,FUND,FUND_INTEREST,OWNER_POMONA_INVESTMENT_FUND,fund,OWNER_POMONA_INVESTMENT_FUND,Pomona Investment Fund,OWNER_RESOLVED,OWNMAP008: The schedule directly names Pomona Investment Fund as the reporting fund. No fund_master link is asserted because the current fund master has no reviewed Pomona row.,PUBLISHED,,
b7b6648f9c2c758fe20c,SRC407,3,Consolidated Schedule of Investments,Bridgepoint Europe IV 'E' L.P.,fund,FUND_0378,fund,2025-12-31,USD,113059.000000,,54141.000000,,,,,,Private Equity Investments,| single_holding,cost|fair_value,14088b863ddc4be2fd1f;a7440bcf1bd389b653d2,,TARGET_RESOLVED,FUND,FUND_INTEREST,OWNER_POMONA_INVESTMENT_FUND,fund,OWNER_POMONA_INVESTMENT_FUND,Pomona Investment Fund,OWNER_RESOLVED,OWNMAP008: The schedule directly names Pomona Investment Fund as the reporting fund. No fund_master link is asserted because the current fund master has no reviewed Pomona row.,PUBLISHED,,
b90d270ed93d12c56124,SRC407,3,Consolidated Schedule of Investments,EQT VIII (No.1) SCSp,fund,FUND_0491,fund,2025-12-31,USD,1046029.000000,,947020.000000,,,,,,Private Equity Investments,| single_holding,cost|fair_value,5d04dab31f387fb4c3df;9303e015787b0be464ed,,TARGET_RESOLVED,FUND,FUND_INTEREST,OWNER_POMONA_INVESTMENT_FUND,fund,OWNER_POMONA_INVESTMENT_FUND,Pomona Investment Fund,OWNER_RESOLVED,OWNMAP008: The schedule directly names Pomona Investment Fund as the reporting fund. No fund_master link is asserted because the current fund master has no reviewed Pomona row.,PUBLISHED,,
ba817a612e6716f73de3,SRC407,3,Consolidated Schedule of Investments,FSN Capital IV L.P.,fund,FUND_0512,fund,2025-12-31,USD,29138.000000,,127408.000000,,,,,,Private Equity Investments,| single_holding,cost|fair_value,569a15e691fe1726422a;5e0f361ef57c974b7046,,TARGET_RESOLVED,FUND,FUND_INTEREST,OWNER_POMONA_INVESTMENT_FUND,fund,OWNER_POMONA_INVESTMENT_FUND,Pomona Investment Fund,OWNER_RESOLVED,OWNMAP008: The schedule directly names Pomona Investment Fund as the reporting fund. No fund_master link is asserted because the current fund master has no reviewed Pomona row.,PUBLISHED,,
c2a2e51dfba8b5d8d6d2,SRC407,3,Consolidated Schedule of Investments,Fifth Cinven Fund (No.3) Limited Partnership,fund,FUND_0499,fund,2025-12-31,USD,1614981.000000,,2025627.000000,,,,,,Private Equity Investments,| single_holding,cost|fair_value,89bd4bac5deb42382c1a;97e8be356385925cfca3,,TARGET_RESOLVED,FUND,FUND_INTEREST,OWNER_POMONA_INVESTMENT_FUND,fund,OWNER_POMONA_INVESTMENT_FUND,Pomona Investment Fund,OWNER_RESOLVED,OWNMAP008: The schedule directly names Pomona Investment Fund as the reporting fund. No fund_master link is asserted because the current fund master has no reviewed Pomona row.,PUBLISHED,,
c51b354128d12135dfae,SRC407,3,Consolidated Schedule of Investments,Capiton VI GmbH & Co. Beteiligungs KG,fund,FUND_0399,fund,2025-12-31,USD,623178.000000,,491298.000000,,,,,,Private Equity Investments,| single_holding,cost|fair_value,7e8c64a4409ad7064fcc;a40c91f6e9ebbdc91da6,,TARGET_RESOLVED,FUND,FUND_INTEREST,OWNER_POMONA_INVESTMENT_FUND,fund,OWNER_POMONA_INVESTMENT_FUND,Pomona Investment Fund,OWNER_RESOLVED,OWNMAP008: The schedule directly names Pomona Investment Fund as the reporting fund. No fund_master link is asserted because the current fund master has no reviewed Pomona row.,PUBLISHED,,
d1bcf7ae156d6293f437,SRC407,3,Consolidated Schedule of Investments,"Camden Partners Strategic Fund VI, L.P.",fund,FUND_0395,fund,2025-12-31,USD,3350273.000000,,1108891.000000,,,,,,Private Equity Investments,| single_holding,cost|fair_value,002059b4b5d5fa59fc9d;f30145fbc594777d45f2,,TARGET_RESOLVED,FUND,FUND_INTEREST,OWNER_POMONA_INVESTMENT_FUND,fund,OWNER_POMONA_INVESTMENT_FUND,Pomona Investment Fund,OWNER_RESOLVED,OWNMAP008: The schedule directly names Pomona Investment Fund as the reporting fund. No fund_master link is asserted because the current fund master has no reviewed Pomona row.,PUBLISHED,,
d3a45b6590bbe8ad5f57,SRC407,3,Consolidated Schedule of Investments,"Carlyle Partners V, L.P.",fund,FUND_0406,fund,2025-12-31,USD,40382.000000,,53331.000000,,,,,,Private Equity Investments,| single_holding,cost|fair_value,693f358558f7f524977e;f0a6726c9a7bd757b51c,,TARGET_RESOLVED,FUND,FUND_INTEREST,OWNER_POMONA_INVESTMENT_FUND,fund,OWNER_POMONA_INVESTMENT_FUND,Pomona Investment Fund,OWNER_RESOLVED,OWNMAP008: The schedule directly names Pomona Investment Fund as the reporting fund. No fund_master link is asserted because the current fund master has no reviewed Pomona row.,PUBLISHED,,
d4698555af310cc2601b,SRC407,3,Consolidated Schedule of Investments,"Crestview Partners II, L.P.",fund,FUND_0452,fund,2025-12-31,USD,562657.000000,,739246.000000,,,,,,Private Equity Investments,| single_holding,cost|fair_value,cc44d7d09011dbe6a7c5;d084646709e827da40fb,,TARGET_RESOLVED,FUND,FUND_INTEREST,OWNER_POMONA_INVESTMENT_FUND,fund,OWNER_POMONA_INVESTMENT_FUND,Pomona Investment Fund,OWNER_RESOLVED,OWNMAP008: The schedule directly names Pomona Investment Fund as the reporting fund. No fund_master link is asserted because the current fund master has no reviewed Pomona row.,PUBLISHED,,
d5f25cf71169d50680bf,SRC407,3,Consolidated Schedule of Investments,"Cerberus Institutional Partners, L.P. - Series Four",fund,FUND_0423,fund,2025-12-31,USD,39671.000000,,705459.000000,,,,,,Private Equity Investments,| single_holding,cost|fair_value,094c512897047e11a971;ebba9f2d093757489f4f,,TARGET_RESOLVED,FUND,FUND_INTEREST,OWNER_POMONA_INVESTMENT_FUND,fund,OWNER_POMONA_INVESTMENT_FUND,Pomona Investment Fund,OWNER_RESOLVED,OWNMAP008: The schedule directly names Pomona Investment Fund as the reporting fund. No fund_master link is asserted because the current fund master has no reviewed Pomona row.,PUBLISHED,,
db31bd5dd80b5cc5f72d,SRC407,3,Consolidated Schedule of Investments,Endless Fund IV A LP,fund,FUND_0480,fund,2025-12-31,USD,3123494.000000,,4287294.000000,,,,,,Private Equity Investments,| single_holding,cost|fair_value,7962f6b9b15586ea6cf7;9ac6605b53c8ab736a91,,TARGET_RESOLVED,FUND,FUND_INTEREST,OWNER_POMONA_INVESTMENT_FUND,fund,OWNER_POMONA_INVESTMENT_FUND,Pomona Investment Fund,OWNER_RESOLVED,OWNMAP008: The schedule directly names Pomona Investment Fund as the reporting fund. No fund_master link is asserted because the current fund master has no reviewed Pomona row.,PUBLISHED,,
dc032f2152bec0ca2573,SRC407,3,Consolidated Schedule of Investments,"Corsair V Financial Services Capital Partners, L.P.",fund,FUND_0449,fund,2025-12-31,USD,2754001.000000,,2107343.000000,,,,,,Private Equity Investments,| single_holding,cost|fair_value,9490c154db8ac8f8de5d;ae80b826e939e1904666,,TARGET_RESOLVED,FUND,FUND_INTEREST,OWNER_POMONA_INVESTMENT_FUND,fund,OWNER_POMONA_INVESTMENT_FUND,Pomona Investment Fund,OWNER_RESOLVED,OWNMAP008: The schedule directly names Pomona Investment Fund as the reporting fund. No fund_master link is asserted because the current fund master has no reviewed Pomona row.,PUBLISHED,,
df7044c8d570930ed2fd,SRC407,3,Consolidated Schedule of Investments,"CHP III, L.P.",fund,FUND_0426,fund,2025-12-31,USD,27627.000000,,215716.000000,,,,,,Private Equity Investments,| single_holding,cost|fair_value,91216c173317b895533d;9fe5052981b95cb8d546,,TARGET_RESOLVED,FUND,FUND_INTEREST,OWNER_POMONA_INVESTMENT_FUND,fund,OWNER_POMONA_INVESTMENT_FUND,Pomona Investment Fund,OWNER_RESOLVED,OWNMAP008: The schedule directly names Pomona Investment Fund as the reporting fund. No fund_master link is asserted because the current fund master has no reviewed Pomona row.,PUBLISHED,,
e8d2b58967ff46af0822,SRC407,3,Consolidated Schedule of Investments,CVC European Equity Partners V (A) L.P.,fund,FUND_0462,fund,2025-12-31,USD,248008.000000,,212127.000000,,,,,,Private Equity Investments,| single_holding,cost|fair_value,cd50f5358ffe676bccdf;eb22a5123c5570d30e07,,TARGET_RESOLVED,FUND,FUND_INTEREST,OWNER_POMONA_INVESTMENT_FUND,fund,OWNER_POMONA_INVESTMENT_FUND,Pomona Investment Fund,OWNER_RESOLVED,OWNMAP008: The schedule directly names Pomona Investment Fund as the reporting fund. No fund_master link is asserted because the current fund master has no reviewed Pomona row.,PUBLISHED,,
e8fd2c6f68d01a32c69d,SRC407,3,Consolidated Schedule of Investments,EQT VII (No.1) Limited Partnership,fund,FUND_0490,fund,2025-12-31,USD,462571.000000,,790194.000000,,,,,,Private Equity Investments,| single_holding,cost|fair_value,3d96ad9166e936572bc9;56707315cb67a62f0123,,TARGET_RESOLVED,FUND,FUND_INTEREST,OWNER_POMONA_INVESTMENT_FUND,fund,OWNER_POMONA_INVESTMENT_FUND,Pomona Investment Fund,OWNER_RESOLVED,OWNMAP008: The schedule directly names Pomona Investment Fund as the reporting fund. No fund_master link is asserted because the current fund master has no reviewed Pomona row.,PUBLISHED,,
ee3396303d15acf4e321,SRC407,3,Consolidated Schedule of Investments,"Golden Gate Capital Opportunity Fund-A, LP",fund,FUND_0534,fund,2025-12-31,USD,5272573.000000,,3924392.000000,,,,,,Private Equity Investments,| single_holding,cost|fair_value,05e16393149dbd5bad94;a074ed4b1f06b196ee43,,TARGET_RESOLVED,FUND,FUND_INTEREST,OWNER_POMONA_INVESTMENT_FUND,fund,OWNER_POMONA_INVESTMENT_FUND,Pomona Investment Fund,OWNER_RESOLVED,OWNMAP008: The schedule directly names Pomona Investment Fund as the reporting fund. No fund_master link is asserted because the current fund master has no reviewed Pomona row.,PUBLISHED,,
f09b23455b1a6f5f7541,SRC407,3,Consolidated Schedule of Investments,Five Arrows Florence Continuation Fund SCSp,fund,FUND_0500,fund,2025-12-31,USD,11648324.000000,,8412875.000000,,,,,,Private Equity Investments,| single_holding,cost|fair_value,4febe0a0f82fabb7a136;920f0813c92a6027aad5,,TARGET_RESOLVED,FUND,FUND_INTEREST,OWNER_POMONA_INVESTMENT_FUND,fund,OWNER_POMONA_INVESTMENT_FUND,Pomona Investment Fund,OWNER_RESOLVED,OWNMAP008: The schedule directly names Pomona Investment Fund as the reporting fund. No fund_master link is asserted because the current fund master has no reviewed Pomona row.,PUBLISHED,,
002fdca3f58c92f1838a,SRC407,4,Consolidated Schedule of Investments,HPE Continuation Fund I C.V.,fund,FUND_0635,fund,2025-12-31,USD,4171136.000000,,3486120.000000,,,,,,Private Equity Investments,| single_holding,cost|fair_value,4b44f9a7f80835871150;bacf3ec5a6fe4a80c00e,,TARGET_RESOLVED,FUND,FUND_INTEREST,OWNER_POMONA_INVESTMENT_FUND,fund,OWNER_POMONA_INVESTMENT_FUND,Pomona Investment Fund,OWNER_RESOLVED,OWNMAP008: The schedule directly names Pomona Investment Fund as the reporting fund. No fund_master link is asserted because the current fund master has no reviewed Pomona row.,PUBLISHED,,
0196561b136c4c6bbbb9,SRC407,4,Consolidated Schedule of Investments,"HCI Equity Partners IV, L.P.",fund,FUND_0615,fund,2025-12-31,USD,692879.000000,,1826863.000000,,,,,,Private Equity Investments,| single_holding,cost|fair_value,0679925d3d699f378b47;a0a6a82140269612723c,,TARGET_RESOLVED,FUND,FUND_INTEREST,OWNER_POMONA_INVESTMENT_FUND,fund,OWNER_POMONA_INVESTMENT_FUND,Pomona Investment Fund,OWNER_RESOLVED,OWNMAP008: The schedule directly names Pomona Investment Fund as the reporting fund. No fund_master link is asserted because the current fund master has no reviewed Pomona row.,PUBLISHED,,
06f59ae1a697e1505801,SRC407,4,Consolidated Schedule of Investments,"Heartwood Partners II, LP",fund,FUND_0617,fund,2025-12-31,USD,701002.000000,,2175569.000000,,,,,,Private Equity Investments,| single_holding,cost|fair_value,92d1ce11cdc1a057282e;bfca79c6337ab551e9cd,,TARGET_RESOLVED,FUND,FUND_INTEREST,OWNER_POMONA_INVESTMENT_FUND,fund,OWNER_POMONA_INVESTMENT_FUND,Pomona Investment Fund,OWNER_RESOLVED,OWNMAP008: The schedule directly names Pomona Investment Fund as the reporting fund. No fund_master link is asserted because the current fund master has no reviewed Pomona row.,PUBLISHED,,
073f3c44fc6bfa1d6d9b,SRC407,4,Consolidated Schedule of Investments,"Insight Venture Partners (Cayman) IX, L.P.",fund,FUND_0654,fund,2025-12-31,USD,1412455.000000,,1278549.000000,,,,,,Private Equity Investments,| single_holding,cost|fair_value,1af6f0761169a8dbfd2c;4bd654f067a01123db53,,TARGET_RESOLVED,FUND,FUND_INTEREST,OWNER_POMONA_INVESTMENT_FUND,fund,OWNER_POMONA_INVESTMENT_FUND,Pomona Investment Fund,OWNER_RESOLVED,OWNMAP008: The schedule directly names Pomona Investment Fund as the reporting fund. No fund_master link is asserted because the current fund master has no reviewed Pomona row.,PUBLISHED,,
0aaaf0ad826d5c6d529c,SRC407,4,Consolidated Schedule of Investments,"Green Equity Investors V, L.P.",fund,FUND_0544,fund,2025-12-31,USD,10273.000000,,3144333.000000,,,,,,Private Equity Investments,| single_holding,cost|fair_value,561125d40587266a9c1a;7df7442aa69b63b89dfe,,TARGET_RESOLVED,FUND,FUND_INTEREST,OWNER_POMONA_INVESTMENT_FUND,fund,OWNER_POMONA_INVESTMENT_FUND,Pomona Investment Fund,OWNER_RESOLVED,OWNMAP008: The schedule directly names Pomona Investment Fund as the reporting fund. No fund_master link is asserted because the current fund master has no reviewed Pomona row.,PUBLISHED,,
0b15ae04db376889a9da,SRC407,4,Consolidated Schedule of Investments,"Green Equity Investors CF IV-A, L.P.",fund,FUND_0540,fund,2025-12-31,USD,2915020.000000,,2808180.000000,,,,,,Private Equity Investments,| single_holding,cost|fair_value,087f42cb59f4abfa5852;2fd939f91815b70d094e,,TARGET_RESOLVED,FUND,FUND_INTEREST,OWNER_POMONA_INVESTMENT_FUND,fund,OWNER_POMONA_INVESTMENT_FUND,Pomona Investment Fund,OWNER_RESOLVED,OWNMAP008: The schedule directly names Pomona Investment Fund as the reporting fund. No fund_master link is asserted because the current fund master has no reviewed Pomona row.,PUBLISHED,,
0fb45f79c17ffedb612d,SRC407,4,Consolidated Schedule of Investments,"Insight Venture Partners Coinvestment Fund II, L.P.",fund,FUND_0658,fund,2025-12-31,USD,925525.000000,,560617.000000,,,,,,Private Equity Investments,| single_holding,cost|fair_value,02c91dde81c5bce35c1b;f16c769cf07ceb31bbb8,,TARGET_RESOLVED,FUND,FUND_INTEREST,OWNER_POMONA_INVESTMENT_FUND,fund,OWNER_POMONA_INVESTMENT_FUND,Pomona Investment Fund,OWNER_RESOLVED,OWNMAP008: The schedule directly names Pomona Investment Fund as the reporting fund. No fund_master link is asserted because the current fund master has no reviewed Pomona row.,PUBLISHED,,
130cea9a08a2750c667b,SRC407,4,Consolidated Schedule of Investments,"Gryphon Mezzanine Partners, L.P.",fund,FUND_0558,fund,2025-12-31,USD,1705155.000000,,1506034.000000,,,,,,Private Equity Investments,| single_holding,cost|fair_value,7178a08bbb92394e4fb3;9ee411f3d645121cfbe2,,TARGET_RESOLVED,FUND,FUND_INTEREST,OWNER_POMONA_INVESTMENT_FUND,fund,OWNER_POMONA_INVESTMENT_FUND,Pomona Investment Fund,OWNER_RESOLVED,OWNMAP008: The schedule directly names Pomona Investment Fund as the reporting fund. No fund_master link is asserted because the current fund master has no reviewed Pomona row.,PUBLISHED,,
16c07c8f920bde5d7bc2,SRC407,4,Consolidated Schedule of Investments,"H&F Clyde 2, L.P.",fund,FUND_0572,fund,2025-12-31,USD,2039793.000000,,1736074.000000,,,,,,Private Equity Investments,| single_holding,cost|fair_value,7f2c109ed376fb79dd69;a235c4fe1a1c9567844c,,TARGET_RESOLVED,FUND,FUND_INTEREST,OWNER_POMONA_INVESTMENT_FUND,fund,OWNER_POMONA_INVESTMENT_FUND,Pomona Investment Fund,OWNER_RESOLVED,OWNMAP008: The schedule directly names Pomona Investment Fund as the reporting fund. No fund_master link is asserted because the current fund master has no reviewed Pomona row.,PUBLISHED,,
18592a138cd030104ca5,SRC407,4,Consolidated Schedule of Investments,"Insight Venture Partners (Cayman) VIII, L.P.",fund,FUND_0655,fund,2025-12-31,USD,1960926.000000,,1281697.000000,,,,,,Private Equity Investments,| single_holding,cost|fair_value,3fef5507152529803676;ba96fd3c58f86accc846,,TARGET_RESOLVED,FUND,FUND_INTEREST,OWNER_POMONA_INVESTMENT_FUND,fund,OWNER_POMONA_INVESTMENT_FUND,Pomona Investment Fund,OWNER_RESOLVED,OWNMAP008: The schedule directly names Pomona Investment Fund as the reporting fund. No fund_master link is asserted because the current fund master has no reviewed Pomona row.,PUBLISHED,,
1a2a23a1a59f53ba1dd6,SRC407,4,Consolidated Schedule of Investments,"H.I.G. Bayside Debt & LBO Fund II, L.P.",fund,FUND_0576,fund,2025-12-31,USD,737760.000000,,656010.000000,,,,,,Private Equity Investments,| single_holding,cost|fair_value,d117b9cd42d96c35ed8f;e46aad94bdf24b0dc6b6,,TARGET_RESOLVED,FUND,FUND_INTEREST,OWNER_POMONA_INVESTMENT_FUND,fund,OWNER_POMONA_INVESTMENT_FUND,Pomona Investment Fund,OWNER_RESOLVED,OWNMAP008: The schedule directly names Pomona Investment Fund as the reporting fund. No fund_master link is asserted because the current fund master has no reviewed Pomona row.,PUBLISHED,,
1a8e14be60afce3a3bec,SRC407,4,Consolidated Schedule of Investments,"H.I.G. Growth Buyouts & Equity Fund II, L.P.",fund,FUND_0579,fund,2025-12-31,USD,1172094.000000,,1921678.000000,,,,,,Private Equity Investments,| single_holding,cost|fair_value,0a98b55a091309f05d2a;82573575bd7313e81a96,,TARGET_RESOLVED,FUND,FUND_INTEREST,OWNER_POMONA_INVESTMENT_FUND,fund,OWNER_POMONA_INVESTMENT_FUND,Pomona Investment Fund,OWNER_RESOLVED,OWNMAP008: The schedule directly names Pomona Investment Fund as the reporting fund. No fund_master link is asserted because the current fund master has no reviewed Pomona row.,PUBLISHED,,
1bc800bb457c5e6b12d8,SRC407,4,Consolidated Schedule of Investments,"Insight Partners Continuation Fund, L.P.",fund,FUND_0653,fund,2025-12-31,USD,10183585.000000,,6309960.000000,,,,,,Private Equity Investments,| single_holding,cost|fair_value,b5b438ade5029dda3505;cfebdf2564f74b8a00df,,TARGET_RESOLVED,FUND,FUND_INTEREST,OWNER_POMONA_INVESTMENT_FUND,fund,OWNER_POMONA_INVESTMENT_FUND,Pomona Investment Fund,OWNER_RESOLVED,OWNMAP008: The schedule directly names Pomona Investment Fund as the reporting fund. No fund_master link is asserted because the current fund master has no reviewed Pomona row.,PUBLISHED,,
1eb1323dfe2537a6e2d7,SRC407,4,Consolidated Schedule of Investments,"H&F Executives IX, L.P.",fund,FUND_0573,fund,2025-12-31,USD,4189932.000000,,2211213.000000,,,,,,Private Equity Investments,| single_holding,cost|fair_value,41b51a8a2b9f9942211b;fe5abf7b138447e2e6c0,,TARGET_RESOLVED,FUND,FUND_INTEREST,OWNER_POMONA_INVESTMENT_FUND,fund,OWNER_POMONA_INVESTMENT_FUND,Pomona Investment Fund,OWNER_RESOLVED,OWNMAP008: The schedule directly names Pomona Investment Fund as the reporting fund. No fund_master link is asserted because the current fund master has no reviewed Pomona row.,PUBLISHED,,
202f49e921ae304a55c5,SRC407,4,Consolidated Schedule of Investments,"Green Equity Investors VI, L.P.",fund,FUND_0545,fund,2025-12-31,USD,1068691.000000,,1751245.000000,,,,,,Private Equity Investments,| single_holding,cost|fair_value,143b9b0e0db35dc3a77a;2a543d01651c6c19c50b,,TARGET_RESOLVED,FUND,FUND_INTEREST,OWNER_POMONA_INVESTMENT_FUND,fund,OWNER_POMONA_INVESTMENT_FUND,Pomona Investment Fund,OWNER_RESOLVED,OWNMAP008: The schedule directly names Pomona Investment Fund as the reporting fund. No fund_master link is asserted because the current fund master has no reviewed Pomona row.,PUBLISHED,,
2a32a07e0256da654f31,SRC407,4,Consolidated Schedule of Investments,"Green Equity Investors Side VI, L.P.",fund,FUND_0543,fund,2025-12-31,USD,1339192.000000,,2357922.000000,,,,,,Private Equity Investments,| single_holding,cost|fair_value,5b7bc08de16d77d254c7;cff76eae6a2fd2f3ddc8,,TARGET_RESOLVED,FUND,FUND_INTEREST,OWNER_POMONA_INVESTMENT_FUND,fund,OWNER_POMONA_INVESTMENT_FUND,Pomona Investment Fund,OWNER_RESOLVED,OWNMAP008: The schedule directly names Pomona Investment Fund as the reporting fund. No fund_master link is asserted because the current fund master has no reviewed Pomona row.,PUBLISHED,,
2b2b1a132243b410a029,SRC407,4,Consolidated Schedule of Investments,"GSO Private Investors Offshore II, L.P.",fund,FUND_0568,fund,2025-12-31,USD,35956.000000,,197243.000000,,,,,,Private Equity Investments,| single_holding,cost|fair_value,2624fcb001e1fca6cd8a;f66426374c4b78d63886,,TARGET_RESOLVED,FUND,FUND_INTEREST,OWNER_POMONA_INVESTMENT_FUND,fund,OWNER_POMONA_INVESTMENT_FUND,Pomona Investment Fund,OWNER_RESOLVED,OWNMAP008: The schedule directly names Pomona Investment Fund as the reporting fund. No fund_master link is asserted because the current fund master has no reviewed Pomona row.,PUBLISHED,,
3074dc2e9f284f463daf,SRC407,4,Consolidated Schedule of Investments,"Insight Venture Partners Growth-Buyout Coinvestment Fund, L.P.",fund,FUND_0661,fund,2025-12-31,USD,18780.000000,,36679.000000,,,,,,Private Equity Investments,| single_holding,cost|fair_value,2b3faecf3b73c41aab7e;8510919853d061a0265b,,TARGET_RESOLVED,FUND,FUND_INTEREST,OWNER_POMONA_INVESTMENT_FUND,fund,OWNER_POMONA_INVESTMENT_FUND,Pomona Investment Fund,OWNER_RESOLVED,OWNMAP008: The schedule directly names Pomona Investment Fund as the reporting fund. No fund_master link is asserted because the current fund master has no reviewed Pomona row.,PUBLISHED,,
33a92f311387ba15de81,SRC407,4,Consolidated Schedule of Investments,Hg Genesis 7 C L.P.,fund,FUND_0626,fund,2025-12-31,USD,577114.000000,,475927.000000,,,,,,Private Equity Investments,| single_holding,cost|fair_value,acbd132166610ac80bd4;c613b764489c5fc4b370,,TARGET_RESOLVED,FUND,FUND_INTEREST,OWNER_POMONA_INVESTMENT_FUND,fund,OWNER_POMONA_INVESTMENT_FUND,Pomona Investment Fund,OWNER_RESOLVED,OWNMAP008: The schedule directly names Pomona Investment Fund as the reporting fund. No fund_master link is asserted because the current fund master has no reviewed Pomona row.,PUBLISHED,,
347935aaccefd87a4546,SRC407,4,Consolidated Schedule of Investments,Hamilton Lane-Carpenters Partnership Fund V L.P.,fund,FUND_0584,fund,2025-12-31,USD,9759183.000000,,7756399.000000,,,,,,Private Equity Investments,| single_holding,cost|fair_value,5ad6cf2932fba935cd9f;62db45ba5546814963ef,,TARGET_RESOLVED,FUND,FUND_INTEREST,OWNER_POMONA_INVESTMENT_FUND,fund,OWNER_POMONA_INVESTMENT_FUND,Pomona Investment Fund,OWNER_RESOLVED,OWNMAP008: The schedule directly names Pomona Investment Fund as the reporting fund. No fund_master link is asserted because the current fund master has no reviewed Pomona row.,PUBLISHED,,
3691eadc398772084a11,SRC407,4,Consolidated Schedule of Investments,"Insight Venture Partners IX, L.P.",fund,FUND_0662,fund,2025-12-31,USD,35502.000000,,32683.000000,,,,,,Private Equity Investments,| single_holding,cost|fair_value,7b9d5b97165913d99432;8f2a7a7bbd171af398cb,,TARGET_RESOLVED,FUND,FUND_INTEREST,OWNER_POMONA_INVESTMENT_FUND,fund,OWNER_POMONA_INVESTMENT_FUND,Pomona Investment Fund,OWNER_RESOLVED,OWNMAP008: The schedule directly names Pomona Investment Fund as the reporting fund. No fund_master link is asserted because the current fund master has no reviewed Pomona row.,PUBLISHED,,
374b7835b800af04c2be,SRC407,4,Consolidated Schedule of Investments,"Green Equity Investors VIII, L.P.",fund,FUND_0547,fund,2025-12-31,USD,1208512.000000,,742906.000000,,,,,,Private Equity Investments,| single_holding,cost|fair_value,729e5ec20d4618a52502;f6ae99048874729eacb7,,TARGET_RESOLVED,FUND,FUND_INTEREST,OWNER_POMONA_INVESTMENT_FUND,fund,OWNER_POMONA_INVESTMENT_FUND,Pomona Investment Fund,OWNER_RESOLVED,OWNMAP008: The schedule directly names Pomona Investment Fund as the reporting fund. No fund_master link is asserted because the current fund master has no reviewed Pomona row.,PUBLISHED,,
37aca5fcdaa95c0a4a42,SRC407,4,Consolidated Schedule of Investments,"Insight Venture Partners Coinvestment Fund III, L.P.",fund,FUND_0659,fund,2025-12-31,USD,133681.000000,,118917.000000,,,,,,Private Equity Investments,| single_holding,cost|fair_value,e708fa2be8af7052d373;f84050cca6e34903834e,,TARGET_RESOLVED,FUND,FUND_INTEREST,OWNER_POMONA_INVESTMENT_FUND,fund,OWNER_POMONA_INVESTMENT_FUND,Pomona Investment Fund,OWNER_RESOLVED,OWNMAP008: The schedule directly names Pomona Investment Fund as the reporting fund. No fund_master link is asserted because the current fund master has no reviewed Pomona row.,PUBLISHED,,
3cb8a81df45bea3bc494,SRC407,4,Consolidated Schedule of Investments,"Insight Partners Continuation Fund (Cayman), L.P.",fund,FUND_0652,fund,2025-12-31,USD,6205231.000000,,5437544.000000,,,,,,Private Equity Investments,| single_holding,cost|fair_value,6cbf93be1724ba2fcb3f;8a2b7fb454a94fc1c842,,TARGET_RESOLVED,FUND,FUND_INTEREST,OWNER_POMONA_INVESTMENT_FUND,fund,OWNER_POMONA_INVESTMENT_FUND,Pomona Investment Fund,OWNER_RESOLVED,OWNMAP008: The schedule directly names Pomona Investment Fund as the reporting fund. No fund_master link is asserted because the current fund master has no reviewed Pomona row.,PUBLISHED,,
425e42e6ce8db9a582e1,SRC407,4,Consolidated Schedule of Investments,"Halifax Capital Partners IV, L.P.",fund,FUND_0581,fund,2025-12-31,USD,12255507.000000,,8352428.000000,,,,,,Private Equity Investments,| single_holding,cost|fair_value,5cffdb6148073c44f5d6;e8e4352fea6670c05f04,,TARGET_RESOLVED,FUND,FUND_INTEREST,OWNER_POMONA_INVESTMENT_FUND,fund,OWNER_POMONA_INVESTMENT_FUND,Pomona Investment Fund,OWNER_RESOLVED,OWNMAP008: The schedule directly names Pomona Investment Fund as the reporting fund. No fund_master link is asserted because the current fund master has no reviewed Pomona row.,PUBLISHED,,
4afe9953d74f57c2d031,SRC407,4,Consolidated Schedule of Investments,"Hildred Perennial Partners I, LP",fund,FUND_0631,fund,2025-12-31,USD,33173306.000000,,22833984.000000,,,,,,Private Equity Investments,| single_holding,cost|fair_value,0286b198225056089753;d58e0c325fc8c8d681a1,,TARGET_RESOLVED,FUND,FUND_INTEREST,OWNER_POMONA_INVESTMENT_FUND,fund,OWNER_POMONA_INVESTMENT_FUND,Pomona Investment Fund,OWNER_RESOLVED,OWNMAP008: The schedule directly names Pomona Investment Fund as the reporting fund. No fund_master link is asserted because the current fund master has no reviewed Pomona row.,PUBLISHED,,
4f87941ae84f33225e59,SRC407,4,Consolidated Schedule of Investments,"Green Equity Investors CF II, L.P.",fund,FUND_0538,fund,2025-12-31,USD,1980786.000000,,1185423.000000,,,,,,Private Equity Investments,| single_holding,cost|fair_value,576233b7e2806d6591cd;84c159d01145ebcda9ac,,TARGET_RESOLVED,FUND,FUND_INTEREST,OWNER_POMONA_INVESTMENT_FUND,fund,OWNER_POMONA_INVESTMENT_FUND,Pomona Investment Fund,OWNER_RESOLVED,OWNMAP008: The schedule directly names Pomona Investment Fund as the reporting fund. No fund_master link is asserted because the current fund master has no reviewed Pomona row.,PUBLISHED,,
5b2ad0a9cbd82457122d,SRC407,4,Consolidated Schedule of Investments,"Gryphon Partners V, L.P.",fund,FUND_0563,fund,2025-12-31,USD,19227651.000000,,16199716.000000,,,,,,Private Equity Investments,| single_holding,cost|fair_value,009deda586cbb358f39e;4cbf4e18f4d36feb76a7,,TARGET_RESOLVED,FUND,FUND_INTEREST,OWNER_POMONA_INVESTMENT_FUND,fund,OWNER_POMONA_INVESTMENT_FUND,Pomona Investment Fund,OWNER_RESOLVED,OWNMAP008: The schedule directly names Pomona Investment Fund as the reporting fund. No fund_master link is asserted because the current fund master has no reviewed Pomona row.,PUBLISHED,,
65410c2792aa3682eae1,SRC407,4,Consolidated Schedule of Investments,"Gryphon Partners V-A, L.P.",fund,FUND_0564,fund,2025-12-31,USD,2199019.000000,,1869056.000000,,,,,,Private Equity Investments,| single_holding,cost|fair_value,35e6719dab7ffa2d62b7;93cff1fe3d5dd29c827b,,TARGET_RESOLVED,FUND,FUND_INTEREST,OWNER_POMONA_INVESTMENT_FUND,fund,OWNER_POMONA_INVESTMENT_FUND,Pomona Investment Fund,OWNER_RESOLVED,OWNMAP008: The schedule directly names Pomona Investment Fund as the reporting fund. No fund_master link is asserted because the current fund master has no reviewed Pomona row.,PUBLISHED,,
6632cbe3cea956f4504a,SRC407,4,Consolidated Schedule of Investments,"Gryphon Partners VI, L.P.",fund,FUND_0565,fund,2025-12-31,USD,22010355.000000,,19676305.000000,,,,,,Private Equity Investments,| single_holding,cost|fair_value,45476320cc20f1aecac2;f955c00d0fedb4517850,,TARGET_RESOLVED,FUND,FUND_INTEREST,OWNER_POMONA_INVESTMENT_FUND,fund,OWNER_POMONA_INVESTMENT_FUND,Pomona Investment Fund,OWNER_RESOLVED,OWNMAP008: The schedule directly names Pomona Investment Fund as the reporting fund. No fund_master link is asserted because the current fund master has no reviewed Pomona row.,PUBLISHED,,
672ab28a3c5f3b13ae81,SRC407,4,Consolidated Schedule of Investments,"HFCP VII (Parallel-A), L.P.",fund,FUND_0625,fund,2025-12-31,USD,134598.000000,,913751.000000,,,,,,Private Equity Investments,| single_holding,cost|fair_value,5d18b82eebdee4c73a38;97fe1e016d4579a928b0,,TARGET_RESOLVED,FUND,FUND_INTEREST,OWNER_POMONA_INVESTMENT_FUND,fund,OWNER_POMONA_INVESTMENT_FUND,Pomona Investment Fund,OWNER_RESOLVED,OWNMAP008: The schedule directly names Pomona Investment Fund as the reporting fund. No fund_master link is asserted because the current fund master has no reviewed Pomona row.,PUBLISHED,,
6970ec09ed3c736f38a5,SRC407,4,Consolidated Schedule of Investments,"HCI Equity Partners EV I, L.P.",fund,FUND_0614,fund,2025-12-31,USD,1409208.000000,,1154353.000000,,,,,,Private Equity Investments,| single_holding,cost|fair_value,3fec5264f89bde9a2c46;822ce6fd542db5c4a3de,,TARGET_RESOLVED,FUND,FUND_INTEREST,OWNER_POMONA_INVESTMENT_FUND,fund,OWNER_POMONA_INVESTMENT_FUND,Pomona Investment Fund,OWNER_RESOLVED,OWNMAP008: The schedule directly names Pomona Investment Fund as the reporting fund. No fund_master link is asserted because the current fund master has no reviewed Pomona row.,PUBLISHED,,
78731acbc922d8bfe85f,SRC407,4,Consolidated Schedule of Investments,"Insight Venture Partners VIII, L.P.",fund,FUND_0665,fund,2025-12-31,USD,2988784.000000,,2024605.000000,,,,,,Private Equity Investments,| single_holding,cost|fair_value,07c196c46dc331d4a24a;5fc952168adc3a0c2c8d,,TARGET_RESOLVED,FUND,FUND_INTEREST,OWNER_POMONA_INVESTMENT_FUND,fund,OWNER_POMONA_INVESTMENT_FUND,Pomona Investment Fund,OWNER_RESOLVED,OWNMAP008: The schedule directly names Pomona Investment Fund as the reporting fund. No fund_master link is asserted because the current fund master has no reviewed Pomona row.,PUBLISHED,,
79e0aa23576cad68d0c8,SRC407,4,Consolidated Schedule of Investments,"Insight Venture Partners VIII (Co-Investors), L.P.",fund,FUND_0664,fund,2025-12-31,USD,235953.000000,,161077.000000,,,,,,Private Equity Investments,| single_holding,cost|fair_value,30f2572bc8fae71aeb12;57713d1831978153262e,,TARGET_RESOLVED,FUND,FUND_INTEREST,OWNER_POMONA_INVESTMENT_FUND,fund,OWNER_POMONA_INVESTMENT_FUND,Pomona Investment Fund,OWNER_RESOLVED,OWNMAP008: The schedule directly names Pomona Investment Fund as the reporting fund. No fund_master link is asserted because the current fund master has no reviewed Pomona row.,PUBLISHED,,
7bfd6e8ba6ca65a3ac47,SRC407,4,Consolidated Schedule of Investments,GSO Capital Opportunities Overseas Fund L.P.,fund,FUND_0567,fund,2025-12-31,USD,,,234409.000000,,,,,,Private Equity Investments,,cost,2584a88da1c1d7b00bbd,,TARGET_RESOLVED,FUND,FUND_INTEREST,OWNER_POMONA_INVESTMENT_FUND,fund,OWNER_POMONA_INVESTMENT_FUND,Pomona Investment Fund,OWNER_RESOLVED,OWNMAP008: The schedule directly names Pomona Investment Fund as the reporting fund. No fund_master link is asserted because the current fund master has no reviewed Pomona row.,PUBLISHED,,
809a4aa2cb442dbcb65c,SRC407,4,Consolidated Schedule of Investments,"Insight Venture Partners Growth-Buyout Coinvestment Fund (Cayman), L.P.",fund,FUND_0660,fund,2025-12-31,USD,315183.000000,,581554.000000,,,,,,Private Equity Investments,| single_holding,cost|fair_value,6a6ecdb27ef37b6c27b6;ae2b57e9ffa071ddf412,,TARGET_RESOLVED,FUND,FUND_INTEREST,OWNER_POMONA_INVESTMENT_FUND,fund,OWNER_POMONA_INVESTMENT_FUND,Pomona Investment Fund,OWNER_RESOLVED,OWNMAP008: The schedule directly names Pomona Investment Fund as the reporting fund. No fund_master link is asserted because the current fund master has no reviewed Pomona row.,PUBLISHED,,
814b54b190b97fe50835,SRC407,4,Consolidated Schedule of Investments,Insight Equity I LP,fund,FUND_0649,fund,2025-12-31,USD,51371.000000,,157636.000000,,,,,,Private Equity Investments,| single_holding,cost|fair_value,48db7c9cd31b58047879;dddf12f81bf6be5ea43f,,TARGET_RESOLVED,FUND,FUND_INTEREST,OWNER_POMONA_INVESTMENT_FUND,fund,OWNER_POMONA_INVESTMENT_FUND,Pomona Investment Fund,OWNER_RESOLVED,OWNMAP008: The schedule directly names Pomona Investment Fund as the reporting fund. No fund_master link is asserted because the current fund master has no reviewed Pomona row.,PUBLISHED,,
85f941ea73c40d27801e,SRC407,4,Consolidated Schedule of Investments,"Gridiron Energy Feeder I, L.P.",fund,FUND_0554,fund,2025-12-31,USD,4631483.000000,,965481.000000,,,,,,Private Equity Investments,| single_holding,cost|fair_value,0b3b63d6a99de9c7df0d;dea5b05861fefbbad8d8,,TARGET_RESOLVED,FUND,FUND_INTEREST,OWNER_POMONA_INVESTMENT_FUND,fund,OWNER_POMONA_INVESTMENT_FUND,Pomona Investment Fund,OWNER_RESOLVED,OWNMAP008: The schedule directly names Pomona Investment Fund as the reporting fund. No fund_master link is asserted because the current fund master has no reviewed Pomona row.,PUBLISHED,,
8664791cbb8d76abc28f,SRC407,4,Consolidated Schedule of Investments,"Insight Venture Partners VII, L.P.",fund,FUND_0663,fund,2025-12-31,USD,1601744.000000,,1612660.000000,,,,,,Private Equity Investments,| single_holding,cost|fair_value,2fdde5af85a794a62b74;85b26f5f1a3328fac277,,TARGET_RESOLVED,FUND,FUND_INTEREST,OWNER_POMONA_INVESTMENT_FUND,fund,OWNER_POMONA_INVESTMENT_FUND,Pomona Investment Fund,OWNER_RESOLVED,OWNMAP008: The schedule directly names Pomona Investment Fund as the reporting fund. No fund_master link is asserted because the current fund master has no reviewed Pomona row.,PUBLISHED,,
8bedc5801c96cbc7069b,SRC407,4,Consolidated Schedule of Investments,"H&F Executives VIII, L.P.",fund,FUND_0574,fund,2025-12-31,USD,2408095.000000,,1338852.000000,,,,,,Private Equity Investments,| single_holding,cost|fair_value,1c3e5811bcc831dffb98;2aed9e77387a8f498c98,,TARGET_RESOLVED,FUND,FUND_INTEREST,OWNER_POMONA_INVESTMENT_FUND,fund,OWNER_POMONA_INVESTMENT_FUND,Pomona Investment Fund,OWNER_RESOLVED,OWNMAP008: The schedule directly names Pomona Investment Fund as the reporting fund. No fund_master link is asserted because the current fund master has no reviewed Pomona row.,PUBLISHED,,
8e1b9a32c00c21af56fc,SRC407,4,Consolidated Schedule of Investments,"Gryphon Heritage Partners, L.P.",fund,FUND_0556,fund,2025-12-31,USD,7135049.000000,,6563507.000000,,,,,,Private Equity Investments,| single_holding,cost|fair_value,9404cf7395791bed09dd;cd33d8532953d2f98c99,,TARGET_RESOLVED,FUND,FUND_INTEREST,OWNER_POMONA_INVESTMENT_FUND,fund,OWNER_POMONA_INVESTMENT_FUND,Pomona Investment Fund,OWNER_RESOLVED,OWNMAP008: The schedule directly names Pomona Investment Fund as the reporting fund. No fund_master link is asserted because the current fund master has no reviewed Pomona row.,PUBLISHED,,
8e64655798565077480d,SRC407,4,Consolidated Schedule of Investments,Insight Equity II LP,fund,FUND_0650,fund,2025-12-31,USD,986222.000000,,1954414.000000,,,,,,Private Equity Investments,| single_holding,cost|fair_value,4da9ff9ba0d830393ccb;573adcfdad933c86a5bc,,TARGET_RESOLVED,FUND,FUND_INTEREST,OWNER_POMONA_INVESTMENT_FUND,fund,OWNER_POMONA_INVESTMENT_FUND,Pomona Investment Fund,OWNER_RESOLVED,OWNMAP008: The schedule directly names Pomona Investment Fund as the reporting fund. No fund_master link is asserted because the current fund master has no reviewed Pomona row.,PUBLISHED,,
8f08c28cfc71447b6bfe,SRC407,4,Consolidated Schedule of Investments,"Insight Venture Partners (Cayman) X, L.P.",fund,FUND_0656,fund,2025-12-31,USD,4263434.000000,,2786864.000000,,,,,,Private Equity Investments,| single_holding,cost|fair_value,0a8978c320da9c2a06b3;0c52341b62fea1b88ea2,,TARGET_RESOLVED,FUND,FUND_INTEREST,OWNER_POMONA_INVESTMENT_FUND,fund,OWNER_POMONA_INVESTMENT_FUND,Pomona Investment Fund,OWNER_RESOLVED,OWNMAP008: The schedule directly names Pomona Investment Fund as the reporting fund. No fund_master link is asserted because the current fund master has no reviewed Pomona row.,PUBLISHED,,
94b8a227b0992f2c6f57,SRC407,4,Consolidated Schedule of Investments,"Harvest Partners Structured Capital Fund, L.P.",fund,FUND_0610,fund,2025-12-31,USD,5685715.000000,,9682077.000000,,,,,,Private Equity Investments,| single_holding,cost|fair_value,27fb7b6fe5f4a9fc989b;9c9637b34412773a1749,,TARGET_RESOLVED,FUND,FUND_INTEREST,OWNER_POMONA_INVESTMENT_FUND,fund,OWNER_POMONA_INVESTMENT_FUND,Pomona Investment Fund,OWNER_RESOLVED,OWNMAP008: The schedule directly names Pomona Investment Fund as the reporting fund. No fund_master link is asserted because the current fund master has no reviewed Pomona row.,PUBLISHED,,
997be84f54794467e2d1,SRC407,4,Consolidated Schedule of Investments,"H&F Arrow 2, L.P.",fund,FUND_0571,fund,2025-12-31,USD,3201918.000000,,1234810.000000,,,,,,Private Equity Investments,| single_holding,cost|fair_value,0796fffa0d68ec596866;cc6f00c2d63ab967a39f,,TARGET_RESOLVED,FUND,FUND_INTEREST,OWNER_POMONA_INVESTMENT_FUND,fund,OWNER_POMONA_INVESTMENT_FUND,Pomona Investment Fund,OWNER_RESOLVED,OWNMAP008: The schedule directly names Pomona Investment Fund as the reporting fund. No fund_master link is asserted because the current fund master has no reviewed Pomona row.,PUBLISHED,,
9fd69a7c72218bd8a638,SRC407,4,Consolidated Schedule of Investments,Hg Genesis 7 E L.P.,fund,FUND_0627,fund,2025-12-31,USD,837657.000000,,791017.000000,,,,,,Private Equity Investments,| single_holding,cost|fair_value,012460bd402473701ed0;3b69a53dc6048164a419,,TARGET_RESOLVED,FUND,FUND_INTEREST,OWNER_POMONA_INVESTMENT_FUND,fund,OWNER_POMONA_INVESTMENT_FUND,Pomona Investment Fund,OWNER_RESOLVED,OWNMAP008: The schedule directly names Pomona Investment Fund as the reporting fund. No fund_master link is asserted because the current fund master has no reviewed Pomona row.,PUBLISHED,,
a15450b8dbd4b7ef0425,SRC407,4,Consolidated Schedule of Investments,"Gryphon Partners IV, L.P.",fund,FUND_0562,fund,2025-12-31,USD,10730708.000000,,9800185.000000,,,,,,Private Equity Investments,| single_holding,cost|fair_value,75f41f677ca05dd0ef19;8c2025d647f359f6392a,,TARGET_RESOLVED,FUND,FUND_INTEREST,OWNER_POMONA_INVESTMENT_FUND,fund,OWNER_POMONA_INVESTMENT_FUND,Pomona Investment Fund,OWNER_RESOLVED,OWNMAP008: The schedule directly names Pomona Investment Fund as the reporting fund. No fund_master link is asserted because the current fund master has no reviewed Pomona row.,PUBLISHED,,
a4e81a7a9f6c85e5a010,SRC407,4,Consolidated Schedule of Investments,"Green Equity Investors CF, L.P.",fund,FUND_0541,fund,2025-12-31,USD,2651987.000000,,3369690.000000,,,,,,Private Equity Investments,| single_holding,cost|fair_value,23beb300440f3ece369d;dd7affa84855d818f064,,TARGET_RESOLVED,FUND,FUND_INTEREST,OWNER_POMONA_INVESTMENT_FUND,fund,OWNER_POMONA_INVESTMENT_FUND,Pomona Investment Fund,OWNER_RESOLVED,OWNMAP008: The schedule directly names Pomona Investment Fund as the reporting fund. No fund_master link is asserted because the current fund master has no reviewed Pomona row.,PUBLISHED,,
a94740c3df6ad39ca66a,SRC407,4,Consolidated Schedule of Investments,"Gryphon Mezzanine Partners II, L.P.",fund,FUND_0557,fund,2025-12-31,USD,9268455.000000,,9691140.000000,,,,,,Private Equity Investments,| single_holding,cost|fair_value,b0a668eca56f78fa0138;beb31984185777e02437,,TARGET_RESOLVED,FUND,FUND_INTEREST,OWNER_POMONA_INVESTMENT_FUND,fund,OWNER_POMONA_INVESTMENT_FUND,Pomona Investment Fund,OWNER_RESOLVED,OWNMAP008: The schedule directly names Pomona Investment Fund as the reporting fund. No fund_master link is asserted because the current fund master has no reviewed Pomona row.,PUBLISHED,,
b5b3fdf2d9a46f76310d,SRC407,4,Consolidated Schedule of Investments,"Harvest Partners Structured Capital Fund II, L.P.",fund,FUND_0608,fund,2025-12-31,USD,26624256.000000,,21371973.000000,,,,,,Private Equity Investments,| single_holding,cost|fair_value,09bedecb16d1a0ab0c7c;d9247ce4213898fc5914,,TARGET_RESOLVED,FUND,FUND_INTEREST,OWNER_POMONA_INVESTMENT_FUND,fund,OWNER_POMONA_INVESTMENT_FUND,Pomona Investment Fund,OWNER_RESOLVED,OWNMAP008: The schedule directly names Pomona Investment Fund as the reporting fund. No fund_master link is asserted because the current fund master has no reviewed Pomona row.,PUBLISHED,,
b81e0887b6dad83fd4fa,SRC407,4,Consolidated Schedule of Investments,"Gridiron Capital Fund II, L.P.",fund,FUND_0553,fund,2025-12-31,USD,585719.000000,,1889628.000000,,,,,,Private Equity Investments,| single_holding,cost|fair_value,6a647e3b9c325ec9cb6b;c1461b4ede98c18da79d,,TARGET_RESOLVED,FUND,FUND_INTEREST,OWNER_POMONA_INVESTMENT_FUND,fund,OWNER_POMONA_INVESTMENT_FUND,Pomona Investment Fund,OWNER_RESOLVED,OWNMAP008: The schedule directly names Pomona Investment Fund as the reporting fund. No fund_master link is asserted because the current fund master has no reviewed Pomona row.,PUBLISHED,,
bd7e2a9add069d9fcd2a,SRC407,4,Consolidated Schedule of Investments,Hamilton Lane-Carpenters Partnership Fund IV L.P.,fund,FUND_0583,fund,2025-12-31,USD,12802912.000000,,12339619.000000,,,,,,Private Equity Investments,| single_holding,cost|fair_value,6829d8aea965405362a4;ccd96806ccc793437eaa,,TARGET_RESOLVED,FUND,FUND_INTEREST,OWNER_POMONA_INVESTMENT_FUND,fund,OWNER_POMONA_INVESTMENT_FUND,Pomona Investment Fund,OWNER_RESOLVED,OWNMAP008: The schedule directly names Pomona Investment Fund as the reporting fund. No fund_master link is asserted because the current fund master has no reviewed Pomona row.,PUBLISHED,,
be65aac71630fa3a5c13,SRC407,4,Consolidated Schedule of Investments,"Icon Partners II, L.P.",fund,FUND_0636,fund,2025-12-31,USD,228773.000000,,184439.000000,,,,,,Private Equity Investments,| single_holding,cost|fair_value,40603b1d77bccc8bd4f8;bccbd3e4380a48d1a75d,,TARGET_RESOLVED,FUND,FUND_INTEREST,OWNER_POMONA_INVESTMENT_FUND,fund,OWNER_POMONA_INVESTMENT_FUND,Pomona Investment Fund,OWNER_RESOLVED,OWNMAP008: The schedule directly names Pomona Investment Fund as the reporting fund. No fund_master link is asserted because the current fund master has no reviewed Pomona row.,PUBLISHED,,
c15c916873c2236c1fe5,SRC407,4,Consolidated Schedule of Investments,"Green Equity Investors VII, L.P.",fund,FUND_0546,fund,2025-12-31,USD,772269.000000,,700729.000000,,,,,,Private Equity Investments,| single_holding,cost|fair_value,593fc10ec8ef36cd6f9b;715a34127777a7e2aa09,,TARGET_RESOLVED,FUND,FUND_INTEREST,OWNER_POMONA_INVESTMENT_FUND,fund,OWNER_POMONA_INVESTMENT_FUND,Pomona Investment Fund,OWNER_RESOLVED,OWNMAP008: The schedule directly names Pomona Investment Fund as the reporting fund. No fund_master link is asserted because the current fund master has no reviewed Pomona row.,PUBLISHED,,
c200c3108ac70989772c,SRC407,4,Consolidated Schedule of Investments,"Gryphon Partners 3.5, L.P.",fund,FUND_0561,fund,2025-12-31,USD,15191.000000,,163282.000000,,,,,,Private Equity Investments,| single_holding,cost|fair_value,1266b68e015ec88cf1e6;a8720569ece8c8e60dc6,,TARGET_RESOLVED,FUND,FUND_INTEREST,OWNER_POMONA_INVESTMENT_FUND,fund,OWNER_POMONA_INVESTMENT_FUND,Pomona Investment Fund,OWNER_RESOLVED,OWNMAP008: The schedule directly names Pomona Investment Fund as the reporting fund. No fund_master link is asserted because the current fund master has no reviewed Pomona row.,PUBLISHED,,
c68b53278e7472f1a9fb,SRC407,4,Consolidated Schedule of Investments,"Hellman & Friedman Capital Partners VII, L.P.",fund,FUND_0621,fund,2025-12-31,USD,528317.000000,,763530.000000,,,,,,Private Equity Investments,| single_holding,cost|fair_value,6d5cb8f976fde73d1fc8;ea36b2cc83dd6a9fb99e,,TARGET_RESOLVED,FUND,FUND_INTEREST,OWNER_POMONA_INVESTMENT_FUND,fund,OWNER_POMONA_INVESTMENT_FUND,Pomona Investment Fund,OWNER_RESOLVED,OWNMAP008: The schedule directly names Pomona Investment Fund as the reporting fund. No fund_master link is asserted because the current fund master has no reviewed Pomona row.,PUBLISHED,,
cc1022922cbbafa47624,SRC407,4,Consolidated Schedule of Investments,"Gryphon Co-Invest Fund IV, L.P.",fund,FUND_0555,fund,2025-12-31,USD,185105.000000,,294786.000000,,,,,,Private Equity Investments,| single_holding,cost|fair_value,321cfda5f11c93d782a4;9393a7814732e99c00bc,,TARGET_RESOLVED,FUND,FUND_INTEREST,OWNER_POMONA_INVESTMENT_FUND,fund,OWNER_POMONA_INVESTMENT_FUND,Pomona Investment Fund,OWNER_RESOLVED,OWNMAP008: The schedule directly names Pomona Investment Fund as the reporting fund. No fund_master link is asserted because the current fund master has no reviewed Pomona row.,PUBLISHED,,
ceb6c537d33cefab15d4,SRC407,4,Consolidated Schedule of Investments,"H.I.G. Advantage Buyout Fund, L.P.",fund,FUND_0575,fund,2025-12-31,USD,16051726.000000,,17404687.000000,,,,,,Private Equity Investments,| single_holding,cost|fair_value,516b960c0987a0b145c1;9f90e7ebec0ed58a6e77,,TARGET_RESOLVED,FUND,FUND_INTEREST,OWNER_POMONA_INVESTMENT_FUND,fund,OWNER_POMONA_INVESTMENT_FUND,Pomona Investment Fund,OWNER_RESOLVED,OWNMAP008: The schedule directly names Pomona Investment Fund as the reporting fund. No fund_master link is asserted because the current fund master has no reviewed Pomona row.,PUBLISHED,,
cf64ec04f5dc18b3f452,SRC407,4,Consolidated Schedule of Investments,"Gryphon Odin CV, L.P.",fund,FUND_0559,fund,2025-12-31,USD,5837012.000000,,2657232.000000,,,,,,Private Equity Investments,| single_holding,cost|fair_value,16d842c631d5e3eaf748;3ef7813e9ef9b5fc7678,,TARGET_RESOLVED,FUND,FUND_INTEREST,OWNER_POMONA_INVESTMENT_FUND,fund,OWNER_POMONA_INVESTMENT_FUND,Pomona Investment Fund,OWNER_RESOLVED,OWNMAP008: The schedule directly names Pomona Investment Fund as the reporting fund. No fund_master link is asserted because the current fund master has no reviewed Pomona row.,PUBLISHED,,
d6da37efa987b6255bcf,SRC407,4,Consolidated Schedule of Investments,"Green Equity Investors CF IV J, L.P.",fund,FUND_0539,fund,2025-12-31,USD,1963119.000000,,2081072.000000,,,,,,Private Equity Investments,| single_holding,cost|fair_value,89e212f9f1b4f75b6d16;a54664ff7f09a319ec14,,TARGET_RESOLVED,FUND,FUND_INTEREST,OWNER_POMONA_INVESTMENT_FUND,fund,OWNER_POMONA_INVESTMENT_FUND,Pomona Investment Fund,OWNER_RESOLVED,OWNMAP008: The schedule directly names Pomona Investment Fund as the reporting fund. No fund_master link is asserted because the current fund master has no reviewed Pomona row.,PUBLISHED,,
dd80ee78ac5293a2f3d2,SRC407,4,Consolidated Schedule of Investments,"Hellman & Friedman Capital Partners VII (Parallel), L.P.",fund,FUND_0620,fund,2025-12-31,USD,377334.000000,,7713928.000000,,,,,,Private Equity Investments,| single_holding,cost|fair_value,77ec6be4bfa777df1d35;de51a85377bb2fb554e2,,TARGET_RESOLVED,FUND,FUND_INTEREST,OWNER_POMONA_INVESTMENT_FUND,fund,OWNER_POMONA_INVESTMENT_FUND,Pomona Investment Fund,OWNER_RESOLVED,OWNMAP008: The schedule directly names Pomona Investment Fund as the reporting fund. No fund_master link is asserted because the current fund master has no reviewed Pomona row.,PUBLISHED,,
df88009a574fb32d2da5,SRC407,4,Consolidated Schedule of Investments,"Insight Venture Partners Coinvestment Fund (Delaware) III, L.P.",fund,FUND_0657,fund,2025-12-31,USD,264938.000000,,293756.000000,,,,,,Private Equity Investments,| single_holding,cost|fair_value,3c52dabfefdccfd59115;e8bd0b50c6f3a189af03,,TARGET_RESOLVED,FUND,FUND_INTEREST,OWNER_POMONA_INVESTMENT_FUND,fund,OWNER_POMONA_INVESTMENT_FUND,Pomona Investment Fund,OWNER_RESOLVED,OWNMAP008: The schedule directly names Pomona Investment Fund as the reporting fund. No fund_master link is asserted because the current fund master has no reviewed Pomona row.,PUBLISHED,,
e04f9bd29ce59eb3c988,SRC407,4,Consolidated Schedule of Investments,"H.I.G. Capital Partners V, L.P.",fund,FUND_0578,fund,2025-12-31,USD,2904043.000000,,5183590.000000,,,,,,Private Equity Investments,| single_holding,cost|fair_value,ad0fb7f670eacda9f7f1;d2a45d5dbf9b9794fe72,,TARGET_RESOLVED,FUND,FUND_INTEREST,OWNER_POMONA_INVESTMENT_FUND,fund,OWNER_POMONA_INVESTMENT_FUND,Pomona Investment Fund,OWNER_RESOLVED,OWNMAP008: The schedule directly names Pomona Investment Fund as the reporting fund. No fund_master link is asserted because the current fund master has no reviewed Pomona row.,PUBLISHED,,
ef017d9856111220be9e,SRC407,4,Consolidated Schedule of Investments,"Harvest Partners Structured Capital Fund III, L.P.",fund,FUND_0609,fund,2025-12-31,USD,20311989.000000,,16876032.000000,,,,,,Private Equity Investments,| single_holding,cost|fair_value,564452f4df95e835d399;b91f9480029191a94ff6,,TARGET_RESOLVED,FUND,FUND_INTEREST,OWNER_POMONA_INVESTMENT_FUND,fund,OWNER_POMONA_INVESTMENT_FUND,Pomona Investment Fund,OWNER_RESOLVED,OWNMAP008: The schedule directly names Pomona Investment Fund as the reporting fund. No fund_master link is asserted because the current fund master has no reviewed Pomona row.,PUBLISHED,,
f6fec21df4ca15f95ca5,SRC407,4,Consolidated Schedule of Investments,"H.I.G. Capital Partners IV, L.P.",fund,FUND_0577,fund,2025-12-31,USD,118969.000000,,1701384.000000,,,,,,Private Equity Investments,| single_holding,cost|fair_value,6b420419ad27d5539e6e;b1871454bf9d9a24fbcc,,TARGET_RESOLVED,FUND,FUND_INTEREST,OWNER_POMONA_INVESTMENT_FUND,fund,OWNER_POMONA_INVESTMENT_FUND,Pomona Investment Fund,OWNER_RESOLVED,OWNMAP008: The schedule directly names Pomona Investment Fund as the reporting fund. No fund_master link is asserted because the current fund master has no reviewed Pomona row.,PUBLISHED,,
f7b9494337eeae986f0e,SRC407,4,Consolidated Schedule of Investments,"Icon Partners III, L.P.",fund,FUND_0637,fund,2025-12-31,USD,361.000000,,3915482.000000,,,,,,Private Equity Investments,| single_holding,cost|fair_value,891493b09cc6bf2cd408;90f8e060796ff778ee37,,TARGET_RESOLVED,FUND,FUND_INTEREST,OWNER_POMONA_INVESTMENT_FUND,fund,OWNER_POMONA_INVESTMENT_FUND,Pomona Investment Fund,OWNER_RESOLVED,OWNMAP008: The schedule directly names Pomona Investment Fund as the reporting fund. No fund_master link is asserted because the current fund master has no reviewed Pomona row.,PUBLISHED,,
09627f059e951d2d6c81,SRC407,5,Consolidated Schedule of Investments,"Paladin III (HR), L.P.",fund,FUND_0807,fund,2025-12-31,USD,86856.000000,,15536.000000,,,,,,Private Equity Investments,| single_holding,cost|fair_value,4079122b0c2e1bd51beb;4adfe2d13820fccd387b,,TARGET_RESOLVED,FUND,FUND_INTEREST,OWNER_POMONA_INVESTMENT_FUND,fund,OWNER_POMONA_INVESTMENT_FUND,Pomona Investment Fund,OWNER_RESOLVED,OWNMAP008: The schedule directly names Pomona Investment Fund as the reporting fund. No fund_master link is asserted because the current fund master has no reviewed Pomona row.,PUBLISHED,,
09824390de87e1c24a5f,SRC407,5,Consolidated Schedule of Investments,"Madison Dearborn Capital Partners VIII-A, L.P.",fund,FUND_0739,fund,2025-12-31,USD,2110716.000000,,1583136.000000,,,,,,Private Equity Investments,| single_holding,cost|fair_value,ea99fe09a4a47ce8ccb0;fd144c6cfb76d1ce8513,,TARGET_RESOLVED,FUND,FUND_INTEREST,OWNER_POMONA_INVESTMENT_FUND,fund,OWNER_POMONA_INVESTMENT_FUND,Pomona Investment Fund,OWNER_RESOLVED,OWNMAP008: The schedule directly names Pomona Investment Fund as the reporting fund. No fund_master link is asserted because the current fund master has no reviewed Pomona row.,PUBLISHED,,
0997673d113ff91d65d9,SRC407,5,Consolidated Schedule of Investments,Roark Capital Partners CF LP,fund,FUND_0853,fund,2025-12-31,USD,8679468.000000,,5542965.000000,,,,,,Private Equity Investments,| single_holding,cost|fair_value,855ba171e5339fdcae0c;b5d159ddd78f0aaa8ed4,,TARGET_RESOLVED,FUND,FUND_INTEREST,OWNER_POMONA_INVESTMENT_FUND,fund,OWNER_POMONA_INVESTMENT_FUND,Pomona Investment Fund,OWNER_RESOLVED,OWNMAP008: The schedule directly names Pomona Investment Fund as the reporting fund. No fund_master link is asserted because the current fund master has no reviewed Pomona row.,PUBLISHED,,
13e3be2823b92feee6ae,SRC407,5,Consolidated Schedule of Investments,"Odyssey Investment Partners Fund V, LP",fund,FUND_0792,fund,2025-12-31,USD,1677141.000000,,3905285.000000,,,,,,Private Equity Investments,| single_holding,cost|fair_value,55eb7753a3f1688d1e23;56557a933972429ed809,,TARGET_RESOLVED,FUND,FUND_INTEREST,OWNER_POMONA_INVESTMENT_FUND,fund,OWNER_POMONA_INVESTMENT_FUND,Pomona Investment Fund,OWNER_RESOLVED,OWNMAP008: The schedule directly names Pomona Investment Fund as the reporting fund. No fund_master link is asserted because the current fund master has no reviewed Pomona row.,PUBLISHED,,
148ee0677e5a7f1ffb4d,SRC407,5,Consolidated Schedule of Investments,"NB SPV, L.P.",fund,FUND_0754,fund,2025-12-31,USD,5444669.000000,,5000000.000000,,,,,,Private Equity Investments,| single_holding,cost|fair_value,8e02600f03540f8a9d59;c16d73ab06645013efb8,,TARGET_RESOLVED,FUND,FUND_INTEREST,OWNER_POMONA_INVESTMENT_FUND,fund,OWNER_POMONA_INVESTMENT_FUND,Pomona Investment Fund,OWNER_RESOLVED,OWNMAP008: The schedule directly names Pomona Investment Fund as the reporting fund. No fund_master link is asserted because the current fund master has no reviewed Pomona row.,PUBLISHED,,
1849a4120f6c0b0186af,SRC407,5,Consolidated Schedule of Investments,"New Capital Partners Private Equity Fund II, L.P.",fund,FUND_0757,fund,2025-12-31,USD,,,948558.000000,,,,,,Private Equity Investments,,cost,b26d9e900a4f1470435b,,TARGET_RESOLVED,FUND,FUND_INTEREST,OWNER_POMONA_INVESTMENT_FUND,fund,OWNER_POMONA_INVESTMENT_FUND,Pomona Investment Fund,OWNER_RESOLVED,OWNMAP008: The schedule directly names Pomona Investment Fund as the reporting fund. No fund_master link is asserted because the current fund master has no reviewed Pomona row.,PUBLISHED,,
219c703d0cc8bc55572a,SRC407,5,Consolidated Schedule of Investments,Madison Dearborn Capital Partners VII,fund,FUND_0738,fund,2025-12-31,USD,5612000.000000,,5365107.000000,,,,,,Private Equity Investments,| single_holding,cost|fair_value,24518426101a2e89a3fd;9b1c171138788d8c4bcf,,TARGET_RESOLVED,FUND,FUND_INTEREST,OWNER_POMONA_INVESTMENT_FUND,fund,OWNER_POMONA_INVESTMENT_FUND,Pomona Investment Fund,OWNER_RESOLVED,OWNMAP008: The schedule directly names Pomona Investment Fund as the reporting fund. No fund_master link is asserted because the current fund master has no reviewed Pomona row.,PUBLISHED,,
2639c572ad931ce31bd8,SRC407,5,Consolidated Schedule of Investments,"Kelso Investment Associates IX, L.P.",fund,FUND_0678,fund,2025-12-31,USD,1285948.000000,,1137211.000000,,,,,,Private Equity Investments,| single_holding,cost|fair_value,012786d469c9391787ee;7db2b5bca72830fd8dbc,,TARGET_RESOLVED,FUND,FUND_INTEREST,OWNER_POMONA_INVESTMENT_FUND,fund,OWNER_POMONA_INVESTMENT_FUND,Pomona Investment Fund,OWNER_RESOLVED,OWNMAP008: The schedule directly names Pomona Investment Fund as the reporting fund. No fund_master link is asserted because the current fund master has no reviewed Pomona row.,PUBLISHED,,
26ddec856100cb000982,SRC407,5,Consolidated Schedule of Investments,"Oaktree Private Investment Fund 2010, L.P.",fund,FUND_0787,fund,2025-12-31,USD,14515.000000,,45196.000000,,,,,,Private Equity Investments,| single_holding,cost|fair_value,105e5c535f9b9979e4c4;437f9cdf2e4da91db188,,TARGET_RESOLVED,FUND,FUND_INTEREST,OWNER_POMONA_INVESTMENT_FUND,fund,OWNER_POMONA_INVESTMENT_FUND,Pomona Investment Fund,OWNER_RESOLVED,OWNMAP008: The schedule directly names Pomona Investment Fund as the reporting fund. No fund_master link is asserted because the current fund master has no reviewed Pomona row.,PUBLISHED,,
2a5d723287d600a06517,SRC407,5,Consolidated Schedule of Investments,Investindustrial VII L.P.,fund,FUND_0669,fund,2025-12-31,USD,1621266.000000,,1289610.000000,,,,,,Private Equity Investments,| single_holding,cost|fair_value,d87ac12694d6b538e0ed;ed4d44f0d6c8198f7741,,TARGET_RESOLVED,FUND,FUND_INTEREST,OWNER_POMONA_INVESTMENT_FUND,fund,OWNER_POMONA_INVESTMENT_FUND,Pomona Investment Fund,OWNER_RESOLVED,OWNMAP008: The schedule directly names Pomona Investment Fund as the reporting fund. No fund_master link is asserted because the current fund master has no reviewed Pomona row.,PUBLISHED,,
2b0b2259e865d99e7c29,SRC407,5,Consolidated Schedule of Investments,"New Mountain Partners III, L.P.",fund,FUND_0761,fund,2025-12-31,USD,96741.000000,,1040174.000000,,,,,,Private Equity Investments,| single_holding,cost|fair_value,98a702977c9bf60bf4a0;ebc3f560f7513117b3bc,,TARGET_RESOLVED,FUND,FUND_INTEREST,OWNER_POMONA_INVESTMENT_FUND,fund,OWNER_POMONA_INVESTMENT_FUND,Pomona Investment Fund,OWNER_RESOLVED,OWNMAP008: The schedule directly names Pomona Investment Fund as the reporting fund. No fund_master link is asserted because the current fund master has no reviewed Pomona row.,PUBLISHED,,
2c33f29907ec5e94391d,SRC407,5,Consolidated Schedule of Investments,RCF V Annex Fund L.P.,fund,FUND_0845,fund,2025-12-31,USD,-534.000000,,2137.000000,,,,,,Private Equity Investments,| single_holding,cost|fair_value,5806454765895708b200;e6e58cb952811dcc2c44,,TARGET_RESOLVED,FUND,FUND_INTEREST,OWNER_POMONA_INVESTMENT_FUND,fund,OWNER_POMONA_INVESTMENT_FUND,Pomona Investment Fund,OWNER_RESOLVED,OWNMAP008: The schedule directly names Pomona Investment Fund as the reporting fund. No fund_master link is asserted because the current fund master has no reviewed Pomona row.,PUBLISHED,,
30fad502b78311e61cf3,SRC407,5,Consolidated Schedule of Investments,"Kelso Investment Associates VIII, L.P.",fund,FUND_0679,fund,2025-12-31,USD,37793.000000,,627868.000000,,,,,,Private Equity Investments,| single_holding,cost|fair_value,49109e9170633f8ae4a7;6eafdcdcbb0feb614459,,TARGET_RESOLVED,FUND,FUND_INTEREST,OWNER_POMONA_INVESTMENT_FUND,fund,OWNER_POMONA_INVESTMENT_FUND,Pomona Investment Fund,OWNER_RESOLVED,OWNMAP008: The schedule directly names Pomona Investment Fund as the reporting fund. No fund_master link is asserted because the current fund master has no reviewed Pomona row.,PUBLISHED,,
37d8e000b5975510ebdd,SRC407,5,Consolidated Schedule of Investments,Roark Capital Partners CF RI LP,fund,FUND_0854,fund,2025-12-31,USD,990592.000000,,478032.000000,,,,,,Private Equity Investments,| single_holding,cost|fair_value,04ac9d23f36fea4c9c39;7677ffe60ec8c6aa6354,,TARGET_RESOLVED,FUND,FUND_INTEREST,OWNER_POMONA_INVESTMENT_FUND,fund,OWNER_POMONA_INVESTMENT_FUND,Pomona Investment Fund,OWNER_RESOLVED,OWNMAP008: The schedule directly names Pomona Investment Fund as the reporting fund. No fund_master link is asserted because the current fund master has no reviewed Pomona row.,PUBLISHED,,
4146e96ebde0c5b53893,SRC407,5,Consolidated Schedule of Investments,Norwest Mezzanine Partners IV,fund,FUND_0780,fund,2025-12-31,USD,41975173.000000,,27252856.000000,,,,,,Private Equity Investments,| single_holding,cost|fair_value,2f29d469666f3cbc99c1;be3a0277bc2499badbe4,,TARGET_RESOLVED,FUND,FUND_INTEREST,OWNER_POMONA_INVESTMENT_FUND,fund,OWNER_POMONA_INVESTMENT_FUND,Pomona Investment Fund,OWNER_RESOLVED,OWNMAP008: The schedule directly names Pomona Investment Fund as the reporting fund. No fund_master link is asserted because the current fund master has no reviewed Pomona row.,PUBLISHED,,
41a90868a0797fc63d72,SRC407,5,Consolidated Schedule of Investments,"NewView Capital Fund I, L.P.",fund,FUND_0764,fund,2025-12-31,USD,4737223.000000,,3361688.000000,,,,,,Private Equity Investments,| single_holding,cost|fair_value,578e304cac849d979b8d;dd19bcd2448103de5800,,TARGET_RESOLVED,FUND,FUND_INTEREST,OWNER_POMONA_INVESTMENT_FUND,fund,OWNER_POMONA_INVESTMENT_FUND,Pomona Investment Fund,OWNER_RESOLVED,OWNMAP008: The schedule directly names Pomona Investment Fund as the reporting fund. No fund_master link is asserted because the current fund master has no reviewed Pomona row.,PUBLISHED,,
4745c22639845a077dc7,SRC407,5,Consolidated Schedule of Investments,"New Mountain SRC Rollover Fund, L.P.",fund,FUND_0763,fund,2025-12-31,USD,1620470.000000,,1547561.000000,,,,,,Private Equity Investments,| single_holding,cost|fair_value,1cb0ec5a318e1abe816d;e57986fc038edcdb2b3e,,TARGET_RESOLVED,FUND,FUND_INTEREST,OWNER_POMONA_INVESTMENT_FUND,fund,OWNER_POMONA_INVESTMENT_FUND,Pomona Investment Fund,OWNER_RESOLVED,OWNMAP008: The schedule directly names Pomona Investment Fund as the reporting fund. No fund_master link is asserted because the current fund master has no reviewed Pomona row.,PUBLISHED,,
4af10be23346a94b93f5,SRC407,5,Consolidated Schedule of Investments,"New Enterprise Associates 12, Limited Partnership",fund,FUND_0758,fund,2025-12-31,USD,13915.000000,,88504.000000,,,,,,Private Equity Investments,| single_holding,cost|fair_value,306c695ea2dd50d06385;9427e5b1d1508c576490,,TARGET_RESOLVED,FUND,FUND_INTEREST,OWNER_POMONA_INVESTMENT_FUND,fund,OWNER_POMONA_INVESTMENT_FUND,Pomona Investment Fund,OWNER_RESOLVED,OWNMAP008: The schedule directly names Pomona Investment Fund as the reporting fund. No fund_master link is asserted because the current fund master has no reviewed Pomona row.,PUBLISHED,,
4b3b6b841284fc175874,SRC407,5,Consolidated Schedule of Investments,"Parthenon Investors III, L.P.",fund,FUND_0809,fund,2025-12-31,USD,795304.000000,,512940.000000,,,,,,Private Equity Investments,| single_holding,cost|fair_value,0d9cbcc1eba9563b4a07;fbed163fd3435adc35c7,,TARGET_RESOLVED,FUND,FUND_INTEREST,OWNER_POMONA_INVESTMENT_FUND,fund,OWNER_POMONA_INVESTMENT_FUND,Pomona Investment Fund,OWNER_RESOLVED,OWNMAP008: The schedule directly names Pomona Investment Fund as the reporting fund. No fund_master link is asserted because the current fund master has no reviewed Pomona row.,PUBLISHED,,
4dbfb68b7003dfc2df11,SRC407,5,Consolidated Schedule of Investments,"Norwest Mezzanine Partners III, LP",fund,FUND_0779,fund,2025-12-31,USD,1270798.000000,,1582781.000000,,,,,,Private Equity Investments,| single_holding,cost|fair_value,510c14c1a162acb87598;88b9bacbe85665f7a2c9,,TARGET_RESOLVED,FUND,FUND_INTEREST,OWNER_POMONA_INVESTMENT_FUND,fund,OWNER_POMONA_INVESTMENT_FUND,Pomona Investment Fund,OWNER_RESOLVED,OWNMAP008: The schedule directly names Pomona Investment Fund as the reporting fund. No fund_master link is asserted because the current fund master has no reviewed Pomona row.,PUBLISHED,,
4f9ac45b34891da9e7de,SRC407,5,Consolidated Schedule of Investments,"MDCP Insurance SPV, L.P.",fund,FUND_0744,fund,2025-12-31,USD,2864077.000000,,1726467.000000,,,,,,Private Equity Investments,| single_holding,cost|fair_value,1aed6f8a2cf70f98dd2f;eaed20af7a8786b38232,,TARGET_RESOLVED,FUND,FUND_INTEREST,OWNER_POMONA_INVESTMENT_FUND,fund,OWNER_POMONA_INVESTMENT_FUND,Pomona Investment Fund,OWNER_RESOLVED,OWNMAP008: The schedule directly names Pomona Investment Fund as the reporting fund. No fund_master link is asserted because the current fund master has no reviewed Pomona row.,PUBLISHED,,
50dfea1ac296f2abf5a0,SRC407,5,Consolidated Schedule of Investments,"JLL Partners Fund VII Secondary (A), L.P.",fund,FUND_0675,fund,2025-12-31,USD,19310719.000000,,17574850.000000,,,,,,Private Equity Investments,| single_holding,cost|fair_value,4675fd1b678b8b6286aa;9edef37b3f4b9621065c,,TARGET_RESOLVED,FUND,FUND_INTEREST,OWNER_POMONA_INVESTMENT_FUND,fund,OWNER_POMONA_INVESTMENT_FUND,Pomona Investment Fund,OWNER_RESOLVED,OWNMAP008: The schedule directly names Pomona Investment Fund as the reporting fund. No fund_master link is asserted because the current fund master has no reviewed Pomona row.,PUBLISHED,,
5412ab60280fc1de10f1,SRC407,5,Consolidated Schedule of Investments,KKR North America Fund XI L.P.,fund,FUND_0686,fund,2025-12-31,USD,4584404.000000,,3440538.000000,,,,,,Private Equity Investments,| single_holding,cost|fair_value,87ae2b12e5b21a75123f;fc56171cd357a5f59605,,TARGET_RESOLVED,FUND,FUND_INTEREST,OWNER_POMONA_INVESTMENT_FUND,fund,OWNER_POMONA_INVESTMENT_FUND,Pomona Investment Fund,OWNER_RESOLVED,OWNMAP008: The schedule directly names Pomona Investment Fund as the reporting fund. No fund_master link is asserted because the current fund master has no reviewed Pomona row.,PUBLISHED,,
54d7941b72bd87f03b61,SRC407,5,Consolidated Schedule of Investments,"Lion/Simba Investors, L.P.",fund,FUND_0704,fund,2025-12-31,USD,3062071.000000,,933121.000000,,,,,,Private Equity Investments,| single_holding,cost|fair_value,335258124942176e2122;37bfd5656d75bca714bd,,TARGET_RESOLVED,FUND,FUND_INTEREST,OWNER_POMONA_INVESTMENT_FUND,fund,OWNER_POMONA_INVESTMENT_FUND,Pomona Investment Fund,OWNER_RESOLVED,OWNMAP008: The schedule directly names Pomona Investment Fund as the reporting fund. No fund_master link is asserted because the current fund master has no reviewed Pomona row.,PUBLISHED,,
58b431c799aeb755f532,SRC407,5,Consolidated Schedule of Investments,Platinum Equity Capital Partners II,fund,FUND_0816,fund,2025-12-31,USD,38237.000000,,269249.000000,,,,,,Private Equity Investments,| single_holding,cost|fair_value,1e98da2ee7f9c89f6795;9ac259cf427a171657ca,,TARGET_RESOLVED,FUND,FUND_INTEREST,OWNER_POMONA_INVESTMENT_FUND,fund,OWNER_POMONA_INVESTMENT_FUND,Pomona Investment Fund,OWNER_RESOLVED,OWNMAP008: The schedule directly names Pomona Investment Fund as the reporting fund. No fund_master link is asserted because the current fund master has no reviewed Pomona row.,PUBLISHED,,
59645b4efbc61af71516,SRC407,5,Consolidated Schedule of Investments,Mid Europa Fund V LP,fund,FUND_0746,fund,2025-12-31,USD,558226.000000,,391492.000000,,,,,,Private Equity Investments,| single_holding,cost|fair_value,b4580513c7e0f63a8e9d;ca2eb63ce8e465e52a1b,,TARGET_RESOLVED,FUND,FUND_INTEREST,OWNER_POMONA_INVESTMENT_FUND,fund,OWNER_POMONA_INVESTMENT_FUND,Pomona Investment Fund,OWNER_RESOLVED,OWNMAP008: The schedule directly names Pomona Investment Fund as the reporting fund. No fund_master link is asserted because the current fund master has no reviewed Pomona row.,PUBLISHED,,
59cebbd0b05c367428a1,SRC407,5,Consolidated Schedule of Investments,Providence Equity Partners VIII L.P.,fund,FUND_0830,fund,2025-12-31,USD,28384648.000000,,23629673.000000,,,,,,Private Equity Investments,| single_holding,cost|fair_value,4275cff25444c6c5e679;6bb2f5fd3754b4e5a183,,TARGET_RESOLVED,FUND,FUND_INTEREST,OWNER_POMONA_INVESTMENT_FUND,fund,OWNER_POMONA_INVESTMENT_FUND,Pomona Investment Fund,OWNER_RESOLVED,OWNMAP008: The schedule directly names Pomona Investment Fund as the reporting fund. No fund_master link is asserted because the current fund master has no reviewed Pomona row.,PUBLISHED,,
60532c279c80ae75c7f5,SRC407,5,Consolidated Schedule of Investments,"Pamlico Capital III Continuation Fund, L.P.",fund,FUND_0808,fund,2025-12-31,USD,12153255.000000,,7695962.000000,,,,,,Private Equity Investments,| single_holding,cost|fair_value,2844abf3bb9ec3327e05;f5b92717467954b5a5c2,,TARGET_RESOLVED,FUND,FUND_INTEREST,OWNER_POMONA_INVESTMENT_FUND,fund,OWNER_POMONA_INVESTMENT_FUND,Pomona Investment Fund,OWNER_RESOLVED,OWNMAP008: The schedule directly names Pomona Investment Fund as the reporting fund. No fund_master link is asserted because the current fund master has no reviewed Pomona row.,PUBLISHED,,
65d8f6fdba8d0958a16c,SRC407,5,Consolidated Schedule of Investments,"PTEV-A, L.P.",fund,FUND_0834,fund,2025-12-31,USD,4681125.000000,,4285377.000000,,,,,,Private Equity Investments,| single_holding,cost|fair_value,c9fc86aa995ae1abcc42;e95087fe93418d08c15b,,TARGET_RESOLVED,FUND,FUND_INTEREST,OWNER_POMONA_INVESTMENT_FUND,fund,OWNER_POMONA_INVESTMENT_FUND,Pomona Investment Fund,OWNER_RESOLVED,OWNMAP008: The schedule directly names Pomona Investment Fund as the reporting fund. No fund_master link is asserted because the current fund master has no reviewed Pomona row.,PUBLISHED,,
685a1aa5cf171aba85c1,SRC407,5,Consolidated Schedule of Investments,"PT2-A, L.P.",fund,FUND_0833,fund,2025-12-31,USD,8662605.000000,,6475969.000000,,,,,,Private Equity Investments,| single_holding,cost|fair_value,b115d408184aef788475;d6d1275f3fda718028a8,,TARGET_RESOLVED,FUND,FUND_INTEREST,OWNER_POMONA_INVESTMENT_FUND,fund,OWNER_POMONA_INVESTMENT_FUND,Pomona Investment Fund,OWNER_RESOLVED,OWNMAP008: The schedule directly names Pomona Investment Fund as the reporting fund. No fund_master link is asserted because the current fund master has no reviewed Pomona row.,PUBLISHED,,
6a6b0e29aa4731e421bd,SRC407,5,Consolidated Schedule of Investments,"North Bridge Growth Equity II, L.P.",fund,FUND_0775,fund,2025-12-31,USD,5132352.000000,,7253497.000000,,,,,,Private Equity Investments,| single_holding,cost|fair_value,34bc4cee5673988c769e;b81a2f1716cb985848a0,,TARGET_RESOLVED,FUND,FUND_INTEREST,OWNER_POMONA_INVESTMENT_FUND,fund,OWNER_POMONA_INVESTMENT_FUND,Pomona Investment Fund,OWNER_RESOLVED,OWNMAP008: The schedule directly names Pomona Investment Fund as the reporting fund. No fund_master link is asserted because the current fund master has no reviewed Pomona row.,PUBLISHED,,
73bc2d98881bafa101bd,SRC407,5,Consolidated Schedule of Investments,"Lightspeed Venture Partners IX, L.P.",fund,FUND_0697,fund,2025-12-31,USD,3141706.000000,,2034645.000000,,,,,,Private Equity Investments,| single_holding,cost|fair_value,441ee79acb57195c2f2d;99392b092b5a22859a7c,,TARGET_RESOLVED,FUND,FUND_INTEREST,OWNER_POMONA_INVESTMENT_FUND,fund,OWNER_POMONA_INVESTMENT_FUND,Pomona Investment Fund,OWNER_RESOLVED,OWNMAP008: The schedule directly names Pomona Investment Fund as the reporting fund. No fund_master link is asserted because the current fund master has no reviewed Pomona row.,PUBLISHED,,
772b5c99c0a2dc640cf2,SRC407,5,Consolidated Schedule of Investments,"Pegasus WSJLL Fund, L.P.",fund,FUND_0811,fund,2025-12-31,USD,10785493.000000,,8821466.000000,,,,,,Private Equity Investments,| single_holding,cost|fair_value,eb587d94103d3c6b847f;f08d39ed1737c1ebb146,,TARGET_RESOLVED,FUND,FUND_INTEREST,OWNER_POMONA_INVESTMENT_FUND,fund,OWNER_POMONA_INVESTMENT_FUND,Pomona Investment Fund,OWNER_RESOLVED,OWNMAP008: The schedule directly names Pomona Investment Fund as the reporting fund. No fund_master link is asserted because the current fund master has no reviewed Pomona row.,PUBLISHED,,
78566d7a727c08e9c281,SRC407,5,Consolidated Schedule of Investments,"Oaktree Opportunities Fund IX (Cayman), L.P.",fund,FUND_0785,fund,2025-12-31,USD,1521104.000000,,431988.000000,,,,,,Private Equity Investments,| single_holding,cost|fair_value,06d00a75a97d9ae407fb;98d2e6e2c85778360e09,,TARGET_RESOLVED,FUND,FUND_INTEREST,OWNER_POMONA_INVESTMENT_FUND,fund,OWNER_POMONA_INVESTMENT_FUND,Pomona Investment Fund,OWNER_RESOLVED,OWNMAP008: The schedule directly names Pomona Investment Fund as the reporting fund. No fund_master link is asserted because the current fund master has no reviewed Pomona row.,PUBLISHED,,
78ab23cc391aa98b5b34,SRC407,5,Consolidated Schedule of Investments,Lovell Minnick Equity Partners III LP,fund,FUND_0734,fund,2025-12-31,USD,188855.000000,,777423.000000,,,,,,Private Equity Investments,| single_holding,cost|fair_value,d3947c2e466430fb5e7a;fb41e48465364f10f432,,TARGET_RESOLVED,FUND,FUND_INTEREST,OWNER_POMONA_INVESTMENT_FUND,fund,OWNER_POMONA_INVESTMENT_FUND,Pomona Investment Fund,OWNER_RESOLVED,OWNMAP008: The schedule directly names Pomona Investment Fund as the reporting fund. No fund_master link is asserted because the current fund master has no reviewed Pomona row.,PUBLISHED,,
7e8992981ecfc457bf48,SRC407,5,Consolidated Schedule of Investments,"MPE Partners II, L.P.",fund,FUND_0750,fund,2025-12-31,USD,1561209.000000,,,,,,,,Private Equity Investments,single_holding,fair_value,7ea77980657cde6a3fdc,,TARGET_RESOLVED,FUND,FUND_INTEREST,OWNER_POMONA_INVESTMENT_FUND,fund,OWNER_POMONA_INVESTMENT_FUND,Pomona Investment Fund,OWNER_RESOLVED,OWNMAP008: The schedule directly names Pomona Investment Fund as the reporting fund. No fund_master link is asserted because the current fund master has no reviewed Pomona row.,PUBLISHED,,
8120768ad1bbab554027,SRC407,5,Consolidated Schedule of Investments,Resource Capital Fund V L.P.,fund,FUND_0852,fund,2025-12-31,USD,59166.000000,,14852.000000,,,,,,Private Equity Investments,| single_holding,cost|fair_value,0dda6b6876bc71544b82;483c1a38d2cffad275bb,,TARGET_RESOLVED,FUND,FUND_INTEREST,OWNER_POMONA_INVESTMENT_FUND,fund,OWNER_POMONA_INVESTMENT_FUND,Pomona Investment Fund,OWNER_RESOLVED,OWNMAP008: The schedule directly names Pomona Investment Fund as the reporting fund. No fund_master link is asserted because the current fund master has no reviewed Pomona row.,PUBLISHED,,
83aeef10b786e4cca3a2,SRC407,5,Consolidated Schedule of Investments,"Marlin Equity III, L.P.",fund,FUND_0743,fund,2025-12-31,USD,35530.000000,,29533.000000,,,,,,Private Equity Investments,| single_holding,cost|fair_value,acc35bf1f51652261f79;f7390589d9cdfb8283cb,,TARGET_RESOLVED,FUND,FUND_INTEREST,OWNER_POMONA_INVESTMENT_FUND,fund,OWNER_POMONA_INVESTMENT_FUND,Pomona Investment Fund,OWNER_RESOLVED,OWNMAP008: The schedule directly names Pomona Investment Fund as the reporting fund. No fund_master link is asserted because the current fund master has no reviewed Pomona row.,PUBLISHED,,
866e6ab9d2c79157c8b6,SRC407,5,Consolidated Schedule of Investments,"Littlejohn Fund IV, L.P.",fund,FUND_0708,fund,2025-12-31,USD,92751.000000,,1732114.000000,,,,,,Private Equity Investments,| single_holding,cost|fair_value,469fe450581320fc4d9d;583ebf16bed8e0be43f9,,TARGET_RESOLVED,FUND,FUND_INTEREST,OWNER_POMONA_INVESTMENT_FUND,fund,OWNER_POMONA_INVESTMENT_FUND,Pomona Investment Fund,OWNER_RESOLVED,OWNMAP008: The schedule directly names Pomona Investment Fund as the reporting fund. No fund_master link is asserted because the current fund master has no reviewed Pomona row.,PUBLISHED,,
8fd7fc2b52d8a59f9213,SRC407,5,Consolidated Schedule of Investments,Oaktree Opportunities Fund VIII (Cayman) Ltd.,fund,FUND_0786,fund,2025-12-31,USD,2047.000000,,1436.000000,,,,,,Private Equity Investments,| single_holding,cost|fair_value,48888dbc774a1a8df150;62e396f9ba7ade754ee3,,TARGET_RESOLVED,FUND,FUND_INTEREST,OWNER_POMONA_INVESTMENT_FUND,fund,OWNER_POMONA_INVESTMENT_FUND,Pomona Investment Fund,OWNER_RESOLVED,OWNMAP008: The schedule directly names Pomona Investment Fund as the reporting fund. No fund_master link is asserted because the current fund master has no reviewed Pomona row.,PUBLISHED,,
8fe9d936b662dedfd414,SRC407,5,Consolidated Schedule of Investments,Providence Equity Partners VII L.P.,fund,FUND_0828,fund,2025-12-31,USD,3181458.000000,,5632650.000000,,,,,,Private Equity Investments,| single_holding,cost|fair_value,2791b23c5e44e97a5353;4c6080a42f17e1e22d71,,TARGET_RESOLVED,FUND,FUND_INTEREST,OWNER_POMONA_INVESTMENT_FUND,fund,OWNER_POMONA_INVESTMENT_FUND,Pomona Investment Fund,OWNER_RESOLVED,OWNMAP008: The schedule directly names Pomona Investment Fund as the reporting fund. No fund_master link is asserted because the current fund master has no reviewed Pomona row.,PUBLISHED,,
9115ebd09777f8c670d9,SRC407,5,Consolidated Schedule of Investments,RC III CKE LLC,fund,FUND_0844,fund,2025-12-31,USD,5464147.000000,,3260872.000000,,,,,,Private Equity Investments,| single_holding,cost|fair_value,35f22700789f10aedf11;aedf177b11181e90c5d8,,TARGET_RESOLVED,FUND,FUND_INTEREST,OWNER_POMONA_INVESTMENT_FUND,fund,OWNER_POMONA_INVESTMENT_FUND,Pomona Investment Fund,OWNER_RESOLVED,OWNMAP008: The schedule directly names Pomona Investment Fund as the reporting fund. No fund_master link is asserted because the current fund master has no reviewed Pomona row.,PUBLISHED,,
92586a81803db33ebcc6,SRC407,5,Consolidated Schedule of Investments,"PRO SPV, LP",fund,FUND_0820,fund,2025-12-31,USD,2914928.000000,,6481062.000000,,,,,,Private Equity Investments,| single_holding,cost|fair_value,ad30b70518d75a34b540;dc4145aa31cdeebcb7d0,,TARGET_RESOLVED,FUND,FUND_INTEREST,OWNER_POMONA_INVESTMENT_FUND,fund,OWNER_POMONA_INVESTMENT_FUND,Pomona Investment Fund,OWNER_RESOLVED,OWNMAP008: The schedule directly names Pomona Investment Fund as the reporting fund. No fund_master link is asserted because the current fund master has no reviewed Pomona row.,PUBLISHED,,
9ea699e41e20739cbd89,SRC407,5,Consolidated Schedule of Investments,KKR Americas Fund XII L.P.,fund,FUND_0683,fund,2025-12-31,USD,4682612.000000,,3576910.000000,,,,,,Private Equity Investments,| single_holding,cost|fair_value,8a70e6c9aa36dbcf9a46;e53c5c09ef1afbce52c9,,TARGET_RESOLVED,FUND,FUND_INTEREST,OWNER_POMONA_INVESTMENT_FUND,fund,OWNER_POMONA_INVESTMENT_FUND,Pomona Investment Fund,OWNER_RESOLVED,OWNMAP008: The schedule directly names Pomona Investment Fund as the reporting fund. No fund_master link is asserted because the current fund master has no reviewed Pomona row.,PUBLISHED,,
9f0187c8fff95ae7da92,SRC407,5,Consolidated Schedule of Investments,PAI Mid-Market Fund SCSp,fund,FUND_0805,fund,2025-12-31,USD,1130728.000000,,875277.000000,,,,,,Private Equity Investments,| single_holding,cost|fair_value,2db910bb565e44bcdd0e;9595fcfb9486815ac630,,TARGET_RESOLVED,FUND,FUND_INTEREST,OWNER_POMONA_INVESTMENT_FUND,fund,OWNER_POMONA_INVESTMENT_FUND,Pomona Investment Fund,OWNER_RESOLVED,OWNMAP008: The schedule directly names Pomona Investment Fund as the reporting fund. No fund_master link is asserted because the current fund master has no reviewed Pomona row.,PUBLISHED,,
9f383c73bd3f3632ee60,SRC407,5,Consolidated Schedule of Investments,Montagu+ SCSp,fund,FUND_0747,fund,2025-12-31,USD,3633926.000000,,2253508.000000,,,,,,Private Equity Investments,| single_holding,cost|fair_value,c5422ef4fe6d4ac205ee;f04aaa4bcfd5a16e3de8,,TARGET_RESOLVED,FUND,FUND_INTEREST,OWNER_POMONA_INVESTMENT_FUND,fund,OWNER_POMONA_INVESTMENT_FUND,Pomona Investment Fund,OWNER_RESOLVED,OWNMAP008: The schedule directly names Pomona Investment Fund as the reporting fund. No fund_master link is asserted because the current fund master has no reviewed Pomona row.,PUBLISHED,,
a78c63b9ffe04abd7618,SRC407,5,Consolidated Schedule of Investments,KKR Asian Fund II TE Blocker L.P.,fund,FUND_0684,fund,2025-12-31,USD,652478.000000,,1356863.000000,,,,,,Private Equity Investments,| single_holding,cost|fair_value,13017374781ff9317095;25359701c7c7260a90ba,,TARGET_RESOLVED,FUND,FUND_INTEREST,OWNER_POMONA_INVESTMENT_FUND,fund,OWNER_POMONA_INVESTMENT_FUND,Pomona Investment Fund,OWNER_RESOLVED,OWNMAP008: The schedule directly names Pomona Investment Fund as the reporting fund. No fund_master link is asserted because the current fund master has no reviewed Pomona row.,PUBLISHED,,
b0d1355ae83909a6dfa2,SRC407,5,Consolidated Schedule of Investments,"OEP VI Feeder (Cayman), L.P.",fund,FUND_0793,fund,2025-12-31,USD,4438701.000000,,3504669.000000,,,,,,Private Equity Investments,| single_holding,cost|fair_value,2496bdc24944830de532;cd57602f8d4221d46773,,TARGET_RESOLVED,FUND,FUND_INTEREST,OWNER_POMONA_INVESTMENT_FUND,fund,OWNER_POMONA_INVESTMENT_FUND,Pomona Investment Fund,OWNER_RESOLVED,OWNMAP008: The schedule directly names Pomona Investment Fund as the reporting fund. No fund_master link is asserted because the current fund master has no reviewed Pomona row.,PUBLISHED,,
b0d488ece6fd1c64cbf6,SRC407,5,Consolidated Schedule of Investments,Onex Partners IV LP,fund,FUND_0796,fund,2025-12-31,USD,2175125.000000,,2372080.000000,,,,,,Private Equity Investments,| single_holding,cost|fair_value,a444967a1307233bd6c3;eff211b0ee03ea3bc41f,,TARGET_RESOLVED,FUND,FUND_INTEREST,OWNER_POMONA_INVESTMENT_FUND,fund,OWNER_POMONA_INVESTMENT_FUND,Pomona Investment Fund,OWNER_RESOLVED,OWNMAP008: The schedule directly names Pomona Investment Fund as the reporting fund. No fund_master link is asserted because the current fund master has no reviewed Pomona row.,PUBLISHED,,
b23f5347002905149afa,SRC407,5,Consolidated Schedule of Investments,Providence Equity Partners VI L.P.,fund,FUND_0827,fund,2025-12-31,USD,35385.000000,,3459611.000000,,,,,,Private Equity Investments,| single_holding,cost|fair_value,e781f77b260e913279b5;e82c4f8a6ebf6217e68f,,TARGET_RESOLVED,FUND,FUND_INTEREST,OWNER_POMONA_INVESTMENT_FUND,fund,OWNER_POMONA_INVESTMENT_FUND,Pomona Investment Fund,OWNER_RESOLVED,OWNMAP008: The schedule directly names Pomona Investment Fund as the reporting fund. No fund_master link is asserted because the current fund master has no reviewed Pomona row.,PUBLISHED,,
b585e70e63904c0cff87,SRC407,5,Consolidated Schedule of Investments,"One Equity Partners VIII, L.P.",fund,FUND_0795,fund,2025-12-31,USD,1646247.000000,,1067574.000000,,,,,,Private Equity Investments,| single_holding,cost|fair_value,1e9fd2668039d5049dfa;30c143b798cbcf1630e9,,TARGET_RESOLVED,FUND,FUND_INTEREST,OWNER_POMONA_INVESTMENT_FUND,fund,OWNER_POMONA_INVESTMENT_FUND,Pomona Investment Fund,OWNER_RESOLVED,OWNMAP008: The schedule directly names Pomona Investment Fund as the reporting fund. No fund_master link is asserted because the current fund master has no reviewed Pomona row.,PUBLISHED,,
b674a1c21850cac0f8db,SRC407,5,Consolidated Schedule of Investments,"New Mountain Partners IV, L.P.",fund,FUND_0003,fund,2025-12-31,USD,541266.000000,,896293.000000,,,,,,Private Equity Investments,| single_holding,cost|fair_value,11917a8d99ecb4626389;ac9398d0f5b72a0a7978,,TARGET_RESOLVED,FUND,FUND_INTEREST,OWNER_POMONA_INVESTMENT_FUND,fund,OWNER_POMONA_INVESTMENT_FUND,Pomona Investment Fund,OWNER_RESOLVED,OWNMAP008: The schedule directly names Pomona Investment Fund as the reporting fund. No fund_master link is asserted because the current fund master has no reviewed Pomona row.,PUBLISHED,,
bac1814185b8ff07b211,SRC407,5,Consolidated Schedule of Investments,PEP VIII Antares Co-Investment L.P.,fund,FUND_0814,fund,2025-12-31,USD,9516275.000000,,9158173.000000,,,,,,Private Equity Investments,| single_holding,cost|fair_value,2c92452f6099e36d8f37;bee92c1d1029e781d628,,TARGET_RESOLVED,FUND,FUND_INTEREST,OWNER_POMONA_INVESTMENT_FUND,fund,OWNER_POMONA_INVESTMENT_FUND,Pomona Investment Fund,OWNER_RESOLVED,OWNMAP008: The schedule directly names Pomona Investment Fund as the reporting fund. No fund_master link is asserted because the current fund master has no reviewed Pomona row.,PUBLISHED,,
bcaf71caac33a59b472d,SRC407,5,Consolidated Schedule of Investments,Providence Equity Partners VII-A L.P.,fund,FUND_0829,fund,2025-12-31,USD,5206542.000000,,11332778.000000,,,,,,Private Equity Investments,| single_holding,cost|fair_value,90e96d5d69b75baba51a;fa8b064ecdb6d198b329,,TARGET_RESOLVED,FUND,FUND_INTEREST,OWNER_POMONA_INVESTMENT_FUND,fund,OWNER_POMONA_INVESTMENT_FUND,Pomona Investment Fund,OWNER_RESOLVED,OWNMAP008: The schedule directly names Pomona Investment Fund as the reporting fund. No fund_master link is asserted because the current fund master has no reviewed Pomona row.,PUBLISHED,,
bcb67b082eec26ac1064,SRC407,5,Consolidated Schedule of Investments,"New Mountain Partners V, L.P.",fund,FUND_0762,fund,2025-12-31,USD,2197986.000000,,2129340.000000,,,,,,Private Equity Investments,| single_holding,cost|fair_value,b4e01e4f79408b7133b3;e57a392e40f53aaf3563,,TARGET_RESOLVED,FUND,FUND_INTEREST,OWNER_POMONA_INVESTMENT_FUND,fund,OWNER_POMONA_INVESTMENT_FUND,Pomona Investment Fund,OWNER_RESOLVED,OWNMAP008: The schedule directly names Pomona Investment Fund as the reporting fund. No fund_master link is asserted because the current fund master has no reviewed Pomona row.,PUBLISHED,,
c39e14b71541f019cf8d,SRC407,5,Consolidated Schedule of Investments,"Oak Investment Partners XII, Limited Partnership",fund,FUND_0784,fund,2025-12-31,USD,41163.000000,,166027.000000,,,,,,Private Equity Investments,| single_holding,cost|fair_value,1a826c349825988aacd3;52f6497fc2c9d155ed7b,,TARGET_RESOLVED,FUND,FUND_INTEREST,OWNER_POMONA_INVESTMENT_FUND,fund,OWNER_POMONA_INVESTMENT_FUND,Pomona Investment Fund,OWNER_RESOLVED,OWNMAP008: The schedule directly names Pomona Investment Fund as the reporting fund. No fund_master link is asserted because the current fund master has no reviewed Pomona row.,PUBLISHED,,
cc0e8e7cee23974b8e1d,SRC407,5,Consolidated Schedule of Investments,"Lee Equity Partners Fund II, L.P.",fund,FUND_0696,fund,2025-12-31,USD,3729595.000000,,7676157.000000,,,,,,Private Equity Investments,| single_holding,cost|fair_value,71c622e7f93552e78d9d;7e842825176f23ccf4e1,,TARGET_RESOLVED,FUND,FUND_INTEREST,OWNER_POMONA_INVESTMENT_FUND,fund,OWNER_POMONA_INVESTMENT_FUND,Pomona Investment Fund,OWNER_RESOLVED,OWNMAP008: The schedule directly names Pomona Investment Fund as the reporting fund. No fund_master link is asserted because the current fund master has no reviewed Pomona row.,PUBLISHED,,
cd5814ae06ae26e2e43f,SRC407,5,Consolidated Schedule of Investments,PAI Strategic Partnerships SCSp,fund,FUND_0806,fund,2025-12-31,USD,1583133.000000,,12197955.000000,,,,,,Private Equity Investments,| single_holding,cost|fair_value,28a24b37749eead6a493;af994e345aa2de7f87c5,,TARGET_RESOLVED,FUND,FUND_INTEREST,OWNER_POMONA_INVESTMENT_FUND,fund,OWNER_POMONA_INVESTMENT_FUND,Pomona Investment Fund,OWNER_RESOLVED,OWNMAP008: The schedule directly names Pomona Investment Fund as the reporting fund. No fund_master link is asserted because the current fund master has no reviewed Pomona row.,PUBLISHED,,
d07b3edd86f4f1e40b20,SRC407,5,Consolidated Schedule of Investments,"Littlejohn Fund V, L.P.",fund,FUND_0709,fund,2025-12-31,USD,6944728.000000,,5168632.000000,,,,,,Private Equity Investments,| single_holding,cost|fair_value,0717b7c83ce639201cef;8e01913fe6c4a136d167,,TARGET_RESOLVED,FUND,FUND_INTEREST,OWNER_POMONA_INVESTMENT_FUND,fund,OWNER_POMONA_INVESTMENT_FUND,Pomona Investment Fund,OWNER_RESOLVED,OWNMAP008: The schedule directly names Pomona Investment Fund as the reporting fund. No fund_master link is asserted because the current fund master has no reviewed Pomona row.,PUBLISHED,,
d636b187bb27f4c5fa3c,SRC407,5,Consolidated Schedule of Investments,KKR European Fund V (USD) SCSp,fund,FUND_0685,fund,2025-12-31,USD,1037753.000000,,872058.000000,,,,,,Private Equity Investments,| single_holding,cost|fair_value,82ccadabea5dbd2932c7;a0e82e97363215f0b21d,,TARGET_RESOLVED,FUND,FUND_INTEREST,OWNER_POMONA_INVESTMENT_FUND,fund,OWNER_POMONA_INVESTMENT_FUND,Pomona Investment Fund,OWNER_RESOLVED,OWNMAP008: The schedule directly names Pomona Investment Fund as the reporting fund. No fund_master link is asserted because the current fund master has no reviewed Pomona row.,PUBLISHED,,
de70db291f86569835bf,SRC407,5,Consolidated Schedule of Investments,Providence Equity Partners (Unity) S.C.SP.,fund,FUND_0825,fund,2025-12-31,USD,1148324.000000,,55330.000000,,,,,,Private Equity Investments,| single_holding,cost|fair_value,068e7077b6d35c5af2d3;1c78291219c0f5311c92,,TARGET_RESOLVED,FUND,FUND_INTEREST,OWNER_POMONA_INVESTMENT_FUND,fund,OWNER_POMONA_INVESTMENT_FUND,Pomona Investment Fund,OWNER_RESOLVED,OWNMAP008: The schedule directly names Pomona Investment Fund as the reporting fund. No fund_master link is asserted because the current fund master has no reviewed Pomona row.,PUBLISHED,,
e2144fa6f4e7664be9e9,SRC407,5,Consolidated Schedule of Investments,Permira IV Feeder L.P.,fund,FUND_0815,fund,2025-12-31,USD,7038173.000000,,3367755.000000,,,,,,Private Equity Investments,| single_holding,cost|fair_value,7ad4b585d3f914ae66e9;f5276e7cdcba77cde6ef,,TARGET_RESOLVED,FUND,FUND_INTEREST,OWNER_POMONA_INVESTMENT_FUND,fund,OWNER_POMONA_INVESTMENT_FUND,Pomona Investment Fund,OWNER_RESOLVED,OWNMAP008: The schedule directly names Pomona Investment Fund as the reporting fund. No fund_master link is asserted because the current fund master has no reviewed Pomona row.,PUBLISHED,,
e35490ca68880dca11c1,SRC407,5,Consolidated Schedule of Investments,"PA Middle Market Fund, LP",fund,FUND_0801,fund,2025-12-31,USD,51660376.000000,,48075551.000000,,,,,,Private Equity Investments,| single_holding,cost|fair_value,d4fe9728901e8be292fa;f8471fdf67c0f77588ef,,TARGET_RESOLVED,FUND,FUND_INTEREST,OWNER_POMONA_INVESTMENT_FUND,fund,OWNER_POMONA_INVESTMENT_FUND,Pomona Investment Fund,OWNER_RESOLVED,OWNMAP008: The schedule directly names Pomona Investment Fund as the reporting fund. No fund_master link is asserted because the current fund master has no reviewed Pomona row.,PUBLISHED,,
f40622bd260cb009c9ad,SRC407,5,Consolidated Schedule of Investments,Njord SCSp,fund,FUND_0774,fund,2025-12-31,USD,633463.000000,,,,,,,,Private Equity Investments,single_holding,fair_value,0327856d6f515ce7d372,,TARGET_RESOLVED,FUND,FUND_INTEREST,OWNER_POMONA_INVESTMENT_FUND,fund,OWNER_POMONA_INVESTMENT_FUND,Pomona Investment Fund,OWNER_RESOLVED,OWNMAP008: The schedule directly names Pomona Investment Fund as the reporting fund. No fund_master link is asserted because the current fund master has no reviewed Pomona row.,PUBLISHED,,
0528007aeec98c5cf0cc,SRC407,6,Consolidated Schedule of Investments,"Samson Brunello 1, L.P.",fund,FUND_0877,fund,2025-12-31,USD,848647.000000,,542879.000000,,,,,,Private Equity Investments,| single_holding,cost|fair_value,9a70b40acce8bd7ebdd8;cedf11f4b17c5088f1bb,,TARGET_RESOLVED,FUND,FUND_INTEREST,OWNER_POMONA_INVESTMENT_FUND,fund,OWNER_POMONA_INVESTMENT_FUND,Pomona Investment Fund,OWNER_RESOLVED,OWNMAP008: The schedule directly names Pomona Investment Fund as the reporting fund. No fund_master link is asserted because the current fund master has no reviewed Pomona row.,PUBLISHED,,
102426c3e554a27d366f,SRC407,6,Consolidated Schedule of Investments,"Samson Shield 2, L.P.",fund,FUND_0881,fund,2025-12-31,USD,6310077.000000,,4010416.000000,,,,,,Private Equity Investments,| single_holding,cost|fair_value,228679ef69c589afaef6;c26aec8f7f1e783fd2b8,,TARGET_RESOLVED,FUND,FUND_INTEREST,OWNER_POMONA_INVESTMENT_FUND,fund,OWNER_POMONA_INVESTMENT_FUND,Pomona Investment Fund,OWNER_RESOLVED,OWNMAP008: The schedule directly names Pomona Investment Fund as the reporting fund. No fund_master link is asserted because the current fund master has no reviewed Pomona row.,PUBLISHED,,
15538cbc3c4f741d81c0,SRC407,6,Consolidated Schedule of Investments,"Warburg Pincus Private Equity XII-B, L.P.",fund,FUND_0996,fund,2025-12-31,USD,3155755.000000,,5059826.000000,,,,,,Private Equity Investments,| single_holding,cost|fair_value,ac1f733d766d58d562d2;cfcd0937099545cb87ee,,TARGET_RESOLVED,FUND,FUND_INTEREST,OWNER_POMONA_INVESTMENT_FUND,fund,OWNER_POMONA_INVESTMENT_FUND,Pomona Investment Fund,OWNER_RESOLVED,OWNMAP008: The schedule directly names Pomona Investment Fund as the reporting fund. No fund_master link is asserted because the current fund master has no reviewed Pomona row.,PUBLISHED,,
15717a1d9845b2166d20,SRC407,6,Consolidated Schedule of Investments,"Warburg Pincus Global Growth, L.P.",fund,FUND_0992,fund,2025-12-31,USD,9956678.000000,,6028863.000000,,,,,,Private Equity Investments,| single_holding,cost|fair_value,35db635cb1403d08f03a;e6333ee29f0a98e1896a,,TARGET_RESOLVED,FUND,FUND_INTEREST,OWNER_POMONA_INVESTMENT_FUND,fund,OWNER_POMONA_INVESTMENT_FUND,Pomona Investment Fund,OWNER_RESOLVED,OWNMAP008: The schedule directly names Pomona Investment Fund as the reporting fund. No fund_master link is asserted because the current fund master has no reviewed Pomona row.,PUBLISHED,,
16f4e473eb75b16c6131,SRC407,6,Consolidated Schedule of Investments,Verdane Capital IX AB,fund,FUND_0983,fund,2025-12-31,USD,1283443.000000,,1390540.000000,,,,,,Private Equity Investments,| single_holding,cost|fair_value,a542e30b5e0bddb5567c;c5ff5dac9b2865c1cd35,,TARGET_RESOLVED,FUND,FUND_INTEREST,OWNER_POMONA_INVESTMENT_FUND,fund,OWNER_POMONA_INVESTMENT_FUND,Pomona Investment Fund,OWNER_RESOLVED,OWNMAP008: The schedule directly names Pomona Investment Fund as the reporting fund. No fund_master link is asserted because the current fund master has no reviewed Pomona row.,PUBLISHED,,
1fcfb6689d03656f8caf,SRC407,6,Consolidated Schedule of Investments,"The Veritas Capital Fund VI, L.P.",fund,FUND_0950,fund,2025-12-31,USD,4143801.000000,,13353626.000000,,,,,,Private Equity Investments,| single_holding,cost|fair_value,20294acb201aba8afa14;2fffcf7cc158c254d0f1,,TARGET_RESOLVED,FUND,FUND_INTEREST,OWNER_POMONA_INVESTMENT_FUND,fund,OWNER_POMONA_INVESTMENT_FUND,Pomona Investment Fund,OWNER_RESOLVED,OWNMAP008: The schedule directly names Pomona Investment Fund as the reporting fund. No fund_master link is asserted because the current fund master has no reviewed Pomona row.,PUBLISHED,,
24057fb77840f99edf9c,SRC407,6,Consolidated Schedule of Investments,"TPG Partners VII, L.P.",fund,FUND_0968,fund,2025-12-31,USD,668960.000000,,610943.000000,,,,,,Private Equity Investments,| single_holding,cost|fair_value,03eee2e8b7cd845b4a1c;0c1a63041fe7b6eb5121,,TARGET_RESOLVED,FUND,FUND_INTEREST,OWNER_POMONA_INVESTMENT_FUND,fund,OWNER_POMONA_INVESTMENT_FUND,Pomona Investment Fund,OWNER_RESOLVED,OWNMAP008: The schedule directly names Pomona Investment Fund as the reporting fund. No fund_master link is asserted because the current fund master has no reviewed Pomona row.,PUBLISHED,,
286e18f6d650b34bdc59,SRC407,6,Consolidated Schedule of Investments,"Wind Point Partners AAV, L.P.",fund,FUND_1016,fund,2025-12-31,USD,461781.000000,,997066.000000,,,,,,Private Equity Investments,| single_holding,cost|fair_value,87ada1a220a8cce971d2;ea9095a03fefbd33934f,,TARGET_RESOLVED,FUND,FUND_INTEREST,OWNER_POMONA_INVESTMENT_FUND,fund,OWNER_POMONA_INVESTMENT_FUND,Pomona Investment Fund,OWNER_RESOLVED,OWNMAP008: The schedule directly names Pomona Investment Fund as the reporting fund. No fund_master link is asserted because the current fund master has no reviewed Pomona row.,PUBLISHED,,
2db333bead3d12dbf1a1,SRC407,6,Consolidated Schedule of Investments,Sixth Cinven Fund (No. 2) Limited Partnership,fund,FUND_0902,fund,2025-12-31,USD,794334.000000,,896971.000000,,,,,,Private Equity Investments,| single_holding,cost|fair_value,2a12f7bf3f3ee8f5eb68;8cf9410bdb02f45b6473,,TARGET_RESOLVED,FUND,FUND_INTEREST,OWNER_POMONA_INVESTMENT_FUND,fund,OWNER_POMONA_INVESTMENT_FUND,Pomona Investment Fund,OWNER_RESOLVED,OWNMAP008: The schedule directly names Pomona Investment Fund as the reporting fund. No fund_master link is asserted because the current fund master has no reviewed Pomona row.,PUBLISHED,,
336014ff32dd9dd90060,SRC407,6,Consolidated Schedule of Investments,TA Atlantic and Pacific VI L.P.,fund,FUND_0930,fund,2025-12-31,USD,29587.000000,,20352.000000,,,,,,Private Equity Investments,| single_holding,cost|fair_value,b84b065462ea38108b90;bbc206aaaeb9129182ec,,TARGET_RESOLVED,FUND,FUND_INTEREST,OWNER_POMONA_INVESTMENT_FUND,fund,OWNER_POMONA_INVESTMENT_FUND,Pomona Investment Fund,OWNER_RESOLVED,OWNMAP008: The schedule directly names Pomona Investment Fund as the reporting fund. No fund_master link is asserted because the current fund master has no reviewed Pomona row.,PUBLISHED,,
33f89f58dde84cc56ec3,SRC407,6,Consolidated Schedule of Investments,Roark Capital Partners V (T) LP,fund,FUND_0859,fund,2025-12-31,USD,4703789.000000,,4069816.000000,,,,,,Private Equity Investments,| single_holding,cost|fair_value,4b5211a4c761cc47620c;6edd411e1d67cd21f0fd,,TARGET_RESOLVED,FUND,FUND_INTEREST,OWNER_POMONA_INVESTMENT_FUND,fund,OWNER_POMONA_INVESTMENT_FUND,Pomona Investment Fund,OWNER_RESOLVED,OWNMAP008: The schedule directly names Pomona Investment Fund as the reporting fund. No fund_master link is asserted because the current fund master has no reviewed Pomona row.,PUBLISHED,,
3525d3676c71c34e6d21,SRC407,6,Consolidated Schedule of Investments,"Thomas H. Lee Parallel Fund VIII, L.P.",fund,FUND_0959,fund,2025-12-31,USD,5049778.000000,,4233755.000000,,,,,,Private Equity Investments,| single_holding,cost|fair_value,7a3bf738a06f9a6a1b3a;820de30a4b1ac358245f,,TARGET_RESOLVED,FUND,FUND_INTEREST,OWNER_POMONA_INVESTMENT_FUND,fund,OWNER_POMONA_INVESTMENT_FUND,Pomona Investment Fund,OWNER_RESOLVED,OWNMAP008: The schedule directly names Pomona Investment Fund as the reporting fund. No fund_master link is asserted because the current fund master has no reviewed Pomona row.,PUBLISHED,,
3b57b193ba9b041a4f19,SRC407,6,Consolidated Schedule of Investments,"Thomas H. Lee Parallel (Cayman) Fund VII, L.P.",fund,FUND_0958,fund,2025-12-31,USD,1554342.000000,,2118341.000000,,,,,,Private Equity Investments,| single_holding,cost|fair_value,7d288fba1466f6c22d14;f2f44def978a0f27e9ac,,TARGET_RESOLVED,FUND,FUND_INTEREST,OWNER_POMONA_INVESTMENT_FUND,fund,OWNER_POMONA_INVESTMENT_FUND,Pomona Investment Fund,OWNER_RESOLVED,OWNMAP008: The schedule directly names Pomona Investment Fund as the reporting fund. No fund_master link is asserted because the current fund master has no reviewed Pomona row.,PUBLISHED,,
3ea91d314e30649da1da,SRC407,6,Consolidated Schedule of Investments,"Summit Partners Private Equity Fund VII-A, L.P.",fund,FUND_0925,fund,2025-12-31,USD,111145.000000,,495237.000000,,,,,,Private Equity Investments,| single_holding,cost|fair_value,d8157748c0f2d3e8b876;d837c39dc1be1b10fbc9,,TARGET_RESOLVED,FUND,FUND_INTEREST,OWNER_POMONA_INVESTMENT_FUND,fund,OWNER_POMONA_INVESTMENT_FUND,Pomona Investment Fund,OWNER_RESOLVED,OWNMAP008: The schedule directly names Pomona Investment Fund as the reporting fund. No fund_master link is asserted because the current fund master has no reviewed Pomona row.,PUBLISHED,,
409044fab3355ca053ea,SRC407,6,Consolidated Schedule of Investments,"Warburg Pincus Private Equity XI, L.P.",fund,FUND_0993,fund,2025-12-31,USD,3368606.000000,,3539929.000000,,,,,,Private Equity Investments,| single_holding,cost|fair_value,0a9399547b66bac8bd1c;dc6af8158307117381ea,,TARGET_RESOLVED,FUND,FUND_INTEREST,OWNER_POMONA_INVESTMENT_FUND,fund,OWNER_POMONA_INVESTMENT_FUND,Pomona Investment Fund,OWNER_RESOLVED,OWNMAP008: The schedule directly names Pomona Investment Fund as the reporting fund. No fund_master link is asserted because the current fund master has no reviewed Pomona row.,PUBLISHED,,
40acba7a75cde8227405,SRC407,6,Consolidated Schedule of Investments,Sixth Cinven Fund (No. 4) Limited Partnership,fund,FUND_0903,fund,2025-12-31,USD,1055699.000000,,806633.000000,,,,,,Private Equity Investments,| single_holding,cost|fair_value,92c28765739c9a2f99cb;cef653d0a8bc200008b9,,TARGET_RESOLVED,FUND,FUND_INTEREST,OWNER_POMONA_INVESTMENT_FUND,fund,OWNER_POMONA_INVESTMENT_FUND,Pomona Investment Fund,OWNER_RESOLVED,OWNMAP008: The schedule directly names Pomona Investment Fund as the reporting fund. No fund_master link is asserted because the current fund master has no reviewed Pomona row.,PUBLISHED,,
529458637ab1bb2d5015,SRC407,6,Consolidated Schedule of Investments,"TowerBrook Investors III, L.P.",fund,FUND_0963,fund,2025-12-31,USD,17113.000000,,267492.000000,,,,,,Private Equity Investments,| single_holding,cost|fair_value,6fc7bf9c7f046a76e73c;7091acbe2741df3aea73,,TARGET_RESOLVED,FUND,FUND_INTEREST,OWNER_POMONA_INVESTMENT_FUND,fund,OWNER_POMONA_INVESTMENT_FUND,Pomona Investment Fund,OWNER_RESOLVED,OWNMAP008: The schedule directly names Pomona Investment Fund as the reporting fund. No fund_master link is asserted because the current fund master has no reviewed Pomona row.,PUBLISHED,,
52e2b2b7831ee9212a24,SRC407,6,Consolidated Schedule of Investments,Triton Fund IV L.P.,fund,FUND_0976,fund,2025-12-31,USD,21486573.000000,,11707936.000000,,,,,,Private Equity Investments,| single_holding,cost|fair_value,8a776a5192cb79f13d1e;a7d14c77ae7ede00f67d,,TARGET_RESOLVED,FUND,FUND_INTEREST,OWNER_POMONA_INVESTMENT_FUND,fund,OWNER_POMONA_INVESTMENT_FUND,Pomona Investment Fund,OWNER_RESOLVED,OWNMAP008: The schedule directly names Pomona Investment Fund as the reporting fund. No fund_master link is asserted because the current fund master has no reviewed Pomona row.,PUBLISHED,,
58c2bfeb244c957dffc2,SRC407,6,Consolidated Schedule of Investments,"TA Select Opportunities Fund-A, L.P.",fund,FUND_0932,fund,2025-12-31,USD,3273274.000000,,2934679.000000,,,,,,Private Equity Investments,| single_holding,cost|fair_value,3485bb1f91d836d1f079;4791d4cb44cdbf6e064e,,TARGET_RESOLVED,FUND,FUND_INTEREST,OWNER_POMONA_INVESTMENT_FUND,fund,OWNER_POMONA_INVESTMENT_FUND,Pomona Investment Fund,OWNER_RESOLVED,OWNMAP008: The schedule directly names Pomona Investment Fund as the reporting fund. No fund_master link is asserted because the current fund master has no reviewed Pomona row.,PUBLISHED,,
5a3238e007248a843775,SRC407,6,Consolidated Schedule of Investments,"TPF II-A, LP",fund,FUND_0964,fund,2025-12-31,USD,760.000000,,14855.000000,,,,,,Private Equity Investments,| single_holding,cost|fair_value,73571c0f7b70e1e34bf0;bbec4bebb5980ddc8afa,,TARGET_RESOLVED,FUND,FUND_INTEREST,OWNER_POMONA_INVESTMENT_FUND,fund,OWNER_POMONA_INVESTMENT_FUND,Pomona Investment Fund,OWNER_RESOLVED,OWNMAP008: The schedule directly names Pomona Investment Fund as the reporting fund. No fund_master link is asserted because the current fund master has no reviewed Pomona row.,PUBLISHED,,
61a1829a0ab238b70bf9,SRC407,6,Consolidated Schedule of Investments,"Vista Equity Partners Fund VII, L.P.",fund,FUND_1051,fund,2025-12-31,USD,918192.000000,,414002.000000,,,,,,Private Equity Investments,| single_holding,cost|fair_value,2fdc9bc67d942e61f692;da16345712e025fc6b72,,TARGET_RESOLVED,FUND,FUND_INTEREST,OWNER_POMONA_INVESTMENT_FUND,fund,OWNER_POMONA_INVESTMENT_FUND,Pomona Investment Fund,OWNER_RESOLVED,OWNMAP008: The schedule directly names Pomona Investment Fund as the reporting fund. No fund_master link is asserted because the current fund master has no reviewed Pomona row.,PUBLISHED,,
6261956fcdcfab1d9c3a,SRC407,6,Consolidated Schedule of Investments,"SL SPV-2, L.P.",fund,FUND_0905,fund,2025-12-31,USD,624544.000000,,315873.000000,,,,,,Private Equity Investments,| single_holding,cost|fair_value,650f25b4fdeffb81f62e;89e762133bed34cfb6f1,,TARGET_RESOLVED,FUND,FUND_INTEREST,OWNER_POMONA_INVESTMENT_FUND,fund,OWNER_POMONA_INVESTMENT_FUND,Pomona Investment Fund,OWNER_RESOLVED,OWNMAP008: The schedule directly names Pomona Investment Fund as the reporting fund. No fund_master link is asserted because the current fund master has no reviewed Pomona row.,PUBLISHED,,
63f2a5b2ce3be3194030,SRC407,6,Consolidated Schedule of Investments,"TA XII-A, L.P.",fund,FUND_0933,fund,2025-12-31,USD,11281245.000000,,8749763.000000,,,,,,Private Equity Investments,| single_holding,cost|fair_value,867027b423f9558f77d8;f83ff72a1cf9d235ded6,,TARGET_RESOLVED,FUND,FUND_INTEREST,OWNER_POMONA_INVESTMENT_FUND,fund,OWNER_POMONA_INVESTMENT_FUND,Pomona Investment Fund,OWNER_RESOLVED,OWNMAP008: The schedule directly names Pomona Investment Fund as the reporting fund. No fund_master link is asserted because the current fund master has no reviewed Pomona row.,PUBLISHED,,
65ed2ed25402d5325deb,SRC407,6,Consolidated Schedule of Investments,"Tennenbaum Opportunities Fund V, LLC",fund,FUND_0945,fund,2025-12-31,USD,21327.000000,,86179.000000,,,,,,Private Equity Investments,| single_holding,cost|fair_value,6f7caff9a04d5f8107be;86c4d90e491deaca6d70,,TARGET_RESOLVED,FUND,FUND_INTEREST,OWNER_POMONA_INVESTMENT_FUND,fund,OWNER_POMONA_INVESTMENT_FUND,Pomona Investment Fund,OWNER_RESOLVED,OWNMAP008: The schedule directly names Pomona Investment Fund as the reporting fund. No fund_master link is asserted because the current fund master has no reviewed Pomona row.,PUBLISHED,,
6d1c14b1db19c1642072,SRC407,6,Consolidated Schedule of Investments,"Vector Capital V, L.P.",fund,FUND_0981,fund,2025-12-31,USD,25994513.000000,,24391588.000000,,,,,,Private Equity Investments,| single_holding,cost|fair_value,daa73f21b7d577a9c826;e621b3dc6a4ca3fc0266,,TARGET_RESOLVED,FUND,FUND_INTEREST,OWNER_POMONA_INVESTMENT_FUND,fund,OWNER_POMONA_INVESTMENT_FUND,Pomona Investment Fund,OWNER_RESOLVED,OWNMAP008: The schedule directly names Pomona Investment Fund as the reporting fund. No fund_master link is asserted because the current fund master has no reviewed Pomona row.,PUBLISHED,,
7727b12e0efd4095c5ec,SRC407,6,Consolidated Schedule of Investments,"Sixth Street Opportunities Partners III (B), L.P.",fund,FUND_0904,fund,2025-12-31,USD,16498.000000,,18659.000000,,,,,,Private Equity Investments,| single_holding,cost|fair_value,cf64468053177ed12da7;e1412ed1fc8288f848b8,,TARGET_RESOLVED,FUND,FUND_INTEREST,OWNER_POMONA_INVESTMENT_FUND,fund,OWNER_POMONA_INVESTMENT_FUND,Pomona Investment Fund,OWNER_RESOLVED,OWNMAP008: The schedule directly names Pomona Investment Fund as the reporting fund. No fund_master link is asserted because the current fund master has no reviewed Pomona row.,PUBLISHED,,
7f7637682fe61fb4c628,SRC407,6,Consolidated Schedule of Investments,"Saw Mill Capital Partners, L.P.",fund,FUND_0884,fund,2025-12-31,USD,5775.000000,,558675.000000,,,,,,Private Equity Investments,| single_holding,cost|fair_value,1fba886139df6d97e003;7fa1a20e75c893a9dad3,,TARGET_RESOLVED,FUND,FUND_INTEREST,OWNER_POMONA_INVESTMENT_FUND,fund,OWNER_POMONA_INVESTMENT_FUND,Pomona Investment Fund,OWNER_RESOLVED,OWNMAP008: The schedule directly names Pomona Investment Fund as the reporting fund. No fund_master link is asserted because the current fund master has no reviewed Pomona row.,PUBLISHED,,
8037180296285dad16de,SRC407,6,Consolidated Schedule of Investments,"WCAS XIV, L.P.",fund,FUND_1006,fund,2025-12-31,USD,636080.000000,,388046.000000,,,,,,Private Equity Investments,| single_holding,cost|fair_value,0ffd9371e73d13e0294b;1d38d6de007f819a81b9,,TARGET_RESOLVED,FUND,FUND_INTEREST,OWNER_POMONA_INVESTMENT_FUND,fund,OWNER_POMONA_INVESTMENT_FUND,Pomona Investment Fund,OWNER_RESOLVED,OWNMAP008: The schedule directly names Pomona Investment Fund as the reporting fund. No fund_master link is asserted because the current fund master has no reviewed Pomona row.,PUBLISHED,,
84525d7b664dd6f9bdfc,SRC407,6,Consolidated Schedule of Investments,"Webster Equity Partners Bristol CF, L.P.",fund,FUND_1007,fund,2025-12-31,USD,15538674.000000,,6900397.000000,,,,,,Private Equity Investments,| single_holding,cost|fair_value,61d860ecdd3091835627;b84e9422f53576ce00af,,TARGET_RESOLVED,FUND,FUND_INTEREST,OWNER_POMONA_INVESTMENT_FUND,fund,OWNER_POMONA_INVESTMENT_FUND,Pomona Investment Fund,OWNER_RESOLVED,OWNMAP008: The schedule directly names Pomona Investment Fund as the reporting fund. No fund_master link is asserted because the current fund master has no reviewed Pomona row.,PUBLISHED,,
86ab8f4bf052c93c29f0,SRC407,6,Consolidated Schedule of Investments,"Samson Shield 1, L.P.",fund,FUND_0880,fund,2025-12-31,USD,1183291.000000,,606941.000000,,,,,,Private Equity Investments,| single_holding,cost|fair_value,3de49e8656283242000d;fab02a383347acd245f9,,TARGET_RESOLVED,FUND,FUND_INTEREST,OWNER_POMONA_INVESTMENT_FUND,fund,OWNER_POMONA_INVESTMENT_FUND,Pomona Investment Fund,OWNER_RESOLVED,OWNMAP008: The schedule directly names Pomona Investment Fund as the reporting fund. No fund_master link is asserted because the current fund master has no reviewed Pomona row.,PUBLISHED,,
89ffbdd23d55612cd583,SRC407,6,Consolidated Schedule of Investments,Roark Capital Partners III LP,fund,FUND_0857,fund,2025-12-31,USD,12720913.000000,,12137977.000000,,,,,,Private Equity Investments,| single_holding,cost|fair_value,8b9f54e3732416153741;a074555a9a882dd5418e,,TARGET_RESOLVED,FUND,FUND_INTEREST,OWNER_POMONA_INVESTMENT_FUND,fund,OWNER_POMONA_INVESTMENT_FUND,Pomona Investment Fund,OWNER_RESOLVED,OWNMAP008: The schedule directly names Pomona Investment Fund as the reporting fund. No fund_master link is asserted because the current fund master has no reviewed Pomona row.,PUBLISHED,,
8cac63cf0ae3a75b3591,SRC407,6,Consolidated Schedule of Investments,"TPG Partners VIII, L.P.",fund,FUND_0969,fund,2025-12-31,USD,3376447.000000,,1630482.000000,,,,,,Private Equity Investments,| single_holding,cost|fair_value,a258a73a3c63b6fb163c;c98670fed47d96533b6d,,TARGET_RESOLVED,FUND,FUND_INTEREST,OWNER_POMONA_INVESTMENT_FUND,fund,OWNER_POMONA_INVESTMENT_FUND,Pomona Investment Fund,OWNER_RESOLVED,OWNMAP008: The schedule directly names Pomona Investment Fund as the reporting fund. No fund_master link is asserted because the current fund master has no reviewed Pomona row.,PUBLISHED,,
8d0d82c491040bcd5338,SRC407,6,Consolidated Schedule of Investments,"Warburg Pincus Private Equity XI-B, L.P.",fund,FUND_0994,fund,2025-12-31,USD,1922472.000000,,2621190.000000,,,,,,Private Equity Investments,| single_holding,cost|fair_value,1aef352891c774f18c65;b2538b777958673944e9,,TARGET_RESOLVED,FUND,FUND_INTEREST,OWNER_POMONA_INVESTMENT_FUND,fund,OWNER_POMONA_INVESTMENT_FUND,Pomona Investment Fund,OWNER_RESOLVED,OWNMAP008: The schedule directly names Pomona Investment Fund as the reporting fund. No fund_master link is asserted because the current fund master has no reviewed Pomona row.,PUBLISHED,,
9014083d535e2085e6a5,SRC407,6,Consolidated Schedule of Investments,Roark Capital Partners II LP,fund,FUND_0855,fund,2025-12-31,USD,701.000000,,783059.000000,,,,,,Private Equity Investments,| single_holding,cost|fair_value,83bd0719dd60bc934c31;8c007421362a6871a7a2,,TARGET_RESOLVED,FUND,FUND_INTEREST,OWNER_POMONA_INVESTMENT_FUND,fund,OWNER_POMONA_INVESTMENT_FUND,Pomona Investment Fund,OWNER_RESOLVED,OWNMAP008: The schedule directly names Pomona Investment Fund as the reporting fund. No fund_master link is asserted because the current fund master has no reviewed Pomona row.,PUBLISHED,,
910a2495fa5b20b1e4bf,SRC407,6,Consolidated Schedule of Investments,"TA Select Opportunities Fund II-A, L.P.",fund,FUND_0931,fund,2025-12-31,USD,1153426.000000,,997766.000000,,,,,,Private Equity Investments,| single_holding,cost|fair_value,7dadf914e97381eda174;cdb164a634d9f8c8fd0c,,TARGET_RESOLVED,FUND,FUND_INTEREST,OWNER_POMONA_INVESTMENT_FUND,fund,OWNER_POMONA_INVESTMENT_FUND,Pomona Investment Fund,OWNER_RESOLVED,OWNMAP008: The schedule directly names Pomona Investment Fund as the reporting fund. No fund_master link is asserted because the current fund master has no reviewed Pomona row.,PUBLISHED,,
925e00061ebaa3b5b195,SRC407,6,Consolidated Schedule of Investments,"WCAS XIII, L.P.",fund,FUND_1005,fund,2025-12-31,USD,572308.000000,,331839.000000,,,,,,Private Equity Investments,| single_holding,cost|fair_value,071211f92bf19af5dccb;17a6035832858944208a,,TARGET_RESOLVED,FUND,FUND_INTEREST,OWNER_POMONA_INVESTMENT_FUND,fund,OWNER_POMONA_INVESTMENT_FUND,Pomona Investment Fund,OWNER_RESOLVED,OWNMAP008: The schedule directly names Pomona Investment Fund as the reporting fund. No fund_master link is asserted because the current fund master has no reviewed Pomona row.,PUBLISHED,,
9e7cf8e30f5c87efca4d,SRC407,6,Consolidated Schedule of Investments,"Silver Lake Partners III, L.P.",fund,FUND_0900,fund,2025-12-31,USD,5056.000000,,847701.000000,,,,,,Private Equity Investments,| single_holding,cost|fair_value,6985a971c8ff72820abf;8f51f4f1dcdba7968247,,TARGET_RESOLVED,FUND,FUND_INTEREST,OWNER_POMONA_INVESTMENT_FUND,fund,OWNER_POMONA_INVESTMENT_FUND,Pomona Investment Fund,OWNER_RESOLVED,OWNMAP008: The schedule directly names Pomona Investment Fund as the reporting fund. No fund_master link is asserted because the current fund master has no reviewed Pomona row.,PUBLISHED,,
9feae2e60be3551d4072,SRC407,6,Consolidated Schedule of Investments,"Sun Capital Partners V, L.P.",fund,FUND_0927,fund,2025-12-31,USD,61553.000000,,467090.000000,,,,,,Private Equity Investments,| single_holding,cost|fair_value,1dc41dea4accb191f6fd;c8436b709cf208482fa2,,TARGET_RESOLVED,FUND,FUND_INTEREST,OWNER_POMONA_INVESTMENT_FUND,fund,OWNER_POMONA_INVESTMENT_FUND,Pomona Investment Fund,OWNER_RESOLVED,OWNMAP008: The schedule directly names Pomona Investment Fund as the reporting fund. No fund_master link is asserted because the current fund master has no reviewed Pomona row.,PUBLISHED,,
a04e05cde831bdb5c93c,SRC407,6,Consolidated Schedule of Investments,"Thomas H. Lee Equity Fund VII, L.P.",fund,FUND_0956,fund,2025-12-31,USD,314081.000000,,199059.000000,,,,,,Private Equity Investments,| single_holding,cost|fair_value,346f29da4aa2603508c1;bdad45265fbe0d26cfdc,,TARGET_RESOLVED,FUND,FUND_INTEREST,OWNER_POMONA_INVESTMENT_FUND,fund,OWNER_POMONA_INVESTMENT_FUND,Pomona Investment Fund,OWNER_RESOLVED,OWNMAP008: The schedule directly names Pomona Investment Fund as the reporting fund. No fund_master link is asserted because the current fund master has no reviewed Pomona row.,PUBLISHED,,
a43ae3169e80cbc2ca1a,SRC407,6,Consolidated Schedule of Investments,"Samson Hockey 2, L.P.",fund,FUND_0879,fund,2025-12-31,USD,2020745.000000,,904969.000000,,,,,,Private Equity Investments,| single_holding,cost|fair_value,6c8e7fcb858a08295888;f3c1ed621f4c75bdd619,,TARGET_RESOLVED,FUND,FUND_INTEREST,OWNER_POMONA_INVESTMENT_FUND,fund,OWNER_POMONA_INVESTMENT_FUND,Pomona Investment Fund,OWNER_RESOLVED,OWNMAP008: The schedule directly names Pomona Investment Fund as the reporting fund. No fund_master link is asserted because the current fund master has no reviewed Pomona row.,PUBLISHED,,
a6954c393e1e7318354e,SRC407,6,Consolidated Schedule of Investments,"Thomas H. Lee Equity Fund VIII, L.P.",fund,FUND_0957,fund,2025-12-31,USD,567546.000000,,421334.000000,,,,,,Private Equity Investments,| single_holding,cost|fair_value,5696fb8b1454c0a2ca87;d0c1848d24636cfb6fb8,,TARGET_RESOLVED,FUND,FUND_INTEREST,OWNER_POMONA_INVESTMENT_FUND,fund,OWNER_POMONA_INVESTMENT_FUND,Pomona Investment Fund,OWNER_RESOLVED,OWNMAP008: The schedule directly names Pomona Investment Fund as the reporting fund. No fund_master link is asserted because the current fund master has no reviewed Pomona row.,PUBLISHED,,
a8e3d4c805003a2c571c,SRC407,6,Consolidated Schedule of Investments,"Warburg Pincus Private Equity XII, L.P.",fund,FUND_0995,fund,2025-12-31,USD,5498503.000000,,5957833.000000,,,,,,Private Equity Investments,| single_holding,cost|fair_value,1e67892d9c40ca544d10;c86934b84be2fe848cac,,TARGET_RESOLVED,FUND,FUND_INTEREST,OWNER_POMONA_INVESTMENT_FUND,fund,OWNER_POMONA_INVESTMENT_FUND,Pomona Investment Fund,OWNER_RESOLVED,OWNMAP008: The schedule directly names Pomona Investment Fund as the reporting fund. No fund_master link is asserted because the current fund master has no reviewed Pomona row.,PUBLISHED,,
aa68d99268921b135e3f,SRC407,6,Consolidated Schedule of Investments,"Silver Lake Partners V, L.P.",fund,FUND_0901,fund,2025-12-31,USD,2024814.000000,,1640438.000000,,,,,,Private Equity Investments,| single_holding,cost|fair_value,51984451cd9fe5914361;9033426f2870bab0b67b,,TARGET_RESOLVED,FUND,FUND_INTEREST,OWNER_POMONA_INVESTMENT_FUND,fund,OWNER_POMONA_INVESTMENT_FUND,Pomona Investment Fund,OWNER_RESOLVED,OWNMAP008: The schedule directly names Pomona Investment Fund as the reporting fund. No fund_master link is asserted because the current fund master has no reviewed Pomona row.,PUBLISHED,,
acc513f8ffe8f6e33bcc,SRC407,6,Consolidated Schedule of Investments,"Summit Partners Growth Equity Fund VIII-B, L.P.",fund,FUND_0924,fund,2025-12-31,USD,299298.000000,,797205.000000,,,,,,Private Equity Investments,| single_holding,cost|fair_value,0624007a3aced074dc63;fb00f0104d86bbb19912,,TARGET_RESOLVED,FUND,FUND_INTEREST,OWNER_POMONA_INVESTMENT_FUND,fund,OWNER_POMONA_INVESTMENT_FUND,Pomona Investment Fund,OWNER_RESOLVED,OWNMAP008: The schedule directly names Pomona Investment Fund as the reporting fund. No fund_master link is asserted because the current fund master has no reviewed Pomona row.,PUBLISHED,,
b47d952e8d8958999109,SRC407,6,Consolidated Schedule of Investments,"SunTx Capital Partners II, L.P.",fund,FUND_0928,fund,2025-12-31,USD,6204965.000000,,939635.000000,,,,,,Private Equity Investments,| single_holding,cost|fair_value,4a8542fc43669dd81b41;78a125f0e7727bee4677,,TARGET_RESOLVED,FUND,FUND_INTEREST,OWNER_POMONA_INVESTMENT_FUND,fund,OWNER_POMONA_INVESTMENT_FUND,Pomona Investment Fund,OWNER_RESOLVED,OWNMAP008: The schedule directly names Pomona Investment Fund as the reporting fund. No fund_master link is asserted because the current fund master has no reviewed Pomona row.,PUBLISHED,,
bb0d20dc979459d2361a,SRC407,6,Consolidated Schedule of Investments,"Trinity Ventures 2024, L.P.",fund,FUND_0974,fund,2025-12-31,USD,5861402.000000,,4617734.000000,,,,,,Private Equity Investments,| single_holding,cost|fair_value,5456c1c1ac9b1e12022c;fda2cdd295bd50926f04,,TARGET_RESOLVED,FUND,FUND_INTEREST,OWNER_POMONA_INVESTMENT_FUND,fund,OWNER_POMONA_INVESTMENT_FUND,Pomona Investment Fund,OWNER_RESOLVED,OWNMAP008: The schedule directly names Pomona Investment Fund as the reporting fund. No fund_master link is asserted because the current fund master has no reviewed Pomona row.,PUBLISHED,,
ca888a34869376037f84,SRC407,6,Consolidated Schedule of Investments,"TPG Partners VI, L.P.",fund,FUND_0967,fund,2025-12-31,USD,74383.000000,,1451036.000000,,,,,,Private Equity Investments,| single_holding,cost|fair_value,95bd3ee4573bc069a1d9;cc96e72faf065d623a26,,TARGET_RESOLVED,FUND,FUND_INTEREST,OWNER_POMONA_INVESTMENT_FUND,fund,OWNER_POMONA_INVESTMENT_FUND,Pomona Investment Fund,OWNER_RESOLVED,OWNMAP008: The schedule directly names Pomona Investment Fund as the reporting fund. No fund_master link is asserted because the current fund master has no reviewed Pomona row.,PUBLISHED,,
cd28b84e874f80d56333,SRC407,6,Consolidated Schedule of Investments,"Vista Equity Partners Fund VI, L.P.",fund,FUND_0986,fund,2025-12-31,USD,997367.000000,,695367.000000,,,,,,Private Equity Investments,| single_holding,cost|fair_value,c02686148d404e618b96;c609d5359eb7cc1b6e41,,TARGET_RESOLVED,FUND,FUND_INTEREST,OWNER_POMONA_INVESTMENT_FUND,fund,OWNER_POMONA_INVESTMENT_FUND,Pomona Investment Fund,OWNER_RESOLVED,OWNMAP008: The schedule directly names Pomona Investment Fund as the reporting fund. No fund_master link is asserted because the current fund master has no reviewed Pomona row.,PUBLISHED,,
cd8d927e1c499ea5ffd5,SRC407,6,Consolidated Schedule of Investments,"TA XI, L.P.",fund,FUND_0119,fund,2025-12-31,USD,222798.000000,,43429.000000,,,,,,Private Equity Investments,| single_holding,cost|fair_value,67f44fc94e354d54b88a;bd26c3d726aca1cf9a76,,TARGET_RESOLVED,FUND,FUND_INTEREST,OWNER_POMONA_INVESTMENT_FUND,fund,OWNER_POMONA_INVESTMENT_FUND,Pomona Investment Fund,OWNER_RESOLVED,OWNMAP008: The schedule directly names Pomona Investment Fund as the reporting fund. No fund_master link is asserted because the current fund master has no reviewed Pomona row.,PUBLISHED,,
cdb2911691df0002911f,SRC407,6,Consolidated Schedule of Investments,"Sterling Capital Partners IV, L.P.",fund,FUND_0915,fund,2025-12-31,USD,413061.000000,,975953.000000,,,,,,Private Equity Investments,| single_holding,cost|fair_value,ceaf4c48e809c2b4fc06;e103ac6beccb84e882c4,,TARGET_RESOLVED,FUND,FUND_INTEREST,OWNER_POMONA_INVESTMENT_FUND,fund,OWNER_POMONA_INVESTMENT_FUND,Pomona Investment Fund,OWNER_RESOLVED,OWNMAP008: The schedule directly names Pomona Investment Fund as the reporting fund. No fund_master link is asserted because the current fund master has no reviewed Pomona row.,PUBLISHED,,
cf2aa7f268c149f7e149,SRC407,6,Consolidated Schedule of Investments,"Sorenson Capital Partners III, L.P.",fund,FUND_0908,fund,2025-12-31,USD,14084507.000000,,14129221.000000,,,,,,Private Equity Investments,| single_holding,cost|fair_value,1e8326c90b0655302360;7532aeae748f675387e7,,TARGET_RESOLVED,FUND,FUND_INTEREST,OWNER_POMONA_INVESTMENT_FUND,fund,OWNER_POMONA_INVESTMENT_FUND,Pomona Investment Fund,OWNER_RESOLVED,OWNMAP008: The schedule directly names Pomona Investment Fund as the reporting fund. No fund_master link is asserted because the current fund master has no reviewed Pomona row.,PUBLISHED,,
cfa277d1b49833d49e7e,SRC407,6,Consolidated Schedule of Investments,"Seidler Equity Partners IV, L.P.",fund,FUND_0892,fund,2025-12-31,USD,883887.000000,,2036010.000000,,,,,,Private Equity Investments,| single_holding,cost|fair_value,0884408457638f5f35c2;ae3a7e4dcaddaf4800bc,,TARGET_RESOLVED,FUND,FUND_INTEREST,OWNER_POMONA_INVESTMENT_FUND,fund,OWNER_POMONA_INVESTMENT_FUND,Pomona Investment Fund,OWNER_RESOLVED,OWNMAP008: The schedule directly names Pomona Investment Fund as the reporting fund. No fund_master link is asserted because the current fund master has no reviewed Pomona row.,PUBLISHED,,
d4db8afaec769f7d0c7f,SRC407,6,Consolidated Schedule of Investments,Roark Capital Partners IV LP,fund,FUND_0858,fund,2025-12-31,USD,31171605.000000,,24102480.000000,,,,,,Private Equity Investments,| single_holding,cost|fair_value,3085e770fc9e49abb7de;ac43380d1044fbbdfcca,,TARGET_RESOLVED,FUND,FUND_INTEREST,OWNER_POMONA_INVESTMENT_FUND,fund,OWNER_POMONA_INVESTMENT_FUND,Pomona Investment Fund,OWNER_RESOLVED,OWNMAP008: The schedule directly names Pomona Investment Fund as the reporting fund. No fund_master link is asserted because the current fund master has no reviewed Pomona row.,PUBLISHED,,
d78dd0ccab4e309aebdd,SRC407,6,Consolidated Schedule of Investments,"TPG Growth III (A), L.P.",fund,FUND_0966,fund,2025-12-31,USD,1616896.000000,,1937686.000000,,,,,,Private Equity Investments,| single_holding,cost|fair_value,493c8dcf088a0a3df743;e879fbb39edb7ad35277,,TARGET_RESOLVED,FUND,FUND_INTEREST,OWNER_POMONA_INVESTMENT_FUND,fund,OWNER_POMONA_INVESTMENT_FUND,Pomona Investment Fund,OWNER_RESOLVED,OWNMAP008: The schedule directly names Pomona Investment Fund as the reporting fund. No fund_master link is asserted because the current fund master has no reviewed Pomona row.,PUBLISHED,,
dbd9ef5c0dcbfa52a040,SRC407,6,Consolidated Schedule of Investments,"Trident VI, L.P.",fund,FUND_0972,fund,2025-12-31,USD,3347924.000000,,4135283.000000,,,,,,Private Equity Investments,| single_holding,cost|fair_value,08e61ab65adffcbc295a;5d211e1c8b6d714867eb,,TARGET_RESOLVED,FUND,FUND_INTEREST,OWNER_POMONA_INVESTMENT_FUND,fund,OWNER_POMONA_INVESTMENT_FUND,Pomona Investment Fund,OWNER_RESOLVED,OWNMAP008: The schedule directly names Pomona Investment Fund as the reporting fund. No fund_master link is asserted because the current fund master has no reviewed Pomona row.,PUBLISHED,,
dfa7a3d658959acaa94d,SRC407,6,Consolidated Schedule of Investments,"Sun Capital Partners IV, LP",fund,FUND_0926,fund,2025-12-31,USD,61943.000000,,243191.000000,,,,,,Private Equity Investments,| single_holding,cost|fair_value,adf9ec1c52bc2e656f6e;f535037b1e9239893e19,,TARGET_RESOLVED,FUND,FUND_INTEREST,OWNER_POMONA_INVESTMENT_FUND,fund,OWNER_POMONA_INVESTMENT_FUND,Pomona Investment Fund,OWNER_RESOLVED,OWNMAP008: The schedule directly names Pomona Investment Fund as the reporting fund. No fund_master link is asserted because the current fund master has no reviewed Pomona row.,PUBLISHED,,
dfd56197663f427330fc,SRC407,6,Consolidated Schedule of Investments,"The Resolute III Continuation Fund, L.P.",fund,FUND_0948,fund,2025-12-31,USD,24263833.000000,,23354865.000000,,,,,,Private Equity Investments,| single_holding,cost|fair_value,325d8e9e790b2139c53a;652fe9e62f0ef46da2ef,,TARGET_RESOLVED,FUND,FUND_INTEREST,OWNER_POMONA_INVESTMENT_FUND,fund,OWNER_POMONA_INVESTMENT_FUND,Pomona Investment Fund,OWNER_RESOLVED,OWNMAP008: The schedule directly names Pomona Investment Fund as the reporting fund. No fund_master link is asserted because the current fund master has no reviewed Pomona row.,PUBLISHED,,
f1c2669d75a9313254b4,SRC407,6,Consolidated Schedule of Investments,"TPG Asia VI, L.P.",fund,FUND_0965,fund,2025-12-31,USD,3297234.000000,,3801977.000000,,,,,,Private Equity Investments,| single_holding,cost|fair_value,2fb315a3e2ddc8334ee9;307558cb257c6f80af83,,TARGET_RESOLVED,FUND,FUND_INTEREST,OWNER_POMONA_INVESTMENT_FUND,fund,OWNER_POMONA_INVESTMENT_FUND,Pomona Investment Fund,OWNER_RESOLVED,OWNMAP008: The schedule directly names Pomona Investment Fund as the reporting fund. No fund_master link is asserted because the current fund master has no reviewed Pomona row.,PUBLISHED,,
f223e876c0e03bbdf18f,SRC407,6,Consolidated Schedule of Investments,Trident VIII L.P.,fund,FUND_0973,fund,2025-12-31,USD,1254979.000000,,968572.000000,,,,,,Private Equity Investments,| single_holding,cost|fair_value,9c0b87ed2b11598b3628;9cb7777cafcc0b88d098,,TARGET_RESOLVED,FUND,FUND_INTEREST,OWNER_POMONA_INVESTMENT_FUND,fund,OWNER_POMONA_INVESTMENT_FUND,Pomona Investment Fund,OWNER_RESOLVED,OWNMAP008: The schedule directly names Pomona Investment Fund as the reporting fund. No fund_master link is asserted because the current fund master has no reviewed Pomona row.,PUBLISHED,,
f45cdd1a6348e1f00b96,SRC407,6,Consolidated Schedule of Investments,"The Veritas Capital Fund V, L.P.",fund,FUND_0949,fund,2025-12-31,USD,5306245.000000,,15648066.000000,,,,,,Private Equity Investments,| single_holding,cost|fair_value,2b47356ee1de479cce0b;622733ca818b45cac614,,TARGET_RESOLVED,FUND,FUND_INTEREST,OWNER_POMONA_INVESTMENT_FUND,fund,OWNER_POMONA_INVESTMENT_FUND,Pomona Investment Fund,OWNER_RESOLVED,OWNMAP008: The schedule directly names Pomona Investment Fund as the reporting fund. No fund_master link is asserted because the current fund master has no reviewed Pomona row.,PUBLISHED,,
f6ce25ea41e70806f32f,SRC407,6,Consolidated Schedule of Investments,"Samson Brunello 2, L.P.",fund,FUND_0878,fund,2025-12-31,USD,2346985.000000,,865735.000000,,,,,,Private Equity Investments,| single_holding,cost|fair_value,78010776368872df1e5e;c124e0856dad5d0cad4a,,TARGET_RESOLVED,FUND,FUND_INTEREST,OWNER_POMONA_INVESTMENT_FUND,fund,OWNER_POMONA_INVESTMENT_FUND,Pomona Investment Fund,OWNER_RESOLVED,OWNMAP008: The schedule directly names Pomona Investment Fund as the reporting fund. No fund_master link is asserted because the current fund master has no reviewed Pomona row.,PUBLISHED,,
f7ad42328470dfc7fa67,SRC407,6,Consolidated Schedule of Investments,"Thoma Bravo Fund XII, L.P.",fund,FUND_0954,fund,2025-12-31,USD,3085201.000000,,4155654.000000,,,,,,Private Equity Investments,| single_holding,cost|fair_value,462a5d35b9eb263955c7;db5a932b5795ac7aa166,,TARGET_RESOLVED,FUND,FUND_INTEREST,OWNER_POMONA_INVESTMENT_FUND,fund,OWNER_POMONA_INVESTMENT_FUND,Pomona Investment Fund,OWNER_RESOLVED,OWNMAP008: The schedule directly names Pomona Investment Fund as the reporting fund. No fund_master link is asserted because the current fund master has no reviewed Pomona row.,PUBLISHED,,
fb4d51fd0c59fbc20f11,SRC407,6,Consolidated Schedule of Investments,"Vista Equity Partners Fund V, L.P.",fund,FUND_0985,fund,2025-12-31,USD,7043065.000000,,10504493.000000,,,,,,Private Equity Investments,| single_holding,cost|fair_value,3037024cb8e46ce0d023;3f1587ffcaa59340a99c,,TARGET_RESOLVED,FUND,FUND_INTEREST,OWNER_POMONA_INVESTMENT_FUND,fund,OWNER_POMONA_INVESTMENT_FUND,Pomona Investment Fund,OWNER_RESOLVED,OWNMAP008: The schedule directly names Pomona Investment Fund as the reporting fund. No fund_master link is asserted because the current fund master has no reviewed Pomona row.,PUBLISHED,,
fc9b6454da480c288920,SRC407,6,Consolidated Schedule of Investments,"Vista Equity Partners Hubble, L.P.",fund,FUND_0988,fund,2025-12-31,USD,50059993.000000,,30200597.000000,,,,,,Private Equity Investments,| single_holding,cost|fair_value,45e370f76ec245af2982;9691a3556194f1cdaa8a,,TARGET_RESOLVED,FUND,FUND_INTEREST,OWNER_POMONA_INVESTMENT_FUND,fund,OWNER_POMONA_INVESTMENT_FUND,Pomona Investment Fund,OWNER_RESOLVED,OWNMAP008: The schedule directly names Pomona Investment Fund as the reporting fund. No fund_master link is asserted because the current fund master has no reviewed Pomona row.,PUBLISHED,,
117b1d6672e026aaf147,SRC407,7,Consolidated Schedule of Investments,"WP AUSA, L.P.",fund,FUND_1022,fund,2025-12-31,USD,9927125.000000,,5000000.000000,,,,,,Private Equity Investments,| single_holding,cost|fair_value,9436f897a1b627edbae8;fc9b92764aeb473358c9,,TARGET_RESOLVED,FUND,FUND_INTEREST,OWNER_POMONA_INVESTMENT_FUND,fund,OWNER_POMONA_INVESTMENT_FUND,Pomona Investment Fund,OWNER_RESOLVED,OWNMAP008: The schedule directly names Pomona Investment Fund as the reporting fund. No fund_master link is asserted because the current fund master has no reviewed Pomona row.,PUBLISHED,,
21a40de232553549822e,SRC407,7,Consolidated Schedule of Investments,Total Investments,portfolio,,,2025-12-31,USD,1917882087.000000,,1721627191.000000,,,102.760000,,,,| portfolio_total,cost|fair_value|portfolio_weight,4e7c5738bf6c34496d08;c0501df7badb321685ad;dba8b3f81adbe5b31fbf,,REFUSE_AS_POSITION,,,OWNER_POMONA_INVESTMENT_FUND,fund,OWNER_POMONA_INVESTMENT_FUND,Pomona Investment Fund,OWNER_RESOLVED,OWNMAP008: The schedule directly names Pomona Investment Fund as the reporting fund. No fund_master link is asserted because the current fund master has no reviewed Pomona row.,REFUSED,NON_INVESTEE_AGGREGATE,PORTFOLIO_WEIGHT_NOT_OWNERSHIP|AGGREGATE_SCOPE|NON_INVESTEE_AGGREGATE
22618a260f8825b491e9,SRC407,7,Consolidated Schedule of Investments,Total Short-Term Investments,portfolio,,,2025-12-31,USD,100983004.000000,,100983004.000000,,,,,,Short-Term Investments,| portfolio_total,cost|fair_value,9759262718c655d56fee;d9e79964fd352196f088,,REFUSE_AS_POSITION,,,OWNER_POMONA_INVESTMENT_FUND,fund,OWNER_POMONA_INVESTMENT_FUND,Pomona Investment Fund,OWNER_RESOLVED,OWNMAP008: The schedule directly names Pomona Investment Fund as the reporting fund. No fund_master link is asserted because the current fund master has no reviewed Pomona row.,REFUSED,NON_INVESTEE_AGGREGATE,AGGREGATE_SCOPE|NON_INVESTEE_AGGREGATE
256f6859a5cebe3c75e3,SRC407,7,Consolidated Schedule of Investments,Total Secondary Investments,portfolio,,,2025-12-31,USD,1593498366.000000,,1446072435.000000,,,,,,Private Equity Investments,| portfolio_total,cost|fair_value,93d55a8d6a01d5be2c1c;b4482b45b094e4e4820f,,REFUSE_AS_POSITION,,,OWNER_POMONA_INVESTMENT_FUND,fund,OWNER_POMONA_INVESTMENT_FUND,Pomona Investment Fund,OWNER_RESOLVED,OWNMAP008: The schedule directly names Pomona Investment Fund as the reporting fund. No fund_master link is asserted because the current fund master has no reviewed Pomona row.,REFUSED,NON_INVESTEE_AGGREGATE,AGGREGATE_SCOPE|NON_INVESTEE_AGGREGATE
37506e97af4b8bec16e8,SRC407,7,Open Equity Forward Contracts,Nomura Global Financial Products Inc.,investment,CO_0021,company,2025-12-31,USD,654668.000000,,,827714.000000,,,,8/18/2027,,| single_holding,fair_value|maturity_date|notional,33d0bdde2d9e29b74231;7cb58338cd7854f868e6;c3e887f3c9a41d526243,,TARGET_RESOLVED,PORTFOLIO_COMPANY,DERIVATIVE,OWNER_POMONA_INVESTMENT_FUND,fund,OWNER_POMONA_INVESTMENT_FUND,Pomona Investment Fund,OWNER_RESOLVED,OWNMAP008: The schedule directly names Pomona Investment Fund as the reporting fund. No fund_master link is asserted because the current fund master has no reviewed Pomona row.,PUBLISHED,,
41df2b4751ff4c021cb7,SRC407,7,Consolidated Schedule of Investments,Secondary Investments,portfolio,,,2025-12-31,,,,,,,85.380000,,,Private Equity Investments,,portfolio_weight,4ee72e89426d7906ea1f,,REFUSE_AS_POSITION,,,OWNER_POMONA_INVESTMENT_FUND,fund,OWNER_POMONA_INVESTMENT_FUND,Pomona Investment Fund,OWNER_RESOLVED,OWNMAP008: The schedule directly names Pomona Investment Fund as the reporting fund. No fund_master link is asserted because the current fund master has no reviewed Pomona row.,REFUSED,NON_INVESTEE_AGGREGATE,PORTFOLIO_WEIGHT_NOT_OWNERSHIP|NON_INVESTEE_AGGREGATE
46b1bc050eac2f0920f6,SRC407,7,Consolidated Schedule of Investments,Total Private Equity Investments,portfolio,,,2025-12-31,USD,1816899083.000000,,1620644187.000000,,,,,,Private Equity Investments,| portfolio_total,cost|fair_value,37d635364287ae235d73;5d5242d7a067a8632e54,,REFUSE_AS_POSITION,,,OWNER_POMONA_INVESTMENT_FUND,fund,OWNER_POMONA_INVESTMENT_FUND,Pomona Investment Fund,OWNER_RESOLVED,OWNMAP008: The schedule directly names Pomona Investment Fund as the reporting fund. No fund_master link is asserted because the current fund master has no reviewed Pomona row.,REFUSED,NON_INVESTEE_AGGREGATE,AGGREGATE_SCOPE|NON_INVESTEE_AGGREGATE
4997674d9ee7913b4ec2,SRC407,7,Open Equity Forward Contracts,Nomura Global Financial Products Inc.,investment,CO_0021,company,2025-12-31,USD,502856.000000,,,604219.000000,,,,8/18/2026,,| single_holding,fair_value|maturity_date|notional,15830589823e557fdc32;546615e7e4e8bfcba489;a93724926319df0af629,,TARGET_RESOLVED,PORTFOLIO_COMPANY,DERIVATIVE,OWNER_POMONA_INVESTMENT_FUND,fund,OWNER_POMONA_INVESTMENT_FUND,Pomona Investment Fund,OWNER_RESOLVED,OWNMAP008: The schedule directly names Pomona Investment Fund as the reporting fund. No fund_master link is asserted because the current fund master has no reviewed Pomona row.,PUBLISHED,,
7a5e8648694675922879,SRC407,7,Consolidated Schedule of Investments,Private Equity Investments,portfolio,,,2025-12-31,,,,,,,97.340000,,,,,portfolio_weight,0a961609d5a5b1d03b78,,REFUSE_AS_POSITION,,,OWNER_POMONA_INVESTMENT_FUND,fund,OWNER_POMONA_INVESTMENT_FUND,Pomona Investment Fund,OWNER_RESOLVED,OWNMAP008: The schedule directly names Pomona Investment Fund as the reporting fund. No fund_master link is asserted because the current fund master has no reviewed Pomona row.,REFUSED,NON_INVESTEE_AGGREGATE,PORTFOLIO_WEIGHT_NOT_OWNERSHIP|NON_INVESTEE_AGGREGATE
84c75e113373c16ff389,SRC407,7,Open Equity Forward Contracts,Nomura Global Financial Products Inc.,investment,CO_0021,company,2025-12-31,USD,621670.000000,,,827714.000000,,,,8/18/2028,,| single_holding,fair_value|maturity_date|notional,0f36b53f5830e28aef6f;4e0a9886738ef58c288b;a3298c227d76b87e72d0,,TARGET_RESOLVED,PORTFOLIO_COMPANY,DERIVATIVE,OWNER_POMONA_INVESTMENT_FUND,fund,OWNER_POMONA_INVESTMENT_FUND,Pomona Investment Fund,OWNER_RESOLVED,OWNMAP008: The schedule directly names Pomona Investment Fund as the reporting fund. No fund_master link is asserted because the current fund master has no reviewed Pomona row.,PUBLISHED,,
8e793b170db28c692175,SRC407,7,Consolidated Schedule of Investments,"ZMC II, L.P.",fund,FUND_1025,fund,2025-12-31,USD,10187.000000,,1037868.000000,,,,,,Private Equity Investments,| single_holding,cost|fair_value,344b718247820c10db96;e4ee41750da95b51a6c7,,TARGET_RESOLVED,FUND,FUND_INTEREST,OWNER_POMONA_INVESTMENT_FUND,fund,OWNER_POMONA_INVESTMENT_FUND,Pomona Investment Fund,OWNER_RESOLVED,OWNMAP008: The schedule directly names Pomona Investment Fund as the reporting fund. No fund_master link is asserted because the current fund master has no reviewed Pomona row.,PUBLISHED,,
8f3e1667f2fbbe39689a,SRC407,7,Consolidated Schedule of Investments,Total Money Market Funds,portfolio,,,2025-12-31,USD,100983004.000000,,,,,,,,Short-Term Investments,portfolio_total,fair_value,6156ae41895a79acf339,,REFUSE_AS_POSITION,,,OWNER_POMONA_INVESTMENT_FUND,fund,OWNER_POMONA_INVESTMENT_FUND,Pomona Investment Fund,OWNER_RESOLVED,OWNMAP008: The schedule directly names Pomona Investment Fund as the reporting fund. No fund_master link is asserted because the current fund master has no reviewed Pomona row.,REFUSED,NON_INVESTEE_AGGREGATE,AGGREGATE_SCOPE|NON_INVESTEE_AGGREGATE
ba7628bcef466385f3d8,SRC407,7,Open Foreign Currency Forward Contracts,Total Foreign Currency Forward Contracts,portfolio,,,2025-12-31,USD,1518309.000000,,,,,,,,,portfolio_total,fair_value,b202c9313a6f626dda25,,REFUSE_AS_POSITION,,,OWNER_POMONA_INVESTMENT_FUND,fund,OWNER_POMONA_INVESTMENT_FUND,Pomona Investment Fund,OWNER_RESOLVED,OWNMAP008: The schedule directly names Pomona Investment Fund as the reporting fund. No fund_master link is asserted because the current fund master has no reviewed Pomona row.,REFUSED,NON_INVESTEE_AGGREGATE,AGGREGATE_SCOPE|NON_INVESTEE_AGGREGATE
ca50a7e0ed93e40bdee6,SRC407,7,Consolidated Schedule of Investments,Money Market Funds,portfolio,,,2025-12-31,,,,,,,5.410000,,,Short-Term Investments,,portfolio_weight,4aade72fc0ff0fe2f37f,,REFUSE_AS_POSITION,,,OWNER_POMONA_INVESTMENT_FUND,fund,OWNER_POMONA_INVESTMENT_FUND,Pomona Investment Fund,OWNER_RESOLVED,OWNMAP008: The schedule directly names Pomona Investment Fund as the reporting fund. No fund_master link is asserted because the current fund master has no reviewed Pomona row.,REFUSED,NON_INVESTEE_AGGREGATE,PORTFOLIO_WEIGHT_NOT_OWNERSHIP|NON_INVESTEE_AGGREGATE
ca759344dd4a1cea1986,SRC407,7,Consolidated Schedule of Investments,"Wind Point Partners VII-B, L.P.",fund,FUND_1017,fund,2025-12-31,USD,99454.000000,,473866.000000,,,,,,Private Equity Investments,| single_holding,cost|fair_value,0853f58c03e77b7b45ef;925f05f79be5a45bf0ac,,TARGET_RESOLVED,FUND,FUND_INTEREST,OWNER_POMONA_INVESTMENT_FUND,fund,OWNER_POMONA_INVESTMENT_FUND,Pomona Investment Fund,OWNER_RESOLVED,OWNMAP008: The schedule directly names Pomona Investment Fund as the reporting fund. No fund_master link is asserted because the current fund master has no reviewed Pomona row.,PUBLISHED,,
cbb4b7c7f453c6757e43,SRC407,7,Consolidated Schedule of Investments,"Fidelity Government Portfolio, Class I",fund,FUND_0498,fund,2025-12-31,USD,99051572.000000,,,,,,3.640000,,Short-Term Investments,| single_holding,fair_value|interest_rate,2af1e82dbb7e4f193598;61190462b625d9baeecd,,TARGET_RESOLVED,FUND,FUND_INTEREST,OWNER_POMONA_INVESTMENT_FUND,fund,OWNER_POMONA_INVESTMENT_FUND,Pomona Investment Fund,OWNER_RESOLVED,OWNMAP008: The schedule directly names Pomona Investment Fund as the reporting fund. No fund_master link is asserted because the current fund master has no reviewed Pomona row.,PUBLISHED,,
d24e984afcdb9a9aa822,SRC407,7,Open Foreign Currency Forward Contracts,Lloyds Bank plc.,investment,CO_0020,company,2025-12-31,USD,1518309.000000,,,322710461.000000,,,,03/31/2026,,| single_holding,fair_value|maturity_date|notional,01774eac07ace2c6edcf;698406e844ffb7698e33;7fc3cec65bd0b693ee5c;f1e76a27d0e6808c34da,second printed value ignored: notional_amount=Sell,TARGET_RESOLVED,PORTFOLIO_COMPANY,DERIVATIVE,OWNER_POMONA_INVESTMENT_FUND,fund,OWNER_POMONA_INVESTMENT_FUND,Pomona Investment Fund,OWNER_RESOLVED,OWNMAP008: The schedule directly names Pomona Investment Fund as the reporting fund. No fund_master link is asserted because the current fund master has no reviewed Pomona row.,PUBLISHED,,FIELD_COLLISION_REVIEW
e82e85b056c899ad3daf,SRC407,7,Consolidated Schedule of Investments,Short-Term Investments,portfolio,,,2025-12-31,,,,,,,5.410000,,,,,portfolio_weight,8df05121a61c2bdb7f47,,REFUSE_AS_POSITION,,,OWNER_POMONA_INVESTMENT_FUND,fund,OWNER_POMONA_INVESTMENT_FUND,Pomona Investment Fund,OWNER_RESOLVED,OWNMAP008: The schedule directly names Pomona Investment Fund as the reporting fund. No fund_master link is asserted because the current fund master has no reviewed Pomona row.,REFUSED,NON_INVESTEE_AGGREGATE,PORTFOLIO_WEIGHT_NOT_OWNERSHIP|NON_INVESTEE_AGGREGATE
eff881837b0ad968c69b,SRC407,7,Consolidated Schedule of Investments,JPMorgan US Government Money Market Fund,fund,FUND_0677,fund,2025-12-31,USD,1931432.000000,,,,,,3.480000,,Short-Term Investments,| single_holding,fair_value|interest_rate,b7bccbab8d6db3070933;e4666cc0c7005f8ca1c0,,TARGET_RESOLVED,FUND,FUND_INTEREST,OWNER_POMONA_INVESTMENT_FUND,fund,OWNER_POMONA_INVESTMENT_FUND,Pomona Investment Fund,OWNER_RESOLVED,OWNMAP008: The schedule directly names Pomona Investment Fund as the reporting fund. No fund_master link is asserted because the current fund master has no reviewed Pomona row.,PUBLISHED,,
