"file_id","source_page","row_index","source_row_label","column_index","column_x","source_column_label","value_raw"
"SRC191","9","1","The System was established by the Nevada Legislature in 1947. By July","1","364","financial statements","1, 1949,"
"SRC191","9","1","The System was established by the Nevada Legislature in 1947. By July","3","498","net","3,000"
"SRC191","9","2","members and 64 retirees. At the end of fiscal year 2024, the System had","1","364","financial statements","231"
"SRC191","9","2","members and 64 retirees. At the end of fiscal year 2024, the System had","2","456","fairly the fiduciary","115,765"
"SRC191","9","3","693 W. Nye Lane Toll Free: 1-866-473-7768","3","498","net","120"
"SRC191","9","4","Carson City, NV 89703 Website: www.nvpers.org","3","498","net","89119"
"SRC191","9","5","(775) 687-4200","2","456","fairly the fiduciary","(702)"
"SRC191","9","6","Fax: (775) 687-5131","2","456","fairly the fiduciary","(702)"
"SRC191","11","1","a year-by-year closed amortization period where each amortization period","2","396","","20"
"SRC191","11","2","significant actuarial assumptions detailed beginning on page 81. Plan rates","3","472","","30, 2024,"
"SRC191","11","3","the money-weighted rate of return on investments. The ten-year schedules","3","472","","103"
"SRC191","11","4","Actuarial Section. The actuarial funded ratio for all members is 75.6%, an increase","2","396","","75.4%"
"SRC191","11","4","Actuarial Section. The actuarial funded ratio for all members is 75.6%, an increase","3","472","","2023."
"SRC191","11","5","The fair value of the System’s investment assets at the end of fiscal year","1","363","","2024"
"SRC191","11","5","The fair value of the System’s investment assets at the end of fiscal year","2","396","","$63.8"
"SRC191","11","6","period was 12.1%, which includes both realized and unrealized gains. Fiscal","2","396","","2024"
"SRC191","11","7","The fund’s annualized rate of return (gross of fees) is 9.4% since inception","1","363","","(40"
"SRC191","11","8","funding objective. The fund is competitive on a risk-adjusted basis, ranking","2","396","","10%"
"SRC191","23","1","Investments, at fair value $","1","332","2024","63,758.4"
"SRC191","23","1","Investments, at fair value $","3","432","","57,187.5"
"SRC191","23","2","Contributions","1","332","2024","2,986.7"
"SRC191","23","2","Contributions","3","432","","2,390.6"
"SRC191","23","3","Net investment income","1","332","2024","6,929.3"
"SRC191","23","3","Net investment income","3","432","","4,951.3"
"SRC191","23","4","Net securities lending income","3","432","","2.1"
"SRC191","23","5","Benefit payments","1","332","2024","3,721.0"
"SRC191","23","5","Benefit payments","3","432","","3,477.8"
"SRC191","23","6","Refunds of contributions","1","332","2024","43.7"
"SRC191","23","6","Refunds of contributions","3","432","","51.1"
"SRC191","23","7","Transfers of contributions to JRS*","3","432","","1.4"
"SRC191","23","8","Administrative expenses","1","332","2024","16.0"
"SRC191","23","8","Administrative expenses","3","432","","14.1"
"SRC191","23","9","Plan fiduciary net position $","1","332","2024","64,455.6"
"SRC191","23","9","Plan fiduciary net position $","3","432","","58,315.1"
"SRC191","23","10","total pension liability","1","332","2024","78.1 %"
"SRC191","23","10","total pension liability","3","432","","76.2 %"
"SRC191","23","11","The fair value of investments for fiscal year 2024increased by 11.5%","1","332","2024","$63.8"
"SRC191","23","11","The fair value of investments for fiscal year 2024increased by 11.5%","3","432","","$57.2"
"SRC191","23","12","investment income for 2024 was $6.9 billion. The PERS investment","2","404","2023","12.1%"
"SRC191","23","13","fiscal year 2024. The 9.4% annualized time-weighted (gross of fees)","3","432","","(40"
"SRC191","24","1","June","1","273","","30,"
"SRC191","24","1","June","2","300","","2024"
"SRC191","24","1","June","3","348","","30, 2023"
"SRC191","24","1","June","4","432","Increase/ (Decrease)","2024"
"SRC191","24","1","June","5","531","Increase/ (Decrease)","2024"
"SRC191","24","2","Cash and cash equivalents $","1","273","","77,717,124"
"SRC191","24","2","Cash and cash equivalents $","3","348","","761,924,201"
"SRC191","24","2","Cash and cash equivalents $","4","432","Increase/ (Decrease)","(684,207,077)"
"SRC191","24","3","Contributions receivable","1","273","","240,711,526"
"SRC191","24","3","Contributions receivable","3","348","","208,013,711"
"SRC191","24","3","Contributions receivable","4","432","Increase/ (Decrease)","32,697,815"
"SRC191","24","3","Contributions receivable","5","531","Increase/ (Decrease)","15.7"
"SRC191","24","4","Accrued investment income","1","273","","314,629,954"
"SRC191","24","4","Accrued investment income","3","348","","223,716,471"
"SRC191","24","4","Accrued investment income","4","432","Increase/ (Decrease)","90,913,483"
"SRC191","24","4","Accrued investment income","5","531","Increase/ (Decrease)","40.6"
"SRC191","24","5","Pending trades receivable","1","273","","259,044,986"
"SRC191","24","5","Pending trades receivable","3","348","","68,032,701"
"SRC191","24","5","Pending trades receivable","4","432","Increase/ (Decrease)","191,012,285"
"SRC191","24","5","Pending trades receivable","5","531","Increase/ (Decrease)","280.8"
"SRC191","24","6","Investments, at fair value 63,758,355,276","3","348","","57,187,487,744"
"SRC191","24","6","Investments, at fair value 63,758,355,276","4","432","Increase/ (Decrease)","6,570,867,532"
"SRC191","24","6","Investments, at fair value 63,758,355,276","5","531","Increase/ (Decrease)","11.5"
"SRC191","24","7","Property and equipment, net","1","273","","22,469,336"
"SRC191","24","7","Property and equipment, net","3","348","","12,956,878"
"SRC191","24","7","Property and equipment, net","4","432","Increase/ (Decrease)","9,512,458"
"SRC191","24","7","Property and equipment, net","5","531","Increase/ (Decrease)","73.4"
"SRC191","24","8","Other assets","1","273","","5,752,941"
"SRC191","24","8","Other assets","3","348","","3,962,814"
"SRC191","24","8","Other assets","4","432","Increase/ (Decrease)","1,790,127"
"SRC191","24","8","Other assets","5","531","Increase/ (Decrease)","45.2"
"SRC191","24","9","Total plan assets 64,678,681,143","3","348","","58,466,094,520"
"SRC191","24","9","Total plan assets 64,678,681,143","4","432","Increase/ (Decrease)","6,212,586,623"
"SRC191","24","9","Total plan assets 64,678,681,143","5","531","Increase/ (Decrease)","10.6"
"SRC191","24","10","Accounts payable and accrued expenses","1","273","","18,298,736"
"SRC191","24","10","Accounts payable and accrued expenses","3","348","","10,033,522"
"SRC191","24","10","Accounts payable and accrued expenses","4","432","Increase/ (Decrease)","8,265,214"
"SRC191","24","10","Accounts payable and accrued expenses","5","531","Increase/ (Decrease)","82.4"
"SRC191","24","11","Pending trades payable","1","273","","204,826,989"
"SRC191","24","11","Pending trades payable","3","348","","140,954,221"
"SRC191","24","11","Pending trades payable","4","432","Increase/ (Decrease)","63,872,768"
"SRC191","24","11","Pending trades payable","5","531","Increase/ (Decrease)","45.3"
"SRC191","24","12","Total plan liabilities","1","273","","223,125,725"
"SRC191","24","12","Total plan liabilities","3","348","","150,987,743"
"SRC191","24","12","Total plan liabilities","4","432","Increase/ (Decrease)","72,137,982"
"SRC191","24","12","Total plan liabilities","5","531","Increase/ (Decrease)","47.8"
"SRC191","24","13","Net position restricted for pension benefits $ 64,455,555,418","3","348","","58,315,106,777"
"SRC191","24","13","Net position restricted for pension benefits $ 64,455,555,418","4","432","Increase/ (Decrease)","6,140,448,641"
"SRC191","24","13","Net position restricted for pension benefits $ 64,455,555,418","5","531","Increase/ (Decrease)","10.5 %"
"SRC191","24","14","and payable increased 280.8% and 45.3%, respectively,","2","300","investment","2023"
"SRC191","24","14","and payable increased 280.8% and 45.3%, respectively,","3","348","income increased","2024."
"SRC191","24","15","Contributions receivable increased by $32.7 million between","2","300","investment","2023"
"SRC191","24","15","Contributions receivable increased by $32.7 million between","3","348","income increased","2024"
"SRC191","24","16","Investments at fair value increased $6.6 billion from","1","273","accrued","2023"
"SRC191","24","16","Investments at fair value increased $6.6 billion from","2","300","investment","2024"
"SRC191","24","17","Property and equipment, net, increased by $9.5 million","2","300","investment","2023"
"SRC191","24","17","Property and equipment, net, increased by $9.5 million","3","348","income increased","2024"
"SRC191","24","18","Accounts payable and accrued expenses increased by","1","273","accrued","$8.3"
"SRC191","24","18","Accounts payable and accrued expenses increased by","3","348","income increased","2023"
"SRC191","24","18","Accounts payable and accrued expenses increased by","4","432","40.6%, and","2024"
"SRC191","25","1","Contributions","2","261","2024","2,986,677,742"
"SRC191","25","1","Contributions","4","346","2023","2,390,600,366"
"SRC191","25","1","Contributions","5","427","2024","596,077,376"
"SRC191","25","1","Contributions","6","531","2024","24.9 %"
"SRC191","25","2","Net investment income","2","261","2024","6,929,342,210"
"SRC191","25","2","Net investment income","4","346","2023","4,951,276,088"
"SRC191","25","2","Net investment income","5","427","2024","1,978,066,122"
"SRC191","25","2","Net investment income","6","531","2024","40.0"
"SRC191","25","3","Net securities lending income","4","346","2023","2,122,178"
"SRC191","25","3","Net securities lending income","5","427","2024","(2,122,178)"
"SRC191","25","3","Net securities lending income","6","531","2024","(100.0)"
"SRC191","25","4","Other income","2","261","2024","5,222,831"
"SRC191","25","4","Other income","4","346","2023","1,470,742"
"SRC191","25","4","Other income","5","427","2024","3,752,089"
"SRC191","25","4","Other income","6","531","2024","255.1"
"SRC191","25","5","Total additions","2","261","2024","9,921,242,783"
"SRC191","25","5","Total additions","4","346","2023","7,345,469,374"
"SRC191","25","5","Total additions","5","427","2024","2,575,773,409"
"SRC191","25","5","Total additions","6","531","2024","35.1"
"SRC191","25","6","Benefit payments","2","261","2024","3,721,027,425"
"SRC191","25","6","Benefit payments","4","346","2023","3,477,751,067"
"SRC191","25","6","Benefit payments","5","427","2024","243,276,358"
"SRC191","25","6","Benefit payments","6","531","2024","7.0"
"SRC191","25","7","Refunds of contributions","2","261","2024","43,651,730"
"SRC191","25","7","Refunds of contributions","4","346","2023","51,102,915"
"SRC191","25","7","Refunds of contributions","5","427","2024","(7,451,185)"
"SRC191","25","7","Refunds of contributions","6","531","2024","(14.6)"
"SRC191","25","8","Transfers of contributions to JRS","4","346","2023","1,407,857"
"SRC191","25","8","Transfers of contributions to JRS","5","427","2024","(1,407,857)"
"SRC191","25","8","Transfers of contributions to JRS","6","531","2024","(100.0)"
"SRC191","25","9","Administrative expenses","2","261","2024","16,000,153"
"SRC191","25","9","Administrative expenses","4","346","2023","14,093,101"
"SRC191","25","9","Administrative expenses","5","427","2024","1,907,052"
"SRC191","25","9","Administrative expenses","6","531","2024","13.5"
"SRC191","25","10","Other expenses","4","346","2023","19,665"
"SRC191","25","10","Other expenses","5","427","2024","95,169"
"SRC191","25","10","Other expenses","6","531","2024","484.0"
"SRC191","25","11","Total deductions","2","261","2024","3,780,794,142"
"SRC191","25","11","Total deductions","4","346","2023","3,544,374,605"
"SRC191","25","11","Total deductions","5","427","2024","236,419,537"
"SRC191","25","11","Total deductions","6","531","2024","6.7"
"SRC191","25","12","Change in net position","2","261","2024","6,140,448,641"
"SRC191","25","12","Change in net position","4","346","2023","3,801,094,769"
"SRC191","25","12","Change in net position","5","427","2024","2,339,353,872"
"SRC191","25","12","Change in net position","6","531","2024","61.5"
"SRC191","25","13","Net position, beginning of year","2","261","2024","58,315,106,777"
"SRC191","25","13","Net position, beginning of year","4","346","2023","54,514,012,008"
"SRC191","25","13","Net position, beginning of year","5","427","2024","3,801,094,769"
"SRC191","25","13","Net position, beginning of year","6","531","2024","7.0"
"SRC191","25","14","Net position, end of year","2","261","2024","64,455,555,418"
"SRC191","25","14","Net position, end of year","4","346","2023","58,315,106,777"
"SRC191","25","14","Net position, end of year","5","427","2024","6,140,448,641"
"SRC191","25","14","Net position, end of year","6","531","2024","10.5 %"
"SRC191","25","15","Contributions increased $596 million","2","261","2024","2023 2024"
"SRC191","25","16","Net investment income increased$2.0","2","261","2024","2023"
"SRC191","25","16","Net investment income increased$2.0","3","312","","2024"
"SRC191","25","17","12.1% in 2024 was greater than the","1","199","","9.3%"
"SRC191","25","18","Net security lending income decreased","1","199","","$2.1"
"SRC191","25","18","Net security lending income decreased","2","261","2024","2023"
"SRC191","25","18","Net security lending income decreased","3","312","","2024."
"SRC191","25","19","Other income increased $3.8 million","2","261","2024","2024"
"SRC191","25","20","Benefit payments increased 7.0%","1","199","","2024"
"SRC191","25","20","Benefit payments increased 7.0%","6","531","2024","2023"
"SRC191","25","21","84,170 in 2024 and the average monthly","3","312","","$3,630"
"SRC191","25","21","84,170 in 2024 and the average monthly","4","346","2023","2023"
"SRC191","25","21","84,170 in 2024 and the average monthly","5","427","2024","2024."
"SRC191","25","22","Refunds of contributions decreased","1","199","","$7.5"
"SRC191","25","22","Refunds of contributions decreased","3","312","","2023"
"SRC191","25","22","Refunds of contributions decreased","4","346","2023","2024."
"SRC191","25","23","Transfers of contributions to JRS decreased$1.4","3","312","","2024."
"SRC191","25","24","Administrative expenses increased","1","199","","$1.9"
"SRC191","25","24","Administrative expenses increased","2","261","2024","2023"
"SRC191","25","24","Administrative expenses increased","3","312","","2024"
"SRC191","27","1","Employer $","1","382","","1,457,570,287"
"SRC191","27","1","Employer $","2","494","","1,163,873,854"
"SRC191","27","2","Plan members","1","382","","1,457,570,287"
"SRC191","27","2","Plan members","2","494","","1,163,873,854"
"SRC191","27","3","Repayment and purchase of service","1","382","","71,537,168"
"SRC191","27","3","Repayment and purchase of service","2","494","","62,852,658"
"SRC191","27","4","Total contributions","1","382","","2,986,677,742"
"SRC191","27","4","Total contributions","2","494","","2,390,600,366"
"SRC191","27","5","Net appreciation in fair value of investments","1","382","","5,526,974,486"
"SRC191","27","5","Net appreciation in fair value of investments","2","494","","3,755,039,509"
"SRC191","27","6","Interest","1","382","","661,306,423"
"SRC191","27","6","Interest","2","494","","359,546,118"
"SRC191","27","7","Dividends","1","382","","656,923,190"
"SRC191","27","7","Dividends","2","494","","738,117,020"
"SRC191","27","8","Other investment income","1","382","","165,299,464"
"SRC191","27","8","Other investment income","2","494","","174,299,111"
"SRC191","27","9","Less investment fees and other expenses","1","382","","(81,161,353)"
"SRC191","27","9","Less investment fees and other expenses","2","494","","(75,725,670)"
"SRC191","27","10","Net investment income","1","382","","6,929,342,210"
"SRC191","27","10","Net investment income","2","494","","4,951,276,088"
"SRC191","27","11","Securities lending income","2","494","","7,182,836"
"SRC191","27","12","Less securities lending expense","2","494","","(5,060,658)"
"SRC191","27","13","Net securities lending income","2","494","","2,122,178"
"SRC191","27","14","Total net investment income","1","382","","6,929,342,210"
"SRC191","27","14","Total net investment income","2","494","","4,953,398,266"
"SRC191","27","15","Other income","1","382","","5,222,831"
"SRC191","27","15","Other income","2","494","","1,470,742"
"SRC191","27","16","Total additions","1","382","","9,921,242,783"
"SRC191","27","16","Total additions","2","494","","7,345,469,374"
"SRC191","27","17","Retirement and survivor benefits","1","382","","3,582,906,842"
"SRC191","27","17","Retirement and survivor benefits","2","494","","3,346,154,182"
"SRC191","27","18","Disability","1","382","","138,120,583"
"SRC191","27","18","Disability","2","494","","131,596,885"
"SRC191","27","19","Total benefit payments","1","382","","3,721,027,425"
"SRC191","27","19","Total benefit payments","2","494","","3,477,751,067"
"SRC191","27","20","Refunds of contributions","1","382","","43,651,730"
"SRC191","27","20","Refunds of contributions","2","494","","51,102,915"
"SRC191","27","21","Transfers of contributions to JRS","2","494","","1,407,857"
"SRC191","27","22","Administrative expenses","1","382","","16,000,153"
"SRC191","27","22","Administrative expenses","2","494","","14,093,101"
"SRC191","27","23","Total deductions","1","382","","3,780,794,142"
"SRC191","27","23","Total deductions","2","494","","3,544,374,605"
"SRC191","27","24","Change in net position","1","382","","6,140,448,641"
"SRC191","27","24","Change in net position","2","494","","3,801,094,769"
"SRC191","27","25","Beginning of year","1","382","","58,315,106,777"
"SRC191","27","25","Beginning of year","2","494","","54,514,012,008"
"SRC191","27","26","End of year $","1","382","","64,455,555,418"
"SRC191","27","26","End of year $","2","494","","58,315,106,777"
"SRC191","30","1","State of Nevada and Related Agencies","1","370","Employers","26"
"SRC191","30","1","State of Nevada and Related Agencies","2","439","Members","19,464"
"SRC191","30","2","Nevada System of Higher Education","1","370","Employers","1"
"SRC191","30","2","Nevada System of Higher Education","2","439","Members","3,917"
"SRC191","30","3","Schools","1","370","Employers","75"
"SRC191","30","3","Schools","2","439","Members","53,305"
"SRC191","30","4","Counties","1","370","Employers","16"
"SRC191","30","4","Counties","2","439","Members","13,232"
"SRC191","30","5","Cities","1","370","Employers","19"
"SRC191","30","5","Cities","2","439","Members","10,517"
"SRC191","30","6","Hospitals","1","370","Employers","8"
"SRC191","30","6","Hospitals","2","439","Members","4,609"
"SRC191","30","7","Utility, Irrigation, and Sanitation Districts","1","370","Employers","18"
"SRC191","30","7","Utility, Irrigation, and Sanitation Districts","2","439","Members","920"
"SRC191","30","8","Special Districts and Agencies","1","370","Employers","66"
"SRC191","30","8","Special Districts and Agencies","2","439","Members","9,801"
"SRC191","32","1","Regular","4","270","","1, 2010,"
"SRC191","32","1","Regular","7","437","","65"
"SRC191","32","2","age 60","1","86","NOTE 2 -Plan","10"
"SRC191","32","2","age 60","4","270","","30"
"SRC191","32","3","January","1","86","NOTE 2 -Plan","1, 2010,"
"SRC191","32","3","January","4","270","","65"
"SRC191","32","3","January","6","402","","62"
"SRC191","32","3","January","7","437","","10"
"SRC191","32","4","age with","1","86","NOTE 2 -Plan","30"
"SRC191","32","4","age with","6","402","","1, 2015,"
"SRC191","32","5","with five","2","178","(continued)","62"
"SRC191","32","5","with five","3","218","","10"
"SRC191","32","5","with five","5","353","","30"
"SRC191","32","5","with five","8","500","","33"
"SRC191","32","6","Police/Fire","4","270","","1,"
"SRC191","32","7","service,","1","86","NOTE 2 -Plan","55"
"SRC191","32","7","service,","4","270","","50 20"
"SRC191","32","7","service,","7","437","","25"
"SRC191","32","8","members","4","270","","1, 2010,"
"SRC191","32","8","members","7","437","","65"
"SRC191","32","9","age 60","1","86","NOTE 2 -Plan","10"
"SRC191","32","9","age 60","3","218","","50"
"SRC191","32","9","age 60","4","270","","20"
"SRC191","32","10","Legislature.","5","353","","286.421"
"SRC191","32","10","Legislature.","7","437","","286.450"
"SRC191","32","11","The Public","8","500","","1"
"SRC191","32","12","numbered","8","500","","30"
"SRC191","32","13","preceding","6","402","","0.50%"
"SRC191","32","14","Employer-Pay","2","178","Required","0.25%"
"SRC191","32","15","more than","1","86","NOTE 3 -Contributions","2.00%"
"SRC191","32","15","more than","8","500","","2.00%)"
"SRC191","32","16","are rounded","2","178","Required","0.25%"
"SRC191","33","1","NOTE","1","81","","3"
"SRC191","33","2","*From","1","81","","30,"
"SRC191","33","3","NOTE","1","81","","4"
"SRC191","33","4","NOTE","1","81","","5"
"SRC191","34","1","Board adopted","4","252","investment portfolio","30,"
"SRC191","34","2","**As of June","1","103","System’s","30, 2024,"
"SRC191","34","2","**As of June","6","407","","6%"
"SRC191","34","3","For the year","2","149","policies* which","30, 2024,"
"SRC191","34","4","At June 30,","1","103","System’s","2024,"
"SRC191","34","4","At June 30,","6","407","","$21,935,142"
"SRC191","34","5","balance was","1","103","System’s","$30,231,974."
"SRC191","34","5","balance was","4","252","investment portfolio","$250,000"
"SRC191","34","6","commercial","3","194","determine the","102%"
"SRC191","34","7","The custodial","3","194","determine the","30, 2024,"
"SRC191","34","7","The custodial","4","252","investment portfolio","$48,979,371."
"SRC191","34","8","premises with","2","149","policies* which","$875,000,000"
"SRC191","36","1","(in millions) than","1","252","Less","1"
"SRC191","36","1","(in millions) than","2","316","","1 5"
"SRC191","36","1","(in millions) than","4","363","","6"
"SRC191","36","1","(in millions) than","5","388","","10"
"SRC191","36","1","(in millions) than","6","456","More","10"
"SRC191","36","2","Investment pool* $","1","252","Less","6.8"
"SRC191","36","2","Investment pool* $","8","538","","6.8"
"SRC191","36","3","Agency securities","1","252","Less","152.2"
"SRC191","36","3","Agency securities","2","316","","197.7"
"SRC191","36","3","Agency securities","8","538","","349.9"
"SRC191","36","4","U.S. treasuries 5,972.9","2","316","","11,780.4"
"SRC191","36","4","U.S. treasuries 5,972.9","5","388","","3,004.4"
"SRC191","36","4","U.S. treasuries 5,972.9","6","456","More","3,647.0"
"SRC191","36","4","U.S. treasuries 5,972.9","7","509","","24,404.7"
"SRC191","36","5","Total $ 6,131.9","2","316","","11,978.1"
"SRC191","36","5","Total $ 6,131.9","5","388","","3,004.4"
"SRC191","36","5","Total $ 6,131.9","6","456","More","3,647.0"
"SRC191","36","5","Total $ 6,131.9","7","509","","24,761.4"
"SRC191","36","6","The above table does not include commercial cash","1","252","Less","$21.9"
"SRC191","36","6","The above table does not include commercial cash","6","456","More","$49.0"
"SRC191","36","7","Australian Dollar $","1","252","Equity","588.9"
"SRC191","36","7","Australian Dollar $","5","388","Pending Transactions","(0.2)"
"SRC191","36","7","Australian Dollar $","6","456","Cash","0.7"
"SRC191","36","7","Australian Dollar $","7","509","Total","589.4"
"SRC191","36","8","British Pound Sterling","1","252","Equity","1,160.4"
"SRC191","36","8","British Pound Sterling","2","316","Private Equity","67.4"
"SRC191","36","8","British Pound Sterling","6","456","Cash","3.6"
"SRC191","36","8","British Pound Sterling","7","509","Total","1,231.4"
"SRC191","36","9","Canadian Dollar","1","252","Equity","919.6"
"SRC191","36","9","Canadian Dollar","6","456","Cash","1.1"
"SRC191","36","9","Canadian Dollar","7","509","Total","920.7"
"SRC191","36","10","Danish Krone","1","252","Equity","313.2"
"SRC191","36","10","Danish Krone","7","509","Total","313.2"
"SRC191","36","11","Euro","1","252","Equity","2,605.2"
"SRC191","36","11","Euro","2","316","Private Equity","428.5"
"SRC191","36","11","Euro","5","388","Pending Transactions","(0.1)"
"SRC191","36","11","Euro","6","456","Cash","0.6"
"SRC191","36","11","Euro","7","509","Total","3,034.2"
"SRC191","36","12","Hong Kong Dollar","1","252","Equity","134.3"
"SRC191","36","12","Hong Kong Dollar","5","388","Pending Transactions","(0.1)"
"SRC191","36","12","Hong Kong Dollar","6","456","Cash","1.0"
"SRC191","36","12","Hong Kong Dollar","7","509","Total","135.2"
"SRC191","36","13","Israeli Shekel","1","252","Equity","27.1"
"SRC191","36","13","Israeli Shekel","6","456","Cash","0.2"
"SRC191","36","13","Israeli Shekel","7","509","Total","27.3"
"SRC191","36","14","Japanese Yen","1","252","Equity","1,786.6"
"SRC191","36","14","Japanese Yen","5","388","Pending Transactions","(1.2)"
"SRC191","36","14","Japanese Yen","6","456","Cash","11.7"
"SRC191","36","14","Japanese Yen","7","509","Total","1,797.1"
"SRC191","36","15","New Zealand Dollar","1","252","Equity","14.1"
"SRC191","36","15","New Zealand Dollar","6","456","Cash","0.2"
"SRC191","36","15","New Zealand Dollar","7","509","Total","14.3"
"SRC191","36","16","Norwegian Krone","1","252","Equity","47.2"
"SRC191","36","16","Norwegian Krone","6","456","Cash","0.3"
"SRC191","36","16","Norwegian Krone","7","509","Total","47.5"
"SRC191","36","17","Singapore Dollar","1","252","Equity","91.3"
"SRC191","36","17","Singapore Dollar","6","456","Cash","0.3"
"SRC191","36","17","Singapore Dollar","7","509","Total","91.6"
"SRC191","36","18","Swedish Krona","1","252","Equity","263.9"
"SRC191","36","18","Swedish Krona","7","509","Total","263.9"
"SRC191","36","19","Swiss Franc","1","252","Equity","762.3"
"SRC191","36","19","Swiss Franc","6","456","Cash","0.1"
"SRC191","36","19","Swiss Franc","7","509","Total","762.4"
"SRC191","36","20","Total $","1","252","Equity","8,714.1"
"SRC191","36","20","Total $","2","316","Private Equity","495.9"
"SRC191","36","20","Total $","5","388","Pending Transactions","(1.6)"
"SRC191","36","20","Total $","6","456","Cash","19.8"
"SRC191","36","20","Total $","7","509","Total","9,228.2"
"SRC191","37","1","U.S. treasuries $","1","274","Level 1","24,404.7"
"SRC191","37","1","U.S. treasuries $","3","465","Total","24,404.7"
"SRC191","37","2","Agency securities","2","349","Level 2","349.9"
"SRC191","37","2","Agency securities","3","465","Total","349.9"
"SRC191","37","3","Total U.S. bonds","1","274","Level 1","24,404.7"
"SRC191","37","3","Total U.S. bonds","2","349","Level 2","349.9"
"SRC191","37","3","Total U.S. bonds","3","465","Total","24,754.6"
"SRC191","37","4","Common stock","1","274","Level 1","31,249.7"
"SRC191","37","4","Common stock","3","465","Total","31,249.7"
"SRC191","37","5","Preferred stock","1","274","Level 1","30.9"
"SRC191","37","5","Preferred stock","3","465","Total","30.9"
"SRC191","37","6","Total stocks","1","274","Level 1","31,280.6"
"SRC191","37","6","Total stocks","3","465","Total","31,280.6"
"SRC191","37","7","Total investments by fair value level $","1","274","Level 1","55,685.3"
"SRC191","37","7","Total investments by fair value level $","2","349","Level 2","349.9"
"SRC191","37","7","Total investments by fair value level $","3","465","Total","56,035.2"
"SRC191","37","8","Real estate","3","465","Total","2,787.6"
"SRC191","37","9","Private equity","3","465","Total","4,935.6"
"SRC191","37","10","Total investments measured at the NAV","3","465","Total","7,723.2"
"SRC191","37","11","Total investments","3","465","Total","63,758.4"
"SRC191","38","1","The following table presents investments measured at the","2","354","","30,"
"SRC191","38","2","Real estate separate accounts* $","1","289","","2,787.6"
"SRC191","38","3","Private equity**","1","289","","4,935.6"
"SRC191","38","3","Private equity**","3","368","","1,822.6"
"SRC191","38","4","at the NAV $","1","289","","7,723.2"
"SRC191","38","4","at the NAV $","3","368","","1,822.6"
"SRC191","38","5","Total pension liability","2","354","","82,523,441,921"
"SRC191","38","6","Plan fiduciary net position","2","354","","64,455,555,418"
"SRC191","38","7","Net pension liability","2","354","","18,067,886,503"
"SRC191","38","8","pension liability","3","368","","78.1 %"
"SRC191","38","9","38 PUBLIC EMPLOYEES’ RETIREMENT SYSTEM OF","2","354","","2024"
"SRC191","39","1","The total pension liability was determined as part of the GASB","2","393","","67"
"SRC191","39","1","The total pension liability was determined as part of the GASB","3","529","","30, 2024."
"SRC191","39","2","experience study for the period from July 1, 2016, through June","1","315","","30, 2020."
"SRC191","39","3","Inflation","1","315","","2.50%"
"SRC191","39","4","Salary Increases","1","315","","4.20%"
"SRC191","39","4","Salary Increases","3","529","","14.50%"
"SRC191","42","1","Note that generational","3","299","","(2010)"
"SRC191","42","2","U.S. stocks","4","331","Real Rate of","5.50 %"
"SRC191","42","3","International","4","331","Real Rate of","5.50 %"
"SRC191","42","4","U.S. bonds","4","331","Real Rate of","2.25 %"
"SRC191","42","5","Private","4","331","Real Rate of","6.65 %"
"SRC191","42","6","Short-term","4","331","Real Rate of","0.50 %"
"SRC191","43","1","The discount","3","309","FINANCIAL (continued)","7.25%"
"SRC191","43","1","The discount","4","387","STATEMENTS","30, 2024."
"SRC191","43","2","be if it","4","387","STATEMENTS","6.25%"
"SRC191","43","2","be if it","5","533","","8.25%"
"SRC191","43","3","NOTE","1","81","NOTE 7 -Net","8"
"SRC191","43","4","NOTE","1","81","NOTE 7 -Net","9"
"SRC191","43","5","counsel,","5","533","","2024."
"SRC191","44","1","Service cost","1","465","2024","1,610.7"
"SRC191","44","1","Service cost","2","527","2023","1,514.1"
"SRC191","44","2","Interest","1","465","2024","5,531.5"
"SRC191","44","2","Interest","2","527","2023","5,243.1"
"SRC191","44","3","Differences between expected and actual experience","1","465","2024","2,577.9"
"SRC191","44","3","Differences between expected and actual experience","2","527","2023","772.2"
"SRC191","44","4","Benefit payments, including refunds","1","465","2024","(3,764.7)"
"SRC191","44","4","Benefit payments, including refunds","2","527","2023","(3,528.9)"
"SRC191","44","5","Other changes","2","527","2023","(1.4)"
"SRC191","44","6","Net change in total pension liability","1","465","2024","5,955.4"
"SRC191","44","6","Net change in total pension liability","2","527","2023","3,999.1"
"SRC191","44","7","Total pension liability - beginning","1","465","2024","76,568.0"
"SRC191","44","7","Total pension liability - beginning","2","527","2023","72,568.9"
"SRC191","44","8","Total pension liability - ending (a) $","1","465","2024","82,523.4"
"SRC191","44","8","Total pension liability - ending (a) $","2","527","2023","76,568.0"
"SRC191","44","9","Contributions - employer","1","465","2024","1,457.6"
"SRC191","44","9","Contributions - employer","2","527","2023","1,163.9"
"SRC191","44","10","Contributions - plan member","1","465","2024","1,504.0"
"SRC191","44","10","Contributions - plan member","2","527","2023","1,203.1"
"SRC191","44","11","Net investment income","1","465","2024","6,929.3"
"SRC191","44","11","Net investment income","2","527","2023","4,953.4"
"SRC191","44","12","Benefit payments, including refunds","1","465","2024","(3,764.7)"
"SRC191","44","12","Benefit payments, including refunds","2","527","2023","(3,528.8)"
"SRC191","44","13","Administrative expenses","1","465","2024","(16.0)"
"SRC191","44","13","Administrative expenses","2","527","2023","(14.1)"
"SRC191","44","14","Purchase of service","1","465","2024","25.2"
"SRC191","44","14","Purchase of service","2","527","2023","23.6"
"SRC191","44","15","Other","1","465","2024","5.1"
"SRC191","44","16","Net change in plan fiduciary net position","1","465","2024","6,140.5"
"SRC191","44","16","Net change in plan fiduciary net position","2","527","2023","3,801.1"
"SRC191","44","17","Plan fiduciary net position - beginning","1","465","2024","58,315.1"
"SRC191","44","17","Plan fiduciary net position - beginning","2","527","2023","54,514.0"
"SRC191","44","18","Plan fiduciary net position - ending (b)","1","465","2024","64,455.6"
"SRC191","44","18","Plan fiduciary net position - ending (b)","2","527","2023","58,315.1"
"SRC191","44","19","Net pension liability - ending (a) - (b) $","1","465","2024","18,067.8"
"SRC191","44","19","Net pension liability - ending (a) - (b) $","2","527","2023","18,252.9"
"SRC191","44","20","Plan fiduciary net position as a percentage of total pension liability","1","465","2024","78.11 %"
"SRC191","44","20","Plan fiduciary net position as a percentage of total pension liability","2","527","2023","76.16 %"
"SRC191","44","21","Covered payroll","1","465","2024","8,640.6"
"SRC191","44","21","Covered payroll","2","527","2023","7,648.8"
"SRC191","44","22","Net pension liability as a percentage of covered payroll","1","465","2024","209.1 %"
"SRC191","44","22","Net pension liability as a percentage of covered payroll","2","527","2023","238.6 %"
"SRC191","45","1","$","1","76","","72,568.9"
"SRC191","45","1","$","2","138","","67,577.8"
"SRC191","45","1","$","3","199","","60,663.4"
"SRC191","45","1","$","4","260","","57,920.2"
"SRC191","45","1","$","5","321","","55,070.0"
"SRC191","45","1","$","6","383","","51,986.0"
"SRC191","45","1","$","7","444","","48,460.0"
"SRC191","45","1","$","8","505","","46,071.0"
"SRC191","45","2","$","1","76","","18,054.9"
"SRC191","45","2","$","2","138","","9,119.3"
"SRC191","45","2","$","3","199","","13,928.3"
"SRC191","45","2","$","4","260","","13,636.0"
"SRC191","45","2","$","5","321","","13,640.0"
"SRC191","45","2","$","6","383","","13,301.0"
"SRC191","45","2","$","7","444","","13,460.0"
"SRC191","45","2","$","8","505","","11,461.0"
"SRC191","46","1","Notes: Beginning","2","195","","2016,"
"SRC191","46","2","46 PUBLIC","5","370","","2024"
"SRC191","49","1","Less","2","197","of Service","1"
"SRC191","49","1","Less","4","279","Regular","5.50 %"
"SRC191","49","1","Less","5","392","Police/Fire","10.25 %"
"SRC191","49","2","13","4","279","Regular","0.35"
"SRC191","49","2","13","5","392","Police/Fire","1.00"
"SRC191","49","3","Inflation:","3","252","","2.75%"
"SRC191","49","4","Productivity pay increases:","3","252","","0.50%"
"SRC191","49","5","Less","2","197","of Service","1"
"SRC191","49","5","Less","4","279","Regular","5.90 %"
"SRC191","49","5","Less","5","392","Police/Fire","10.65 %"
"SRC191","49","6","15","4","279","Regular","1.00"
"SRC191","49","6","15","5","392","Police/Fire","1.30"
"SRC191","50","1","0-1","1","279","Regular","6.10 %"
"SRC191","50","1","0-1","2","392","Police/Fire","11.50 %"
"SRC191","50","2","1-2","1","279","Regular","5.00"
"SRC191","50","2","1-2","2","392","Police/Fire","8.20"
"SRC191","50","3","2-3","1","279","Regular","4.40"
"SRC191","50","3","2-3","2","392","Police/Fire","5.80"
"SRC191","50","4","3-4","1","279","Regular","4.00"
"SRC191","50","4","3-4","2","392","Police/Fire","5.20"
"SRC191","50","5","4-5","1","279","Regular","3.70"
"SRC191","50","5","4-5","2","392","Police/Fire","4.90"
"SRC191","50","6","5-6","1","279","Regular","3.40"
"SRC191","50","6","5-6","2","392","Police/Fire","4.70"
"SRC191","50","7","6-7","1","279","Regular","3.30"
"SRC191","50","7","6-7","2","392","Police/Fire","4.40"
"SRC191","50","8","7-8","1","279","Regular","3.20"
"SRC191","50","8","7-8","2","392","Police/Fire","4.20"
"SRC191","50","9","8-9","1","279","Regular","3.00"
"SRC191","50","9","8-9","2","392","Police/Fire","4.00"
"SRC191","50","10","9-10","1","279","Regular","2.80"
"SRC191","50","10","9-10","2","392","Police/Fire","3.90"
"SRC191","50","11","10-11","1","279","Regular","2.60"
"SRC191","50","11","10-11","2","392","Police/Fire","3.50"
"SRC191","50","12","11-12","1","279","Regular","2.30"
"SRC191","50","12","11-12","2","392","Police/Fire","2.80"
"SRC191","50","13","12-13","1","279","Regular","2.10"
"SRC191","50","13","12-13","2","392","Police/Fire","2.20"
"SRC191","50","14","13-14","1","279","Regular","1.90"
"SRC191","50","14","13-14","2","392","Police/Fire","2.00"
"SRC191","50","15","14-15","1","279","Regular","1.80"
"SRC191","50","15","14-15","2","392","Police/Fire","1.90"
"SRC191","50","16","15-16","1","279","Regular","1.70"
"SRC191","50","16","15-16","2","392","Police/Fire","1.70"
"SRC191","50","17","16-17","1","279","Regular","1.60"
"SRC191","50","17","16-17","2","392","Police/Fire","1.70"
"SRC191","50","18","17-18","1","279","Regular","1.50"
"SRC191","50","18","17-18","2","392","Police/Fire","1.70"
"SRC191","50","19","18-19","1","279","Regular","1.40"
"SRC191","50","19","18-19","2","392","Police/Fire","1.70"
"SRC191","50","20","19-20","1","279","Regular","1.30"
"SRC191","50","20","19-20","2","392","Police/Fire","1.70"
"SRC191","50","21","20 & Over","1","279","Regular","1.20"
"SRC191","50","21","20 & Over","2","392","Police/Fire","1.60"
"SRC191","51","1","FOR THE","2","389","SUPPLEMENTARY INFORMATION","30, 2024"
"SRC191","51","2","FY15-FY16:","1","236","REQUIRED","8.00%"
"SRC191","51","3","FY17-FY20:","1","236","REQUIRED","7.50%"
"SRC191","51","4","FY21-FY24:","1","236","REQUIRED","7.25%"
"SRC191","52","1","with rates increased by","1","385","Healthy","30%"
"SRC191","52","1","with rates increased by","4","478","Amount-Weighted","15%"
"SRC191","52","2","The above listed mortality","6","521","Above-","50"
"SRC191","52","3","older. To develop mortality","3","451","","40"
"SRC191","52","3","older. To develop mortality","5","500","","50,"
"SRC191","52","4","smoothed the difference","4","478","Amount-Weighted","40"
"SRC191","52","5","Mortality Tables and the","2","426","Retiree","50"
"SRC191","52","6","Tables. To develop the mortality","4","478","Amount-Weighted","40,"
"SRC191","52","7","with rates increased by","1","385","Healthy","30%"
"SRC191","52","7","with rates increased by","4","478","Amount-Weighted","5%"
"SRC191","52","8","The above listed mortality","6","521","Above-","45"
"SRC191","52","9","older. To develop mortality","3","451","","35"
"SRC191","52","9","older. To develop mortality","5","500","","45,"
"SRC191","52","10","smoothed the difference","4","478","Amount-Weighted","35"
"SRC191","52","11","Tables and the rates at age","1","385","Healthy","45"
"SRC191","52","12","develop the mortality rates","2","426","Retiree","35,"
"SRC191","53","1","FOR THE YEAR ENDED JUNE","1","379","SUPPLEMENTARY","30, 2024"
"SRC191","53","2","increased by 20% for","2","429","","15%"
"SRC191","53","3","by 30% for males and","1","379","SUPPLEMENTARY","10%"
"SRC191","53","4","increased by 15% for","2","429","","30%"
"SRC191","53","5","The above listed mortality","5","500","SECTION","45"
"SRC191","53","6","older. To develop mortality","3","450","INFORMATION","35"
"SRC191","53","6","older. To develop mortality","5","500","SECTION","45,"
"SRC191","53","7","smoothed the difference","4","478","FINANCIAL","35"
"SRC191","53","8","Mortality Tables and","3","450","INFORMATION","45"
"SRC191","53","9","Tables. To develop the","4","478","FINANCIAL","35,"
"SRC191","53","10","pension plans under Internal","5","500","SECTION","430."
"SRC191","53","11","with rates increased by","1","379","SUPPLEMENTARY","30%"
"SRC191","53","11","with rates increased by","4","478","FINANCIAL","15%"
"SRC191","54","1","older. To develop mortality rates for ages 40 through","2","500","ages 50","50,"
"SRC191","54","2","smoothed the difference between the rates at age","1","478","rates for","40"
"SRC191","54","3","Tables. To develop the mortality rates before age","1","478","rates for","40,"
"SRC191","54","4","pension plans under Internal Revenue Code Section","2","500","ages 50","430."
"SRC191","55","1","Note that generational","3","300","","(2010)"
"SRC191","56","1","Board fees","1","391","","10,960"
"SRC191","56","2","Total personnel services","2","453","","8,914,266"
"SRC191","56","3","Staff","1","391","","21,714"
"SRC191","56","4","Board","1","391","","1,748"
"SRC191","56","5","Total out-of-state travel","2","453","","23,462"
"SRC191","56","6","Staff","1","391","","46,434"
"SRC191","56","7","Board","1","391","","11,917"
"SRC191","56","8","Police/Fire committee","1","391","","698"
"SRC191","56","9","Total in-state travel","2","453","","59,049"
"SRC191","56","10","Office supplies","1","391","","28,577"
"SRC191","56","11","Postage and freight","1","391","","483,422"
"SRC191","56","12","Communications","1","391","","43,335"
"SRC191","56","13","Printing","1","391","","271,252"
"SRC191","56","14","Publications and periodicals","1","391","","849"
"SRC191","56","15","Bonds and insurance premiums","1","391","","17,180"
"SRC191","56","16","Vehicle expense","1","391","","330"
"SRC191","56","17","Equipment rental and repair","1","391","","14,984"
"SRC191","56","18","Building rental","1","391","","651,418"
"SRC191","56","19","License and fees","1","391","","2,155"
"SRC191","56","20","Client communication","1","391","","21,040"
"SRC191","56","21","Dues and registration","1","391","","51,767"
"SRC191","56","22","Medical expenses","1","391","","55,080"
"SRC191","56","23","Litigation expenses","1","391","","163,678"
"SRC191","56","24","Furniture and Equipment","1","391","","14,111"
"SRC191","56","25","Staff Search","1","391","","6,829"
"SRC191","56","26","Total operating","2","453","","2,987,508"
"SRC191","56","27","Equipment and office furniture, net","2","453","","139,365"
"SRC191","56","28","Information technology, net","2","453","","3,708,063"
"SRC191","56","29","Training","2","453","","90,027"
"SRC191","56","30","State cost allocation","2","453","","8,294"
"SRC191","56","31","Attorney general cost allocation","2","453","","70,119"
"SRC191","56","32","Total administrative expenses","2","453","","16,000,153"
"SRC191","58","1","Cash and cash equivalents $","1","325","Regular Fund","77,717,124"
"SRC191","58","1","Cash and cash equivalents $","4","517","2024","77,717,124"
"SRC191","58","2","Contributions receivable","1","325","Regular Fund","240,711,526"
"SRC191","58","2","Contributions receivable","4","517","2024","240,711,526"
"SRC191","58","3","Accrued investment income","1","325","Regular Fund","314,629,954"
"SRC191","58","3","Accrued investment income","4","517","2024","314,629,954"
"SRC191","58","4","Pending trades receivable","1","325","Regular Fund","259,044,986"
"SRC191","58","4","Pending trades receivable","4","517","2024","259,044,986"
"SRC191","58","5","Investments, at fair value 63,758,355,276","4","517","2024","63,758,355,276"
"SRC191","58","6","Property and equipment","1","325","Regular Fund","66,986,489"
"SRC191","58","6","Property and equipment","4","517","2024","66,986,489"
"SRC191","58","7","Accumulated depreciation","1","325","Regular Fund","(44,517,153)"
"SRC191","58","7","Accumulated depreciation","4","517","2024","(44,517,153)"
"SRC191","58","8","Net property and equipment","1","325","Regular Fund","22,469,336"
"SRC191","58","8","Net property and equipment","4","517","2024","22,469,336"
"SRC191","58","9","Other assets","1","325","Regular Fund","5,752,941"
"SRC191","58","9","Other assets","4","517","2024","5,752,941"
"SRC191","58","10","Due from other funds - equity in investments","2","378","Police/Fire Fund","14,922,592,337"
"SRC191","58","10","Due from other funds - equity in investments","3","440","Eliminations","(14,922,592,337)"
"SRC191","58","11","Total plan assets 64,678,681,143","2","378","Police/Fire Fund","14,922,592,337"
"SRC191","58","11","Total plan assets 64,678,681,143","3","440","Eliminations","(14,922,592,337)"
"SRC191","58","11","Total plan assets 64,678,681,143","4","517","2024","64,678,681,143"
"SRC191","58","12","Accounts payable and accrued expenses","1","325","Regular Fund","18,298,736"
"SRC191","58","12","Accounts payable and accrued expenses","4","517","2024","18,298,736"
"SRC191","58","13","Pending trades payable","1","325","Regular Fund","204,826,989"
"SRC191","58","13","Pending trades payable","4","517","2024","204,826,989"
"SRC191","58","14","Due to other funds 14,922,592,337","3","440","Eliminations","(14,922,592,337)"
"SRC191","58","15","Total plan liabilities 15,145,718,062","3","440","Eliminations","(14,922,592,337)"
"SRC191","58","15","Total plan liabilities 15,145,718,062","4","517","2024","223,125,725"
"SRC191","58","16","Net position restricted for pension benefits $ 49,532,963,081","2","378","Police/Fire Fund","14,922,592,337"
"SRC191","58","16","Net position restricted for pension benefits $ 49,532,963,081","4","517","2024","64,455,555,418"
"SRC191","58","17","58 PUBLIC EMPLOYEES’ RETIREMENT SYSTEM OF NEVADA","1","325","Regular Fund","2024"
"SRC191","59","1","For the Year Ended","2","375","FIDUCIARY","2024"
"SRC191","59","2","(With Comparative Totals for","3","436","NET POSITION","2023)"
"SRC191","59","3","Employer $","1","300","CHANGES","1,142,541,915"
"SRC191","59","3","Employer $","2","375","FIDUCIARY","315,028,372"
"SRC191","59","3","Employer $","3","436","NET POSITION","1,457,570,287"
"SRC191","59","3","Employer $","4","512","","1,163,873,854"
"SRC191","59","4","Plan members","1","300","CHANGES","1,142,541,915"
"SRC191","59","4","Plan members","2","375","FIDUCIARY","315,028,372"
"SRC191","59","4","Plan members","3","436","NET POSITION","1,457,570,287"
"SRC191","59","4","Plan members","4","512","","1,163,873,854"
"SRC191","59","5","Repayment and purchase of service","1","300","CHANGES","60,817,828"
"SRC191","59","5","Repayment and purchase of service","2","375","FIDUCIARY","10,719,340"
"SRC191","59","5","Repayment and purchase of service","3","436","NET POSITION","71,537,168"
"SRC191","59","5","Repayment and purchase of service","4","512","","62,852,658"
"SRC191","59","6","Total contributions","1","300","CHANGES","2,345,901,658"
"SRC191","59","6","Total contributions","2","375","FIDUCIARY","640,776,084"
"SRC191","59","6","Total contributions","3","436","NET POSITION","2,986,677,742"
"SRC191","59","6","Total contributions","4","512","","2,390,600,366"
"SRC191","59","7","Net appreciation in fair value of investments","1","300","CHANGES","5,526,974,486"
"SRC191","59","7","Net appreciation in fair value of investments","3","436","NET POSITION","5,526,974,486"
"SRC191","59","7","Net appreciation in fair value of investments","4","512","","3,755,039,509"
"SRC191","59","8","Interest","1","300","CHANGES","661,306,423"
"SRC191","59","8","Interest","3","436","NET POSITION","661,306,423"
"SRC191","59","8","Interest","4","512","","359,546,118"
"SRC191","59","9","Dividends","1","300","CHANGES","656,923,190"
"SRC191","59","9","Dividends","3","436","NET POSITION","656,923,190"
"SRC191","59","9","Dividends","4","512","","738,117,020"
"SRC191","59","10","Other investment income","1","300","CHANGES","165,299,464"
"SRC191","59","10","Other investment income","3","436","NET POSITION","165,299,464"
"SRC191","59","10","Other investment income","4","512","","174,299,111"
"SRC191","59","11","Less investment fees and other expense","1","300","CHANGES","(81,161,353)"
"SRC191","59","11","Less investment fees and other expense","3","436","NET POSITION","(81,161,353)"
"SRC191","59","11","Less investment fees and other expense","4","512","","(75,725,670)"
"SRC191","59","12","Net investment income","1","300","CHANGES","6,929,342,210"
"SRC191","59","12","Net investment income","3","436","NET POSITION","6,929,342,210"
"SRC191","59","12","Net investment income","4","512","","4,951,276,088"
"SRC191","59","13","Securities lending income","4","512","","7,182,836"
"SRC191","59","14","Less securities lending expense","4","512","","(5,060,658)"
"SRC191","59","15","Net securities lending income","4","512","","2,122,178"
"SRC191","59","16","Total net investment income","1","300","CHANGES","6,929,342,210"
"SRC191","59","16","Total net investment income","3","436","NET POSITION","6,929,342,210"
"SRC191","59","16","Total net investment income","4","512","","4,953,398,266"
"SRC191","59","17","Other income:","1","300","CHANGES","4,579,308"
"SRC191","59","17","Other income:","2","375","FIDUCIARY","643,523"
"SRC191","59","17","Other income:","3","436","NET POSITION","5,222,831"
"SRC191","59","17","Other income:","4","512","","1,470,742"
"SRC191","59","18","Total additions","1","300","CHANGES","9,279,823,176"
"SRC191","59","18","Total additions","2","375","FIDUCIARY","641,419,607"
"SRC191","59","18","Total additions","3","436","NET POSITION","9,921,242,783"
"SRC191","59","18","Total additions","4","512","","7,345,469,374"
"SRC191","59","19","Retirement and survivor benefits","1","300","CHANGES","2,814,392,568"
"SRC191","59","19","Retirement and survivor benefits","2","375","FIDUCIARY","768,514,274"
"SRC191","59","19","Retirement and survivor benefits","3","436","NET POSITION","3,582,906,842"
"SRC191","59","19","Retirement and survivor benefits","4","512","","3,346,154,182"
"SRC191","59","20","Disability","1","300","CHANGES","99,796,520"
"SRC191","59","20","Disability","2","375","FIDUCIARY","38,324,063"
"SRC191","59","20","Disability","3","436","NET POSITION","138,120,583"
"SRC191","59","20","Disability","4","512","","131,596,885"
"SRC191","59","21","Refunds of contributions","1","300","CHANGES","39,104,279"
"SRC191","59","21","Refunds of contributions","2","375","FIDUCIARY","4,547,451"
"SRC191","59","21","Refunds of contributions","3","436","NET POSITION","43,651,730"
"SRC191","59","21","Refunds of contributions","4","512","","51,102,915"
"SRC191","59","22","Transfers of contributions to JRS","4","512","","1,407,857"
"SRC191","59","23","Administrative expenses","1","300","CHANGES","16,000,153"
"SRC191","59","23","Administrative expenses","3","436","NET POSITION","16,000,153"
"SRC191","59","23","Administrative expenses","4","512","","14,093,101"
"SRC191","59","24","Other expenses","1","300","CHANGES","112,862"
"SRC191","59","24","Other expenses","3","436","NET POSITION","114,834"
"SRC191","59","24","Other expenses","4","512","","19,665"
"SRC191","59","25","Total deductions","1","300","CHANGES","2,969,406,382"
"SRC191","59","25","Total deductions","2","375","FIDUCIARY","811,387,760"
"SRC191","59","25","Total deductions","3","436","NET POSITION","3,780,794,142"
"SRC191","59","25","Total deductions","4","512","","3,544,374,605"
"SRC191","59","26","Increase in net position","1","300","CHANGES","6,310,416,794"
"SRC191","59","26","Increase in net position","2","375","FIDUCIARY","(169,968,153)"
"SRC191","59","26","Increase in net position","3","436","NET POSITION","6,140,448,641"
"SRC191","59","26","Increase in net position","4","512","","3,801,094,769"
"SRC191","59","27","Interfund transfers","1","300","CHANGES","(639,822)"
"SRC191","59","27","Interfund transfers","2","375","FIDUCIARY","639,822"
"SRC191","59","28","Transfers of annual investment income","1","300","CHANGES","(1,603,449,897)"
"SRC191","59","28","Transfers of annual investment income","2","375","FIDUCIARY","1,603,449,897"
"SRC191","59","29","Transfers of administrative fees","1","300","CHANGES","2,017,572"
"SRC191","59","29","Transfers of administrative fees","2","375","FIDUCIARY","(2,017,572)"
"SRC191","59","30","Total transfers","1","300","CHANGES","(1,602,072,147)"
"SRC191","59","30","Total transfers","2","375","FIDUCIARY","1,602,072,147"
"SRC191","59","31","Beginning of year","1","300","CHANGES","44,824,618,434"
"SRC191","59","31","Beginning of year","2","375","FIDUCIARY","13,490,488,343"
"SRC191","59","31","Beginning of year","3","436","NET POSITION","58,315,106,777"
"SRC191","59","31","Beginning of year","4","512","","54,514,012,008"
"SRC191","59","32","End of year $49,532,963,081","2","375","FIDUCIARY","$14,922,592,337"
"SRC191","59","32","End of year $49,532,963,081","3","436","NET POSITION","$64,455,555,418"
"SRC191","59","32","End of year $49,532,963,081","4","512","","$58,315,106,777"
"SRC191","65","1","in Note","1","82","","1"
"SRC191","65","2","Chart","1","82","","1,"
"SRC191","65","2","Chart","2","122","return and","68,"
"SRC191","65","3","objective","8","413","","30,"
"SRC191","65","3","objective","11","553","","1,"
"SRC191","65","4","2000,","3","153","","30,"
"SRC191","65","4","2000,","9","446","","30,"
"SRC191","65","5","October","1","82","","1, 2003,"
"SRC191","65","5","October","4","188","risk objectives.","30,"
"SRC191","65","5","October","7","384","","2,"
"SRC191","65","5","October","8","413","","68,"
"SRC191","65","6","long-term","4","188","risk objectives.","30, 2024."
"SRC191","65","6","long-term","6","267","","12.1%"
"SRC191","65","6","long-term","7","384","","2024"
"SRC191","65","7","The target","7","384","","2024,"
"SRC191","65","7","The target","10","486","","12%"
"SRC191","65","8","Short-term","10","486","","30, 2024,"
"SRC191","65","9","allocation","2","122","return and","28%"
"SRC191","65","9","allocation","4","188","risk objectives.","34%"
"SRC191","65","9","allocation","6","267","","14%"
"SRC191","65","9","allocation","7","384","","12%"
"SRC191","65","10","Markets.","2","122","return and","30,"
"SRC191","65","10","Markets.","3","153","","2024,"
"SRC191","65","10","Markets.","8","413","","3,"
"SRC191","65","10","Markets.","9","446","","69."
"SRC191","66","1","gaining","6","443","","100%"
"SRC191","66","2","Stocks,","6","443","","500"
"SRC191","66","3","roughly","1","76","","80%"
"SRC191","66","3","roughly","7","489","","100%"
"SRC191","66","4","MSCI","3","223","","85%"
"SRC191","66","4","MSCI","6","443","","22"
"SRC191","66","5","included","6","443","","80%"
"SRC191","66","6","The","7","489","","2015,"
"SRC191","66","7","elected","2","138","","100%"
"SRC191","66","7","elected","5","369","","100%"
"SRC191","66","8","by asset","7","489","","1,500"
"SRC191","66","9","Chart","1","76","","4,"
"SRC191","66","9","Chart","2","138","","70,"
"SRC191","66","10","the ten","4","341","","30, 2024,"
"SRC191","66","10","the ten","6","443","","5"
"SRC191","66","10","the ten","7","489","","71."
"SRC191","66","11","Chart","1","76","U.S. Stocks","6,"
"SRC191","66","11","Chart","2","138","","72,"
"SRC191","66","12","Charts","2","138","","73 74,"
"SRC191","66","12","Charts","3","223","Produce","1, 3, 5,"
"SRC191","66","13","objective","3","223","Produce","2024."
"SRC191","66","14","Chart","1","76","U.S. Stocks","10,"
"SRC191","66","14","Chart","2","138","","74,"
"SRC191","66","14","Chart","6","443","& Poor’s 500","2024,"
"SRC191","70","1","BlackRock - S&P 500","1","359","","11,257,806,625"
"SRC191","70","2","Subtotal","1","359","","22,496,666,822"
"SRC191","70","2","Subtotal","3","531","","35.3 %"
"SRC191","70","3","Mellon Capital","1","359","","4,383,975,426"
"SRC191","70","4","State Street Global Advisors","1","359","","4,399,941,210"
"SRC191","70","5","Subtotal","1","359","","8,783,916,636"
"SRC191","70","5","Subtotal","3","531","","13.8"
"SRC191","70","6","Pathway Capital Management","1","359","","4,935,555,251"
"SRC191","70","7","Subtotal","1","359","","4,935,555,251"
"SRC191","70","7","Subtotal","3","531","","7.7"
"SRC191","70","8","Total Equities","2","438","","36,216,138,709"
"SRC191","70","8","Total Equities","3","531","","56.8"
"SRC191","70","9","Payden & Rygel - US Bond Index","1","359","","8,642,442,653"
"SRC191","70","10","State Street Global Advisors","1","359","","8,788,601,463"
"SRC191","70","11","Total Bonds","2","438","","17,431,044,116"
"SRC191","70","11","Total Bonds","3","531","","27.3"
"SRC191","70","12","AEW Realty","1","359","","1,425,092,983"
"SRC191","70","13","Invesco Realty Advisors","1","359","","1,359,509,627"
"SRC191","70","14","Invesco Realty Advisors Takeover","1","359","","2,997,075"
"SRC191","70","15","Total Private Real Estate","2","438","","2,787,599,685"
"SRC191","70","15","Total Private Real Estate","3","531","","4.4"
"SRC191","70","16","Payden & Rygel","1","359","","7,330,375,177"
"SRC191","70","17","Total Short-Term Investments","2","438","","7,330,375,177"
"SRC191","70","17","Total Short-Term Investments","3","531","","11.5"
"SRC191","70","18","TOTAL PORTFOLIO","2","438","","63,765,157,687"
"SRC191","70","18","TOTAL PORTFOLIO","3","531","","100.0 %"
"SRC191","70","19","Total portfolio does not include custodial cash of $48,979,371, accrued investment","2","438","","$314,629,954,"
"SRC191","70","20","receivable of $259,044,986, pending trades payable of $204,826,989, accrued","3","531","","$71,000,"
"SRC191","72","1","Fiscal Year","1","100","","2015"
"SRC191","72","2","Total","2","188","U.S. STOCKS","7.4"
"SRC191","72","2","Total","3","250","INT’L STOCKS","-3.9"
"SRC191","72","2","Total","4","314","U.S. BONDS","2.0"
"SRC191","72","2","Total","5","369","PRIVATE MARKETS","13.9"
"SRC191","72","2","Total","7","519","TOTAL FUND","4.2"
"SRC191","72","3","Objective","2","188","U.S. STOCKS","7.4"
"SRC191","72","3","Objective","3","250","INT’L STOCKS","-4.2"
"SRC191","72","3","Objective","4","314","U.S. BONDS","2.0"
"SRC191","72","3","Objective","5","369","PRIVATE MARKETS","11.8"
"SRC191","72","3","Objective","7","519","TOTAL FUND","4.6"
"SRC191","72","4","Fiscal Year","1","100","","2016"
"SRC191","72","5","Total","2","188","U.S. STOCKS","4.0"
"SRC191","72","5","Total","3","250","INT’L STOCKS","-9.8"
"SRC191","72","5","Total","4","314","U.S. BONDS","6.3"
"SRC191","72","5","Total","5","369","PRIVATE MARKETS","8.6"
"SRC191","72","5","Total","7","519","TOTAL FUND","2.3"
"SRC191","72","6","Objective","2","188","U.S. STOCKS","4.0"
"SRC191","72","6","Objective","3","250","INT’L STOCKS","-10.2"
"SRC191","72","6","Objective","4","314","U.S. BONDS","6.2"
"SRC191","72","6","Objective","5","369","PRIVATE MARKETS","9.3"
"SRC191","72","6","Objective","7","519","TOTAL FUND","5.5"
"SRC191","72","7","Fiscal Year","1","100","","2017"
"SRC191","72","8","Total","2","188","U.S. STOCKS","17.8"
"SRC191","72","8","Total","3","250","INT’L STOCKS","20.5"
"SRC191","72","8","Total","4","314","U.S. BONDS","-2.4"
"SRC191","72","8","Total","5","369","PRIVATE MARKETS","13.3"
"SRC191","72","8","Total","7","519","TOTAL FUND","11.9"
"SRC191","72","9","Objective","2","188","U.S. STOCKS","17.9"
"SRC191","72","9","Objective","3","250","INT’L STOCKS","20.3"
"SRC191","72","9","Objective","4","314","U.S. BONDS","-2.3"
"SRC191","72","9","Objective","5","369","PRIVATE MARKETS","13.5"
"SRC191","72","9","Objective","7","519","TOTAL FUND","6.1"
"SRC191","72","10","Fiscal Year","1","100","","2018"
"SRC191","72","11","Total","2","188","U.S. STOCKS","14.3"
"SRC191","72","11","Total","3","250","INT’L STOCKS","7.2"
"SRC191","72","11","Total","4","314","U.S. BONDS","-0.7"
"SRC191","72","11","Total","5","369","PRIVATE MARKETS","13.4"
"SRC191","72","11","Total","7","519","TOTAL FUND","8.6"
"SRC191","72","12","Objective","2","188","U.S. STOCKS","14.4"
"SRC191","72","12","Objective","3","250","INT’L STOCKS","6.8"
"SRC191","72","12","Objective","4","314","U.S. BONDS","-0.7"
"SRC191","72","12","Objective","5","369","PRIVATE MARKETS","12.3"
"SRC191","72","12","Objective","7","519","TOTAL FUND","7.5"
"SRC191","72","13","Fiscal Year","1","100","","2019"
"SRC191","72","14","Total","2","188","U.S. STOCKS","10.4"
"SRC191","72","14","Total","3","250","INT’L STOCKS","1.8"
"SRC191","72","14","Total","4","314","U.S. BONDS","7.3"
"SRC191","72","14","Total","5","369","PRIVATE MARKETS","13.4"
"SRC191","72","14","Total","7","519","TOTAL FUND","8.5"
"SRC191","72","15","Objective","2","188","U.S. STOCKS","10.4"
"SRC191","72","15","Objective","3","250","INT’L STOCKS","1.8"
"SRC191","72","15","Objective","4","314","U.S. BONDS","7.2"
"SRC191","72","15","Objective","5","369","PRIVATE MARKETS","10.2"
"SRC191","72","15","Objective","7","519","TOTAL FUND","6.4"
"SRC191","72","16","Fiscal Year","1","100","","2020"
"SRC191","72","17","Total","2","188","U.S. STOCKS","7.4"
"SRC191","72","17","Total","3","250","INT’L STOCKS","-5.0"
"SRC191","72","17","Total","4","314","U.S. BONDS","10.2"
"SRC191","72","17","Total","5","369","PRIVATE MARKETS","4.7"
"SRC191","72","17","Total","7","519","TOTAL FUND","7.2"
"SRC191","72","18","Objective","2","188","U.S. STOCKS","7.5"
"SRC191","72","18","Objective","3","250","INT’L STOCKS","-5.4"
"SRC191","72","18","Objective","4","314","U.S. BONDS","10.2"
"SRC191","72","18","Objective","5","369","PRIVATE MARKETS","7.4"
"SRC191","72","18","Objective","7","519","TOTAL FUND","5.4"
"SRC191","72","19","Fiscal Year","1","100","","2021"
"SRC191","72","20","Total","2","188","U.S. STOCKS","40.7"
"SRC191","72","20","Total","3","250","INT’L STOCKS","33.7"
"SRC191","72","20","Total","4","314","U.S. BONDS","0.1"
"SRC191","72","20","Total","5","369","PRIVATE MARKETS","41.8"
"SRC191","72","20","Total","7","519","TOTAL FUND","27.3"
"SRC191","72","21","Objective","2","188","U.S. STOCKS","40.8"
"SRC191","72","21","Objective","3","250","INT’L STOCKS","33.6"
"SRC191","72","21","Objective","4","314","U.S. BONDS","0.1"
"SRC191","72","21","Objective","5","369","PRIVATE MARKETS","27.2"
"SRC191","72","21","Objective","7","519","TOTAL FUND","10.1"
"SRC191","72","22","Fiscal Year","1","100","","2022"
"SRC191","72","23","Total","2","188","U.S. STOCKS","-10.4"
"SRC191","72","23","Total","3","250","INT’L STOCKS","-16.2"
"SRC191","72","23","Total","4","314","U.S. BONDS","-2.8"
"SRC191","72","23","Total","5","369","PRIVATE MARKETS","22.0"
"SRC191","72","23","Total","7","519","TOTAL FUND","-5.1"
"SRC191","72","24","Objective","2","188","U.S. STOCKS","-10.6"
"SRC191","72","24","Objective","3","250","INT’L STOCKS","-16.8"
"SRC191","72","24","Objective","4","314","U.S. BONDS","-3.5"
"SRC191","72","24","Objective","5","369","PRIVATE MARKETS","2.9"
"SRC191","72","24","Objective","7","519","TOTAL FUND","13.8"
"SRC191","72","25","Fiscal Year","1","100","","2023"
"SRC191","72","26","Total","2","188","U.S. STOCKS","19.5"
"SRC191","72","26","Total","3","250","INT’L STOCKS","17.7"
"SRC191","72","26","Total","4","314","U.S. BONDS","-2.3"
"SRC191","72","26","Total","5","369","PRIVATE MARKETS","-4.8"
"SRC191","72","26","Total","7","519","TOTAL FUND","9.3"
"SRC191","72","27","Objective","2","188","U.S. STOCKS","19.6"
"SRC191","72","27","Objective","3","250","INT’L STOCKS","17.4"
"SRC191","72","27","Objective","4","314","U.S. BONDS","-2.1"
"SRC191","72","27","Objective","5","369","PRIVATE MARKETS","9.8"
"SRC191","72","27","Objective","7","519","TOTAL FUND","7.7"
"SRC191","72","28","Fiscal Year","1","100","","2024"
"SRC191","72","29","Total","2","188","U.S. STOCKS","24.7"
"SRC191","72","29","Total","3","250","INT’L STOCKS","11.5"
"SRC191","72","29","Total","4","314","U.S. BONDS","1.6"
"SRC191","72","29","Total","5","369","PRIVATE MARKETS","0.4"
"SRC191","72","29","Total","6","447","SHORT-TERM INVESTMENTS*","5.1"
"SRC191","72","29","Total","7","519","TOTAL FUND","12.1"
"SRC191","72","30","Objective","2","188","U.S. STOCKS","24.6"
"SRC191","72","30","Objective","3","250","INT’L STOCKS","11.2"
"SRC191","72","30","Objective","4","314","U.S. BONDS","1.6"
"SRC191","72","30","Objective","5","369","PRIVATE MARKETS","13.9"
"SRC191","72","30","Objective","6","447","SHORT-TERM INVESTMENTS*","5.0"
"SRC191","72","30","Objective","7","519","TOTAL FUND","7.7"
"SRC191","72","31","*The short-term","3","250","INT’L STOCKS","1,"
"SRC191","72","31","*The short-term","4","314","U.S. BONDS","2024"
"SRC191","72","32","U.S. Stocks","1","100","","500"
"SRC191","72","33","Private Markets","3","250","INT’L STOCKS","-0.75%"
"SRC191","74","1","44.4%","2","157","","-0.75%"
"SRC191","74","2","55.6%","2","157","","500 3.0%"
"SRC191","74","3","74 PUBLIC","5","363","","2024"
"SRC191","76","1","AB S&P 500 U.S. Index $","1","375","Amount June","11,250,631,669"
"SRC191","76","1","AB S&P 500 U.S. Index $","3","494","Fees Incurred","701,418"
"SRC191","76","2","BlackRock S&P 500 U.S. Index","1","375","Amount June","11,281,276,208"
"SRC191","76","2","BlackRock S&P 500 U.S. Index","3","494","Fees Incurred","707,833"
"SRC191","76","3","Mellon Capital Int'l Index","1","375","Amount June","4,455,145,463"
"SRC191","76","3","Mellon Capital Int'l Index","3","494","Fees Incurred","708,148"
"SRC191","76","4","State Street Global Advisors Int'l Index","1","375","Amount June","4,460,342,022"
"SRC191","76","4","State Street Global Advisors Int'l Index","3","494","Fees Incurred","704,898"
"SRC191","76","5","Payden & Rygel U.S. Index","1","375","Amount June","8,934,699,720"
"SRC191","76","5","Payden & Rygel U.S. Index","3","494","Fees Incurred","591,663"
"SRC191","76","6","State Street Global Advisors Fixed U.S. Index","1","375","Amount June","8,862,369,700"
"SRC191","76","6","State Street Global Advisors Fixed U.S. Index","3","494","Fees Incurred","410,749"
"SRC191","76","7","Pathway Capital Management","1","375","Amount June","4,909,597,045"
"SRC191","76","7","Pathway Capital Management","3","494","Fees Incurred","7,754,171"
"SRC191","76","8","Private Equity General Partner Fees","3","494","Fees Incurred","52,680,016"
"SRC191","76","9","AEW Realty","1","375","Amount June","1,423,465,267"
"SRC191","76","9","AEW Realty","3","494","Fees Incurred","6,574,716"
"SRC191","76","10","Invesco Realty Advisors","1","375","Amount June","1,357,958,613"
"SRC191","76","10","Invesco Realty Advisors","3","494","Fees Incurred","6,477,038"
"SRC191","76","11","Invesco Realty Advisors Takeover","2","392","Under 30, 2024","2,993,676"
"SRC191","76","11","Invesco Realty Advisors Takeover","3","494","Fees Incurred","6,684"
"SRC191","76","12","Payden & Rygel U.S. Index","1","375","Amount June","7,389,274,220"
"SRC191","76","12","Payden & Rygel U.S. Index","3","494","Fees Incurred","986,561"
"SRC191","76","13","Subtotal investment management fees","3","494","Fees Incurred","78,303,895"
"SRC191","76","14","Callan Associates","3","494","Fees Incurred","414,139"
"SRC191","76","15","Jobs Peak Advisors","3","494","Fees Incurred","549,268"
"SRC191","76","16","Subtotal investment consulting fees","3","494","Fees Incurred","963,407"
"SRC191","76","17","Total investment management and consulting fees","3","494","Fees Incurred","79,267,302"
"SRC191","77","1","ABN AMRO","1","278","Number of Shares Traded","895,056"
"SRC191","77","1","ABN AMRO","4","389","Commissions Paid","10,438"
"SRC191","77","1","ABN AMRO","5","487","Per Share (rounded)","0.01"
"SRC191","77","2","Barclays","1","278","Number of Shares Traded","3,346,788"
"SRC191","77","2","Barclays","4","389","Commissions Paid","17,054"
"SRC191","77","2","Barclays","5","487","Per Share (rounded)","0.01"
"SRC191","77","3","BNP Paribas","1","278","Number of Shares Traded","9,645,633"
"SRC191","77","3","BNP Paribas","4","389","Commissions Paid","19,851"
"SRC191","77","3","BNP Paribas","5","487","Per Share (rounded)","0.00"
"SRC191","77","4","BMO Mellon","1","278","Number of Shares Traded","6,446"
"SRC191","77","4","BMO Mellon","4","389","Commissions Paid","20"
"SRC191","77","4","BMO Mellon","5","487","Per Share (rounded)","0.00"
"SRC191","77","5","Bank of Amercia","1","278","Number of Shares Traded","9,200"
"SRC191","77","5","Bank of Amercia","4","389","Commissions Paid","48"
"SRC191","77","5","Bank of Amercia","5","487","Per Share (rounded)","0.01"
"SRC191","77","6","Cantor Fitzgerald","1","278","Number of Shares Traded","108,443"
"SRC191","77","6","Cantor Fitzgerald","4","389","Commissions Paid","868"
"SRC191","77","6","Cantor Fitzgerald","5","487","Per Share (rounded)","0.01"
"SRC191","77","7","CastleOak Securities","1","278","Number of Shares Traded","11,214"
"SRC191","77","7","CastleOak Securities","4","389","Commissions Paid","56"
"SRC191","77","7","CastleOak Securities","5","487","Per Share (rounded)","0.01"
"SRC191","77","8","CIBC","1","278","Number of Shares Traded","71,102"
"SRC191","77","8","CIBC","4","389","Commissions Paid","745"
"SRC191","77","8","CIBC","5","487","Per Share (rounded)","0.01"
"SRC191","77","9","Citadel","1","278","Number of Shares Traded","31,400"
"SRC191","77","9","Citadel","4","389","Commissions Paid","79"
"SRC191","77","9","Citadel","5","487","Per Share (rounded)","0.00"
"SRC191","77","10","Citigroup 10,224,569","4","389","Commissions Paid","36,625"
"SRC191","77","10","Citigroup 10,224,569","5","487","Per Share (rounded)","0.00"
"SRC191","77","11","CLSA","1","278","Number of Shares Traded","564,487"
"SRC191","77","11","CLSA","4","389","Commissions Paid","2,798"
"SRC191","77","11","CLSA","5","487","Per Share (rounded)","0.00"
"SRC191","77","12","Cowen","1","278","Number of Shares Traded","36,270"
"SRC191","77","12","Cowen","4","389","Commissions Paid","290"
"SRC191","77","12","Cowen","5","487","Per Share (rounded)","0.01"
"SRC191","77","13","Credit Lyonnais","1","278","Number of Shares Traded","1,531,300"
"SRC191","77","13","Credit Lyonnais","4","389","Commissions Paid","5,238"
"SRC191","77","13","Credit Lyonnais","5","487","Per Share (rounded)","0.00"
"SRC191","77","14","Daiwa","1","278","Number of Shares Traded","728,667"
"SRC191","77","14","Daiwa","4","389","Commissions Paid","3,088"
"SRC191","77","14","Daiwa","5","487","Per Share (rounded)","0.00"
"SRC191","77","15","Exane","1","278","Number of Shares Traded","42,960"
"SRC191","77","15","Exane","4","389","Commissions Paid","160"
"SRC191","77","15","Exane","5","487","Per Share (rounded)","0.00"
"SRC191","77","16","Goldman Sachs 74,527,243","4","389","Commissions Paid","234,152"
"SRC191","77","16","Goldman Sachs 74,527,243","5","487","Per Share (rounded)","0.00"
"SRC191","77","17","HSBC","1","278","Number of Shares Traded","305,696"
"SRC191","77","17","HSBC","4","389","Commissions Paid","2,618"
"SRC191","77","17","HSBC","5","487","Per Share (rounded)","0.01"
"SRC191","77","18","Instinet","1","278","Number of Shares Traded","2,463,943"
"SRC191","77","18","Instinet","4","389","Commissions Paid","10,968"
"SRC191","77","18","Instinet","5","487","Per Share (rounded)","0.00"
"SRC191","77","19","ITG","1","278","Number of Shares Traded","2,320,460"
"SRC191","77","19","ITG","4","389","Commissions Paid","4,720"
"SRC191","77","19","ITG","5","487","Per Share (rounded)","0.00"
"SRC191","77","20","JP Morgan 40,710,856","4","389","Commissions Paid","383,666"
"SRC191","77","20","JP Morgan 40,710,856","5","487","Per Share (rounded)","0.01"
"SRC191","77","21","Jane Street","1","278","Number of Shares Traded","33,663"
"SRC191","77","21","Jane Street","4","389","Commissions Paid","295"
"SRC191","77","21","Jane Street","5","487","Per Share (rounded)","0.01"
"SRC191","77","22","Jefferies & Co","1","278","Number of Shares Traded","1,791,581"
"SRC191","77","22","Jefferies & Co","4","389","Commissions Paid","7,017"
"SRC191","77","22","Jefferies & Co","5","487","Per Share (rounded)","0.00"
"SRC191","77","23","Loop","1","278","Number of Shares Traded","300"
"SRC191","77","23","Loop","4","389","Commissions Paid","2"
"SRC191","77","23","Loop","5","487","Per Share (rounded)","0.01"
"SRC191","77","24","Macquarie","1","278","Number of Shares Traded","6,174,836"
"SRC191","77","24","Macquarie","4","389","Commissions Paid","24,556"
"SRC191","77","24","Macquarie","5","487","Per Share (rounded)","0.00"
"SRC191","77","25","Merrill Lynch 17,521,283","4","389","Commissions Paid","66,470"
"SRC191","77","25","Merrill Lynch 17,521,283","5","487","Per Share (rounded)","0.00"
"SRC191","77","26","MF Global","1","278","Number of Shares Traded","1,237"
"SRC191","77","26","MF Global","4","389","Commissions Paid","26"
"SRC191","77","26","MF Global","5","487","Per Share (rounded)","0.02"
"SRC191","77","27","Mizuho","1","278","Number of Shares Traded","288,302"
"SRC191","77","27","Mizuho","4","389","Commissions Paid","2,306"
"SRC191","77","27","Mizuho","5","487","Per Share (rounded)","0.01"
"SRC191","77","28","Morgan Stanley","1","278","Number of Shares Traded","2,980,679"
"SRC191","77","28","Morgan Stanley","4","389","Commissions Paid","11,647"
"SRC191","77","28","Morgan Stanley","5","487","Per Share (rounded)","0.00"
"SRC191","77","29","Optiver Vof","1","278","Number of Shares Traded","1,458,878"
"SRC191","77","29","Optiver Vof","4","389","Commissions Paid","6,784"
"SRC191","77","29","Optiver Vof","5","487","Per Share (rounded)","0.00"
"SRC191","77","30","Panserra","1","278","Number of Shares Traded","1,745"
"SRC191","77","30","Panserra","4","389","Commissions Paid","10"
"SRC191","77","30","Panserra","5","487","Per Share (rounded)","0.01"
"SRC191","77","31","Pershing","1","278","Number of Shares Traded","9,831,344"
"SRC191","77","31","Pershing","4","389","Commissions Paid","73,767"
"SRC191","77","31","Pershing","5","487","Per Share (rounded)","0.01"
"SRC191","77","32","RBC","1","278","Number of Shares Traded","3,158,610"
"SRC191","77","32","RBC","4","389","Commissions Paid","28,716"
"SRC191","77","32","RBC","5","487","Per Share (rounded)","0.01"
"SRC191","77","33","Sanford C. Bernstein","1","278","Number of Shares Traded","492,046"
"SRC191","77","33","Sanford C. Bernstein","4","389","Commissions Paid","2,181"
"SRC191","77","33","Sanford C. Bernstein","5","487","Per Share (rounded)","0.00"
"SRC191","77","34","Scotia Capital Markets","1","278","Number of Shares Traded","1,340,200"
"SRC191","77","34","Scotia Capital Markets","4","389","Commissions Paid","6,860"
"SRC191","77","34","Scotia Capital Markets","5","487","Per Share (rounded)","0.01"
"SRC191","77","35","SG","1","278","Number of Shares Traded","896,298"
"SRC191","77","35","SG","4","389","Commissions Paid","4,088"
"SRC191","77","35","SG","5","487","Per Share (rounded)","0.00"
"SRC191","77","36","Toronto Dominion","1","278","Number of Shares Traded","80,673"
"SRC191","77","36","Toronto Dominion","4","389","Commissions Paid","416"
"SRC191","77","36","Toronto Dominion","5","487","Per Share (rounded)","0.01"
"SRC191","77","37","UBS","1","278","Number of Shares Traded","8,170,473"
"SRC191","77","37","UBS","4","389","Commissions Paid","21,105"
"SRC191","77","37","UBS","5","487","Per Share (rounded)","0.00"
"SRC191","77","38","Virtu","1","278","Number of Shares Traded","11,400"
"SRC191","77","38","Virtu","4","389","Commissions Paid","80"
"SRC191","77","38","Virtu","5","487","Per Share (rounded)","0.01"
"SRC191","77","39","Wells Fargo","1","278","Number of Shares Traded","9,580"
"SRC191","77","39","Wells Fargo","4","389","Commissions Paid","77"
"SRC191","77","39","Wells Fargo","5","487","Per Share (rounded)","0.01"
"SRC191","77","40","Williams Capital","1","278","Number of Shares Traded","2,600"
"SRC191","77","40","Williams Capital","4","389","Commissions Paid","18"
"SRC191","77","40","Williams Capital","5","487","Per Share (rounded)","0.01"
"SRC191","77","41","Winterflood","1","278","Number of Shares Traded","44,483"
"SRC191","77","41","Winterflood","4","389","Commissions Paid","299"
"SRC191","77","41","Winterflood","5","487","Per Share (rounded)","0.01"
"SRC191","77","42","Subtotal commissions","4","389","Commissions Paid","990,202"
"SRC191","77","43","Total fees and commissions","3","363","","80,257,504"
"SRC191","81","1","Carson City, Nevada","1","195","","89703"
"SRC191","81","2","Retirement System","4","344","","30, 2024"
"SRC191","81","3","20 years. As of June","1","195","","30,"
"SRC191","81","3","20 years. As of June","2","210","","2024,"
"SRC191","81","3","20 years. As of June","4","344","","75.8%"
"SRC191","81","3","20 years. As of June","5","474","","75.0%"
"SRC191","81","4","for both Regular and","5","474","","2.50%"
"SRC191","81","5","The most recent actuarial","4","344","","30, 2024"
"SRC191","81","6","x Membership data","3","248","","30, 2024"
"SRC191","81","7","x Assets as of June","1","195","","30,"
"SRC191","81","7","x Assets as of June","2","210","","2024"
"SRC191","82","1","November 22,","1","158","","2024"
"SRC191","82","2","· Schedule","1","158","Summary of Actuarial Schedules","1"
"SRC191","82","3","· Schedule","1","158","Summary of Actuarial Schedules","2"
"SRC191","82","4","· Schedule","1","158","Summary of Actuarial Schedules","3"
"SRC191","82","5","· Schedule","1","158","Summary of Actuarial Schedules","4"
"SRC191","82","6","· Schedule","1","158","Summary of Actuarial Schedules","5"
"SRC191","82","7","· Schedule","1","158","Summary of Actuarial Schedules","6"
"SRC191","82","8","· Schedule","1","158","Summary of Actuarial Schedules","7"
"SRC191","83","1","contribution rate adjustments","7","409","","1"
"SRC191","83","2","years. Rates are","7","409","","0.50%"
"SRC191","83","3","adjusted downward","4","319","","2.00%"
"SRC191","83","4","Employer-Pay members","7","409","","2.00%)"
"SRC191","83","5","rates (for each the","6","375","","1.00%"
"SRC191","83","6","Rates for each the","7","409","","0.25%"
"SRC191","83","7","For the valuations","2","247","","30, 2021,"
"SRC191","83","7","For the valuations","3","277","","2022,"
"SRC191","83","7","For the valuations","4","319","","2023,"
"SRC191","83","8","Statutory","5","334","Regular","33.50%"
"SRC191","83","8","Statutory","7","409","Police/Fire","50.00%"
"SRC191","83","9","July","1","185","","1, 2023"
"SRC191","83","9","July","3","277","","30, 2025"
"SRC191","83","10","Actuarially","5","334","Regular","36.75%"
"SRC191","83","10","Actuarially","7","409","Police/Fire","58.65%"
"SRC191","83","11","June","1","185","","30, 2024"
"SRC191","83","12","Statutory","5","334","Regular","36.75%"
"SRC191","83","12","Statutory","7","409","Police/Fire","58.75%"
"SRC191","83","13","July","1","185","","1, 2025"
"SRC191","83","13","July","3","277","","30, 2027"
"SRC191","83","14","Statutory","5","334","Regular","35.00%"
"SRC191","83","14","Statutory","7","409","Police/Fire","51.50%"
"SRC191","83","15","July","1","185","","1, 2023"
"SRC191","83","15","July","3","277","","30, 2025"
"SRC191","83","16","Actuarially","5","334","Regular","38.41%"
"SRC191","83","16","Actuarially","7","409","Police/Fire","60.16%"
"SRC191","83","17","June","1","185","","30, 2024"
"SRC191","83","18","Statutory","5","334","Regular","38.50%"
"SRC191","83","18","Statutory","7","409","Police/Fire","60.00%"
"SRC191","83","19","July","1","185","","1, 2025"
"SRC191","83","19","July","3","277","","30, 2027"
"SRC191","86","1","x Productivity pay increase of","1","233","compensation","0.50%"
"SRC191","86","2","total payroll growth assumption","3","307","includes:","3.50%"
"SRC191","89","1","(separate tables for males","3","369","","30%"
"SRC191","89","2","females) with rates increased","2","259","beneficiaries Above-Median Mortality","15%"
"SRC191","89","3","The above listed mortality","3","369","status: Pub-2010 Table (separate tables for","45"
"SRC191","89","4","mortality rates for ages 35","2","259","beneficiaries Above-Median Mortality","45,"
"SRC191","89","5","Tables and the rates at age","1","233","current","45"
"SRC191","89","6","Above-Median Mortality Tables.","4","428","Contingent","35,"
"SRC191","89","7","Section 430. While Section","1","233","current","430"
"SRC191","89","8","rates increased by 30% for","2","259","beneficiaries Above-Median Mortality","15%"
"SRC191","89","9","The above listed mortality","3","369","status: Pub-2010 Table (separate tables for","50"
"SRC191","89","10","mortality rates for ages 40","2","259","beneficiaries Above-Median Mortality","50,"
"SRC191","89","11","Tables and the rates at age","1","233","current","50"
"SRC191","89","12","Above-Median Mortality Tables.","4","428","Contingent","40,"
"SRC191","89","13","Section 430. While Section","1","233","current","430"
"SRC191","91","1","65","2","297","","0.00%"
"SRC191","91","1","65","3","359","","0.00%"
"SRC191","91","2","Disability rates are applied only","3","359","","5"
"SRC191","91","2","Disability rates are applied only","5","480","","30"
"SRC191","91","3","years of service for Regular members","5","480","","1, 2015,"
"SRC191","91","4","or after July 1, 2015, less than","1","241","","25"
"SRC191","91","5","date of membership before January","1","241","","1,"
"SRC191","91","5","date of membership before January","3","359","","30"
"SRC191","91","6","members with an effective date","4","394","","1, 2010."
"SRC191","93","1","Regular","7","461","","1, 2010"
"SRC191","93","2","75","2","185","below:","100.00%"
"SRC191","93","2","75","3","239","","100.00%"
"SRC191","93","2","75","4","293","Retirement","100.00%"
"SRC191","93","2","75","5","349","Rates (%)","100.00%"
"SRC191","93","2","75","6","405","","100.00%"
"SRC191","93","2","75","7","461","","100.00%"
"SRC191","94","1","Regular","7","461","","1, 2010"
"SRC191","94","2","75","2","185","","100.00%"
"SRC191","94","2","75","3","241","","100.00%"
"SRC191","94","2","75","4","295","Retirement","100.00%"
"SRC191","94","2","75","5","349","Rates (%)","100.00%"
"SRC191","94","2","75","6","405","","100.00%"
"SRC191","94","2","75","7","461","","100.00%"
"SRC191","94","3","94 PUBLIC EMPLOYEES’","5","349","Rates (%)","2024"
"SRC191","95","1","Regular","7","461","","1, 2015"
"SRC191","95","2","75","2","185","","100.00%"
"SRC191","95","2","75","3","241","","100.00%"
"SRC191","95","2","75","4","297","Retirement","100.00%"
"SRC191","95","2","75","5","351","Rates (%)","100.00%"
"SRC191","95","2","75","6","405","","100.00%"
"SRC191","95","2","75","7","461","","100.00%"
"SRC191","96","1","Police/Fire","7","461","","1, 2010"
"SRC191","96","2","70","2","185","","100.00%"
"SRC191","96","2","70","3","237","","100.00%"
"SRC191","96","2","70","4","293","Retirement","100.00%"
"SRC191","96","2","70","5","349","Rates (%)","100.00%"
"SRC191","96","2","70","6","405","","100.00%"
"SRC191","96","2","70","7","461","","100.00%"
"SRC191","96","3","96 PUBLIC EMPLOYEES’","5","349","Rates (%)","2024"
"SRC191","97","1","70","2","185","","100.00%"
"SRC191","97","1","70","3","241","","100.00%"
"SRC191","97","1","70","4","293","","100.00%"
"SRC191","97","1","70","5","349","","100.00%"
"SRC191","97","1","70","7","405","","100.00%"
"SRC191","97","1","70","8","461","","100.00%"
"SRC191","98","1","70","2","213","","100.00%"
"SRC191","98","1","70","3","270","","100.00%"
"SRC191","98","1","70","4","321","","100.00%"
"SRC191","98","1","70","6","377","","100.00%"
"SRC191","98","1","70","7","433","","100.00%"
"SRC191","98","2","98 PUBLIC EMPLOYEES’","5","341","","2024"
"SRC191","99","1","Regular members","3","384","","28"
"SRC191","99","1","Regular members","4","404","Years of Service","29"
"SRC191","99","2","before January 1,","1","202","Group (Active Members)","2010"
"SRC191","99","3","Regular members","3","384","","28"
"SRC191","99","3","Regular members","4","404","Years of Service","29"
"SRC191","99","4","on or after January","1","202","Group (Active Members)","1, 2010"
"SRC191","99","4","on or after January","2","303","","1, 2015"
"SRC191","99","5","Police/Fire members","3","384","","23"
"SRC191","99","5","Police/Fire members","4","404","Years of Service","24"
"SRC191","99","6","before January 1,","1","202","Group (Active Members)","2010"
"SRC191","99","7","Police/Fire members","3","384","","28"
"SRC191","99","7","Police/Fire members","4","404","Years of Service","29"
"SRC191","99","8","on or after January","1","202","Group (Active Members)","1, 2010"
"SRC191","99","8","on or after January","2","303","","1, 2015"
"SRC191","99","9","Regular members","3","384","","28"
"SRC191","99","9","Regular members","4","404","Years of Service","29"
"SRC191","99","10","before January 1,","1","202","Group (Inactive Vested Members)","2010"
"SRC191","99","11","Regular members","3","384","","28"
"SRC191","99","11","Regular members","4","404","Years of Service","29"
"SRC191","99","12","on or after January","1","202","Group (Inactive Vested Members)","1, 2010"
"SRC191","99","12","on or after January","2","303","","1, 2015"
"SRC191","99","13","Police/Fire members","3","384","","23"
"SRC191","99","13","Police/Fire members","4","404","Years of Service","24"
"SRC191","99","14","before January 1,","1","202","Group (Inactive Vested Members)","2010"
"SRC191","99","15","Police/Fire members","3","384","","28"
"SRC191","99","15","Police/Fire members","4","404","Years of Service","29"
"SRC191","99","16","on or after January","1","202","Group (Inactive Vested Members)","1, 2010"
"SRC191","99","16","on or after January","2","303","","1, 2015"
"SRC191","107","1","Retirement Loss. If members retire at older ages or with lower","1","358","Regular","$100.9"
"SRC191","107","1","Retirement Loss. If members retire at older ages or with lower","2","400","Regular","0.16%"
"SRC191","107","1","Retirement Loss. If members retire at older ages or with lower","3","460","Police/Fire","$19.8"
"SRC191","107","1","Retirement Loss. If members retire at older ages or with lower","4","503","Police/Fire","0.10%"
"SRC191","107","2","Disability Retirement Loss. If disability claims are less than","1","358","Regular","1.8"
"SRC191","107","2","Disability Retirement Loss. If disability claims are less than","2","400","Regular","0.00%"
"SRC191","107","2","Disability Retirement Loss. If disability claims are less than","3","460","Police/Fire","5.9"
"SRC191","107","2","Disability Retirement Loss. If disability claims are less than","4","503","Police/Fire","0.03%"
"SRC191","107","3","Pre- and Post-Retirement Mortality (Gain)/Loss. If retirees live","1","358","Regular","(17.0)"
"SRC191","107","3","Pre- and Post-Retirement Mortality (Gain)/Loss. If retirees live","2","400","Regular","(0.03%)"
"SRC191","107","3","Pre- and Post-Retirement Mortality (Gain)/Loss. If retirees live","3","460","Police/Fire","34.6"
"SRC191","107","3","Pre- and Post-Retirement Mortality (Gain)/Loss. If retirees live","4","503","Police/Fire","0.18%"
"SRC191","107","4","Post-Retirement Benefit Increase Loss. If increases are more","1","358","Regular","113.4"
"SRC191","107","4","Post-Retirement Benefit Increase Loss. If increases are more","2","400","Regular","0.18%"
"SRC191","107","4","Post-Retirement Benefit Increase Loss. If increases are more","3","460","Police/Fire","36.5"
"SRC191","107","4","Post-Retirement Benefit Increase Loss. If increases are more","4","503","Police/Fire","0.19%"
"SRC191","107","5","Withdrawal From Employment (Gain)/Loss. If more liabilities","1","358","Regular","(8.3)"
"SRC191","107","5","Withdrawal From Employment (Gain)/Loss. If more liabilities","2","400","Regular","(0.01%)"
"SRC191","107","5","Withdrawal From Employment (Gain)/Loss. If more liabilities","3","460","Police/Fire","9.5"
"SRC191","107","5","Withdrawal From Employment (Gain)/Loss. If more liabilities","4","503","Police/Fire","0.05%"
"SRC191","107","6","Individual Pay and Service Increase Loss. If there are smaller 1,608.1","2","400","Regular","2.54%"
"SRC191","107","6","Individual Pay and Service Increase Loss. If there are smaller 1,608.1","3","460","Police/Fire","530.2"
"SRC191","107","6","Individual Pay and Service Increase Loss. If there are smaller 1,608.1","4","503","Police/Fire","2.75%"
"SRC191","107","7","Active New Entrant (Gain)/Loss. Cost due to new hires.","1","358","Regular","24.8"
"SRC191","107","7","Active New Entrant (Gain)/Loss. Cost due to new hires.","2","400","Regular","0.04%"
"SRC191","107","7","Active New Entrant (Gain)/Loss. Cost due to new hires.","3","460","Police/Fire","(9.6)"
"SRC191","107","7","Active New Entrant (Gain)/Loss. Cost due to new hires.","4","503","Police/Fire","(0.05%)"
"SRC191","107","8","Active Rehire Loss. Some new active members have past","1","358","Regular","81.9"
"SRC191","107","8","Active Rehire Loss. Some new active members have past","2","400","Regular","0.13%"
"SRC191","107","8","Active Rehire Loss. Some new active members have past","3","460","Police/Fire","5.5"
"SRC191","107","8","Active Rehire Loss. Some new active members have past","4","503","Police/Fire","0.03%"
"SRC191","107","9","Inactive and Retiree Showup Loss. Persons in inactive or pay","1","358","Regular","19.3"
"SRC191","107","9","Inactive and Retiree Showup Loss. Persons in inactive or pay","2","400","Regular","0.03%"
"SRC191","107","9","Inactive and Retiree Showup Loss. Persons in inactive or pay","3","460","Police/Fire","0.9"
"SRC191","107","9","Inactive and Retiree Showup Loss. Persons in inactive or pay","4","503","Police/Fire","0.00%"
"SRC191","107","10","Other Net Gains. Miscellaneous gains and losses result from","1","358","Regular","(39.8)"
"SRC191","107","10","Other Net Gains. Miscellaneous gains and losses result from","2","400","Regular","(0.06%)"
"SRC191","107","10","Other Net Gains. Miscellaneous gains and losses result from","3","460","Police/Fire","(14.8)"
"SRC191","107","10","Other Net Gains. Miscellaneous gains and losses result from","4","503","Police/Fire","(0.08%)"
"SRC191","107","11","Total Liability Experience (Gain)/Loss During Year: $1,885.2","2","400","Regular","2.98%"
"SRC191","107","11","Total Liability Experience (Gain)/Loss During Year: $1,885.2","3","460","Police/Fire","$618.6"
"SRC191","107","11","Total Liability Experience (Gain)/Loss During Year: $1,885.2","4","503","Police/Fire","3.21%"
"SRC191","107","12","Investment Income Gain. If there is a greater investment income $(974.4)","2","400","Regular","(1.54%)"
"SRC191","107","12","Investment Income Gain. If there is a greater investment income $(974.4)","4","503","Police/Fire","(1.50%)"
"SRC191","107","13","Contribution Loss. If contributions are greater than assumed,","1","358","Regular","214.4"
"SRC191","107","13","Contribution Loss. If contributions are greater than assumed,","2","400","Regular","0.34%"
"SRC191","107","13","Contribution Loss. If contributions are greater than assumed,","3","460","Police/Fire","109.4"
"SRC191","107","13","Contribution Loss. If contributions are greater than assumed,","4","503","Police/Fire","0.57%"
"SRC191","107","14","Administrative Expense (Gain)/Loss. If administrative","1","358","Regular","0.8"
"SRC191","107","14","Administrative Expense (Gain)/Loss. If administrative","2","400","Regular","0.00%"
"SRC191","107","14","Administrative Expense (Gain)/Loss. If administrative","3","460","Police/Fire","(0.5)"
"SRC191","107","14","Administrative Expense (Gain)/Loss. If administrative","4","503","Police/Fire","0.00%"
"SRC191","107","15","Total Experience (Gain)/Loss During the Year: $1,126.0","2","400","Regular","1.78%"
"SRC191","107","15","Total Experience (Gain)/Loss During the Year: $1,126.0","3","460","Police/Fire","$438.0"
"SRC191","107","15","Total Experience (Gain)/Loss During the Year: $1,126.0","4","503","Police/Fire","2.27%"
"SRC191","107","16","* The actual contributions toward purchase of service ($60.8 million for Regular","1","358","Regular","$10.7"
"SRC191","111","1","Average monthly benefit","1","233","","$464"
"SRC191","111","1","Average monthly benefit","2","270","","$836"
"SRC191","111","1","Average monthly benefit","3","314","","$1,739"
"SRC191","111","1","Average monthly benefit","4","361","","$2,791"
"SRC191","111","1","Average monthly benefit","5","408","","$3,904"
"SRC191","111","1","Average monthly benefit","6","455","","$5,347"
"SRC191","111","1","Average monthly benefit","7","497","","$6,619"
"SRC191","111","2","Average annual salary $39,351","2","270","","$48,469"
"SRC191","111","2","Average annual salary $39,351","3","314","","$56,280"
"SRC191","111","2","Average annual salary $39,351","4","361","","$65,181"
"SRC191","111","2","Average annual salary $39,351","5","408","","$70,946"
"SRC191","111","2","Average annual salary $39,351","6","455","","$77,232"
"SRC191","111","2","Average annual salary $39,351","7","497","","$77,385"
"SRC191","111","3","Number of retirees","1","233","","555"
"SRC191","111","3","Number of retirees","2","270","","9,503"
"SRC191","111","3","Number of retirees","3","314","","12,903"
"SRC191","111","3","Number of retirees","4","361","","11,021"
"SRC191","111","3","Number of retirees","5","408","","9,903"
"SRC191","111","3","Number of retirees","6","455","","7,710"
"SRC191","111","3","Number of retirees","7","497","","13,448"
"SRC191","111","4","Average monthly benefit N/A","2","270","","$1,069"
"SRC191","111","4","Average monthly benefit N/A","3","314","","$2,181"
"SRC191","111","4","Average monthly benefit N/A","4","361","","$3,983"
"SRC191","111","4","Average monthly benefit N/A","5","408","","$6,061"
"SRC191","111","4","Average monthly benefit N/A","6","455","","$8,639"
"SRC191","111","4","Average monthly benefit N/A","7","497","","$10,822"
"SRC191","111","5","Average annual salary N/A","2","270","","$54,490"
"SRC191","111","5","Average annual salary N/A","3","314","","$69,064"
"SRC191","111","5","Average annual salary N/A","4","361","","$91,374"
"SRC191","111","5","Average annual salary N/A","5","408","","$103,704"
"SRC191","111","5","Average annual salary N/A","6","455","","$121,148"
"SRC191","111","5","Average annual salary N/A","7","497","","$113,657"
"SRC191","111","6","Number of retirees","1","233","","0"
"SRC191","111","6","Number of retirees","2","270","","298"
"SRC191","111","6","Number of retirees","3","314","","1,044"
"SRC191","111","6","Number of retirees","4","361","","1,186"
"SRC191","111","6","Number of retirees","5","408","","2,885"
"SRC191","111","6","Number of retirees","6","455","","3,437"
"SRC191","111","6","Number of retirees","7","497","","970"
"SRC191","116","1","Employer contributions $","1","295","2015","775.5"
"SRC191","116","1","Employer contributions $","2","377","2016","849.7"
"SRC191","116","1","Employer contributions $","3","457","2017","901.8"
"SRC191","116","1","Employer contributions $","4","533","2018","930.2"
"SRC191","116","2","Plan members contributions","1","295","2015","775.4"
"SRC191","116","2","Plan members contributions","2","377","2016","849.8"
"SRC191","116","2","Plan members contributions","3","457","2017","901.7"
"SRC191","116","2","Plan members contributions","4","533","2018","930.2"
"SRC191","116","3","Repayment and purchase of service","1","295","2015","82.5"
"SRC191","116","3","Repayment and purchase of service","2","377","2016","61.7"
"SRC191","116","3","Repayment and purchase of service","3","457","2017","67.2"
"SRC191","116","3","Repayment and purchase of service","4","533","2018","73.6"
"SRC191","116","4","Total net investment income (loss)","1","295","2015","1,395.3"
"SRC191","116","4","Total net investment income (loss)","2","377","2016","778.7"
"SRC191","116","4","Total net investment income (loss)","3","457","2017","4,110.3"
"SRC191","116","4","Total net investment income (loss)","4","533","2018","3,273.9"
"SRC191","116","5","Other income","1","295","2015","2.8"
"SRC191","116","5","Other income","2","377","2016","2.0"
"SRC191","116","5","Other income","3","457","2017","2.1"
"SRC191","116","5","Other income","4","533","2018","2.3"
"SRC191","116","6","Total additions to plan net position","1","295","2015","3,031.5"
"SRC191","116","6","Total additions to plan net position","2","377","2016","2,541.9"
"SRC191","116","6","Total additions to plan net position","3","457","2017","5,983.1"
"SRC191","116","6","Total additions to plan net position","4","533","2018","5,210.2"
"SRC191","116","7","Benefit payments","1","295","2015","1,958.3"
"SRC191","116","7","Benefit payments","2","377","2016","2,111.9"
"SRC191","116","7","Benefit payments","3","457","2017","2,258.2"
"SRC191","116","7","Benefit payments","4","533","2018","2,420.0"
"SRC191","116","8","Refunds of contributions","1","295","2015","25.6"
"SRC191","116","8","Refunds of contributions","2","377","2016","26.8"
"SRC191","116","8","Refunds of contributions","3","457","2017","30.4"
"SRC191","116","8","Refunds of contributions","4","533","2018","31.4"
"SRC191","116","9","Transfers of contributions to JRS","1","295","2015","2.4"
"SRC191","116","9","Transfers of contributions to JRS","3","457","2017","0.4"
"SRC191","116","9","Transfers of contributions to JRS","4","533","2018","0.5"
"SRC191","116","10","Administrative expenses","1","295","2015","9.6"
"SRC191","116","10","Administrative expenses","2","377","2016","11.9"
"SRC191","116","10","Administrative expenses","3","457","2017","9.9"
"SRC191","116","10","Administrative expenses","4","533","2018","12.9"
"SRC191","116","11","Total deductions from plan net position","1","295","2015","1,995.9"
"SRC191","116","11","Total deductions from plan net position","2","377","2016","2,150.6"
"SRC191","116","11","Total deductions from plan net position","3","457","2017","2,298.9"
"SRC191","116","11","Total deductions from plan net position","4","533","2018","2,464.8"
"SRC191","116","12","Change in net position $","1","295","2015","1,035.6"
"SRC191","116","12","Change in net position $","2","377","2016","391.3"
"SRC191","116","12","Change in net position $","3","457","2017","3,684.2"
"SRC191","116","12","Change in net position $","4","533","2018","2,745.4"
"SRC191","116","13","Both the employer and plan members contributions have been","3","457","2017","2015"
"SRC191","116","13","Both the employer and plan members contributions have been","4","533","2018","2016"
"SRC191","116","14","Statement No. 82, an amendment of GASB Statements No.","1","295","2015","67,"
"SRC191","116","14","Statement No. 82, an amendment of GASB Statements No.","2","377","2016","73,"
"SRC191","117","1","$","1","84","2019","965.5"
"SRC191","117","1","$","2","157","20","1,045.1"
"SRC191","117","1","$","3","237","2021","1,051.9"
"SRC191","117","1","$","4","317","2022","1,104.0"
"SRC191","117","1","$","5","397","2023","1,163.9"
"SRC191","117","1","$","6","483","2024","1,457.6"
"SRC191","117","2","$","1","84","2019","2,852.6"
"SRC191","117","2","$","2","157","20","2,450.9"
"SRC191","117","2","$","3","237","2021","11,723.4"
"SRC191","117","2","$","4","317","2022","(3,944.5)"
"SRC191","117","2","$","5","397","2023","3,801.1"
"SRC191","117","2","$","6","483","2024","6,140.4"
"SRC191","118","1","Retirement and survivor $ 1,491.2","2","381","2016","1,609.6"
"SRC191","118","1","Retirement and survivor $ 1,491.2","3","461","2017","1,720.0"
"SRC191","118","1","Retirement and survivor $ 1,491.2","4","541","2018","1,843.3"
"SRC191","118","2","Disability","1","303","2015","81.3"
"SRC191","118","2","Disability","2","381","2016","81.7"
"SRC191","118","2","Disability","3","461","2017","81.5"
"SRC191","118","2","Disability","4","541","2018","82.9"
"SRC191","118","3","Total benefits $ 1,572.5","2","381","2016","1,691.3"
"SRC191","118","3","Total benefits $ 1,572.5","3","461","2017","1,801.5"
"SRC191","118","3","Total benefits $ 1,572.5","4","541","2018","1,926.2"
"SRC191","118","4","Refunds due to separation $","1","303","2015","18.1"
"SRC191","118","4","Refunds due to separation $","2","381","2016","20.4"
"SRC191","118","4","Refunds due to separation $","3","461","2017","21.9"
"SRC191","118","4","Refunds due to separation $","4","541","2018","22.3"
"SRC191","118","5","Refunds due to death","1","303","2015","0.8"
"SRC191","118","5","Refunds due to death","2","381","2016","1.3"
"SRC191","118","5","Refunds due to death","3","461","2017","1.7"
"SRC191","118","5","Refunds due to death","4","541","2018","1.1"
"SRC191","118","6","Mandatory employer distributions","1","303","2015","0.1"
"SRC191","118","6","Mandatory employer distributions","2","381","2016","0.3"
"SRC191","118","6","Mandatory employer distributions","3","461","2017","0.9"
"SRC191","118","6","Mandatory employer distributions","4","541","2018","1.0"
"SRC191","118","7","Total refunds $","1","303","2015","19.0"
"SRC191","118","7","Total refunds $","2","381","2016","22.0"
"SRC191","118","7","Total refunds $","3","461","2017","24.5"
"SRC191","118","7","Total refunds $","4","541","2018","24.4"
"SRC191","118","8","Retirement and survivor $","1","303","2015","364.2"
"SRC191","118","8","Retirement and survivor $","2","381","2016","398.1"
"SRC191","118","8","Retirement and survivor $","3","461","2017","432.9"
"SRC191","118","8","Retirement and survivor $","4","541","2018","469.0"
"SRC191","118","9","Disability","1","303","2015","21.6"
"SRC191","118","9","Disability","2","381","2016","22.5"
"SRC191","118","9","Disability","3","461","2017","23.8"
"SRC191","118","9","Disability","4","541","2018","24.8"
"SRC191","118","10","Total benefits $","1","303","2015","385.8"
"SRC191","118","10","Total benefits $","2","381","2016","420.6"
"SRC191","118","10","Total benefits $","3","461","2017","456.7"
"SRC191","118","10","Total benefits $","4","541","2018","493.8"
"SRC191","118","11","Refunds due to separation $","1","303","2015","6.6"
"SRC191","118","11","Refunds due to separation $","2","381","2016","4.8"
"SRC191","118","11","Refunds due to separation $","3","461","2017","5.7"
"SRC191","118","11","Refunds due to separation $","4","541","2018","6.6"
"SRC191","118","12","Refunds due to death","3","461","2017","0.2"
"SRC191","118","12","Refunds due to death","4","541","2018","0.4"
"SRC191","118","13","Total refunds $","1","303","2015","6.6"
"SRC191","118","13","Total refunds $","2","381","2016","4.8"
"SRC191","118","13","Total refunds $","3","461","2017","5.9"
"SRC191","118","13","Total refunds $","4","541","2018","7.0"
"SRC191","118","14","Retirement and survivor $ 1,855.4","2","381","2016","2,007.7"
"SRC191","118","14","Retirement and survivor $ 1,855.4","3","461","2017","2,152.9"
"SRC191","118","14","Retirement and survivor $ 1,855.4","4","541","2018","2,312.3"
"SRC191","118","15","Disability","1","303","2015","102.9"
"SRC191","118","15","Disability","2","381","2016","104.2"
"SRC191","118","15","Disability","3","461","2017","105.3"
"SRC191","118","15","Disability","4","541","2018","107.7"
"SRC191","118","16","Total benefits $ 1,958.3","2","381","2016","2,111.9"
"SRC191","118","16","Total benefits $ 1,958.3","3","461","2017","2,258.2"
"SRC191","118","16","Total benefits $ 1,958.3","4","541","2018","2,420.0"
"SRC191","118","17","Refunds due to separation $","1","303","2015","24.7"
"SRC191","118","17","Refunds due to separation $","2","381","2016","25.2"
"SRC191","118","17","Refunds due to separation $","3","461","2017","27.6"
"SRC191","118","17","Refunds due to separation $","4","541","2018","28.9"
"SRC191","118","18","Refunds due to death","1","303","2015","0.8"
"SRC191","118","18","Refunds due to death","2","381","2016","1.3"
"SRC191","118","18","Refunds due to death","3","461","2017","1.9"
"SRC191","118","18","Refunds due to death","4","541","2018","1.5"
"SRC191","118","19","Mandatory employer distributions","1","303","2015","0.1"
"SRC191","118","19","Mandatory employer distributions","2","381","2016","0.3"
"SRC191","118","19","Mandatory employer distributions","3","461","2017","0.9"
"SRC191","118","19","Mandatory employer distributions","4","541","2018","1.0"
"SRC191","118","20","Total refunds $","1","303","2015","25.6"
"SRC191","118","20","Total refunds $","2","381","2016","26.8"
"SRC191","118","20","Total refunds $","3","461","2017","30.4"
"SRC191","118","20","Total refunds $","4","541","2018","31.4"
"SRC191","119","1","$ 1,981.0","2","168","20","2,137.2"
"SRC191","119","1","$ 1,981.0","3","248","2021","2,287.6"
"SRC191","119","1","$ 1,981.0","4","328","2022","2,449.3"
"SRC191","119","1","$ 1,981.0","5","408","2023","2,632.0"
"SRC191","119","1","$ 1,981.0","6","494","2024","2,814.4"
"SRC191","119","2","$ 2,067.3","2","168","20","2,225.4"
"SRC191","119","2","$ 2,067.3","3","248","2021","2,377.1"
"SRC191","119","2","$ 2,067.3","4","328","2022","2,541.6"
"SRC191","119","2","$ 2,067.3","5","408","2023","2,728.8"
"SRC191","119","2","$ 2,067.3","6","494","2024","2,914.2"
"SRC191","119","3","$","1","88","2019","25.0"
"SRC191","119","3","$","2","168","20","21.2"
"SRC191","119","3","$","3","248","2021","19.6"
"SRC191","119","3","$","4","328","2022","39.8"
"SRC191","119","3","$","5","408","2023","37.9"
"SRC191","119","3","$","6","494","2024","36.7"
"SRC191","119","4","$","1","88","2019","27.0"
"SRC191","119","4","$","2","168","20","23.5"
"SRC191","119","4","$","3","248","2021","23.4"
"SRC191","119","4","$","4","328","2022","42.7"
"SRC191","119","4","$","5","408","2023","41.5"
"SRC191","119","4","$","6","494","2024","39.1"
"SRC191","119","5","$","1","88","2019","508.5"
"SRC191","119","5","$","2","168","20","551.9"
"SRC191","119","5","$","3","248","2021","601.7"
"SRC191","119","5","$","4","328","2022","658.0"
"SRC191","119","5","$","5","408","2023","714.1"
"SRC191","119","5","$","6","494","2024","768.5"
"SRC191","119","6","$","1","88","2019","534.4"
"SRC191","119","6","$","2","168","20","579.6"
"SRC191","119","6","$","3","248","2021","631.5"
"SRC191","119","6","$","4","328","2022","690.3"
"SRC191","119","6","$","5","408","2023","748.9"
"SRC191","119","6","$","6","494","2024","806.8"
"SRC191","119","7","$","1","88","2019","6.6"
"SRC191","119","7","$","2","168","20","5.7"
"SRC191","119","7","$","3","248","2021","6.8"
"SRC191","119","7","$","4","328","2022","10.6"
"SRC191","119","7","$","5","408","2023","8.6"
"SRC191","119","7","$","6","494","2024","4.3"
"SRC191","119","8","$","1","88","2019","7.0"
"SRC191","119","8","$","2","168","20","6.0"
"SRC191","119","8","$","3","248","2021","6.9"
"SRC191","119","8","$","4","328","2022","10.8"
"SRC191","119","8","$","5","408","2023","9.6"
"SRC191","119","8","$","6","494","2024","4.6"
"SRC191","119","9","$ 2,489.5","2","168","20","2,689.1"
"SRC191","119","9","$ 2,489.5","3","248","2021","2,889.3"
"SRC191","119","9","$ 2,489.5","4","328","2022","3,107.3"
"SRC191","119","9","$ 2,489.5","5","408","2023","3,346.1"
"SRC191","119","9","$ 2,489.5","6","494","2024","3,582.9"
"SRC191","119","10","$ 2,601.7","2","168","20","2,805.0"
"SRC191","119","10","$ 2,601.7","3","248","2021","3,008.6"
"SRC191","119","10","$ 2,601.7","4","328","2022","3,231.9"
"SRC191","119","10","$ 2,601.7","5","408","2023","3,477.7"
"SRC191","119","10","$ 2,601.7","6","494","2024","3,721.0"
"SRC191","119","11","$","1","88","2019","31.6"
"SRC191","119","11","$","2","168","20","26.9"
"SRC191","119","11","$","3","248","2021","26.4"
"SRC191","119","11","$","4","328","2022","50.4"
"SRC191","119","11","$","5","408","2023","46.5"
"SRC191","119","11","$","6","494","2024","41.0"
"SRC191","119","12","$","1","88","2019","34.0"
"SRC191","119","12","$","2","168","20","29.5"
"SRC191","119","12","$","3","248","2021","30.3"
"SRC191","119","12","$","4","328","2022","53.5"
"SRC191","119","12","$","5","408","2023","51.1"
"SRC191","119","12","$","6","494","2024","43.7"
"SRC191","120","1","June","1","79","","30,"
"SRC191","122","1","Individuals","8","502","","2024"
"SRC191","122","2","When","4","304","","1"
"SRC191","122","3","members","4","304","","1"
"SRC191","122","3","members","7","467","","2"
"SRC191","122","3","members","8","502","","7"
"SRC191","122","4","For","7","467","","137."
"SRC191","123","1","FY","1","82","","2015"
"SRC191","123","2","Average","2","198","","395"
"SRC191","123","2","Average","3","246","","710"
"SRC191","123","2","Average","4","304","","1,394"
"SRC191","123","2","Average","6","361","of Credited","2,200"
"SRC191","123","2","Average","7","419","Service","3,058"
"SRC191","123","2","Average","8","477","","4,265"
"SRC191","123","2","Average","9","534","","5,394"
"SRC191","123","3","Retirees","2","198","","524"
"SRC191","123","3","Retirees","3","246","","7,099"
"SRC191","123","3","Retirees","4","304","","9,802"
"SRC191","123","3","Retirees","6","361","of Credited","7,436"
"SRC191","123","3","Retirees","7","419","Service","6,643"
"SRC191","123","3","Retirees","8","477","","4,717"
"SRC191","123","3","Retirees","9","534","","9,287"
"SRC191","123","4","FY","1","82","","2016"
"SRC191","123","5","Average","2","198","","409"
"SRC191","123","5","Average","3","246","","722"
"SRC191","123","5","Average","4","304","","1,420"
"SRC191","123","5","Average","6","361","of Credited","2,256"
"SRC191","123","5","Average","7","419","Service","3,126"
"SRC191","123","5","Average","8","477","","4,347"
"SRC191","123","5","Average","9","534","","5,482"
"SRC191","123","6","Retirees","2","198","","531"
"SRC191","123","6","Retirees","3","246","","7,531"
"SRC191","123","6","Retirees","4","304","","10,247"
"SRC191","123","6","Retirees","6","361","of Credited","7,885"
"SRC191","123","6","Retirees","7","419","Service","7,019"
"SRC191","123","6","Retirees","8","477","","5,028"
"SRC191","123","6","Retirees","9","534","","9,658"
"SRC191","123","7","FY","1","82","","2017"
"SRC191","123","8","Average","2","198","","413"
"SRC191","123","8","Average","3","246","","732"
"SRC191","123","8","Average","4","304","","1,444"
"SRC191","123","8","Average","6","361","of Credited","2,300"
"SRC191","123","8","Average","7","419","Service","3,192"
"SRC191","123","8","Average","8","477","","4,422"
"SRC191","123","8","Average","9","534","","5,557"
"SRC191","123","9","Retirees","2","198","","544"
"SRC191","123","9","Retirees","3","246","","7,879"
"SRC191","123","9","Retirees","4","304","","10,710"
"SRC191","123","9","Retirees","6","361","of Credited","8,233"
"SRC191","123","9","Retirees","7","419","Service","7,331"
"SRC191","123","9","Retirees","8","477","","5,397"
"SRC191","123","9","Retirees","9","534","","9,997"
"SRC191","123","10","FY","1","82","","2018"
"SRC191","123","11","Average","2","198","","409"
"SRC191","123","11","Average","3","246","","743"
"SRC191","123","11","Average","4","304","","1,475"
"SRC191","123","11","Average","6","361","of Credited","2,351"
"SRC191","123","11","Average","7","419","Service","3,266"
"SRC191","123","11","Average","8","477","","4,497"
"SRC191","123","11","Average","9","534","","5,654"
"SRC191","123","12","Retirees","2","198","","546"
"SRC191","123","12","Retirees","3","246","","8,117"
"SRC191","123","12","Retirees","4","304","","11,202"
"SRC191","123","12","Retirees","6","361","of Credited","8,640"
"SRC191","123","12","Retirees","7","419","Service","7,714"
"SRC191","123","12","Retirees","8","477","","5,659"
"SRC191","123","12","Retirees","9","534","","10,499"
"SRC191","123","13","FY","1","82","","2019"
"SRC191","123","14","Average","2","198","","418"
"SRC191","123","14","Average","3","246","","755"
"SRC191","123","14","Average","4","304","","1,512"
"SRC191","123","14","Average","6","361","of Credited","2,420"
"SRC191","123","14","Average","7","419","Service","3,367"
"SRC191","123","14","Average","8","477","","4,612"
"SRC191","123","14","Average","9","534","","5,777"
"SRC191","123","15","Retirees","2","198","","552"
"SRC191","123","15","Retirees","3","246","","8,387"
"SRC191","123","15","Retirees","4","304","","11,681"
"SRC191","123","15","Retirees","6","361","of Credited","8,997"
"SRC191","123","15","Retirees","7","419","Service","8,103"
"SRC191","123","15","Retirees","8","477","","5,981"
"SRC191","123","15","Retirees","9","534","","10,977"
"SRC191","123","16","FY","1","82","","2020"
"SRC191","123","17","Average","2","198","","417"
"SRC191","123","17","Average","3","246","","767"
"SRC191","123","17","Average","4","304","","1,551"
"SRC191","123","17","Average","6","361","of Credited","2,484"
"SRC191","123","17","Average","7","419","Service","3,457"
"SRC191","123","17","Average","8","477","","4,738"
"SRC191","123","17","Average","9","534","","5,909"
"SRC191","123","18","Retirees","2","198","","563"
"SRC191","123","18","Retirees","3","246","","8,541"
"SRC191","123","18","Retirees","4","304","","11,981"
"SRC191","123","18","Retirees","6","361","of Credited","9,336"
"SRC191","123","18","Retirees","7","419","Service","8,482"
"SRC191","123","18","Retirees","8","477","","6,285"
"SRC191","123","18","Retirees","9","534","","11,545"
"SRC191","123","19","FY","1","82","","2021"
"SRC191","123","20","Average","2","198","","406"
"SRC191","123","20","Average","3","246","","780"
"SRC191","123","20","Average","4","304","","1,589"
"SRC191","123","20","Average","6","361","of Credited","2,545"
"SRC191","123","20","Average","7","419","Service","3,550"
"SRC191","123","20","Average","8","477","","4,845"
"SRC191","123","20","Average","9","534","","6,009"
"SRC191","123","21","Average","2","198","","39000"
"SRC191","123","21","Average","3","246","","48672"
"SRC191","123","21","Average","4","304","","58380"
"SRC191","123","21","Average","6","361","of Credited","66325"
"SRC191","123","21","Average","7","419","Service","71927"
"SRC191","123","21","Average","8","477","","75848"
"SRC191","123","21","Average","9","534","","81445"
"SRC191","123","22","Retirees","2","198","","562"
"SRC191","123","22","Retirees","3","246","","8,747"
"SRC191","123","22","Retirees","4","304","","12,338"
"SRC191","123","22","Retirees","6","361","of Credited","9,795"
"SRC191","123","22","Retirees","7","419","Service","8,876"
"SRC191","123","22","Retirees","8","477","","6,681"
"SRC191","123","22","Retirees","9","534","","12,070"
"SRC191","123","23","FY","1","82","","2022"
"SRC191","123","24","Average","2","198","","411"
"SRC191","123","24","Average","3","246","","796"
"SRC191","123","24","Average","4","304","","1,636"
"SRC191","123","24","Average","6","361","of Credited","2,621"
"SRC191","123","24","Average","7","419","Service","3,659"
"SRC191","123","24","Average","8","477","","4,995"
"SRC191","123","24","Average","9","534","","6,196"
"SRC191","123","25","Average","2","198","","39431"
"SRC191","123","25","Average","3","246","","49059"
"SRC191","123","25","Average","4","304","","58684"
"SRC191","123","25","Average","6","361","of Credited","67047"
"SRC191","123","25","Average","7","419","Service","72728"
"SRC191","123","25","Average","8","477","","76961"
"SRC191","123","25","Average","9","534","","82673"
"SRC191","123","26","Retirees","2","198","","566"
"SRC191","123","26","Retirees","3","246","","8,991"
"SRC191","123","26","Retirees","4","304","","12,590"
"SRC191","123","26","Retirees","6","361","of Credited","10,291"
"SRC191","123","26","Retirees","7","419","Service","9,237"
"SRC191","123","26","Retirees","8","477","","7,026"
"SRC191","123","26","Retirees","9","534","","12,567"
"SRC191","123","27","FY","1","82","","2023"
"SRC191","123","28","Average","2","198","","447"
"SRC191","123","28","Average","3","246","","815"
"SRC191","123","28","Average","4","304","","1,686"
"SRC191","123","28","Average","6","361","of Credited","2,703"
"SRC191","123","28","Average","7","419","Service","3,779"
"SRC191","123","28","Average","8","477","","5,169"
"SRC191","123","28","Average","9","534","","6,404"
"SRC191","123","29","Average","2","198","","38,876"
"SRC191","123","29","Average","3","246","","47,745"
"SRC191","123","29","Average","4","304","","55,565"
"SRC191","123","29","Average","6","361","of Credited","64,013"
"SRC191","123","29","Average","7","419","Service","69,492"
"SRC191","123","29","Average","8","477","","75,412"
"SRC191","123","29","Average","9","534","","75,249"
"SRC191","123","30","Retirees","2","198","","564"
"SRC191","123","30","Retirees","3","246","","9,313"
"SRC191","123","30","Retirees","4","304","","12,814"
"SRC191","123","30","Retirees","6","361","of Credited","10,686"
"SRC191","123","30","Retirees","7","419","Service","9,601"
"SRC191","123","30","Retirees","8","477","","7,371"
"SRC191","123","30","Retirees","9","534","","13,050"
"SRC191","123","31","FY","1","82","","2024"
"SRC191","123","32","Average","2","198","","464"
"SRC191","123","32","Average","3","246","","836"
"SRC191","123","32","Average","4","304","","1,739"
"SRC191","123","32","Average","6","361","of Credited","2,791"
"SRC191","123","32","Average","7","419","Service","3,904"
"SRC191","123","32","Average","8","477","","5,347"
"SRC191","123","32","Average","9","534","","6,619"
"SRC191","123","33","Average","2","198","","39,351"
"SRC191","123","33","Average","3","246","","48,469"
"SRC191","123","33","Average","4","304","","56,280"
"SRC191","123","33","Average","6","361","of Credited","65,181"
"SRC191","123","33","Average","7","419","Service","70,946"
"SRC191","123","33","Average","8","477","","77,232"
"SRC191","123","33","Average","9","534","","77,385"
"SRC191","123","34","Retirees","2","198","","555"
"SRC191","123","34","Retirees","3","246","","9,503"
"SRC191","123","34","Retirees","4","304","","12,903"
"SRC191","123","34","Retirees","6","361","of Credited","11,021"
"SRC191","123","34","Retirees","7","419","Service","9,903"
"SRC191","123","34","Retirees","8","477","","7,710"
"SRC191","123","34","Retirees","9","534","","13,448"
"SRC191","124","1","Average monthly benefit $ N/A $","1","254","","888"
"SRC191","124","1","Average monthly benefit $ N/A $","2","304","","1,637"
"SRC191","124","1","Average monthly benefit $ N/A $","4","361","","2,977"
"SRC191","124","1","Average monthly benefit $ N/A $","5","419","","4,487"
"SRC191","124","1","Average monthly benefit $ N/A $","6","477","","6,674"
"SRC191","124","1","Average monthly benefit $ N/A $","7","534","","8,468"
"SRC191","124","2","Retirees -","1","254","","245"
"SRC191","124","2","Retirees -","2","304","","858"
"SRC191","124","2","Retirees -","4","361","","779"
"SRC191","124","2","Retirees -","5","419","","1,721"
"SRC191","124","2","Retirees -","6","477","","1,897"
"SRC191","124","2","Retirees -","7","534","","845"
"SRC191","124","3","Average monthly benefit $ N/A $","1","254","","892"
"SRC191","124","3","Average monthly benefit $ N/A $","2","304","","1,677"
"SRC191","124","3","Average monthly benefit $ N/A $","4","361","","3,062"
"SRC191","124","3","Average monthly benefit $ N/A $","5","419","","4,615"
"SRC191","124","3","Average monthly benefit $ N/A $","6","477","","6,829"
"SRC191","124","3","Average monthly benefit $ N/A $","7","534","","8,602"
"SRC191","124","4","Retirees -","1","254","","254"
"SRC191","124","4","Retirees -","2","304","","890"
"SRC191","124","4","Retirees -","4","361","","815"
"SRC191","124","4","Retirees -","5","419","","1,811"
"SRC191","124","4","Retirees -","6","477","","2,071"
"SRC191","124","4","Retirees -","7","534","","875"
"SRC191","124","5","Average monthly benefit $ N/A $","1","254","","917"
"SRC191","124","5","Average monthly benefit $ N/A $","2","304","","1,722"
"SRC191","124","5","Average monthly benefit $ N/A $","4","361","","3,160"
"SRC191","124","5","Average monthly benefit $ N/A $","5","419","","4,723"
"SRC191","124","5","Average monthly benefit $ N/A $","6","477","","6,980"
"SRC191","124","5","Average monthly benefit $ N/A $","7","534","","8,822"
"SRC191","124","6","Retirees -","1","254","","267"
"SRC191","124","6","Retirees -","2","304","","923"
"SRC191","124","6","Retirees -","4","361","","860"
"SRC191","124","6","Retirees -","5","419","","1,908"
"SRC191","124","6","Retirees -","6","477","","2,244"
"SRC191","124","6","Retirees -","7","534","","906"
"SRC191","124","7","Average monthly benefit $ N/A $","1","254","","926"
"SRC191","124","7","Average monthly benefit $ N/A $","2","304","","1,765"
"SRC191","124","7","Average monthly benefit $ N/A $","4","361","","3,256"
"SRC191","124","7","Average monthly benefit $ N/A $","5","419","","4,867"
"SRC191","124","7","Average monthly benefit $ N/A $","6","477","","7,172"
"SRC191","124","7","Average monthly benefit $ N/A $","7","534","","8,991"
"SRC191","124","8","Retirees -","1","254","","275"
"SRC191","124","8","Retirees -","2","304","","953"
"SRC191","124","8","Retirees -","4","361","","902"
"SRC191","124","8","Retirees -","5","419","","2,015"
"SRC191","124","8","Retirees -","6","477","","2,382"
"SRC191","124","8","Retirees -","7","534","","915"
"SRC191","124","9","Average monthly benefit $ N/A $","1","254","","946"
"SRC191","124","9","Average monthly benefit $ N/A $","2","304","","1,815"
"SRC191","124","9","Average monthly benefit $ N/A $","4","361","","3,353"
"SRC191","124","9","Average monthly benefit $ N/A $","5","419","","5,013"
"SRC191","124","9","Average monthly benefit $ N/A $","6","477","","7,393"
"SRC191","124","9","Average monthly benefit $ N/A $","7","534","","9,225"
"SRC191","124","10","Retirees -","1","254","","279"
"SRC191","124","10","Retirees -","2","304","","978"
"SRC191","124","10","Retirees -","4","361","","929"
"SRC191","124","10","Retirees -","5","419","","2,108"
"SRC191","124","10","Retirees -","6","477","","2,566"
"SRC191","124","10","Retirees -","7","534","","928"
"SRC191","124","11","Average monthly benefit $ N/A $","1","254","","946"
"SRC191","124","11","Average monthly benefit $ N/A $","2","304","","1,881"
"SRC191","124","11","Average monthly benefit $ N/A $","4","361","","3,460"
"SRC191","124","11","Average monthly benefit $ N/A $","5","419","","5,191"
"SRC191","124","11","Average monthly benefit $ N/A $","6","477","","7,603"
"SRC191","124","11","Average monthly benefit $ N/A $","7","534","","9,438"
"SRC191","124","12","Retirees -","1","254","","279"
"SRC191","124","12","Retirees -","2","304","","994"
"SRC191","124","12","Retirees -","4","361","","969"
"SRC191","124","12","Retirees -","5","419","","2,222"
"SRC191","124","12","Retirees -","6","477","","2,729"
"SRC191","124","12","Retirees -","7","534","","941"
"SRC191","124","13","Average monthly benefit $ N/A $","1","254","","959"
"SRC191","124","13","Average monthly benefit $ N/A $","2","304","","1,934"
"SRC191","124","13","Average monthly benefit $ N/A $","4","361","","3,564"
"SRC191","124","13","Average monthly benefit $ N/A $","5","419","","5,366"
"SRC191","124","13","Average monthly benefit $ N/A $","6","477","","7,792"
"SRC191","124","13","Average monthly benefit $ N/A $","7","534","","9,635"
"SRC191","124","14","Average annual salary $ N/A","1","254","","56814"
"SRC191","124","14","Average annual salary $ N/A","2","304","","71806"
"SRC191","124","14","Average annual salary $ N/A","4","361","","90732"
"SRC191","124","14","Average annual salary $ N/A","5","419","","105102"
"SRC191","124","14","Average annual salary $ N/A","6","477","","122558"
"SRC191","124","14","Average annual salary $ N/A","7","534","","122182"
"SRC191","124","15","Retirees -","1","254","","284"
"SRC191","124","15","Retirees -","2","304","","1,008"
"SRC191","124","15","Retirees -","4","361","","1,024"
"SRC191","124","15","Retirees -","5","419","","2,438"
"SRC191","124","15","Retirees -","6","477","","2,963"
"SRC191","124","15","Retirees -","7","534","","969"
"SRC191","124","16","Average monthly benefit $ N/A $","1","254","","1,004"
"SRC191","124","16","Average monthly benefit $ N/A $","2","304","","2,010"
"SRC191","124","16","Average monthly benefit $ N/A $","4","361","","3,695"
"SRC191","124","16","Average monthly benefit $ N/A $","5","419","","5,585"
"SRC191","124","16","Average monthly benefit $ N/A $","6","477","","8,048"
"SRC191","124","16","Average monthly benefit $ N/A $","7","534","","9,995"
"SRC191","124","17","Average annual salary $ N/A","1","254","","57935"
"SRC191","124","17","Average annual salary $ N/A","2","304","","73276"
"SRC191","124","17","Average annual salary $ N/A","4","361","","92716"
"SRC191","124","17","Average annual salary $ N/A","5","419","","107718"
"SRC191","124","17","Average annual salary $ N/A","6","477","","124334"
"SRC191","124","17","Average annual salary $ N/A","7","534","","123016"
"SRC191","124","18","Retirees -","1","254","","287"
"SRC191","124","18","Retirees -","2","304","","1,034"
"SRC191","124","18","Retirees -","4","361","","1,088"
"SRC191","124","18","Retirees -","5","419","","2,617"
"SRC191","124","18","Retirees -","6","477","","3,145"
"SRC191","124","18","Retirees -","7","534","","971"
"SRC191","124","19","Average monthly benefit $ N/A $","1","254","","1,040"
"SRC191","124","19","Average monthly benefit $ N/A $","2","304","","2,107"
"SRC191","124","19","Average monthly benefit $ N/A $","4","361","","3,827"
"SRC191","124","19","Average monthly benefit $ N/A $","5","419","","5,808"
"SRC191","124","19","Average monthly benefit $ N/A $","6","477","","8,314"
"SRC191","124","19","Average monthly benefit $ N/A $","7","534","","10,400"
"SRC191","124","20","Average annual salary $ N/A 54,431","2","304","","67,824"
"SRC191","124","20","Average annual salary $ N/A 54,431","4","361","","88,527"
"SRC191","124","20","Average annual salary $ N/A 54,431","5","419","","99,852"
"SRC191","124","20","Average annual salary $ N/A 54,431","6","477","","117,729"
"SRC191","124","20","Average annual salary $ N/A 54,431","7","534","","112,173"
"SRC191","124","21","Retirees -","1","254","","296"
"SRC191","124","21","Retirees -","2","304","","1,038"
"SRC191","124","21","Retirees -","4","361","","1,139"
"SRC191","124","21","Retirees -","5","419","","2,752"
"SRC191","124","21","Retirees -","6","477","","3,281"
"SRC191","124","21","Retirees -","7","534","","973"
"SRC191","124","22","Average monthly benefit N/A $","1","254","","1,069"
"SRC191","124","22","Average monthly benefit N/A $","2","304","","2,181"
"SRC191","124","22","Average monthly benefit N/A $","4","361","","3,983"
"SRC191","124","22","Average monthly benefit N/A $","5","419","","6,061"
"SRC191","124","22","Average monthly benefit N/A $","6","477","","8,639"
"SRC191","124","22","Average monthly benefit N/A $","7","534","","10,822"
"SRC191","124","23","Average annual salary $ N/A $ 54,490","2","304","","69,064"
"SRC191","124","23","Average annual salary $ N/A $ 54,490","4","361","","91,374"
"SRC191","124","23","Average annual salary $ N/A $ 54,490","5","419","","103,704"
"SRC191","124","23","Average annual salary $ N/A $ 54,490","6","477","","121,148"
"SRC191","124","23","Average annual salary $ N/A $ 54,490","7","534","","113,657"
"SRC191","124","24","Retirees -","1","254","","298"
"SRC191","124","24","Retirees -","2","304","","1,044"
"SRC191","124","24","Retirees -","4","361","","1,186"
"SRC191","124","24","Retirees -","5","419","","2,885"
"SRC191","124","24","Retirees -","6","477","","3,437"
"SRC191","124","24","Retirees -","7","534","","970"
"SRC191","130","1","Clark County School District","1","382","Covered Employees","32,002"
"SRC191","130","1","Clark County School District","2","460","Rank","1"
"SRC191","130","1","Clark County School District","3","531","of Total System","31.0%"
"SRC191","130","2","State of Nevada","1","382","Covered Employees","17,686"
"SRC191","130","2","State of Nevada","2","460","Rank","2"
"SRC191","130","2","State of Nevada","3","531","of Total System","17.2"
"SRC191","130","3","Washoe County School District","1","382","Covered Employees","7,537"
"SRC191","130","3","Washoe County School District","2","460","Rank","3"
"SRC191","130","3","Washoe County School District","3","531","of Total System","7.3"
"SRC191","130","4","Clark County","1","382","Covered Employees","7,059"
"SRC191","130","4","Clark County","2","460","Rank","4"
"SRC191","130","4","Clark County","3","531","of Total System","6.9"
"SRC191","130","5","Las Vegas Metropolitan Police Department","1","382","Covered Employees","4,821"
"SRC191","130","5","Las Vegas Metropolitan Police Department","2","460","Rank","5"
"SRC191","130","5","Las Vegas Metropolitan Police Department","3","531","of Total System","4.7"
"SRC191","130","6","University Medical Center of Southern Nevada","1","382","Covered Employees","3,227"
"SRC191","130","6","University Medical Center of Southern Nevada","2","460","Rank","6"
"SRC191","130","6","University Medical Center of Southern Nevada","3","531","of Total System","3.1"
"SRC191","130","7","City of Las Vegas","1","382","Covered Employees","2,599"
"SRC191","130","7","City of Las Vegas","2","460","Rank","7"
"SRC191","130","7","City of Las Vegas","3","531","of Total System","2.5"
"SRC191","130","8","Washoe County","1","382","Covered Employees","2,345"
"SRC191","130","8","Washoe County","2","460","Rank","8"
"SRC191","130","8","Washoe County","3","531","of Total System","2.3"
"SRC191","130","9","City of Henderson","1","382","Covered Employees","2,088"
"SRC191","130","9","City of Henderson","2","460","Rank","9"
"SRC191","130","9","City of Henderson","3","531","of Total System","2.0"
"SRC191","130","10","University of Nevada, Reno","1","382","Covered Employees","1,875"
"SRC191","130","10","University of Nevada, Reno","2","460","Rank","10"
"SRC191","130","10","University of Nevada, Reno","3","531","of Total System","1.8"
"SRC191","130","11","Subtotal","1","382","Covered Employees","81,239"
"SRC191","130","11","Subtotal","3","531","of Total System","78.8"
"SRC191","130","12","All other","1","382","Covered Employees","21,869"
"SRC191","130","12","All other","3","531","of Total System","21.2"
"SRC191","130","13","Total 2015(195 Agencies) 103,108","3","531","of Total System","100.0%"
"SRC191","130","14","Clark County School District","1","382","Covered Employees","34,043"
"SRC191","130","14","Clark County School District","2","460","Rank","1"
"SRC191","130","14","Clark County School District","3","531","of Total System","29.4%"
"SRC191","130","15","State of Nevada","1","382","Covered Employees","17,988"
"SRC191","130","15","State of Nevada","2","460","Rank","2"
"SRC191","130","15","State of Nevada","3","531","of Total System","15.5"
"SRC191","130","16","Clark County","1","382","Covered Employees","7,302"
"SRC191","130","16","Clark County","2","460","Rank","3"
"SRC191","130","16","Clark County","3","531","of Total System","6.3"
"SRC191","130","17","Washoe County School District","1","382","Covered Employees","7,027"
"SRC191","130","17","Washoe County School District","2","460","Rank","4"
"SRC191","130","17","Washoe County School District","3","531","of Total System","6.1"
"SRC191","130","18","Las Vegas Metropolitan Police Department","1","382","Covered Employees","6,027"
"SRC191","130","18","Las Vegas Metropolitan Police Department","2","460","Rank","5"
"SRC191","130","18","Las Vegas Metropolitan Police Department","3","531","of Total System","5.2"
"SRC191","130","19","Nevada System of Higher Education (NSHE)","1","382","Covered Employees","3,917"
"SRC191","130","19","Nevada System of Higher Education (NSHE)","2","460","Rank","6"
"SRC191","130","19","Nevada System of Higher Education (NSHE)","3","531","of Total System","3.4"
"SRC191","130","20","University Medical Center of Southern Nevada","1","382","Covered Employees","3,757"
"SRC191","130","20","University Medical Center of Southern Nevada","2","460","Rank","7"
"SRC191","130","20","University Medical Center of Southern Nevada","3","531","of Total System","3.2"
"SRC191","130","21","Washoe County","1","382","Covered Employees","2,847"
"SRC191","130","21","Washoe County","2","460","Rank","8"
"SRC191","130","21","Washoe County","3","531","of Total System","2.5"
"SRC191","130","22","City of Las Vegas","1","382","Covered Employees","2,769"
"SRC191","130","22","City of Las Vegas","2","460","Rank","9"
"SRC191","130","22","City of Las Vegas","3","531","of Total System","2.4"
"SRC191","130","23","City of Henderson","1","382","Covered Employees","2,581"
"SRC191","130","23","City of Henderson","2","460","Rank","10"
"SRC191","130","23","City of Henderson","3","531","of Total System","2.2"
"SRC191","130","24","Subtotal","1","382","Covered Employees","88,258"
"SRC191","130","24","Subtotal","3","531","of Total System","76.2"
"SRC191","130","25","All other*","1","382","Covered Employees","27,507"
"SRC191","130","25","All other*","3","531","of Total System","23.8"
"SRC191","130","26","Total 2024(229 Agencies) 115,765","3","531","of Total System","100.0%"
"SRC191","130","27","State of Nevada and Related Agencies","1","382","Number of Agencies","25"
"SRC191","130","27","State of Nevada and Related Agencies","2","460","Covered Employees","1,476"
"SRC191","130","28","Schools","1","382","Number of Agencies","73"
"SRC191","130","28","Schools","2","460","Covered Employees","12,235"
"SRC191","130","29","Counties","1","382","Number of Agencies","14"
"SRC191","130","29","Counties","2","460","Covered Employees","3,083"
"SRC191","130","30","Cities","1","382","Number of Agencies","17"
"SRC191","130","30","Cities","2","460","Covered Employees","5,167"
"SRC191","130","31","Hospitals","1","382","Number of Agencies","7"
"SRC191","130","31","Hospitals","2","460","Covered Employees","852"
"SRC191","130","32","Utility, Irrigation, and Sanitation Districts","1","382","Number of Agencies","18"
"SRC191","130","32","Utility, Irrigation, and Sanitation Districts","2","460","Covered Employees","920"
"SRC191","130","33","Special Districts and Agencies","1","382","Number of Agencies","65"
"SRC191","130","33","Special Districts and Agencies","2","460","Covered Employees","3,774"
"SRC191","130","34","Subtotal","1","382","Number of Agencies","219"
"SRC191","130","34","Subtotal","2","460","Covered Employees","27,507"
"SRC191","130","35","Largest Ten Participating Employers","1","382","Number of Agencies","10"
"SRC191","130","35","Largest Ten Participating Employers","2","460","Covered Employees","88,258"
"SRC191","130","36","Total","1","382","Number of Agencies","229"
"SRC191","130","36","Total","2","460","Covered Employees","115,765"
"SRC191","131","1","As","2","144","","30"
"SRC191","131","2","As","2","144","","30"
"SRC191","131","3","2015 -","1","116","","2024"
"SRC191","131","3","2015 -","4","302","Average Years","3.1 %"
"SRC191","131","3","2015 -","7","471","Average Years","2.8 %"
"SRC191","135","1","(in agencies","3","423","","1, 1983)"
"SRC191","135","2","July","1","75","","1, 2023,"
"SRC191","135","3","Effective","2","115","","1, 2023,"
"SRC191","135","3","Effective","3","423","","17.50%"
"SRC191","135","4","July","1","75","","1, 2015,"
"SRC191","136","1","The 2009","3","216","","427"
"SRC191","136","2","the System","2","166","","1, 2010."
"SRC191","136","2","the System","3","216","","2015"
"SRC191","136","2","the System","6","362","","406"
"SRC191","136","3","or after July","1","94","","1, 2015."
"SRC191","136","4","Requirements","6","362","","65"
"SRC191","136","4","Requirements","7","514","","60"
"SRC191","136","5","For Regular","5","320","","1, 2010,"
"SRC191","136","5","For Regular","7","514","","65"
"SRC191","136","6","years of service,","2","166","","62"
"SRC191","136","7","For Regular","5","320","","2015,"
"SRC191","136","7","For Regular","7","514","","65"
"SRC191","136","8","of service,","4","256","","55"
"SRC191","136","8","of service,","5","320","","30"
"SRC191","136","9","Requirements","6","362","","65"
"SRC191","136","9","Requirements","8","531","","55"
"SRC191","136","10","ten years","3","216","","50"
"SRC191","136","11","For Police/Fire","5","320","","1, 2010,"
"SRC191","136","11","For Police/Fire","8","531","","65"
"SRC191","136","12","five years","2","166","","60"
"SRC191","136","12","five years","6","362","","50"
"SRC191","136","13","For Police/Fire","5","320","","1, 2015,"
"SRC191","136","13","For Police/Fire","7","514","","65"
"SRC191","136","14","years of service,","2","166","","60"
"SRC191","136","14","years of service,","6","362","","50"
"SRC191","136","14","years of service,","8","531","","55"
"SRC191","136","15","benefit may","4","256","","4%"
"SRC191","136","16","Members","4","256","","1, 2010,"
"SRC191","136","17","employee’s","4","256","","50,"
"SRC191","136","18","136 PUBLIC","6","362","","2024"
"SRC191","137","1","Option","1","81","","2"
"SRC191","137","2","Option","1","81","","3"
"SRC191","137","2","Option","6","438","","50%"
"SRC191","137","3","Option","1","81","","4"
"SRC191","137","4","Option","1","81","","5"
"SRC191","137","5","reaching","1","81","","60,"
"SRC191","137","6","Option","1","81","","6"
"SRC191","137","7","Option","1","81","","7"
"SRC191","137","8","upon the","2","185","","60,"
"SRC191","137","9","Option","1","81","","8"
"SRC191","137","10","beneficiary","7","508","","6"
"SRC191","137","11","annually","8","542","","2%"
"SRC191","137","12","years","2","185","Increases","3%"
"SRC191","137","12","years","5","351","","3.5%"
"SRC191","137","12","years","7","508","","4%"
"SRC191","137","13","thirteen","2","185","Increases","5%"
"SRC191","137","14","Retirees","3","261","","1, 2010,"
"SRC191","137","15","commencement","3","261","","2%"
"SRC191","137","15","commencement","6","438","","3%"
"SRC191","137","16","nine; 3.5%","3","261","","4%"
"SRC191","137","17","Retirees","3","261","","1, 2015,"
"SRC191","137","18","commencement","3","261","","2%"
"SRC191","137","18","commencement","6","438","","2.5%"
"SRC191","137","19","nine; then","2","185","Increases","3%"
"SRC191","137","20","","4","314","","1, 2001 X"
"SRC191","137","20","","5","351","","2.5%"
"SRC191","137","21","","4","314","","1,"
"SRC191","137","21","","5","351","","2001 X 2.67%"
"SRC191","137","22","","5","351","","(36"
"SRC191","137","23","For members","3","261","","1, 2010,"
"SRC191","137","24","","3","261","","2.5%"
"SRC191","137","25","","5","351","","(36"
"SRC191","139","1","pursuant to Senate Bill 406","2","192","","2015"
"SRC191","139","2","the member on the date of","2","192","","100%"
"SRC191","139","3","member’s years of service obtained","4","395","","1, 2015,"
"SRC191","139","4","benefit is effective for benefits","3","275","","1, 2015,"
"SRC191","139","5","employment on or after July","1","171","","1, 2013."
