"file_id","source_page","row_index","source_row_label","column_index","column_x","source_column_label","value_raw"
"SRC326","11","1","$8 billion of capital and concluded more than","1","276","","20"
"SRC326","11","2","We set an interim target in 2021 to reduce our","2","453","","45%"
"SRC326","11","3","reduction of portfolio carbon emissions intensity","3","469","","2025."
"SRC326","11","4","Our employees continue to actively give back","3","469","","$730,000"
"SRC326","11","5","of our employees donating. In addition, more","1","276","","500"
"SRC326","11","6","made meaningful changes to our approach in","1","276","","2025,"
"SRC326","15","1","innovative","2","280","class group, integrating global investment teams","2024."
"SRC326","15","1","innovative","3","358","","$250"
"SRC326","15","2","2019","3","358","","2024"
"SRC326","20","1","Net assets available","3","432","2026 (preliminary)","279.4"
"SRC326","20","1","Net assets available","5","516","2025 (filed)","266.3"
"SRC326","20","2","Smoothing adjustment1","3","432","2026 (preliminary)","(7.2)"
"SRC326","20","2","Smoothing adjustment1","5","516","2025 (filed)","(5.5)"
"SRC326","20","3","Value of assets","3","432","2026 (preliminary)","272.2"
"SRC326","20","3","Value of assets","5","516","2025 (filed)","260.8"
"SRC326","20","4","Future basic","3","432","2026 (preliminary)","52.0"
"SRC326","20","4","Future basic","5","516","2025 (filed)","50.2"
"SRC326","20","5","Total assets","3","432","2026 (preliminary)","324.1"
"SRC326","20","5","Total assets","5","516","2025 (filed)","311.0"
"SRC326","20","6","Liabilities (cost","3","432","2026 (preliminary)","(292.9)"
"SRC326","20","6","Liabilities (cost","5","516","2025 (filed)","(281.9)"
"SRC326","20","7","Surplus/contingency","3","432","2026 (preliminary)","31.2"
"SRC326","20","7","Surplus/contingency","5","516","2025 (filed)","29.1"
"SRC326","20","8","Long-term inflation","3","432","2026 (preliminary)","2.00"
"SRC326","20","8","Long-term inflation","5","516","2025 (filed)","2.00"
"SRC326","20","9","Real discount","3","432","2026 (preliminary)","2.65"
"SRC326","20","9","Real discount","5","516","2025 (filed)","2.65"
"SRC326","20","10","Nominal discount","3","432","2026 (preliminary)","4.70"
"SRC326","20","10","Nominal discount","5","516","2025 (filed)","4.70"
"SRC326","20","11","As of January","1","126","","1, 2026,"
"SRC326","20","12","valuation, totalled","1","126","","$324.1"
"SRC326","20","12","valuation, totalled","3","432","2026 (preliminary)","$292.9"
"SRC326","20","13","means that,","4","471","","$31.2"
"SRC326","20","14","If the sponsors","2","325","","1, 2026,"
"SRC326","20","15","surplus, including","4","471","","1,"
"SRC326","20","15","surplus, including","5","516","2025 (filed)","2025"
"SRC326","20","16","2 A preliminary","5","516","2025 (filed)","1, 2026"
"SRC326","20","17","January 1, 2025","2","325","","1, 2028."
"SRC326","20","18","3 Conditional Inflation","2","325","","2013"
"SRC326","20","18","3 Conditional Inflation","4","471","","2010"
"SRC326","20","18","3 Conditional Inflation","5","516","2025 (filed)","2013."
"SRC326","20","19","Currently, inflation","4","471","","100%"
"SRC326","20","20","earned before","1","126","","2010"
"SRC326","20","20","earned before","2","325","","2013."
"SRC326","32","1","Public equity $","1","260","Fair Value billions)","50.0"
"SRC326","32","1","Public equity $","2","349","Asset Mix %","18%"
"SRC326","32","1","Public equity $","3","436","Fair Value ($ billions)","37.4"
"SRC326","32","1","Public equity $","4","525","Asset Mix %","14%"
"SRC326","32","2","Private equity","1","260","Fair Value billions)","50.8"
"SRC326","32","2","Private equity","2","349","Asset Mix %","19"
"SRC326","32","2","Private equity","3","436","Fair Value ($ billions)","60.4"
"SRC326","32","2","Private equity","4","525","Asset Mix %","23"
"SRC326","32","3","Venture growth","1","260","Fair Value billions)","15.3"
"SRC326","32","3","Venture growth","2","349","Asset Mix %","6"
"SRC326","32","3","Venture growth","3","436","Fair Value ($ billions)","10.4"
"SRC326","32","3","Venture growth","4","525","Asset Mix %","4"
"SRC326","32","4","Fixed income","1","260","Fair Value billions)","61.8"
"SRC326","32","4","Fixed income","2","349","Asset Mix %","23"
"SRC326","32","4","Fixed income","3","436","Fair Value ($ billions)","78.0"
"SRC326","32","4","Fixed income","4","525","Asset Mix %","30"
"SRC326","32","5","Commodities","1","260","Fair Value billions)","32.1"
"SRC326","32","5","Commodities","2","349","Asset Mix %","12"
"SRC326","32","5","Commodities","3","436","Fair Value ($ billions)","28.9"
"SRC326","32","5","Commodities","4","525","Asset Mix %","11"
"SRC326","32","6","Natural resources","1","260","Fair Value billions)","12.1"
"SRC326","32","6","Natural resources","2","349","Asset Mix %","4"
"SRC326","32","6","Natural resources","3","436","Fair Value ($ billions)","12.5"
"SRC326","32","6","Natural resources","4","525","Asset Mix %","5"
"SRC326","32","7","Inflation hedge","1","260","Fair Value billions)","11.9"
"SRC326","32","7","Inflation hedge","2","349","Asset Mix %","4"
"SRC326","32","7","Inflation hedge","3","436","Fair Value ($ billions)","12.6"
"SRC326","32","7","Inflation hedge","4","525","Asset Mix %","5"
"SRC326","32","8","Real estate","1","260","Fair Value billions)","27.9"
"SRC326","32","8","Real estate","2","349","Asset Mix %","10"
"SRC326","32","8","Real estate","3","436","Fair Value ($ billions)","29.4"
"SRC326","32","8","Real estate","4","525","Asset Mix %","11"
"SRC326","32","9","Infrastructure","1","260","Fair Value billions)","34.5"
"SRC326","32","9","Infrastructure","2","349","Asset Mix %","13"
"SRC326","32","9","Infrastructure","3","436","Fair Value ($ billions)","43.2"
"SRC326","32","9","Infrastructure","4","525","Asset Mix %","17"
"SRC326","32","10","Credit","1","260","Fair Value billions)","38.3"
"SRC326","32","10","Credit","2","349","Asset Mix %","14"
"SRC326","32","10","Credit","3","436","Fair Value ($ billions)","37.2"
"SRC326","32","10","Credit","4","525","Asset Mix %","14"
"SRC326","32","11","Absolute return strategies","1","260","Fair Value billions)","25.2"
"SRC326","32","11","Absolute return strategies","2","349","Asset Mix %","9"
"SRC326","32","11","Absolute return strategies","3","436","Fair Value ($ billions)","24.0"
"SRC326","32","11","Absolute return strategies","4","525","Asset Mix %","9"
"SRC326","32","12","Funding and other1","1","260","Fair Value billions)","(87.3)"
"SRC326","32","12","Funding and other1","2","349","Asset Mix %","(32)"
"SRC326","32","12","Funding and other1","3","436","Fair Value ($ billions)","(113.1)"
"SRC326","32","12","Funding and other1","4","525","Asset Mix %","(43)"
"SRC326","32","13","Net investments2 $","1","260","Fair Value billions)","272.6"
"SRC326","32","13","Net investments2 $","2","349","Asset Mix %","100%"
"SRC326","32","13","Net investments2 $","3","436","Fair Value ($ billions)","260.9"
"SRC326","32","13","Net investments2 $","4","525","Asset Mix %","100%"
"SRC326","32","14","2 Comprises investments less investment-related liabilities.","2","349","Asset Mix %","$279.4"
"SRC326","32","14","2 Comprises investments less investment-related liabilities.","3","436","Fair Value ($ billions)","31, 2025"
"SRC326","32","15","include net investments and other net assets and liabilities","2","349","Asset Mix %","(2024 $5.4"
"SRC326","37","1","investment costs for 2025 equal $1,950","2","262","","(71"
"SRC326","37","1","investment costs for 2025 equal $1,950","3","353","","$100"
"SRC326","37","2","$2,079 million in 2024 (80 cents per","1","223","","$100"
"SRC326","37","3","Administrative expenses","2","262","$ Millions","926"
"SRC326","37","3","Administrative expenses","3","353","Average Net Assets","34"
"SRC326","37","3","Administrative expenses","4","438","$ Millions","885"
"SRC326","37","3","Administrative expenses","5","531","Average Net Assets","34"
"SRC326","37","4","Transaction costs","2","262","$ Millions","366"
"SRC326","37","4","Transaction costs","3","353","Average Net Assets","13"
"SRC326","37","4","Transaction costs","4","438","$ Millions","320"
"SRC326","37","4","Transaction costs","5","531","Average Net Assets","12"
"SRC326","37","5","Management fees1","2","262","$ Millions","658"
"SRC326","37","5","Management fees1","3","353","Average Net Assets","24"
"SRC326","37","5","Management fees1","4","438","$ Millions","874"
"SRC326","37","5","Management fees1","5","531","Average Net Assets","34"
"SRC326","37","6","Total investment costs","2","262","$ Millions","1,950"
"SRC326","37","6","Total investment costs","3","353","Average Net Assets","71"
"SRC326","37","6","Total investment costs","4","438","$ Millions","2,079"
"SRC326","37","6","Total investment costs","5","531","Average Net Assets","80"
"SRC326","37","7","1 Includes management fees of $443 million","1","223","","(2024"
"SRC326","37","7","1 Includes management fees of $443 million","2","262","$ Millions","$598"
"SRC326","37","7","1 Includes management fees of $443 million","3","353","Average Net Assets","$150"
"SRC326","37","7","1 Includes management fees of $443 million","4","438","$ Millions","$217"
"SRC326","44","1","emissions intensity in 2025","2","419","","2050,"
"SRC326","48","1","Public equities $","1","275","2025","44,936"
"SRC326","48","1","Public equities $","2","358","2024","34,178"
"SRC326","48","1","Public equities $","3","438","2019","28,703"
"SRC326","48","1","Public equities $","5","520","2025 vs. 2019","57%"
"SRC326","48","2","Private assets 139,975","2","358","2024","154,448"
"SRC326","48","2","Private assets 139,975","3","438","2019","94,030"
"SRC326","48","2","Private assets 139,975","5","520","2025 vs. 2019","49"
"SRC326","48","3","Corporate fixed income","1","275","2025","37,502"
"SRC326","48","3","Corporate fixed income","2","358","2024","34,938"
"SRC326","48","3","Corporate fixed income","3","438","2019","12,073"
"SRC326","48","3","Corporate fixed income","5","520","2025 vs. 2019","211"
"SRC326","48","4","Total $ 222,413","2","358","2024","223,564"
"SRC326","48","4","Total $ 222,413","3","438","2019","134,806"
"SRC326","48","4","Total $ 222,413","5","520","2025 vs. 2019","65%"
"SRC326","48","5","Public equities","1","275","2025","1,334"
"SRC326","48","5","Public equities","2","358","2024","951"
"SRC326","48","5","Public equities","3","438","2019","2,970"
"SRC326","48","6","Private assets","1","275","2025","2,320"
"SRC326","48","6","Private assets","2","358","2024","2,919"
"SRC326","48","6","Private assets","3","438","2019","2,300"
"SRC326","48","6","Private assets","5","520","2025 vs. 2019","3"
"SRC326","48","7","Corporate fixed income","1","275","2025","1,553"
"SRC326","48","7","Corporate fixed income","2","358","2024","1,473"
"SRC326","48","7","Corporate fixed income","3","438","2019","1,057"
"SRC326","48","7","Corporate fixed income","5","520","2025 vs. 2019","47"
"SRC326","48","8","Total","1","275","2025","5,207"
"SRC326","48","8","Total","2","358","2024","5,343"
"SRC326","48","8","Total","3","438","2019","6,327"
"SRC326","48","9","Public equities","1","275","2025","30"
"SRC326","48","9","Public equities","2","358","2024","28"
"SRC326","48","9","Public equities","3","438","2019","103"
"SRC326","48","10","Private assets","1","275","2025","17"
"SRC326","48","10","Private assets","2","358","2024","19"
"SRC326","48","10","Private assets","3","438","2019","24"
"SRC326","48","10","Private assets","5","520","2025 vs. 2019","(29)"
"SRC326","48","11","Corporate fixed income","1","275","2025","41"
"SRC326","48","11","Corporate fixed income","2","358","2024","42"
"SRC326","48","11","Corporate fixed income","3","438","2019","88"
"SRC326","48","11","Corporate fixed income","5","520","2025 vs. 2019","(53)"
"SRC326","48","12","Total","1","275","2025","23"
"SRC326","48","12","Total","2","358","2024","24"
"SRC326","48","12","Total","3","438","2019","47"
"SRC326","49","1","which are substantially lower – despite comparable travel volumes","1","358","","2025."
"SRC326","49","2","Building heating (natural gas)","1","358","2025","322"
"SRC326","49","2","Building heating (natural gas)","2","442","2024","517"
"SRC326","49","2","Building heating (natural gas)","3","526","20191","521"
"SRC326","49","3","Refrigerants","1","358","2025","18"
"SRC326","49","3","Refrigerants","2","442","2024","20"
"SRC326","49","4","Scope 1 total","1","358","2025","340"
"SRC326","49","4","Scope 1 total","2","442","2024","537"
"SRC326","49","4","Scope 1 total","3","526","20191","521"
"SRC326","49","5","Building energy use (electricity)","1","358","2025","524"
"SRC326","49","5","Building energy use (electricity)","2","442","2024","464"
"SRC326","49","5","Building energy use (electricity)","3","526","20191","217"
"SRC326","49","6","Building heat (steam consumption)","1","358","2025","10"
"SRC326","49","6","Building heat (steam consumption)","2","442","2024","8"
"SRC326","49","6","Building heat (steam consumption)","3","526","20191","8"
"SRC326","49","7","Building cooling (chilled water consumption)","1","358","2025","73"
"SRC326","49","7","Building cooling (chilled water consumption)","2","442","2024","48"
"SRC326","49","7","Building cooling (chilled water consumption)","3","526","20191","1"
"SRC326","49","8","Scope 2 total","1","358","2025","607"
"SRC326","49","8","Scope 2 total","2","442","2024","520"
"SRC326","49","8","Scope 2 total","3","526","20191","226"
"SRC326","49","9","Business travel (flights)","1","358","2025","7,696"
"SRC326","49","9","Business travel (flights)","2","442","2024","11,685"
"SRC326","49","9","Business travel (flights)","3","526","20191","8,525"
"SRC326","49","10","Business travel (ground transportation)","1","358","2025","137"
"SRC326","49","10","Business travel (ground transportation)","2","442","2024","134"
"SRC326","49","10","Business travel (ground transportation)","3","526","20191","139"
"SRC326","49","11","Printing (paper use and disposal)","1","358","2025","14"
"SRC326","49","11","Printing (paper use and disposal)","2","442","2024","11"
"SRC326","49","11","Printing (paper use and disposal)","3","526","20191","50"
"SRC326","49","12","Scope 3 total","1","358","2025","7,847"
"SRC326","49","12","Scope 3 total","2","442","2024","11,830"
"SRC326","49","12","Scope 3 total","3","526","20191","8,714"
"SRC326","49","13","Total","1","358","2025","8,794"
"SRC326","49","13","Total","2","442","2024","12,887"
"SRC326","49","13","Total","3","526","20191","9,461"
"SRC326","51","1","The total-fund net return is reported","4","452","","6.6%"
"SRC326","51","2","dollars for four periods: one, five and","1","239","","10"
"SRC326","51","3","net return of 6.7%, compared to 9.4%","1","239","","2024."
"SRC326","51","4","delivered strong returns of 30.2% and","2","309","","2025,"
"SRC326","51","5","13.6% and 5.8%, respectively. See pages","2","309","","2025"
"SRC326","51","6","Total-fund net return","1","239","2025","6.7%"
"SRC326","51","6","Total-fund net return","2","309","2024","9.4%"
"SRC326","51","6","Total-fund net return","3","382","5-Year","6.6%"
"SRC326","51","6","Total-fund net return","4","452","10-Year","6.8%"
"SRC326","51","6","Total-fund net return","5","523","inception","9.2%"
"SRC326","51","7","Benchmark return","1","239","2025","11.7%"
"SRC326","51","7","Benchmark return","2","309","2024","12.9%"
"SRC326","51","7","Benchmark return","3","382","5-Year","8.8%"
"SRC326","51","7","Benchmark return","4","452","10-Year","7.9%"
"SRC326","51","7","Benchmark return","5","523","inception","8.0%"
"SRC326","51","8","benchmark","5","523","inception","1.2%"
"SRC326","52","1","Equity $","1","245","2025","116.1"
"SRC326","52","1","Equity $","2","314","1-Year Actual","6.1%"
"SRC326","52","1","Equity $","3","381","Benchmark","16.7%"
"SRC326","52","1","Equity $","4","454","5-Year Actual","10.0%"
"SRC326","52","1","Equity $","5","520","Benchmark","13.1%"
"SRC326","52","2","Public equity","1","245","2025","50.0"
"SRC326","52","2","Public equity","2","314","1-Year Actual","15.0"
"SRC326","52","2","Public equity","3","381","Benchmark","13.9"
"SRC326","52","2","Public equity","4","454","5-Year Actual","10.0"
"SRC326","52","2","Public equity","5","520","Benchmark","11.7"
"SRC326","52","3","Private equity","1","245","2025","50.8"
"SRC326","52","3","Private equity","2","314","1-Year Actual","(5.3)"
"SRC326","52","3","Private equity","3","381","Benchmark","18.0"
"SRC326","52","3","Private equity","4","454","5-Year Actual","8.4"
"SRC326","52","3","Private equity","5","520","Benchmark","13.9"
"SRC326","52","4","Venture growth","1","245","2025","15.3"
"SRC326","52","4","Venture growth","2","314","1-Year Actual","30.2"
"SRC326","52","4","Venture growth","3","381","Benchmark","18.5"
"SRC326","52","4","Venture growth","4","454","5-Year Actual","14.7"
"SRC326","52","4","Venture growth","5","520","Benchmark","16.1"
"SRC326","52","5","Fixed income","1","245","2025","61.8"
"SRC326","52","5","Fixed income","2","314","1-Year Actual","2.6"
"SRC326","52","5","Fixed income","3","381","Benchmark","2.6"
"SRC326","52","5","Fixed income","4","454","5-Year Actual","0.3"
"SRC326","52","5","Fixed income","5","520","Benchmark","0.3"
"SRC326","52","6","Inflation sensitive","1","245","2025","56.1"
"SRC326","52","6","Inflation sensitive","2","314","1-Year Actual","13.6"
"SRC326","52","6","Inflation sensitive","3","381","Benchmark","13.2"
"SRC326","52","6","Inflation sensitive","4","454","5-Year Actual","12.2"
"SRC326","52","6","Inflation sensitive","5","520","Benchmark","12.2"
"SRC326","52","7","Commodities","1","245","2025","32.1"
"SRC326","52","7","Commodities","2","314","1-Year Actual","27.0"
"SRC326","52","7","Commodities","3","381","Benchmark","27.0"
"SRC326","52","7","Commodities","4","454","5-Year Actual","15.4"
"SRC326","52","7","Commodities","5","520","Benchmark","15.4"
"SRC326","52","8","Natural resources","1","245","2025","12.1"
"SRC326","52","8","Natural resources","2","314","1-Year Actual","1.8"
"SRC326","52","8","Natural resources","3","381","Benchmark","0.0"
"SRC326","52","8","Natural resources","4","454","5-Year Actual","13.9"
"SRC326","52","8","Natural resources","5","520","Benchmark","13.6"
"SRC326","52","9","Inflation hedge","1","245","2025","11.9"
"SRC326","52","9","Inflation hedge","2","314","1-Year Actual","(4.7)"
"SRC326","52","9","Inflation hedge","3","381","Benchmark","(4.7)"
"SRC326","52","9","Inflation hedge","4","454","5-Year Actual","3.6"
"SRC326","52","9","Inflation hedge","5","520","Benchmark","3.6"
"SRC326","52","10","Real assets","1","245","2025","62.4"
"SRC326","52","10","Real assets","2","314","1-Year Actual","(0.4)"
"SRC326","52","10","Real assets","3","381","Benchmark","5.3"
"SRC326","52","10","Real assets","4","454","5-Year Actual","2.7"
"SRC326","52","10","Real assets","5","520","Benchmark","6.8"
"SRC326","52","11","Real estate","1","245","2025","27.9"
"SRC326","52","11","Real estate","2","314","1-Year Actual","(3.1)"
"SRC326","52","11","Real estate","3","381","Benchmark","2.2"
"SRC326","52","11","Real estate","4","454","5-Year Actual","(2.2)"
"SRC326","52","11","Real estate","5","520","Benchmark","4.9"
"SRC326","52","12","Infrastructure","1","245","2025","34.5"
"SRC326","52","12","Infrastructure","2","314","1-Year Actual","1.8"
"SRC326","52","12","Infrastructure","3","381","Benchmark","7.8"
"SRC326","52","12","Infrastructure","4","454","5-Year Actual","6.7"
"SRC326","52","12","Infrastructure","5","520","Benchmark","7.9"
"SRC326","52","13","Credit","1","245","2025","38.3"
"SRC326","52","13","Credit","2","314","1-Year Actual","5.8"
"SRC326","52","13","Credit","3","381","Benchmark","4.5"
"SRC326","52","13","Credit","4","454","5-Year Actual","7.7"
"SRC326","52","13","Credit","5","520","Benchmark","6.2"
"SRC326","52","14","Absolute return strategies","1","245","2025","25.2"
"SRC326","52","15","Funding and other1","1","245","2025","(87.3)"
"SRC326","52","16","Total-fund net return $","1","245","2025","272.6"
"SRC326","52","16","Total-fund net return $","2","314","1-Year Actual","6.7%"
"SRC326","52","16","Total-fund net return $","3","381","Benchmark","11.7%"
"SRC326","52","16","Total-fund net return $","4","454","5-Year Actual","6.6%"
"SRC326","52","16","Total-fund net return $","5","520","Benchmark","8.8%"
"SRC326","53","1","United States Dollar $","1","482","2025","41.3"
"SRC326","53","1","United States Dollar $","2","529","2024","90.9"
"SRC326","53","2","construction strategy. Euro","1","482","2025","14.7"
"SRC326","53","2","construction strategy. Euro","2","529","2024","9.1"
"SRC326","53","3","Swiss Franc","1","482","2025","8.2"
"SRC326","53","3","Swiss Franc","2","529","2024","5.1"
"SRC326","53","4","In certain circumstances and when cost-effective Japanese Yen","1","482","2025","7.2"
"SRC326","53","4","In certain circumstances and when cost-effective Japanese Yen","2","529","2024","9.6"
"SRC326","53","5","Mexican Peso","1","482","2025","5.8"
"SRC326","53","5","Mexican Peso","2","529","2024","5.0"
"SRC326","53","6","Chinese Renminbi","1","482","2025","5.3"
"SRC326","53","6","Chinese Renminbi","2","529","2024","4.1"
"SRC326","53","7","Indian Rupee","1","482","2025","4.5"
"SRC326","53","7","Indian Rupee","2","529","2024","4.6"
"SRC326","53","8","Brazilian Real","1","482","2025","2.4"
"SRC326","53","8","Brazilian Real","2","529","2024","2.0"
"SRC326","53","9","performance from year to year. Korean Won","1","482","2025","1.9"
"SRC326","53","9","performance from year to year. Korean Won","2","529","2024","1.7"
"SRC326","53","10","Chilean Peso","1","482","2025","1.9"
"SRC326","53","10","Chilean Peso","2","529","2024","2.3"
"SRC326","53","11","In 2025, the fund experienced a foreign currency Other","1","482","2025","8.0"
"SRC326","53","11","In 2025, the fund experienced a foreign currency Other","2","529","2024","7.7"
"SRC326","53","12","$ 101.2","2","529","2024","142.1"
"SRC326","58","1","long-term","3","333","","$50.8"
"SRC326","58","2","The","2","272","","5.3%"
"SRC326","58","3","benchmark","3","333","","18.0%"
"SRC326","58","3","benchmark","4","451","","20.7%"
"SRC326","58","4","S&P","1","77","","500,"
"SRC326","58","5","opportunities","5","495","","51%"
"SRC326","58","6","will","5","495","","28%"
"SRC326","58","7","funds","5","495","","13%"
"SRC326","58","8","The","5","495","","6%"
"SRC326","58","9","of","1","77","","2025,"
"SRC326","58","10","2024.","2","272","","2025"
"SRC326","59","1","edge technology and innovative business models.","1","333","","$15.3"
"SRC326","59","2","assets, in particular SpaceX and Databricks,","1","333","","18.5%"
"SRC326","59","2","assets, in particular SpaceX and Databricks,","2","448","","22.2%"
"SRC326","67","1","Airport","3","238","","35%"
"SRC326","67","2","Airport","1","180","","10"
"SRC326","67","2","Airport","7","360","","72%"
"SRC326","67","3","Brussels","6","331","","40%"
"SRC326","67","4","Airport","6","331","","26.4"
"SRC326","67","5","Copenhagen","6","331","","321"
"SRC326","67","6","Airport","4","267","","60"
"SRC326","67","7","London City","6","331","","£600"
"SRC326","69","1","The","2","200","","5.8%"
"SRC326","69","2","The","2","200","","$38.3"
"SRC326","69","2","The","3","493","","2024."
"SRC326","69","3","The","2","200","","$25.2"
"SRC326","69","4","of","1","84","","2024."
"SRC326","73","1","satisfied members","1","436","2025","93%"
"SRC326","73","1","satisfied members","2","476","2024","93%"
"SRC326","73","1","satisfied members","3","515","2023","93%"
"SRC326","75","1","186,000","4","419","","346,000"
"SRC326","77","1","In","1","77","Progress","2025,"
"SRC326","77","2","teams.","2","163","in 2025","2025,"
"SRC326","77","3","In","1","77","Progress","2025"
"SRC326","77","3","In","2","163","in 2025","4"
"SRC326","86","1","Actuarial/Funding","1","434","","7"
"SRC326","86","2","Corporate Responsibility/Climate/ESG","2","478","","9"
"SRC326","86","3","Finance/Audit/Accounting","3","503","","10"
"SRC326","86","4","Legal/Regulatory","3","503","","10"
"SRC326","86","5","Risk Management","2","478","","9"
"SRC326","86","6","Information Technology/Digital","1","434","","7"
"SRC326","86","7","Investment Management","3","503","","10"
"SRC326","86","8","Global Business Operations","2","478","","9"
"SRC326","86","9","Business Transformation","2","478","","9"
"SRC326","86","10","ICD.D Designation","3","503","","10"
"SRC326","86","11","MaMleale 4 4 60 6a0n dan udn udnerde1r 1","1","434","","5"
"SRC326","86","11","MaMleale 4 4 60 6a0n dan udn udnerde1r 1","4","519","","5"
"SRC326","86","12","FemFeamleale 7 7 61–6614–64 3 3","3","503","","3"
"SRC326","86","12","FemFeamleale 7 7 61–6614–64 3 3","4","519","","3"
"SRC326","86","13","65 6a5n dan odv eorver7 7","1","434","","8"
"SRC326","86","13","65 6a5n dan odv eorver7 7","3","503","","3"
"SRC326","86","13","65 6a5n dan odv eorver7 7","4","519","","3"
"SRC326","86","14","ONTARIO TEACHERS’","1","434","","2025"
"SRC326","88","1","Chair since","1","234","","2019,"
"SRC326","88","1","Chair since","2","299","","2015"
"SRC326","88","2","Chair, ICD.D from Queen’s","2","299","","2004,"
"SRC326","88","3","Appointed","1","234","","2019"
"SRC326","92","1","Audit & Actuarial or Investment Committees","4","507","","20,000"
"SRC326","92","2","Other committees","4","507","","15,000"
"SRC326","92","3","Audit & Actuarial or Investment Committees","4","507","","10,000"
"SRC326","92","4","Other committees","4","507","","7,500"
"SRC326","92","5","Committee member retainer (if a member on more than three committees)","4","507","","5,000"
"SRC326","92","6","In addition to the annual retainer, new board members receive an additional","2","438","","$10,000"
"SRC326","92","7","Steve McGirr, Chair of the Board","1","378","Board","11"
"SRC326","92","7","Steve McGirr, Chair of the Board","2","438","Committee","28"
"SRC326","92","7","Steve McGirr, Chair of the Board","4","507","2025","312,126"
"SRC326","92","8","Cathy Cranston, Chair, People & Compensation Committee","1","378","Board","11"
"SRC326","92","8","Cathy Cranston, Chair, People & Compensation Committee","2","438","Committee","20"
"SRC326","92","8","Cathy Cranston, Chair, People & Compensation Committee","4","507","2025","171,063"
"SRC326","92","9","Patti Croft1","1","378","Board","7"
"SRC326","92","9","Patti Croft1","2","438","Committee","13"
"SRC326","92","9","Patti Croft1","4","507","2025","104,042"
"SRC326","92","10","Monika Federau, Chair, Governance Committee","1","378","Board","11"
"SRC326","92","10","Monika Federau, Chair, Governance Committee","2","438","Committee","12"
"SRC326","92","10","Monika Federau, Chair, Governance Committee","4","507","2025","171,063"
"SRC326","92","11","Cindy Forbes, Chair, Enterprise Risk Committee","1","378","Board","11"
"SRC326","92","11","Cindy Forbes, Chair, Enterprise Risk Committee","2","438","Committee","19"
"SRC326","92","11","Cindy Forbes, Chair, Enterprise Risk Committee","4","507","2025","171,063"
"SRC326","92","12","Martine Irman, Vice-Chair, Benefits Adjudication Committee","1","378","Board","11"
"SRC326","92","12","Martine Irman, Vice-Chair, Benefits Adjudication Committee","2","438","Committee","23"
"SRC326","92","12","Martine Irman, Vice-Chair, Benefits Adjudication Committee","4","507","2025","168,563"
"SRC326","92","13","Gene Lewis, Chair, Benefits Adjudication Committee","1","378","Board","11"
"SRC326","92","13","Gene Lewis, Chair, Benefits Adjudication Committee","2","438","Committee","16"
"SRC326","92","13","Gene Lewis, Chair, Benefits Adjudication Committee","4","507","2025","176,063"
"SRC326","92","14","M. George Lewis, Chair, Investment Committee","1","378","Board","11"
"SRC326","92","14","M. George Lewis, Chair, Investment Committee","2","438","Committee","21"
"SRC326","92","14","M. George Lewis, Chair, Investment Committee","4","507","2025","176,063"
"SRC326","92","15","Jaqui Parchment","1","378","Board","11"
"SRC326","92","15","Jaqui Parchment","2","438","Committee","13"
"SRC326","92","15","Jaqui Parchment","4","507","2025","191,063"
"SRC326","92","16","Debbie Stein, Chair, Audit & Actuarial Committee","1","378","Board","10"
"SRC326","92","16","Debbie Stein, Chair, Audit & Actuarial Committee","2","438","Committee","13"
"SRC326","92","16","Debbie Stein, Chair, Audit & Actuarial Committee","4","507","2025","176,063"
"SRC326","92","17","Tom Wellner","1","378","Board","11"
"SRC326","92","17","Tom Wellner","2","438","Committee","16"
"SRC326","92","17","Tom Wellner","4","507","2025","161,063"
"SRC326","92","18","ONTARIO","3","454","","2025"
"SRC326","95","1","performance and how we determine established","2","466","","2025"
"SRC326","95","2","Ontario Teachers’ is total fund performance over Jo Taylor, for","1","372","","2025"
"SRC326","95","3","a shorter and longer time horizon when assessing awarded him","2","466","","1.5"
"SRC326","95","4","total fund performance to align employee target for his","1","372","","2025"
"SRC326","95","5","Mr. Taylor of","1","372","","$1,721,300."
"SRC326","95","6","in-year 7% nominal return goal, allowing the Plan compensation","1","372","","$5.9"
"SRC326","99","1","related to business outcomes","2","320","","60%"
"SRC326","99","2","How – Assessment","2","320","","15%"
"SRC326","99","3","Base","1","224","","15%"
"SRC326","99","3","Base","3","465","","27.5%"
"SRC326","99","4","AIP","1","224","","30%"
"SRC326","99","4","AIP","3","465","","27.5%"
"SRC326","99","5","LTIP","1","224","","55%"
"SRC326","99","5","LTIP","3","465","","45%"
"SRC326","102","1","Jo Taylor","1","130","Year","2025"
"SRC326","102","1","Jo Taylor","2","165","Salary","625,000"
"SRC326","102","1","Jo Taylor","3","210","Incentive A B","1,721,300"
"SRC326","102","1","Jo Taylor","4","275","AllocationCompensation1 C A+B+C","5,900,000"
"SRC326","102","1","Jo Taylor","5","353","Paid D","3,798,322"
"SRC326","102","1","Jo Taylor","7","451","Value","155,300"
"SRC326","102","1","Jo Taylor","9","507","Compensation2 A+B+D+E","6,144,622"
"SRC326","102","2","Chief Executive","1","130","Year","2024"
"SRC326","102","2","Chief Executive","2","165","Salary","570,000"
"SRC326","102","2","Chief Executive","3","210","Incentive A B","1,553,700"
"SRC326","102","2","Chief Executive","4","275","AllocationCompensation1 C A+B+C","5,500,000"
"SRC326","102","2","Chief Executive","5","353","Paid D","3,663,561"
"SRC326","102","2","Chief Executive","9","507","Compensation2 A+B+D+E","5,787,261"
"SRC326","102","3","Mabel Wong3","1","130","Year","2025"
"SRC326","102","3","Mabel Wong3","2","165","Salary","450,000"
"SRC326","102","3","Mabel Wong3","3","210","Incentive A B","477,400"
"SRC326","102","3","Mabel Wong3","4","275","AllocationCompensation1 C A+B+C","1,927,400"
"SRC326","102","3","Mabel Wong3","5","353","Paid D","829,800"
"SRC326","102","3","Mabel Wong3","7","451","Value","86,000"
"SRC326","102","3","Mabel Wong3","9","507","Compensation2 A+B+D+E","1,757,200"
"SRC326","102","4","Officer","1","130","Year","2024"
"SRC326","102","4","Officer","2","165","Salary","425,000"
"SRC326","102","4","Officer","3","210","Incentive A B","443,200"
"SRC326","102","4","Officer","4","275","AllocationCompensation1 C A+B+C","750,000 1,618,200"
"SRC326","102","4","Officer","5","353","Paid D","691,600"
"SRC326","102","4","Officer","6","410","Other E","175,000"
"SRC326","102","4","Officer","9","507","Compensation2 A+B+D+E","1,734,800"
"SRC326","102","5","Stephen","1","130","Year","2025"
"SRC326","102","5","Stephen","2","165","Salary","475,000"
"SRC326","102","5","Stephen","3","210","Incentive A B","1,090,100"
"SRC326","102","5","Stephen","4","275","AllocationCompensation1 C A+B+C","4,065,100"
"SRC326","102","5","Stephen","5","353","Paid D","2,192,900"
"SRC326","102","5","Stephen","7","451","Value","143,900"
"SRC326","102","5","Stephen","9","507","Compensation2 A+B+D+E","3,758,000"
"SRC326","102","6","Chief Investment","1","130","Year","2024"
"SRC326","102","6","Chief Investment","2","165","Salary","450,000"
"SRC326","102","6","Chief Investment","3","210","Incentive A B","899,100"
"SRC326","102","6","Chief Investment","4","275","AllocationCompensation1 C A+B+C","2,849,100"
"SRC326","102","6","Chief Investment","5","353","Paid D","1,876,100"
"SRC326","102","6","Chief Investment","9","507","Compensation2 A+B+D+E","3,225,200"
"SRC326","102","7","Gillian Brown5","1","130","Year","2025"
"SRC326","102","7","Gillian Brown5","2","165","Salary","475,000"
"SRC326","102","7","Gillian Brown5","3","210","Incentive A B","944,800"
"SRC326","102","7","Gillian Brown5","4","275","AllocationCompensation1 C A+B+C","3,919,800"
"SRC326","102","7","Gillian Brown5","5","353","Paid D","2,094,900"
"SRC326","102","7","Gillian Brown5","7","451","Value","171,200"
"SRC326","102","7","Gillian Brown5","9","507","Compensation2 A+B+D+E","3,514,700"
"SRC326","102","8","Officer, Public","1","130","Year","2024"
"SRC326","102","8","Officer, Public","2","165","Salary","450,000"
"SRC326","102","8","Officer, Public","3","210","Incentive A B","899,100"
"SRC326","102","8","Officer, Public","4","275","AllocationCompensation1 C A+B+C","2,849,100"
"SRC326","102","8","Officer, Public","5","353","Paid D","1,734,900"
"SRC326","102","8","Officer, Public","9","507","Compensation2 A+B+D+E","3,084,000"
"SRC326","102","9","Nick Jansa6","1","130","Year","2025"
"SRC326","102","9","Nick Jansa6","2","165","Salary","385,000"
"SRC326","102","9","Nick Jansa6","3","210","Incentive A B","769,700"
"SRC326","102","9","Nick Jansa6","4","275","AllocationCompensation1 C A+B+C","2,254,700"
"SRC326","102","9","Nick Jansa6","5","353","Paid D","1,097,000"
"SRC326","102","9","Nick Jansa6","7","451","Value","53,092"
"SRC326","102","9","Nick Jansa6","9","507","Compensation2 A+B+D+E","2,251,700"
"SRC326","102","10","Reflected in GBP","1","130","Year","2024"
"SRC326","102","10","Reflected in GBP","2","165","Salary","355,000"
"SRC326","102","10","Reflected in GBP","3","210","Incentive A B","662,000"
"SRC326","102","10","Reflected in GBP","4","275","AllocationCompensation1 C A+B+C","695,000 1,712,000"
"SRC326","102","10","Reflected in GBP","5","353","Paid D","1,026,400"
"SRC326","102","10","Reflected in GBP","7","451","Value","49,700"
"SRC326","102","10","Reflected in GBP","9","507","Compensation2 A+B+D+E","2,043,400"
"SRC326","102","11","salary, annual incentive,","8","485","F","31"
"SRC326","102","12","3 Ms. Wong was","3","210","Incentive A B","2024"
"SRC326","102","12","3 Ms. Wong was","6","410","Other E","2024."
"SRC326","102","13","provided $60,000","4","275","AllocationCompensation1 C A+B+C","$900,000"
"SRC326","102","14","Acting Chief Financial","3","210","Incentive A B","2024,"
"SRC326","102","14","Acting Chief Financial","4","275","AllocationCompensation1 C A+B+C","$175,000"
"SRC326","102","14","Acting Chief Financial","9","507","Compensation2 A+B+D+E","2024,"
"SRC326","102","15","Ms. Wong was","4","275","AllocationCompensation1 C A+B+C","$200,000"
"SRC326","102","16","4 In recognition","4","275","AllocationCompensation1 C A+B+C","2023,"
"SRC326","102","16","4 In recognition","6","410","Other E","2023"
"SRC326","102","17","$300,000 CAD","2","165","Salary","2023"
"SRC326","102","17","$300,000 CAD","8","485","F","$500,000"
"SRC326","102","18","Mr. McLennan’s","1","130","Year","2025"
"SRC326","102","18","Mr. McLennan’s","5","353","Paid D","$700,000"
"SRC326","102","18","Mr. McLennan’s","7","451","Value","2025."
"SRC326","102","19","5 Ms. Brown’s 2025","5","353","Paid D","$700,000"
"SRC326","102","19","5 Ms. Brown’s 2025","7","451","Value","2025."
"SRC326","103","1","Name and","3","302","","2025"
"SRC326","103","2","Jo Taylor1","1","209","","6,839,370"
"SRC326","103","2","Jo Taylor1","3","302","","6.72%"
"SRC326","103","2","Jo Taylor1","4","356","","3,553,700"
"SRC326","103","2","Jo Taylor1","6","438","","3,798,322"
"SRC326","103","2","Jo Taylor1","7","500","","7,054,353"
"SRC326","103","3","Mabel Wong","1","209","","1,284,533"
"SRC326","103","3","Mabel Wong","3","302","","6.72%"
"SRC326","103","3","Mabel Wong","4","356","","1,000,000"
"SRC326","103","3","Mabel Wong","6","438","","829,800"
"SRC326","103","3","Mabel Wong","7","500","","1,541,054"
"SRC326","103","4","Stephen McLennan2","1","209","","4,184,160"
"SRC326","103","4","Stephen McLennan2","3","302","","6.72%"
"SRC326","103","4","Stephen McLennan2","4","356","","1,800,000"
"SRC326","103","4","Stephen McLennan2","6","438","","2,192,900"
"SRC326","103","4","Stephen McLennan2","7","500","","4,072,436"
"SRC326","103","5","Gillian Brown2","1","209","","3,921,896"
"SRC326","103","5","Gillian Brown2","3","302","","6.72%"
"SRC326","103","5","Gillian Brown2","4","356","","1,800,000"
"SRC326","103","5","Gillian Brown2","6","438","","2,094,900"
"SRC326","103","5","Gillian Brown2","7","500","","3,890,547"
"SRC326","103","6","Nick Jansa, EMD, EMEA","1","209","","1,906,089"
"SRC326","103","6","Nick Jansa, EMD, EMEA","3","302","","6.72%"
"SRC326","103","6","Nick Jansa, EMD, EMEA","4","356","","1,100,000"
"SRC326","103","6","Nick Jansa, EMD, EMEA","6","438","","1,097,000"
"SRC326","103","6","Nick Jansa, EMD, EMEA","7","500","","2,037,178"
"SRC326","103","7","2 The special one-time LTI allocation for","3","302","","$700,000"
"SRC326","103","7","2 The special one-time LTI allocation for","5","386","","2025"
"SRC326","103","8","(PSPP, PSSP and SERP) and estimated","6","438","","65"
"SRC326","103","9","Projected","5","386","","2025"
"SRC326","103","9","Projected","6","438","","2025"
"SRC326","103","10","Service","8","528","","31,"
"SRC326","103","11","Name and Principal Position Age","1","209","","65"
"SRC326","103","11","Name and Principal Position Age","3","302","","1, 2025"
"SRC326","103","11","Name and Principal Position Age","8","528","","2025"
"SRC326","103","12","Jo Taylor4,","1","209","","6"
"SRC326","103","12","Jo Taylor4,","2","243","","65,900"
"SRC326","103","12","Jo Taylor4,","3","302","","855,200"
"SRC326","103","12","Jo Taylor4,","5","386","","193,600"
"SRC326","103","12","Jo Taylor4,","6","438","","(38,300)"
"SRC326","103","12","Jo Taylor4,","7","500","","1,010,500"
"SRC326","103","13","Mabel Wong 25","2","243","","379,900"
"SRC326","103","13","Mabel Wong 25","3","302","","173,700"
"SRC326","103","13","Mabel Wong 25","5","386","","95,600"
"SRC326","103","13","Mabel Wong 25","6","438","","(9,600)"
"SRC326","103","13","Mabel Wong 25","7","500","","259,700"
"SRC326","103","14","Stephen McLennan 33","2","243","","387,900"
"SRC326","103","14","Stephen McLennan 33","3","302","","2,560,400"
"SRC326","103","14","Stephen McLennan 33","5","386","","184,300"
"SRC326","103","14","Stephen McLennan 33","6","438","","(40,400)"
"SRC326","103","14","Stephen McLennan 33","7","500","","2,704,300"
"SRC326","103","15","Gillian Brown 41","2","243","","474,000"
"SRC326","103","15","Gillian Brown 41","3","302","","3,698,100"
"SRC326","103","15","Gillian Brown 41","5","386","","216,900"
"SRC326","103","15","Gillian Brown 41","6","438","","(45,700)"
"SRC326","103","15","Gillian Brown 41","7","500","","3,869,300"
"SRC326","103","16","4 Represents Mr. Taylor’s participation in","5","386","","1, 2020."
"SRC326","105","1","The Financial Reporting section","3","373","","2025,"
"SRC326","105","2","of the financial statements that","3","373","","$13.1"
"SRC326","105","3","Included in the pages preceding","3","373","","$1.0"
"SRC326","105","4","for benefits $","1","201","2025","279,403"
"SRC326","105","4","for benefits $","2","262","2024","266,339"
"SRC326","105","5","Accrued pension benefits $","1","201","2025","214,538"
"SRC326","105","5","Accrued pension benefits $","2","262","2024","213,166"
"SRC326","105","6","Surplus $","1","201","2025","64,865"
"SRC326","105","6","Surplus $","2","262","2024","53,173"
"SRC326","107","1","control over financial reporting.","2","370","","2025."
"SRC326","107","2","consolidated financial statements for external","1","315","","2025,"
"SRC326","107","2","consolidated financial statements for external","2","370","","$33.7"
"SRC326","107","2","consolidated financial statements for external","3","435","","(2024"
"SRC326","107","2","consolidated financial statements for external","5","470","","$28.0"
"SRC326","107","3","purposes in accordance with Canadian accounting","2","370","","$28.0"
"SRC326","107","3","purposes in accordance with Canadian accounting","3","435","","(2024"
"SRC326","107","3","purposes in accordance with Canadian accounting","4","451","","$21.3"
"SRC326","107","4","standards for pension plans. We have evaluated","2","370","","$4.9"
"SRC326","107","4","standards for pension plans. We have evaluated","3","435","","(2024"
"SRC326","107","4","standards for pension plans. We have evaluated","5","470","","$3.5"
"SRC326","107","5","the effectiveness of the Plan’s internal controls","4","451","","$0.8"
"SRC326","107","6","over financial reporting and concluded they are","1","315","","$3.2"
"SRC326","109","1","December","1","117","","31,"
"SRC326","109","1","December","2","130","","2025,"
"SRC326","109","2","December","1","117","","31,"
"SRC326","109","2","December","2","130","","2025,"
"SRC326","111","1","Teachers’)","2","457","","31, 2025,"
"SRC326","111","2","March","1","102","","6, 2026"
"SRC326","112","1","Cash $","1","423","2025","774"
"SRC326","112","1","Cash $","2","512","2024","741"
"SRC326","112","2","Receivable from the Province of Ontario (NOTE 3)","1","423","2025","4,134"
"SRC326","112","2","Receivable from the Province of Ontario (NOTE 3)","2","512","2024","3,767"
"SRC326","112","3","Receivable from brokers","1","423","2025","2,828"
"SRC326","112","3","Receivable from brokers","2","512","2024","1,969"
"SRC326","112","4","Investments (NOTE 2)","1","423","2025","345,785"
"SRC326","112","4","Investments (NOTE 2)","2","512","2024","322,622"
"SRC326","112","5","Premises and equipment","1","423","2025","289"
"SRC326","112","5","Premises and equipment","2","512","2024","328"
"SRC326","112","6","Accounts payable and accrued liabilities","1","423","2025","810"
"SRC326","112","6","Accounts payable and accrued liabilities","2","512","2024","826"
"SRC326","112","7","Due to brokers","1","423","2025","439"
"SRC326","112","7","Due to brokers","2","512","2024","494"
"SRC326","112","8","Investment-related liabilities (NOTE 2)","1","423","2025","73,158"
"SRC326","112","8","Investment-related liabilities (NOTE 2)","2","512","2024","61,768"
"SRC326","112","9","Net assets available for benefits","1","423","2025","279,403"
"SRC326","112","9","Net assets available for benefits","2","512","2024","266,339"
"SRC326","112","10","Accrued pension benefits (NOTE 4)","1","423","2025","214,538"
"SRC326","112","10","Accrued pension benefits (NOTE 4)","2","512","2024","213,166"
"SRC326","112","11","Surplus","1","423","2025","64,865"
"SRC326","112","11","Surplus","2","512","2024","53,173"
"SRC326","112","12","Accrued pension benefits and surplus $","1","423","2025","279,403"
"SRC326","112","12","Accrued pension benefits and surplus $","2","512","2024","266,339"
"SRC326","113","1","Net assets available for benefits, beginning of year $ 266,339","2","515","2024","247,513"
"SRC326","113","2","Net investment income (NOTE 5)","1","426","2025","18,459"
"SRC326","113","2","Net investment income (NOTE 5)","2","515","2024","23,654"
"SRC326","113","3","Administrative expenses (NOTE 9a)","1","426","2025","(926)"
"SRC326","113","3","Administrative expenses (NOTE 9a)","2","515","2024","(885)"
"SRC326","113","4","Net investment operations","1","426","2025","17,533"
"SRC326","113","4","Net investment operations","2","515","2024","22,769"
"SRC326","113","5","Contributions (NOTE 8a)","1","426","2025","4,070"
"SRC326","113","5","Contributions (NOTE 8a)","2","515","2024","4,264"
"SRC326","113","6","Benefits (NOTE 8b)","1","426","2025","(8,448)"
"SRC326","113","6","Benefits (NOTE 8b)","2","515","2024","(8,124)"
"SRC326","113","7","Administrative expenses (NOTE 9b)","1","426","2025","(91)"
"SRC326","113","7","Administrative expenses (NOTE 9b)","2","515","2024","(83)"
"SRC326","113","8","Net member service operations","1","426","2025","(4,469)"
"SRC326","113","8","Net member service operations","2","515","2024","(3,943)"
"SRC326","113","9","Increase in net assets available for benefits","1","426","2025","13,064"
"SRC326","113","9","Increase in net assets available for benefits","2","515","2024","18,826"
"SRC326","113","10","Net assets available for benefits, end of year $ 279,403","2","515","2024","266,339"
"SRC326","114","1","Accrued pension benefits, beginning of year $ 213,166","2","516","2024","211,393"
"SRC326","114","2","Interest on accrued pension benefits","1","428","2025","9,016"
"SRC326","114","2","Interest on accrued pension benefits","2","516","2024","8,419"
"SRC326","114","3","Benefits accrued","1","428","2025","6,416"
"SRC326","114","3","Benefits accrued","2","516","2024","6,269"
"SRC326","114","4","Experience losses (NOTE 4c)","1","428","2025","1,522"
"SRC326","114","4","Experience losses (NOTE 4c)","2","516","2024","921"
"SRC326","114","5","Benefits paid (NOTE 8b)","1","428","2025","8,448"
"SRC326","114","5","Benefits paid (NOTE 8b)","2","516","2024","8,124"
"SRC326","114","6","Changes in actuarial assumptions and methods (NOTE 4a)","1","428","2025","7,134"
"SRC326","114","6","Changes in actuarial assumptions and methods (NOTE 4a)","2","516","2024","5,712"
"SRC326","114","7","Net increase in accrued pension benefits","1","428","2025","1,372"
"SRC326","114","7","Net increase in accrued pension benefits","2","516","2024","1,773"
"SRC326","114","8","Accrued pension benefits, end of year $ 214,538","2","516","2024","213,166"
"SRC326","114","9","Surplus, beginning of year $","1","428","2025","53,173"
"SRC326","114","9","Surplus, beginning of year $","2","516","2024","36,120"
"SRC326","114","10","Increase in net assets available for benefits","1","428","2025","13,064"
"SRC326","114","10","Increase in net assets available for benefits","2","516","2024","18,826"
"SRC326","114","11","Net increase in accrued pension benefits","1","428","2025","(1,372)"
"SRC326","114","11","Net increase in accrued pension benefits","2","516","2024","(1,773)"
"SRC326","114","12","Surplus, end of year $","1","428","2025","64,865"
"SRC326","114","12","Surplus, end of year $","2","516","2024","53,173"
"SRC326","115","1","Schedule","1","108","","1"
"SRC326","115","2","Regulatory","3","450","","85,"
"SRC326","115","3","number","1","108","","0345785)"
"SRC326","121","1","Canadian $","1","324","","1,399"
"SRC326","121","1","Canadian $","2","386","","484"
"SRC326","121","1","Canadian $","3","449","","2,562"
"SRC326","121","1","Canadian $","4","511","","1,012"
"SRC326","121","2","Non-Canadian","1","324","","5,316"
"SRC326","121","2","Non-Canadian","2","386","","5,092"
"SRC326","121","2","Non-Canadian","3","449","","11,749"
"SRC326","121","2","Non-Canadian","4","511","","10,486"
"SRC326","121","3","Canadian","1","324","","7,343"
"SRC326","121","3","Canadian","2","386","","4,521"
"SRC326","121","3","Canadian","3","449","","7,748"
"SRC326","121","3","Canadian","4","511","","4,440"
"SRC326","121","4","Non-Canadian","1","324","","60,527"
"SRC326","121","4","Non-Canadian","2","386","","39,369"
"SRC326","121","4","Non-Canadian","3","449","","62,687"
"SRC326","121","4","Non-Canadian","4","511","","39,065"
"SRC326","121","5","Short-term investments","1","324","","34,796"
"SRC326","121","5","Short-term investments","2","386","","34,725"
"SRC326","121","5","Short-term investments","3","449","","28,429"
"SRC326","121","5","Short-term investments","4","511","","28,247"
"SRC326","121","6","Canadian","1","324","","27,161"
"SRC326","121","6","Canadian","2","386","","27,465"
"SRC326","121","6","Canadian","3","449","","35,732"
"SRC326","121","6","Canadian","4","511","","35,395"
"SRC326","121","7","Non-Canadian","1","324","","34,593"
"SRC326","121","7","Non-Canadian","2","386","","34,772"
"SRC326","121","7","Non-Canadian","3","449","","12,670"
"SRC326","121","7","Non-Canadian","4","511","","12,212"
"SRC326","121","8","Canadian","1","324","","10,945"
"SRC326","121","8","Canadian","2","386","","8,199"
"SRC326","121","8","Canadian","3","449","","10,590"
"SRC326","121","8","Canadian","4","511","","7,765"
"SRC326","121","9","Non-Canadian","1","324","","1,271"
"SRC326","121","9","Non-Canadian","2","386","","1,207"
"SRC326","121","9","Non-Canadian","3","449","","892"
"SRC326","121","9","Non-Canadian","4","511","","840"
"SRC326","121","10","Other debt","1","324","","15,289"
"SRC326","121","10","Other debt","2","386","","15,468"
"SRC326","121","10","Other debt","3","449","","16,359"
"SRC326","121","10","Other debt","4","511","","15,612"
"SRC326","121","11","Alternative investments","1","324","","45,400"
"SRC326","121","11","Alternative investments","2","386","","36,812"
"SRC326","121","11","Alternative investments","3","449","","33,127"
"SRC326","121","11","Alternative investments","4","511","","24,262"
"SRC326","121","12","Commodities","1","324","","3,000"
"SRC326","121","12","Commodities","2","386","","853"
"SRC326","121","12","Commodities","3","449","","1,880"
"SRC326","121","12","Commodities","4","511","","853"
"SRC326","121","13","Timberland","1","324","","3,433"
"SRC326","121","13","Timberland","2","386","","1,914"
"SRC326","121","13","Timberland","3","449","","3,233"
"SRC326","121","13","Timberland","4","511","","1,899"
"SRC326","121","14","Natural resources","1","324","","8,918"
"SRC326","121","14","Natural resources","2","386","","7,969"
"SRC326","121","14","Natural resources","3","449","","9,464"
"SRC326","121","14","Natural resources","4","511","","7,758"
"SRC326","121","15","Real estate1","1","324","","27,513"
"SRC326","121","15","Real estate1","2","386","","25,293"
"SRC326","121","15","Real estate1","3","449","","29,484"
"SRC326","121","15","Real estate1","4","511","","26,019"
"SRC326","121","16","Infrastructure","1","324","","34,539"
"SRC326","121","16","Infrastructure","2","386","","27,957"
"SRC326","121","16","Infrastructure","3","449","","43,259"
"SRC326","121","16","Infrastructure","4","511","","31,545"
"SRC326","121","17","$","1","324","","321,443"
"SRC326","121","17","$","2","386","","272,100"
"SRC326","121","17","$","3","449","","309,865"
"SRC326","121","17","$","4","511","","247,410"
"SRC326","121","18","include issued debt with fair value of $2,793 million (2024 – $2,800 million).","2","386","","31, 2025,"
"SRC326","122","1","Securities purchased under agreements to resell $","1","325","Fair Value","18,876"
"SRC326","122","1","Securities purchased under agreements to resell $","3","386","2025 Cost","18,912"
"SRC326","122","1","Securities purchased under agreements to resell $","4","452","Fair Value","8,936"
"SRC326","122","1","Securities purchased under agreements to resell $","5","510","2024 Cost","8,820"
"SRC326","122","2","borrowing arrangements","4","452","Fair Value","92"
"SRC326","122","2","borrowing arrangements","5","510","2024 Cost","92"
"SRC326","122","3","Cash collateral paid under credit support annexes","2","347","","2"
"SRC326","122","3","Cash collateral paid under credit support annexes","3","386","2025 Cost","2"
"SRC326","122","3","Cash collateral paid under credit support annexes","4","452","Fair Value","1"
"SRC326","122","3","Cash collateral paid under credit support annexes","5","510","2024 Cost","1"
"SRC326","122","4","Derivative-related, net (NOTE 2c)","1","325","Fair Value","5,464"
"SRC326","122","4","Derivative-related, net (NOTE 2c)","3","386","2025 Cost","2,664"
"SRC326","122","4","Derivative-related, net (NOTE 2c)","4","452","Fair Value","3,728"
"SRC326","122","4","Derivative-related, net (NOTE 2c)","5","510","2024 Cost","2,074"
"SRC326","122","5","Total investments","1","325","Fair Value","345,785"
"SRC326","122","5","Total investments","3","386","2025 Cost","293,678"
"SRC326","122","5","Total investments","4","452","Fair Value","322,622"
"SRC326","122","5","Total investments","5","510","2024 Cost","258,397"
"SRC326","122","6","Securities sold under agreements to repurchase","1","325","Fair Value","(29,119)"
"SRC326","122","6","Securities sold under agreements to repurchase","3","386","2025 Cost","(29,140)"
"SRC326","122","6","Securities sold under agreements to repurchase","4","452","Fair Value","(18,313)"
"SRC326","122","6","Securities sold under agreements to repurchase","5","510","2024 Cost","(18,269)"
"SRC326","122","7","Equities","1","325","Fair Value","(1,413)"
"SRC326","122","7","Equities","3","386","2025 Cost","(1,395)"
"SRC326","122","7","Equities","4","452","Fair Value","(1,490)"
"SRC326","122","7","Equities","5","510","2024 Cost","(1,559)"
"SRC326","122","8","Fixed income","1","325","Fair Value","(8,150)"
"SRC326","122","8","Fixed income","3","386","2025 Cost","(8,188)"
"SRC326","122","8","Fixed income","4","452","Fair Value","(5,846)"
"SRC326","122","8","Fixed income","5","510","2024 Cost","(5,712)"
"SRC326","122","9","Commercial paper","1","325","Fair Value","(2,669)"
"SRC326","122","9","Commercial paper","3","386","2025 Cost","(2,656)"
"SRC326","122","9","Commercial paper","4","452","Fair Value","(2,785)"
"SRC326","122","9","Commercial paper","5","510","2024 Cost","(2,610)"
"SRC326","122","10","Term debt","1","325","Fair Value","(26,961)"
"SRC326","122","10","Term debt","3","386","2025 Cost","(26,968)"
"SRC326","122","10","Term debt","4","452","Fair Value","(28,499)"
"SRC326","122","10","Term debt","5","510","2024 Cost","(29,082)"
"SRC326","122","11","Cash collateral received under credit support annexes","1","325","Fair Value","(2,753)"
"SRC326","122","11","Cash collateral received under credit support annexes","3","386","2025 Cost","(2,753)"
"SRC326","122","11","Cash collateral received under credit support annexes","4","452","Fair Value","(1,044)"
"SRC326","122","11","Cash collateral received under credit support annexes","5","510","2024 Cost","(1,044)"
"SRC326","122","12","Derivative-related, net (NOTE 2c)","1","325","Fair Value","(2,093)"
"SRC326","122","12","Derivative-related, net (NOTE 2c)","3","386","2025 Cost","(1,118)"
"SRC326","122","12","Derivative-related, net (NOTE 2c)","4","452","Fair Value","(3,791)"
"SRC326","122","12","Derivative-related, net (NOTE 2c)","5","510","2024 Cost","(763)"
"SRC326","122","13","Net investments (NOTE 2d) $","1","325","Fair Value","272,627"
"SRC326","122","13","Net investments (NOTE 2d) $","3","386","2025 Cost","221,460"
"SRC326","122","13","Net investments (NOTE 2d) $","4","452","Fair Value","260,854"
"SRC326","122","13","Net investments (NOTE 2d) $","5","510","2024 Cost","199,358"
"SRC326","122","14","Equity $","1","325","","6,715"
"SRC326","122","14","Equity $","3","386","Level 2","40"
"SRC326","122","14","Equity $","4","452","Level 3","67,830"
"SRC326","122","14","Equity $","5","510","Total","74,585"
"SRC326","122","15","Fixed income","1","325","","101,110"
"SRC326","122","15","Fixed income","3","386","Level 2","16,293"
"SRC326","122","15","Fixed income","4","452","Level 3","6,652"
"SRC326","122","15","Fixed income","5","510","Total","124,055"
"SRC326","122","16","Alternative investments","3","386","Level 2","15,054"
"SRC326","122","16","Alternative investments","4","452","Level 3","30,346"
"SRC326","122","16","Alternative investments","5","510","Total","45,400"
"SRC326","122","17","Inflation sensitive","1","325","","3,000"
"SRC326","122","17","Inflation sensitive","4","452","Level 3","12,351"
"SRC326","122","17","Inflation sensitive","5","510","Total","15,351"
"SRC326","122","18","Real assets","3","386","Level 2","71"
"SRC326","122","18","Real assets","4","452","Level 3","61,981"
"SRC326","122","18","Real assets","5","510","Total","62,052"
"SRC326","122","19","Investment-related receivables","2","347","Level 1","86"
"SRC326","122","19","Investment-related receivables","3","386","Level 2","24,188"
"SRC326","122","19","Investment-related receivables","4","452","Level 3","68"
"SRC326","122","19","Investment-related receivables","5","510","Total","24,342"
"SRC326","122","20","Investment-related liabilities","1","325","","(9,871)"
"SRC326","122","20","Investment-related liabilities","3","386","Level 2","(63,184)"
"SRC326","122","20","Investment-related liabilities","4","452","Level 3","(103)"
"SRC326","122","20","Investment-related liabilities","5","510","Total","(73,158)"
"SRC326","122","21","Net investments $","1","325","","101,040"
"SRC326","122","21","Net investments $","3","386","Level 2","(7,538)"
"SRC326","122","21","Net investments $","4","452","Level 3","179,125"
"SRC326","122","21","Net investments $","5","510","Total","272,627"
"SRC326","123","1","Equity $ 14,311 $ 174","1","435","Level 3","70,261"
"SRC326","123","1","Equity $ 14,311 $ 174","2","512","Total","84,746"
"SRC326","123","2","Fixed income 81,522 18,113","1","435","Level 3","5,037"
"SRC326","123","2","Fixed income 81,522 18,113","2","512","Total","104,672"
"SRC326","123","3","Alternative investments – –","1","435","Level 3","33,127"
"SRC326","123","3","Alternative investments – –","2","512","Total","33,127"
"SRC326","123","4","Inflation sensitive 1,880 –","1","435","Level 3","12,697"
"SRC326","123","4","Inflation sensitive 1,880 –","2","512","Total","14,577"
"SRC326","123","5","Real assets 17 125","1","435","Level 3","72,601"
"SRC326","123","5","Real assets 17 125","2","512","Total","72,743"
"SRC326","123","6","Investment-related receivables 366 12,260","2","512","Total","12,757"
"SRC326","123","7","Investment-related liabilities (5,549) (56,207)","2","512","Total","(61,768)"
"SRC326","123","8","Net investments $ 92,547 $ (25,535)","1","435","Level 3","193,842"
"SRC326","123","8","Net investments $ 92,547 $ (25,535)","2","512","Total","260,854"
"SRC326","123","9","Balance, beginning of year $ 70,261 $ 5,037 $ 33,127 $ 12,697 $ 72,601 $","1","435","Receivables","131"
"SRC326","123","9","Balance, beginning of year $ 70,261 $ 5,037 $ 33,127 $ 12,697 $ 72,601 $","2","512","Total","193,842"
"SRC326","123","10","Purchases 6,700 3,300 4,105 423 3,089","1","435","Receivables","194"
"SRC326","123","10","Purchases 6,700 3,300 4,105 423 3,089","2","512","Total","17,908"
"SRC326","123","11","Sales (9,295) (1,699) (9,140) (714) (12,179)","1","435","Receivables","(225)"
"SRC326","123","11","Sales (9,295) (1,699) (9,140) (714) (12,179)","2","512","Total","(33,264)"
"SRC326","123","12","investment income2 164 14 2,254 (55) (1,530)","1","435","Receivables","(32)"
"SRC326","123","12","investment income2 164 14 2,254 (55) (1,530)","2","512","Total","639"
"SRC326","123","13","Balance, end of year $ 67,830 $ 6,652 $ 30,346 $ 12,351 $ 61,981 $","1","435","Receivables","68"
"SRC326","123","13","Balance, end of year $ 67,830 $ 6,652 $ 30,346 $ 12,351 $ 61,981 $","2","512","Total","179,125"
"SRC326","123","14","ONTARIO TEACHERS’","1","435","Receivables","2025"
"SRC326","124","1","Balance, beginning of year $","1","184","Equity","66,938"
"SRC326","124","1","Balance, beginning of year $","2","234","Fixed Income","2,956"
"SRC326","124","1","Balance, beginning of year $","3","279","Alternative Investments","32,206"
"SRC326","124","1","Balance, beginning of year $","4","330","Inflation Sensitive","11,547"
"SRC326","124","1","Balance, beginning of year $","5","373","Real Assets","66,356"
"SRC326","124","1","Balance, beginning of year $","6","436","Related Receivables","65"
"SRC326","124","1","Balance, beginning of year $","7","482","Related Liabilities","(20)"
"SRC326","124","1","Balance, beginning of year $","8","517","Total","180,048"
"SRC326","124","2","Purchases","1","184","Equity","6,348"
"SRC326","124","2","Purchases","2","234","Fixed Income","2,396"
"SRC326","124","2","Purchases","3","279","Alternative Investments","3,092"
"SRC326","124","2","Purchases","4","330","Inflation Sensitive","578"
"SRC326","124","2","Purchases","5","373","Real Assets","4,815"
"SRC326","124","2","Purchases","6","436","Related Receivables","1"
"SRC326","124","2","Purchases","7","482","Related Liabilities","33"
"SRC326","124","2","Purchases","8","517","Total","17,263"
"SRC326","124","3","Sales","1","184","Equity","(8,443)"
"SRC326","124","3","Sales","2","234","Fixed Income","(632)"
"SRC326","124","3","Sales","3","279","Alternative Investments","(7,531)"
"SRC326","124","3","Sales","4","330","Inflation Sensitive","(479)"
"SRC326","124","3","Sales","5","373","Real Assets","(1,937)"
"SRC326","124","3","Sales","6","436","Related Receivables","(28)"
"SRC326","124","3","Sales","8","517","Total","(19,050)"
"SRC326","124","4","Transfers in1","5","373","Real Assets","1,724"
"SRC326","124","4","Transfers in1","8","517","Total","1,724"
"SRC326","124","5","Transfers out1","1","184","Equity","(1,724)"
"SRC326","124","5","Transfers out1","8","517","Total","(1,724)"
"SRC326","124","6","in investment income2","1","184","Equity","7,142"
"SRC326","124","6","in investment income2","2","234","Fixed Income","317"
"SRC326","124","6","in investment income2","3","279","Alternative Investments","5,360"
"SRC326","124","6","in investment income2","4","330","Inflation Sensitive","1,051"
"SRC326","124","6","in investment income2","5","373","Real Assets","1,643"
"SRC326","124","6","in investment income2","6","436","Related Receivables","93"
"SRC326","124","6","in investment income2","7","482","Related Liabilities","(25)"
"SRC326","124","6","in investment income2","8","517","Total","15,581"
"SRC326","124","7","Balance, end of year $","1","184","Equity","70,261"
"SRC326","124","7","Balance, end of year $","2","234","Fixed Income","5,037"
"SRC326","124","7","Balance, end of year $","3","279","Alternative Investments","33,127"
"SRC326","124","7","Balance, end of year $","4","330","Inflation Sensitive","12,697"
"SRC326","124","7","Balance, end of year $","5","373","Real Assets","72,601"
"SRC326","124","7","Balance, end of year $","6","436","Related Receivables","131"
"SRC326","124","7","Balance, end of year $","7","482","Related Liabilities","(12)"
"SRC326","124","7","Balance, end of year $","8","517","Total","193,842"
"SRC326","124","8","1 Transfers in and transfers out of","1","184","Equity","$1,724"
"SRC326","124","8","1 Transfers in and transfers out of","8","517","Total","1, 2024"
"SRC326","124","9","2 Consists of net realized gains (losses)","3","279","Alternative Investments","$2,819"
"SRC326","124","10","Sensitivity to changes in","5","373","Real Assets","3"
"SRC326","124","11","The following table illustrates","6","436","Related Receivables","3"
"SRC326","124","12","Non-publicly traded equity","5","373","Change in","5%"
"SRC326","124","13","Infrastructure and Natural resources","5","373","Change in","0.50%"
"SRC326","124","14","Real estate","5","373","Change in","0.50%"
"SRC326","124","15","investments and ii) investments","2","234","","$10.4"
"SRC326","126","1","Swaps $","1","259","Notional","44,582"
"SRC326","126","1","Swaps $","2","321","Fair Value Assets","2,325"
"SRC326","126","1","Swaps $","3","370","Liabilities","(76)"
"SRC326","126","1","Swaps $","4","413","Notional","36,462"
"SRC326","126","1","Swaps $","5","474","Fair Value Assets","591"
"SRC326","126","1","Swaps $","6","523","Liabilities","(301)"
"SRC326","126","2","Futures","1","259","Notional","42,304"
"SRC326","126","2","Futures","4","413","Notional","47,945"
"SRC326","126","3","Options: Listed – purchased","1","259","Notional","763"
"SRC326","126","3","Options: Listed – purchased","2","321","Fair Value Assets","48"
"SRC326","126","3","Options: Listed – purchased","4","413","Notional","880"
"SRC326","126","3","Options: Listed – purchased","5","474","Fair Value Assets","1"
"SRC326","126","4","OTC – purchased","1","259","Notional","48,641"
"SRC326","126","4","OTC – purchased","2","321","Fair Value Assets","932"
"SRC326","126","4","OTC – purchased","4","413","Notional","42,493"
"SRC326","126","4","OTC – purchased","5","474","Fair Value Assets","813"
"SRC326","126","5","– written","1","259","Notional","38,796"
"SRC326","126","5","– written","3","370","Liabilities","(266)"
"SRC326","126","5","– written","4","413","Notional","33,571"
"SRC326","126","5","– written","6","523","Liabilities","(229)"
"SRC326","126","6","Swaps","1","259","Notional","151,454"
"SRC326","126","6","Swaps","2","321","Fair Value Assets","79"
"SRC326","126","6","Swaps","3","370","Liabilities","(134)"
"SRC326","126","6","Swaps","4","413","Notional","70,869"
"SRC326","126","6","Swaps","5","474","Fair Value Assets","260"
"SRC326","126","6","Swaps","6","523","Liabilities","(57)"
"SRC326","126","7","Futures","1","259","Notional","53,289"
"SRC326","126","7","Futures","4","413","Notional","67,940"
"SRC326","126","8","Options: Listed – purchased","1","259","Notional","1,972"
"SRC326","126","8","Options: Listed – purchased","2","321","Fair Value Assets","1"
"SRC326","126","9","– written","1","259","Notional","3,942"
"SRC326","126","9","– written","3","370","Liabilities","(2)"
"SRC326","126","10","OTC – purchased","1","259","Notional","51,824"
"SRC326","126","10","OTC – purchased","2","321","Fair Value Assets","133"
"SRC326","126","10","OTC – purchased","3","370","Liabilities","(173)"
"SRC326","126","10","OTC – purchased","4","413","Notional","24,880"
"SRC326","126","10","OTC – purchased","5","474","Fair Value Assets","125"
"SRC326","126","10","OTC – purchased","6","523","Liabilities","(103)"
"SRC326","126","11","– written","1","259","Notional","83,949"
"SRC326","126","11","– written","2","321","Fair Value Assets","175"
"SRC326","126","11","– written","3","370","Liabilities","(146)"
"SRC326","126","11","– written","4","413","Notional","29,864"
"SRC326","126","11","– written","5","474","Fair Value Assets","95"
"SRC326","126","11","– written","6","523","Liabilities","(94)"
"SRC326","126","12","Swaps","1","259","Notional","10,666"
"SRC326","126","12","Swaps","2","321","Fair Value Assets","6"
"SRC326","126","12","Swaps","3","370","Liabilities","(87)"
"SRC326","126","12","Swaps","4","413","Notional","3,412"
"SRC326","126","12","Swaps","5","474","Fair Value Assets","22"
"SRC326","126","12","Swaps","6","523","Liabilities","(134)"
"SRC326","126","13","Forwards","1","259","Notional","136,841"
"SRC326","126","13","Forwards","2","321","Fair Value Assets","1,354"
"SRC326","126","13","Forwards","3","370","Liabilities","(512)"
"SRC326","126","13","Forwards","4","413","Notional","92,203"
"SRC326","126","13","Forwards","5","474","Fair Value Assets","917"
"SRC326","126","13","Forwards","6","523","Liabilities","(2,231)"
"SRC326","126","14","Options: OTC – purchased","1","259","Notional","13,899"
"SRC326","126","14","Options: OTC – purchased","2","321","Fair Value Assets","31"
"SRC326","126","14","Options: OTC – purchased","4","413","Notional","30,799"
"SRC326","126","14","Options: OTC – purchased","5","474","Fair Value Assets","564"
"SRC326","126","15","– written","1","259","Notional","1,168"
"SRC326","126","15","– written","3","370","Liabilities","(21)"
"SRC326","126","15","– written","4","413","Notional","3,884"
"SRC326","126","15","– written","6","523","Liabilities","(85)"
"SRC326","126","16","Credit default swaps – purchased","1","259","Notional","200,549"
"SRC326","126","16","Credit default swaps – purchased","2","321","Fair Value Assets","34"
"SRC326","126","16","Credit default swaps – purchased","3","370","Liabilities","(332)"
"SRC326","126","16","Credit default swaps – purchased","4","413","Notional","126,951"
"SRC326","126","16","Credit default swaps – purchased","5","474","Fair Value Assets","23"
"SRC326","126","16","Credit default swaps – purchased","6","523","Liabilities","(292)"
"SRC326","126","17","– written","1","259","Notional","221,761"
"SRC326","126","17","– written","2","321","Fair Value Assets","297"
"SRC326","126","17","– written","3","370","Liabilities","(31)"
"SRC326","126","17","– written","4","413","Notional","136,137"
"SRC326","126","17","– written","5","474","Fair Value Assets","269"
"SRC326","126","17","– written","6","523","Liabilities","(68)"
"SRC326","126","18","Swaps","4","413","Notional","72"
"SRC326","126","19","1","1","259","Notional",",106,400"
"SRC326","126","19","1","2","321","Fair Value Assets","5,415"
"SRC326","126","19","1","3","370","Liabilities","(1,780)"
"SRC326","126","19","1","4","413","Notional","748,362"
"SRC326","126","19","1","5","474","Fair Value Assets","3,680"
"SRC326","126","19","1","6","523","Liabilities","(3,594)"
"SRC326","126","20","derivative contracts","2","321","Fair Value Assets","49"
"SRC326","126","20","derivative contracts","3","370","Liabilities","(313)"
"SRC326","126","20","derivative contracts","5","474","Fair Value Assets","48"
"SRC326","126","20","derivative contracts","6","523","Liabilities","(197)"
"SRC326","126","21","Notional and fair value of derivative contracts $1,106,400","2","321","Fair Value Assets","5,464"
"SRC326","126","21","Notional and fair value of derivative contracts $1,106,400","3","370","Liabilities","(2,093)"
"SRC326","126","21","Notional and fair value of derivative contracts $1,106,400","4","413","Notional","748,362"
"SRC326","126","21","Notional and fair value of derivative contracts $1,106,400","5","474","Fair Value Assets","3,728"
"SRC326","126","21","Notional and fair value of derivative contracts $1,106,400","6","523","Liabilities","(3,791)"
"SRC326","127","1","Public equity $","1","324","Fair Value ($ millions)","50,022"
"SRC326","127","1","Public equity $","2","397","Asset Mix %","18%"
"SRC326","127","1","Public equity $","3","449","at Fair Value ($ millions)","37,398"
"SRC326","127","1","Public equity $","4","521","Asset Mix %","14%"
"SRC326","127","2","Private equity","1","324","Fair Value ($ millions)","50,830"
"SRC326","127","2","Private equity","2","397","Asset Mix %","19"
"SRC326","127","2","Private equity","3","449","at Fair Value ($ millions)","60,393"
"SRC326","127","2","Private equity","4","521","Asset Mix %","23"
"SRC326","127","3","Venture growth","1","324","Fair Value ($ millions)","15,288"
"SRC326","127","3","Venture growth","2","397","Asset Mix %","6"
"SRC326","127","3","Venture growth","3","449","at Fair Value ($ millions)","10,357"
"SRC326","127","3","Venture growth","4","521","Asset Mix %","4"
"SRC326","127","4","Fixed income","1","324","Fair Value ($ millions)","61,792"
"SRC326","127","4","Fixed income","2","397","Asset Mix %","23"
"SRC326","127","4","Fixed income","3","449","at Fair Value ($ millions)","77,985"
"SRC326","127","4","Fixed income","4","521","Asset Mix %","30"
"SRC326","127","5","Commodities","1","324","Fair Value ($ millions)","32,096"
"SRC326","127","5","Commodities","2","397","Asset Mix %","12"
"SRC326","127","5","Commodities","3","449","at Fair Value ($ millions)","28,890"
"SRC326","127","5","Commodities","4","521","Asset Mix %","11"
"SRC326","127","6","Natural resources","1","324","Fair Value ($ millions)","12,074"
"SRC326","127","6","Natural resources","2","397","Asset Mix %","4"
"SRC326","127","6","Natural resources","3","449","at Fair Value ($ millions)","12,481"
"SRC326","127","6","Natural resources","4","521","Asset Mix %","5"
"SRC326","127","7","Inflation hedge","1","324","Fair Value ($ millions)","11,940"
"SRC326","127","7","Inflation hedge","2","397","Asset Mix %","4"
"SRC326","127","7","Inflation hedge","3","449","at Fair Value ($ millions)","12,595"
"SRC326","127","7","Inflation hedge","4","521","Asset Mix %","5"
"SRC326","127","8","Real estate","1","324","Fair Value ($ millions)","27,874"
"SRC326","127","8","Real estate","2","397","Asset Mix %","10"
"SRC326","127","8","Real estate","3","449","at Fair Value ($ millions)","29,436"
"SRC326","127","8","Real estate","4","521","Asset Mix %","11"
"SRC326","127","9","Infrastructure","1","324","Fair Value ($ millions)","34,479"
"SRC326","127","9","Infrastructure","2","397","Asset Mix %","13"
"SRC326","127","9","Infrastructure","3","449","at Fair Value ($ millions)","43,153"
"SRC326","127","9","Infrastructure","4","521","Asset Mix %","17"
"SRC326","127","10","Credit","1","324","Fair Value ($ millions)","38,334"
"SRC326","127","10","Credit","2","397","Asset Mix %","14"
"SRC326","127","10","Credit","3","449","at Fair Value ($ millions)","37,210"
"SRC326","127","10","Credit","4","521","Asset Mix %","14"
"SRC326","127","11","Absolute return strategies","1","324","Fair Value ($ millions)","25,188"
"SRC326","127","11","Absolute return strategies","2","397","Asset Mix %","9"
"SRC326","127","11","Absolute return strategies","3","449","at Fair Value ($ millions)","24,033"
"SRC326","127","11","Absolute return strategies","4","521","Asset Mix %","9"
"SRC326","127","12","Funding and other","1","324","Fair Value ($ millions)","(87,290)"
"SRC326","127","12","Funding and other","2","397","Asset Mix %","(32)"
"SRC326","127","12","Funding and other","3","449","at Fair Value ($ millions)","(113,077)"
"SRC326","127","12","Funding and other","4","521","Asset Mix %","(43)"
"SRC326","127","13","Net investments $","1","324","Fair Value ($ millions)","272,627"
"SRC326","127","13","Net investments $","2","397","Asset Mix %","100%"
"SRC326","127","13","Net investments $","3","449","at Fair Value ($ millions)","260,854"
"SRC326","127","13","Net investments $","4","521","Asset Mix %","100%"
"SRC326","128","1","ended December 31,","1","175","","2025"
"SRC326","128","2","effective December","1","175","","4, 2025"
"SRC326","128","3","Equities","2","229","Mix % Minimum","30%"
"SRC326","128","3","Equities","3","275","Mix % Maximum","45%"
"SRC326","128","4","Fixed income","2","229","Mix % Minimum","0%"
"SRC326","128","4","Fixed income","3","275","Mix % Maximum","67%"
"SRC326","128","5","Inflation sensitive","2","229","Mix % Minimum","15%"
"SRC326","128","5","Inflation sensitive","3","275","Mix % Maximum","25%"
"SRC326","128","6","Real assets","2","229","Mix % Minimum","18%"
"SRC326","128","6","Real assets","3","275","Mix % Maximum","32%"
"SRC326","128","7","Credit","2","229","Mix % Minimum","10%"
"SRC326","128","7","Credit","3","275","Mix % Maximum","20%"
"SRC326","128","8","Absolute return strategies","2","229","Mix % Minimum","4%"
"SRC326","128","8","Absolute return strategies","3","275","Mix % Maximum","14%"
"SRC326","128","9","Funding for Investments1","3","275","Mix % Maximum","10%"
"SRC326","131","1","without taking account","6","462","","31"
"SRC326","131","2","AAA/R-1 (high) $","1","167","Short-term Investments","69,868"
"SRC326","131","2","AAA/R-1 (high) $","2","227","Real-rate Products","8,440"
"SRC326","131","2","AAA/R-1 (high) $","4","351","Other Debt","118"
"SRC326","131","2","AAA/R-1 (high) $","7","517","Total","78,426"
"SRC326","131","3","AA/R-1 (mid)","1","167","Short-term Investments","17,102"
"SRC326","131","3","AA/R-1 (mid)","2","227","Real-rate Products","2,311"
"SRC326","131","3","AA/R-1 (mid)","3","286","Agreements to Resell","6,861"
"SRC326","131","3","AA/R-1 (mid)","4","351","Other Debt","88"
"SRC326","131","3","AA/R-1 (mid)","6","462","Bilateral OTC Derivatives","800"
"SRC326","131","3","AA/R-1 (mid)","7","517","Total","27,162"
"SRC326","131","4","A/R-1 (low)","1","167","Short-term Investments","1,546"
"SRC326","131","4","A/R-1 (low)","2","227","Real-rate Products","1,464"
"SRC326","131","4","A/R-1 (low)","3","286","Agreements to Resell","12,015"
"SRC326","131","4","A/R-1 (low)","4","351","Other Debt","91"
"SRC326","131","4","A/R-1 (low)","6","462","Bilateral OTC Derivatives","2,905"
"SRC326","131","4","A/R-1 (low)","7","517","Total","18,021"
"SRC326","131","5","BBB/R-2","1","167","Short-term Investments","1,117"
"SRC326","131","5","BBB/R-2","4","351","Other Debt","262"
"SRC326","131","5","BBB/R-2","7","517","Total","1,379"
"SRC326","131","6","Below BBB/R-2","1","167","Short-term Investments","6,050"
"SRC326","131","6","Below BBB/R-2","4","351","Other Debt","6,498"
"SRC326","131","6","Below BBB/R-2","7","517","Total","12,548"
"SRC326","131","7","Unrated1","1","167","Short-term Investments","867"
"SRC326","131","7","Unrated1","2","227","Real-rate Products","1"
"SRC326","131","7","Unrated1","4","351","Other Debt","8,232"
"SRC326","131","7","Unrated1","5","399","Shareholder Loans","14,697"
"SRC326","131","7","Unrated1","7","517","Total","23,797"
"SRC326","131","8","$","1","167","Short-term Investments","96,550"
"SRC326","131","8","$","2","227","Real-rate Products","12,216"
"SRC326","131","8","$","3","286","Agreements to Resell","18,876"
"SRC326","131","8","$","4","351","Other Debt","15,289"
"SRC326","131","8","$","5","399","Shareholder Loans","14,697"
"SRC326","131","8","$","6","462","Bilateral OTC Derivatives","3,705"
"SRC326","131","8","$","7","517","Total","161,333"
"SRC326","131","9","AAA/R-1 (high) $","1","167","Short-term Investments","64,918"
"SRC326","131","9","AAA/R-1 (high) $","2","227","Real-rate Products","9,008"
"SRC326","131","9","AAA/R-1 (high) $","4","351","Other Debt","486"
"SRC326","131","9","AAA/R-1 (high) $","7","517","Total","74,412"
"SRC326","131","10","AA/R-1 (mid)","1","167","Short-term Investments","5,344"
"SRC326","131","10","AA/R-1 (mid)","2","227","Real-rate Products","1,798"
"SRC326","131","10","AA/R-1 (mid)","3","286","Agreements to Resell","2,427"
"SRC326","131","10","AA/R-1 (mid)","4","351","Other Debt","311"
"SRC326","131","10","AA/R-1 (mid)","6","462","OTC Derivatives","602"
"SRC326","131","10","AA/R-1 (mid)","7","517","Total","10,482"
"SRC326","131","11","A/R-1 (low)","1","167","Short-term Investments","119"
"SRC326","131","11","A/R-1 (low)","2","227","Real-rate Products","672"
"SRC326","131","11","A/R-1 (low)","3","286","Agreements to Resell","6,509"
"SRC326","131","11","A/R-1 (low)","4","351","Other Debt","185"
"SRC326","131","11","A/R-1 (low)","6","462","OTC Derivatives","1,095"
"SRC326","131","11","A/R-1 (low)","7","517","Total","8,580"
"SRC326","131","12","BBB/R-2","1","167","Short-term Investments","1,126"
"SRC326","131","12","BBB/R-2","4","351","Other Debt","247"
"SRC326","131","12","BBB/R-2","7","517","Total","1,373"
"SRC326","131","13","Below BBB/R-2","1","167","Short-term Investments","4,536"
"SRC326","131","13","Below BBB/R-2","4","351","Other Debt","8,448"
"SRC326","131","13","Below BBB/R-2","7","517","Total","12,984"
"SRC326","131","14","Unrated1","1","167","Short-term Investments","788"
"SRC326","131","14","Unrated1","2","227","Real-rate Products","4"
"SRC326","131","14","Unrated1","4","351","Other Debt","6,682"
"SRC326","131","14","Unrated1","5","399","Shareholder Loans","16,881"
"SRC326","131","14","Unrated1","7","517","Total","24,355"
"SRC326","131","15","$","1","167","Short-term Investments","76,831"
"SRC326","131","15","$","2","227","Real-rate Products","11,482"
"SRC326","131","15","$","3","286","Agreements to Resell","8,936"
"SRC326","131","15","$","4","351","Other Debt","16,359"
"SRC326","131","15","$","5","399","Shareholder Loans","16,881"
"SRC326","131","15","$","6","462","OTC Derivatives","1,697"
"SRC326","131","15","$","7","517","Total","132,186"
"SRC326","133","1","each asset class based on its respective","2","279","","1%"
"SRC326","133","2","(Canadian $ billions)2 2025","2","279","","2024"
"SRC326","133","3","Public equity $","1","216","","17.0"
"SRC326","133","3","Public equity $","2","279","","9.5"
"SRC326","133","4","Private equity","1","216","","18.5"
"SRC326","133","4","Private equity","2","279","","23.0"
"SRC326","133","5","Venture growth","1","216","","10.0"
"SRC326","133","5","Venture growth","2","279","","6.5"
"SRC326","133","6","Fixed income","1","216","","11.5"
"SRC326","133","6","Fixed income","2","279","","14.0"
"SRC326","133","6","Fixed income","4","375","","1%"
"SRC326","133","7","Commodities","1","216","","6.0"
"SRC326","133","7","Commodities","2","279","","6.0"
"SRC326","133","8","Natural resources","1","216","","2.0"
"SRC326","133","8","Natural resources","2","279","","2.5"
"SRC326","133","9","Inflation hedge","1","216","","2.5"
"SRC326","133","9","Inflation hedge","2","279","","2.5"
"SRC326","133","10","Real estate","1","216","","7.5"
"SRC326","133","10","Real estate","2","279","","7.0"
"SRC326","133","10","Real estate","4","375","","1%"
"SRC326","133","11","Infrastructure","1","216","","6.0"
"SRC326","133","11","Infrastructure","2","279","","8.0"
"SRC326","133","12","Credit","1","216","","5.5"
"SRC326","133","12","Credit","2","279","","5.0"
"SRC326","133","13","Absolute return","4","375","","$1.2"
"SRC326","133","13","Absolute return","5","417","","(2024"
"SRC326","133","13","Absolute return","7","454","","$1.2"
"SRC326","133","14","strategies","1","216","","2.0"
"SRC326","133","14","strategies","2","279","","2.5"
"SRC326","133","15","Funding and other","1","216","","39.5"
"SRC326","133","15","Funding and other","2","279","","30.5"
"SRC326","134","1","United States Dollar $","1","205","Net Exposure","41,307"
"SRC326","134","1","United States Dollar $","2","268","Net Exposure","90,874"
"SRC326","134","2","Euro","1","205","Net Exposure","14,734"
"SRC326","134","2","Euro","2","268","Net Exposure","9,064"
"SRC326","134","3","Swiss Franc","1","205","Net Exposure","8,221"
"SRC326","134","3","Swiss Franc","2","268","Net Exposure","5,226"
"SRC326","134","4","Japanese Yen","1","205","Net Exposure","7,230"
"SRC326","134","4","Japanese Yen","2","268","Net Exposure","9,626"
"SRC326","134","5","Mexican Peso","1","205","Net Exposure","5,750"
"SRC326","134","5","Mexican Peso","2","268","Net Exposure","5,064"
"SRC326","134","6","Chinese Renminbi","1","205","Net Exposure","5,267"
"SRC326","134","6","Chinese Renminbi","2","268","Net Exposure","4,076"
"SRC326","134","7","Indian Rupee","1","205","Net Exposure","4,507"
"SRC326","134","7","Indian Rupee","2","268","Net Exposure","4,555"
"SRC326","134","8","Brazilian Real","1","205","Net Exposure","2,399"
"SRC326","134","8","Brazilian Real","2","268","Net Exposure","1,968"
"SRC326","134","9","Korean Won","1","205","Net Exposure","1,932"
"SRC326","134","9","Korean Won","2","268","Net Exposure","1,688"
"SRC326","134","10","Chilean Peso","1","205","Net Exposure","1,885"
"SRC326","134","10","Chilean Peso","2","268","Net Exposure","2,299"
"SRC326","134","11","Other","1","205","Net Exposure","7,918"
"SRC326","134","11","Other","2","268","Net Exposure","7,691"
"SRC326","134","12","$ 101,150","2","268","Net Exposure","142,131"
"SRC326","134","13","underlying values held constant,","1","205","Net Exposure","5%"
"SRC326","134","14","United States Dollar $","1","205","Investment Value","2,065"
"SRC326","134","14","United States Dollar $","2","268","Investment Value","4,544"
"SRC326","134","15","Euro","1","205","Investment Value","737"
"SRC326","134","15","Euro","2","268","Investment Value","453"
"SRC326","134","16","Swiss Franc","1","205","Investment Value","411"
"SRC326","134","16","Swiss Franc","2","268","Investment Value","261"
"SRC326","134","17","Japanese Yen","1","205","Investment Value","362"
"SRC326","134","17","Japanese Yen","2","268","Investment Value","481"
"SRC326","134","18","Other","1","205","Investment Value","1,483"
"SRC326","134","18","Other","2","268","Investment Value","1,367"
"SRC326","134","19","$","1","205","Investment Value","5,058"
"SRC326","134","19","$","2","268","Investment Value","7,106"
"SRC326","135","1","Ontario Teachers’ investment-related liabilities by maturity","2","384","","31"
"SRC326","135","2","Securities sold under agreements to repurchase $","1","326","One Year","(29,119)"
"SRC326","135","2","Securities sold under agreements to repurchase $","4","512","Total","(29,119)"
"SRC326","135","3","Equities","1","326","One Year","(1,413)"
"SRC326","135","3","Equities","4","512","Total","(1,413)"
"SRC326","135","4","Fixed income","1","326","One Year","(8,150)"
"SRC326","135","4","Fixed income","4","512","Total","(8,150)"
"SRC326","135","5","Commercial paper","1","326","One Year","(2,669)"
"SRC326","135","5","Commercial paper","4","512","Total","(2,669)"
"SRC326","135","6","Term debt1","1","326","One Year","(3,685)"
"SRC326","135","6","Term debt1","2","384","Five Years","(15,505)"
"SRC326","135","6","Term debt1","3","446","Five Years","(12,347)"
"SRC326","135","6","Term debt1","4","512","Total","(31,537)"
"SRC326","135","7","Cash collateral received under credit support annexes","1","326","One Year","(2,753)"
"SRC326","135","7","Cash collateral received under credit support annexes","4","512","Total","(2,753)"
"SRC326","135","8","Derivative-related, net","1","326","One Year","(2,093)"
"SRC326","135","8","Derivative-related, net","4","512","Total","(2,093)"
"SRC326","135","9","$","1","326","One Year","(49,882)"
"SRC326","135","9","$","2","384","Five Years","(15,505)"
"SRC326","135","9","$","3","446","Five Years","(12,347)"
"SRC326","135","9","$","4","512","Total","(77,734)"
"SRC326","135","10","Securities sold under agreements to repurchase $","1","326","One Year","(18,313)"
"SRC326","135","10","Securities sold under agreements to repurchase $","4","512","Total","(18,313)"
"SRC326","135","11","Equities","1","326","One Year","(1,490)"
"SRC326","135","11","Equities","4","512","Total","(1,490)"
"SRC326","135","12","Fixed income","1","326","One Year","(5,846)"
"SRC326","135","12","Fixed income","4","512","Total","(5,846)"
"SRC326","135","13","Commercial paper","1","326","One Year","(2,785)"
"SRC326","135","13","Commercial paper","4","512","Total","(2,785)"
"SRC326","135","14","Term debt1","1","326","One Year","(3,682)"
"SRC326","135","14","Term debt1","2","384","Five Years","(16,404)"
"SRC326","135","14","Term debt1","3","446","Five Years","(13,782)"
"SRC326","135","14","Term debt1","4","512","Total","(33,868)"
"SRC326","135","15","Cash collateral received under credit support annexes","1","326","One Year","(1,044)"
"SRC326","135","15","Cash collateral received under credit support annexes","4","512","Total","(1,044)"
"SRC326","135","16","Derivative-related, net","1","326","One Year","(3,791)"
"SRC326","135","16","Derivative-related, net","4","512","Total","(3,791)"
"SRC326","135","17","$","1","326","One Year","(36,951)"
"SRC326","135","17","$","2","384","Five Years","(16,404)"
"SRC326","135","17","$","3","446","Five Years","(13,782)"
"SRC326","135","17","$","4","512","Total","(67,137)"
"SRC326","136","1","Gross amounts of securities purchased under agreements to resell1 $","1","450","2025","18,876"
"SRC326","136","1","Gross amounts of securities purchased under agreements to resell1 $","2","516","2024","8,936"
"SRC326","136","2","Collateral held","1","450","2025","18,803"
"SRC326","136","2","Collateral held","2","516","2024","8,852"
"SRC326","136","3","Gross amounts of securities sold under agreements to repurchase1","1","450","2025","29,119"
"SRC326","136","3","Gross amounts of securities sold under agreements to repurchase1","2","516","2024","18,313"
"SRC326","136","4","Collateral pledged","1","450","2025","29,031"
"SRC326","136","4","Collateral pledged","2","516","2024","18,267"
"SRC326","136","5","Securities borrowed","1","450","2025","1,469"
"SRC326","136","5","Securities borrowed","2","516","2024","1,548"
"SRC326","136","6","Collateral pledged2","1","450","2025","1,723"
"SRC326","136","6","Collateral pledged2","2","516","2024","1,878"
"SRC326","136","7","Collateral received3","1","450","2025","8,029"
"SRC326","136","7","Collateral received3","2","516","2024","5,082"
"SRC326","136","8","Collateral pledged4","1","450","2025","8,982"
"SRC326","136","8","Collateral pledged4","2","516","2024","10,102"
"SRC326","136","9","3 Includes cash collateral of $2,753 million (2024 – $1,044 million) and initial margin collateral of $3,733 million","1","450","2025","(2024 $3,408"
"SRC326","136","10","4 Includes cash collateral of $2 million (2024 – $1 million) and initial margin collateral of $3,606 million (2024 –","1","450","2025","$3,000"
"SRC326","136","11","ONTARIO TEACHERS’","1","450","2025","2025"
"SRC326","137","1","agreement transactions settled through a central","2","373","","31"
"SRC326","137","2","Securities purchased under agreements to resell $","1","278","Amounts","18,876"
"SRC326","137","2","Securities purchased under agreements to resell $","2","373","NOTE 2a","18,876"
"SRC326","137","2","Securities purchased under agreements to resell $","3","424","Agreements","(17,364)"
"SRC326","137","2","Securities purchased under agreements to resell $","4","472","Collateral1","(1,511)"
"SRC326","137","2","Securities purchased under agreements to resell $","5","528","Exposure","1"
"SRC326","137","3","Derivative-related receivables","1","278","Amounts","5,464"
"SRC326","137","3","Derivative-related receivables","2","373","NOTE 2a","5,464"
"SRC326","137","3","Derivative-related receivables","3","424","Agreements","(1,660)"
"SRC326","137","3","Derivative-related receivables","4","472","Collateral1","(3,699)"
"SRC326","137","3","Derivative-related receivables","5","528","Exposure","105"
"SRC326","137","4","Securities sold under agreements to repurchase","1","278","Amounts","(29,119)"
"SRC326","137","4","Securities sold under agreements to repurchase","2","373","NOTE 2a","(29,119)"
"SRC326","137","4","Securities sold under agreements to repurchase","3","424","Agreements","17,364"
"SRC326","137","4","Securities sold under agreements to repurchase","4","472","Collateral1","11,733"
"SRC326","137","4","Securities sold under agreements to repurchase","5","528","Exposure","(22)"
"SRC326","137","5","Derivative-related liabilities","1","278","Amounts","(2,093)"
"SRC326","137","5","Derivative-related liabilities","2","373","NOTE 2a","(2,093)"
"SRC326","137","5","Derivative-related liabilities","3","424","Agreements","1,660"
"SRC326","137","5","Derivative-related liabilities","4","472","Collateral1","48"
"SRC326","137","5","Derivative-related liabilities","5","528","Exposure","(385)"
"SRC326","137","6","$","1","278","Amounts","(31,212)"
"SRC326","137","6","$","2","373","NOTE 2a","(31,212)"
"SRC326","137","6","$","3","424","Agreements","19,024"
"SRC326","137","6","$","4","472","Collateral1","11,781"
"SRC326","137","6","$","5","528","Exposure","(407)"
"SRC326","137","7","Securities purchased under agreements to resell $","1","278","Amounts","8,936"
"SRC326","137","7","Securities purchased under agreements to resell $","2","373","NOTE 2a","8,936"
"SRC326","137","7","Securities purchased under agreements to resell $","3","424","Agreements","(7,040)"
"SRC326","137","7","Securities purchased under agreements to resell $","4","472","Collateral1","(1,891)"
"SRC326","137","7","Securities purchased under agreements to resell $","5","528","Net Exposure","5"
"SRC326","137","8","Derivative-related receivables","1","278","Amounts","3,728"
"SRC326","137","8","Derivative-related receivables","2","373","NOTE 2a","3,728"
"SRC326","137","8","Derivative-related receivables","3","424","Agreements","(1,981)"
"SRC326","137","8","Derivative-related receivables","4","472","Collateral1","(1,656)"
"SRC326","137","8","Derivative-related receivables","5","528","Net Exposure","91"
"SRC326","137","9","Securities sold under agreements to repurchase","1","278","Amounts","(18,313)"
"SRC326","137","9","Securities sold under agreements to repurchase","2","373","NOTE 2a","(18,313)"
"SRC326","137","9","Securities sold under agreements to repurchase","3","424","Agreements","7,040"
"SRC326","137","9","Securities sold under agreements to repurchase","4","472","Collateral1","11,273"
"SRC326","137","10","Derivative-related liabilities","1","278","Amounts","(3,791)"
"SRC326","137","10","Derivative-related liabilities","2","373","NOTE 2a","(3,791)"
"SRC326","137","10","Derivative-related liabilities","3","424","Agreements","1,981"
"SRC326","137","10","Derivative-related liabilities","4","472","Collateral1","1,559"
"SRC326","137","10","Derivative-related liabilities","5","528","Net Exposure","(251)"
"SRC326","137","11","$","1","278","Amounts","(22,104)"
"SRC326","137","11","$","2","373","NOTE 2a","(22,104)"
"SRC326","137","11","$","3","424","Agreements","9,021"
"SRC326","137","11","$","4","472","Collateral1","12,832"
"SRC326","137","11","$","5","528","Net Exposure","(251)"
"SRC326","138","1","Investments","5","324","","1%"
"SRC326","138","2","investments","3","210","","31"
"SRC326","138","3","(Canadian","5","324","","2025"
"SRC326","138","3","(Canadian","10","510","","2024"
"SRC326","138","4","Public investments1","3","210","","14"
"SRC326","138","4","Public investments1","4","268","","59,857"
"SRC326","138","4","Public investments1","5","324","","59,303"
"SRC326","138","4","Public investments1","7","404","","9"
"SRC326","138","4","Public investments1","8","448","","48,742"
"SRC326","138","4","Public investments1","10","510","","47,345"
"SRC326","138","5","Private investments2","3","210","","10"
"SRC326","138","5","Private investments2","4","268","","44,893"
"SRC326","138","5","Private investments2","5","324","","32,659"
"SRC326","138","5","Private investments2","7","404","","12"
"SRC326","138","5","Private investments2","8","448","","37,032"
"SRC326","138","5","Private investments2","10","510","","22,653"
"SRC326","138","6","1 As at December","2","137","investments","31, 2025,"
"SRC326","138","7","2 As at December","2","137","investments","31, 2025,"
"SRC326","138","8","NOTE","1","113","Significant","3."
"SRC326","138","8","NOTE","6","362","","4."
"SRC326","138","9","(Canadian","3","210","","2025"
"SRC326","138","9","(Canadian","4","268","","2024"
"SRC326","138","10","Contributions","3","210","","3,994"
"SRC326","138","10","Contributions","4","268","","3,674"
"SRC326","138","11","receivable","3","210","","140"
"SRC326","138","11","receivable","4","268","","93"
"SRC326","138","12","The receivable","3","210","","31, 2025,"
"SRC326","138","13","the Province","3","210","","$2,166"
"SRC326","138","14","which was","3","210","","2026,"
"SRC326","138","15","estimated","1","113","December 31","$1,968"
"SRC326","138","16","in January","1","113","December 31","2027."
"SRC326","138","16","in January","4","268","","31,"
"SRC326","138","17","$1,678 million,","4","268","","2025,"
"SRC326","138","17","$1,678 million,","5","324","","2025,"
"SRC326","138","18","received","2","137","","2026."
"SRC326","138","19","the initial","6","362","","31, 2025,"
"SRC326","138","20","between","9","482","","31,"
"SRC326","138","20","between","10","510","","2025,"
"SRC326","139","1","The primary economic","4","315","","2009"
"SRC326","139","2","Nominal discount rate1","3","269","2024","4.25%"
"SRC326","139","3","Salary escalation rate2","3","269","2024","2.80%"
"SRC326","139","4","Long-term inflation","3","269","2024","1.80%"
"SRC326","139","4","Long-term inflation","6","460","pension benefits reflect the inflation protection","1, 2025"
"SRC326","139","5","YMPE/ITA limit growth4","3","269","2024","2.80%"
"SRC326","139","5","YMPE/ITA limit growth4","7","495","","100%"
"SRC326","139","6","Real discount rate5","3","269","2024","2.40%"
"SRC326","139","7","$39.2 billion (December","1","155","","31, 2024"
"SRC326","139","8","increase of 2.50% on September","6","460","pension benefits reflect the inflation protection","31,"
"SRC326","139","8","increase of 2.50% on September","7","495","","2025"
"SRC326","139","9","constant, an additional","1","155","","100"
"SRC326","139","10","increase in pension liabilities","2","234","2025","$1.2"
"SRC326","139","10","increase in pension liabilities","5","367","","2010"
"SRC326","139","10","increase in pension liabilities","6","460","pension benefits reflect the inflation protection","100%"
"SRC326","139","11","(December 31, 2024 –","1","155","","$1.2"
"SRC326","139","12","value of accrued pension","2","234","2025","$7,134"
"SRC326","139","13","(2024 – net decrease","1","155","","$5,712"
"SRC326","140","1","asset class. Net investment income for the year","3","381","","31"
"SRC326","140","2","Net Investment Income","6","525","","2025"
"SRC326","140","3","Canadian $","1","288","","56"
"SRC326","140","3","Canadian $","2","333","","(808)"
"SRC326","140","3","Canadian $","3","381","","(752)"
"SRC326","140","3","Canadian $","5","482","","(4)"
"SRC326","140","3","Canadian $","6","525","","(756)"
"SRC326","140","4","Non-Canadian","1","288","","(9)"
"SRC326","140","4","Non-Canadian","2","333","","4,006"
"SRC326","140","4","Non-Canadian","3","381","","3,997"
"SRC326","140","4","Non-Canadian","4","438","","(4)"
"SRC326","140","4","Non-Canadian","5","482","","(32)"
"SRC326","140","4","Non-Canadian","6","525","","3,961"
"SRC326","140","5","Canadian","1","288","","312"
"SRC326","140","5","Canadian","2","333","","(593)"
"SRC326","140","5","Canadian","3","381","","(281)"
"SRC326","140","5","Canadian","4","438","","(3)"
"SRC326","140","5","Canadian","5","482","","(5)"
"SRC326","140","5","Canadian","6","525","","(289)"
"SRC326","140","6","Non-Canadian","1","288","","602"
"SRC326","140","6","Non-Canadian","2","333","","895"
"SRC326","140","6","Non-Canadian","3","381","","1,497"
"SRC326","140","6","Non-Canadian","4","438","","(3)"
"SRC326","140","6","Non-Canadian","5","482","","(134)"
"SRC326","140","6","Non-Canadian","6","525","","1,360"
"SRC326","140","7","Bonds","1","288","","954"
"SRC326","140","7","Bonds","2","333","","39"
"SRC326","140","7","Bonds","3","381","","993"
"SRC326","140","7","Bonds","4","438","","(1)"
"SRC326","140","7","Bonds","5","482","","(19)"
"SRC326","140","7","Bonds","6","525","","973"
"SRC326","140","8","Short-term investments","1","288","","3"
"SRC326","140","8","Short-term investments","2","333","","833"
"SRC326","140","8","Short-term investments","3","381","","836"
"SRC326","140","8","Short-term investments","4","438","","(1)"
"SRC326","140","8","Short-term investments","5","482","","(3)"
"SRC326","140","8","Short-term investments","6","525","","832"
"SRC326","140","9","Canadian real-rate products","1","288","","274"
"SRC326","140","9","Canadian real-rate products","2","333","","(78)"
"SRC326","140","9","Canadian real-rate products","3","381","","196"
"SRC326","140","9","Canadian real-rate products","6","525","","196"
"SRC326","140","10","Non-Canadian real-rate products","1","288","","17"
"SRC326","140","10","Non-Canadian real-rate products","2","333","","22"
"SRC326","140","10","Non-Canadian real-rate products","3","381","","39"
"SRC326","140","10","Non-Canadian real-rate products","6","525","","39"
"SRC326","140","11","Other debt","1","288","","1,305"
"SRC326","140","11","Other debt","2","333","","(740)"
"SRC326","140","11","Other debt","3","381","","565"
"SRC326","140","11","Other debt","4","438","","(2)"
"SRC326","140","11","Other debt","5","482","","(3)"
"SRC326","140","11","Other debt","6","525","","560"
"SRC326","140","12","Alternative investments","1","288","","301"
"SRC326","140","12","Alternative investments","2","333","","2,310"
"SRC326","140","12","Alternative investments","3","381","","2,611"
"SRC326","140","12","Alternative investments","5","482","","(3)"
"SRC326","140","12","Alternative investments","6","525","","2,608"
"SRC326","140","13","Commodities","1","288","","(730)"
"SRC326","140","13","Commodities","2","333","","8,734"
"SRC326","140","13","Commodities","3","381","","8,004"
"SRC326","140","13","Commodities","4","438","","(1)"
"SRC326","140","13","Commodities","5","482","","(3)"
"SRC326","140","13","Commodities","6","525","","8,000"
"SRC326","140","14","Timberland","1","288","","19"
"SRC326","140","14","Timberland","2","333","","187"
"SRC326","140","14","Timberland","3","381","","206"
"SRC326","140","14","Timberland","6","525","","206"
"SRC326","140","15","Natural resources","1","288","","414"
"SRC326","140","15","Natural resources","2","333","","(349)"
"SRC326","140","15","Natural resources","3","381","","65"
"SRC326","140","15","Natural resources","4","438","","(7)"
"SRC326","140","15","Natural resources","5","482","","(4)"
"SRC326","140","15","Natural resources","6","525","","54"
"SRC326","140","16","Real estate","1","288","","471"
"SRC326","140","16","Real estate","2","333","","(1,270)"
"SRC326","140","16","Real estate","3","381","","(799)"
"SRC326","140","16","Real estate","4","438","","(19)"
"SRC326","140","16","Real estate","5","482","","(45)"
"SRC326","140","16","Real estate","6","525","","(863)"
"SRC326","140","17","Infrastructure","1","288","","1,229"
"SRC326","140","17","Infrastructure","2","333","","(213)"
"SRC326","140","17","Infrastructure","3","381","","1,016"
"SRC326","140","17","Infrastructure","4","438","","(24)"
"SRC326","140","17","Infrastructure","5","482","","(111)"
"SRC326","140","17","Infrastructure","6","525","","881"
"SRC326","140","18","Overlay4","1","288","","(10)"
"SRC326","140","18","Overlay4","2","333","","707"
"SRC326","140","18","Overlay4","3","381","","697"
"SRC326","140","18","Overlay4","6","525","","697"
"SRC326","140","19","Total $","1","288","","5,208"
"SRC326","140","19","Total $","2","333","","13,682"
"SRC326","140","19","Total $","3","381","","18,890"
"SRC326","140","19","Total $","4","438","","(65)"
"SRC326","140","19","Total $","5","482","","(366)"
"SRC326","140","19","Total $","6","525","","18,459"
"SRC326","141","1","Net Investment Income","6","522","","2024"
"SRC326","141","2","Canadian $","1","288","","1"
"SRC326","141","2","Canadian $","2","330","","122"
"SRC326","141","2","Canadian $","3","378","","123"
"SRC326","141","2","Canadian $","5","482","","(1)"
"SRC326","141","2","Canadian $","6","522","","122"
"SRC326","141","3","Non-Canadian","1","288","","267"
"SRC326","141","3","Non-Canadian","2","330","","5,393"
"SRC326","141","3","Non-Canadian","3","378","","5,660"
"SRC326","141","3","Non-Canadian","4","439","","(25)"
"SRC326","141","3","Non-Canadian","5","482","","(36)"
"SRC326","141","3","Non-Canadian","6","522","","5,599"
"SRC326","141","4","Canadian","1","288","","373"
"SRC326","141","4","Canadian","2","330","","(564)"
"SRC326","141","4","Canadian","3","378","","(191)"
"SRC326","141","4","Canadian","4","439","","(2)"
"SRC326","141","4","Canadian","5","482","","(30)"
"SRC326","141","4","Canadian","6","522","","(223)"
"SRC326","141","5","Non-Canadian","1","288","","475"
"SRC326","141","5","Non-Canadian","2","330","","7,528"
"SRC326","141","5","Non-Canadian","3","378","","8,003"
"SRC326","141","5","Non-Canadian","4","439","","(2)"
"SRC326","141","5","Non-Canadian","5","482","","(74)"
"SRC326","141","5","Non-Canadian","6","522","","7,927"
"SRC326","141","6","Bonds","1","288","","230"
"SRC326","141","6","Bonds","2","330","","(3,000)"
"SRC326","141","6","Bonds","3","378","","(2,770)"
"SRC326","141","6","Bonds","5","482","","(28)"
"SRC326","141","6","Bonds","6","522","","(2,798)"
"SRC326","141","7","Short-term investments","1","288","","4"
"SRC326","141","7","Short-term investments","2","330","","896"
"SRC326","141","7","Short-term investments","3","378","","900"
"SRC326","141","7","Short-term investments","5","482","","(1)"
"SRC326","141","7","Short-term investments","6","522","","899"
"SRC326","141","8","Canadian real-rate products","1","288","","260"
"SRC326","141","8","Canadian real-rate products","2","330","","232"
"SRC326","141","8","Canadian real-rate products","3","378","","492"
"SRC326","141","8","Canadian real-rate products","6","522","","492"
"SRC326","141","9","Non-Canadian real-rate products","1","288","","6"
"SRC326","141","9","Non-Canadian real-rate products","2","330","","300"
"SRC326","141","9","Non-Canadian real-rate products","3","378","","306"
"SRC326","141","9","Non-Canadian real-rate products","6","522","","306"
"SRC326","141","10","Other debt","1","288","","1,268"
"SRC326","141","10","Other debt","2","330","","1,065"
"SRC326","141","10","Other debt","3","378","","2,333"
"SRC326","141","10","Other debt","4","439","","(2)"
"SRC326","141","10","Other debt","5","482","","(3)"
"SRC326","141","10","Other debt","6","522","","2,328"
"SRC326","141","11","Alternative investments","1","288","","261"
"SRC326","141","11","Alternative investments","2","330","","5,367"
"SRC326","141","11","Alternative investments","3","378","","5,628"
"SRC326","141","11","Alternative investments","5","482","","(2)"
"SRC326","141","11","Alternative investments","6","522","","5,626"
"SRC326","141","12","Commodities","1","288","","(756)"
"SRC326","141","12","Commodities","2","330","","3,676"
"SRC326","141","12","Commodities","3","378","","2,920"
"SRC326","141","12","Commodities","5","482","","(4)"
"SRC326","141","12","Commodities","6","522","","2,916"
"SRC326","141","13","Timberland","1","288","","31"
"SRC326","141","13","Timberland","2","330","","120"
"SRC326","141","13","Timberland","3","378","","151"
"SRC326","141","13","Timberland","6","522","","151"
"SRC326","141","14","Natural resources","1","288","","448"
"SRC326","141","14","Natural resources","2","330","","925"
"SRC326","141","14","Natural resources","3","378","","1,373"
"SRC326","141","14","Natural resources","4","439","","(2)"
"SRC326","141","14","Natural resources","5","482","","(31)"
"SRC326","141","14","Natural resources","6","522","","1,340"
"SRC326","141","15","Real estate","1","288","","881"
"SRC326","141","15","Real estate","2","330","","(910)"
"SRC326","141","15","Real estate","3","378","","(29)"
"SRC326","141","15","Real estate","4","439","","(6)"
"SRC326","141","15","Real estate","5","482","","(79)"
"SRC326","141","15","Real estate","6","522","","(114)"
"SRC326","141","16","Infrastructure","1","288","","1,249"
"SRC326","141","16","Infrastructure","2","330","","2,407"
"SRC326","141","16","Infrastructure","3","378","","3,656"
"SRC326","141","16","Infrastructure","4","439","","(20)"
"SRC326","141","16","Infrastructure","5","482","","(31)"
"SRC326","141","16","Infrastructure","6","522","","3,605"
"SRC326","141","17","Overlay4","1","288","","(11)"
"SRC326","141","17","Overlay4","2","330","","(4,511)"
"SRC326","141","17","Overlay4","3","378","","(4,522)"
"SRC326","141","17","Overlay4","6","522","","(4,522)"
"SRC326","141","18","Total $","1","288","","4,987"
"SRC326","141","18","Total $","2","330","","19,046"
"SRC326","141","18","Total $","3","378","","24,033"
"SRC326","141","18","Total $","4","439","","(59)"
"SRC326","141","18","Total $","5","482","","(320)"
"SRC326","141","18","Total $","6","522","","23,654"
"SRC326","142","1","Equity","1","325","Investment Returns","6.1%"
"SRC326","142","1","Equity","2","388","Benchmark Returns","16.7%"
"SRC326","142","1","Equity","3","454","Investment Returns","16.7%"
"SRC326","142","1","Equity","4","516","Benchmark Returns","24.8%"
"SRC326","142","2","Fixed Income","1","325","Investment Returns","2.6"
"SRC326","142","2","Fixed Income","2","388","Benchmark Returns","2.6"
"SRC326","142","2","Fixed Income","3","454","Investment Returns","4.8"
"SRC326","142","2","Fixed Income","4","516","Benchmark Returns","4.8"
"SRC326","142","3","Inflation sensitive","1","325","Investment Returns","13.6"
"SRC326","142","3","Inflation sensitive","2","388","Benchmark Returns","13.2"
"SRC326","142","3","Inflation sensitive","3","454","Investment Returns","18.6"
"SRC326","142","3","Inflation sensitive","4","516","Benchmark Returns","19.1"
"SRC326","142","4","Real assets","1","325","Investment Returns","(0.4)"
"SRC326","142","4","Real assets","2","388","Benchmark Returns","5.3"
"SRC326","142","4","Real assets","3","454","Investment Returns","4.9"
"SRC326","142","4","Real assets","4","516","Benchmark Returns","7.0"
"SRC326","142","5","Credit","1","325","Investment Returns","5.8"
"SRC326","142","5","Credit","2","388","Benchmark Returns","4.5"
"SRC326","142","5","Credit","3","454","Investment Returns","17.2"
"SRC326","142","5","Credit","4","516","Benchmark Returns","16.8"
"SRC326","142","6","Total-fund net return1","1","325","Investment Returns","6.7%"
"SRC326","142","6","Total-fund net return1","2","388","Benchmark Returns","11.7%"
"SRC326","142","6","Total-fund net return1","3","454","Investment Returns","9.4%"
"SRC326","142","6","Total-fund net return1","4","516","Benchmark Returns","12.9%"
"SRC326","143","1","and benefits $","1","467","2025","647"
"SRC326","143","1","and benefits $","2","529","2024","617"
"SRC326","143","2","Premises and equipment","1","467","2025","115"
"SRC326","143","2","Premises and equipment","2","529","2024","108"
"SRC326","143","3","1,962 2,078 consulting services","1","467","2025","69"
"SRC326","143","3","1,962 2,078 consulting services","2","529","2024","65"
"SRC326","143","4","Province of Ontario Information services","1","467","2025","51"
"SRC326","143","4","Province of Ontario Information services","2","529","2024","47"
"SRC326","143","5","travel","1","467","2025","21"
"SRC326","143","5","travel","2","529","2024","24"
"SRC326","143","6","Custodial fees","1","467","2025","4"
"SRC326","143","6","Custodial fees","2","529","2024","4"
"SRC326","143","7","Statutory audit fees","1","467","2025","5"
"SRC326","143","7","Statutory audit fees","2","529","2024","5"
"SRC326","143","8","remuneration","1","467","2025","2"
"SRC326","143","8","remuneration","2","529","2024","2"
"SRC326","143","9","Other","1","467","2025","12"
"SRC326","143","9","Other","2","529","2024","13"
"SRC326","143","10","$","1","467","2025","926"
"SRC326","143","10","$","2","529","2024","885"
"SRC326","143","11","and benefits $","1","467","2025","61"
"SRC326","143","11","and benefits $","2","529","2024","57"
"SRC326","143","12","Premises and equipment","1","467","2025","17"
"SRC326","143","12","Premises and equipment","2","529","2024","16"
"SRC326","143","13","consulting services","1","467","2025","10"
"SRC326","143","13","consulting services","2","529","2024","7"
"SRC326","143","14","Other","1","467","2025","3"
"SRC326","143","14","Other","2","529","2024","3"
"SRC326","143","15","$","1","467","2025","91"
"SRC326","143","15","$","2","529","2024","83"
"SRC326","144","1","benefits $","1","467","2025","30"
"SRC326","144","1","benefits $","2","529","2024","25"
"SRC326","144","2","benefits","1","467","2025","2"
"SRC326","144","2","benefits","2","529","2024","2"
"SRC326","144","3","Related party transactions Termination benefits","1","467","2025","3"
"SRC326","144","4","Other long-term benefits","1","467","2025","26"
"SRC326","144","4","Other long-term benefits","2","529","2024","24"
"SRC326","144","5","its co-sponsors (Province of Ontario and Ontario $","1","467","2025","61"
"SRC326","144","5","its co-sponsors (Province of Ontario and Ontario $","2","529","2024","51"
"SRC326","146","1","As at December 31","4","360","","13."
"SRC326","146","2","(Canadian $ millions)","1","214","","2025"
"SRC326","146","2","(Canadian $ millions)","2","277","","2024"
"SRC326","146","3","Assets $","1","214","","123"
"SRC326","146","3","Assets $","2","277","","100"
"SRC326","146","4","Liabilities","1","214","","(9)"
"SRC326","146","4","Liabilities","2","277","","(10)"
"SRC326","146","5","ACCRUED PENSION","4","360","","14."
"SRC326","146","6","Accrued pension benefits","1","214","","499"
"SRC326","146","6","Accrued pension benefits","2","277","","496"
"SRC326","146","7","Deficit","1","214","","(385)"
"SRC326","146","7","Deficit","2","277","","(406)"
"SRC326","146","8","$","1","214","","114"
"SRC326","146","8","$","2","277","","90"
"SRC326","146","9","(Canadian $ millions)","1","214","","2025"
"SRC326","146","9","(Canadian $ millions)","2","277","","2024"
"SRC326","146","10","Contributions $","1","214","","39"
"SRC326","146","10","Contributions $","2","277","","43"
"SRC326","146","11","Investment income","1","214","","1"
"SRC326","146","11","Investment income","2","277","","1"
"SRC326","146","12","Benefits paid","1","214","","(16)"
"SRC326","146","12","Benefits paid","2","277","","(16)"
"SRC326","146","13","Expenses","3","315","","2026."
"SRC326","146","14","Increase in net assets","4","360","","$49"
"SRC326","146","15","available for benefits $","1","214","","24"
"SRC326","146","15","available for benefits $","2","277","","28"
"SRC326","147","1","September","2","115","","2020"
"SRC326","147","1","September","3","261","Principal Amount","$1.50"
"SRC326","147","1","September","5","411","","2030"
"SRC326","147","1","September","7","497","Coupon","1.250%"
"SRC326","147","2","October","2","115","","2020"
"SRC326","147","2","October","3","261","Principal Amount","$1.25"
"SRC326","147","2","October","5","411","","2027"
"SRC326","147","2","October","7","497","Coupon","1.100%"
"SRC326","147","3","November","2","115","","20201"
"SRC326","147","3","November","3","261","Principal Amount","€0.75"
"SRC326","147","3","November","5","411","","2030"
"SRC326","147","3","November","7","497","Coupon","0.050%"
"SRC326","147","4","April","1","91","Issuance","2021"
"SRC326","147","4","April","3","261","Principal Amount","$1.50"
"SRC326","147","4","April","4","387","Maturity","2031"
"SRC326","147","4","April","7","497","Coupon","2.000%"
"SRC326","147","5","May","1","91","Issuance","2021"
"SRC326","147","5","May","3","261","Principal Amount","€1.25"
"SRC326","147","5","May","4","387","Maturity","2028"
"SRC326","147","5","May","7","497","Coupon","0.100%"
"SRC326","147","6","May","1","91","Issuance","2021"
"SRC326","147","6","May","3","261","Principal Amount","€1.25"
"SRC326","147","6","May","4","387","Maturity","2041"
"SRC326","147","6","May","7","497","Coupon","0.900%"
"SRC326","147","7","September","2","115","","2021"
"SRC326","147","7","September","3","261","Principal Amount","$2.00"
"SRC326","147","7","September","5","411","","2026"
"SRC326","147","7","September","7","497","Coupon","0.875%"
"SRC326","147","8","October","2","115","","2021"
"SRC326","147","8","October","3","261","Principal Amount","£0.5"
"SRC326","147","8","October","4","387","Maturity","2026"
"SRC326","147","8","October","7","497","Coupon","1.125%"
"SRC326","147","9","November","2","115","","20211"
"SRC326","147","9","November","3","261","Principal Amount","€0.5"
"SRC326","147","9","November","5","411","","2051"
"SRC326","147","9","November","7","497","Coupon","0.950%"
"SRC326","147","10","April","1","91","Issuance","2022"
"SRC326","147","10","April","3","261","Principal Amount","$1.50"
"SRC326","147","10","April","4","387","Maturity","2027"
"SRC326","147","10","April","7","497","Coupon","3.000%"
"SRC326","147","11","April","1","91","Issuance","2022"
"SRC326","147","11","April","3","261","Principal Amount","€1.25"
"SRC326","147","11","April","4","387","Maturity","2032"
"SRC326","147","11","April","7","497","Coupon","1.850%"
"SRC326","147","12","October","2","115","","2022"
"SRC326","147","12","October","3","261","Principal Amount","€0.5"
"SRC326","147","12","October","5","411","","2029"
"SRC326","147","12","October","7","497","Coupon","3.300%"
"SRC326","147","13","November","2","115","","20221"
"SRC326","147","13","November","3","261","Principal Amount","$1.00"
"SRC326","147","13","November","4","387","Maturity","2032"
"SRC326","147","13","November","7","497","Coupon","4.450%"
"SRC326","147","14","February","2","115","","20231"
"SRC326","147","14","February","3","261","Principal Amount","$1.00"
"SRC326","147","14","February","5","411","","2029"
"SRC326","147","14","February","7","497","Coupon","4.150%"
"SRC326","147","15","April","1","91","Issuance","2023"
"SRC326","147","15","April","3","261","Principal Amount","$1.50"
"SRC326","147","15","April","4","387","Maturity","2028"
"SRC326","147","15","April","7","497","Coupon","4.250%"
"SRC326","147","16","April","1","91","Issuance","2024"
"SRC326","147","16","April","3","261","Principal Amount","$1.50"
"SRC326","147","16","April","4","387","Maturity","2029"
"SRC326","147","16","April","7","497","Coupon","4.625%"
"SRC326","147","17","June","1","91","Issuance","2024"
"SRC326","147","17","June","3","261","Principal Amount","$1.00"
"SRC326","147","17","June","4","387","Maturity","2034"
"SRC326","147","17","June","7","497","Coupon","4.300%"
"SRC326","147","18","May","1","91","Issuance","20251"
"SRC326","147","18","May","3","261","Principal Amount","€1.00"
"SRC326","147","18","May","5","411","","2031"
"SRC326","147","18","May","7","497","Coupon","2.850%"
"SRC326","147","19","June","1","91","Issuance","2017."
"SRC326","147","19","June","6","453","","31, 2025"
"SRC326","147","20","amounts","5","411","","$10"
"SRC326","147","21","2025,","5","411","","(2024"
"SRC326","147","21","2025,","6","453","","$2,818"
"SRC326","151","1","carbon emissions scope","1","193","","1"
"SRC326","151","1","carbon emissions scope","3","425","","3"
"SRC326","151","2","• Company’s","3","425","","1"
"SRC326","151","3","a","1","193","","20%"
"SRC326","151","3","a","2","377","","31, 2025,"
"SRC326","152","1","year for measuring progress against our","1","245","","2025"
"SRC326","152","2","i * Scope 1 and","1","245","","2"
"SRC326","153","1","applies the following approach","4","330","","1."
"SRC326","153","2","3. Proprietary sector-based","4","330","","4."
"SRC326","153","3","1. C ompany-reported","1","191","Emissions","39%"
"SRC326","153","3","1. C ompany-reported","2","239","Emissions","18%"
"SRC326","153","3","1. C ompany-reported","3","287","Holdings","23%"
"SRC326","153","3","1. C ompany-reported","5","388","Emissions","34%"
"SRC326","153","3","1. C ompany-reported","6","433","Holdings","61%"
"SRC326","153","3","1. C ompany-reported","7","479","Emissions","52%"
"SRC326","153","3","1. C ompany-reported","8","527","Holdings","51%"
"SRC326","153","4","2. Estimate based on","1","191","Emissions","34%"
"SRC326","153","4","2. Estimate based on","2","239","Emissions","16%"
"SRC326","153","4","2. Estimate based on","3","287","Holdings","59%"
"SRC326","153","4","2. Estimate based on","4","330","Emissions","2%"
"SRC326","153","4","2. Estimate based on","5","388","Emissions","1%"
"SRC326","153","4","2. Estimate based on","6","433","Holdings","2%"
"SRC326","153","4","2. Estimate based on","7","479","Emissions","17%"
"SRC326","153","4","2. Estimate based on","8","527","Holdings","18%"
"SRC326","153","5","3. Estimate based on","1","191","Emissions","0%"
"SRC326","153","5","3. Estimate based on","2","239","Emissions","0%"
"SRC326","153","5","3. Estimate based on","3","287","Holdings","0%"
"SRC326","153","5","3. Estimate based on","4","330","Emissions","1%"
"SRC326","153","5","3. Estimate based on","5","388","Emissions","1%"
"SRC326","153","5","3. Estimate based on","6","433","Holdings","2%"
"SRC326","153","5","3. Estimate based on","7","479","Emissions","1%"
"SRC326","153","5","3. Estimate based on","8","527","Holdings","1%"
"SRC326","153","6","4. Proxy based on GICS","1","191","Emissions","27%"
"SRC326","153","6","4. Proxy based on GICS","2","239","Emissions","12%"
"SRC326","153","6","4. Proxy based on GICS","3","287","Holdings","18%"
"SRC326","153","6","4. Proxy based on GICS","4","330","Emissions","34%"
"SRC326","153","6","4. Proxy based on GICS","5","388","Emissions","18%"
"SRC326","153","6","4. Proxy based on GICS","6","433","Holdings","35%"
"SRC326","153","6","4. Proxy based on GICS","7","479","Emissions","30%"
"SRC326","153","6","4. Proxy based on GICS","8","527","Holdings","30%"
"SRC326","153","7","5. Trucost models","1","191","Emissions","0%"
"SRC326","153","7","5. Trucost models","2","239","Emissions","0%"
"SRC326","153","7","5. Trucost models","3","287","Holdings","0%"
"SRC326","153","7","5. Trucost models","4","330","Emissions","0%"
"SRC326","153","7","5. Trucost models","5","388","Emissions","0%"
"SRC326","153","7","5. Trucost models","6","433","Holdings","0%"
"SRC326","153","7","5. Trucost models","7","479","Emissions","0%"
"SRC326","153","7","5. Trucost models","8","527","Holdings","0%"
"SRC326","153","8","Total","1","191","Emissions","100%"
"SRC326","153","8","Total","2","239","Emissions","46%"
"SRC326","153","8","Total","3","287","Holdings","100%"
"SRC326","153","8","Total","4","330","Emissions","100%"
"SRC326","153","8","Total","5","388","Emissions","54%"
"SRC326","153","8","Total","6","433","Holdings","100%"
"SRC326","153","8","Total","7","479","Emissions","100%"
"SRC326","153","8","Total","8","527","Holdings","100%"
"SRC326","153","9","direct private investment portfolio,","1","191","Emissions","91%"
"SRC326","156","1","• Absolute","2","179","","2.5%"
"SRC326","156","2","with a","1","118","","5"
"SRC326","156","3","of up to","1","118","","15"
"SRC326","156","4","acceptable,","4","525","","2)"
"SRC326","156","5","• Intensity","2","179","","7%"
"SRC326","156","6","• Engagement","3","333","","2023"
"SRC326","156","7","satisfy","2","179","","3"
"SRC326","156","8","To calculate","4","525","","31,"
"SRC326","156","9","metric, OTPP","3","333","• Eligible companies include private companies","2025,"
"SRC326","157","1","In November","1","135","","2024,"
"SRC326","157","1","In November","4","450","","2023,"
"SRC326","157","2","In early November","1","135","","2022,"
"SRC326","157","3","On November","1","135","","11, 2022,"
"SRC326","157","4","protection. On","2","197","","17, 2022,"
"SRC326","157","5","immaterial, representing","2","197","","0.05%"
"SRC326","157","6","comprehensive","3","315","","(1)"
"SRC326","157","7","external advisors","3","315","","(2)"
"SRC326","157","8","level within the","3","315","","(3)"
