"file_id","source_page","row_index","source_row_label","column_index","column_x","source_column_label","value_raw"
"SRC610","13","1","performance","3","268","","30,"
"SRC610","13","1","performance","4","285","","2004."
"SRC610","13","2","organization","7","532","","74,"
"SRC610","13","3","•","4","285","","16.8"
"SRC610","13","3","•","5","378","","$8,930,442,322"
"SRC610","13","3","•","6","433","","$10,427,142,572."
"SRC610","13","4","•","2","162","Highlights","31, 2003,"
"SRC610","13","4","•","7","532","","75.2"
"SRC610","13","5","•","3","268","","$2.829"
"SRC610","13","5","•","5","378","","31, 2002,"
"SRC610","13","5","•","6","433","","$3.586"
"SRC610","13","5","•","7","532","","31,"
"SRC610","13","6","•","5","378","","15.4"
"SRC610","13","7","•","5","378","","$646"
"SRC610","13","7","•","7","532","","$677"
"SRC610","13","8","•","2","162","Highlights","$540.25"
"SRC610","13","8","•","7","532","","$479.1"
"SRC610","15","1","Cash and Deposits $","1","297","Statement June 30, 2004","3,611,466"
"SRC610","15","1","Cash and Deposits $","2","423","Public Employees Net Assets June 30,","5,261,095"
"SRC610","15","2","Receivables","1","297","Statement June 30, 2004","1,452,424,569"
"SRC610","15","2","Receivables","2","423","Public Employees Net Assets June 30,","1,538,278,206"
"SRC610","15","2","Receivables","3","522","Retirement Change","5.58"
"SRC610","15","3","Investments at Fair Value 10,759,162,291","2","423","Public Employees Net Assets June 30,","9,388,170,382"
"SRC610","15","3","Investments at Fair Value 10,759,162,291","3","522","Retirement Change","14.60"
"SRC610","15","4","Invested Securities Lending Collateral","1","297","Statement June 30, 2004","2,078,302,191"
"SRC610","15","4","Invested Securities Lending Collateral","2","423","Public Employees Net Assets June 30,","1,860,279,374"
"SRC610","15","4","Invested Securities Lending Collateral","3","522","Retirement Change","11.72"
"SRC610","15","5","Capital Assets and Supplies Inventory","1","297","Statement June 30, 2004","2,503,441"
"SRC610","15","5","Capital Assets and Supplies Inventory","2","423","Public Employees Net Assets June 30,","2,421,701"
"SRC610","15","5","Capital Assets and Supplies Inventory","3","522","Retirement Change","3.38"
"SRC610","15","6","Total Assets 14,296,003,958","2","423","Public Employees Net Assets June 30,","12,794,410,758"
"SRC610","15","6","Total Assets 14,296,003,958","3","522","Retirement Change","11.74"
"SRC610","15","7","Administrative Costs","1","297","Statement June 30, 2004","828,108"
"SRC610","15","7","Administrative Costs","2","423","Public Employees Net Assets June 30,","904,441"
"SRC610","15","7","Administrative Costs","3","522","Retirement Change","(8.44)"
"SRC610","15","8","Benefits Payable","1","297","Statement June 30, 2004","1,313,956"
"SRC610","15","8","Benefits Payable","2","423","Public Employees Net Assets June 30,","1,325,501"
"SRC610","15","8","Benefits Payable","3","522","Retirement Change","(0.87)"
"SRC610","15","9","Securities Purchased","1","297","Statement June 30, 2004","1,788,417,131"
"SRC610","15","9","Securities Purchased","2","423","Public Employees Net Assets June 30,","2,001,459,120"
"SRC610","15","9","Securities Purchased","3","522","Retirement Change","(10.64)"
"SRC610","15","10","Securities Lending Collateral","1","297","Statement June 30, 2004","2,078,302,191"
"SRC610","15","10","Securities Lending Collateral","2","423","Public Employees Net Assets June 30,","1,860,279,374"
"SRC610","15","10","Securities Lending Collateral","3","522","Retirement Change","11.72"
"SRC610","15","11","Total Liabilities","1","297","Statement June 30, 2004","3,868,861,386"
"SRC610","15","11","Total Liabilities","2","423","Public Employees Net Assets June 30,","3,863,968,436"
"SRC610","15","11","Total Liabilities","3","522","Retirement Change","0.13"
"SRC610","15","12","Net Assets $10,427,142,572","2","423","Public Employees Net Assets June 30,","8,930,442,322"
"SRC610","15","12","Net Assets $10,427,142,572","3","522","Retirement Change","16.76%"
"SRC610","15","13","Contributions","1","297","Statement of Year Ended June 30, 2004","$944,703,176"
"SRC610","15","13","Contributions","2","423","Plan Net Assets Year Ended June 30, 2003","$456,210,770"
"SRC610","15","13","Contributions","3","522","Percentage Change","107.08%"
"SRC610","15","14","Net Investment Income","1","297","Statement of Year Ended June 30, 2004","1,331,971,630"
"SRC610","15","14","Net Investment Income","2","423","Plan Net Assets Year Ended June 30, 2003","322,252,818"
"SRC610","15","14","Net Investment Income","3","522","Percentage Change","313.33"
"SRC610","15","15","Net Investment Income from Securities Lending Activities","1","297","Statement of Year Ended June 30, 2004","4,254,284"
"SRC610","15","15","Net Investment Income from Securities Lending Activities","2","423","Plan Net Assets Year Ended June 30, 2003","3,803,825"
"SRC610","15","15","Net Investment Income from Securities Lending Activities","3","522","Percentage Change","11.84"
"SRC610","15","16","Total Net Investment Income","1","297","Statement of Year Ended June 30, 2004","1,336,225,914"
"SRC610","15","16","Total Net Investment Income","2","423","Plan Net Assets Year Ended June 30, 2003","326,056,643"
"SRC610","15","16","Total Net Investment Income","3","522","Percentage Change","309.81"
"SRC610","15","17","Other Miscellaneous Income","1","297","Statement of Year Ended June 30, 2004","182,113"
"SRC610","15","17","Other Miscellaneous Income","2","423","Plan Net Assets Year Ended June 30, 2003","82,257"
"SRC610","15","17","Other Miscellaneous Income","3","522","Percentage Change","121.40"
"SRC610","15","18","Total Additions","1","297","Statement of Year Ended June 30, 2004","2,281,111,203"
"SRC610","15","18","Total Additions","2","423","Plan Net Assets Year Ended June 30, 2003","782,349,670"
"SRC610","15","18","Total Additions","3","522","Percentage Change","191.57"
"SRC610","15","19","Monthly Retirement Benefits","1","297","Statement of Year Ended June 30, 2004","676,918,614"
"SRC610","15","19","Monthly Retirement Benefits","2","423","Plan Net Assets Year Ended June 30, 2003","645,716,079"
"SRC610","15","19","Monthly Retirement Benefits","3","522","Percentage Change","4.83"
"SRC610","15","20","Refunds of Contributions","1","297","Statement of Year Ended June 30, 2004","41,179,470"
"SRC610","15","20","Refunds of Contributions","2","423","Plan Net Assets Year Ended June 30, 2003","39,608,946"
"SRC610","15","20","Refunds of Contributions","3","522","Percentage Change","3.97"
"SRC610","15","21","Death Benefits","1","297","Statement of Year Ended June 30, 2004","8,685,182"
"SRC610","15","21","Death Benefits","2","423","Plan Net Assets Year Ended June 30, 2003","7,826,064"
"SRC610","15","21","Death Benefits","3","522","Percentage Change","10.98"
"SRC610","15","22","Insurance Premiums and Benefits","1","297","Statement of Year Ended June 30, 2004","50,396,392"
"SRC610","15","22","Insurance Premiums and Benefits","2","423","Plan Net Assets Year Ended June 30, 2003","53,829,235"
"SRC610","15","22","Insurance Premiums and Benefits","3","522","Percentage Change","(6.38)"
"SRC610","15","23","Administrative Expenses","1","297","Statement of Year Ended June 30, 2004","7,231,295"
"SRC610","15","23","Administrative Expenses","2","423","Plan Net Assets Year Ended June 30, 2003","7,215,024"
"SRC610","15","23","Administrative Expenses","3","522","Percentage Change","0.23"
"SRC610","15","24","Total Deductions","1","297","Statement of Year Ended June 30, 2004","784,410,953"
"SRC610","15","24","Total Deductions","2","423","Plan Net Assets Year Ended June 30, 2003","754,195,348"
"SRC610","15","24","Total Deductions","3","522","Percentage Change","4.01"
"SRC610","15","25","Net Increase","1","297","Statement of Year Ended June 30, 2004","1,496,700,250"
"SRC610","15","25","Net Increase","2","423","Plan Net Assets Year Ended June 30, 2003","28,154,322"
"SRC610","15","25","Net Increase","3","522","Percentage Change","5,216.06"
"SRC610","15","26","Net Assets Beginning of Year","1","297","Statement of Year Ended June 30, 2004","8,930,442,322"
"SRC610","15","26","Net Assets Beginning of Year","2","423","Plan Net Assets Year Ended June 30, 2003","8,902,288,000"
"SRC610","15","26","Net Assets Beginning of Year","3","522","Percentage Change","0.32"
"SRC610","15","27","Net Assets End of Year $10,427,142,572","2","423","Plan Net Assets Year Ended June 30, 2003","$8,930,442,322"
"SRC610","15","27","Net Assets End of Year $10,427,142,572","3","522","Percentage Change","16.76%"
"SRC610","18","1","Cash","1","316","","$54,643"
"SRC610","18","1","Cash","2","421","","$47,507"
"SRC610","18","2","Deposits with Insurance Carrier","1","316","","3,556,823"
"SRC610","18","2","Deposits with Insurance Carrier","2","421","","5,213,588"
"SRC610","18","3","Total Cash and Deposits","1","316","","3,611,466"
"SRC610","18","3","Total Cash and Deposits","2","421","","5,261,095"
"SRC610","18","4","Contributions","1","316","","40,332,275"
"SRC610","18","4","Contributions","2","421","","35,120,391"
"SRC610","18","5","Investment Income","1","316","","42,778,358"
"SRC610","18","5","Investment Income","2","421","","40,963,683"
"SRC610","18","6","Sale of Investment Securities","1","316","","1,369,313,936"
"SRC610","18","6","Sale of Investment Securities","2","421","","1,462,194,132"
"SRC610","18","7","Total Receivables","1","316","","1,452,424,569"
"SRC610","18","7","Total Receivables","2","421","","1,538,278,206"
"SRC610","18","8","Domestic Equities","1","316","","3,513,446,210"
"SRC610","18","8","Domestic Equities","2","421","","3,024,580,762"
"SRC610","18","9","International Equities","1","316","","2,136,913,681"
"SRC610","18","9","International Equities","2","421","","1,621,533,252"
"SRC610","18","10","Cash and Equivalents","1","316","","182,506,767"
"SRC610","18","10","Cash and Equivalents","2","421","","379,764,010"
"SRC610","18","11","Fixed Income","1","316","","3,681,472,192"
"SRC610","18","11","Fixed Income","2","421","","3,255,500,484"
"SRC610","18","12","Alternative Investments","1","316","","537,928,156"
"SRC610","18","12","Alternative Investments","2","421","","483,143,921"
"SRC610","18","13","Real Estate","1","316","","706,895,285"
"SRC610","18","13","Real Estate","2","421","","623,647,953"
"SRC610","18","14","Total Investments at Fair Value 10,759,162,291","2","421","","9,388,170,382"
"SRC610","18","15","Invested Securities Lending Collateral","1","316","","2,078,302,191"
"SRC610","18","15","Invested Securities Lending Collateral","2","421","","1,860,279,374"
"SRC610","18","16","Capital Assets and Supplies Inventory","1","316","","2,503,441"
"SRC610","18","16","Capital Assets and Supplies Inventory","2","421","","2,421,701"
"SRC610","18","17","Total Assets 14,296,003,958","2","421","","12,794,410,758"
"SRC610","18","18","Administrative Costs","1","316","","828,108"
"SRC610","18","18","Administrative Costs","2","421","","904,441"
"SRC610","18","19","Benefits Payable","1","316","","1,313,956"
"SRC610","18","19","Benefits Payable","2","421","","1,325,501"
"SRC610","18","20","Securities Purchased","1","316","","1,788,417,131"
"SRC610","18","20","Securities Purchased","2","421","","2,001,459,120"
"SRC610","18","21","Securities Lending Collateral","1","316","","2,078,302,191"
"SRC610","18","21","Securities Lending Collateral","2","421","","1,860,279,374"
"SRC610","18","22","Total Liabilities","1","316","","3,868,861,386"
"SRC610","18","22","Total Liabilities","2","421","","3,863,968,436"
"SRC610","18","23","Net assets held in trust for pension benefits $10,427,142,572","2","421","","$8,930,442,322"
"SRC610","19","1","Statement of Changes in Plan Net Assets for the","2","507","","30,"
"SRC610","19","2","With Comparative Figures","1","395","","2003"
"SRC610","19","3","Member Contributions","1","395","","$230,349,955"
"SRC610","19","3","Member Contributions","2","507","","$224,746,447"
"SRC610","19","4","Employer Contributions","1","395","","714,353,221"
"SRC610","19","4","Employer Contributions","2","507","","231,464,323"
"SRC610","19","5","Total Contributions","1","395","","944,703,176"
"SRC610","19","5","Total Contributions","2","507","","456,210,770"
"SRC610","19","6","Net Appreciation in Fair Value of Investments","1","395","","1,087,128,878"
"SRC610","19","6","Net Appreciation in Fair Value of Investments","2","507","","85,233,479"
"SRC610","19","7","Interest","1","395","","132,004,016"
"SRC610","19","7","Interest","2","507","","145,411,285"
"SRC610","19","8","Dividends","1","395","","91,477,150"
"SRC610","19","8","Dividends","2","507","","76,508,361"
"SRC610","19","9","Real Estate Income, Net of Operating Expenses","1","395","","39,514,695"
"SRC610","19","9","Real Estate Income, Net of Operating Expenses","2","507","","31,217,255"
"SRC610","19","10","Other Investment Income","1","395","","565,492"
"SRC610","19","10","Other Investment Income","2","507","","557,611"
"SRC610","19","11","Less Investment Expense","1","395","","(18,718,601)"
"SRC610","19","11","Less Investment Expense","2","507","","(16,675,173)"
"SRC610","19","12","Net Investment Income","1","395","","1,331,971,630"
"SRC610","19","12","Net Investment Income","2","507","","322,252,818"
"SRC610","19","13","Securities Lending Income","1","395","","23,020,103"
"SRC610","19","13","Securities Lending Income","2","507","","25,878,944"
"SRC610","19","14","Borrower Rebates","1","395","","(17,697,447)"
"SRC610","19","14","Borrower Rebates","2","507","","(20,861,098)"
"SRC610","19","15","Management Fees","1","395","","(1,068,372)"
"SRC610","19","15","Management Fees","2","507","","(1,214,021)"
"SRC610","19","16","Total Securities Lending Activities Expense","1","395","","(18,765,819)"
"SRC610","19","16","Total Securities Lending Activities Expense","2","507","","(22,075,119)"
"SRC610","19","17","Net Income from Security Lending Activities","1","395","","4,254,284"
"SRC610","19","17","Net Income from Security Lending Activities","2","507","","3,803,825"
"SRC610","19","18","Total Net Investment Income","1","395","","1,336,225,914"
"SRC610","19","18","Total Net Investment Income","2","507","","326,056,643"
"SRC610","19","19","Other Miscellaneous Income","1","395","","182,113"
"SRC610","19","19","Other Miscellaneous Income","2","507","","82,257"
"SRC610","19","20","Total Additions","1","395","","2,281,111,203"
"SRC610","19","20","Total Additions","2","507","","782,349,670"
"SRC610","19","21","Monthly Retirement Benefits Paid","1","395","","(676,918,614)"
"SRC610","19","21","Monthly Retirement Benefits Paid","2","507","","(645,716,079)"
"SRC610","19","22","Refunds of Contributions","1","395","","(41,179,470)"
"SRC610","19","22","Refunds of Contributions","2","507","","(39,608,946)"
"SRC610","19","23","Death Benefits","1","395","","(8,685,182)"
"SRC610","19","23","Death Benefits","2","507","","(7,826,064)"
"SRC610","19","24","Insurance Premiums and Benefits","1","395","","(50,396,392)"
"SRC610","19","24","Insurance Premiums and Benefits","2","507","","(53,829,235)"
"SRC610","19","25","Administrative Expenses","1","395","","(7,231,295)"
"SRC610","19","25","Administrative Expenses","2","507","","(7,215,024)"
"SRC610","19","26","Total Deductions","1","395","","(784,410,953)"
"SRC610","19","26","Total Deductions","2","507","","(754,195,348)"
"SRC610","19","27","Net Increase","1","395","","1,496,700,250"
"SRC610","19","27","Net Increase","2","507","","28,154,322"
"SRC610","19","28","Balance Beginning of Year","1","395","","8,930,442,322"
"SRC610","19","28","Balance Beginning of Year","2","507","","8,902,288,000"
"SRC610","19","29","Balance End of Year $10,427,142,572","2","507","","$8,930,442,322"
"SRC610","20","1","State of Kansas","1","322","Participating KPERS","1"
"SRC610","20","1","State of Kansas","2","401","Employers KP&F","1"
"SRC610","20","1","State of Kansas","3","482","Judges","1"
"SRC610","20","2","Counties","1","322","Participating KPERS","105"
"SRC610","20","2","Counties","2","401","Employers KP&F","24"
"SRC610","20","3","Cities","1","322","Participating KPERS","358"
"SRC610","20","3","Cities","2","401","Employers KP&F","49"
"SRC610","20","4","Townships","1","322","Participating KPERS","53"
"SRC610","20","5","School Districts","1","322","Participating KPERS","304"
"SRC610","20","6","Libraries","1","322","Participating KPERS","116"
"SRC610","20","7","Conservation Districts","1","322","Participating KPERS","82"
"SRC610","20","8","Extension Councils","1","322","Participating KPERS","80"
"SRC610","20","9","Community Colleges","1","322","Participating KPERS","44"
"SRC610","20","10","Recreation Commissions","1","322","Participating KPERS","38"
"SRC610","20","11","Hospitals","1","322","Participating KPERS","29"
"SRC610","20","12","Cemetery Districts","1","322","Participating KPERS","13"
"SRC610","20","13","Other","1","322","Participating KPERS","156"
"SRC610","20","14","Total 1,379","2","401","Employers KP&F","74"
"SRC610","20","14","Total 1,379","3","482","Judges","1"
"SRC610","20","15","Retirees and beneficiaries currently receiving benefits","1","322","Retirement KPERS","55,509"
"SRC610","20","15","Retirees and beneficiaries currently receiving benefits","2","401","Systems KP&F","3,456"
"SRC610","20","15","Retirees and beneficiaries currently receiving benefits","3","482","Judges","159"
"SRC610","20","15","Retirees and beneficiaries currently receiving benefits","4","522","Total","59,124"
"SRC610","20","16","Inactive members entitled to benefits","1","322","Retirement KPERS","8,055"
"SRC610","20","16","Inactive members entitled to benefits","2","401","Systems KP&F","76"
"SRC610","20","16","Inactive members entitled to benefits","3","482","Judges","13"
"SRC610","20","16","Inactive members entitled to benefits","4","522","Total","8,144"
"SRC610","20","17","Inactive members not entitled to benefits","1","322","Retirement KPERS","32,158"
"SRC610","20","17","Inactive members not entitled to benefits","2","401","Systems KP&F","1,011"
"SRC610","20","17","Inactive members not entitled to benefits","3","482","Judges","2"
"SRC610","20","17","Inactive members not entitled to benefits","4","522","Total","33,171"
"SRC610","20","18","Current active members","1","322","Retirement KPERS","141,401"
"SRC610","20","18","Current active members","2","401","Systems KP&F","6,494"
"SRC610","20","18","Current active members","3","482","Judges","250"
"SRC610","20","18","Current active members","4","522","Total","148,145"
"SRC610","20","19","Total","1","322","Retirement KPERS","237,123"
"SRC610","20","19","Total","2","401","Systems KP&F","11,037"
"SRC610","20","19","Total","3","482","Judges","424"
"SRC610","20","19","Total","4","522","Total","248,584"
"SRC610","25","1","$ 69,404,592 Australian Dollar","1","411","","0.54%"
"SRC610","25","2","551,877,947 British Pound","1","411","","4.30"
"SRC610","25","3","6,331,633 Danish Krone","1","411","","0.05"
"SRC610","25","4","769,024,409 Euro Current Unit","1","411","","5.99"
"SRC610","25","5","39,001,395 Hong Kong Dollar","1","411","","0.30"
"SRC610","25","6","546,497,841 Japanese Yen","1","411","","4.26"
"SRC610","25","7","1,647,635 Malaysian Ringgit","1","411","","0.01"
"SRC610","25","8","2,310,069 New Zealand Dollar","1","411","","0.02"
"SRC610","25","9","8,939,084 Norwegian Krone","1","411","","0.07"
"SRC610","25","10","1,715,768 S. Korean Won","1","411","","0.01"
"SRC610","25","11","19,978,019 Singapore Dollar","1","411","","0.16"
"SRC610","25","12","44,647,334 Swedish Krona","1","411","","0.35"
"SRC610","25","13","160,309,642 Swiss Franc","1","411","","1.25"
"SRC610","25","14","7,392,874 Thailand Baht","1","411","","0.06"
"SRC610","25","15","10,608,386,240 U.S. Dollar*","1","411","","82.64"
"SRC610","25","16","NR $ 123,561 $ 36,239","1","411","Collateral","581,309"
"SRC610","25","16","NR $ 123,561 $ 36,239","2","489","Grand Total","741,109"
"SRC610","25","17","AAA 95,611 $ 757,994 $ 1,706,954","1","411","Collateral","172,806"
"SRC610","25","17","AAA 95,611 $ 757,994 $ 1,706,954","2","489","Grand Total","2,733,365"
"SRC610","25","18","AA 27,115 209,551","1","411","Collateral","1,091,769"
"SRC610","25","18","AA 27,115 209,551","2","489","Grand Total","1,328,435"
"SRC610","25","19","A 104,099","1","411","Collateral","232,418"
"SRC610","25","19","A 104,099","2","489","Grand Total","336,517"
"SRC610","25","20","BAA 263,630","2","489","Grand Total","263,630"
"SRC610","25","21","BA 254,799","2","489","Grand Total","254,799"
"SRC610","25","22","B 214,039","2","489","Grand Total","214,039"
"SRC610","25","23","CAA 35,255","2","489","Grand Total","35,255"
"SRC610","25","24","Total $ 150,676 $ 1,213,223 $ 757,994 $ 1,706,954","1","411","Collateral","2,078,302"
"SRC610","25","24","Total $ 150,676 $ 1,213,223 $ 757,994 $ 1,706,954","2","489","Grand Total","5,907,149"
"SRC610","26","1","Investment Policy requires Core and","3","345","adversely affect","20"
"SRC610","26","2","0-1 yr $150,676","1","217","Corporate","$245,428"
"SRC610","26","2","0-1 yr $150,676","2","277","Agency","$365,246"
"SRC610","26","2","0-1 yr $150,676","3","345","U.S. Government","$152,586"
"SRC610","26","2","0-1 yr $150,676","4","399","Lending Collateral","$2,078,302"
"SRC610","26","2","0-1 yr $150,676","5","481","Grand Total","$2,983,238"
"SRC610","26","3","1-3 yrs","1","217","Corporate","188,111"
"SRC610","26","3","1-3 yrs","2","277","Agency","159,336"
"SRC610","26","3","1-3 yrs","3","345","U.S. Government","181,235"
"SRC610","26","3","1-3 yrs","5","481","Grand Total","528,682"
"SRC610","26","4","3-5 yrs","1","217","Corporate","199,677"
"SRC610","26","4","3-5 yrs","2","277","Agency","171,018"
"SRC610","26","4","3-5 yrs","3","345","U.S. Government","222,947"
"SRC610","26","4","3-5 yrs","5","481","Grand Total","593,642"
"SRC610","26","5","5-10 yrs","1","217","Corporate","423,961"
"SRC610","26","5","5-10 yrs","2","277","Agency","63,611"
"SRC610","26","5","5-10 yrs","3","345","U.S. Government","105,227"
"SRC610","26","5","5-10 yrs","5","481","Grand Total","592,799"
"SRC610","26","6","10-20 yrs","1","217","Corporate","156,046"
"SRC610","26","6","10-20 yrs","2","277","Agency","7,783"
"SRC610","26","6","10-20 yrs","3","345","U.S. Government","1,044,959"
"SRC610","26","6","10-20 yrs","5","481","Grand Total","1,208,788"
"SRC610","26","7","Total $150,676","1","217","Corporate","$1,213,223"
"SRC610","26","7","Total $150,676","2","277","Agency","$757,994"
"SRC610","26","7","Total $150,676","3","345","U.S. Government","$1,706,954"
"SRC610","26","7","Total $150,676","4","399","Lending Collateral","$2,078,302"
"SRC610","26","7","Total $150,676","5","481","Grand Total","$5,907,149"
"SRC610","26","8","Treasury Inflation Protected Securities","2","277","Agency","94"
"SRC610","26","9","all duration ranges were valued at $964,902,976","2","277","Agency","30,"
"SRC610","26","10","maximum average portfolio maturity","1","217","Corporate","90"
"SRC610","26","11","salvage value. Accumulated depreciation","4","399","Lending Collateral","30,"
"SRC610","26","11","salvage value. Accumulated depreciation","5","481","Grand Total","$2,116,548."
"SRC610","26","12","floor space of the office building is used","5","481","Grand Total","50"
"SRC610","26","13","of June 30, 2004 was $1,701,395. The","5","481","Grand Total","33"
"SRC610","26","14","accelerated method. At June 30, 2004,","5","481","Grand Total","$2,118,308."
"SRC610","28","1","Kansas Law. Plan members are required to contribute","1","275","","4"
"SRC610","28","2","4.58 percent of covered payroll for fiscal year 2004.","3","357","","1, 2002,"
"SRC610","28","2","4.58 percent of covered payroll for fiscal year 2004.","7","448","","31,"
"SRC610","28","2","4.58 percent of covered payroll for fiscal year 2004.","8","467","","2003,"
"SRC610","28","3","contributed 4.98 percent of covered payroll. For the","2","322","","1, 2003,"
"SRC610","28","3","contributed 4.98 percent of covered payroll. For the","5","412","","30,"
"SRC610","28","3","contributed 4.98 percent of covered payroll. For the","6","427","","2003,"
"SRC610","28","4","percent of covered payroll. Covered payroll was approximately","2","322","","$3,234,839"
"SRC610","28","4","percent of covered payroll. Covered payroll was approximately","4","386","","$3,224,719"
"SRC610","28","4","percent of covered payroll. Covered payroll was approximately","7","448","","2004"
"SRC610","28","4","percent of covered payroll. Covered payroll was approximately","8","467","","2003,"
"SRC610","28","5","The Retirement System’s contributed approximately","1","275","","$140,689"
"SRC610","28","5","The Retirement System’s contributed approximately","2","322","","$138,557"
"SRC610","28","5","The Retirement System’s contributed approximately","4","386","","2004"
"SRC610","28","5","The Retirement System’s contributed approximately","6","427","","2003,"
"SRC610","28","6","provided to defray the reasonable expenses of administrating","6","427","","2003,"
"SRC610","28","7","management for the Treasurer’s Unclaimed Property","2","322","","$114,500,430"
"SRC610","28","7","management for the Treasurer’s Unclaimed Property","5","412","","30,"
"SRC610","28","7","management for the Treasurer’s Unclaimed Property","6","427","","2004."
"SRC610","28","8","State and School. The statutory cap for the Local group","4","386","","2006"
"SRC610","28","8","State and School. The statutory cap for the Local group","8","467","","0.4"
"SRC610","28","9","subsequent increases of 0.5 percent in calendar year","1","275","","2007"
"SRC610","28","9","subsequent increases of 0.5 percent in calendar year","2","322","","0.6"
"SRC610","28","9","subsequent increases of 0.5 percent in calendar year","6","427","","2008."
"SRC610","28","10","members may retire with unreduced benefits at any","2","322","","32"
"SRC610","31","1","1) For fiscal years ending","2","185","","30, 1996,"
"SRC610","31","2","2) Does not include pension","3","227","","$440"
"SRC610","31","3","06/30/95","1","145","","5,510,957"
"SRC610","31","3","06/30/95","3","227","Liability (AAL)","6,991,029"
"SRC610","31","3","06/30/95","5","305","(UAAL)","1,480,072"
"SRC610","31","3","06/30/95","6","386","Ratio","79 %"
"SRC610","31","3","06/30/95","7","426","Payroll","3,766,917"
"SRC610","31","3","06/30/95","8","524","Covered Payroll","39 %"
"SRC610","31","4","06/30/96","1","145","","6,158,755"
"SRC610","31","4","06/30/96","3","227","Liability (AAL)","7,603,111"
"SRC610","31","4","06/30/96","5","305","(UAAL)","1,444,356"
"SRC610","31","4","06/30/96","6","386","Ratio","81"
"SRC610","31","4","06/30/96","7","426","Payroll","3,945,207"
"SRC610","31","4","06/30/96","8","524","Covered Payroll","37"
"SRC610","31","5","06/30/97","1","145","","6,875,918"
"SRC610","31","5","06/30/97","3","227","Liability (AAL)","8,251,986"
"SRC610","31","5","06/30/97","5","305","(UAAL)","1,376,068"
"SRC610","31","5","06/30/97","6","386","Ratio","83"
"SRC610","31","5","06/30/97","7","426","Payroll","4,108,320"
"SRC610","31","5","06/30/97","8","524","Covered Payroll","33"
"SRC610","31","6","06/30/98","1","145","","7,749,203"
"SRC610","31","6","06/30/98","3","227","Liability (AAL)","9,340,685"
"SRC610","31","6","06/30/98","5","305","(UAAL)","1,591,482"
"SRC610","31","6","06/30/98","6","386","Ratio","83"
"SRC610","31","6","06/30/98","7","426","Payroll","4,273,627"
"SRC610","31","6","06/30/98","8","524","Covered Payroll","37"
"SRC610","31","7","06/30/99","1","145","","8,601,876"
"SRC610","31","7","06/30/99","3","227","Liability (AAL)","9,999,246"
"SRC610","31","7","06/30/99","5","305","(UAAL)","1,397,370"
"SRC610","31","7","06/30/99","6","386","Ratio","86"
"SRC610","31","7","06/30/99","7","426","Payroll","4,480,717"
"SRC610","31","7","06/30/99","8","524","Covered Payroll","31"
"SRC610","31","8","06/30/00","1","145","","9,568,275"
"SRC610","31","8","06/30/00","3","227","Liability (AAL)","10,801,397"
"SRC610","31","8","06/30/00","5","305","(UAAL)","1,233,122"
"SRC610","31","8","06/30/00","6","386","Ratio","89"
"SRC610","31","8","06/30/00","7","426","Payroll","4,684,768"
"SRC610","31","8","06/30/00","8","524","Covered Payroll","26"
"SRC610","31","9","12/31/00 (1)","1","145","","9,835,182"
"SRC610","31","9","12/31/00 (1)","3","227","Liability (AAL)","11,140,014"
"SRC610","31","9","12/31/00 (1)","5","305","(UAAL)","1,304,832"
"SRC610","31","9","12/31/00 (1)","6","386","Ratio","88"
"SRC610","31","9","12/31/00 (1)","7","426","Payroll","4,876,555"
"SRC610","31","9","12/31/00 (1)","8","524","Covered Payroll","27"
"SRC610","31","10","12/31/01","1","145","","9,962,918"
"SRC610","31","10","12/31/01","3","227","Liability (AAL)","11,743,052"
"SRC610","31","10","12/31/01","5","305","(UAAL)","1,780,134"
"SRC610","31","10","12/31/01","6","386","Ratio","85"
"SRC610","31","10","12/31/01","7","426","Payroll","5,116,384"
"SRC610","31","10","12/31/01","8","524","Covered Payroll","35"
"SRC610","31","11","12/31/02","1","145","","9,784,862"
"SRC610","31","11","12/31/02","3","227","Liability (AAL)","12,613,599"
"SRC610","31","11","12/31/02","5","305","(UAAL)","2,828,736"
"SRC610","31","11","12/31/02","6","386","Ratio","78"
"SRC610","31","11","12/31/02","7","426","Payroll","4,865,903"
"SRC610","31","11","12/31/02","8","524","Covered Payroll","58"
"SRC610","31","12","12/31/03","1","145","","10,853,462"
"SRC610","31","12","12/31/03","3","227","Liability (AAL)","14,439,546"
"SRC610","31","12","12/31/03","4","291","","(3)"
"SRC610","31","12","12/31/03","5","305","(UAAL)","3,586,084"
"SRC610","31","12","12/31/03","6","386","Ratio","75"
"SRC610","31","12","12/31/03","7","426","Payroll","4,978,132"
"SRC610","31","12","12/31/03","8","524","Covered Payroll","72"
"SRC610","32","1","Investment rate of return (1)","1","253","closed 29 years","8.0%"
"SRC610","32","1","Investment rate of return (1)","2","376","closed 29 years","8.0%"
"SRC610","32","1","Investment rate of return (1)","3","498","closed 29 years","8.0%"
"SRC610","32","2","Projected salary increases (1)","3","498","closed 29 years","5.5%"
"SRC610","32","3","1) Salary increases and investment rate of return include","1","253","closed 29 years","3.5"
"SRC610","33","1","Employers","1","265","","160,145,687"
"SRC610","33","2","Total State / School Contributions","2","346","","$308,439,122"
"SRC610","33","3","Members","1","265","","51,922,069"
"SRC610","33","4","Employers","1","265","","38,736,225"
"SRC610","33","5","Total Local Contributions","2","346","","90,658,294"
"SRC610","33","6","Total Contributions, Kansas Public Employees Retirement","3","450","","$399,097,416"
"SRC610","33","7","Members","1","265","","2,413,623"
"SRC610","33","8","Employers","1","265","","2,792,242"
"SRC610","33","9","Total State Contributions","2","346","","5,205,865"
"SRC610","33","10","Members","1","265","","20,155,271"
"SRC610","33","11","Employers","1","265","","30,041,516"
"SRC610","33","12","Total Local Contributions","2","346","","50,196,787"
"SRC610","33","13","Total Contributions, Kansas Police and Firemen’s System","3","450","","55,402,652"
"SRC610","33","14","Members","1","265","","1,090,382"
"SRC610","33","15","Employers","1","265","","3,557,360"
"SRC610","33","16","Total State Contributions","2","346","","4,647,742"
"SRC610","33","17","Total Contributions, Kansas Retirement System for","3","450","","4,647,742"
"SRC610","33","18","State Employees","1","265","","3,478,445"
"SRC610","33","19","Local Employees","1","265","","2,997,374"
"SRC610","33","20","Total Contributions","2","346","","6,475,819"
"SRC610","33","21","Total Contributions, Optional Life Insurance","3","450","","6,475,819"
"SRC610","33","22","Subtotal Contributions and Insurance","3","450","","465,623,629"
"SRC610","33","23","Bond Proceeds","3","450","","479,079,547"
"SRC610","33","24","Grand Total – All Contributions","3","450","","$944,703,176"
"SRC610","35","1","Domestic Equities","1","257","Interest, Dividends Other Transactions","$37,912,844"
"SRC610","35","1","Domestic Equities","2","354","Gains and (Losses)","$556,796,969"
"SRC610","35","1","Domestic Equities","3","455","Total","$594,709,813"
"SRC610","35","2","International Equities","1","257","Interest, Dividends Other Transactions","41,892,598"
"SRC610","35","2","International Equities","2","354","Gains and (Losses)","418,417,695"
"SRC610","35","2","International Equities","3","455","Total","460,310,293"
"SRC610","35","3","Subtotal Marketable Equities","1","257","Interest, Dividends Other Transactions","79,805,442"
"SRC610","35","3","Subtotal Marketable Equities","2","354","Gains and (Losses)","975,214,664"
"SRC610","35","3","Subtotal Marketable Equities","3","455","Total","1,055,020,106"
"SRC610","35","4","Government","1","257","Interest, Dividends Other Transactions","54,992,976"
"SRC610","35","4","Government","2","354","Gains and (Losses)","10,398,063"
"SRC610","35","4","Government","3","455","Total","65,391,039"
"SRC610","35","5","Corporate","1","257","Interest, Dividends Other Transactions","72,606,460"
"SRC610","35","5","Corporate","2","354","Gains and (Losses)","(22,663,540)"
"SRC610","35","5","Corporate","3","455","Total","49,942,920"
"SRC610","35","6","Subtotal Marketable Fixed Income","1","257","Interest, Dividends Other Transactions","127,599,436"
"SRC610","35","6","Subtotal Marketable Fixed Income","2","354","Gains and (Losses)","(12,265,477)"
"SRC610","35","6","Subtotal Marketable Fixed Income","3","455","Total","115,333,959"
"SRC610","35","7","Temporary Investments","1","257","Interest, Dividends Other Transactions","3,920,686"
"SRC610","35","7","Temporary Investments","2","354","Gains and (Losses)","116,359"
"SRC610","35","7","Temporary Investments","3","455","Total","4,037,045"
"SRC610","35","8","Total Marketable Securities","1","257","Interest, Dividends Other Transactions","211,325,564"
"SRC610","35","8","Total Marketable Securities","2","354","Gains and (Losses)","963,065,546"
"SRC610","35","8","Total Marketable Securities","3","455","Total","1,174,391,110"
"SRC610","35","9","Real Estate","1","257","Interest, Dividends Other Transactions","39,514,695"
"SRC610","35","9","Real Estate","2","354","Gains and (Losses)","47,177,107"
"SRC610","35","9","Real Estate","3","455","Total","86,691,802"
"SRC610","35","10","Alternative Investments","1","257","Interest, Dividends Other Transactions","12,155,602"
"SRC610","35","10","Alternative Investments","2","354","Gains and (Losses)","76,886,225"
"SRC610","35","10","Alternative Investments","3","455","Total","89,041,827"
"SRC610","35","11","Alternative Investments","1","257","Interest, Dividends Other Transactions","51,670,297"
"SRC610","35","11","Alternative Investments","2","354","Gains and (Losses)","124,063,332"
"SRC610","35","11","Alternative Investments","3","455","Total","175,733,629"
"SRC610","35","12","Securities Lending","1","257","Interest, Dividends Other Transactions","4,254,284"
"SRC610","35","12","Securities Lending","3","455","Total","4,254,284"
"SRC610","35","13","Recaptured Broker Commissions","1","257","Interest, Dividends Other Transactions","355,830"
"SRC610","35","13","Recaptured Broker Commissions","3","455","Total","355,830"
"SRC610","35","14","Miscellaneous Income","1","257","Interest, Dividends Other Transactions","209,662"
"SRC610","35","14","Miscellaneous Income","3","455","Total","209,662"
"SRC610","35","15","Total Other Investment Income","1","257","Interest, Dividends Other Transactions","4,819,776"
"SRC610","35","15","Total Other Investment Income","3","455","Total","4,819,776"
"SRC610","35","16","Total Investment Income $267,815,637","2","354","Gains and (Losses)","$1,087,128,878"
"SRC610","35","16","Total Investment Income $267,815,637","3","455","Total","$1,354,944,515"
"SRC610","35","17","Investment","3","455","Total","(17,520,389)"
"SRC610","35","18","Custodian","3","455","Total","(611,580)"
"SRC610","35","19","Other","3","455","Total","(586,632)"
"SRC610","35","20","Total","3","455","Total","(18,718,601)"
"SRC610","35","21","Net","3","455","Total","$1,336,225,914"
"SRC610","36","1","Capital Guardian Trust Co.","1","425","","343,828"
"SRC610","36","2","Wellington Management Co.","1","425","","1,948,528"
"SRC610","36","3","Subtotal Domestic Equity Managers","2","515","","$5,317,556"
"SRC610","36","4","Alliance Capital Management","1","425","","1,000,875"
"SRC610","36","5","Barclays Global Investors","1","425","","271,933"
"SRC610","36","6","Lazard Freres Asset Management","1","425","","1,595,447"
"SRC610","36","7","Morgan Stanley Asset Management","1","425","","1,637,130"
"SRC610","36","8","Nomura Capital Management","1","425","","625,896"
"SRC610","36","9","Subtotal International Equity Managers","2","515","","5,131,281"
"SRC610","36","10","Loomis, Sayles & Co.","1","425","","1,110,453"
"SRC610","36","11","Pacific Investment Management Co.","1","425","","1,048,718"
"SRC610","36","12","Payden & Rygel Investment Counsel","1","425","","800,858"
"SRC610","36","13","Western Asset Management Co.","1","425","","863,864"
"SRC610","36","14","Subtotal Fixed Income Managers","2","515","","3,823,893"
"SRC610","36","15","Pareto Partners","1","425","","1,177,981"
"SRC610","36","16","Subtotal Foreign Currency Overlay Manager","2","515","","1,177,981"
"SRC610","36","17","AEW Capital Management","1","425","","1,312,527"
"SRC610","36","18","Lend Lease","1","425","","219,145"
"SRC610","36","19","Portfolio Advisors","1","425","","358,154"
"SRC610","36","20","Morgan Stanley Prime Property Fund","1","425","","56,589"
"SRC610","36","21","Subtotal Real Estate and Alternative Managers","2","515","","1,946,415"
"SRC610","36","22","Payden & Rygel Investment Counsel","1","425","","123,263"
"SRC610","36","23","Subtotal Cash Management","2","515","","123,263"
"SRC610","36","24","Total Investment Management Fees","2","515","","17,520,389"
"SRC610","36","25","Mellon Trust - Custodian Fees and Expenses","1","425","","611,580"
"SRC610","36","26","Consultant Fees","1","425","","559,100"
"SRC610","36","27","Litigation Expenses","1","425","","27,532"
"SRC610","36","28","Subtotal Other Fees and Expenses","2","515","","1,198,212"
"SRC610","36","29","Total Investment Fees and Expenses","2","515","","$18,718,601"
"SRC610","40","1","Total Portfolio","1","318","Last Year","15.4%"
"SRC610","40","1","Total Portfolio","2","410","Latest 3 Years","4.6%"
"SRC610","40","1","Total Portfolio","3","495","Latest 5 Years","3.8%"
"SRC610","40","2","Policy Index","1","318","Last Year","15.2%"
"SRC610","40","2","Policy Index","2","410","Latest 3 Years","5.2%"
"SRC610","40","2","Policy Index","3","495","Latest 5 Years","4.1%"
"SRC610","40","3","Consumer Price Index","1","318","Last Year","3.2%"
"SRC610","40","3","Consumer Price Index","2","410","Latest 3 Years","2.1%"
"SRC610","40","3","Consumer Price Index","3","495","Latest 5 Years","2.7%"
"SRC610","40","4","Domestic Equity Portfolio","1","318","Last Year","19.9%"
"SRC610","40","4","Domestic Equity Portfolio","2","410","Latest 3 Years","1.1%"
"SRC610","40","4","Domestic Equity Portfolio","3","495","Latest 5 Years","0.4%"
"SRC610","40","5","KPERS Equity Benchmark","1","318","Last Year","20.5%"
"SRC610","40","5","KPERS Equity Benchmark","2","410","Latest 3 Years","1.4%"
"SRC610","40","5","KPERS Equity Benchmark","3","495","Latest 5 Years","0.5%"
"SRC610","40","6","International Equity Portfolio","1","318","Last Year","27.4%"
"SRC610","40","6","International Equity Portfolio","2","410","Latest 3 Years","2.3%"
"SRC610","40","6","International Equity Portfolio","3","495","Latest 5 Years","0.8%"
"SRC610","40","7","KPERS Int’l Equity Benchmark","1","318","Last Year","30.3%"
"SRC610","40","7","KPERS Int’l Equity Benchmark","2","410","Latest 3 Years","2.8%"
"SRC610","40","7","KPERS Int’l Equity Benchmark","3","495","Latest 5 Years","-0.7%"
"SRC610","40","8","Fixed Income Portfolio","1","318","Last Year","3.1%"
"SRC610","40","8","Fixed Income Portfolio","2","410","Latest 3 Years","7.6%"
"SRC610","40","8","Fixed Income Portfolio","3","495","Latest 5 Years","7.1%"
"SRC610","40","9","KPERS Fixed Income Benchmark","1","318","Last Year","2.3%"
"SRC610","40","9","KPERS Fixed Income Benchmark","2","410","Latest 3 Years","7.1%"
"SRC610","40","9","KPERS Fixed Income Benchmark","3","495","Latest 5 Years","6.2%"
"SRC610","40","10","TIPS Portfolio","1","318","Last Year","5.6%"
"SRC610","40","10","TIPS Portfolio","2","410","Latest 3 Years","11.9%"
"SRC610","40","11","KPERS TIPS Benchmark","1","318","Last Year","5.6%"
"SRC610","40","11","KPERS TIPS Benchmark","2","410","Latest 3 Years","11.8%"
"SRC610","40","12","Real Estate Portfolio","1","318","Last Year","15.9%"
"SRC610","40","12","Real Estate Portfolio","2","410","Latest 3 Years","10.0%"
"SRC610","40","12","Real Estate Portfolio","3","495","Latest 5 Years","9.9%"
"SRC610","40","13","KPERS Real Estate Benchmark","1","318","Last Year","13.3%"
"SRC610","40","13","KPERS Real Estate Benchmark","2","410","Latest 3 Years","8.6%"
"SRC610","40","13","KPERS Real Estate Benchmark","3","495","Latest 5 Years","10.3%"
"SRC610","40","14","Alternative Investment Portfolio","1","318","Last Year","18.7%"
"SRC610","40","14","Alternative Investment Portfolio","2","410","Latest 3 Years","-2.2%"
"SRC610","40","14","Alternative Investment Portfolio","3","495","Latest 5 Years","1.3%"
"SRC610","40","15","KPERS Alternative Investment Benchmark","1","318","Last Year","15.0%"
"SRC610","40","15","KPERS Alternative Investment Benchmark","2","410","Latest 3 Years","6.9%"
"SRC610","40","15","KPERS Alternative Investment Benchmark","3","495","Latest 5 Years","7.7%"
"SRC610","40","16","Cash Equivalents Portfolio","1","318","Last Year","1.1%"
"SRC610","40","16","Cash Equivalents Portfolio","2","410","Latest 3 Years","1.9%"
"SRC610","40","16","Cash Equivalents Portfolio","3","495","Latest 5 Years","3.8%"
"SRC610","40","17","Merrill Lynch 0-1 Yr. Treasury Index","1","318","Last Year","1.0%"
"SRC610","40","17","Merrill Lynch 0-1 Yr. Treasury Index","2","410","Latest 3 Years","2.0%"
"SRC610","40","17","Merrill Lynch 0-1 Yr. Treasury Index","3","495","Latest 5 Years","3.5%"
"SRC610","41","1","-20.0%","1","178","","-15.0%"
"SRC610","41","1","-20.0%","2","266","","-5.0%"
"SRC610","41","1","-20.0%","3","303","","0.0%"
"SRC610","41","1","-20.0%","4","335","","5.0%"
"SRC610","41","1","-20.0%","5","368","","10.0%"
"SRC610","41","1","-20.0%","6","405","","15.0%"
"SRC610","41","1","-20.0%","7","430","","20.0%"
"SRC610","41","1","-20.0%","8","473","","25.0%"
"SRC610","41","1","-20.0%","9","528","","30.0%"
"SRC610","41","2","returns, providing the highest","9","528","","30,"
"SRC610","41","3","2004, domestic stocks in general","2","266","","20"
"SRC610","41","3","2004, domestic stocks in general","8","473","","33"
"SRC610","41","4","Almost all of the gains in the","7","430","","2003"
"SRC610","41","5","2004 domestic equities, as","2","266","","3000"
"SRC610","41","5","2004 domestic equities, as","6","405","","20.5"
"SRC610","41","6","extremely well against the","1","178","","0.8"
"SRC610","41","6","extremely well against the","2","266","","17.2"
"SRC610","41","7","international equity markets,","8","473","","6.1"
"SRC610","41","8","portfolios have characteristics","4","335","","3000."
"SRC610","41","9","portfolio returned 19.9 percent,","2","266","","20.5"
"SRC610","41","9","portfolio returned 19.9 percent,","6","405","","3000"
"SRC610","41","10","met or exceeded the benchmark","9","528","","19.4"
"SRC610","41","11","percent relative to its Russell","1","178","","1000"
"SRC610","41","11","percent relative to its Russell","3","303","","19.5"
"SRC610","41","12","manager’s activities, returned","1","178","","27.4"
"SRC610","41","12","manager’s activities, returned","2","266","","30.3"
"SRC610","42","1","The System’s traditional fixed income portfolio returned","1","289","","3.1"
"SRC610","42","1","The System’s traditional fixed income portfolio returned","3","403","","2004."
"SRC610","42","2","out performed the KPERS fixed income benchmark return","1","289","","2.3"
"SRC610","42","3","return of 5.62 percent versus its benchmark’s return of","1","289","","5.57"
"SRC610","42","4","federal funds rate remained at 1.0 percent and the long","2","362","","1.25"
"SRC610","42","5","resulted in lower total returns for fixed income than in","3","403","","2003"
"SRC610","43","1","For fiscal","2","132","","2004,"
"SRC610","43","2","reaching","1","98","","6.8"
"SRC610","43","3","For the","3","182","Diversification","30, 2004,"
"SRC610","43","4","of 15.9","3","182","Diversification","6.4"
"SRC610","43","5","performance","2","132","property sales.","4.8"
"SRC610","43","6","provided","2","132","property sales.","30"
"SRC610","43","6","provided","3","182","Diversification","27"
"SRC610","43","7","almost","1","98","strategic","11"
"SRC610","43","8","to $266","2","132","development amount","2003,"
"SRC610","43","9","of up to","1","98","involving extraordinary","$50"
"SRC610","43","9","of up to","2","132","development amount","2004"
"SRC610","44","1","present, the System","2","263","","35"
"SRC610","44","1","present, the System","4","444","","53"
"SRC610","44","2","The System has a","1","140","","5"
"SRC610","44","3","System began constructing","3","421","","1997"
"SRC610","44","4","underlying aggregate","3","421","","6"
"SRC610","44","5","legislation replaced","1","140","","5"
"SRC610","44","5","legislation replaced","3","421","","1"
"SRC610","44","6","As required by K.S.A.","4","444","over continued index benchmark","1, 1991,"
"SRC610","44","7","domestic broker commissions","2","263","be losing some prices and potentially year 2004,","2004"
"SRC610","44","8","are shown on pages","1","140","capital markets concerns about 18.7 percent","51"
"SRC610","47","1","Total Post","1","95","","1991"
"SRC610","47","1","Total Post","3","387","","$490,883,951"
"SRC610","47","1","Total Post","4","486","","$523,416,882"
"SRC610","48","1","Domestic Equities","1","233","","$3,024,581"
"SRC610","48","1","Domestic Equities","3","310","Increases","$986,276"
"SRC610","48","1","Domestic Equities","5","452","Value","$3,513,446"
"SRC610","48","1","Domestic Equities","6","526","Fair Value","32.65%"
"SRC610","48","2","International Equities","1","233","","1,621,533"
"SRC610","48","2","International Equities","3","310","Increases","1,260,835"
"SRC610","48","2","International Equities","4","382","Decreases","(745,454)"
"SRC610","48","2","International Equities","5","452","Value","2,136,914"
"SRC610","48","2","International Equities","6","526","Fair Value","19.86"
"SRC610","48","3","Total Fixed Income","1","233","","3,255,500"
"SRC610","48","3","Total Fixed Income","3","310","Increases","10,155,754"
"SRC610","48","3","Total Fixed Income","4","382","Decreases","(9,729,782)"
"SRC610","48","3","Total Fixed Income","5","452","Value","3,621,472"
"SRC610","48","3","Total Fixed Income","6","526","Fair Value","34.22"
"SRC610","48","4","Temporary Investments (2)","1","233","","379,764"
"SRC610","48","4","Temporary Investments (2)","3","310","Increases","21,593,784"
"SRC610","48","4","Temporary Investments (2)","4","382","Decreases","(21,791,041)"
"SRC610","48","4","Temporary Investments (2)","5","452","Value","182,507"
"SRC610","48","4","Temporary Investments (2)","6","526","Fair Value","1.70"
"SRC610","48","5","Total Marketable Securities","1","233","","8,281,378"
"SRC610","48","5","Total Marketable Securities","3","310","Increases","33,996,649"
"SRC610","48","5","Total Marketable Securities","4","382","Decreases","(32,763,688)"
"SRC610","48","5","Total Marketable Securities","5","452","Value","9,514,339"
"SRC610","48","5","Total Marketable Securities","6","526","Fair Value","88.43"
"SRC610","48","6","Real Estate","1","233","","623,648"
"SRC610","48","6","Real Estate","3","310","Increases","155,902"
"SRC610","48","6","Real Estate","4","382","Decreases","(72,655)"
"SRC610","48","6","Real Estate","5","452","Value","706,895"
"SRC610","48","6","Real Estate","6","526","Fair Value","6.57"
"SRC610","48","7","and Limited Partnerships","1","233","","483,144"
"SRC610","48","7","and Limited Partnerships","3","310","Increases","208,307"
"SRC610","48","7","and Limited Partnerships","4","382","Decreases","(153,523)"
"SRC610","48","7","and Limited Partnerships","5","452","Value","537,928"
"SRC610","48","7","and Limited Partnerships","6","526","Fair Value","5.00"
"SRC610","48","8","Alternative Investments","1","233","","1,106,792"
"SRC610","48","8","Alternative Investments","3","310","Increases","364,209"
"SRC610","48","8","Alternative Investments","4","382","Decreases","(226,178)"
"SRC610","48","8","Alternative Investments","5","452","Value","1,244,823"
"SRC610","48","8","Alternative Investments","6","526","Fair Value","11.57"
"SRC610","48","9","Total","1","233","","$9,388,170"
"SRC610","48","9","Total","3","310","Increases","$34,360,858"
"SRC610","48","9","Total","4","382","Decreases","($32,989,866)"
"SRC610","48","9","Total","5","452","Value","$10,759,162"
"SRC610","48","9","Total","6","526","Fair Value","100.00%"
"SRC610","48","10","security lending cash collateral of $1,860,279,374","2","266","Value","2003"
"SRC610","48","10","security lending cash collateral of $1,860,279,374","3","310","Increases","2004"
"SRC610","48","10","security lending cash collateral of $1,860,279,374","4","382","Decreases","$2,078,302,191."
"SRC610","49","1","Goldman Sachs & Co, NY $","1","293","Commissions Paid","131,343"
"SRC610","49","1","Goldman Sachs & Co, NY $","2","378","Shares","3,335,450"
"SRC610","49","1","Goldman Sachs & Co, NY $","3","464","Commission Per Share","$0.04"
"SRC610","49","1","Goldman Sachs & Co, NY $","4","531","Total Commissions","7.6%"
"SRC610","49","2","Morgan Stanley & Co Inc, NY","1","293","Commissions Paid","129,012"
"SRC610","49","2","Morgan Stanley & Co Inc, NY","2","378","Shares","4,458,355"
"SRC610","49","2","Morgan Stanley & Co Inc, NY","3","464","Commission Per Share","0.03"
"SRC610","49","2","Morgan Stanley & Co Inc, NY","4","531","Total Commissions","7.4"
"SRC610","49","3","Credit Suisse First Boston Corp, NY","1","293","Commissions Paid","113,959"
"SRC610","49","3","Credit Suisse First Boston Corp, NY","2","378","Shares","2,525,295"
"SRC610","49","3","Credit Suisse First Boston Corp, NY","3","464","Commission Per Share","0.05"
"SRC610","49","3","Credit Suisse First Boston Corp, NY","4","531","Total Commissions","6.6"
"SRC610","49","4","Citigroup Gbl Mkts Inc, New York","1","293","Commissions Paid","113,584"
"SRC610","49","4","Citigroup Gbl Mkts Inc, New York","2","378","Shares","3,097,230"
"SRC610","49","4","Citigroup Gbl Mkts Inc, New York","3","464","Commission Per Share","0.04"
"SRC610","49","4","Citigroup Gbl Mkts Inc, New York","4","531","Total Commissions","6.5"
"SRC610","49","5","Merrill Lynch Pierce Fenner Smith Inc NY","1","293","Commissions Paid","109,065"
"SRC610","49","5","Merrill Lynch Pierce Fenner Smith Inc NY","2","378","Shares","2,368,900"
"SRC610","49","5","Merrill Lynch Pierce Fenner Smith Inc NY","3","464","Commission Per Share","0.05"
"SRC610","49","5","Merrill Lynch Pierce Fenner Smith Inc NY","4","531","Total Commissions","6.3"
"SRC610","49","6","Lehman Bros Inc, New York","1","293","Commissions Paid","107,815"
"SRC610","49","6","Lehman Bros Inc, New York","2","378","Shares","2,168,567"
"SRC610","49","6","Lehman Bros Inc, New York","3","464","Commission Per Share","0.05"
"SRC610","49","6","Lehman Bros Inc, New York","4","531","Total Commissions","6.2"
"SRC610","49","7","Banc Of America Secs LLC, Charlotte","1","293","Commissions Paid","91,951"
"SRC610","49","7","Banc Of America Secs LLC, Charlotte","2","378","Shares","2,301,700"
"SRC610","49","7","Banc Of America Secs LLC, Charlotte","3","464","Commission Per Share","0.04"
"SRC610","49","7","Banc Of America Secs LLC, Charlotte","4","531","Total Commissions","5.3"
"SRC610","49","8","Ubs Securities LLC, New York","1","293","Commissions Paid","68,094"
"SRC610","49","8","Ubs Securities LLC, New York","2","378","Shares","1,455,800"
"SRC610","49","8","Ubs Securities LLC, New York","3","464","Commission Per Share","0.05"
"SRC610","49","8","Ubs Securities LLC, New York","4","531","Total Commissions","3.9"
"SRC610","49","9","Jefferies & Co Inc, New York","1","293","Commissions Paid","60,674"
"SRC610","49","9","Jefferies & Co Inc, New York","2","378","Shares","1,443,000"
"SRC610","49","9","Jefferies & Co Inc, New York","3","464","Commission Per Share","0.04"
"SRC610","49","9","Jefferies & Co Inc, New York","4","531","Total Commissions","3.5"
"SRC610","49","10","Sg Americas Securities LLC, New York","1","293","Commissions Paid","55,390"
"SRC610","49","10","Sg Americas Securities LLC, New York","2","378","Shares","1,204,100"
"SRC610","49","10","Sg Americas Securities LLC, New York","3","464","Commission Per Share","0.05"
"SRC610","49","10","Sg Americas Securities LLC, New York","4","531","Total Commissions","3.2"
"SRC610","49","11","Investment Technology Groups, NY","1","293","Commissions Paid","53,956"
"SRC610","49","11","Investment Technology Groups, NY","2","378","Shares","4,143,600"
"SRC610","49","11","Investment Technology Groups, NY","3","464","Commission Per Share","0.01"
"SRC610","49","11","Investment Technology Groups, NY","4","531","Total Commissions","3.1"
"SRC610","49","12","Schwab Charles & Co Inc, San Francisco","1","293","Commissions Paid","43,538"
"SRC610","49","12","Schwab Charles & Co Inc, San Francisco","2","378","Shares","1,174,600"
"SRC610","49","12","Schwab Charles & Co Inc, San Francisco","3","464","Commission Per Share","0.04"
"SRC610","49","12","Schwab Charles & Co Inc, San Francisco","4","531","Total Commissions","2.5"
"SRC610","49","13","Thomas & Weisel Inc, San Francisco","1","293","Commissions Paid","40,952"
"SRC610","49","13","Thomas & Weisel Inc, San Francisco","2","378","Shares","855,400"
"SRC610","49","13","Thomas & Weisel Inc, San Francisco","3","464","Commission Per Share","0.05"
"SRC610","49","13","Thomas & Weisel Inc, San Francisco","4","531","Total Commissions","2.4"
"SRC610","49","14","Bear Stearns & Co Inc, NY","1","293","Commissions Paid","37,208"
"SRC610","49","14","Bear Stearns & Co Inc, NY","2","378","Shares","797,100"
"SRC610","49","14","Bear Stearns & Co Inc, NY","3","464","Commission Per Share","0.05"
"SRC610","49","14","Bear Stearns & Co Inc, NY","4","531","Total Commissions","2.1"
"SRC610","49","15","Morgan J P Secs Inc, New York","1","293","Commissions Paid","33,322"
"SRC610","49","15","Morgan J P Secs Inc, New York","2","378","Shares","792,300"
"SRC610","49","15","Morgan J P Secs Inc, New York","3","464","Commission Per Share","0.04"
"SRC610","49","15","Morgan J P Secs Inc, New York","4","531","Total Commissions","1.9"
"SRC610","49","16","Soundview Finl Group, Stanford","1","293","Commissions Paid","31,878"
"SRC610","49","16","Soundview Finl Group, Stanford","2","378","Shares","659,100"
"SRC610","49","16","Soundview Finl Group, Stanford","3","464","Commission Per Share","0.05"
"SRC610","49","16","Soundview Finl Group, Stanford","4","531","Total Commissions","1.8"
"SRC610","49","17","Wachovia Capital Markets LLC, Charlotte","1","293","Commissions Paid","29,546"
"SRC610","49","17","Wachovia Capital Markets LLC, Charlotte","2","378","Shares","620,400"
"SRC610","49","17","Wachovia Capital Markets LLC, Charlotte","3","464","Commission Per Share","0.05"
"SRC610","49","17","Wachovia Capital Markets LLC, Charlotte","4","531","Total Commissions","1.7"
"SRC610","49","18","Knight Sec Broadcort, Jersey City","1","293","Commissions Paid","26,639"
"SRC610","49","18","Knight Sec Broadcort, Jersey City","2","378","Shares","771,500"
"SRC610","49","18","Knight Sec Broadcort, Jersey City","3","464","Commission Per Share","0.03"
"SRC610","49","18","Knight Sec Broadcort, Jersey City","4","531","Total Commissions","1.5"
"SRC610","49","19","Deutsche Banc Alex Brown Inc, NY","1","293","Commissions Paid","25,470"
"SRC610","49","19","Deutsche Banc Alex Brown Inc, NY","2","378","Shares","613,400"
"SRC610","49","19","Deutsche Banc Alex Brown Inc, NY","3","464","Commission Per Share","0.04"
"SRC610","49","19","Deutsche Banc Alex Brown Inc, NY","4","531","Total Commissions","1.5"
"SRC610","49","20","Oppenheimer & Co Inc, New York","1","293","Commissions Paid","23,941"
"SRC610","49","20","Oppenheimer & Co Inc, New York","2","378","Shares","524,800"
"SRC610","49","20","Oppenheimer & Co Inc, New York","3","464","Commission Per Share","0.05"
"SRC610","49","20","Oppenheimer & Co Inc, New York","4","531","Total Commissions","1.4"
"SRC610","49","21","First Clearing LLC, Richmond","1","293","Commissions Paid","21,945"
"SRC610","49","21","First Clearing LLC, Richmond","2","378","Shares","731,500"
"SRC610","49","21","First Clearing LLC, Richmond","3","464","Commission Per Share","0.03"
"SRC610","49","21","First Clearing LLC, Richmond","4","531","Total Commissions","1.3"
"SRC610","49","22","Bear Stearns Sec Corp, Brooklyn","1","293","Commissions Paid","18,627"
"SRC610","49","22","Bear Stearns Sec Corp, Brooklyn","2","378","Shares","372,539"
"SRC610","49","22","Bear Stearns Sec Corp, Brooklyn","3","464","Commission Per Share","0.05"
"SRC610","49","22","Bear Stearns Sec Corp, Brooklyn","4","531","Total Commissions","1.1"
"SRC610","49","23","Stephens Inc, Little Rock","1","293","Commissions Paid","16,793"
"SRC610","49","23","Stephens Inc, Little Rock","2","378","Shares","340,300"
"SRC610","49","23","Stephens Inc, Little Rock","3","464","Commission Per Share","0.05"
"SRC610","49","23","Stephens Inc, Little Rock","4","531","Total Commissions","1.0"
"SRC610","49","24","Maxcor Finl Inc, Jersey City","1","293","Commissions Paid","16,143"
"SRC610","49","24","Maxcor Finl Inc, Jersey City","2","378","Shares","538,100"
"SRC610","49","24","Maxcor Finl Inc, Jersey City","3","464","Commission Per Share","0.03"
"SRC610","49","24","Maxcor Finl Inc, Jersey City","4","531","Total Commissions","0.9"
"SRC610","49","25","Bridge Trading Co, St Louis","1","293","Commissions Paid","15,999"
"SRC610","49","25","Bridge Trading Co, St Louis","2","378","Shares","399,800"
"SRC610","49","25","Bridge Trading Co, St Louis","3","464","Commission Per Share","0.04"
"SRC610","49","25","Bridge Trading Co, St Louis","4","531","Total Commissions","0.9"
"SRC610","49","26","Others","1","293","Commissions Paid","321,615"
"SRC610","49","26","Others","2","378","Shares","9,820,327"
"SRC610","49","26","Others","3","464","Commission Per Share","0.03"
"SRC610","49","26","Others","4","531","Total Commissions","18.5"
"SRC610","49","27","Total Broker Commissions $1,738,456","2","378","Shares","47,513,163"
"SRC610","49","27","Total Broker Commissions $1,738,456","3","464","Commission Per Share","$0.04"
"SRC610","49","27","Total Broker Commissions $1,738,456","4","531","Total Commissions","100.0%"
"SRC610","50","1","1,209,800 Citigroup Inc Com","2","390","","$56,255,700"
"SRC610","50","2","1,925,762 Microsoft Corp Com","2","390","","54,999,763"
"SRC610","50","3","1,450,174 Pfizer Inc Com Stk USD0.05","2","390","","49,711,965"
"SRC610","50","4","1,500,944 General Elec Co Com","2","390","","48,630,586"
"SRC610","50","5","3,163,014 HSBC Hldgs Ord USD","1","334","","0.05"
"SRC610","50","5","3,163,014 HSBC Hldgs Ord USD","2","390","","47,036,232"
"SRC610","50","6","1,055,524 Exxon Mobil Corp","2","390","","46,875,821"
"SRC610","50","7","19,877,416 Vodafone Group Pic Ord","2","390","","43,527,590"
"SRC610","50","8","498,149 Bank of America Corp","2","390","","42,153,368"
"SRC610","50","9","210,898 Total SA Eur10","2","390","","40,207,504"
"SRC610","50","10","1,528,805 CISCO Inc Com","2","390","","36,232,679"
"SRC610","50","11","$ 570,888,107 US Treasury Inflation Index Bd","1","334","Description","3.875%"
"SRC610","50","11","$ 570,888,107 US Treasury Inflation Index Bd","3","440","Value ($)","728,239,142"
"SRC610","50","12","112,737,280 US Treasury Inflation Index Bd","1","334","Description","3.625%"
"SRC610","50","12","112,737,280 US Treasury Inflation Index Bd","3","440","Value ($)","137,574,994"
"SRC610","50","13","98,490,720 US Treasury Inflation Index Bd","1","334","Description","3.375%"
"SRC610","50","13","98,490,720 US Treasury Inflation Index Bd","3","440","Value ($)","119,881,919"
"SRC610","50","14","81,800,000 US Treasury Bill","1","334","Description","0.000%"
"SRC610","50","14","81,800,000 US Treasury Bill","3","440","Value ($)","81,661,516"
"SRC610","50","15","70,990,000 US Treasury Notes","1","334","Description","2.500%"
"SRC610","50","15","70,990,000 US Treasury Notes","3","440","Value ($)","70,769,931"
"SRC610","50","16","63,670,000 US Treasury Notes","1","334","Description","4.000%"
"SRC610","50","16","63,670,000 US Treasury Notes","3","440","Value ($)","64,223,929"
"SRC610","50","17","49,640,000 Commit To Pur FNMA Sf Mtg","1","334","Description","6.500%"
"SRC610","50","17","49,640,000 Commit To Pur FNMA Sf Mtg","3","440","Value ($)","51,676,014"
"SRC610","50","18","50,380,000 Commit To Pur FNMA Sf Mtg","1","334","Description","5.000%"
"SRC610","50","18","50,380,000 Commit To Pur FNMA Sf Mtg","3","440","Value ($)","20,245,050"
"SRC610","50","19","49,700,000 Goldman Cat 2 Repo","1","334","Description","1.450%"
"SRC610","50","19","49,700,000 Goldman Cat 2 Repo","3","440","Value ($)","49,700,000"
"SRC610","50","20","50,000,000 US Treasury Notes","1","334","Description","3.375%"
"SRC610","50","20","50,000,000 US Treasury Notes","3","440","Value ($)","49,375,000"
"SRC610","55","1","On March 10, 2004, the State of Kansas","4","428","","$500"
"SRC610","55","2","as a receivable for the December","1","204","","31, 2003,"
"SRC610","55","3","each group. The resulting allocation","2","230","","$36.5"
"SRC610","55","3","each group. The resulting allocation","3","370","","$403.7"
"SRC610","55","4","cap. The statutory cap, which has","3","370","","0.50"
"SRC610","55","5","will increase to 0.60 percent in FY","1","204","","2008."
"SRC610","55","6","0.15 percent to 0.40 percent in CY","1","204","","2006,"
"SRC610","55","6","0.15 percent to 0.40 percent in CY","2","230","","0.50"
"SRC610","55","7","results of the current valuation and","5","446","","2004"
"SRC610","55","8","million. If the actuarial assumed","2","230","","8"
"SRC610","55","8","million. If the actuarial assumed","3","370","","2004,"
"SRC610","55","9","limit the increase in the contribution","2","230","","5.81"
"SRC610","55","10","improved due to legislation, Board","3","370","","2003."
"SRC610","57","1","State/School*","2","217","","9.29%"
"SRC610","57","1","State/School*","3","258","Normal Cost","7.81%"
"SRC610","57","1","State/School*","4","319","","3.72%"
"SRC610","57","1","State/School*","5","357","UAL Payment","4.83%"
"SRC610","57","1","State/School*","6","418","","13.01%"
"SRC610","57","1","State/School*","7","458","Total (EE + ER)","12.64%"
"SRC610","57","2","Local","2","217","","7.75%"
"SRC610","57","2","Local","3","258","Normal Cost","7.36%"
"SRC610","57","2","Local","4","319","","1.95%"
"SRC610","57","2","Local","5","357","UAL Payment","2.88%"
"SRC610","57","2","Local","6","418","","9.70%"
"SRC610","57","2","Local","7","458","Total (EE + ER)","10.24%"
"SRC610","57","3","KP&F","2","217","","16.09%"
"SRC610","57","3","KP&F","3","258","Normal Cost","14.78%"
"SRC610","57","3","KP&F","4","319","","3.85%"
"SRC610","57","3","KP&F","5","357","UAL Payment","4.18%"
"SRC610","57","3","KP&F","6","418","","19.94%"
"SRC610","57","3","KP&F","7","458","Total (EE + ER)","18.96%"
"SRC610","57","4","Judges","2","217","","19.27%"
"SRC610","57","4","Judges","3","258","Normal Cost","17.86%"
"SRC610","57","4","Judges","4","319","","5.33%"
"SRC610","57","4","Judges","5","357","UAL Payment","6.07%"
"SRC610","57","4","Judges","6","418","","24.60%"
"SRC610","57","4","Judges","7","458","Total (EE + ER)","23.93%"
"SRC610","57","5","*Informational only. Separate","5","357","UAL Payment","31, 2003."
"SRC610","57","6","2.43 percent respectively","5","357","UAL Payment","8"
"SRC610","57","7","and actuarial contribution","5","357","UAL Payment","2014"
"SRC610","57","7","and actuarial contribution","6","418","","2025."
"SRC610","58","1","The funding for the","12","478","","$440"
"SRC610","58","2","contribution rate would","3","198","","8.64"
"SRC610","58","2","contribution rate would","7","308","","9.14"
"SRC610","58","3","the change in the actuarial","10","390","","2003"
"SRC610","58","4","Historical contribution","12","478","","31, 2003,"
"SRC610","58","5","contribution rate was","12","478","","2004"
"SRC610","58","6","comparability of contribution","5","248","","2003"
"SRC610","62","1","Actuarial Liability (prior)","1","273","State","$2,542"
"SRC610","62","1","Actuarial Liability (prior)","2","318","School","$7,138"
"SRC610","62","1","Actuarial Liability (prior)","3","365","Local","$1,997"
"SRC610","62","1","Actuarial Liability (prior)","4","406","KP&F","$1,514"
"SRC610","62","1","Actuarial Liability (prior)","5","451","Judges","$101"
"SRC610","62","2","Change to EAN","1","273","State","205"
"SRC610","62","2","Change to EAN","2","318","School","656"
"SRC610","62","2","Change to EAN","3","365","Local","237"
"SRC610","62","2","Change to EAN","4","406","KP&F","48"
"SRC610","62","2","Change to EAN","5","451","Judges","0"
"SRC610","62","3","Actuarial Liability (EAN)","1","273","State","$2,747"
"SRC610","62","3","Actuarial Liability (EAN)","2","318","School","$7,794"
"SRC610","62","3","Actuarial Liability (EAN)","3","365","Local","$2,234"
"SRC610","62","3","Actuarial Liability (EAN)","4","406","KP&F","$1,562"
"SRC610","62","3","Actuarial Liability (EAN)","5","451","Judges","$101"
"SRC610","62","4","Actuarial Value of Assets","1","273","State","(2,520)"
"SRC610","62","4","Actuarial Value of Assets","2","318","School","(5,287)"
"SRC610","62","4","Actuarial Value of Assets","3","365","Local","(1,646)"
"SRC610","62","4","Actuarial Value of Assets","4","406","KP&F","(1,313)"
"SRC610","62","4","Actuarial Value of Assets","5","451","Judges","(86)"
"SRC610","62","5","Unfunded Actuarial Liability","1","273","State","$227"
"SRC610","62","5","Unfunded Actuarial Liability","2","318","School","$2,507"
"SRC610","62","5","Unfunded Actuarial Liability","5","451","Judges","$15"
"SRC610","64","1","UAL in 12/31/02 Valuation Report $2,238.8","2","323","Local","$340.0"
"SRC610","64","1","UAL in 12/31/02 Valuation Report $2,238.8","3","377","Unfunded Actuarial KP&F*","$232.5"
"SRC610","64","1","UAL in 12/31/02 Valuation Report $2,238.8","4","428","Liability Judges*","$17.4"
"SRC610","64","1","UAL in 12/31/02 Valuation Report $2,238.8","5","486","Total","$2,828.7"
"SRC610","64","2","• Effect of contribution cap/timing","1","271","Changes State/School","150.7"
"SRC610","64","2","• Effect of contribution cap/timing","2","323","Local","27.1"
"SRC610","64","2","• Effect of contribution cap/timing","3","377","Unfunded Actuarial KP&F*","0.0"
"SRC610","64","2","• Effect of contribution cap/timing","4","428","Liability Judges*","0.0"
"SRC610","64","2","• Effect of contribution cap/timing","5","486","Total","177.8"
"SRC610","64","3","• Expected increase due to method","1","271","Changes State/School","43.1"
"SRC610","64","3","• Expected increase due to method","2","323","Local","6.0"
"SRC610","64","3","• Expected increase due to method","3","377","Unfunded Actuarial KP&F*","(1.6)"
"SRC610","64","3","• Expected increase due to method","4","428","Liability Judges*","(0.2)"
"SRC610","64","3","• Expected increase due to method","5","486","Total","47.3"
"SRC610","64","4","• Investment return","1","271","Changes State/School","118.5"
"SRC610","64","4","• Investment return","2","323","Local","21.6"
"SRC610","64","4","• Investment return","3","377","Unfunded Actuarial KP&F*","0.0"
"SRC610","64","4","• Investment return","4","428","Liability Judges*","0.0"
"SRC610","64","4","• Investment return","5","486","Total","140.1"
"SRC610","64","5","• Demographic experience","1","271","Changes State/School","(35.0)"
"SRC610","64","5","• Demographic experience","2","323","Local","(1.8)"
"SRC610","64","5","• Demographic experience","3","377","Unfunded Actuarial KP&F*","0.0"
"SRC610","64","5","• Demographic experience","4","428","Liability Judges*","0.0"
"SRC610","64","5","• Demographic experience","5","486","Total","(36.8)"
"SRC610","64","6","• All other experience","1","271","Changes State/School","4.5"
"SRC610","64","6","• All other experience","2","323","Local","0.0"
"SRC610","64","6","• All other experience","3","377","Unfunded Actuarial KP&F*","0.0"
"SRC610","64","6","• All other experience","4","428","Liability Judges*","0.0"
"SRC610","64","6","• All other experience","5","486","Total","4.5"
"SRC610","64","7","• Change in assumptions","1","271","Changes State/School","0.0"
"SRC610","64","7","• Change in assumptions","2","323","Local","0.0"
"SRC610","64","7","• Change in assumptions","3","377","Unfunded Actuarial KP&F*","0.0"
"SRC610","64","7","• Change in assumptions","4","428","Liability Judges*","0.0"
"SRC610","64","7","• Change in assumptions","5","486","Total","0.0"
"SRC610","64","8","• Change in actuarial cost method*","1","271","Changes State/School","862.6"
"SRC610","64","8","• Change in actuarial cost method*","2","323","Local","236.7"
"SRC610","64","8","• Change in actuarial cost method*","3","377","Unfunded Actuarial KP&F*","48.4"
"SRC610","64","8","• Change in actuarial cost method*","4","428","Liability Judges*","0.1"
"SRC610","64","8","• Change in actuarial cost method*","5","486","Total","1,147.8"
"SRC610","64","9","• Change in asset valuation method","1","271","Changes State/School","(209.5)"
"SRC610","64","9","• Change in asset valuation method","2","323","Local","(41.7)"
"SRC610","64","9","• Change in asset valuation method","3","377","Unfunded Actuarial KP&F*","(32.4)"
"SRC610","64","9","• Change in asset valuation method","4","428","Liability Judges*","(2.0)"
"SRC610","64","9","• Change in asset valuation method","5","486","Total","(285.6)"
"SRC610","64","10","• Change in benefit provisions (KP&F only)","1","271","Changes State/School","0.0"
"SRC610","64","10","• Change in benefit provisions (KP&F only)","2","323","Local","0.0"
"SRC610","64","10","• Change in benefit provisions (KP&F only)","3","377","Unfunded Actuarial KP&F*","2.5"
"SRC610","64","10","• Change in benefit provisions (KP&F only)","4","428","Liability Judges*","0.0"
"SRC610","64","10","• Change in benefit provisions (KP&F only)","5","486","Total","2.5"
"SRC610","64","11","• Receivable bond proceeds","1","271","Changes State/School","(440.2)"
"SRC610","64","11","• Receivable bond proceeds","2","323","Local","0.0"
"SRC610","64","11","• Receivable bond proceeds","3","377","Unfunded Actuarial KP&F*","0.0"
"SRC610","64","11","• Receivable bond proceeds","4","428","Liability Judges*","0.0"
"SRC610","64","11","• Receivable bond proceeds","5","486","Total","(440.2)"
"SRC610","64","12","UAL in 12/31/03 Valuation Report $2,733.5**","2","323","Local","$587.9"
"SRC610","64","12","UAL in 12/31/03 Valuation Report $2,733.5**","3","377","Unfunded Actuarial KP&F*","$249.4"
"SRC610","64","12","UAL in 12/31/03 Valuation Report $2,733.5**","4","428","Liability Judges*","$15.3"
"SRC610","64","12","UAL in 12/31/03 Valuation Report $2,733.5**","5","486","Total","$3,586.1"
"SRC610","64","13","* The actuarial cost method was changed to the Entry Age Normal","3","377","Unfunded Actuarial KP&F*","31, 2003,"
"SRC610","64","14","** The allocation of this amount between the State and the School","2","323","Local","$226.8"
"SRC610","64","14","** The allocation of this amount between the State and the School","3","377","Unfunded Actuarial KP&F*","$2,506.7"
"SRC610","65","1","Actuarial Contribution Rate in 12/31/02 Valuation","1","367","State/School","9.14%"
"SRC610","65","1","Actuarial Contribution Rate in 12/31/02 Valuation","2","421","Local","5.44%"
"SRC610","65","1","Actuarial Contribution Rate in 12/31/02 Valuation","3","480","KP&F*","11.63%"
"SRC610","65","1","Actuarial Contribution Rate in 12/31/02 Valuation","4","532","Judges","21.97%"
"SRC610","65","2","• Effect of contribution cap/time lag","1","367","State/School","0.25"
"SRC610","65","2","• Effect of contribution cap/time lag","2","421","Local","0.13"
"SRC610","65","2","• Effect of contribution cap/time lag","3","480","KP&F*","0.00"
"SRC610","65","2","• Effect of contribution cap/time lag","4","532","Judges","0.00"
"SRC610","65","3","• Amortization method","1","367","State/School","0.00"
"SRC610","65","3","• Amortization method","2","421","Local","0.00"
"SRC610","65","3","• Amortization method","3","480","KP&F*","0.00"
"SRC610","65","3","• Amortization method","4","532","Judges","(0.27)"
"SRC610","65","4","• Investment experience","1","367","State/School","0.20"
"SRC610","65","4","• Investment experience","2","421","Local","0.10"
"SRC610","65","4","• Investment experience","3","480","KP&F*","0.00"
"SRC610","65","4","• Investment experience","4","532","Judges","0.00"
"SRC610","65","5","• Liability experience","1","367","State/School","(0.06)"
"SRC610","65","5","• Liability experience","2","421","Local","(0.01)"
"SRC610","65","5","• Liability experience","3","480","KP&F*","0.00"
"SRC610","65","5","• Liability experience","4","532","Judges","0.00"
"SRC610","65","6","• All other experience","1","367","State/School","0.10"
"SRC610","65","6","• All other experience","2","421","Local","(0.03)"
"SRC610","65","6","• All other experience","3","480","KP&F*","0.08"
"SRC610","65","6","• All other experience","4","532","Judges","0.12"
"SRC610","65","7","• Assumption change","1","367","State/School","0.00"
"SRC610","65","7","• Assumption change","2","421","Local","0.00"
"SRC610","65","7","• Assumption change","3","480","KP&F*","0.00"
"SRC610","65","7","• Assumption change","4","532","Judges","0.00"
"SRC610","65","8","• Change in cost method","1","367","State/School","1.46"
"SRC610","65","8","• Change in cost method","2","421","Local","1.12"
"SRC610","65","8","• Change in cost method","3","480","KP&F*","0.86"
"SRC610","65","8","• Change in cost method","4","532","Judges","0.04"
"SRC610","65","9","• Change in asset valuation method","1","367","State/School","(0.35)"
"SRC610","65","9","• Change in asset valuation method","2","421","Local","(0.20)"
"SRC610","65","9","• Change in asset valuation method","3","480","KP&F*","(0.58)"
"SRC610","65","9","• Change in asset valuation method","4","532","Judges","(0.78)"
"SRC610","65","10","• Changes in benefit provisions","1","367","State/School","0.00"
"SRC610","65","10","• Changes in benefit provisions","2","421","Local","0.00"
"SRC610","65","10","• Changes in benefit provisions","3","480","KP&F*","0.04"
"SRC610","65","10","• Changes in benefit provisions","4","532","Judges","0.00"
"SRC610","65","11","• POB proceeds","1","367","State/School","(0.74)"
"SRC610","65","11","• POB proceeds","2","421","Local","0.00"
"SRC610","65","11","• POB proceeds","3","480","KP&F*","0.00"
"SRC610","65","11","• POB proceeds","4","532","Judges","0.00"
"SRC610","65","12","• Experience","1","367","State/School","0.12"
"SRC610","65","12","• Experience","2","421","Local","0.08"
"SRC610","65","12","• Experience","3","480","KP&F*","1.67"
"SRC610","65","12","• Experience","4","532","Judges","(0.56)"
"SRC610","65","13","• Change in cost method","1","367","State/School","(1.48)"
"SRC610","65","13","• Change in cost method","2","421","Local","(0.39)"
"SRC610","65","13","• Change in cost method","3","480","KP&F*","(1.31)"
"SRC610","65","13","• Change in cost method","4","532","Judges","(1.41)"
"SRC610","65","14","Actuarial Contribution Rate in 12/31/03 Valuation","1","367","State/School","8.64%"
"SRC610","65","14","Actuarial Contribution Rate in 12/31/03 Valuation","2","421","Local","6.24%"
"SRC610","65","14","Actuarial Contribution Rate in 12/31/03 Valuation","3","480","KP&F*","12.39%"
"SRC610","65","14","Actuarial Contribution Rate in 12/31/03 Valuation","4","532","Judges","19.11%"
"SRC610","66","1","L","2","247","","5"
"SRC610","66","1","L","7","329","","1"
"SRC610","66","1","L","8","345","","1"
"SRC610","66","1","L","11","395","","7"
"SRC610","66","2","e","1","215","","1"
"SRC610","66","3","m","1","215","","0"
"SRC610","66","4","n","1","215","","0"
"SRC610","66","4","n","2","247","","3"
"SRC610","66","4","n","3","264","","4"
"SRC610","66","4","n","4","281","","6"
"SRC610","66","4","n","5","297","","5"
"SRC610","66","4","n","6","313","","0"
"SRC610","66","4","n","7","329","","0"
"SRC610","66","4","n","8","345","","2"
"SRC610","66","4","n","9","361","","0"
"SRC610","66","4","n","10","377","","0"
"SRC610","66","4","n","11","395","","2"
"SRC610","66","5","e o","1","215","","3"
"SRC610","66","5","e o","4","281","","2"
"SRC610","66","5","e o","5","297","","1"
"SRC610","66","6","s","1","215","","1"
"SRC610","66","7","V","1","215","","0"
"SRC610","66","7","V","2","247","","4"
"SRC610","66","7","V","3","264","","9"
"SRC610","66","7","V","5","297","","7"
"SRC610","66","7","V","7","329","","6"
"SRC610","66","7","V","8","345","","2"
"SRC610","66","7","V","9","361","","1"
"SRC610","66","7","V","11","395","","6"
"SRC610","66","8","a n","2","247","","4"
"SRC610","66","8","a n","11","395","","1"
"SRC610","66","9","n o","1","215","","3"
"SRC610","66","10","t o","12","437","","2."
"SRC610","66","11","o ati d","12","437","","0"
"SRC610","66","12","T e","12","437","","0"
"SRC610","66","13","u rt","12","437","","2"
"SRC610","66","14","n al","1","215","","9"
"SRC610","66","14","n al","2","247","","9"
"SRC610","66","14","n al","3","264","","6"
"SRC610","66","14","n al","4","281","","0"
"SRC610","66","14","n al","5","297","","1"
"SRC610","66","14","n al","6","313","","0"
"SRC610","66","14","n al","7","329","","8"
"SRC610","66","14","n al","8","345","","0"
"SRC610","66","14","n al","9","361","","0"
"SRC610","66","14","n al","10","377","","0"
"SRC610","66","14","n al","11","395","","4"
"SRC610","66","14","n al","12","437","","1,"
"SRC610","66","15","V o","1","215","","9"
"SRC610","66","16","i p","2","247","","6"
"SRC610","66","16","i p","3","264","","4"
"SRC610","66","16","i p","5","297","","2"
"SRC610","66","16","i p","7","329","","7"
"SRC610","66","16","i p","8","345","","3"
"SRC610","66","16","i p","11","395","","9"
"SRC610","66","16","i p","12","437","","3"
"SRC610","66","17","3, e","1","215","","3"
"SRC610","66","17","3, e","2","247","","3"
"SRC610","66","17","3, e","11","395","","1"
"SRC610","66","18","1,","1","215","","8"
"SRC610","66","18","1,","2","247","","3"
"SRC610","66","18","1,","3","264","","4"
"SRC610","66","18","1,","4","281","","0"
"SRC610","66","18","1,","5","297","","0"
"SRC610","66","18","1,","6","313","","0"
"SRC610","66","18","1,","7","329","","4"
"SRC610","66","18","1,","8","345","","2"
"SRC610","66","18","1,","9","361","","8"
"SRC610","66","18","1,","10","377","","0"
"SRC610","66","18","1,","11","395","","5"
"SRC610","66","19","a","1","215","","9"
"SRC610","66","20","h 3","2","247","","1"
"SRC610","66","20","h 3","3","264","","0"
"SRC610","66","20","h 3","4","281","","5"
"SRC610","66","20","h 3","7","329","","5"
"SRC610","66","20","h 3","8","345","","3"
"SRC610","66","20","h 3","9","361","","8"
"SRC610","66","20","h 3","11","395","","1"
"SRC610","66","21","C er","1","215","","3"
"SRC610","66","22","a e","1","215","","7"
"SRC610","66","22","a e","2","247","","3"
"SRC610","66","22","a e","3","264","","7"
"SRC610","66","22","a e","4","281","","0"
"SRC610","66","22","a e","5","297","","0"
"SRC610","66","22","a e","6","313","","0"
"SRC610","66","22","a e","7","329","","3"
"SRC610","66","22","a e","8","345","","5"
"SRC610","66","22","a e","9","361","","0"
"SRC610","66","22","a e","10","377","","0"
"SRC610","66","22","a e","11","395","","8"
"SRC610","66","23","c c","1","215","","9"
"SRC610","66","23","c c","2","247","","2"
"SRC610","66","23","c c","3","264","","5"
"SRC610","66","23","c c","7","329","","6"
"SRC610","66","23","c c","8","345","","3"
"SRC610","66","23","c c","11","395","","6"
"SRC610","66","24","i e","2","247","","3"
"SRC610","66","24","i e","3","264","","1"
"SRC610","66","25","H a","1","215","","6"
"SRC610","66","25","H a","2","247","","0"
"SRC610","66","25","H a","3","264","","6"
"SRC610","66","25","H a","4","281","","0"
"SRC610","66","25","H a","5","297","","0"
"SRC610","66","25","H a","6","313","","0"
"SRC610","66","25","H a","7","329","","0"
"SRC610","66","25","H a","8","345","","8"
"SRC610","66","25","H a","9","361","","0"
"SRC610","66","25","H a","10","377","","0"
"SRC610","66","25","H a","11","395","","6"
"SRC610","66","26","r","1","215","","5"
"SRC610","66","27","a","1","215","","9"
"SRC610","66","27","a","2","247","","3"
"SRC610","66","27","a","3","264","","2"
"SRC610","66","27","a","4","281","","6"
"SRC610","66","27","a","5","297","","0"
"SRC610","66","27","a","6","313","","0"
"SRC610","66","27","a","7","329","","5"
"SRC610","66","27","a","8","345","","7"
"SRC610","66","27","a","9","361","","0"
"SRC610","66","27","a","10","377","","0"
"SRC610","66","27","a","11","395","","5"
"SRC610","66","28","m","1","215","","3"
"SRC610","66","28","m","2","247","","1"
"SRC610","67","1","1. Market Value of Assets, beginning of year","1","264","","$7,548,289,289"
"SRC610","67","1","1. Market Value of Assets, beginning of year","3","343","","$7,064,114,860"
"SRC610","67","1","1. Market Value of Assets, beginning of year","5","425","","$6,526,556,674"
"SRC610","67","1","1. Market Value of Assets, beginning of year","6","502","","$5,883,616,048"
"SRC610","67","2","2. Contributions, during year","1","264","","129,261,891"
"SRC610","67","2","2. Contributions, during year","3","343","","281,369,451"
"SRC610","67","2","2. Contributions, during year","5","425","","284,037,672"
"SRC610","67","2","2. Contributions, during year","6","502","","297,188,900"
"SRC610","67","3","3. Benefits, during year","1","264","","(234,825,688)"
"SRC610","67","3","3. Benefits, during year","3","343","","(470,861,634)"
"SRC610","67","3","3. Benefits, during year","5","425","","(500,512,922)"
"SRC610","67","3","3. Benefits, during year","6","502","","(517,899,204)"
"SRC610","67","4","4. Expected net investment income","1","264","","294,072,306"
"SRC610","67","4","4. Expected net investment income","3","343","","557,695,319"
"SRC610","67","4","4. Expected net investment income","5","425","","513,632,105"
"SRC610","67","4","4. Expected net investment income","6","502","","462,030,712"
"SRC610","67","5","5. Transfers and receivables","2","312","","0"
"SRC610","67","5","5. Transfers and receivables","4","391","","0"
"SRC610","67","5","5. Transfers and receivables","5","425","","37,975,755"
"SRC610","67","5","5. Transfers and receivables","6","502","","440,165,000"
"SRC610","67","6","6. Expected Value of Assets, end of year","1","264","","$7,736,797,798"
"SRC610","67","6","6. Expected Value of Assets, end of year","3","343","","$7,432,317,996"
"SRC610","67","6","6. Expected Value of Assets, end of year","5","425","","$6,861,689,284"
"SRC610","67","6","6. Expected Value of Assets, end of year","6","502","","$6,565,101,456"
"SRC610","67","7","7. Market Value of Assets, end of year","1","264","","7,064,114,860"
"SRC610","67","7","7. Market Value of Assets, end of year","3","343","","6,526,556,674"
"SRC610","67","7","7. Market Value of Assets, end of year","5","425","","5,883,616,048"
"SRC610","67","7","7. Market Value of Assets, end of year","6","502","","7,361,579,683"
"SRC610","67","8","8. Excess (shortfall) of net investment income","1","264","","($672,682,938)"
"SRC610","67","8","8. Excess (shortfall) of net investment income","3","343","","($905,761,322)"
"SRC610","67","8","8. Excess (shortfall) of net investment income","5","425","","($978,073,236)"
"SRC610","67","8","8. Excess (shortfall) of net investment income","6","502","","$796,478,227"
"SRC610","67","9","1. Market Value of Assets, beginning of year","1","264","","$1,589,102,489"
"SRC610","67","9","1. Market Value of Assets, beginning of year","3","343","","$1,498,000,095"
"SRC610","67","9","1. Market Value of Assets, beginning of year","5","425","","$1,395,342,080"
"SRC610","67","9","1. Market Value of Assets, beginning of year","6","502","","$1,297,926,648"
"SRC610","67","10","2. Contributions during year","1","264","","34,219,018"
"SRC610","67","10","2. Contributions during year","3","343","","71,859,932"
"SRC610","67","10","2. Contributions during year","5","425","","79,874,944"
"SRC610","67","10","2. Contributions during year","6","502","","86,210,953"
"SRC610","67","11","3. Benefits during year","1","264","","(45,578,437)"
"SRC610","67","11","3. Benefits during year","3","343","","(100,750,022)"
"SRC610","67","11","3. Benefits during year","5","425","","(91,964,349)"
"SRC610","67","11","3. Benefits during year","6","502","","(99,630,311)"
"SRC610","67","12","4. Expected net investment income","1","264","","62,120,586"
"SRC610","67","12","4. Expected net investment income","3","343","","118,706,635"
"SRC610","67","12","4. Expected net investment income","5","425","","111,153,093"
"SRC610","67","12","4. Expected net investment income","6","502","","103,307,684"
"SRC610","67","13","5. Transfers and receivables","2","312","","0"
"SRC610","67","13","5. Transfers and receivables","4","391","","0"
"SRC610","67","13","5. Transfers and receivables","5","425","","900,320"
"SRC610","67","14","6. Expected Value of Assets, end of year","1","264","","$1,639,863,656"
"SRC610","67","14","6. Expected Value of Assets, end of year","3","343","","$1,587,816,640"
"SRC610","67","14","6. Expected Value of Assets, end of year","5","425","","$1,495,306,088"
"SRC610","67","14","6. Expected Value of Assets, end of year","6","502","","$1,387,814,974"
"SRC610","67","15","7. Market Value of Assets, end of year","1","264","","1,498,000,095"
"SRC610","67","15","7. Market Value of Assets, end of year","3","343","","1,395,342,080"
"SRC610","67","15","7. Market Value of Assets, end of year","5","425","","1,297,926,648"
"SRC610","67","15","7. Market Value of Assets, end of year","6","502","","1,561,501,396"
"SRC610","67","16","8. Excess (shortfall) of net investment income","1","264","","($141,863,561)"
"SRC610","67","16","8. Excess (shortfall) of net investment income","3","343","","($192,474,560)"
"SRC610","67","16","8. Excess (shortfall) of net investment income","5","425","","($197,379,440)"
"SRC610","67","16","8. Excess (shortfall) of net investment income","6","502","","$173,686,422"
"SRC610","68","1","1. Market Value of Assets, beginning of year $1,306,299,006","3","350","","$1,232,301,955"
"SRC610","68","1","1. Market Value of Assets, beginning of year $1,306,299,006","5","432","","$1,149,732,145"
"SRC610","68","1","1. Market Value of Assets, beginning of year $1,306,299,006","6","520","","$1,034,446,737"
"SRC610","68","2","2. Contributions during year","1","271","","27,081,703"
"SRC610","68","2","2. Contributions during year","3","350","","48,285,229"
"SRC610","68","2","2. Contributions during year","5","432","","50,858,313"
"SRC610","68","2","2. Contributions during year","6","520","","51,088,147"
"SRC610","68","3","3. Benefits during year","1","271","","(35,513,089)"
"SRC610","68","3","3. Benefits during year","3","350","","(70,152,742)"
"SRC610","68","3","3. Benefits during year","5","432","","(76,751,521)"
"SRC610","68","3","3. Benefits during year","6","520","","(79,934,661)"
"SRC610","68","4","4. Expected net investment income","1","271","","51,082,950"
"SRC610","68","4","4. Expected net investment income","3","350","","97,726,283"
"SRC610","68","4","4. Expected net investment income","5","432","","90,962,769"
"SRC610","68","4","4. Expected net investment income","6","520","","81,624,076"
"SRC610","68","5","5. Transfers and receivables","2","312","","0"
"SRC610","68","5","5. Transfers and receivables","4","391","","0"
"SRC610","68","5","5. Transfers and receivables","5","432","","2,707,853"
"SRC610","68","5","5. Transfers and receivables","7","560","","0"
"SRC610","68","6","6. Expected Value of Assets, end of year $1,348,950,570","3","350","","$1,308,160,725"
"SRC610","68","6","6. Expected Value of Assets, end of year $1,348,950,570","5","432","","$1,217,509,559"
"SRC610","68","6","6. Expected Value of Assets, end of year $1,348,950,570","6","520","","$1,087,224,299"
"SRC610","68","7","7. Market Value of Assets, end of year","1","271","","1,232,301,955"
"SRC610","68","7","7. Market Value of Assets, end of year","3","350","","1,149,732,145"
"SRC610","68","7","7. Market Value of Assets, end of year","5","432","","1,034,446,737"
"SRC610","68","7","7. Market Value of Assets, end of year","6","520","","1,232,406,980"
"SRC610","68","8","8. Excess (shortfall) of net investment income ($116,648,615)","3","350","","($158,428,580)"
"SRC610","68","8","8. Excess (shortfall) of net investment income ($116,648,615)","5","432","","($183,062,822)"
"SRC610","68","8","8. Excess (shortfall) of net investment income ($116,648,615)","6","520","","$145,182,681"
"SRC610","68","9","1. Market Value of Assets, beginning of year","1","271","","$83,792,482"
"SRC610","68","9","1. Market Value of Assets, beginning of year","3","350","","$79,533,257"
"SRC610","68","9","1. Market Value of Assets, beginning of year","5","432","","$74,599,904"
"SRC610","68","9","1. Market Value of Assets, beginning of year","6","520","","$67,137,447"
"SRC610","68","10","2. Contributions during year","1","271","","2,126,608"
"SRC610","68","10","2. Contributions during year","3","350","","3,957,838"
"SRC610","68","10","2. Contributions during year","5","432","","3,716,116"
"SRC610","68","10","2. Contributions during year","6","520","","4,123,659"
"SRC610","68","11","3. Benefits during year","1","271","","(2,180,954)"
"SRC610","68","11","3. Benefits during year","3","350","","(4,977,864)"
"SRC610","68","11","3. Benefits during year","5","432","","(5,194,517)"
"SRC610","68","11","3. Benefits during year","6","520","","(5,106,275)"
"SRC610","68","12","4. Expected net investment income","1","271","","3,286,164"
"SRC610","68","12","4. Expected net investment income","3","350","","6,322,644"
"SRC610","68","12","4. Expected net investment income","5","432","","5,909,994"
"SRC610","68","12","4. Expected net investment income","6","520","","5,332,447"
"SRC610","68","13","5. Transfers and receivables","2","312","","0"
"SRC610","68","13","5. Transfers and receivables","4","391","","0"
"SRC610","68","13","5. Transfers and receivables","5","432","","171,353"
"SRC610","68","13","5. Transfers and receivables","7","560","","0"
"SRC610","68","14","6. Expected Value of Assets, end of year","1","271","","$87,024,300"
"SRC610","68","14","6. Expected Value of Assets, end of year","3","350","","$84,835,875"
"SRC610","68","14","6. Expected Value of Assets, end of year","5","432","","$79,202,850"
"SRC610","68","14","6. Expected Value of Assets, end of year","6","520","","$71,487,278"
"SRC610","68","15","7. Market Value of Assets, end of year","1","271","","79,533,257"
"SRC610","68","15","7. Market Value of Assets, end of year","3","350","","74,599,904"
"SRC610","68","15","7. Market Value of Assets, end of year","5","432","","67,137,447"
"SRC610","68","15","7. Market Value of Assets, end of year","6","520","","81,081,078"
"SRC610","68","16","8. Excess (shortfall) of net investment income","1","271","","($7,491,043)"
"SRC610","68","16","8. Excess (shortfall) of net investment income","3","350","","($10,235,971)"
"SRC610","68","16","8. Excess (shortfall) of net investment income","5","432","","($12,065,403)"
"SRC610","68","16","8. Excess (shortfall) of net investment income","6","520","","$9,593,800"
"SRC610","69","1","a. Year ending 12/31/03","1","269","State/School","$796,478,227"
"SRC610","69","1","a. Year ending 12/31/03","2","334","Local","$173,686,422"
"SRC610","69","1","a. Year ending 12/31/03","3","399","KP&F","$145,182,681"
"SRC610","69","1","a. Year ending 12/31/03","4","463","Judges","$9,593,800"
"SRC610","69","1","a. Year ending 12/31/03","5","517","Total","$1,124,941,130"
"SRC610","69","2","b. Year ending 12/31/02","1","269","State/School","(978,073,236)"
"SRC610","69","2","b. Year ending 12/31/02","2","334","Local","(197,379,440)"
"SRC610","69","2","b. Year ending 12/31/02","3","399","KP&F","(183,062,822)"
"SRC610","69","2","b. Year ending 12/31/02","4","463","Judges","(12,065,403)"
"SRC610","69","2","b. Year ending 12/31/02","5","517","Total","(1,370,580,901)"
"SRC610","69","3","c. Year ending 12/31/01","1","269","State/School","(905,761,322)"
"SRC610","69","3","c. Year ending 12/31/01","2","334","Local","(192,474,560)"
"SRC610","69","3","c. Year ending 12/31/01","3","399","KP&F","(158,428,580)"
"SRC610","69","3","c. Year ending 12/31/01","4","463","Judges","(10,235,971)"
"SRC610","69","3","c. Year ending 12/31/01","5","517","Total","(1,266,900,434)"
"SRC610","69","4","d. Year ending 12/31/00","1","269","State/School","(672,682,938)"
"SRC610","69","4","d. Year ending 12/31/00","2","334","Local","(141,863,561)"
"SRC610","69","4","d. Year ending 12/31/00","3","399","KP&F","(116,648,615)"
"SRC610","69","4","d. Year ending 12/31/00","4","463","Judges","(7,491,043)"
"SRC610","69","4","d. Year ending 12/31/00","5","517","Total","(938,686,158)"
"SRC610","69","5","e. Total ($1,760,039,268)","2","334","Local","($358,031,140)"
"SRC610","69","5","e. Total ($1,760,039,268)","3","399","KP&F","($312,957,336)"
"SRC610","69","5","e. Total ($1,760,039,268)","4","463","Judges","($20,198,618)"
"SRC610","69","5","e. Total ($1,760,039,268)","5","517","Total","($2,451,226,362)"
"SRC610","69","6","a. Year ending 12/31/03 (80%)","1","269","State/School","$637,182,582"
"SRC610","69","6","a. Year ending 12/31/03 (80%)","2","334","Local","$138,949,138"
"SRC610","69","6","a. Year ending 12/31/03 (80%)","3","399","KP&F","$116,146,145"
"SRC610","69","6","a. Year ending 12/31/03 (80%)","4","463","Judges","$7,675,040"
"SRC610","69","6","a. Year ending 12/31/03 (80%)","5","517","Total","$899,952,904"
"SRC610","69","7","b. Year ending 12/31/02 (60%)","1","269","State/School","(586,843,942)"
"SRC610","69","7","b. Year ending 12/31/02 (60%)","2","334","Local","(118,427,664)"
"SRC610","69","7","b. Year ending 12/31/02 (60%)","3","399","KP&F","(109,837,693)"
"SRC610","69","7","b. Year ending 12/31/02 (60%)","4","463","Judges","(7,239,242)"
"SRC610","69","7","b. Year ending 12/31/02 (60%)","5","517","Total","(822,348,540)"
"SRC610","69","8","c. Year ending 12/31/01 (40%)","1","269","State/School","(362,304,529"
"SRC610","69","8","c. Year ending 12/31/01 (40%)","2","334","Local","(76,989,824)"
"SRC610","69","8","c. Year ending 12/31/01 (40%)","3","399","KP&F","(63,371,432)"
"SRC610","69","8","c. Year ending 12/31/01 (40%)","4","463","Judges","(4,094,389)"
"SRC610","69","8","c. Year ending 12/31/01 (40%)","5","517","Total","(506,760,173)"
"SRC610","69","9","d. Year ending 12/31/00 (20%)","1","269","State/School","(134,536,588)"
"SRC610","69","9","d. Year ending 12/31/00 (20%)","2","334","Local","(28,372,712)"
"SRC610","69","9","d. Year ending 12/31/00 (20%)","3","399","KP&F","(23,329,723)"
"SRC610","69","9","d. Year ending 12/31/00 (20%)","4","463","Judges","(1,498,209)"
"SRC610","69","9","d. Year ending 12/31/00 (20%)","5","517","Total","(187,737,232)"
"SRC610","69","10","e. Total","1","269","State/School","($446,502,476)"
"SRC610","69","10","e. Total","2","334","Local","($84,841,063)"
"SRC610","69","10","e. Total","3","399","KP&F","($80,392,703)"
"SRC610","69","10","e. Total","4","463","Judges","($5,156,799)"
"SRC610","69","10","e. Total","5","517","Total","($616,893,041)"
"SRC610","69","11","Market Value of Assets, end of year","1","269","State/School","$7,361,579,683"
"SRC610","69","11","Market Value of Assets, end of year","2","334","Local","$1,561,501,396"
"SRC610","69","11","Market Value of Assets, end of year","3","399","KP&F","$1,232,406,98"
"SRC610","69","11","Market Value of Assets, end of year","4","463","Judges","$81,081,078"
"SRC610","69","11","Market Value of Assets, end of year","5","517","Total","$10,236,569,137"
"SRC610","69","12","Actuarial Value of Assets, end of year","1","269","State/School","$7,808,082,159"
"SRC610","69","12","Actuarial Value of Assets, end of year","2","334","Local","$1,646,342,459"
"SRC610","69","12","Actuarial Value of Assets, end of year","3","399","KP&F","$1,312,799,683"
"SRC610","69","12","Actuarial Value of Assets, end of year","4","463","Judges","$86,237,877"
"SRC610","69","12","Actuarial Value of Assets, end of year","5","517","Total","$10,853,462,178"
"SRC610","69","13","Actuarial Value divided by market value","1","269","State/School","106.1%"
"SRC610","69","13","Actuarial Value divided by market value","2","334","Local","105.4%"
"SRC610","69","13","Actuarial Value divided by market value","3","399","KP&F","106.5%"
"SRC610","69","13","Actuarial Value divided by market value","4","463","Judges","106.4%"
"SRC610","69","13","Actuarial Value divided by market value","5","517","Total","106.0%"
"SRC610","69","14","Market Value - State","1","269","State/School","$2,333,521,278"
"SRC610","69","15","Market Value - School","1","269","State/School","4,587,893,405"
"SRC610","69","16","Actuarial Value - State","1","269","State/School","2,484,057,415"
"SRC610","69","17","Actuarial Value - School","1","269","State/School","4,883,859,744"
"SRC610","69","18","POB Receivable**","1","269","State/School","$440,165,000"
"SRC610","69","19","Allocated to State","1","269","State/School","36,515,432"
"SRC610","69","20","Allocated to School","1","269","State/School","403,649,568"
"SRC610","69","21","Adjusted Actuarial Value of Assets - State","1","269","State/School","$2,520,572,847"
"SRC610","69","22","Adjusted Actuarial Value of Assets - School","1","269","State/School","$5,287,509,312"
"SRC610","70","1","Active Members","2","328","","148,145"
"SRC610","70","1","Active Members","4","418","","147,294"
"SRC610","70","1","Active Members","5","488","","0.6"
"SRC610","70","2","Retired Members and Beneficiaries","2","328","","59,124"
"SRC610","70","2","Retired Members and Beneficiaries","4","418","","57,597"
"SRC610","70","2","Retired Members and Beneficiaries","5","488","","2.7"
"SRC610","70","3","Inactive Members","2","328","","41,315"
"SRC610","70","3","Inactive Members","4","418","","40,404"
"SRC610","70","3","Inactive Members","5","488","","2.3"
"SRC610","70","4","Total Members","2","328","","248,584"
"SRC610","70","4","Total Members","4","418","","245,295"
"SRC610","70","4","Total Members","5","488","","1.3"
"SRC610","70","5","Projected Annual Salaries of Active Members","1","303","","4,978,131,785"
"SRC610","70","5","Projected Annual Salaries of Active Members","3","393","","4,865,902,928"
"SRC610","70","5","Projected Annual Salaries of Active Members","5","488","","2.3"
"SRC610","70","6","Retired Members and Beneficiaries","1","303","","635,712,464"
"SRC610","70","6","Retired Members and Beneficiaries","3","393","","600,463,025"
"SRC610","70","6","Retired Members and Beneficiaries","5","488","","5.9"
"SRC610","70","7","Total Actuarial Liability $","1","303","","14,439,546,270"
"SRC610","70","7","Total Actuarial Liability $","3","393","","12,613,598,626"
"SRC610","70","7","Total Actuarial Liability $","5","488","","14.5"
"SRC610","70","8","Assets for Valuation Purposes","1","303","","10,853,462,178"
"SRC610","70","8","Assets for Valuation Purposes","3","393","","9,784,862,188"
"SRC610","70","8","Assets for Valuation Purposes","5","488","","10.9"
"SRC610","70","9","Unfunded Actuarial Liability","1","303","","3,586,084,092"
"SRC610","70","9","Unfunded Actuarial Liability","3","393","","2,828,736,438"
"SRC610","71","1","Active Members","2","350","","24,933"
"SRC610","71","1","Active Members","4","440","","24,934"
"SRC610","71","1","Active Members","5","533","","0.0"
"SRC610","71","2","Retired Members and Beneficiaries","2","350","","14,137"
"SRC610","71","2","Retired Members and Beneficiaries","4","440","","13,247"
"SRC610","71","2","Retired Members and Beneficiaries","5","533","","6.7"
"SRC610","71","3","Inactive Members","2","350","","5,913"
"SRC610","71","3","Inactive Members","4","440","","5,612"
"SRC610","71","3","Inactive Members","5","533","","5.4"
"SRC610","71","4","Total Members","2","350","","44,983"
"SRC610","71","4","Total Members","4","440","","43,793"
"SRC610","71","4","Total Members","5","533","","2.7"
"SRC610","71","5","of Active Members","1","323","","$833,252,904"
"SRC610","71","5","of Active Members","3","413","","838,397,642"
"SRC610","71","5","of Active Members","5","533","","0 6"
"SRC610","71","6","Retired Members and Beneficiaries","1","323","","$141,291,491"
"SRC610","71","6","Retired Members and Beneficiaries","3","413","","$132,595,231"
"SRC610","71","6","Retired Members and Beneficiaries","5","533","","6.6"
"SRC610","71","7","Total Actuarial Liability","1","323","","$2,747,341,651"
"SRC610","71","7","Total Actuarial Liability","3","413","","$2,415,071,587"
"SRC610","71","7","Total Actuarial Liability","5","533","","13.8"
"SRC610","71","8","Assets for Valuation Purposes","1","323","","2,520,572,847"
"SRC610","71","8","Assets for Valuation Purposes","3","413","","2,309,556,304"
"SRC610","71","8","Assets for Valuation Purposes","5","533","","9.1"
"SRC610","71","9","Unfunded Actuarial Liability","1","323","","226,768,804"
"SRC610","71","9","Unfunded Actuarial Liability","3","413","","105,515,283"
"SRC610","71","10","Normal Cost","2","350","","3.37%"
"SRC610","71","10","Normal Cost","4","440","","4.83%"
"SRC610","71","11","and Debt Service","2","350","","1.84%"
"SRC610","71","11","and Debt Service","4","440","","1.06%"
"SRC610","71","12","Actuarial Contribution Rate","2","350","","5.21%"
"SRC610","71","12","Actuarial Contribution Rate","4","440","","5.89%"
"SRC610","71","13","Statutory Employer Contribution Rate*","2","350","","5.21%"
"SRC610","71","13","Statutory Employer Contribution Rate*","4","440","","5.27%"
"SRC610","72","1","Active Members","2","327","","80,169"
"SRC610","72","1","Active Members","4","416","","80,109"
"SRC610","72","1","Active Members","5","511","","0.1"
"SRC610","72","2","Retired Members and Beneficiaries","2","327","","30,093"
"SRC610","72","2","Retired Members and Beneficiaries","4","416","","29,151"
"SRC610","72","2","Retired Members and Beneficiaries","5","511","","3.2"
"SRC610","72","3","Inactive Members","2","327","","24,999"
"SRC610","72","3","Inactive Members","4","416","","24,872"
"SRC610","72","3","Inactive Members","5","511","","0.5"
"SRC610","72","4","Total Members","2","327","","135,261"
"SRC610","72","4","Total Members","4","416","","134,132"
"SRC610","72","4","Total Members","5","511","","0.8"
"SRC610","72","5","of Active Members","1","298","","2,585,895,939"
"SRC610","72","5","of Active Members","3","388","","2,534,768,517"
"SRC610","72","5","of Active Members","5","511","","2.0"
"SRC610","72","6","Retired Members and Beneficiaries","1","298","","332,917,524"
"SRC610","72","6","Retired Members and Beneficiaries","3","388","","311,503,562"
"SRC610","72","6","Retired Members and Beneficiaries","5","511","","6.9"
"SRC610","72","7","Total Actuarial Liability","1","298","","7,794,261,207"
"SRC610","72","7","Total Actuarial Liability","3","388","","$6,736,497,855"
"SRC610","72","7","Total Actuarial Liability","5","511","","15.7"
"SRC610","72","8","Assets for Valuation Purposes","1","298","","5,287,509,312"
"SRC610","72","8","Assets for Valuation Purposes","3","388","","4,603,213,237"
"SRC610","72","8","Assets for Valuation Purposes","5","511","","14.9"
"SRC610","72","9","Unfunded Actuarial Liability","1","298","","2,506,751,895"
"SRC610","72","9","Unfunded Actuarial Liability","3","388","","2,133,284,618"
"SRC610","72","10","Normal Cost","2","327","","3.95%"
"SRC610","72","10","Normal Cost","4","416","","5.29%"
"SRC610","72","11","and Debt Service","2","327","","5.80%"
"SRC610","72","11","and Debt Service","4","416","","4.89%"
"SRC610","72","12","Actuarial Contribution Rate","2","327","","9.75%"
"SRC610","72","12","Actuarial Contribution Rate","4","416","","10.18%"
"SRC610","72","13","Statutory Employer Contribution Rate*","2","327","","5.77%"
"SRC610","72","13","Statutory Employer Contribution Rate*","4","416","","5.27%"
"SRC610","73","1","Active Members","2","350","","36,299"
"SRC610","73","1","Active Members","4","440","","35,235"
"SRC610","73","1","Active Members","5","533","","3.0"
"SRC610","73","2","Retired Members and Beneficiaries","2","350","","11,279"
"SRC610","73","2","Retired Members and Beneficiaries","4","440","","10,969"
"SRC610","73","2","Retired Members and Beneficiaries","5","533","","2.8"
"SRC610","73","3","Inactive Members","2","350","","9,301"
"SRC610","73","3","Inactive Members","4","440","","8,838"
"SRC610","73","3","Inactive Members","5","533","","5.2"
"SRC610","73","4","Total Members","2","350","","56,879"
"SRC610","73","4","Total Members","4","440","","55,042"
"SRC610","73","4","Total Members","5","533","","3.3"
"SRC610","73","5","of Active Members","1","321","","1,212,174,026"
"SRC610","73","5","of Active Members","3","413","","1,153,168,204"
"SRC610","73","5","of Active Members","5","533","","5.1"
"SRC610","73","6","Retired Members and Beneficiaries","1","321","","83,190,648"
"SRC610","73","6","Retired Members and Beneficiaries","3","413","","78,602,629"
"SRC610","73","6","Retired Members and Beneficiaries","5","533","","5.8"
"SRC610","73","7","Total Actuarial Liability","1","321","","2,234,229,454"
"SRC610","73","7","Total Actuarial Liability","3","413","","1,858,721,775"
"SRC610","73","7","Total Actuarial Liability","5","533","","20.2"
"SRC610","73","8","Assets for Valuation Purposes","1","321","","1,646,342,459"
"SRC610","73","8","Assets for Valuation Purposes","3","413","","1,518,684,533"
"SRC610","73","8","Assets for Valuation Purposes","5","533","","8.4"
"SRC610","73","9","Unfunded Actuarial Liability","1","321","","587,886,995"
"SRC610","73","9","Unfunded Actuarial Liability","3","413","","340,037,242"
"SRC610","73","10","Normal Cost","2","350","","3.36%"
"SRC610","73","10","Normal Cost","4","440","","3.67%"
"SRC610","73","11","and Supplemental Liability","2","350","","2.88%"
"SRC610","73","11","and Supplemental Liability","4","440","","1.77%"
"SRC610","73","12","Actuarial Contribution Rate","2","350","","6.24%"
"SRC610","73","12","Actuarial Contribution Rate","4","440","","5.44%"
"SRC610","73","13","Statutory Employer Contribution Rate*","2","350","","3.81%"
"SRC610","73","13","Statutory Employer Contribution Rate*","4","440","","3.41%"
"SRC610","73","14","* Statutory Employer Contribution Rate exceeds last year’s rate by the","3","413","","0.4"
"SRC610","74","1","Active Members","2","328","","6,494"
"SRC610","74","1","Active Members","4","418","","6,548"
"SRC610","74","1","Active Members","5","511","","(0 8"
"SRC610","74","2","Retired Members and Beneficiaries","2","328","","3,456"
"SRC610","74","2","Retired Members and Beneficiaries","4","418","","3,338"
"SRC610","74","2","Retired Members and Beneficiaries","5","511","","3.5"
"SRC610","74","3","Inactive Members","2","328","","1,087"
"SRC610","74","3","Inactive Members","4","418","","961"
"SRC610","74","3","Inactive Members","5","511","","13.1"
"SRC610","74","4","Total Members","2","328","","11,037"
"SRC610","74","4","Total Members","4","418","","10,847"
"SRC610","74","4","Total Members","5","511","","1.8"
"SRC610","74","5","of Active Members","1","306","","324,682,693"
"SRC610","74","5","of Active Members","3","392","","317,784,548"
"SRC610","74","5","of Active Members","5","511","","2.2"
"SRC610","74","6","Retired Members and Beneficiaries","1","306","","73,469,109"
"SRC610","74","6","Retired Members and Beneficiaries","3","392","","69,902,312"
"SRC610","74","6","Retired Members and Beneficiaries","5","511","","5.1"
"SRC610","74","7","Total Actuarial Liability $","1","306","","1,562,157,258"
"SRC610","74","7","Total Actuarial Liability $","3","392","","1,467,979,675"
"SRC610","74","7","Total Actuarial Liability $","5","511","","6.4"
"SRC610","74","8","Assets for Valuation Purposes","1","306","","1,312,799,683"
"SRC610","74","8","Assets for Valuation Purposes","3","392","","1,235,479,858"
"SRC610","74","8","Assets for Valuation Purposes","5","511","","6.3"
"SRC610","74","9","Unfunded Actuarial Liability","1","306","","249,357,575"
"SRC610","74","9","Unfunded Actuarial Liability","3","392","","232,499,817"
"SRC610","74","10","Normal Cost","2","328","","8.21%"
"SRC610","74","10","Normal Cost","4","418","","7.85%"
"SRC610","74","11","and Supplemental Liability","2","328","","4.18%"
"SRC610","74","11","and Supplemental Liability","4","418","","3.78%"
"SRC610","74","12","Actuarial Contribution Rate (Local Employees)","2","328","","12.39%"
"SRC610","74","12","Actuarial Contribution Rate (Local Employees)","4","418","","11.63%"
"SRC610","74","13","Statutory Employer Contribution Rate*","2","328","","12.39%"
"SRC610","74","13","Statutory Employer Contribution Rate*","4","418","","11.63%"
"SRC610","74","14","15 perecent excess benefit liability, determined separately for each employer.","4","418","","31, 2002,"
"SRC610","74","15","0.06% increase for fiscal years beginning in 2005 to pay for the benefit enhancement","3","392","","2004"
"SRC610","75","1","Active Members","1","344","","250"
"SRC610","75","1","Active Members","2","434","","248"
"SRC610","75","1","Active Members","3","532","","0.8"
"SRC610","75","2","Retired Members and Beneficiaries","1","344","","159"
"SRC610","75","2","Retired Members and Beneficiaries","2","434","","154"
"SRC610","75","2","Retired Members and Beneficiaries","3","532","","3.2"
"SRC610","75","3","Inactive Members","1","344","","15"
"SRC610","75","3","Inactive Members","2","434","","15"
"SRC610","75","3","Inactive Members","3","532","","0.0"
"SRC610","75","4","Total Members","1","344","","424"
"SRC610","75","4","Total Members","2","434","","417"
"SRC610","75","4","Total Members","3","532","","1.7"
"SRC610","75","5","of Active Members $ 22,126,223","2","434","","21,784,017"
"SRC610","75","5","of Active Members $ 22,126,223","3","532","","1.6"
"SRC610","75","6","Retired Members and Beneficiaries $ 4,843,692","2","434","","4,597,899"
"SRC610","75","6","Retired Members and Beneficiaries $ 4,843,692","3","532","","5.3"
"SRC610","75","7","Total Actuarial Liability $ 101,556,700","2","434","","97,798,899"
"SRC610","75","7","Total Actuarial Liability $ 101,556,700","3","532","","3.8"
"SRC610","75","8","Assets for Valuation Purposes 86,237,877","2","434","","80,399,421"
"SRC610","75","8","Assets for Valuation Purposes 86,237,877","3","532","","7.3"
"SRC610","75","9","Unfunded Actuarial Liability 15,318,823","2","434","","17,399,478"
"SRC610","75","10","Normal Cost","1","344","","13.04%"
"SRC610","75","10","Normal Cost","2","434","","15.00%"
"SRC610","75","11","and Supplemental Liability","1","344","","6.07%"
"SRC610","75","11","and Supplemental Liability","2","434","","6.97%"
"SRC610","75","12","Actuarial Contribution Rate","1","344","","19.11%"
"SRC610","75","12","Actuarial Contribution Rate","2","434","","21.97%"
"SRC610","75","13","Statutory Employer Contribution Rate**","1","344","","19.11%"
"SRC610","75","13","Statutory Employer Contribution Rate**","2","434","","21.97%"
"SRC610","76","1","ending December","2","171","","2000."
"SRC610","76","2","valuations","2","171","","31,"
"SRC610","76","2","valuations","3","211","","2000."
"SRC610","76","3","A. Actuarial","6","310","","31, 2000)"
"SRC610","76","4","Rate of Investment","3","211","","8.0"
"SRC610","76","5","Implicit Inflation","3","211","","3.5"
"SRC610","76","6","Rates of Mortality","5","251","","1994"
"SRC610","76","7","Disabled","3","211","","1994"
"SRC610","76","7","Disabled","7","329","","12"
"SRC610","79","1","• For correctional employees with an age","1","237","","55"
"SRC610","79","2","• For correctional employees with an age","1","237","","60"
"SRC610","79","2","• For correctional employees with an age","4","343","","62"
"SRC610","79","3","Indexation of Final Average Salary for Disabled","3","286","","2.5"
"SRC610","80","1","Rate of Investment Return","3","281","","8.0"
"SRC610","80","2","Implicit Inflation Assumption","3","281","","3.5"
"SRC610","80","3","Rates of Mortality","3","281","","1994"
"SRC610","80","4","Disabled Life Mortality","3","281","","1994"
"SRC610","80","4","Disabled Life Mortality","6","406","","12"
"SRC610","80","5","Tier I: 3 percent","3","281","","0"
"SRC610","80","6","50","2","227","Rate","5%"
"SRC610","80","6","50","5","344","Normal Age","55"
"SRC610","80","6","50","6","406","Retirement Rate","60%"
"SRC610","80","7","51","2","227","Rate","5%"
"SRC610","80","7","51","5","344","Normal Age","56"
"SRC610","80","7","51","6","406","Retirement Rate","25%"
"SRC610","80","8","52","2","227","Rate","10%"
"SRC610","80","8","52","5","344","Normal Age","57"
"SRC610","80","8","52","6","406","Retirement Rate","20%"
"SRC610","80","9","53","2","227","Rate","20%"
"SRC610","80","9","53","5","344","Normal Age","58"
"SRC610","80","9","53","6","406","Retirement Rate","35%"
"SRC610","80","10","54","2","227","Rate","30%"
"SRC610","80","10","54","5","344","Normal Age","59"
"SRC610","80","10","54","6","406","Retirement Rate","65%"
"SRC610","81","1","Marriage Assumption:","1","164","","80"
"SRC610","81","2","Rate of Investment Return","3","299","(Judges)","8.0"
"SRC610","81","3","Implicit Inflation Assumption","3","299","(Judges)","3.5"
"SRC610","81","4","Rates of Mortality","3","299","(Judges)","1994"
"SRC610","81","5","Rates of Salary Increase","3","299","(Judges)","5.5"
"SRC610","83","1","hours","3","225","members","180"
"SRC610","83","2","• Age","1","96","year. School","65"
"SRC610","83","3","• Age","1","96","year. School","62"
"SRC610","83","4","years of","5","444","employees who","1, 2001,"
"SRC610","83","5","may receive","3","225","members","50"
"SRC610","83","6","For those","2","195","become KPERS","1, 1993,"
"SRC610","83","7","For those","3","225","members","1, 1993,"
"SRC610","83","8","Prior Service","3","225","members","0.75"
"SRC610","83","8","Prior Service","4","308","on their employment","1"
"SRC610","83","9","Participating","4","308","on their employment","1.75"
"SRC610","83","10","must wait","1","96","year. School","30"
"SRC610","84","1","Eligibility — Eligibility","7","515","","0.2"
"SRC610","84","2","per month if the","2","214","earnings","60"
"SRC610","84","2","per month if the","3","237","limit.","62,"
"SRC610","84","2","per month if the","4","291","","0.6"
"SRC610","84","2","per month if the","6","488","","55"
"SRC610","84","2","per month if the","7","515","","60."
"SRC610","84","3","contributions of","1","135","refund contributions","0.6"
"SRC610","84","4","employment-related","5","358","been reported","$100."
"SRC610","84","5","premiums if the","2","214","only after","65"
"SRC610","84","6","contributions plus","5","358","been reported","55"
"SRC610","84","7","If a member with","1","135","refund contributions","15"
"SRC610","84","8","Service-Connected","7","515","employer.","$50,000"
"SRC610","84","9","lump sum, and an","3","237","","50"
"SRC610","84","10","minimum benefit","1","135","refund contributions","$100"
"SRC610","84","11","youngest child reaches","3","237","","23"
"SRC610","84","12","Insured Death Benefit","6","488","former","150"
"SRC610","84","13","Death Benefit After","5","358","been reported","$4,000"
"SRC610","84","14","benefit to a funeral","4","291","all contributions have","$4,000"
"SRC610","85","1","Members contribute 4 percent of their gross earnings. Interest is credited","3","533","","30"
"SRC610","85","2","year, based on account balance as of the preceding December 31. Those","2","499","","1, 1993,"
"SRC610","85","2","year, based on account balance as of the preceding December 31. Those","3","533","","8"
"SRC610","85","3","percent interest per year. Those who became members on and after July","1","359","","1, 1993,"
"SRC610","85","4","benefits for service before 1962. The benefit is 1 percent of FAS for each","3","533","service","1961"
"SRC610","85","5","Correctional employees, as certified to the Board of Trustees by the Secretary","3","533","service","74"
"SRC610","86","1","• Any","2","126","20 years","32"
"SRC610","86","2","• Age","1","96","Age 55 and","50"
"SRC610","86","2","• Age","2","126","20 years","25"
"SRC610","86","3","• Age","1","96","Age 55 and","55"
"SRC610","86","3","• Age","2","126","20 years","20"
"SRC610","86","4","• Age","1","96","Age 55 and","60"
"SRC610","86","4","• Age","2","126","20 years","15"
"SRC610","86","5","Benefits","5","530","","1, 2001,"
"SRC610","86","6","For those","3","240","","1, 1993,"
"SRC610","86","7","For those","3","240","","1, 1993,"
"SRC610","86","8","Annual","4","290","","2.5"
"SRC610","86","9","Local","5","530","","50"
"SRC610","86","10","Eligibility","3","240","","50"
"SRC610","86","10","Eligibility","4","290","","20"
"SRC610","86","11","are reduced","2","126","20 years","0.4"
"SRC610","86","11","are reduced","3","240","","55."
"SRC610","86","12","Eligibility","3","240","","20"
"SRC610","86","13","Eligibility","4","290","","15"
"SRC610","86","14","before","1","96","Age 55 and","60,"
"SRC610","86","14","before","3","240","","20"
"SRC610","86","15","receives","2","126","20 years","50"
"SRC610","86","15","receives","3","240","","10"
"SRC610","86","15","receives","5","530","","23"
"SRC610","87","1","each year, to a maximum","2","182","","80"
"SRC610","87","2","receives a lump-sum","2","182","","50"
"SRC610","87","3","TIER I*: Non Service-Connected","3","373","","2.5"
"SRC610","87","4","maximum benefit of","1","148","","80"
"SRC610","87","5","connected disability","4","419","","50"
"SRC610","87","6","immediately before","5","485","","$1"
"SRC610","87","6","immediately before","6","517","","$2"
"SRC610","87","7","TIER I * and TIER","6","517","","50"
"SRC610","87","8","FAS goes to the spouse,","2","182","","10"
"SRC610","87","8","FAS goes to the spouse,","4","419","","18"
"SRC610","87","8","FAS goes to the spouse,","5","485","","23"
"SRC610","87","9","student(s)], to a maximum","2","182","","75"
"SRC610","87","10","Non-Service-Connected","5","485","","2.5"
"SRC610","87","11","* TIER I — Members","3","373","dependent children.","1, 1989,"
"SRC610","87","12","** TIER II — Members","3","373","dependent children.","1, 1989,"
"SRC610","87","13","employed before July","1","148","member’s","1, 1989,"
"SRC610","87","14","Members contribute","1","148","member’s","7"
"SRC610","87","14","Members contribute","3","373","dependent children.","32"
"SRC610","88","1","A few members employed before January","1","234","","1, 1976,"
"SRC610","88","2","including contributions for Medicare. These","4","379","","50"
"SRC610","88","3","Final Average Salary (FAS), which is the","6","514","","1, 2001,"
"SRC610","88","4","retirement a member may receive a lump-sum","2","315","service equal","50"
"SRC610","88","5","The basic formula for those who were members","2","315","service equal","1, 1987,"
"SRC610","88","5","The basic formula for those who were members","3","349","85 “points”","5"
"SRC610","88","6","1987, the formula is 3.5 percent for each","3","349","85 “points”","70"
"SRC610","88","7","Employment after Retirement: Retired judges","5","416","","104"
"SRC610","88","8","current salary of a judge. The agreement","5","416","","12"
"SRC610","88","9","retirement benefit is reduced 0.2 percent","4","379","","60"
"SRC610","88","9","retirement benefit is reduced 0.2 percent","5","416","","62,"
"SRC610","88","10","combined total credited service equals ten","6","514","","62"
"SRC610","88","11","disability benefit, payable until age 65, is","1","234","years of credited","3.5"
"SRC610","88","11","disability benefit, payable until age 65, is","6","514","","50"
"SRC610","88","12","Withdrawal Benefit — If members leave","6","514","","30"
"SRC610","91","1","06/30/95","1","135","Members (2)","131,270"
"SRC610","91","1","06/30/95","2","205","Membership","6.6%"
"SRC610","91","1","06/30/95","3","263","Employers","1,309"
"SRC610","91","1","06/30/95","4","335","Employers","1.7%"
"SRC610","91","1","06/30/95","5","389","(Millions) (2)","3,309"
"SRC610","91","1","06/30/95","6","437","Payroll","25,208"
"SRC610","91","1","06/30/95","7","509","Average Payroll","1.2%"
"SRC610","91","2","06/30/96","1","135","Members (2)","134,470"
"SRC610","91","2","06/30/96","2","205","Membership","2.4"
"SRC610","91","2","06/30/96","3","263","Employers","1,344"
"SRC610","91","2","06/30/96","4","335","Employers","2.7"
"SRC610","91","2","06/30/96","5","389","(Millions) (2)","3,464"
"SRC610","91","2","06/30/96","6","437","Payroll","25,760"
"SRC610","91","2","06/30/96","7","509","Average Payroll","2.2"
"SRC610","91","3","06/30/97","1","135","Members (2)","136,241"
"SRC610","91","3","06/30/97","2","205","Membership","1.3"
"SRC610","91","3","06/30/97","3","263","Employers","1,371"
"SRC610","91","3","06/30/97","4","335","Employers","2.0"
"SRC610","91","3","06/30/97","5","389","(Millions) (2)","3,590"
"SRC610","91","3","06/30/97","6","437","Payroll","26,350"
"SRC610","91","3","06/30/97","7","509","Average Payroll","2.3"
"SRC610","91","4","06/30/98","1","135","Members (2)","134,866"
"SRC610","91","4","06/30/98","2","205","Membership","-1.0"
"SRC610","91","4","06/30/98","3","263","Employers","1,397"
"SRC610","91","4","06/30/98","4","335","Employers","1.9"
"SRC610","91","4","06/30/98","5","389","(Millions) (2)","3,765"
"SRC610","91","4","06/30/98","6","437","Payroll","27,915"
"SRC610","91","4","06/30/98","7","509","Average Payroll","5.9"
"SRC610","91","5","06/30/99","1","135","Members (2)","137,969"
"SRC610","91","5","06/30/99","2","205","Membership","2.3"
"SRC610","91","5","06/30/99","3","263","Employers","1,407"
"SRC610","91","5","06/30/99","4","335","Employers","0.7"
"SRC610","91","5","06/30/99","5","389","(Millions) (2)","4,088"
"SRC610","91","5","06/30/99","6","437","Payroll","28,529"
"SRC610","91","5","06/30/99","7","509","Average Payroll","2.2"
"SRC610","91","6","06/30/00","1","135","Members (2)","140,559"
"SRC610","91","6","06/30/00","2","205","Membership","1.9"
"SRC610","91","6","06/30/00","3","263","Employers","1,416"
"SRC610","91","6","06/30/00","4","335","Employers","0.6"
"SRC610","91","6","06/30/00","5","389","(Millions) (2)","4,290"
"SRC610","91","6","06/30/00","6","437","Payroll","30,471"
"SRC610","91","6","06/30/00","7","509","Average Payroll","6.8"
"SRC610","91","7","12/31/00","1","135","Members (2)","143,337"
"SRC610","91","7","12/31/00","2","205","Membership","2.0"
"SRC610","91","7","12/31/00","3","263","Employers","1,423"
"SRC610","91","7","12/31/00","4","335","Employers","0.5"
"SRC610","91","7","12/31/00","5","389","(Millions) (2)","4,455"
"SRC610","91","7","12/31/00","6","437","Payroll","30,412"
"SRC610","91","7","12/31/00","7","509","Average Payroll","-0.2"
"SRC610","91","8","12/31/01","1","135","Members (2)","145,666"
"SRC610","91","8","12/31/01","2","205","Membership","1.6"
"SRC610","91","8","12/31/01","3","263","Employers","1,435"
"SRC610","91","8","12/31/01","4","335","Employers","0.8"
"SRC610","91","8","12/31/01","5","389","(Millions) (2)","4,675"
"SRC610","91","8","12/31/01","6","437","Payroll","32,094"
"SRC610","91","8","12/31/01","7","509","Average Payroll","5.5"
"SRC610","91","9","12/31/02","1","135","Members (2)","147,294"
"SRC610","91","9","12/31/02","2","205","Membership","1.1"
"SRC610","91","9","12/31/02","3","263","Employers","1,442"
"SRC610","91","9","12/31/02","4","335","Employers","0.5"
"SRC610","91","9","12/31/02","5","389","(Millions) (2)","4,866"
"SRC610","91","9","12/31/02","6","437","Payroll","32,984"
"SRC610","91","9","12/31/02","7","509","Average Payroll","2.8"
"SRC610","91","10","12/31/03","1","135","Members (2)","148,145"
"SRC610","91","10","12/31/03","2","205","Membership","0.6"
"SRC610","91","10","12/31/03","3","263","Employers","1,454"
"SRC610","91","10","12/31/03","4","335","Employers","0.8"
"SRC610","91","10","12/31/03","5","389","(Millions) (2)","4,978"
"SRC610","91","10","12/31/03","6","437","Payroll","32,944"
"SRC610","91","10","12/31/03","7","509","Average Payroll","-0.1"
"SRC610","91","11","1) Data provided","4","335","Employers","1."
"SRC610","94","1","Number","1","319","","55,509"
"SRC610","94","1","Number","2","423","","53,367"
"SRC610","94","2","Average Benefit $10,042","2","423","","$9,794"
"SRC610","94","3","Average Age","1","319","","72.91"
"SRC610","94","3","Average Age","2","423","","73.08"
"SRC610","94","4","Number","1","319","","3,456"
"SRC610","94","4","Number","2","423","","3,338"
"SRC610","94","5","Average Benefit $21,258","2","423","","$20,941"
"SRC610","94","6","Average Age","1","319","","61.20"
"SRC610","94","6","Average Age","2","423","","60.90"
"SRC610","94","7","Number","1","319","","159"
"SRC610","94","7","Number","2","423","","154"
"SRC610","94","8","Average Benefit $30,463","2","423","","$29,856"
"SRC610","94","9","Average Age","1","319","","73.30"
"SRC610","94","9","Average Age","2","423","","72.80"
"SRC610","94","10","Number","1","319","","59,124"
"SRC610","94","10","Number","2","423","","56,859"
"SRC610","94","11","Average Benefit $10,752","2","423","","$10,503"
"SRC610","94","12","Average Age","1","319","","72.23"
"SRC610","94","12","Average Age","2","423","","72.36"
"SRC610","94","13","Number 141,401","2","423","","140,278"
"SRC610","94","14","Average Current Age","1","319","","44.96"
"SRC610","94","14","Average Current Age","2","423","","44.64"
"SRC610","94","15","Average Service","1","319","","10.59"
"SRC610","94","15","Average Service","2","423","","10.36"
"SRC610","94","16","Average Pay $32,111","2","423","","$31,634"
"SRC610","94","17","Number","1","319","","6,494"
"SRC610","94","17","Number","2","423","","6,548"
"SRC610","94","18","Tier I","1","319","","744"
"SRC610","94","18","Tier I","2","423","","782"
"SRC610","94","19","Tier II","1","319","","5,750"
"SRC610","94","19","Tier II","2","423","","5,766"
"SRC610","94","20","Average Current Age","1","319","","38.80"
"SRC610","94","20","Average Current Age","2","423","","38.40"
"SRC610","94","21","Average Service","1","319","","10.95"
"SRC610","94","21","Average Service","2","423","","10.59"
"SRC610","94","22","Average Pay $49,017","2","423","","$47,580"
"SRC610","94","23","Number","1","319","","250"
"SRC610","94","23","Number","2","423","","248"
"SRC610","94","24","Average Current Age","1","319","","55.10"
"SRC610","94","24","Average Current Age","2","423","","55.00"
"SRC610","94","25","Average Service","1","319","","11.30"
"SRC610","94","25","Average Service","2","423","","11.06"
"SRC610","94","26","Average Pay $86,770","2","423","","$86,116"
"SRC610","94","27","Number 148,145","2","423","","147,074"
"SRC610","94","28","Average Current Age","1","319","","44.71"
"SRC610","94","28","Average Current Age","2","423","","44.38"
"SRC610","94","29","Average Service","1","319","","10.60"
"SRC610","94","29","Average Service","2","423","","10.37"
"SRC610","94","30","Average Pay $32,944","2","423","","$32,436"
"SRC610","96","1","Number of Retirants (a)","1","282","Operations 2004","59,124"
"SRC610","96","1","Number of Retirants (a)","2","334","– Ten-Year 2003","57,597"
"SRC610","96","1","Number of Retirants (a)","3","392","Summary 2002","56,115"
"SRC610","96","1","Number of Retirants (a)","4","452","2001","54,396"
"SRC610","96","2","New Retirants During the Fiscal Year","1","282","Operations 2004","3,612"
"SRC610","96","2","New Retirants During the Fiscal Year","2","334","– Ten-Year 2003","3,585"
"SRC610","96","2","New Retirants During the Fiscal Year","3","392","Summary 2002","3,689"
"SRC610","96","2","New Retirants During the Fiscal Year","4","452","2001","3,112"
"SRC610","96","3","Active and Inactive Members (a) 189,460","2","334","– Ten-Year 2003","187,698"
"SRC610","96","3","Active and Inactive Members (a) 189,460","3","392","Summary 2002","183,966"
"SRC610","96","3","Active and Inactive Members (a) 189,460","4","452","2001","179,073"
"SRC610","96","4","Participating Employers","1","282","Operations 2004","1,454"
"SRC610","96","4","Participating Employers","2","334","– Ten-Year 2003","1,442"
"SRC610","96","4","Participating Employers","3","392","Summary 2002","1,435"
"SRC610","96","4","Participating Employers","4","452","2001","1,423"
"SRC610","96","5","Member Contributions","1","282","Operations 2004","$230"
"SRC610","96","5","Member Contributions","2","334","– Ten-Year 2003","$225"
"SRC610","96","5","Member Contributions","3","392","Summary 2002","$210"
"SRC610","96","5","Member Contributions","4","452","2001","$204"
"SRC610","96","6","Employer Contributions (g)","1","282","Operations 2004","714"
"SRC610","96","6","Employer Contributions (g)","2","334","– Ten-Year 2003","231"
"SRC610","96","6","Employer Contributions (g)","3","392","Summary 2002","221"
"SRC610","96","6","Employer Contributions (g)","4","452","2001","193"
"SRC610","96","7","Retirement/Death Benefits","1","282","Operations 2004","686"
"SRC610","96","7","Retirement/Death Benefits","2","334","– Ten-Year 2003","654"
"SRC610","96","7","Retirement/Death Benefits","3","392","Summary 2002","636"
"SRC610","96","7","Retirement/Death Benefits","4","452","2001","559"
"SRC610","96","8","Investment Income (b)","1","282","Operations 2004","1,336"
"SRC610","96","8","Investment Income (b)","2","334","– Ten-Year 2003","326"
"SRC610","96","8","Investment Income (b)","3","392","Summary 2002","(464)"
"SRC610","96","8","Investment Income (b)","4","452","2001","(798)"
"SRC610","96","9","KPERS—State/School","1","282","Operations 2004","4.58%"
"SRC610","96","9","KPERS—State/School","2","334","– Ten-Year 2003","4.98%"
"SRC610","96","9","KPERS—State/School","3","392","Summary 2002","4.78%"
"SRC610","96","9","KPERS—State/School","4","452","2001","3.98%"
"SRC610","96","10","KPERS—Local (d)","1","282","Operations 2004","3.22"
"SRC610","96","10","KPERS—Local (d)","2","334","– Ten-Year 2003","3.67"
"SRC610","96","10","KPERS—Local (d)","3","392","Summary 2002","3.52"
"SRC610","96","10","KPERS—Local (d)","4","452","2001","2.77"
"SRC610","96","11","KP&F (Uniform Participating) (d)","1","282","Operations 2004","9.47"
"SRC610","96","11","KP&F (Uniform Participating) (d)","2","334","– Ten-Year 2003","6.86"
"SRC610","96","11","KP&F (Uniform Participating) (d)","3","392","Summary 2002","6.79"
"SRC610","96","11","KP&F (Uniform Participating) (d)","4","452","2001","6.97"
"SRC610","96","12","Judges","1","282","Operations 2004","16.67"
"SRC610","96","12","Judges","2","334","– Ten-Year 2003","12.66"
"SRC610","96","12","Judges","3","392","Summary 2002","12.88"
"SRC610","96","12","Judges","4","452","2001","15.74"
"SRC610","96","13","TIAA","2","334","– Ten-Year 2003","2.27"
"SRC610","96","13","TIAA","3","392","Summary 2002","2.03"
"SRC610","96","13","TIAA","4","452","2001","1.21"
"SRC610","96","14","KPERS—State/School","1","282","Operations 2004","$2,734"
"SRC610","96","14","KPERS—State/School","2","334","– Ten-Year 2003","$2,239"
"SRC610","96","14","KPERS—State/School","3","392","Summary 2002","$1,506"
"SRC610","96","14","KPERS—State/School","4","452","2001","$1,120"
"SRC610","96","15","KPERS—Local","1","282","Operations 2004","588"
"SRC610","96","15","KPERS—Local","2","334","– Ten-Year 2003","340"
"SRC610","96","15","KPERS—Local","3","392","Summary 2002","185"
"SRC610","96","15","KPERS—Local","4","452","2001","90"
"SRC610","96","16","KP&F","1","282","Operations 2004","249"
"SRC610","96","16","KP&F","2","334","– Ten-Year 2003","232"
"SRC610","96","16","KP&F","3","392","Summary 2002","59"
"SRC610","96","16","KP&F","4","452","2001","62"
"SRC610","96","17","Judges","1","282","Operations 2004","15"
"SRC610","96","17","Judges","2","334","– Ten-Year 2003","17"
"SRC610","96","17","Judges","3","392","Summary 2002","10"
"SRC610","96","17","Judges","4","452","2001","10"
"SRC610","96","18","TIAA (e)","3","392","Summary 2002","20"
"SRC610","96","18","TIAA (e)","4","452","2001","23"
"SRC610","96","19","KPERS—State/School","1","282","Operations 2004","74.07%"
"SRC610","96","19","KPERS—State/School","2","334","– Ten-Year 2003","75.64%"
"SRC610","96","19","KPERS—State/School","3","392","Summary 2002","82.46%"
"SRC610","96","19","KPERS—State/School","4","452","2001","86.23%"
"SRC610","96","20","KPERS—Local","1","282","Operations 2004","73.69"
"SRC610","96","20","KPERS—Local","2","334","– Ten-Year 2003","81.71"
"SRC610","96","20","KPERS—Local","3","392","Summary 2002","89.12"
"SRC610","96","20","KPERS—Local","4","452","2001","94.29"
"SRC610","96","21","KP&F","1","282","Operations 2004","84.04"
"SRC610","96","21","KP&F","2","334","– Ten-Year 2003","84.16"
"SRC610","96","21","KP&F","3","392","Summary 2002","95.53"
"SRC610","96","21","KP&F","4","452","2001","95.22"
"SRC610","96","22","Judges","1","282","Operations 2004","84.92"
"SRC610","96","22","Judges","2","334","– Ten-Year 2003","82.21"
"SRC610","96","22","Judges","3","392","Summary 2002","88.94"
"SRC610","96","22","Judges","4","452","2001","88.66"
"SRC610","96","23","TIAA","3","392","Summary 2002","48.32"
"SRC610","96","23","TIAA","4","452","2001","41.18"
"SRC610","96","24","c) Rates include Group Life and Disability contributions","3","392","Summary 2002","2000"
"SRC610","96","25","were not required to remit the Group Life and","4","452","2001","1, 2000,"
"SRC610","96","26","Disability portion of the Actual Rate from July","1","282","Operations 2004","1, 2002,"
"SRC610","96","26","Disability portion of the Actual Rate from July","3","392","Summary 2002","31, 2002,"
"SRC610","96","26","Disability portion of the Actual Rate from July","4","452","2001","1,"
"SRC610","97","1","Number of Retirants (a)","1","259","of Operations 2000","51,639"
"SRC610","97","1","Number of Retirants (a)","2","313","1999","50,058"
"SRC610","97","1","Number of Retirants (a)","3","365","– Ten-Year 1998","47,940"
"SRC610","97","1","Number of Retirants (a)","4","423","Summary 1997","48,572"
"SRC610","97","1","Number of Retirants (a)","5","481","1996","44,285"
"SRC610","97","1","Number of Retirants (a)","6","537","1995","43,165"
"SRC610","97","2","New Retirants During the Fiscal Year","1","259","of Operations 2000","3,360"
"SRC610","97","2","New Retirants During the Fiscal Year","2","313","1999","3,328"
"SRC610","97","2","New Retirants During the Fiscal Year","3","365","– Ten-Year 1998","3,228"
"SRC610","97","2","New Retirants During the Fiscal Year","4","423","Summary 1997","3,456"
"SRC610","97","2","New Retirants During the Fiscal Year","5","481","1996","3,119"
"SRC610","97","2","New Retirants During the Fiscal Year","6","537","1995","3,463"
"SRC610","97","3","Active and Inactive Members (a) 163,755","2","313","1999","158,454"
"SRC610","97","3","Active and Inactive Members (a) 163,755","3","365","– Ten-Year 1998","157,728"
"SRC610","97","3","Active and Inactive Members (a) 163,755","4","423","Summary 1997","150,962"
"SRC610","97","3","Active and Inactive Members (a) 163,755","5","481","1996","147,478"
"SRC610","97","3","Active and Inactive Members (a) 163,755","6","537","1995","135,607"
"SRC610","97","4","Participating Employers","1","259","of Operations 2000","1,415"
"SRC610","97","4","Participating Employers","2","313","1999","1,407"
"SRC610","97","4","Participating Employers","3","365","– Ten-Year 1998","1,397"
"SRC610","97","4","Participating Employers","4","423","Summary 1997","1,371"
"SRC610","97","4","Participating Employers","5","481","1996","1,344"
"SRC610","97","4","Participating Employers","6","537","1995","1,309"
"SRC610","97","5","Member Contributions","1","259","of Operations 2000","$193"
"SRC610","97","5","Member Contributions","2","313","1999","$185"
"SRC610","97","5","Member Contributions","3","365","– Ten-Year 1998","$174"
"SRC610","97","5","Member Contributions","4","423","Summary 1997","$171"
"SRC610","97","5","Member Contributions","5","481","1996","$173"
"SRC610","97","5","Member Contributions","6","537","1995","$159"
"SRC610","97","6","Employer Contributions (g)","1","259","of Operations 2000","185"
"SRC610","97","6","Employer Contributions (g)","2","313","1999","202"
"SRC610","97","6","Employer Contributions (g)","3","365","– Ten-Year 1998","167"
"SRC610","97","6","Employer Contributions (g)","4","423","Summary 1997","156"
"SRC610","97","6","Employer Contributions (g)","5","481","1996","143"
"SRC610","97","6","Employer Contributions (g)","6","537","1995","130"
"SRC610","97","7","Retirement/Death Benefits","1","259","of Operations 2000","506"
"SRC610","97","7","Retirement/Death Benefits","2","313","1999","473"
"SRC610","97","7","Retirement/Death Benefits","3","365","– Ten-Year 1998","429"
"SRC610","97","7","Retirement/Death Benefits","4","423","Summary 1997","397"
"SRC610","97","7","Retirement/Death Benefits","5","481","1996","364"
"SRC610","97","7","Retirement/Death Benefits","6","537","1995","334"
"SRC610","97","8","Investment Income (b)","1","259","of Operations 2000","1,315"
"SRC610","97","8","Investment Income (b)","2","313","1999","954"
"SRC610","97","8","Investment Income (b)","3","365","– Ten-Year 1998","1,247"
"SRC610","97","8","Investment Income (b)","4","423","Summary 1997","974"
"SRC610","97","8","Investment Income (b)","5","481","1996","1,095"
"SRC610","97","8","Investment Income (b)","6","537","1995","906"
"SRC610","97","9","KPERS—State/School","1","259","of Operations 2000","4.19%"
"SRC610","97","9","KPERS—State/School","2","313","1999","3.99%"
"SRC610","97","9","KPERS—State/School","3","365","– Ten-Year 1998","3.79%"
"SRC610","97","9","KPERS—State/School","4","423","Summary 1997","3.59%"
"SRC610","97","9","KPERS—State/School","5","481","1996","3.30%"
"SRC610","97","9","KPERS—State/School","6","537","1995","3.20%"
"SRC610","97","10","KPERS—Local (d)","1","259","of Operations 2000","3.22"
"SRC610","97","10","KPERS—Local (d)","2","313","1999","2.93"
"SRC610","97","10","KPERS—Local (d)","3","365","– Ten-Year 1998","2.78"
"SRC610","97","10","KPERS—Local (d)","4","423","Summary 1997","2.63"
"SRC610","97","10","KPERS—Local (d)","5","481","1996","2.48"
"SRC610","97","10","KPERS—Local (d)","6","537","1995","2.30"
"SRC610","97","11","KP&F (Uniform Participating) (d)","1","259","of Operations 2000","7.35"
"SRC610","97","11","KP&F (Uniform Participating) (d)","2","313","1999","7.36"
"SRC610","97","11","KP&F (Uniform Participating) (d)","3","365","– Ten-Year 1998","9.45"
"SRC610","97","11","KP&F (Uniform Participating) (d)","4","423","Summary 1997","9.73"
"SRC610","97","11","KP&F (Uniform Participating) (d)","5","481","1996","9.65"
"SRC610","97","11","KP&F (Uniform Participating) (d)","6","537","1995","6.95"
"SRC610","97","12","Judges","1","259","of Operations 2000","14.38"
"SRC610","97","12","Judges","2","313","1999","15.67"
"SRC610","97","12","Judges","3","365","– Ten-Year 1998","15.67"
"SRC610","97","12","Judges","4","423","Summary 1997","16.00"
"SRC610","97","12","Judges","5","481","1996","10.35"
"SRC610","97","12","Judges","6","537","1995","8.00"
"SRC610","97","13","TIAA","1","259","of Operations 2000","1.82"
"SRC610","97","13","TIAA","2","313","1999","1.93"
"SRC610","97","13","TIAA","3","365","– Ten-Year 1998","1.66"
"SRC610","97","13","TIAA","4","423","Summary 1997","1.89"
"SRC610","97","13","TIAA","5","481","1996","1.75"
"SRC610","97","13","TIAA","6","537","1995","1.70"
"SRC610","97","14","KPERS—State/School","1","259","of Operations 2000","$860"
"SRC610","97","14","KPERS—State/School","2","313","1999","$973"
"SRC610","97","14","KPERS—State/School","3","365","– Ten-Year 1998","$1,142"
"SRC610","97","14","KPERS—State/School","4","423","Summary 1997","$933"
"SRC610","97","14","KPERS—State/School","5","481","1996","$1,014"
"SRC610","97","14","KPERS—State/School","6","537","1995","$1,051"
"SRC610","97","15","KPERS—Local","1","259","of Operations 2000","36"
"SRC610","97","15","KPERS—Local","2","313","1999","76"
"SRC610","97","15","KPERS—Local","3","365","– Ten-Year 1998","104"
"SRC610","97","15","KPERS—Local","4","423","Summary 1997","131"
"SRC610","97","15","KPERS—Local","5","481","1996","121"
"SRC610","97","15","KPERS—Local","6","537","1995","123"
"SRC610","97","16","KP&F","1","259","of Operations 2000","307"
"SRC610","97","16","KP&F","2","313","1999","317"
"SRC610","97","16","KP&F","3","365","– Ten-Year 1998","313"
"SRC610","97","16","KP&F","4","423","Summary 1997","288"
"SRC610","97","16","KP&F","5","481","1996","283"
"SRC610","97","16","KP&F","6","537","1995","279"
"SRC610","97","17","Judges","1","259","of Operations 2000","8"
"SRC610","97","17","Judges","2","313","1999","8"
"SRC610","97","17","Judges","3","365","– Ten-Year 1998","8"
"SRC610","97","17","Judges","4","423","Summary 1997","5"
"SRC610","97","17","Judges","5","481","1996","5"
"SRC610","97","17","Judges","6","537","1995","5"
"SRC610","97","18","TIAA (e)","1","259","of Operations 2000","23"
"SRC610","97","18","TIAA (e)","2","313","1999","23"
"SRC610","97","18","TIAA (e)","3","365","– Ten-Year 1998","24"
"SRC610","97","18","TIAA (e)","4","423","Summary 1997","19"
"SRC610","97","18","TIAA (e)","5","481","1996","21"
"SRC610","97","18","TIAA (e)","6","537","1995","22"
"SRC610","97","19","KPERS—State / School","1","259","of Operations 2000","88.82%"
"SRC610","97","19","KPERS—State / School","2","313","1999","86.36%"
"SRC610","97","19","KPERS—State / School","3","365","– Ten-Year 1998","83.03%"
"SRC610","97","19","KPERS—State / School","4","423","Summary 1997","84.19%"
"SRC610","97","19","KPERS—State / School","5","481","1996","81.48%"
"SRC610","97","19","KPERS—State / School","6","537","1995","79.19%"
"SRC610","97","20","KPERS—Local","1","259","of Operations 2000","97.56"
"SRC610","97","20","KPERS—Local","2","313","1999","94.41"
"SRC610","97","20","KPERS—Local","3","365","– Ten-Year 1998","91.47"
"SRC610","97","20","KPERS—Local","4","423","Summary 1997","88.34"
"SRC610","97","20","KPERS—Local","5","481","1996","87.99"
"SRC610","97","20","KPERS—Local","6","537","1995","86.51"
"SRC610","97","21","KP&F","1","259","of Operations 2000","79.68"
"SRC610","97","21","KP&F","2","313","1999","77.28"
"SRC610","97","21","KP&F","3","365","– Ten-Year 1998","75.62"
"SRC610","97","21","KP&F","4","423","Summary 1997","74.77"
"SRC610","97","21","KP&F","5","481","1996","72.81"
"SRC610","97","21","KP&F","6","537","1995","70.72"
"SRC610","97","22","Judges","1","259","of Operations 2000","90.53"
"SRC610","97","22","Judges","2","313","1999","89.42"
"SRC610","97","22","Judges","3","365","– Ten-Year 1998","88.21"
"SRC610","97","22","Judges","4","423","Summary 1997","91.21"
"SRC610","97","22","Judges","5","481","1996","90.15"
"SRC610","97","22","Judges","6","537","1995","89.10"
"SRC610","97","23","TIAA","1","259","of Operations 2000","39.72"
"SRC610","97","23","TIAA","2","313","1999","34.16"
"SRC610","97","23","TIAA","3","365","– Ten-Year 1998","28.83"
"SRC610","97","23","TIAA","4","423","Summary 1997","31.26"
"SRC610","97","23","TIAA","5","481","1996","25.38"
"SRC610","97","23","TIAA","6","537","1995","22.62"
"SRC610","100","1","Benefits","2","172","","1,3,5"
"SRC610","100","1","Benefits","3","213","","2,4"
"SRC610","100","1","Benefits","4","258","","6,8 7,9"
"SRC610","100","1","Benefits","5","307","","1"
"SRC610","100","1","Benefits","6","346","","2"
"SRC610","100","1","Benefits","7","375","","3"
"SRC610","100","1","Benefits","8","404","","4"
"SRC610","100","1","Benefits","9","434","","5,8"
"SRC610","100","1","Benefits","10","465","","6,7"
"SRC610","100","1","Benefits","11","492","","9"
"SRC610","100","1","Benefits","12","523","","0"
"SRC610","100","2","$ - 99","1","134","","3,473"
"SRC610","100","2","$ - 99","2","172","","3,036"
"SRC610","100","2","$ - 99","3","213","","416"
"SRC610","100","2","$ - 99","4","258","","8 13"
"SRC610","100","2","$ - 99","5","307","","2,813"
"SRC610","100","2","$ - 99","6","346","","258"
"SRC610","100","2","$ - 99","7","375","","236"
"SRC610","100","2","$ - 99","8","404","","41"
"SRC610","100","2","$ - 99","9","434","","32"
"SRC610","100","2","$ - 99","10","465","","11"
"SRC610","100","2","$ - 99","11","492","","20"
"SRC610","100","2","$ - 99","12","523","","55"
"SRC610","100","2","$ - 99","13","553","","7"
"SRC610","100","3","$100-199","1","134","","5,563"
"SRC610","100","3","$100-199","2","172","","3,442"
"SRC610","100","3","$100-199","3","213","","2,033"
"SRC610","100","3","$100-199","4","258","","69 19"
"SRC610","100","3","$100-199","5","307","","4,049"
"SRC610","100","3","$100-199","6","346","","679"
"SRC610","100","3","$100-199","7","375","","515"
"SRC610","100","3","$100-199","8","404","","93"
"SRC610","100","3","$100-199","9","434","","76"
"SRC610","100","3","$100-199","10","465","","59"
"SRC610","100","3","$100-199","11","492","","27"
"SRC610","100","3","$100-199","12","523","","48"
"SRC610","100","3","$100-199","13","553","","18"
"SRC610","100","4","$200-299","1","134","","5,738"
"SRC610","100","4","$200-299","2","172","","3,047"
"SRC610","100","4","$200-299","3","213","","2,607"
"SRC610","100","4","$200-299","4","258","","73 11"
"SRC610","100","4","$200-299","5","307","","4,131"
"SRC610","100","4","$200-299","6","346","","650"
"SRC610","100","4","$200-299","7","375","","591"
"SRC610","100","4","$200-299","8","404","","112"
"SRC610","100","4","$200-299","9","434","","115"
"SRC610","100","4","$200-299","10","465","","61"
"SRC610","100","4","$200-299","11","492","","23"
"SRC610","100","4","$200-299","12","523","","48"
"SRC610","100","4","$200-299","13","553","","8"
"SRC610","100","5","$300-399","1","134","","5,389"
"SRC610","100","5","$300-399","2","172","","2,983"
"SRC610","100","5","$300-399","3","213","","2,334"
"SRC610","100","5","$300-399","4","258","","48 24"
"SRC610","100","5","$300-399","5","307","","3,778"
"SRC610","100","5","$300-399","6","346","","587"
"SRC610","100","5","$300-399","7","375","","656"
"SRC610","100","5","$300-399","8","404","","108"
"SRC610","100","5","$300-399","9","434","","136"
"SRC610","100","5","$300-399","10","465","","38"
"SRC610","100","5","$300-399","11","492","","26"
"SRC610","100","5","$300-399","12","523","","58"
"SRC610","100","5","$300-399","13","553","","2"
"SRC610","100","6","$400-499","1","134","","4,418"
"SRC610","100","6","$400-499","2","172","","2,528"
"SRC610","100","6","$400-499","3","213","","1,822"
"SRC610","100","6","$400-499","4","258","","49 19"
"SRC610","100","6","$400-499","5","307","","3,109"
"SRC610","100","6","$400-499","6","346","","507"
"SRC610","100","6","$400-499","7","375","","542"
"SRC610","100","6","$400-499","8","404","","73"
"SRC610","100","6","$400-499","9","434","","112"
"SRC610","100","6","$400-499","10","465","","31"
"SRC610","100","6","$400-499","11","492","","9"
"SRC610","100","6","$400-499","12","523","","34"
"SRC610","100","6","$400-499","13","553","","1"
"SRC610","100","7","$500-599","1","134","","3,763"
"SRC610","100","7","$500-599","2","172","","2,319"
"SRC610","100","7","$500-599","3","213","","1,401"
"SRC610","100","7","$500-599","4","258","","32 11"
"SRC610","100","7","$500-599","5","307","","2,600"
"SRC610","100","7","$500-599","6","346","","416"
"SRC610","100","7","$500-599","7","375","","474"
"SRC610","100","7","$500-599","8","404","","60"
"SRC610","100","7","$500-599","9","434","","122"
"SRC610","100","7","$500-599","10","465","","9"
"SRC610","100","7","$500-599","11","492","","47"
"SRC610","100","7","$500-599","12","523","","31"
"SRC610","100","7","$500-599","13","553","","4"
"SRC610","100","8","$600-699","1","134","","3,210"
"SRC610","100","8","$600-699","2","172","","1,967"
"SRC610","100","8","$600-699","3","213","","1,192"
"SRC610","100","8","$600-699","4","258","","33 18"
"SRC610","100","8","$600-699","5","307","","2,199"
"SRC610","100","8","$600-699","6","346","","359"
"SRC610","100","8","$600-699","7","375","","445"
"SRC610","100","8","$600-699","8","404","","56"
"SRC610","100","8","$600-699","9","434","","96"
"SRC610","100","8","$600-699","10","465","","11"
"SRC610","100","8","$600-699","11","492","","16"
"SRC610","100","8","$600-699","12","523","","26"
"SRC610","100","8","$600-699","13","553","","2"
"SRC610","100","9","$700-799","1","134","","2,784"
"SRC610","100","9","$700-799","2","172","","1,739"
"SRC610","100","9","$700-799","3","213","","996"
"SRC610","100","9","$700-799","4","258","","35 14"
"SRC610","100","9","$700-799","5","307","","1,876"
"SRC610","100","9","$700-799","6","346","","347"
"SRC610","100","9","$700-799","7","375","","361"
"SRC610","100","9","$700-799","8","404","","51"
"SRC610","100","9","$700-799","9","434","","106"
"SRC610","100","9","$700-799","10","465","","7"
"SRC610","100","9","$700-799","11","492","","16"
"SRC610","100","9","$700-799","12","523","","19"
"SRC610","100","9","$700-799","13","553","","1"
"SRC610","100","10","$800-899","1","134","","2,349"
"SRC610","100","10","$800-899","2","172","","1,543"
"SRC610","100","10","$800-899","3","213","","733"
"SRC610","100","10","$800-899","4","258","","57 16"
"SRC610","100","10","$800-899","5","307","","1,540"
"SRC610","100","10","$800-899","6","346","","298"
"SRC610","100","10","$800-899","7","375","","321"
"SRC610","100","10","$800-899","8","404","","37"
"SRC610","100","10","$800-899","9","434","","111"
"SRC610","100","10","$800-899","10","465","","15"
"SRC610","100","10","$800-899","11","492","","9"
"SRC610","100","10","$800-899","12","523","","18"
"SRC610","100","10","$800-899","13","553","","0"
"SRC610","100","11","$900-999","1","134","","2,066"
"SRC610","100","11","$900-999","2","172","","1,481"
"SRC610","100","11","$900-999","3","213","","507"
"SRC610","100","11","$900-999","4","258","","56 22"
"SRC610","100","11","$900-999","5","307","","1,316"
"SRC610","100","11","$900-999","6","346","","291"
"SRC610","100","11","$900-999","7","375","","293"
"SRC610","100","11","$900-999","8","404","","32"
"SRC610","100","11","$900-999","9","434","","103"
"SRC610","100","11","$900-999","10","465","","10"
"SRC610","100","11","$900-999","11","492","","6"
"SRC610","100","11","$900-999","12","523","","15"
"SRC610","100","11","$900-999","13","553","","0"
"SRC610","100","12","$1,000-1,499","1","134","","8,331"
"SRC610","100","12","$1,000-1,499","2","172","","7,030"
"SRC610","100","12","$1,000-1,499","3","213","","990"
"SRC610","100","12","$1,000-1,499","4","258","","212 99"
"SRC610","100","12","$1,000-1,499","5","307","","4,959"
"SRC610","100","12","$1,000-1,499","6","346","","1,325"
"SRC610","100","12","$1,000-1,499","7","375","","1,230"
"SRC610","100","12","$1,000-1,499","8","404","","97"
"SRC610","100","12","$1,000-1,499","9","434","","568"
"SRC610","100","12","$1,000-1,499","10","465","","72"
"SRC610","100","12","$1,000-1,499","11","492","","27"
"SRC610","100","12","$1,000-1,499","12","523","","52"
"SRC610","100","12","$1,000-1,499","13","553","","1"
"SRC610","100","13","$1,500-1,999","1","134","","6,264"
"SRC610","100","13","$1,500-1,999","2","172","","5,901"
"SRC610","100","13","$1,500-1,999","3","213","","142"
"SRC610","100","13","$1,500-1,999","4","258","","136 85"
"SRC610","100","13","$1,500-1,999","5","307","","3,629"
"SRC610","100","13","$1,500-1,999","6","346","","1,071"
"SRC610","100","13","$1,500-1,999","7","375","","837"
"SRC610","100","13","$1,500-1,999","8","404","","57"
"SRC610","100","13","$1,500-1,999","9","434","","565"
"SRC610","100","13","$1,500-1,999","10","465","","50"
"SRC610","100","13","$1,500-1,999","11","492","","21"
"SRC610","100","13","$1,500-1,999","12","523","","33"
"SRC610","100","13","$1,500-1,999","13","553","","1"
"SRC610","100","14","$2,000-2,499","1","134","","3,232"
"SRC610","100","14","$2,000-2,499","2","172","","3,123"
"SRC610","100","14","$2,000-2,499","3","213","","31"
"SRC610","100","14","$2,000-2,499","4","258","","53 25"
"SRC610","100","14","$2,000-2,499","5","307","","1,834"
"SRC610","100","14","$2,000-2,499","6","346","","620"
"SRC610","100","14","$2,000-2,499","7","375","","351"
"SRC610","100","14","$2,000-2,499","8","404","","29"
"SRC610","100","14","$2,000-2,499","9","434","","361"
"SRC610","100","14","$2,000-2,499","10","465","","11"
"SRC610","100","14","$2,000-2,499","11","492","","18"
"SRC610","100","14","$2,000-2,499","12","523","","7"
"SRC610","100","14","$2,000-2,499","13","553","","1"
"SRC610","100","15","$2,500-2,999","1","134","","1,403"
"SRC610","100","15","$2,500-2,999","2","172","","1,359"
"SRC610","100","15","$2,500-2,999","3","213","","24"
"SRC610","100","15","$2,500-2,999","4","258","","10 10"
"SRC610","100","15","$2,500-2,999","5","307","","686"
"SRC610","100","15","$2,500-2,999","6","346","","319"
"SRC610","100","15","$2,500-2,999","7","375","","144"
"SRC610","100","15","$2,500-2,999","8","404","","20"
"SRC610","100","15","$2,500-2,999","9","434","","221"
"SRC610","100","15","$2,500-2,999","10","465","","3"
"SRC610","100","15","$2,500-2,999","11","492","","4"
"SRC610","100","15","$2,500-2,999","12","523","","6"
"SRC610","100","15","$2,500-2,999","13","553","","0"
"SRC610","100","16","$3,000-3,499","1","134","","622"
"SRC610","100","16","$3,000-3,499","2","172","","599"
"SRC610","100","16","$3,000-3,499","3","213","","17"
"SRC610","100","16","$3,000-3,499","4","258","","3 3"
"SRC610","100","16","$3,000-3,499","5","307","","258"
"SRC610","100","16","$3,000-3,499","6","346","","154"
"SRC610","100","16","$3,000-3,499","7","375","","81"
"SRC610","100","16","$3,000-3,499","8","404","","5"
"SRC610","100","16","$3,000-3,499","9","434","","117"
"SRC610","100","16","$3,000-3,499","10","465","","2"
"SRC610","100","16","$3,000-3,499","11","492","","3"
"SRC610","100","16","$3,000-3,499","12","523","","2"
"SRC610","100","16","$3,000-3,499","13","553","","0"
"SRC610","100","17","$3,500-3,999","1","134","","278"
"SRC610","100","17","$3,500-3,999","2","172","","276"
"SRC610","100","17","$3,500-3,999","3","213","","1"
"SRC610","100","17","$3,500-3,999","4","258","","1 0"
"SRC610","100","17","$3,500-3,999","5","307","","121"
"SRC610","100","17","$3,500-3,999","6","346","","58"
"SRC610","100","17","$3,500-3,999","7","375","","31"
"SRC610","100","17","$3,500-3,999","8","404","","3"
"SRC610","100","17","$3,500-3,999","9","434","","65"
"SRC610","100","17","$3,500-3,999","10","465","","0"
"SRC610","100","17","$3,500-3,999","11","492","","0"
"SRC610","100","17","$3,500-3,999","12","523","","0"
"SRC610","100","17","$3,500-3,999","13","553","","0"
"SRC610","100","18","$4,000 +","1","134","","255"
"SRC610","100","18","$4,000 +","2","172","","250"
"SRC610","100","18","$4,000 +","3","213","","5"
"SRC610","100","18","$4,000 +","4","258","","0 0"
"SRC610","100","18","$4,000 +","5","307","","97"
"SRC610","100","18","$4,000 +","6","346","","68"
"SRC610","100","18","$4,000 +","7","375","","26"
"SRC610","100","18","$4,000 +","8","404","","2"
"SRC610","100","18","$4,000 +","9","434","","61"
"SRC610","100","18","$4,000 +","10","465","","0"
"SRC610","100","18","$4,000 +","11","492","","0"
"SRC610","100","18","$4,000 +","12","523","","1"
"SRC610","100","18","$4,000 +","13","553","","0"
"SRC610","100","19","Totals","1","134","","59,138"
"SRC610","100","19","Totals","2","172","","42,623"
"SRC610","100","19","Totals","3","213","","15,251"
"SRC610","100","19","Totals","4","258","","875 389"
"SRC610","100","19","Totals","5","307","","38,995"
"SRC610","100","19","Totals","6","346","","8,007"
"SRC610","100","19","Totals","7","375","","7,134"
"SRC610","100","19","Totals","8","404","","876"
"SRC610","100","19","Totals","9","434","","2,967"
"SRC610","100","19","Totals","10","465","","390"
"SRC610","100","19","Totals","11","492","","272"
"SRC610","100","19","Totals","12","523","","453"
"SRC610","100","19","Totals","13","553","","46"
"SRC610","100","20","1, 3, 5, Normal","4","258","","1,"
"SRC610","100","21","2, 4, Early","4","258","","2,"
"SRC610","100","22","6, 8, Service-connected","4","258","","3,"
"SRC610","100","23","7,9, Non-service connected","4","258","","4,"
"SRC610","101","1","Less than 5 years","1","199","1999","159"
"SRC610","101","1","Less than 5 years","2","286","2000","150"
"SRC610","101","1","Less than 5 years","3","367","2001","189"
"SRC610","101","1","Less than 5 years","4","460","2002","191"
"SRC610","101","1","Less than 5 years","5","534","2003","196"
"SRC610","101","2","Average Benefit","1","199","1999","$76.38"
"SRC610","101","2","Average Benefit","2","286","2000","$84.08"
"SRC610","101","2","Average Benefit","3","367","2001","$123.00"
"SRC610","101","2","Average Benefit","4","460","2002","$178.38"
"SRC610","101","2","Average Benefit","5","534","2003","$111.97"
"SRC610","101","3","Average Years","1","199","1999","2.46"
"SRC610","101","3","Average Years","2","286","2000","2.30"
"SRC610","101","3","Average Years","3","367","2001","2.47"
"SRC610","101","3","Average Years","4","460","2002","2.33"
"SRC610","101","3","Average Years","5","534","2003","2.27"
"SRC610","101","4","5-9.9 Years","1","199","1999","237"
"SRC610","101","4","5-9.9 Years","2","286","2000","249"
"SRC610","101","4","5-9.9 Years","3","367","2001","221"
"SRC610","101","4","5-9.9 Years","4","460","2002","201"
"SRC610","101","4","5-9.9 Years","5","534","2003","218"
"SRC610","101","5","Average Benefit $253.02","2","286","2000","$281.88"
"SRC610","101","5","Average Benefit $253.02","3","367","2001","$222.53"
"SRC610","101","5","Average Benefit $253.02","4","460","2002","$197.94"
"SRC610","101","5","Average Benefit $253.02","5","534","2003","$230.30"
"SRC610","101","6","Average Years","1","199","1999","7.01"
"SRC610","101","6","Average Years","2","286","2000","7.01"
"SRC610","101","6","Average Years","3","367","2001","7.08"
"SRC610","101","6","Average Years","4","460","2002","7.16"
"SRC610","101","6","Average Years","5","534","2003","6.88"
"SRC610","101","7","10-14.99 Years","1","199","1999","527"
"SRC610","101","7","10-14.99 Years","2","286","2000","559"
"SRC610","101","7","10-14.99 Years","3","367","2001","521"
"SRC610","101","7","10-14.99 Years","4","460","2002","557"
"SRC610","101","7","10-14.99 Years","5","534","2003","556"
"SRC610","101","8","Average Benefit $387.82","2","286","2000","$423.63"
"SRC610","101","8","Average Benefit $387.82","3","367","2001","$379.37"
"SRC610","101","8","Average Benefit $387.82","4","460","2002","$451.20"
"SRC610","101","8","Average Benefit $387.82","5","534","2003","$429.97"
"SRC610","101","9","Average Years","1","199","1999","11.75"
"SRC610","101","9","Average Years","2","286","2000","11.91"
"SRC610","101","9","Average Years","3","367","2001","11.87"
"SRC610","101","9","Average Years","4","460","2002","12.04"
"SRC610","101","9","Average Years","5","534","2003","11.86"
"SRC610","101","10","15-19.99","1","199","1999","490"
"SRC610","101","10","15-19.99","2","286","2000","466"
"SRC610","101","10","15-19.99","3","367","2001","502"
"SRC610","101","10","15-19.99","4","460","2002","496"
"SRC610","101","10","15-19.99","5","534","2003","515"
"SRC610","101","11","Average Benefit $646.49","2","286","2000","$640.33"
"SRC610","101","11","Average Benefit $646.49","3","367","2001","$608.25"
"SRC610","101","11","Average Benefit $646.49","4","460","2002","$684.88"
"SRC610","101","11","Average Benefit $646.49","5","534","2003","$669.08"
"SRC610","101","12","Average Years","1","199","1999","17.04"
"SRC610","101","12","Average Years","2","286","2000","16.87"
"SRC610","101","12","Average Years","3","367","2001","16.96"
"SRC610","101","12","Average Years","4","460","2002","16.93"
"SRC610","101","12","Average Years","5","534","2003","16.89"
"SRC610","101","13","20-24.99","1","199","1999","450"
"SRC610","101","13","20-24.99","2","286","2000","431"
"SRC610","101","13","20-24.99","3","367","2001","435"
"SRC610","101","13","20-24.99","4","460","2002","454"
"SRC610","101","13","20-24.99","5","534","2003","432"
"SRC610","101","14","Average Benefit $913.36","2","286","2000","$917.57"
"SRC610","101","14","Average Benefit $913.36","3","367","2001","$935.92"
"SRC610","101","14","Average Benefit $913.36","4","460","2002","$952.70"
"SRC610","101","14","Average Benefit $913.36","5","534","2003","$1,011.30"
"SRC610","101","15","Average Years","1","199","1999","21.84"
"SRC610","101","15","Average Years","2","286","2000","21.94"
"SRC610","101","15","Average Years","3","367","2001","21.90"
"SRC610","101","15","Average Years","4","460","2002","22.04"
"SRC610","101","15","Average Years","5","534","2003","21.87"
"SRC610","101","16","25-29.99","1","199","1999","510"
"SRC610","101","16","25-29.99","2","286","2000","527"
"SRC610","101","16","25-29.99","3","367","2001","557"
"SRC610","101","16","25-29.99","4","460","2002","523"
"SRC610","101","16","25-29.99","5","534","2003","543"
"SRC610","101","17","Average Benefit $1,464.29","2","286","2000","$1,574.01"
"SRC610","101","17","Average Benefit $1,464.29","3","367","2001","$1,478.75"
"SRC610","101","17","Average Benefit $1,464.29","4","460","2002","$1,466.67"
"SRC610","101","17","Average Benefit $1,464.29","5","534","2003","$1,515.03"
"SRC610","101","18","Average Years","1","199","1999","26.94"
"SRC610","101","18","Average Years","2","286","2000","27.08"
"SRC610","101","18","Average Years","3","367","2001","27.18"
"SRC610","101","18","Average Years","4","460","2002","27.05"
"SRC610","101","18","Average Years","5","534","2003","27.14"
"SRC610","101","19","30-34.99","1","199","1999","617"
"SRC610","101","19","30-34.99","2","286","2000","633"
"SRC610","101","19","30-34.99","3","367","2001","671"
"SRC610","101","19","30-34.99","4","460","2002","703"
"SRC610","101","19","30-34.99","5","534","2003","667"
"SRC610","101","20","Average Benefit $1,861.44","2","286","2000","$1,960.60"
"SRC610","101","20","Average Benefit $1,861.44","3","367","2001","$1,842.36"
"SRC610","101","20","Average Benefit $1,861.44","4","460","2002","$1,918.15"
"SRC610","101","20","Average Benefit $1,861.44","5","534","2003","$2,026.35"
"SRC610","101","21","Average Years","1","199","1999","31.80"
"SRC610","101","21","Average Years","2","286","2000","31.83"
"SRC610","101","21","Average Years","3","367","2001","32.01"
"SRC610","101","21","Average Years","4","460","2002","31.89"
"SRC610","101","21","Average Years","5","534","2003","31.84"
"SRC610","101","22","35-39.99","1","199","1999","268"
"SRC610","101","22","35-39.99","2","286","2000","234"
"SRC610","101","22","35-39.99","3","367","2001","233"
"SRC610","101","22","35-39.99","4","460","2002","211"
"SRC610","101","22","35-39.99","5","534","2003","233"
"SRC610","101","23","Average Benefit $2,146.47","2","286","2000","$2,119.73"
"SRC610","101","23","Average Benefit $2,146.47","3","367","2001","$2,038.41"
"SRC610","101","23","Average Benefit $2,146.47","4","460","2002","$2,137.57"
"SRC610","101","23","Average Benefit $2,146.47","5","534","2003","$2,278.46"
"SRC610","101","24","Average Years","1","199","1999","36.79"
"SRC610","101","24","Average Years","2","286","2000","36.71"
"SRC610","101","24","Average Years","3","367","2001","36.44"
"SRC610","101","24","Average Years","4","460","2002","36.69"
"SRC610","101","24","Average Years","5","534","2003","36.66"
"SRC610","101","25","40-44.99","1","199","1999","79"
"SRC610","101","25","40-44.99","2","286","2000","73"
"SRC610","101","25","40-44.99","3","367","2001","75"
"SRC610","101","25","40-44.99","4","460","2002","68"
"SRC610","101","25","40-44.99","5","534","2003","66"
"SRC610","101","26","Average Benefit $2,177.81","2","286","2000","$2,350.35"
"SRC610","101","26","Average Benefit $2,177.81","3","367","2001","$2,296.74"
"SRC610","101","26","Average Benefit $2,177.81","4","460","2002","$2,221.94"
"SRC610","101","26","Average Benefit $2,177.81","5","534","2003","$2,511.66"
"SRC610","101","27","Average Years","1","199","1999","41.65"
"SRC610","101","27","Average Years","2","286","2000","41.49"
"SRC610","101","27","Average Years","3","367","2001","41.65"
"SRC610","101","27","Average Years","4","460","2002","41.38"
"SRC610","101","27","Average Years","5","534","2003","41.44"
"SRC610","101","28","45-49.99","1","199","1999","13"
"SRC610","101","28","45-49.99","2","286","2000","11"
"SRC610","101","28","45-49.99","3","367","2001","9"
"SRC610","101","28","45-49.99","4","460","2002","14"
"SRC610","101","28","45-49.99","5","534","2003","17"
"SRC610","101","29","Average Benefit $2,604.31","2","286","2000","$2,338.06"
"SRC610","101","29","Average Benefit $2,604.31","3","367","2001","$2,103.47"
"SRC610","101","29","Average Benefit $2,604.31","4","460","2002","$2,346.95"
"SRC610","101","29","Average Benefit $2,604.31","5","534","2003","$2,129.79"
"SRC610","101","30","Average Years","1","199","1999","45.62"
"SRC610","101","30","Average Years","2","286","2000","46.18"
"SRC610","101","30","Average Years","3","367","2001","45.67"
"SRC610","101","30","Average Years","4","460","2002","46.21"
"SRC610","101","30","Average Years","5","534","2003","46.24"
"SRC610","101","31","50 and Over","1","199","1999","5"
"SRC610","101","31","50 and Over","4","460","2002","7"
"SRC610","101","31","50 and Over","5","534","2003","4"
"SRC610","101","32","Average Benefit $3,421.89","4","460","2002","$2,805.10"
"SRC610","101","32","Average Benefit $3,421.89","5","534","2003","$3,325.39"
"SRC610","101","33","Average Years","1","199","1999","52.00"
"SRC610","101","33","Average Years","4","460","2002","54.43"
"SRC610","101","33","Average Years","5","534","2003","55.60"
"SRC610","101","34","Total Number","1","199","1999","3,355"
"SRC610","101","34","Total Number","2","286","2000","3,333"
"SRC610","101","34","Total Number","3","367","2001","3,413"
"SRC610","101","34","Total Number","4","460","2002","3,425"
"SRC610","101","34","Total Number","5","534","2003","3,447"
"SRC610","101","35","Average Benefit $1,102.19","2","286","2000","$1,133.32"
"SRC610","101","35","Average Benefit $1,102.19","3","367","2001","$1,086.60"
"SRC610","101","35","Average Benefit $1,102.19","4","460","2002","$1,129.21"
"SRC610","101","35","Average Benefit $1,102.19","5","534","2003","$1,164.22"
"SRC610","101","36","Average Years","1","199","1999","21.99"
"SRC610","101","36","Average Years","2","286","2000","21.78"
"SRC610","101","36","Average Years","3","367","2001","21.95"
"SRC610","101","36","Average Years","4","460","2002","21.94"
"SRC610","101","36","Average Years","5","534","2003","21.74"
"SRC610","102","1","Benefit Amount as","2","379","","2004"
"SRC610","102","2","$2,000-$2,499","1","345","","3,232"
"SRC610","102","3","$1,500-$1,999","3","416","","6,264"
"SRC610","102","4","$600-$699","1","345","","3,210"
"SRC610","102","5","$500-$599","1","345","","3,763"
"SRC610","102","6","$400-$499","2","379","","4,418"
"SRC610","102","7","$300-$399","3","416","","5,389"
"SRC610","102","8","$200-$299","3","416","","5,739"
"SRC610","102","9","$100-$199","3","416","","5,564"
