"file_id","source_page","row_index","source_row_label","column_index","column_x","source_column_label","value_raw"
"SRC316","3","1","The Government Pension Fund Global returned","1","252","2017","15.1"
"SRC316","3","1","The Government Pension Fund Global returned","3","323","2019","2,362"
"SRC316","3","2","kroner, in 2025. This was 0.28 percentage point,","1","252","2017","50"
"SRC316","3","3","Equities","5","395","2021","19.3%"
"SRC316","3","4","Fixed income","5","395","2021","5.4%"
"SRC316","3","5","Unlisted","5","395","2021","4.4%"
"SRC316","3","6","Unlisted renewable","5","395","2021","18.1%"
"SRC316","4","1","Equities","1","214","2016","15,173"
"SRC316","4","1","Equities","6","395","2021","71.3%"
"SRC316","4","2","Fixed income","1","214","2016","5,649"
"SRC316","4","2","Fixed income","6","395","2021","26.5%"
"SRC316","4","3","Unlisted","1","214","2016","372"
"SRC316","4","3","Unlisted","6","395","2021","1.7%"
"SRC316","4","4","Unlisted renewable","1","214","2016","91"
"SRC316","4","4","Unlisted renewable","6","395","2021","0.4%"
"SRC316","11","1","expected relative volatility (tracking error) does","2","490","","1.25"
"SRC316","11","2","points. At the end of 2025, the expected relative","2","490","","0.37"
"SRC316","11","3","Measured over the entire period from 1998","1","420","","2025,"
"SRC316","11","4","achieving the highest possible return after costs.","3","522","","2013"
"SRC316","11","5","2025, annual management costs have been","1","420","","0.05"
"SRC316","14","1","15.1 percent, or","1","311","Government Pension","2,362"
"SRC316","14","1","15.1 percent, or","2","449","Global returned","2025"
"SRC316","14","2","The fund’s investments","2","449","Global returned","41"
"SRC316","14","3","basket. At the end of","1","311","Government Pension","2025,"
"SRC316","15","1","Equity investments","1","323","2025","15,173"
"SRC316","15","1","Equity investments","2","378","2024","14,113"
"SRC316","15","1","Equity investments","3","433","2023","11,174"
"SRC316","15","1","Equity investments","4","488","2022","8,677"
"SRC316","15","1","Equity investments","5","541","2021","8,884"
"SRC316","15","2","Fixed-income investments","1","323","2025","5,649"
"SRC316","15","2","Fixed-income investments","2","378","2024","5,253"
"SRC316","15","2","Fixed-income investments","3","433","2023","4,272"
"SRC316","15","2","Fixed-income investments","4","488","2022","3,412"
"SRC316","15","2","Fixed-income investments","5","541","2021","3,135"
"SRC316","15","3","Unlisted real estate investments","1","323","2025","372"
"SRC316","15","3","Unlisted real estate investments","2","378","2024","364"
"SRC316","15","3","Unlisted real estate investments","3","433","2023","301"
"SRC316","15","3","Unlisted real estate investments","4","488","2022","330"
"SRC316","15","3","Unlisted real estate investments","5","541","2021","312"
"SRC316","15","4","Unlisted infrastructure investments1","1","323","2025","91"
"SRC316","15","4","Unlisted infrastructure investments1","2","378","2024","25"
"SRC316","15","4","Unlisted infrastructure investments1","3","433","2023","18"
"SRC316","15","4","Unlisted infrastructure investments1","4","488","2022","15"
"SRC316","15","4","Unlisted infrastructure investments1","5","541","2021","14"
"SRC316","15","5","Market value of investment portfolio2","1","323","2025","21,286"
"SRC316","15","5","Market value of investment portfolio2","2","378","2024","19,755"
"SRC316","15","5","Market value of investment portfolio2","3","433","2023","15,765"
"SRC316","15","5","Market value of investment portfolio2","4","488","2022","12,434"
"SRC316","15","5","Market value of investment portfolio2","5","541","2021","12,345"
"SRC316","15","6","Deferred tax","1","323","2025","-11"
"SRC316","15","6","Deferred tax","2","378","2024","-13"
"SRC316","15","6","Deferred tax","3","433","2023","-8"
"SRC316","15","6","Deferred tax","4","488","2022","-4"
"SRC316","15","6","Deferred tax","5","541","2021","-5"
"SRC316","15","7","Accrued, not paid, management fees3","1","323","2025","-8"
"SRC316","15","7","Accrued, not paid, management fees3","2","378","2024","0"
"SRC316","15","7","Accrued, not paid, management fees3","3","433","2023","0"
"SRC316","15","7","Accrued, not paid, management fees3","4","488","2022","0"
"SRC316","15","7","Accrued, not paid, management fees3","5","541","2021","1"
"SRC316","15","8","Fund value2","1","323","2025","21,268"
"SRC316","15","8","Fund value2","2","378","2024","19,742"
"SRC316","15","8","Fund value2","3","433","2023","15,757"
"SRC316","15","8","Fund value2","4","488","2022","12,429"
"SRC316","15","8","Fund value2","5","541","2021","12,340"
"SRC316","15","9","Inflow of capital","1","323","2025","327"
"SRC316","15","9","Inflow of capital","2","378","2024","409"
"SRC316","15","9","Inflow of capital","3","433","2023","711"
"SRC316","15","9","Inflow of capital","4","488","2022","1,090"
"SRC316","15","9","Inflow of capital","5","541","2021","80"
"SRC316","15","10","Withdrawal of capital","1","323","2025","0"
"SRC316","15","10","Withdrawal of capital","2","378","2024","0"
"SRC316","15","10","Withdrawal of capital","3","433","2023","0"
"SRC316","15","10","Withdrawal of capital","4","488","2022","0"
"SRC316","15","10","Withdrawal of capital","5","541","2021","-199"
"SRC316","15","11","Paid management fees4","1","323","2025","0"
"SRC316","15","11","Paid management fees4","2","378","2024","-7"
"SRC316","15","11","Paid management fees4","3","433","2023","-7"
"SRC316","15","11","Paid management fees4","4","488","2022","-5"
"SRC316","15","11","Paid management fees4","5","541","2021","-10"
"SRC316","15","12","Return on fund5","1","323","2025","2,362"
"SRC316","15","12","Return on fund5","2","378","2024","2,511"
"SRC316","15","12","Return on fund5","3","433","2023","2,214"
"SRC316","15","12","Return on fund5","4","488","2022","-1,637"
"SRC316","15","12","Return on fund5","5","541","2021","1,580"
"SRC316","15","13","Changes due to fluctuations in krone6","1","323","2025","-1,155"
"SRC316","15","13","Changes due to fluctuations in krone6","2","378","2024","1,072"
"SRC316","15","13","Changes due to fluctuations in krone6","3","433","2023","409"
"SRC316","15","13","Changes due to fluctuations in krone6","4","488","2022","642"
"SRC316","15","13","Changes due to fluctuations in krone6","5","541","2021","-25"
"SRC316","15","14","Changes in accrued, not paid, management costs","1","323","2025","-7"
"SRC316","15","14","Changes in accrued, not paid, management costs","2","378","2024","0"
"SRC316","15","14","Changes in accrued, not paid, management costs","3","433","2023","0"
"SRC316","15","14","Changes in accrued, not paid, management costs","4","488","2022","0"
"SRC316","15","14","Changes in accrued, not paid, management costs","5","541","2021","6"
"SRC316","15","15","Total change in fund value","1","323","2025","1,526"
"SRC316","15","15","Total change in fund value","2","378","2024","3,985"
"SRC316","15","15","Total change in fund value","3","433","2023","3,327"
"SRC316","15","15","Total change in fund value","4","488","2022","89"
"SRC316","15","15","Total change in fund value","5","541","2021","1,432"
"SRC316","15","16","Total inflow of capital","1","323","2025","6,191"
"SRC316","15","16","Total inflow of capital","2","378","2024","5,864"
"SRC316","15","16","Total inflow of capital","3","433","2023","5,455"
"SRC316","15","16","Total inflow of capital","4","488","2022","4,744"
"SRC316","15","16","Total inflow of capital","5","541","2021","3,654"
"SRC316","15","17","Total withdrawal of capital3","1","323","2025","-687"
"SRC316","15","17","Total withdrawal of capital3","2","378","2024","-687"
"SRC316","15","17","Total withdrawal of capital3","3","433","2023","-687"
"SRC316","15","17","Total withdrawal of capital3","4","488","2022","-687"
"SRC316","15","17","Total withdrawal of capital3","5","541","2021","-687"
"SRC316","15","18","Return on equity investments5","1","323","2025","11,889"
"SRC316","15","18","Return on equity investments5","2","378","2024","9,786"
"SRC316","15","18","Return on equity investments5","3","433","2023","7,326"
"SRC316","15","18","Return on equity investments5","4","488","2022","5,284"
"SRC316","15","18","Return on equity investments5","5","541","2021","6,490"
"SRC316","15","19","Return on fixed-income investments5","1","323","2025","1,494"
"SRC316","15","19","Return on fixed-income investments5","2","378","2024","1,252"
"SRC316","15","19","Return on fixed-income investments5","3","433","2023","1,192"
"SRC316","15","19","Return on fixed-income investments5","4","488","2022","970"
"SRC316","15","19","Return on fixed-income investments5","5","541","2021","1,401"
"SRC316","15","20","Return on unlisted real estate investments5","1","323","2025","76"
"SRC316","15","20","Return on unlisted real estate investments5","2","378","2024","67"
"SRC316","15","20","Return on unlisted real estate investments5","3","433","2023","71"
"SRC316","15","20","Return on unlisted real estate investments5","4","488","2022","119"
"SRC316","15","20","Return on unlisted real estate investments5","5","541","2021","120"
"SRC316","15","21","Return on unlisted infrastructure investments1, 5","1","323","2025","10"
"SRC316","15","21","Return on unlisted infrastructure investments1, 5","2","378","2024","2"
"SRC316","15","21","Return on unlisted infrastructure investments1, 5","3","433","2023","2"
"SRC316","15","21","Return on unlisted infrastructure investments1, 5","4","488","2022","2"
"SRC316","15","21","Return on unlisted infrastructure investments1, 5","5","541","2021","1"
"SRC316","15","22","Management fees4","1","323","2025","-85"
"SRC316","15","22","Management fees4","2","378","2024","-77"
"SRC316","15","22","Management fees4","3","433","2023","-70"
"SRC316","15","22","Management fees4","4","488","2022","-63"
"SRC316","15","22","Management fees4","5","541","2021","-58"
"SRC316","15","23","Accumulated fluctuations in krone","1","323","2025","2,391"
"SRC316","15","23","Accumulated fluctuations in krone","2","378","2024","3,547"
"SRC316","15","23","Accumulated fluctuations in krone","3","433","2023","2,475"
"SRC316","15","23","Accumulated fluctuations in krone","4","488","2022","2,065"
"SRC316","15","23","Accumulated fluctuations in krone","5","541","2021","1,423"
"SRC316","15","24","Accumulated deferred tax6","1","323","2025","-12"
"SRC316","15","24","Accumulated deferred tax6","2","378","2024","-12"
"SRC316","15","24","Accumulated deferred tax6","3","433","2023","-8"
"SRC316","15","24","Accumulated deferred tax6","4","488","2022","-4"
"SRC316","15","24","Accumulated deferred tax6","5","541","2021","-5"
"SRC316","15","25","Fund value","1","323","2025","21,268"
"SRC316","15","25","Fund value","2","378","2024","19,742"
"SRC316","15","25","Fund value","3","433","2023","15,757"
"SRC316","15","25","Fund value","4","488","2022","12,429"
"SRC316","15","25","Fund value","5","541","2021","12,340"
"SRC316","15","26","Return on fund","1","323","2025","13,457"
"SRC316","15","26","Return on fund","2","378","2024","11,095"
"SRC316","15","26","Return on fund","3","433","2023","8,584"
"SRC316","15","26","Return on fund","4","488","2022","6,370"
"SRC316","15","26","Return on fund","5","541","2021","8,007"
"SRC316","15","27","Return after management costs","1","323","2025","13,372"
"SRC316","15","27","Return after management costs","2","378","2024","11,017"
"SRC316","15","27","Return after management costs","3","433","2023","8,514"
"SRC316","15","27","Return after management costs","4","488","2022","6,307"
"SRC316","15","27","Return after management costs","5","541","2021","7,949"
"SRC316","15","28","Government Pension Fund Global Annual report 2025","5","541","2021","15"
"SRC316","16","1","TABLE 2 The fund's ten","4","258","","31"
"SRC316","16","1","TABLE 2 The fund's ten","6","326","","2025,"
"SRC316","16","2","by country.","8","405","","31"
"SRC316","16","2","by country.","9","469","","2025."
"SRC316","16","3","US","1","133","","52.9"
"SRC316","16","3","US","2","190","","38.8"
"SRC316","16","3","US","4","258","Fixed","13.4"
"SRC316","16","3","US","5","294","Unlisted","0.74"
"SRC316","16","3","US","7","360","Unlisted","0.00"
"SRC316","16","4","Japan","1","133","","6.0"
"SRC316","16","4","Japan","2","190","","4.5"
"SRC316","16","4","Japan","4","258","Fixed","1.4"
"SRC316","16","4","Japan","5","294","Unlisted","0.04"
"SRC316","16","5","UK","1","133","","5.5"
"SRC316","16","5","UK","2","190","","3.5"
"SRC316","16","5","UK","4","258","Fixed","1.6"
"SRC316","16","5","UK","5","294","Unlisted","0.41"
"SRC316","16","5","UK","7","360","Unlisted","0.03"
"SRC316","16","6","Germany","1","133","","4.5"
"SRC316","16","6","Germany","2","190","","2.2"
"SRC316","16","6","Germany","4","258","Fixed","2.1"
"SRC316","16","6","Germany","5","294","Unlisted","0.09"
"SRC316","16","6","Germany","7","360","Unlisted","0.08"
"SRC316","16","7","France","1","133","","3.4"
"SRC316","16","7","France","2","190","","2.0"
"SRC316","16","7","France","4","258","Fixed","1.1"
"SRC316","16","7","France","5","294","Unlisted","0.30"
"SRC316","16","8","Canada","1","133","","3.3"
"SRC316","16","8","Canada","2","190","","1.8"
"SRC316","16","8","Canada","4","258","Fixed","1.6"
"SRC316","16","9","Switzerland","1","133","","2.6"
"SRC316","16","9","Switzerland","2","190","","2.1"
"SRC316","16","9","Switzerland","4","258","Fixed","0.4"
"SRC316","16","9","Switzerland","5","294","Unlisted","0.05"
"SRC316","16","10","China","1","133","","2.5"
"SRC316","16","10","China","2","190","","2.5"
"SRC316","16","11","Netherlands","1","133","","2.0"
"SRC316","16","11","Netherlands","2","190","","1.3"
"SRC316","16","11","Netherlands","4","258","Fixed","0.7"
"SRC316","16","11","Netherlands","5","294","Unlisted","0.02"
"SRC316","16","11","Netherlands","7","360","Unlisted","0.06"
"SRC316","16","12","Taiwan","1","133","","1.9"
"SRC316","16","12","Taiwan","2","190","","1.9"
"SRC316","16","13","Equity investments","3","227","","19.29"
"SRC316","16","13","Equity investments","4","258","","18.19"
"SRC316","16","13","Equity investments","5","294","","21.25"
"SRC316","16","13","Equity investments","6","326","","-15.36"
"SRC316","16","13","Equity investments","7","360","","20.76"
"SRC316","16","14","Fixed-income investments","3","227","","5.42"
"SRC316","16","14","Fixed-income investments","4","258","","1.28"
"SRC316","16","14","Fixed-income investments","5","294","","6.13"
"SRC316","16","14","Fixed-income investments","6","326","","-12.11"
"SRC316","16","14","Fixed-income investments","7","360","","-1.93"
"SRC316","16","15","Unlisted real estate investments","3","227","","4.36"
"SRC316","16","15","Unlisted real estate investments","4","258","","-0.57"
"SRC316","16","15","Unlisted real estate investments","5","294","","-12.37"
"SRC316","16","15","Unlisted real estate investments","6","326","","0.07"
"SRC316","16","15","Unlisted real estate investments","7","360","","13.64"
"SRC316","16","16","Unlisted infrastructure investments","3","227","","18.07"
"SRC316","16","16","Unlisted infrastructure investments","4","258","","-9.81"
"SRC316","16","16","Unlisted infrastructure investments","5","294","","3.68"
"SRC316","16","16","Unlisted infrastructure investments","6","326","","5.12"
"SRC316","16","16","Unlisted infrastructure investments","7","360","","4.15"
"SRC316","16","17","Return on fund","3","227","","15.11"
"SRC316","16","17","Return on fund","4","258","","13.09"
"SRC316","16","17","Return on fund","5","294","","16.14"
"SRC316","16","17","Return on fund","6","326","","-14.11"
"SRC316","16","17","Return on fund","7","360","","14.51"
"SRC316","16","18","Relative return on fund (percentage","3","227","","-0.28"
"SRC316","16","18","Relative return on fund (percentage","4","258","","-0.45"
"SRC316","16","18","Relative return on fund (percentage","5","294","","-0.18"
"SRC316","16","18","Relative return on fund (percentage","6","326","","0.87"
"SRC316","16","18","Relative return on fund (percentage","7","360","","0.75"
"SRC316","16","19","Management costs","3","227","","0.04"
"SRC316","16","19","Management costs","4","258","","0.04"
"SRC316","16","19","Management costs","5","294","","0.05"
"SRC316","16","19","Management costs","6","326","","0.04"
"SRC316","16","19","Management costs","7","360","","0.04"
"SRC316","16","20","Return on fund after management","3","227","","15.07"
"SRC316","16","20","Return on fund after management","4","258","","13.04"
"SRC316","16","20","Return on fund after management","5","294","","16.09"
"SRC316","16","20","Return on fund after management","6","326","","-14.15"
"SRC316","16","20","Return on fund after management","7","360","","14.47"
"SRC316","16","21","Equity investments","3","227","","9.85"
"SRC316","16","21","Equity investments","4","258","","28.10"
"SRC316","16","21","Equity investments","5","294","","26.26"
"SRC316","16","21","Equity investments","6","326","","-9.27"
"SRC316","16","21","Equity investments","7","360","","20.67"
"SRC316","16","22","Fixed-income investments","3","227","","-2.92"
"SRC316","16","22","Fixed-income investments","4","258","","9.77"
"SRC316","16","22","Fixed-income investments","5","294","","10.51"
"SRC316","16","22","Fixed-income investments","6","326","","-5.78"
"SRC316","16","22","Fixed-income investments","7","360","","-2.01"
"SRC316","16","23","Unlisted real estate investments","3","227","","-3.90"
"SRC316","16","23","Unlisted real estate investments","4","258","","7.77"
"SRC316","16","23","Unlisted real estate investments","5","294","","-8.75"
"SRC316","16","23","Unlisted real estate investments","6","326","","7.27"
"SRC316","16","23","Unlisted real estate investments","7","360","","13.55"
"SRC316","16","24","Unlisted infrastructure investments","3","227","","8.73"
"SRC316","16","24","Unlisted infrastructure investments","4","258","","-2.25"
"SRC316","16","24","Unlisted infrastructure investments","5","294","","7.96"
"SRC316","16","24","Unlisted infrastructure investments","6","326","","12.69"
"SRC316","16","24","Unlisted infrastructure investments","7","360","","7.24"
"SRC316","16","25","Return on fund","3","227","","6.00"
"SRC316","16","25","Return on fund","4","258","","22.57"
"SRC316","16","25","Return on fund","5","294","","20.93"
"SRC316","16","25","Return on fund","6","326","","-7.93"
"SRC316","16","25","Return on fund","7","360","","14.42"
"SRC316","17","1","TABLE 4 Return on the fund in percent as at 31 December","1","272","","2025,"
"SRC316","17","2","Since 01.01.1998 Annualised figures","2","325","","2025"
"SRC316","17","2","Since 01.01.1998 Annualised figures","3","379","","2024"
"SRC316","17","2","Since 01.01.1998 Annualised figures","4","433","","2023"
"SRC316","17","2","Since 01.01.1998 Annualised figures","5","487","","2022"
"SRC316","17","2","Since 01.01.1998 Annualised figures","6","544","","2021"
"SRC316","17","3","10/02/2026 US dollar","1","272","","6.72"
"SRC316","17","3","10/02/2026 US dollar","2","325","","19.36"
"SRC316","17","3","10/02/2026 US dollar","3","379","","9.60"
"SRC316","17","3","10/02/2026 US dollar","4","433","","17.30"
"SRC316","17","3","10/02/2026 US dollar","5","487","","-17.58"
"SRC316","17","3","10/02/2026 US dollar","6","544","","11.09"
"SRC316","17","4","Euro1","1","272","","6.46"
"SRC316","17","4","Euro1","2","325","","5.23"
"SRC316","17","4","Euro1","3","379","","16.92"
"SRC316","17","4","Euro1","4","433","","13.33"
"SRC316","17","4","Euro1","5","487","","-12.18"
"SRC316","17","4","Euro1","6","544","","19.53"
"SRC316","17","5","British pound","1","272","","7.52"
"SRC316","17","5","British pound","2","325","","11.13"
"SRC316","17","5","British pound","3","379","","11.56"
"SRC316","17","5","British pound","4","433","","10.68"
"SRC316","17","5","British pound","5","487","","-7.19"
"SRC316","17","5","British pound","6","544","","12.12"
"SRC316","17","6","Norwegian krone","1","272","","7.95"
"SRC316","17","6","Norwegian krone","2","325","","6.00"
"SRC316","17","6","Norwegian krone","3","379","","22.57"
"SRC316","17","6","Norwegian krone","4","433","","20.93"
"SRC316","17","6","Norwegian krone","5","487","","-7.93"
"SRC316","17","6","Norwegian krone","6","544","","14.42"
"SRC316","17","7","Currency basket","1","272","","6.64"
"SRC316","17","7","Currency basket","2","325","","15.11"
"SRC316","17","7","Currency basket","3","379","","13.09"
"SRC316","17","7","Currency basket","4","433","","16.14"
"SRC316","17","7","Currency basket","5","487","","-14.11"
"SRC316","17","7","Currency basket","6","544","","14.51"
"SRC316","17","8","30","6","544","","30"
"SRC316","17","9","25","6","544","","25"
"SRC316","17","10","20","6","544","","20"
"SRC316","17","11","15","6","544","","15"
"SRC316","17","12","10","6","544","","10"
"SRC316","17","13","5","6","544","","5"
"SRC316","17","14","0","6","544","","0"
"SRC316","17","15","-5","6","544","","-5"
"SRC316","17","16","-10","6","544","","-10"
"SRC316","17","17","-15","6","544","","-15"
"SRC316","17","18","-20","6","544","","-20"
"SRC316","17","19","-25","6","544","","-25"
"SRC316","17","20","-30","6","544","","-30"
"SRC316","17","21","98 99 00 01 02 03 04 05 06 07 08 09","1","272","","10 11"
"SRC316","17","21","98 99 00 01 02 03 04 05 06 07 08 09","2","325","","12 13 14"
"SRC316","17","21","98 99 00 01 02 03 04 05 06 07 08 09","3","379","","15 16 17"
"SRC316","17","21","98 99 00 01 02 03 04 05 06 07 08 09","4","433","","19 20"
"SRC316","17","21","98 99 00 01 02 03 04 05 06 07 08 09","5","487","","22 23 24"
"SRC316","17","21","98 99 00 01 02 03 04 05 06 07 08 09","6","544","","25"
"SRC316","17","22","Fund return (percent)","2","325","Since 01.01.1998","6.64"
"SRC316","17","22","Fund return (percent)","3","379","Last 15 years","8.05"
"SRC316","17","22","Fund return (percent)","4","433","Last 10 years","8.47"
"SRC316","17","22","Fund return (percent)","5","487","Last 5 years","8.26"
"SRC316","17","22","Fund return (percent)","6","544","Last 12 months","15.11"
"SRC316","17","23","Annual price inflation (percent)","2","325","Since 01.01.1998","2.13"
"SRC316","17","23","Annual price inflation (percent)","3","379","Last 15 years","2.38"
"SRC316","17","23","Annual price inflation (percent)","4","433","Last 10 years","2.78"
"SRC316","17","23","Annual price inflation (percent)","5","487","Last 5 years","4.06"
"SRC316","17","23","Annual price inflation (percent)","6","544","Last 12 months","2.41"
"SRC316","17","24","Annual management costs (percent)","2","325","Since 01.01.1998","0.07"
"SRC316","17","24","Annual management costs (percent)","3","379","Last 15 years","0.05"
"SRC316","17","24","Annual management costs (percent)","4","433","Last 10 years","0.05"
"SRC316","17","24","Annual management costs (percent)","5","487","Last 5 years","0.04"
"SRC316","17","24","Annual management costs (percent)","6","544","Last 12 months","0.04"
"SRC316","17","25","Net real return on fund (percent)","2","325","Since 01.01.1998","4.34"
"SRC316","17","25","Net real return on fund (percent)","3","379","Last 15 years","5.49"
"SRC316","17","25","Net real return on fund (percent)","4","433","Last 10 years","5.49"
"SRC316","17","25","Net real return on fund (percent)","5","487","Last 5 years","3.99"
"SRC316","17","25","Net real return on fund (percent)","6","544","Last 12 months","12.36"
"SRC316","17","26","The fund's actual standard deviation (percent)","2","325","Since 01.01.1998","8.32"
"SRC316","17","26","The fund's actual standard deviation (percent)","3","379","Last 15 years","8.77"
"SRC316","17","26","The fund's actual standard deviation (percent)","4","433","Last 10 years","9.55"
"SRC316","17","26","The fund's actual standard deviation (percent)","5","487","Last 5 years","9.50"
"SRC316","17","26","The fund's actual standard deviation (percent)","6","544","Last 12 months","6.21"
"SRC316","17","27","Relative return on fund (percentage points)1","2","325","Since 01.01.1998","0.24"
"SRC316","17","27","Relative return on fund (percentage points)1","3","379","Last 15 years","0.17"
"SRC316","17","27","Relative return on fund (percentage points)1","4","433","Last 10 years","0.19"
"SRC316","17","27","Relative return on fund (percentage points)1","5","487","Last 5 years","0.19"
"SRC316","17","27","Relative return on fund (percentage points)1","6","544","Last 12 months","-0.28"
"SRC316","17","28","The fund's tracking error (percentage points)1","2","325","Since 01.01.1998","0.62"
"SRC316","17","28","The fund's tracking error (percentage points)1","3","379","Last 15 years","0.39"
"SRC316","17","28","The fund's tracking error (percentage points)1","4","433","Last 10 years","0.40"
"SRC316","17","28","The fund's tracking error (percentage points)1","5","487","Last 5 years","0.45"
"SRC316","17","28","The fund's tracking error (percentage points)1","6","544","Last 12 months","0.33"
"SRC316","17","29","The fund's information ratio (IR)1.2","2","325","Since 01.01.1998","0.39"
"SRC316","17","29","The fund's information ratio (IR)1.2","3","379","Last 15 years","0.41"
"SRC316","17","29","The fund's information ratio (IR)1.2","4","433","Last 10 years","0.42"
"SRC316","17","29","The fund's information ratio (IR)1.2","5","487","Last 5 years","0.33"
"SRC316","17","29","The fund's information ratio (IR)1.2","6","544","Last 12 months","-0.78"
"SRC316","17","30","Gofo revlaetrivnem risekn.t Pension Fund Global Annual report","1","272","","2025"
"SRC316","17","30","Gofo revlaetrivnem risekn.t Pension Fund Global Annual report","6","544","Last 12 months","17"
"SRC316","18","1","50","4","548","","50"
"SRC316","18","2","40","4","548","","40"
"SRC316","18","3","30","4","548","","30"
"SRC316","18","4","20","4","548","","20"
"SRC316","18","5","10","4","548","","10"
"SRC316","18","6","0","4","548","","0"
"SRC316","18","7","-10","4","548","","-10"
"SRC316","18","8","-20","4","548","","-20"
"SRC316","18","9","-30","4","548","","-30"
"SRC316","18","10","-40","4","548","","-40"
"SRC316","18","11","-50","4","548","","-50"
"SRC316","18","12","10/02/2026 98 99 00 01 02 03 04 05 06 07 08 09 10 11 12 13 14 15 16 17 18","1","431","","19 20"
"SRC316","18","12","10/02/2026 98 99 00 01 02 03 04 05 06 07 08 09 10 11 12 13 14 15 16 17 18","2","512","","23 24"
"SRC316","18","12","10/02/2026 98 99 00 01 02 03 04 05 06 07 08 09 10 11 12 13 14 15 16 17 18","3","534","","25"
"SRC316","18","13","22,000","3","534","","22,000"
"SRC316","18","14","20,000","3","534","","20,000"
"SRC316","18","15","18,000","3","534","","18,000"
"SRC316","18","16","16,000","3","534","","16,000"
"SRC316","18","17","14,000","3","534","","14,000"
"SRC316","18","18","12,000","3","534","","12,000"
"SRC316","18","19","10,000","3","534","","10,000"
"SRC316","18","20","8,000","3","534","","8,000"
"SRC316","18","21","6,000","3","534","","6,000"
"SRC316","18","22","4,000","3","534","","4,000"
"SRC316","18","23","2,000","3","534","","2,000"
"SRC316","18","24","0","3","534","","0"
"SRC316","18","25","98 99 00 01 02 03 04 05 06 07 08 09 10 11 12 13 14 15 16 17 18 19","1","431","","20 21"
"SRC316","18","25","98 99 00 01 02 03 04 05 06 07 08 09 10 11 12 13 14 15 16 17 18 19","2","512","","24 25"
"SRC316","22","1","Government Pension Fund Global","2","270","","2025"
"SRC316","23","1","average holding in At the end","7","480","","2"
"SRC316","23","2","companies,","3","333","","5"
"SRC316","23","2","companies,","5","399","","68"
"SRC316","23","3","in the world’s","4","378","","1.5"
"SRC316","23","4","percentage","7","480","","9.2"
"SRC316","23","5","stake was valued","2","304","","4.7"
"SRC316","23","6","companies,","6","418","","10"
"SRC316","23","7","At the end","1","270","","2025,"
"SRC316","23","7","At the end","2","304","","1,062"
"SRC316","23","7","At the end","5","399","","5.0"
"SRC316","23","8","was allocated","6","418","","994"
"SRC316","23","9","of the year.","3","333","","14"
"SRC316","23","9","of the year.","7","480","","17"
"SRC316","23","10","mandates","4","378","","111"
"SRC316","23","11","Government Pension Fund Global Annual report","1","270","","2025"
"SRC316","24","1","US","1","385","currency","11.9"
"SRC316","24","1","US","3","465","currency","16.0"
"SRC316","24","1","US","4","547","investments1","54.7"
"SRC316","24","2","Japan","1","385","currency","20.4"
"SRC316","24","2","Japan","3","465","currency","24.5"
"SRC316","24","2","Japan","4","547","investments1","6.4"
"SRC316","24","3","UK","1","385","currency","27.6"
"SRC316","24","3","UK","3","465","currency","23.2"
"SRC316","24","3","UK","4","547","investments1","4.9"
"SRC316","24","4","China","1","385","currency","28.5"
"SRC316","24","4","China","3","465","currency","27.6"
"SRC316","24","4","China","4","547","investments1","3.6"
"SRC316","24","5","Germany","1","385","currency","24.1"
"SRC316","24","5","Germany","3","465","currency","13.5"
"SRC316","24","5","Germany","4","547","investments1","3.1"
"SRC316","24","6","Switzerland","1","385","currency","31.6"
"SRC316","24","6","Switzerland","3","465","currency","19.3"
"SRC316","24","6","Switzerland","4","547","investments1","3.0"
"SRC316","24","7","France","1","385","currency","22.5"
"SRC316","24","7","France","3","465","currency","12.0"
"SRC316","24","7","France","4","547","investments1","2.8"
"SRC316","24","8","Taiwan","1","385","currency","37.3"
"SRC316","24","8","Taiwan","3","465","currency","36.5"
"SRC316","24","8","Taiwan","4","547","investments1","2.7"
"SRC316","24","9","Canada","1","385","currency","33.2"
"SRC316","24","9","Canada","3","465","currency","31.6"
"SRC316","24","9","Canada","4","547","investments1","2.5"
"SRC316","24","10","India","1","385","currency","-1.4"
"SRC316","24","10","India","3","465","currency","7.3"
"SRC316","24","10","India","4","547","investments1","2.1"
"SRC316","24","11","TABLE 7 Return on the fund's equity investments","2","426","","2025."
"SRC316","24","12","Technology","2","426","Return","24.1"
"SRC316","24","12","Technology","4","547","Share of equity investments1","28.5"
"SRC316","24","13","Financials","2","426","Return","32.4"
"SRC316","24","13","Financials","4","547","Share of equity investments1","16.9"
"SRC316","24","14","Consumer discretionary","2","426","Return","7.8"
"SRC316","24","14","Consumer discretionary","4","547","Share of equity investments1","13.2"
"SRC316","24","15","Industrials","2","426","Return","18.0"
"SRC316","24","15","Industrials","4","547","Share of equity investments1","12.7"
"SRC316","24","16","Health care","2","426","Return","10.4"
"SRC316","24","16","Health care","4","547","Share of equity investments1","9.3"
"SRC316","24","17","Real estate","2","426","Return","1.6"
"SRC316","24","17","Real estate","4","547","Share of equity investments1","4.2"
"SRC316","24","18","Consumer staples","2","426","Return","3.9"
"SRC316","24","18","Consumer staples","4","547","Share of equity investments1","3.8"
"SRC316","24","19","Basic materials","2","426","Return","29.9"
"SRC316","24","19","Basic materials","4","547","Share of equity investments1","3.4"
"SRC316","24","20","Telecommunications","2","426","Return","26.7"
"SRC316","24","20","Telecommunications","4","547","Share of equity investments1","2.9"
"SRC316","24","21","Energy","2","426","Return","19.2"
"SRC316","24","21","Energy","4","547","Share of equity investments1","2.8"
"SRC316","24","22","Utilities","2","426","Return","21.2"
"SRC316","24","22","Utilities","4","547","Share of equity investments1","2.4"
"SRC316","24","23","Government Pension Fund Global Annual report 2025","4","547","Share of equity investments1","24"
"SRC316","25","1","Chart 7","4","176","","8"
"SRC316","25","2","Chart 9","4","176","","10"
"SRC316","26","1","percent","2","261","","2025."
"SRC316","26","2","of","1","226","","2025."
"SRC316","26","3","a","2","261","","0.75"
"SRC316","26","4","of","1","226","","1.0"
"SRC316","26","5","Government Pension Fund Global Annual","2","261","","2025"
"SRC316","27","1","Government bonds returned 4.1 percent","3","494","","56.4"
"SRC316","27","2","US Treasuries returned 2.9 percent","2","461","","32.5"
"SRC316","27","3","Euro-denominated government bonds","2","461","","8.7"
"SRC316","27","4","Japanese government bonds returned","1","375","","-8.8"
"SRC316","27","5","0.75 percent. Inflation remained well","4","545","","2"
"SRC316","27","6","US dollar","1","375","currency","3.3"
"SRC316","27","6","US dollar","2","461","currency","7.1"
"SRC316","27","6","US dollar","4","545","","53.0"
"SRC316","27","7","Euro","1","375","currency","10.4"
"SRC316","27","7","Euro","2","461","currency","1.0"
"SRC316","27","7","Euro","4","545","","26.9"
"SRC316","27","8","British pounds","1","375","currency","8.6"
"SRC316","27","8","British pounds","2","461","currency","4.8"
"SRC316","27","8","British pounds","4","545","","4.9"
"SRC316","27","9","Japanese yen","1","375","currency","-8.5"
"SRC316","27","9","Japanese yen","2","461","currency","-5.4"
"SRC316","27","9","Japanese yen","4","545","","4.8"
"SRC316","27","10","Canadian dollar","1","375","currency","3.9"
"SRC316","27","10","Canadian dollar","2","461","currency","2.7"
"SRC316","27","10","Canadian dollar","4","545","","4.5"
"SRC316","27","11","Australian dollar","1","375","currency","7.7"
"SRC316","27","11","Australian dollar","2","461","currency","3.7"
"SRC316","27","11","Australian dollar","4","545","","2.5"
"SRC316","27","12","Singapore dollar","1","375","currency","5.6"
"SRC316","27","12","Singapore dollar","2","461","currency","3.2"
"SRC316","27","12","Singapore dollar","4","545","","1.7"
"SRC316","27","13","Swiss franc","1","375","currency","10.2"
"SRC316","27","13","Swiss franc","2","461","currency","-0.1"
"SRC316","27","13","Swiss franc","4","545","","1.0"
"SRC316","27","14","Swedish kroner","1","375","currency","18.6"
"SRC316","27","14","Swedish kroner","2","461","currency","2.6"
"SRC316","27","14","Swedish kroner","4","545","","0.7"
"SRC316","27","15","Danish kroner","1","375","currency","8.4"
"SRC316","27","15","Danish kroner","2","461","currency","-0.8"
"SRC316","27","15","Danish kroner","4","545","","0.5"
"SRC316","27","16","Government Pension Fund Global Annual report 2025","4","545","","27"
"SRC316","28","1","Government bonds2","1","437","Return","4.1"
"SRC316","28","1","Government bonds2","2","547","fixed-income investments1","56.4"
"SRC316","28","2","Government-related bonds2","1","437","Return","7.7"
"SRC316","28","2","Government-related bonds2","2","547","fixed-income investments1","9.1"
"SRC316","28","3","Inflation-linked bonds2","1","437","Return","4.9"
"SRC316","28","3","Inflation-linked bonds2","2","547","fixed-income investments1","6.1"
"SRC316","28","4","Corporate bonds","1","437","Return","6.6"
"SRC316","28","4","Corporate bonds","2","547","fixed-income investments1","25.0"
"SRC316","28","5","Securitised bonds","1","437","Return","11.7"
"SRC316","28","5","Securitised bonds","2","547","fixed-income investments1","5.8"
"SRC316","28","6","Government Pension Fund Global Annual report 2025","2","547","fixed-income investments1","28"
"SRC316","29","1","Chart 11","3","175","","12"
"SRC316","29","2","Chart 13","3","175","","14"
"SRC316","29","3","Indexed total return 31.12.2024 = 10C0H.ART","2","67","","13"
"SRC316","30","1","Government","2","264","","2025"
"SRC316","31","1","In","1","230","","2025,"
"SRC316","31","2","TABLE","1","230","","10"
"SRC316","31","3","as","1","230","","31"
"SRC316","31","4","Unlisted","2","530","","372,377"
"SRC316","31","5","Listed","2","530","","295,755"
"SRC316","31","6","Aggregated","2","530","","668,132"
"SRC316","31","7","Government Pension Fund Global Annual","2","530","","31"
"SRC316","32","1","The fund’s investments in unlisted","5","511","","372"
"SRC316","32","2","billion kroner at the end of 2025,","3","434","","1.7"
"SRC316","32","3","of the transactions initiated at the","2","401","","2024"
"SRC316","32","3","of the transactions initiated at the","5","511","","2025."
"SRC316","32","4","sets an upper limit for unlisted real","4","472","","7"
"SRC316","32","5","Rental income","1","365","01.04.2011","3.8"
"SRC316","32","5","Rental income","2","401","2025","4.0"
"SRC316","32","5","Rental income","3","434","2024","3.9"
"SRC316","32","5","Rental income","4","472","2023","3.4"
"SRC316","32","5","Rental income","5","511","2022","3.1"
"SRC316","32","5","Rental income","6","546","2021","3.4"
"SRC316","32","6","Change in value","1","365","01.04.2011","0.6"
"SRC316","32","6","Change in value","2","401","2025","-1.1"
"SRC316","32","6","Change in value","3","434","2024","-4.8"
"SRC316","32","6","Change in value","4","472","2023","-16.2"
"SRC316","32","6","Change in value","5","511","2022","-3.0"
"SRC316","32","6","Change in value","6","546","2021","9.8"
"SRC316","32","7","Transaction costs","1","365","01.04.2011","-0.7"
"SRC316","32","7","Transaction costs","2","401","2025","-0.2"
"SRC316","32","7","Transaction costs","3","434","2024","-0.1"
"SRC316","32","7","Transaction costs","4","472","2023","-0.1"
"SRC316","32","7","Transaction costs","5","511","2022","-0.1"
"SRC316","32","7","Transaction costs","6","546","2021","-0.1"
"SRC316","32","8","a 95 percent interest in an office property Currency effect","1","365","01.04.2011","3.8"
"SRC316","32","8","a 95 percent interest in an office property Currency effect","2","401","2025","1.7"
"SRC316","32","8","a 95 percent interest in an office property Currency effect","4","472","2023","1.1"
"SRC316","32","8","a 95 percent interest in an office property Currency effect","5","511","2022","0.1"
"SRC316","32","8","a 95 percent interest in an office property Currency effect","6","546","2021","0.2"
"SRC316","32","9","New York City. Total (percent)","1","365","01.04.2011","4.0"
"SRC316","32","9","New York City. Total (percent)","2","401","2025","4.4"
"SRC316","32","9","New York City. Total (percent)","3","434","2024","-0.6"
"SRC316","32","9","New York City. Total (percent)","4","472","2023","-12.4"
"SRC316","32","9","New York City. Total (percent)","5","511","2022","0.1"
"SRC316","32","9","New York City. Total (percent)","6","546","2021","13.6"
"SRC316","32","10","Government Pension Fund Global Annual report 2025","6","546","2021","32"
"SRC316","37","1","TABLE","1","236","","16"
"SRC316","37","2","of kroner","2","270","","31"
"SRC316","37","3","In 2025, we made Market","3","542","","91,335"
"SRC316","37","4","Return","3","542","","18.1"
"SRC316","37","5","TABLE","1","236","","17"
"SRC316","37","6","as at","1","236","","31"
"SRC316","37","6","as at","2","270","","2025."
"SRC316","37","7","Wind","3","542","","59.9"
"SRC316","37","8","Grid","3","542","","29.3"
"SRC316","37","9","Solar","3","542","","10.0"
"SRC316","37","10","Other","3","542","","0.8"
"SRC316","37","11","direct","3","542","","2025"
"SRC316","37","12","Government Pension Fund Global Annual","2","270","","2025"
"SRC316","37","12","Government Pension Fund Global Annual","3","542","","37"
"SRC316","40","1","volatility is a measure","3","549","","2,000"
"SRC316","40","2","return on the fund’s","1","217","","8"
"SRC316","40","3","investments can","1","217","","6"
"SRC316","40","4","normally be expected","3","549","","500"
"SRC316","40","5","Government Pension Fund Global","2","267","","2025"
"SRC316","40","5","Government Pension Fund Global","3","549","","40"
"SRC316","44","1","bond mandates, of which","1","327","","111"
"SRC316","44","2","In 2025, the fund’s return","1","327","","-0.28"
"SRC316","44","3","the benchmark index by","1","327","","0.24"
"SRC316","44","3","the benchmark index by","2","540","","0.19"
"SRC316","44","4","TABLE 18 Relative return in","1","327","","2025."
"SRC316","44","5","Fund","2","540","","-0.28"
"SRC316","44","6","Equity investments","2","540","","-0.47"
"SRC316","44","7","Fixed-income investments","2","540","","0.45"
"SRC316","44","8","Government Pension Fund Global Annual report 2025","2","540","","44"
"SRC316","45","1","Calculations based","9","464","","2016."
"SRC316","46","1","income","2","335","","0.54"
"SRC316","46","2","Since","1","249","","1998,"
"SRC316","46","3","last decade,","2","335","","0.45"
"SRC316","46","4","years,","1","249","","0.60"
"SRC316","46","5","management","2","335","","-0.46"
"SRC316","46","6","return","1","249","","2025."
"SRC316","46","7","returned","1","249","","5.2"
"SRC316","46","8","Government Pension Fund Global Annual report","1","249","","2025"
"SRC316","47","1","The fund’s strategy is same period. From","1","298","","2017"
"SRC316","47","2","investments was","1","298","","2.75"
"SRC316","47","3","portfolio within investments had","2","404","","4.89"
"SRC316","47","4","bonds and equities","2","404","","2025,"
"SRC316","47","5","strategy has produced","2","404","","4.2"
"SRC316","49","1","The strategy for","3","320","","0.08"
"SRC316","49","2","based on a thorough","4","458","","0.04"
"SRC316","49","3","Government Pension Fund Global","2","271","","2025"
"SRC316","50","1","Market exposure","1","220","Equity management","0.12"
"SRC316","50","1","Market exposure","2","301","Fixed-income management","0.10"
"SRC316","50","1","Market exposure","5","459","Allocation","0.00"
"SRC316","50","1","Market exposure","6","540","Total","0.22"
"SRC316","50","2","Asset positioning","1","220","Equity management","0.08"
"SRC316","50","2","Asset positioning","2","301","Fixed-income management","0.10"
"SRC316","50","2","Asset positioning","5","459","Allocation","0.00"
"SRC316","50","2","Asset positioning","6","540","Total","0.18"
"SRC316","50","3","Securities lending","1","220","Equity management","0.03"
"SRC316","50","3","Securities lending","2","301","Fixed-income management","0.00"
"SRC316","50","3","Securities lending","6","540","Total","0.04"
"SRC316","50","4","Security selection","1","220","Equity management","-0.02"
"SRC316","50","4","Security selection","2","301","Fixed-income management","0.00"
"SRC316","50","4","Security selection","6","540","Total","-0.01"
"SRC316","50","5","Internal security selection","1","220","Equity management","-0.03"
"SRC316","50","5","Internal security selection","2","301","Fixed-income management","0.00"
"SRC316","50","5","Internal security selection","6","540","Total","-0.03"
"SRC316","50","6","External security selection","1","220","Equity management","0.02"
"SRC316","50","6","External security selection","6","540","Total","0.02"
"SRC316","50","7","Fund allocation","1","220","Equity management","-0.04"
"SRC316","50","7","Fund allocation","2","301","Fixed-income management","0.05"
"SRC316","50","7","Fund allocation","3","379","Real assets management","-0.42"
"SRC316","50","7","Fund allocation","5","459","Allocation","-0.08"
"SRC316","50","7","Fund allocation","6","540","Total","-0.49"
"SRC316","50","8","Real estate","3","379","Real assets management","-0.46"
"SRC316","50","8","Real estate","6","540","Total","-0.46"
"SRC316","50","9","Unlisted real estate","3","379","Real assets management","-0.15"
"SRC316","50","9","Unlisted real estate","6","540","Total","-0.15"
"SRC316","50","10","Listed real estate","3","379","Real assets management","-0.31"
"SRC316","50","10","Listed real estate","6","540","Total","-0.31"
"SRC316","50","11","Renewable energy infrastructure","3","379","Real assets management","0.04"
"SRC316","50","11","Renewable energy infrastructure","6","540","Total","0.04"
"SRC316","50","12","Allocation","1","220","Equity management","-0.04"
"SRC316","50","12","Allocation","2","301","Fixed-income management","0.05"
"SRC316","50","12","Allocation","3","379","Real assets management","0.00"
"SRC316","50","12","Allocation","5","459","Allocation","-0.08"
"SRC316","50","12","Allocation","6","540","Total","-0.07"
"SRC316","50","13","Totalt","1","220","Equity management","0.07"
"SRC316","50","13","Totalt","2","301","Fixed-income management","0.16"
"SRC316","50","13","Totalt","3","379","Real assets management","-0.42"
"SRC316","50","13","Totalt","5","459","Allocation","-0.08"
"SRC316","50","13","Totalt","6","540","Total","-0.28"
"SRC316","50","14","Market exposure1","1","220","Equity management","0.10"
"SRC316","50","14","Market exposure1","2","301","Fixed-income management","0.07"
"SRC316","50","14","Market exposure1","5","459","Allocation","0.00"
"SRC316","50","14","Market exposure1","6","540","Total","0.18"
"SRC316","50","15","Asset positioning","1","220","Equity management","0.06"
"SRC316","50","15","Asset positioning","2","301","Fixed-income management","0.07"
"SRC316","50","15","Asset positioning","5","459","Allocation","0.00"
"SRC316","50","15","Asset positioning","6","540","Total","0.13"
"SRC316","50","16","Securities lending","1","220","Equity management","0.04"
"SRC316","50","16","Securities lending","2","301","Fixed-income management","0.01"
"SRC316","50","16","Securities lending","6","540","Total","0.05"
"SRC316","50","17","Security selection","1","220","Equity management","0.13"
"SRC316","50","17","Security selection","2","301","Fixed-income management","0.01"
"SRC316","50","17","Security selection","6","540","Total","0.14"
"SRC316","50","18","Internal security selection","1","220","Equity management","0.04"
"SRC316","50","18","Internal security selection","2","301","Fixed-income management","0.01"
"SRC316","50","18","Internal security selection","6","540","Total","0.06"
"SRC316","50","19","External security selection","1","220","Equity management","0.09"
"SRC316","50","19","External security selection","6","540","Total","0.09"
"SRC316","50","20","Fund allocation","1","220","Equity management","-0.01"
"SRC316","50","20","Fund allocation","2","301","Fixed-income management","0.00"
"SRC316","50","20","Fund allocation","3","379","Real assets management","-0.10"
"SRC316","50","20","Fund allocation","5","459","Allocation","-0.01"
"SRC316","50","20","Fund allocation","6","540","Total","-0.12"
"SRC316","50","21","Real estate","3","379","Real assets management","-0.10"
"SRC316","50","21","Real estate","6","540","Total","-0.10"
"SRC316","50","22","Unlisted real estate","3","379","Real assets management","-0.02"
"SRC316","50","22","Unlisted real estate","6","540","Total","-0.02"
"SRC316","50","23","Listed real estate","3","379","Real assets management","-0.08"
"SRC316","50","23","Listed real estate","6","540","Total","-0.08"
"SRC316","50","24","Renewable energy infrastructure","3","379","Real assets management","0.00"
"SRC316","50","24","Renewable energy infrastructure","6","540","Total","0.00"
"SRC316","50","25","Allocation2,3","1","220","Equity management","-0.01"
"SRC316","50","25","Allocation2,3","2","301","Fixed-income management","0.00"
"SRC316","50","25","Allocation2,3","3","379","Real assets management","0.00"
"SRC316","50","25","Allocation2,3","5","459","Allocation","-0.01"
"SRC316","50","25","Allocation2,3","6","540","Total","-0.03"
"SRC316","50","26","Total","1","220","Equity management","0.22"
"SRC316","50","26","Total","2","301","Fixed-income management","0.08"
"SRC316","50","26","Total","3","379","Real assets management","-0.10"
"SRC316","50","26","Total","5","459","Allocation","-0.01"
"SRC316","50","26","Total","6","540","Total","0.19"
"SRC316","50","27","1 1 Market exposure includes -0.01 percentage point from the systematic","4","401","","2020."
"SRC316","50","28","2 Regulations for Environmental related mandates for equities and","4","401","","2022."
"SRC316","50","29","Government Pension Fund Global","6","540","Total","50"
"SRC316","53","1","TABLE 23 Expected relative volatility of investment","2","312","","31"
"SRC316","53","1","TABLE 23 Expected relative volatility of investment","3","389","","2025."
"SRC316","53","2","Market exposure","1","229","Equity management","4"
"SRC316","53","2","Market exposure","2","312","Fixed-income management","2"
"SRC316","53","2","Market exposure","5","550","Total","4"
"SRC316","53","3","Asset positioning","1","229","Equity management","4"
"SRC316","53","3","Asset positioning","2","312","Fixed-income management","2"
"SRC316","53","3","Asset positioning","5","550","Total","4"
"SRC316","53","4","Security selection","1","229","Equity management","16"
"SRC316","53","4","Security selection","2","312","Fixed-income management","1"
"SRC316","53","4","Security selection","5","550","Total","16"
"SRC316","53","5","Internal security selection","1","229","Equity management","10"
"SRC316","53","5","Internal security selection","2","312","Fixed-income management","1"
"SRC316","53","5","Internal security selection","5","550","Total","10"
"SRC316","53","6","External security selection","1","229","Equity management","10"
"SRC316","53","6","External security selection","5","550","Total","10"
"SRC316","53","7","Fund allocation","1","229","Equity management","8"
"SRC316","53","7","Fund allocation","2","312","Fixed-income management","3"
"SRC316","53","7","Fund allocation","3","389","Real assets management","32"
"SRC316","53","7","Fund allocation","4","469","Allocation","18"
"SRC316","53","7","Fund allocation","5","550","Total","39"
"SRC316","53","8","Real estate","3","389","Real assets management","31"
"SRC316","53","8","Real estate","5","550","Total","31"
"SRC316","53","9","Unlisted real estate","3","389","Real assets management","19"
"SRC316","53","9","Unlisted real estate","5","550","Total","19"
"SRC316","53","10","Listed real estate","3","389","Real assets management","18"
"SRC316","53","10","Listed real estate","5","550","Total","18"
"SRC316","53","11","Renewable energy infrastru-","3","389","Real assets management","4"
"SRC316","53","11","Renewable energy infrastru-","5","550","Total","4"
"SRC316","53","12","Allocation","1","229","Equity management","8"
"SRC316","53","12","Allocation","2","312","Fixed-income management","3"
"SRC316","53","12","Allocation","4","469","Allocation","18"
"SRC316","53","12","Allocation","5","550","Total","21"
"SRC316","53","13","Total","1","229","Equity management","16"
"SRC316","53","13","Total","2","312","Fixed-income management","4"
"SRC316","53","13","Total","3","389","Real assets management","32"
"SRC316","53","13","Total","4","469","Allocation","18"
"SRC316","53","13","Total","5","550","Total","37"
"SRC316","53","14","Government Pension Fund Global Annual","5","550","Total","53"
"SRC316","60","1","Government Pension Fund Global","2","272","","2025"
"SRC316","60","1","Government Pension Fund Global","3","546","","60"
"SRC316","61","1","TABLE 24 Gender balance by management level as at 31 December","1","468","","2025."
"SRC316","61","2","Management level 1 (Chief)","1","468","","56"
"SRC316","61","2","Management level 1 (Chief)","2","549","","44"
"SRC316","61","3","Management level 2 (Global Head)","1","468","","12"
"SRC316","61","3","Management level 2 (Global Head)","2","549","","88"
"SRC316","61","4","Management level 3 (Head)","1","468","","30"
"SRC316","61","4","Management level 3 (Head)","2","549","","70"
"SRC316","61","5","Specialised positions","1","468","","22"
"SRC316","61","5","Specialised positions","2","549","","78"
"SRC316","61","6","Government Pension Fund Global Annual report 2025","2","549","","61"
"SRC316","63","1","TABLE","1","59","","25"
"SRC316","63","1","TABLE","4","270","","31"
"SRC316","63","1","TABLE","5","328","","2025."
"SRC316","63","2","Global","2","160","Men","84"
"SRC316","63","2","Global","3","216","Women","16"
"SRC316","63","2","Global","4","270","Men","100"
"SRC316","63","2","Global","5","328","Women","0"
"SRC316","63","2","Global","6","381","Men","100"
"SRC316","63","2","Global","7","438","Women","0"
"SRC316","63","2","Global","8","493","Men","100"
"SRC316","63","2","Global","9","551","Women","0"
"SRC316","63","3","Head","2","160","Men","67"
"SRC316","63","3","Head","3","216","Women","33"
"SRC316","63","3","Head","4","270","Men","67"
"SRC316","63","3","Head","5","328","Women","33"
"SRC316","63","3","Head","6","381","Men","80"
"SRC316","63","3","Head","7","438","Women","20"
"SRC316","63","3","Head","8","493","Men","100"
"SRC316","63","3","Head","9","551","Women","0"
"SRC316","63","4","Level","1","59","","5"
"SRC316","63","4","Level","2","160","Men","93"
"SRC316","63","4","Level","3","216","Women","7"
"SRC316","63","4","Level","4","270","Men","100"
"SRC316","63","4","Level","5","328","Women","0"
"SRC316","63","4","Level","6","381","Men","75"
"SRC316","63","4","Level","7","438","Women","25"
"SRC316","63","4","Level","8","493","Men","33"
"SRC316","63","4","Level","9","551","Women","67"
"SRC316","63","5","Level","1","59","","4"
"SRC316","63","5","Level","2","160","Men","78"
"SRC316","63","5","Level","3","216","Women","22"
"SRC316","63","5","Level","4","270","Men","69"
"SRC316","63","5","Level","5","328","Women","31"
"SRC316","63","5","Level","6","381","Men","82"
"SRC316","63","5","Level","7","438","Women","18"
"SRC316","63","5","Level","8","493","Men","85"
"SRC316","63","5","Level","9","551","Women","15"
"SRC316","63","6","Level","1","59","","3"
"SRC316","63","6","Level","2","160","Men","58"
"SRC316","63","6","Level","3","216","Women","42"
"SRC316","63","6","Level","4","270","Men","59"
"SRC316","63","6","Level","5","328","Women","41"
"SRC316","63","6","Level","6","381","Men","68"
"SRC316","63","6","Level","7","438","Women","32"
"SRC316","63","6","Level","8","493","Men","74"
"SRC316","63","6","Level","9","551","Women","26"
"SRC316","63","7","Level","1","59","","2"
"SRC316","63","7","Level","2","160","Men","68"
"SRC316","63","7","Level","3","216","Women","32"
"SRC316","63","7","Level","4","270","Men","40"
"SRC316","63","7","Level","5","328","Women","60"
"SRC316","63","7","Level","6","381","Men","46"
"SRC316","63","7","Level","7","438","Women","54"
"SRC316","63","7","Level","8","493","Men","60"
"SRC316","63","7","Level","9","551","Women","40"
"SRC316","63","8","Level","1","59","","1"
"SRC316","63","8","Level","2","160","Men","38"
"SRC316","63","8","Level","3","216","Women","62"
"SRC316","63","8","Level","4","270","Men","25"
"SRC316","63","8","Level","5","328","Women","75"
"SRC316","63","8","Level","6","381","Men","100"
"SRC316","63","8","Level","7","438","Women","0"
"SRC316","63","8","Level","8","493","Men","0"
"SRC316","63","8","Level","9","551","Women","0"
"SRC316","63","9","Government","4","270","Men","2025"
"SRC316","63","9","Government","9","551","Women","63"
"SRC316","64","1","Chief Human Resources Officer Aass, Ada Magnæs Woman","1","411","Age","46"
"SRC316","64","1","Chief Human Resources Officer Aass, Ada Magnæs Woman","2","470","Investment Management","11"
"SRC316","64","1","Chief Human Resources Officer Aass, Ada Magnæs Woman","3","520","salary in kroner","2,700,000"
"SRC316","64","2","Co-Chief Investment Officer Equities Balthasar, Daniel1 Man Yes","1","411","Age","49"
"SRC316","64","2","Co-Chief Investment Officer Equities Balthasar, Daniel1 Man Yes","2","470","Investment Management","19"
"SRC316","64","2","Co-Chief Investment Officer Equities Balthasar, Daniel1 Man Yes","3","520","salary in kroner","13,436,000"
"SRC316","64","3","Chief Technology and Operating Bryne, Birgitte Woman","1","411","Age","53"
"SRC316","64","3","Chief Technology and Operating Bryne, Birgitte Woman","2","470","Investment Management","10"
"SRC316","64","3","Chief Technology and Operating Bryne, Birgitte Woman","3","520","salary in kroner","4,380,000"
"SRC316","64","4","Co-Chief Investment Officer Equities Furtado Reis, Pedro1 Man Yes","1","411","Age","50"
"SRC316","64","4","Co-Chief Investment Officer Equities Furtado Reis, Pedro1 Man Yes","2","470","Investment Management","14"
"SRC316","64","4","Co-Chief Investment Officer Equities Furtado Reis, Pedro1 Man Yes","3","520","salary in kroner","13,436,000"
"SRC316","64","5","Deputy Chief Executive Officer/Chief Grande, Trond Man","1","411","Age","55"
"SRC316","64","5","Deputy Chief Executive Officer/Chief Grande, Trond Man","2","470","Investment Management","18"
"SRC316","64","5","Deputy Chief Executive Officer/Chief Grande, Trond Man","3","520","salary in kroner","5,540,000"
"SRC316","64","6","Chief Risk Officer Huse, Dag2 Man","1","411","Age","59"
"SRC316","64","6","Chief Risk Officer Huse, Dag2 Man","2","470","Investment Management","22"
"SRC316","64","6","Chief Risk Officer Huse, Dag2 Man","3","520","salary in kroner","4,554,000"
"SRC316","64","7","Chief Governance and Compliance Ihenacho, Carine Smith1 Woman","1","411","Age","63"
"SRC316","64","7","Chief Governance and Compliance Ihenacho, Carine Smith1 Woman","2","470","Investment Management","8"
"SRC316","64","7","Chief Governance and Compliance Ihenacho, Carine Smith1 Woman","3","520","salary in kroner","6,711,000"
"SRC316","64","8","Chief Investment Officer Market Norberg, Malin Woman Yes","1","411","Age","41"
"SRC316","64","8","Chief Investment Officer Market Norberg, Malin Woman Yes","2","470","Investment Management","16"
"SRC316","64","8","Chief Investment Officer Market Norberg, Malin Woman Yes","3","520","salary in kroner","4,695,000"
"SRC316","64","9","Chief Communications and External Skaar, Marthe Woman","1","411","Age","42"
"SRC316","64","9","Chief Communications and External Skaar, Marthe Woman","2","470","Investment Management","12"
"SRC316","64","9","Chief Communications and External Skaar, Marthe Woman","3","520","salary in kroner","2,500,000"
"SRC316","64","10","Chief Executive Officer Tangen, Nicolai Man","1","411","Age","59"
"SRC316","64","10","Chief Executive Officer Tangen, Nicolai Man","2","470","Investment Management","5"
"SRC316","64","10","Chief Executive Officer Tangen, Nicolai Man","3","520","salary in kroner","7,606,000"
"SRC316","65","1","Chief Human Resources Officer Aass, Ada Magnæs","2","300","Paid salary5","2,640,191"
"SRC316","65","1","Chief Human Resources Officer Aass, Ada Magnæs","4","425","of other benefits4","16,990"
"SRC316","65","1","Chief Human Resources Officer Aass, Ada Magnæs","5","475","benefit earned","401,075"
"SRC316","65","2","Co-Chief Investment Officer Equities Balthasar, Daniel1,2","2","300","Paid salary5","13,436,951"
"SRC316","65","2","Co-Chief Investment Officer Equities Balthasar, Daniel1,2","3","364","Performance- based pay","1,687,616"
"SRC316","65","2","Co-Chief Investment Officer Equities Balthasar, Daniel1,2","4","425","of other benefits4","180,468"
"SRC316","65","2","Co-Chief Investment Officer Equities Balthasar, Daniel1,2","5","475","benefit earned","1,343,695"
"SRC316","65","3","Chief Technology and Operating Bryne, Birgitte","2","300","Paid salary5","4,387,232"
"SRC316","65","3","Chief Technology and Operating Bryne, Birgitte","4","425","of other benefits4","24,306"
"SRC316","65","3","Chief Technology and Operating Bryne, Birgitte","5","475","benefit earned","493,160"
"SRC316","65","4","Co-Chief Investment Officer Equities Furtado Reis, Pedro1,2","2","300","Paid salary5","13,436,951"
"SRC316","65","4","Co-Chief Investment Officer Equities Furtado Reis, Pedro1,2","3","364","Performance- based pay","1,631,938"
"SRC316","65","4","Co-Chief Investment Officer Equities Furtado Reis, Pedro1,2","4","425","of other benefits4","182,820"
"SRC316","65","4","Co-Chief Investment Officer Equities Furtado Reis, Pedro1,2","5","475","benefit earned","1,343,695"
"SRC316","65","5","Deputy Chief Executive Officer/Chief Grande, Trond","2","300","Paid salary5","5,555,193"
"SRC316","65","5","Deputy Chief Executive Officer/Chief Grande, Trond","4","425","of other benefits4","17,764"
"SRC316","65","5","Deputy Chief Executive Officer/Chief Grande, Trond","5","475","benefit earned","406,217"
"SRC316","65","6","Chief Risk Officer Huse, Dag3","2","300","Paid salary5","4,512,129"
"SRC316","65","6","Chief Risk Officer Huse, Dag3","4","425","of other benefits4","11,667"
"SRC316","65","6","Chief Risk Officer Huse, Dag3","5","475","benefit earned","571,678"
"SRC316","65","7","Chief Governance and Compliance Ihenacho, Carine Smith1","2","300","Paid salary5","6,721,292"
"SRC316","65","7","Chief Governance and Compliance Ihenacho, Carine Smith1","4","425","of other benefits4","182,049"
"SRC316","65","7","Chief Governance and Compliance Ihenacho, Carine Smith1","5","475","benefit earned","672,129"
"SRC316","65","8","Co-Chief Investment Officer Norberg, Malin2","2","300","Paid salary5","5,288,432"
"SRC316","65","8","Co-Chief Investment Officer Norberg, Malin2","3","364","Performance- based pay","636,462"
"SRC316","65","8","Co-Chief Investment Officer Norberg, Malin2","4","425","of other benefits4","1,886,757"
"SRC316","65","8","Co-Chief Investment Officer Norberg, Malin2","5","475","benefit earned","334,068"
"SRC316","65","9","Chief Communications and External Skaar, Marthe","2","300","Paid salary5","2,377,035"
"SRC316","65","9","Chief Communications and External Skaar, Marthe","4","425","of other benefits4","18,187"
"SRC316","65","9","Chief Communications and External Skaar, Marthe","5","475","benefit earned","342,338"
"SRC316","65","10","Chief Executive Officer Tangen, Nicolai","2","300","Paid salary5","7,172,790"
"SRC316","65","10","Chief Executive Officer Tangen, Nicolai","4","425","of other benefits4","156,558"
"SRC316","65","10","Chief Executive Officer Tangen, Nicolai","5","475","benefit earned","364,579"
"SRC316","65","11","A total of","1","254","","1,299"
"SRC316","65","11","A total of","5","475","benefit earned","786"
"SRC316","65","12","in 2025:","1","254","","66"
"SRC316","65","12","in 2025:","4","425","of other benefits4","541"
"SRC316","65","13","Government Pension Fund Global Annual report","1","254","","2025"
"SRC316","67","1","Oslo office","1","301","Fixed salary Median","86.50"
"SRC316","67","1","Oslo office","2","381","Average","86.50"
"SRC316","67","1","Oslo office","3","459","Expected remuneration paid Median","88.10"
"SRC316","67","1","Oslo office","4","536","Average","78.90"
"SRC316","67","2","Total","1","301","Fixed salary Median","80.60"
"SRC316","67","2","Total","2","381","Average","77.70"
"SRC316","67","2","Total","3","459","Expected remuneration paid Median","78.40"
"SRC316","67","2","Total","4","536","Average","68.40"
"SRC316","67","3","Government Pension Fund Global Annual report 2025","4","536","Average","67"
"SRC316","68","1","TABLE","1","59","","29"
"SRC316","68","1","TABLE","5","250","","31"
"SRC316","68","1","TABLE","6","314","","2025."
"SRC316","68","2","Head","2","138","Men","33"
"SRC316","68","2","Head","3","184","Women","16"
"SRC316","68","2","Head","4","202","Men","1,845,000"
"SRC316","68","2","Head","5","250","Women","1,690,000"
"SRC316","68","2","Head","7","363","","92"
"SRC316","68","2","Head","8","386","Men","1,916,000"
"SRC316","68","2","Head","9","432","Women","1,734,000"
"SRC316","68","2","Head","10","548","","91"
"SRC316","68","3","Level","1","59","","4"
"SRC316","68","3","Level","2","138","Men","73"
"SRC316","68","3","Level","3","184","Women","21"
"SRC316","68","3","Level","4","202","Men","1,500,000"
"SRC316","68","3","Level","5","250","Women","1,440,000"
"SRC316","68","3","Level","7","363","","96"
"SRC316","68","3","Level","8","386","Men","1,567,000"
"SRC316","68","3","Level","9","432","Women","1,431,000"
"SRC316","68","3","Level","10","548","","91"
"SRC316","68","4","Level","1","59","","3"
"SRC316","68","4","Level","2","138","Men","77"
"SRC316","68","4","Level","3","184","Women","56"
"SRC316","68","4","Level","4","202","Men","1,170,000"
"SRC316","68","4","Level","5","250","Women","1,150,000"
"SRC316","68","4","Level","7","363","","98"
"SRC316","68","4","Level","8","386","Men","1,176,000"
"SRC316","68","4","Level","9","432","Women","1,187,000"
"SRC316","68","4","Level","10","548","","101"
"SRC316","68","5","Level","1","59","","2"
"SRC316","68","5","Level","2","138","Men","50"
"SRC316","68","5","Level","3","184","Women","24"
"SRC316","68","5","Level","4","202","Men","923,000"
"SRC316","68","5","Level","5","250","Women","878,000"
"SRC316","68","5","Level","7","363","","95"
"SRC316","68","5","Level","8","386","Men","933,000"
"SRC316","68","5","Level","9","432","Women","883,000"
"SRC316","68","5","Level","10","548","","95"
"SRC316","68","6","Level","1","59","","1"
"SRC316","68","6","Level","2","138","Men","8"
"SRC316","68","6","Level","3","184","Women","13"
"SRC316","68","6","Level","4","202","Men","720,000"
"SRC316","68","6","Level","5","250","Women","720,000"
"SRC316","68","6","Level","7","363","","100"
"SRC316","68","6","Level","8","386","Men","719,000"
"SRC316","68","6","Level","9","432","Women","713,000"
"SRC316","68","6","Level","10","548","","99"
"SRC316","68","7","TABLE","1","59","","30"
"SRC316","68","7","TABLE","6","314","","31"
"SRC316","68","7","TABLE","7","363","","2025."
"SRC316","68","8","Head","2","138","Men","33"
"SRC316","68","8","Head","3","184","Women","16"
"SRC316","68","8","Head","4","202","Men","1,945,000"
"SRC316","68","8","Head","5","250","Women","1,718,000"
"SRC316","68","8","Head","7","363","","88"
"SRC316","68","8","Head","8","386","Men","2,110,000"
"SRC316","68","8","Head","9","432","Women","1,806,000"
"SRC316","68","8","Head","10","548","","86"
"SRC316","68","9","Level","1","59","","4"
"SRC316","68","9","Level","2","138","Men","73"
"SRC316","68","9","Level","3","184","Women","21"
"SRC316","68","9","Level","4","202","Men","1,760,000"
"SRC316","68","9","Level","5","250","Women","1,467,000"
"SRC316","68","9","Level","7","363","","83"
"SRC316","68","9","Level","8","386","Men","1,905,000"
"SRC316","68","9","Level","9","432","Women","1,527,000"
"SRC316","68","9","Level","10","548","","80"
"SRC316","68","10","Level","1","59","","3"
"SRC316","68","10","Level","2","138","Men","77"
"SRC316","68","10","Level","3","184","Women","56"
"SRC316","68","10","Level","4","202","Men","1,250,000"
"SRC316","68","10","Level","5","250","Women","1,248,000"
"SRC316","68","10","Level","7","363","","100"
"SRC316","68","10","Level","8","386","Men","1,311,000"
"SRC316","68","10","Level","9","432","Women","1,294,000"
"SRC316","68","10","Level","10","548","","99"
"SRC316","68","11","Level","1","59","","2"
"SRC316","68","11","Level","2","138","Men","50"
"SRC316","68","11","Level","3","184","Women","24"
"SRC316","68","11","Level","4","202","Men","954,000"
"SRC316","68","11","Level","5","250","Women","897,000"
"SRC316","68","11","Level","7","363","","94"
"SRC316","68","11","Level","8","386","Men","998,000"
"SRC316","68","11","Level","9","432","Women","911,000"
"SRC316","68","11","Level","10","548","","91"
"SRC316","68","12","Level","1","59","","1"
"SRC316","68","12","Level","2","138","Men","8"
"SRC316","68","12","Level","3","184","Women","13"
"SRC316","68","12","Level","4","202","Men","737,000"
"SRC316","68","12","Level","5","250","Women","720,000"
"SRC316","68","12","Level","7","363","","98"
"SRC316","68","12","Level","8","386","Men","736,000"
"SRC316","68","12","Level","9","432","Women","722,000"
"SRC316","68","12","Level","10","548","","98"
"SRC316","68","13","Government","5","250","Women","2025"
"SRC316","68","13","Government","10","548","","68"
"SRC316","70","1","A total of","1","261","Unwanted","178"
"SRC316","70","1","A total of","4","436","","2025,"
"SRC316","70","2","Altogether,","6","538","","142"
"SRC316","70","3","The significant","5","465","","110"
"SRC316","70","4","were registered","2","311","incidents","2025."
"SRC316","70","5","Process","5","465","","44"
"SRC316","70","6","Personnel","6","538","","59"
"SRC316","70","7","Technology","3","381","in 2025","28"
"SRC316","70","8","Suppliers","3","381","in 2025","32"
"SRC316","70","9","Other external factors","2","311","incidents","15"
"SRC316","70","10","0","1","261","Unwanted","10"
"SRC316","70","10","0","2","311","incidents","20"
"SRC316","70","10","0","3","381","in 2025","30"
"SRC316","70","10","0","4","436","","40"
"SRC316","70","10","0","5","465","","50"
"SRC316","70","10","0","6","538","","60"
"SRC316","70","11","Government Pension Fund Global Annual rep2o0rt2","1","261","Unwanted","24025"
"SRC316","70","11","Government Pension Fund Global Annual rep2o0rt2","2","311","incidents","2025"
"SRC316","70","11","Government Pension Fund Global Annual rep2o0rt2","6","538","","70"
"SRC316","73","1","Norges","3","337","","0.038"
"SRC316","73","2","between","1","255","","11"
"SRC316","73","2","between","2","287","","19"
"SRC316","73","2","between","4","503","","2012."
"SRC316","73","3","estate and","4","503","","12,"
"SRC316","73","4","table 6.4","2","287","","7.4"
"SRC316","73","5","Total management","4","503","","2025,"
"SRC316","73","6","up from","1","255","","7.4"
"SRC316","73","6","up from","3","337","","2024."
"SRC316","73","7","a result,","4","503","","2025."
"SRC316","73","8","management","2","287","","2025."
"SRC316","73","9","Government Pension Fund Global Annual report","1","255","","2025"
"SRC316","74","1","performance-based","4","510","","8.1"
"SRC316","74","2","kroner for","1","265","","2025."
"SRC316","74","3","amounted","1","265","","6.6"
"SRC316","74","4","6.4 billion","3","486","","0.2"
"SRC316","74","5","This corresponds","2","315","","0.033"
"SRC316","74","6","from 0.034","2","315","","2024."
"SRC316","74","7","Fixed and","3","486","","39"
"SRC316","74","8","management","2","315","","2025."
"SRC316","74","9","under management","4","510","","6"
"SRC316","74","10","of management","2","315","","2025."
"SRC316","74","11","Government Pension Fund Global Annual report","1","265","","2025"
"SRC316","76","1","Market exposure","1","371","management costs","1.3"
"SRC316","76","1","Market exposure","2","547","Management costs based on assets under management","1.8"
"SRC316","76","2","Securities selection","1","371","management costs","2.2"
"SRC316","76","2","Securities selection","2","547","Management costs based on assets under management","9.6"
"SRC316","76","3","Internal security selection","1","371","management costs","0.6"
"SRC316","76","3","Internal security selection","2","547","Management costs based on assets under management","3.5"
"SRC316","76","4","External security selection1","1","371","management costs","1.6"
"SRC316","76","4","External security selection1","2","547","Management costs based on assets under management","29.4"
"SRC316","76","5","Fund allocation","1","371","management costs","0.3"
"SRC316","76","6","of which unlisted real estate","1","371","management costs","0.2"
"SRC316","76","6","of which unlisted real estate","2","547","Management costs based on assets under management","8.3"
"SRC316","76","7","Total","1","371","management costs","3.8"
"SRC316","76","8","Market exposure","1","371","fund's costs","2.0"
"SRC316","76","8","Market exposure","2","547","Management costs based on assets under management","2.6"
"SRC316","76","9","Security selection","1","371","fund's costs","2.5"
"SRC316","76","9","Security selection","2","547","Management costs based on assets under management","13.7"
"SRC316","76","10","Internal security selection","1","371","fund's costs","0.7"
"SRC316","76","10","Internal security selection","2","547","Management costs based on assets under management","5.0"
"SRC316","76","11","External security selection1","1","371","fund's costs","1.8"
"SRC316","76","11","External security selection1","2","547","Management costs based on assets under management","40.9"
"SRC316","76","12","Fund allocation","1","371","fund's costs","0.3"
"SRC316","76","13","Unlisted real estate2","1","371","fund's costs","0.3"
"SRC316","76","13","Unlisted real estate2","2","547","Management costs based on assets under management","16.5"
"SRC316","76","14","Total","1","371","fund's costs","5.0"
"SRC316","76","15","Government Pension Fund Global Annual report 2025","2","547","Management costs based on assets under management","76"
"SRC316","80","1","- Equities","1","405","Note","4"
"SRC316","80","1","- Equities","2","465","2025","2 115 405"
"SRC316","80","1","- Equities","3","538","2024","2 454 653"
"SRC316","80","2","- Bonds","1","405","Note","4"
"SRC316","80","2","- Bonds","2","465","2025","243 405"
"SRC316","80","2","- Bonds","3","538","2024","70 889"
"SRC316","80","3","- Unlisted real estate","1","405","Note","6"
"SRC316","80","3","- Unlisted real estate","2","465","2025","9 063"
"SRC316","80","3","- Unlisted real estate","3","538","2024","-3 789"
"SRC316","80","4","- Unlisted infrastructure","1","405","Note","7"
"SRC316","80","4","- Unlisted infrastructure","2","465","2025","7 313"
"SRC316","80","4","- Unlisted infrastructure","3","538","2024","-627"
"SRC316","80","5","- Financial derivatives","1","405","Note","4"
"SRC316","80","5","- Financial derivatives","2","465","2025","1 350"
"SRC316","80","5","- Financial derivatives","3","538","2024","11 262"
"SRC316","80","6","- Secured lending","1","405","Note","13"
"SRC316","80","6","- Secured lending","2","465","2025","20 801"
"SRC316","80","6","- Secured lending","3","538","2024","21 622"
"SRC316","80","7","- Secured borrowing","1","405","Note","13"
"SRC316","80","7","- Secured borrowing","2","465","2025","-22 889"
"SRC316","80","7","- Secured borrowing","3","538","2024","-24 810"
"SRC316","80","8","Tax expense","1","405","Note","10"
"SRC316","80","8","Tax expense","2","465","2025","-11 157"
"SRC316","80","8","Tax expense","3","538","2024","-17 211"
"SRC316","80","9","Interest income/expense","2","465","2025","-1 042"
"SRC316","80","9","Interest income/expense","3","538","2024","-939"
"SRC316","80","10","Other income/expense","2","465","2025","-117"
"SRC316","80","10","Other income/expense","3","538","2024","4"
"SRC316","80","11","Profit/loss on the portfolio before foreign exchange gain/loss","2","465","2025","2 362 132"
"SRC316","80","11","Profit/loss on the portfolio before foreign exchange gain/loss","3","538","2024","2 511 054"
"SRC316","80","12","Foreign exchange gain/loss","1","405","Note","11"
"SRC316","80","12","Foreign exchange gain/loss","2","465","2025","-1 155 299"
"SRC316","80","12","Foreign exchange gain/loss","3","538","2024","1 072 207"
"SRC316","80","13","Profit/loss on the portfolio","2","465","2025","1 206 833"
"SRC316","80","13","Profit/loss on the portfolio","3","538","2024","3 583 261"
"SRC316","80","14","Management fee","1","405","Note","12"
"SRC316","80","14","Management fee","2","465","2025","-7 537"
"SRC316","80","14","Management fee","3","538","2024","-7 390"
"SRC316","80","15","Profit/loss and total comprehensive income","2","465","2025","1 199 296"
"SRC316","80","15","Profit/loss and total comprehensive income","3","538","2024","3 575 870"
"SRC316","80","16","Government Pension Fund Global Annual report 2025","3","538","2024","80"
"SRC316","81","1","Deposits in banks","2","461","2025","19 394"
"SRC316","81","1","Deposits in banks","3","536","2024","25 550"
"SRC316","81","2","Secured lending 13,14","2","461","2025","1 374 213"
"SRC316","81","2","Secured lending 13,14","3","536","2024","1 020 455"
"SRC316","81","3","Cash collateral posted","1","402","Note","14"
"SRC316","81","3","Cash collateral posted","2","461","2025","20 426"
"SRC316","81","3","Cash collateral posted","3","536","2024","11 340"
"SRC316","81","4","Unsettled trades","2","461","2025","38 765"
"SRC316","81","4","Unsettled trades","3","536","2024","72 619"
"SRC316","81","5","Equities","1","402","Note","5"
"SRC316","81","5","Equities","2","461","2025","14 217 305"
"SRC316","81","5","Equities","3","536","2024","13 290 055"
"SRC316","81","6","Equities lent","1","402","Note","5,13"
"SRC316","81","6","Equities lent","2","461","2025","1 011 469"
"SRC316","81","6","Equities lent","3","536","2024","862 197"
"SRC316","81","7","Bonds","1","402","Note","5"
"SRC316","81","7","Bonds","2","461","2025","4 987 629"
"SRC316","81","7","Bonds","3","536","2024","4 481 076"
"SRC316","81","8","Bonds lent","1","402","Note","5,13"
"SRC316","81","8","Bonds lent","2","461","2025","811 514"
"SRC316","81","8","Bonds lent","3","536","2024","1 088 846"
"SRC316","81","9","Financial derivatives","1","402","Note","5,14"
"SRC316","81","9","Financial derivatives","2","461","2025","27 597"
"SRC316","81","9","Financial derivatives","3","536","2024","32 904"
"SRC316","81","10","Unlisted real estate","1","402","Note","6"
"SRC316","81","10","Unlisted real estate","2","461","2025","371 524"
"SRC316","81","10","Unlisted real estate","3","536","2024","355 769"
"SRC316","81","11","Unlisted infrastructure","1","402","Note","7"
"SRC316","81","11","Unlisted infrastructure","2","461","2025","60 228"
"SRC316","81","11","Unlisted infrastructure","3","536","2024","25 236"
"SRC316","81","12","Withholding tax receivable","1","402","Note","10"
"SRC316","81","12","Withholding tax receivable","2","461","2025","11 594"
"SRC316","81","12","Withholding tax receivable","3","536","2024","17 938"
"SRC316","81","13","Other assets","1","402","Note","17"
"SRC316","81","13","Other assets","2","461","2025","2 165"
"SRC316","81","13","Other assets","3","536","2024","1 690"
"SRC316","81","14","Total assets","2","461","2025","22 953 824"
"SRC316","81","14","Total assets","3","536","2024","21 285 673"
"SRC316","81","15","Secured borrowing 13,14","2","461","2025","1 370 328"
"SRC316","81","15","Secured borrowing 13,14","3","536","2024","1 319 892"
"SRC316","81","16","Cash collateral received","1","402","Note","14"
"SRC316","81","16","Cash collateral received","2","461","2025","129 608"
"SRC316","81","16","Cash collateral received","3","536","2024","103 193"
"SRC316","81","17","Unsettled trades","2","461","2025","141 044"
"SRC316","81","17","Unsettled trades","3","536","2024","76 260"
"SRC316","81","18","Financial derivatives","1","402","Note","5,14"
"SRC316","81","18","Financial derivatives","2","461","2025","26 483"
"SRC316","81","18","Financial derivatives","3","536","2024","31 229"
"SRC316","81","19","Deferred tax","1","402","Note","10"
"SRC316","81","19","Deferred tax","2","461","2025","10 744"
"SRC316","81","19","Deferred tax","3","536","2024","13 170"
"SRC316","81","20","Other liabilities","1","402","Note","17"
"SRC316","81","20","Other liabilities","2","461","2025","194"
"SRC316","81","20","Other liabilities","3","536","2024","147"
"SRC316","81","21","Management fee payable","2","461","2025","7 537"
"SRC316","81","21","Management fee payable","3","536","2024","190"
"SRC316","81","22","Total liabilities","2","461","2025","1 685 938"
"SRC316","81","22","Total liabilities","3","536","2024","1 544 083"
"SRC316","81","23","Owner's capital","2","461","2025","21 267 886"
"SRC316","81","23","Owner's capital","3","536","2024","19 741 590"
"SRC316","81","24","Total liabilities and owner's capital","2","461","2025","22 953 824"
"SRC316","81","24","Total liabilities and owner's capital","3","536","2024","21 285 673"
"SRC316","81","25","Government Pension Fund Global Annual report 2025","3","536","2024","81"
"SRC316","82","1","Receipts of dividend from equities 274","1","471","2025","816"
"SRC316","82","1","Receipts of dividend from equities 274","2","543","2024","267 025"
"SRC316","82","2","Receipts of interest from bonds 160","1","471","2025","695"
"SRC316","82","2","Receipts of interest from bonds 160","2","543","2024","131 621"
"SRC316","82","3","Receipts of interest and dividend from unlisted real estate 6","1","471","2025","9 070"
"SRC316","82","3","Receipts of interest and dividend from unlisted real estate 6","2","543","2024","8 175"
"SRC316","82","4","Receipts of interest and dividend from unlisted infrastructure 7","1","471","2025","747"
"SRC316","82","4","Receipts of interest and dividend from unlisted infrastructure 7","2","543","2024","440"
"SRC316","82","5","Net receipts of interest and fee from secured lending and borrowing","1","471","2025","-2 655"
"SRC316","82","5","Net receipts of interest and fee from secured lending and borrowing","2","543","2024","-3 359"
"SRC316","82","6","estate and unlisted infrastructure 442","1","471","2025","673"
"SRC316","82","6","estate and unlisted infrastructure 442","2","543","2024","403 902"
"SRC316","82","7","Net cash flow from purchase and sale of equities","1","471","2025","18 918"
"SRC316","82","7","Net cash flow from purchase and sale of equities","2","543","2024","-230 218"
"SRC316","82","8","Net cash flow from purchase and sale of bonds -552","1","471","2025","445"
"SRC316","82","8","Net cash flow from purchase and sale of bonds -552","2","543","2024","-650 861"
"SRC316","82","9","Net cash flow to/from investments in unlisted real estate 6 -38","1","471","2025","899"
"SRC316","82","9","Net cash flow to/from investments in unlisted real estate 6 -38","2","543","2024","-40 244"
"SRC316","82","10","Net cash flow to/from investments in unlisted infrastructure 7 -27","1","471","2025","955"
"SRC316","82","10","Net cash flow to/from investments in unlisted infrastructure 7 -27","2","543","2024","-7 614"
"SRC316","82","11","Net cash flow financial derivatives","1","471","2025","-9 528"
"SRC316","82","11","Net cash flow financial derivatives","2","543","2024","20 874"
"SRC316","82","12","Net cash flow cash collateral related to derivative transactions","1","471","2025","19 778"
"SRC316","82","12","Net cash flow cash collateral related to derivative transactions","2","543","2024","73 732"
"SRC316","82","13","Net cash flow secured lending and borrowing -173","1","471","2025","972"
"SRC316","82","13","Net cash flow secured lending and borrowing -173","2","543","2024","65 565"
"SRC316","82","14","Net payment of taxes 10","1","471","2025","-5 574"
"SRC316","82","14","Net payment of taxes 10","2","543","2024","-20 710"
"SRC316","82","15","Net cash flow related to interest on deposits in banks and bank overdraft","1","471","2025","74"
"SRC316","82","15","Net cash flow related to interest on deposits in banks and bank overdraft","2","543","2024","214"
"SRC316","82","16","Net cash flow related to other income/expense, other assets and other liabilities","1","471","2025","-183"
"SRC316","82","16","Net cash flow related to other income/expense, other assets and other liabilities","2","543","2024","920"
"SRC316","82","17","Management fee paid to Norges Bank1","1","471","2025","-190"
"SRC316","82","17","Management fee paid to Norges Bank1","2","543","2024","-7 032"
"SRC316","82","18","Net cash inflow/outflow from operating activities -327","1","471","2025","303"
"SRC316","82","18","Net cash inflow/outflow from operating activities -327","2","543","2024","-391 472"
"SRC316","82","19","Inflow from the Norwegian government 326","1","471","2025","697"
"SRC316","82","19","Inflow from the Norwegian government 326","2","543","2024","411 365"
"SRC316","82","20","Net cash inflow/outflow from financing activities 326","1","471","2025","697"
"SRC316","82","20","Net cash inflow/outflow from financing activities 326","2","543","2024","411 365"
"SRC316","82","21","Deposits in banks at 1 January 25","1","471","2025","550"
"SRC316","82","21","Deposits in banks at 1 January 25","2","543","2024","8 584"
"SRC316","82","22","Net increase/decrease of cash in the period","1","471","2025","-606"
"SRC316","82","22","Net increase/decrease of cash in the period","2","543","2024","19 892"
"SRC316","82","23","Net foreign exchange gain/loss on cash","1","471","2025","-5 549"
"SRC316","82","23","Net foreign exchange gain/loss on cash","2","543","2024","-2 927"
"SRC316","82","24","Deposits in banks at end of period 19","1","471","2025","394"
"SRC316","82","24","Deposits in banks at end of period 19","2","543","2024","25 550"
"SRC316","82","25","Government Pension Fund Global Annual report 2025","2","543","2024","82"
"SRC316","83","1","1 January 2024","1","382","Inflows from owner","4 768 370"
"SRC316","83","1","1 January 2024","2","453","","10 988"
"SRC316","83","1","1 January 2024","3","470","Retained earnings","349"
"SRC316","83","1","1 January 2024","4","530","Total owner's capital","15 756 719"
"SRC316","83","2","Profit/loss and total comprehensive income","2","453","","3 575"
"SRC316","83","2","Profit/loss and total comprehensive income","3","470","Retained earnings","870"
"SRC316","83","2","Profit/loss and total comprehensive income","4","530","Total owner's capital","3 575 870"
"SRC316","83","3","Inflow during the period","1","382","Inflows from owner","409 000"
"SRC316","83","3","Inflow during the period","4","530","Total owner's capital","409 000"
"SRC316","83","4","31 December 2024","1","382","Inflows from owner","5 177 370"
"SRC316","83","4","31 December 2024","2","453","","14 564"
"SRC316","83","4","31 December 2024","3","470","Retained earnings","220"
"SRC316","83","4","31 December 2024","4","530","Total owner's capital","19 741 590"
"SRC316","83","5","1 January 2025","1","382","Inflows from owner","5 177 370"
"SRC316","83","5","1 January 2025","2","453","","14 564"
"SRC316","83","5","1 January 2025","3","470","Retained earnings","220"
"SRC316","83","5","1 January 2025","4","530","Total owner's capital","19 741 590"
"SRC316","83","6","Profit/loss and total comprehensive income","2","453","","1 199"
"SRC316","83","6","Profit/loss and total comprehensive income","3","470","Retained earnings","296"
"SRC316","83","6","Profit/loss and total comprehensive income","4","530","Total owner's capital","1 199 296"
"SRC316","83","7","Inflow during the period","1","382","Inflows from owner","327 000"
"SRC316","83","7","Inflow during the period","4","530","Total owner's capital","327 000"
"SRC316","83","8","31 December 2025 5","1","382","Inflows from owner","504 370"
"SRC316","83","8","31 December 2025 5","2","453","","15 763"
"SRC316","83","8","31 December 2025 5","3","470","Retained earnings","516"
"SRC316","83","8","31 December 2025 5","4","530","Total owner's capital","21 267 886"
"SRC316","83","9","Government Pension Fund Global Annual report 2025","4","530","Total owner's capital","83"
"SRC316","84","1","manages the Government","3","548","","3,"
"SRC316","84","2","management, see note","1","135","","9"
"SRC316","84","3","Bank’s annual financial","2","454","","2025"
"SRC316","84","4","the Executive Board on","1","135","","5"
"SRC316","84","4","the Executive Board on","2","454","","2026."
"SRC316","84","5","Government Pension Fund","3","548","","84"
"SRC316","85","1","IFRS","1","49","Note","18"
"SRC316","85","2","In","1","49","Note","2024,"
"SRC316","85","3","will","2","101","2 Accounting","1"
"SRC316","85","4","or","1","49","Note","1"
"SRC316","85","4","or","2","101","2 Accounting","2027."
"SRC316","85","5","under","2","101","2 Accounting","18."
"SRC316","85","6","IFRS","1","49","Note","18"
"SRC316","88","1","Return on equity investments","1","466","2025","19.29"
"SRC316","88","1","Return on equity investments","2","539","2024","18.19"
"SRC316","88","2","Return on fixed-income investments","1","466","2025","5.42"
"SRC316","88","2","Return on fixed-income investments","2","539","2024","1.28"
"SRC316","88","3","Return on unlisted real estate investments","1","466","2025","4.36"
"SRC316","88","3","Return on unlisted real estate investments","2","539","2024","-0.57"
"SRC316","88","4","Return on unlisted infrastructure investments","1","466","2025","18.07"
"SRC316","88","4","Return on unlisted infrastructure investments","2","539","2024","-9.81"
"SRC316","88","5","Return on fund","1","466","2025","15.11"
"SRC316","88","5","Return on fund","2","539","2024","13.09"
"SRC316","88","6","Relative return on fund (percentage points)","1","466","2025","-0.28"
"SRC316","88","6","Relative return on fund (percentage points)","2","539","2024","-0.45"
"SRC316","88","7","Return on equity investments","1","466","2025","9.85"
"SRC316","88","7","Return on equity investments","2","539","2024","28.10"
"SRC316","88","8","Return on fixed-income investments","1","466","2025","-2.92"
"SRC316","88","8","Return on fixed-income investments","2","539","2024","9.77"
"SRC316","88","9","Return on unlisted real estate investments","1","466","2025","-3.90"
"SRC316","88","9","Return on unlisted real estate investments","2","539","2024","7.77"
"SRC316","88","10","Return on unlisted infrastructure investments","1","466","2025","8.73"
"SRC316","88","10","Return on unlisted infrastructure investments","2","539","2024","-2.25"
"SRC316","88","11","Return on fund","1","466","2025","6.00"
"SRC316","88","11","Return on fund","2","539","2024","22.57"
"SRC316","88","12","Government Pension Fund Global Annual report 2025","2","539","2024","88"
"SRC316","89","1","Dividends 276","1","465","2025","796"
"SRC316","89","1","Dividends 276","2","538","2024","270 263"
"SRC316","89","2","Realised gain/loss 783","1","465","2025","386"
"SRC316","89","2","Realised gain/loss 783","2","538","2024","617 366"
"SRC316","89","3","Unrealised gain/loss 1 055","1","465","2025","223"
"SRC316","89","3","Unrealised gain/loss 1 055","2","538","2024","1 567 024"
"SRC316","89","4","Income/expense from equities before foreign exchange gain/loss 2 115","1","465","2025","405"
"SRC316","89","4","Income/expense from equities before foreign exchange gain/loss 2 115","2","538","2024","2 454 653"
"SRC316","89","5","Interest","1","465","2025","178 836"
"SRC316","89","5","Interest","2","538","2024","157 191"
"SRC316","89","6","Realised gain/loss -20","1","465","2025","660"
"SRC316","89","6","Realised gain/loss -20","2","538","2024","-44 964"
"SRC316","89","7","Unrealised gain/loss","1","465","2025","85 230"
"SRC316","89","7","Unrealised gain/loss","2","538","2024","-41 338"
"SRC316","89","8","Income/expense from bonds before foreign exchange gain/loss 243","1","465","2025","405"
"SRC316","89","8","Income/expense from bonds before foreign exchange gain/loss 243","2","538","2024","70 889"
"SRC316","89","9","Interest","1","465","2025","866"
"SRC316","89","9","Interest","2","538","2024","-4 494"
"SRC316","89","10","Realised gain/loss","1","465","2025","-4 353"
"SRC316","89","10","Realised gain/loss","2","538","2024","11 411"
"SRC316","89","11","Unrealised gain/loss","1","465","2025","4 837"
"SRC316","89","11","Unrealised gain/loss","2","538","2024","4 345"
"SRC316","89","12","Income/expense from financial derivatives before foreign exchange gain/loss","1","465","2025","1 350"
"SRC316","89","12","Income/expense from financial derivatives before foreign exchange gain/loss","2","538","2024","11 262"
"SRC316","89","13","Government Pension Fund Global Annual report 2025","2","538","2024","89"
"SRC316","90","1","Technology","1","443","incl. earned dividends","4 322 534"
"SRC316","90","1","Technology","2","532","incl. earned dividends","3 821 747"
"SRC316","90","2","Financials","1","443","incl. earned dividends","2 560 735"
"SRC316","90","2","Financials","2","532","incl. earned dividends","2 175 781"
"SRC316","90","3","Consumer discretionary","1","443","incl. earned dividends","2 011 834"
"SRC316","90","3","Consumer discretionary","2","532","incl. earned dividends","2 018 538"
"SRC316","90","4","Industrials","1","443","incl. earned dividends","1 928 892"
"SRC316","90","4","Industrials","2","532","incl. earned dividends","1 790 346"
"SRC316","90","5","Health care","1","443","incl. earned dividends","1 423 670"
"SRC316","90","5","Health care","2","532","incl. earned dividends","1 390 234"
"SRC316","90","6","Consumer staples","1","443","incl. earned dividends","586 120"
"SRC316","90","6","Consumer staples","2","532","incl. earned dividends","652 771"
"SRC316","90","7","Real estate","1","443","incl. earned dividends","642 830"
"SRC316","90","7","Real estate","2","532","incl. earned dividends","691 317"
"SRC316","90","8","Basic materials","1","443","incl. earned dividends","515 072"
"SRC316","90","8","Basic materials","2","532","incl. earned dividends","434 985"
"SRC316","90","9","Energy","1","443","incl. earned dividends","429 186"
"SRC316","90","9","Energy","2","532","incl. earned dividends","444 666"
"SRC316","90","10","Telecommunications","1","443","incl. earned dividends","445 093"
"SRC316","90","10","Telecommunications","2","532","incl. earned dividends","405 090"
"SRC316","90","11","Utilities","1","443","incl. earned dividends","362 809"
"SRC316","90","11","Utilities","2","532","incl. earned dividends","326 775"
"SRC316","90","12","Total equities 15","1","443","incl. earned dividends","228 774"
"SRC316","90","12","Total equities 15","2","532","incl. earned dividends","14 152 251"
"SRC316","90","13","Of which presented in the balance sheet line Equities 14","1","443","incl. earned dividends","217 305"
"SRC316","90","13","Of which presented in the balance sheet line Equities 14","2","532","incl. earned dividends","13 290 055"
"SRC316","90","14","Of which presented in the balance sheet line Equities lent","1","443","incl. earned dividends","1 011 469"
"SRC316","90","14","Of which presented in the balance sheet line Equities lent","2","532","incl. earned dividends","862 197"
"SRC316","90","15","Government Pension Fund Global Annual report 2025","2","532","incl. earned dividends","90"
"SRC316","91","1","Government bonds issued in the government's local currency 3","1","347","Notional value","387 913"
"SRC316","91","1","Government bonds issued in the government's local currency 3","2","410","incl. earned interest","3 200 365"
"SRC316","91","1","Government bonds issued in the government's local currency 3","3","469","Notional value","3 388 045"
"SRC316","91","1","Government bonds issued in the government's local currency 3","4","535","incl. earned interest","3 166 117"
"SRC316","91","2","Total government bonds 3","1","347","Notional value","387 913"
"SRC316","91","2","Total government bonds 3","2","410","incl. earned interest","3 200 365"
"SRC316","91","2","Total government bonds 3","3","469","Notional value","3 388 045"
"SRC316","91","2","Total government bonds 3","4","535","incl. earned interest","3 166 117"
"SRC316","91","3","Sovereign bonds","1","347","Notional value","22 311"
"SRC316","91","3","Sovereign bonds","2","410","incl. earned interest","21 965"
"SRC316","91","3","Sovereign bonds","3","469","Notional value","16 640"
"SRC316","91","3","Sovereign bonds","4","535","incl. earned interest","16 151"
"SRC316","91","4","Bonds issued by local authorities","1","347","Notional value","226 545"
"SRC316","91","4","Bonds issued by local authorities","2","410","incl. earned interest","217 504"
"SRC316","91","4","Bonds issued by local authorities","3","469","Notional value","182 060"
"SRC316","91","4","Bonds issued by local authorities","4","535","incl. earned interest","172 785"
"SRC316","91","5","Bonds issued by supranational bodies","1","347","Notional value","88 976"
"SRC316","91","5","Bonds issued by supranational bodies","2","410","incl. earned interest","88 114"
"SRC316","91","5","Bonds issued by supranational bodies","3","469","Notional value","100 588"
"SRC316","91","5","Bonds issued by supranational bodies","4","535","incl. earned interest","100 466"
"SRC316","91","6","Bonds issued by federal agencies","1","347","Notional value","186 547"
"SRC316","91","6","Bonds issued by federal agencies","2","410","incl. earned interest","185 509"
"SRC316","91","6","Bonds issued by federal agencies","3","469","Notional value","207 826"
"SRC316","91","6","Bonds issued by federal agencies","4","535","incl. earned interest","203 263"
"SRC316","91","7","Total government-related bonds","1","347","Notional value","524 378"
"SRC316","91","7","Total government-related bonds","2","410","incl. earned interest","513 092"
"SRC316","91","7","Total government-related bonds","3","469","Notional value","507 114"
"SRC316","91","7","Total government-related bonds","4","535","incl. earned interest","492 665"
"SRC316","91","8","Inflation-linked bonds issued by government authorities","1","347","Notional value","363 616"
"SRC316","91","8","Inflation-linked bonds issued by government authorities","2","410","incl. earned interest","342 561"
"SRC316","91","8","Inflation-linked bonds issued by government authorities","3","469","Notional value","325 074"
"SRC316","91","8","Inflation-linked bonds issued by government authorities","4","535","incl. earned interest","303 792"
"SRC316","91","9","Total inflation-linked bonds","1","347","Notional value","363 616"
"SRC316","91","9","Total inflation-linked bonds","2","410","incl. earned interest","342 561"
"SRC316","91","9","Total inflation-linked bonds","3","469","Notional value","325 074"
"SRC316","91","9","Total inflation-linked bonds","4","535","incl. earned interest","303 792"
"SRC316","91","10","Convertible bonds","1","347","Notional value","54"
"SRC316","91","10","Convertible bonds","2","410","incl. earned interest","64"
"SRC316","91","10","Convertible bonds","3","469","Notional value","58"
"SRC316","91","10","Convertible bonds","4","535","incl. earned interest","69"
"SRC316","91","11","Bonds issued by utilities","1","347","Notional value","130 176"
"SRC316","91","11","Bonds issued by utilities","2","410","incl. earned interest","125 514"
"SRC316","91","11","Bonds issued by utilities","3","469","Notional value","124 293"
"SRC316","91","11","Bonds issued by utilities","4","535","incl. earned interest","116 511"
"SRC316","91","12","Bonds issued by financial institutions","1","347","Notional value","613 271"
"SRC316","91","12","Bonds issued by financial institutions","2","410","incl. earned interest","610 719"
"SRC316","91","12","Bonds issued by financial institutions","3","469","Notional value","599 756"
"SRC316","91","12","Bonds issued by financial institutions","4","535","incl. earned interest","580 509"
"SRC316","91","13","Bonds issued by industrial companies","1","347","Notional value","698 079"
"SRC316","91","13","Bonds issued by industrial companies","2","410","incl. earned interest","676 568"
"SRC316","91","13","Bonds issued by industrial companies","3","469","Notional value","643 891"
"SRC316","91","13","Bonds issued by industrial companies","4","535","incl. earned interest","605 262"
"SRC316","91","14","Total corporate bonds","1","347","Notional value","1 441 581"
"SRC316","91","14","Total corporate bonds","2","410","incl. earned interest","1 412 864"
"SRC316","91","14","Total corporate bonds","3","469","Notional value","1 367 998"
"SRC316","91","14","Total corporate bonds","4","535","incl. earned interest","1 302 352"
"SRC316","91","15","Covered bonds","1","347","Notional value","343 058"
"SRC316","91","15","Covered bonds","2","410","incl. earned interest","330 261"
"SRC316","91","15","Covered bonds","3","469","Notional value","322 255"
"SRC316","91","15","Covered bonds","4","535","incl. earned interest","304 996"
"SRC316","91","16","Total securitised bonds","1","347","Notional value","343 058"
"SRC316","91","16","Total securitised bonds","2","410","incl. earned interest","330 261"
"SRC316","91","16","Total securitised bonds","3","469","Notional value","322 255"
"SRC316","91","16","Total securitised bonds","4","535","incl. earned interest","304 996"
"SRC316","91","17","Total bonds 6","1","347","Notional value","060 546"
"SRC316","91","17","Total bonds 6","2","410","incl. earned interest","5 799 143"
"SRC316","91","17","Total bonds 6","3","469","Notional value","5 910 486"
"SRC316","91","17","Total bonds 6","4","535","incl. earned interest","5 569 922"
"SRC316","91","18","Of which presented in the balance sheet line Bonds","2","410","incl. earned interest","4 987 629"
"SRC316","91","18","Of which presented in the balance sheet line Bonds","4","535","incl. earned interest","4 481 076"
"SRC316","91","19","Of which presented in the balance sheet line Bonds lent","2","410","incl. earned interest","811 514"
"SRC316","91","19","Of which presented in the balance sheet line Bonds lent","4","535","incl. earned interest","1 088 846"
"SRC316","91","20","At the end of 2025, earned interest amounted to NOK 56 924 million (NOK","1","347","Notional value","51 128"
"SRC316","91","21","Government Pension Fund Global Annual report 2025","4","535","incl. earned interest","91"
"SRC316","92","1","Foreign exchange derivatives","1","263","Notional amount","913 773"
"SRC316","92","1","Foreign exchange derivatives","2","329","Asset","3 928"
"SRC316","92","1","Foreign exchange derivatives","3","380","Liability","5 774"
"SRC316","92","1","Foreign exchange derivatives","4","425","Notional amount","1 216 103"
"SRC316","92","1","Foreign exchange derivatives","5","490","","14 652"
"SRC316","92","1","Foreign exchange derivatives","6","544","Liability","10 267"
"SRC316","92","2","Interest rate derivatives 5","1","263","Notional amount","630 066"
"SRC316","92","2","Interest rate derivatives 5","2","329","Asset","21 971"
"SRC316","92","2","Interest rate derivatives 5","3","380","Liability","12 428"
"SRC316","92","2","Interest rate derivatives 5","4","425","Notional amount","2 827 002"
"SRC316","92","2","Interest rate derivatives 5","5","490","","14 028"
"SRC316","92","2","Interest rate derivatives 5","6","544","Liability","10 961"
"SRC316","92","3","Credit derivatives","1","263","Notional amount","209 308"
"SRC316","92","3","Credit derivatives","2","329","Asset","1 421"
"SRC316","92","3","Credit derivatives","3","380","Liability","8 233"
"SRC316","92","3","Credit derivatives","4","425","Notional amount","173 841"
"SRC316","92","3","Credit derivatives","5","490","","4 147"
"SRC316","92","3","Credit derivatives","6","544","Liability","9 982"
"SRC316","92","4","Equity derivatives1","2","329","Asset","141"
"SRC316","92","4","Equity derivatives1","5","490","","36"
"SRC316","92","5","Exchange-traded futures contracts2","1","263","Notional amount","167 303"
"SRC316","92","5","Exchange-traded futures contracts2","2","329","Asset","137"
"SRC316","92","5","Exchange-traded futures contracts2","3","380","Liability","48"
"SRC316","92","5","Exchange-traded futures contracts2","4","425","Notional amount","174 242"
"SRC316","92","5","Exchange-traded futures contracts2","5","490","","40"
"SRC316","92","5","Exchange-traded futures contracts2","6","544","Liability","20"
"SRC316","92","6","Total financial derivatives 6","1","263","Notional amount","920 450"
"SRC316","92","6","Total financial derivatives 6","2","329","Asset","27 597"
"SRC316","92","6","Total financial derivatives 6","3","380","Liability","26 483"
"SRC316","92","6","Total financial derivatives 6","4","425","Notional amount","4 391 189"
"SRC316","92","6","Total financial derivatives 6","5","490","","32 904"
"SRC316","92","6","Total financial derivatives 6","6","544","Liability","31 229"
"SRC316","92","7","NOK 179 billion (NOK 194 billion at the end of 2024). See","2","329","Asset","14.1"
"SRC316","92","7","NOK 179 billion (NOK 194 billion at the end of 2024). See","3","380","Liability","14"
"SRC316","92","8","Government Pension Fund Global Annual report","1","263","Notional amount","2025"
"SRC316","92","8","Government Pension Fund Global Annual report","6","544","Liability","92"
"SRC316","93","1","Receipts of interest and dividend","1","469","2025","9 070"
"SRC316","93","1","Receipts of interest and dividend","2","542","2024","8 175"
"SRC316","93","2","Unrealised gain/loss1","1","469","2025","-7"
"SRC316","93","2","Unrealised gain/loss1","2","542","2024","-11 963"
"SRC316","93","3","Income/expense from unlisted real estate before foreign exchange gain/loss","1","469","2025","9 063"
"SRC316","93","3","Income/expense from unlisted real estate before foreign exchange gain/loss","2","542","2024","-3 789"
"SRC316","93","4","Unlisted real estate at 1 January 355","1","469","2025","769"
"SRC316","93","4","Unlisted real estate at 1 January 355","2","542","2024","300 541"
"SRC316","93","5","Net cash flow to/from investments 38","1","469","2025","899"
"SRC316","93","5","Net cash flow to/from investments 38","2","542","2024","40 244"
"SRC316","93","6","Unrealised gain/loss","1","469","2025","-7"
"SRC316","93","6","Unrealised gain/loss","2","542","2024","-11 963"
"SRC316","93","7","Foreign exchange gain/loss -23","1","469","2025","137"
"SRC316","93","7","Foreign exchange gain/loss -23","2","542","2024","26 947"
"SRC316","93","8","Unlisted real estate, closing balance for the period 371","1","469","2025","524"
"SRC316","93","8","Unlisted real estate, closing balance for the period 371","2","542","2024","355 769"
"SRC316","93","9","Government Pension Fund Global Annual report 2025","2","542","2024","93"
"SRC316","94","1","Receipts of interest from ongoing operations","1","468","2025","2 988"
"SRC316","94","1","Receipts of interest from ongoing operations","2","543","2024","2 889"
"SRC316","94","2","Receipts of dividends from ongoing operations","1","468","2025","6 083"
"SRC316","94","2","Receipts of dividends from ongoing operations","2","543","2024","5 252"
"SRC316","94","3","Receipts of interest from sales","2","543","2024","33"
"SRC316","94","4","Receipts of interest and dividend from unlisted real estate","1","468","2025","9 070"
"SRC316","94","4","Receipts of interest and dividend from unlisted real estate","2","543","2024","8 175"
"SRC316","94","5","Payments for new investments -34","1","468","2025","337"
"SRC316","94","5","Payments for new investments -34","2","543","2024","-37 716"
"SRC316","94","6","Payments for property development","1","468","2025","-4 597"
"SRC316","94","6","Payments for property development","2","543","2024","-3 444"
"SRC316","94","7","Net payments external debt","1","468","2025","-1 871"
"SRC316","94","8","Receipts from ongoing operations","1","468","2025","1 478"
"SRC316","94","8","Receipts from ongoing operations","2","543","2024","890"
"SRC316","94","9","Receipts from sales","1","468","2025","427"
"SRC316","94","9","Receipts from sales","2","543","2024","26"
"SRC316","94","10","Net cash flow to/from investments in unlisted real estate -38","1","468","2025","899"
"SRC316","94","10","Net cash flow to/from investments in unlisted real estate -38","2","543","2024","-40 244"
"SRC316","94","11","Net cash flow unlisted real estate -29","1","468","2025","829"
"SRC316","94","11","Net cash flow unlisted real estate -29","2","543","2024","-32 069"
"SRC316","94","12","Of which cash flow from ongoing operations","1","468","2025","10 549"
"SRC316","94","12","Of which cash flow from ongoing operations","2","543","2024","9 032"
"SRC316","94","13","Of which cash flow to/from other activities -40","1","468","2025","378"
"SRC316","94","13","Of which cash flow to/from other activities -40","2","543","2024","-41 101"
"SRC316","94","14","Government Pension Fund Global Annual report 2025","2","543","2024","94"
"SRC316","95","1","Net rental income","1","468","2025","17 325"
"SRC316","95","1","Net rental income","2","543","2024","14 708"
"SRC316","95","2","External asset management - fixed fees","1","468","2025","-1 225"
"SRC316","95","2","External asset management - fixed fees","2","543","2024","-1 023"
"SRC316","95","3","External asset management - variable fees","1","468","2025","-9"
"SRC316","95","3","External asset management - variable fees","2","543","2024","-24"
"SRC316","95","4","Internal asset management - fixed fees1","1","468","2025","-122"
"SRC316","95","4","Internal asset management - fixed fees1","2","543","2024","-114"
"SRC316","95","5","Operating costs in wholly-owned subsidiaries2","1","468","2025","-116"
"SRC316","95","5","Operating costs in wholly-owned subsidiaries2","2","543","2024","-76"
"SRC316","95","6","Operating costs in joint ventures","1","468","2025","-265"
"SRC316","95","6","Operating costs in joint ventures","2","543","2024","-174"
"SRC316","95","7","Interest expense external debt","1","468","2025","-999"
"SRC316","95","7","Interest expense external debt","2","543","2024","-806"
"SRC316","95","8","Tax expense","1","468","2025","-328"
"SRC316","95","8","Tax expense","2","543","2024","-253"
"SRC316","95","9","Net income from ongoing operations","1","468","2025","14 261"
"SRC316","95","9","Net income from ongoing operations","2","543","2024","12 237"
"SRC316","95","10","Realised gain/loss","1","468","2025","49"
"SRC316","95","10","Realised gain/loss","2","543","2024","93"
"SRC316","95","11","Unrealised gain/loss3","1","468","2025","-4 522"
"SRC316","95","11","Unrealised gain/loss3","2","543","2024","-15 718"
"SRC316","95","12","Realised and unrealised gain/loss","1","468","2025","-4 473"
"SRC316","95","12","Realised and unrealised gain/loss","2","543","2024","-15 625"
"SRC316","95","13","Transaction costs and fees from purchases and sales","1","468","2025","-725"
"SRC316","95","13","Transaction costs and fees from purchases and sales","2","543","2024","-400"
"SRC316","95","14","Net income underlying real estate companies","1","468","2025","9 063"
"SRC316","95","14","Net income underlying real estate companies","2","543","2024","-3 789"
"SRC316","95","15","Properties 405","1","468","2025","896"
"SRC316","95","15","Properties 405","2","543","2024","374 603"
"SRC316","95","16","External debt -36","1","468","2025","045"
"SRC316","95","16","External debt -36","2","543","2024","-31 494"
"SRC316","95","17","Net other assets and liabilities1","1","468","2025","1 673"
"SRC316","95","17","Net other assets and liabilities1","2","543","2024","12 660"
"SRC316","95","18","Total assets and liabilities underlying real estate companies 371","1","468","2025","524"
"SRC316","95","18","Total assets and liabilities underlying real estate companies 371","2","543","2024","355 769"
"SRC316","95","19","Government Pension Fund Global Annual report 2025","2","543","2024","95"
"SRC316","96","1","Receipts of interest and dividend","1","470","2025","747"
"SRC316","96","1","Receipts of interest and dividend","2","542","2024","440"
"SRC316","96","2","Unrealised gain/loss1","1","470","2025","6 566"
"SRC316","96","2","Unrealised gain/loss1","2","542","2024","-1 067"
"SRC316","96","3","Income/expense from unlisted infrastructure before foreign exchange gain/loss","1","470","2025","7 313"
"SRC316","96","3","Income/expense from unlisted infrastructure before foreign exchange gain/loss","2","542","2024","-627"
"SRC316","96","4","Unlisted infrastructure at 1 January 25","1","470","2025","236"
"SRC316","96","4","Unlisted infrastructure at 1 January 25","2","542","2024","17 593"
"SRC316","96","5","Net cash flow to/from investments 27","1","470","2025","955"
"SRC316","96","5","Net cash flow to/from investments 27","2","542","2024","7 614"
"SRC316","96","6","Unrealised gain/loss","1","470","2025","6 566"
"SRC316","96","6","Unrealised gain/loss","2","542","2024","-1 067"
"SRC316","96","7","Foreign exchange gain/loss","1","470","2025","471"
"SRC316","96","7","Foreign exchange gain/loss","2","542","2024","1 096"
"SRC316","96","8","Unlisted infrastructure, closing balance for the period 60","1","470","2025","228"
"SRC316","96","8","Unlisted infrastructure, closing balance for the period 60","2","542","2024","25 236"
"SRC316","96","9","Government Pension Fund Global Annual report 2025","2","542","2024","96"
"SRC316","97","1","Receipts of interest from ongoing operations","1","470","2025","457"
"SRC316","97","1","Receipts of interest from ongoing operations","2","543","2024","407"
"SRC316","97","2","Receipts of dividends from ongoing operations","1","470","2025","290"
"SRC316","97","2","Receipts of dividends from ongoing operations","2","543","2024","33"
"SRC316","97","3","Receipts of interest and dividend from unlisted infrastructure","1","470","2025","747"
"SRC316","97","3","Receipts of interest and dividend from unlisted infrastructure","2","543","2024","440"
"SRC316","97","4","Payments for new investments -23","1","470","2025","792"
"SRC316","97","4","Payments for new investments -23","2","543","2024","-7 541"
"SRC316","97","5","Payments for development of infrastructure assets -4","1","470","2025","601"
"SRC316","97","5","Payments for development of infrastructure assets -4","2","543","2024","-681"
"SRC316","97","6","Receipts from ongoing operations","1","470","2025","439"
"SRC316","97","6","Receipts from ongoing operations","2","543","2024","608"
"SRC316","97","7","Net cash flow to/from investments in unlisted infrastructure -27","1","470","2025","955"
"SRC316","97","7","Net cash flow to/from investments in unlisted infrastructure -27","2","543","2024","-7 614"
"SRC316","97","8","Net cash flow unlisted infrastructure -27","1","470","2025","208"
"SRC316","97","8","Net cash flow unlisted infrastructure -27","2","543","2024","-7 174"
"SRC316","97","9","Of which cash flow from ongoing operations","1","470","2025","1 186"
"SRC316","97","9","Of which cash flow from ongoing operations","2","543","2024","1 048"
"SRC316","97","10","Of which cash flow to/from other activities -28","1","470","2025","394"
"SRC316","97","10","Of which cash flow to/from other activities -28","2","543","2024","-8 222"
"SRC316","97","11","Government Pension Fund Global Annual report 2025","2","543","2024","97"
"SRC316","98","1","Net income from sale of renewable energy","1","469","2025","2 582"
"SRC316","98","1","Net income from sale of renewable energy","2","543","2024","1 661"
"SRC316","98","2","External manager fees1","1","469","2025","-172"
"SRC316","98","2","External manager fees1","2","543","2024","-148"
"SRC316","98","3","Operating costs in wholly-owned subsidiaries2","1","469","2025","-41"
"SRC316","98","3","Operating costs in wholly-owned subsidiaries2","2","543","2024","-12"
"SRC316","98","4","Operating costs in joint ventures","1","469","2025","-377"
"SRC316","98","4","Operating costs in joint ventures","2","543","2024","-226"
"SRC316","98","5","Interest income/expense","1","469","2025","-198"
"SRC316","98","5","Interest income/expense","2","543","2024","-222"
"SRC316","98","6","Tax expense","1","469","2025","-154"
"SRC316","98","6","Tax expense","2","543","2024","-84"
"SRC316","98","7","Net income from ongoing operations","1","469","2025","1 641"
"SRC316","98","7","Net income from ongoing operations","2","543","2024","970"
"SRC316","98","8","Unrealised gain/loss3","1","469","2025","5 879"
"SRC316","98","8","Unrealised gain/loss3","2","543","2024","-1 503"
"SRC316","98","9","Transaction costs and fees from purchases","1","469","2025","-207"
"SRC316","98","9","Transaction costs and fees from purchases","2","543","2024","-95"
"SRC316","98","10","Net income underlying infrastructure companies","1","469","2025","7 313"
"SRC316","98","10","Net income underlying infrastructure companies","2","543","2024","-627"
"SRC316","98","11","Infrastructure assets","1","469","2025","65 138"
"SRC316","98","11","Infrastructure assets","2","543","2024","32 582"
"SRC316","98","12","External debt","1","469","2025","-7 848"
"SRC316","98","12","External debt","2","543","2024","-9 109"
"SRC316","98","13","Net other assets and liabilities1","1","469","2025","2 938"
"SRC316","98","13","Net other assets and liabilities1","2","543","2024","1 763"
"SRC316","98","14","Total assets and liabilities underlying infrastructure companies 60","1","469","2025","228"
"SRC316","98","14","Total assets and liabilities underlying infrastructure companies 60","2","543","2024","25 236"
"SRC316","98","15","Government Pension Fund Global Annual report 2025","2","543","2024","98"
"SRC316","100","1","Equities 15 192 762","1","203","Level 1","14"
"SRC316","100","1","Equities 15 192 762","2","290","Level 2","34 289"
"SRC316","100","1","Equities 15 192 762","3","342","","33 124"
"SRC316","100","1","Equities 15 192 762","4","422","Level 3","1 630"
"SRC316","100","1","Equities 15 192 762","5","484","","15 228 774"
"SRC316","100","1","Equities 15 192 762","6","535","Total","14 152 251"
"SRC316","100","2","Government bonds 2 812 904","1","203","Level 1","2 862"
"SRC316","100","2","Government bonds 2 812 904","2","290","Level 2","387 462"
"SRC316","100","2","Government bonds 2 812 904","3","342","","303 122"
"SRC316","100","2","Government bonds 2 812 904","5","484","","3 200 365"
"SRC316","100","2","Government bonds 2 812 904","6","535","Total","3 166 117"
"SRC316","100","3","Government-related bonds 441","1","203","Level 1","716"
"SRC316","100","3","Government-related bonds 441","2","290","Level 2","70 274"
"SRC316","100","3","Government-related bonds 441","3","342","","75 397"
"SRC316","100","3","Government-related bonds 441","4","422","Level 3","101 1 389"
"SRC316","100","3","Government-related bonds 441","5","484","","513 092"
"SRC316","100","3","Government-related bonds 441","6","535","Total","492 665"
"SRC316","100","4","Inflation-linked bonds 282 635","2","290","Level 2","59 926"
"SRC316","100","4","Inflation-linked bonds 282 635","3","342","","58 021"
"SRC316","100","4","Inflation-linked bonds 282 635","5","484","","342 561"
"SRC316","100","4","Inflation-linked bonds 282 635","6","535","Total","303 792"
"SRC316","100","5","Corporate bonds 1 388 752","1","203","Level 1","1 277"
"SRC316","100","5","Corporate bonds 1 388 752","2","290","Level 2","24 111"
"SRC316","100","5","Corporate bonds 1 388 752","3","342","","25 311"
"SRC316","100","5","Corporate bonds 1 388 752","4","422","Level 3","1"
"SRC316","100","5","Corporate bonds 1 388 752","5","484","","1 412 864"
"SRC316","100","5","Corporate bonds 1 388 752","6","535","Total","1 302 352"
"SRC316","100","6","Securitised bonds 277 233","2","290","Level 2","53 028"
"SRC316","100","6","Securitised bonds 277 233","3","342","","47 157"
"SRC316","100","6","Securitised bonds 277 233","5","484","","330 261"
"SRC316","100","6","Securitised bonds 277 233","6","535","Total","304 996"
"SRC316","100","7","Total bonds 5 203 240","1","203","Level 1","5 059"
"SRC316","100","7","Total bonds 5 203 240","2","290","Level 2","594 801"
"SRC316","100","7","Total bonds 5 203 240","3","342","","509 008"
"SRC316","100","7","Total bonds 5 203 240","4","422","Level 3","1 390"
"SRC316","100","7","Total bonds 5 203 240","5","484","","5 799 143"
"SRC316","100","7","Total bonds 5 203 240","6","535","Total","5 569 922"
"SRC316","100","8","Financial derivatives (assets)","1","203","Level 1","68"
"SRC316","100","8","Financial derivatives (assets)","2","290","Level 2","27 522"
"SRC316","100","8","Financial derivatives (assets)","3","342","","28 843"
"SRC316","100","8","Financial derivatives (assets)","4","422","Level 3","7"
"SRC316","100","8","Financial derivatives (assets)","5","484","","27 597"
"SRC316","100","8","Financial derivatives (assets)","6","535","Total","32 904"
"SRC316","100","9","Financial derivatives (liabilities) -1","1","203","Level 1","187"
"SRC316","100","9","Financial derivatives (liabilities) -1","2","290","Level 2","-25 296"
"SRC316","100","9","Financial derivatives (liabilities) -1","3","342","","-21 795"
"SRC316","100","9","Financial derivatives (liabilities) -1","5","484","","-26 483"
"SRC316","100","9","Financial derivatives (liabilities) -1","6","535","Total","-31 229"
"SRC316","100","10","Total financial derivatives -1","1","203","Level 1","119"
"SRC316","100","10","Total financial derivatives -1","2","290","Level 2","2 226"
"SRC316","100","10","Total financial derivatives -1","3","342","","7 048"
"SRC316","100","10","Total financial derivatives -1","4","422","Level 3","7"
"SRC316","100","10","Total financial derivatives -1","5","484","","1 114"
"SRC316","100","10","Total financial derivatives -1","6","535","Total","1 675"
"SRC316","100","11","Unlisted real estate","4","422","Level 3","355 769"
"SRC316","100","11","Unlisted real estate","5","484","","371 524"
"SRC316","100","11","Unlisted real estate","6","535","Total","355 769"
"SRC316","100","12","Unlisted infrastructure","4","422","Level 3","25 236"
"SRC316","100","12","Unlisted infrastructure","5","484","","60 228"
"SRC316","100","12","Unlisted infrastructure","6","535","Total","25 236"
"SRC316","100","13","Other (assets)1","2","290","Level 2","1 466 556"
"SRC316","100","13","Other (assets)1","3","342","","1 149 591"
"SRC316","100","13","Other (assets)1","5","484","","1 466 556"
"SRC316","100","13","Other (assets)1","6","535","Total","1 149 591"
"SRC316","100","14","Other (liabilities)2","2","290","Level 2","-1 641 173"
"SRC316","100","14","Other (liabilities)2","3","342","","-1 499 493"
"SRC316","100","14","Other (liabilities)2","5","484","","-1 641 173"
"SRC316","100","14","Other (liabilities)2","6","535","Total","-1 499 493"
"SRC316","100","15","portfolio3 20 394 882","1","203","Level 1","19"
"SRC316","100","15","portfolio3 20 394 882","2","290","Level 2","456 699"
"SRC316","100","15","portfolio3 20 394 882","3","342","","199 278"
"SRC316","100","15","portfolio3 20 394 882","4","422","Level 3","384 035"
"SRC316","100","15","portfolio3 20 394 882","5","484","","21 286 167"
"SRC316","100","15","portfolio3 20 394 882","6","535","Total","19 754 950"
"SRC316","100","16","Total assets (percent) 88.9","2","290","Level 2","9.2"
"SRC316","100","16","Total assets (percent) 88.9","3","342","","8.1"
"SRC316","100","16","Total assets (percent) 88.9","4","422","Level 3","1.9"
"SRC316","100","16","Total assets (percent) 88.9","5","484","","100.0"
"SRC316","100","16","Total assets (percent) 88.9","6","535","Total","100.0"
"SRC316","100","17","Total liabilities (percent)","1","203","Level 1","0.1"
"SRC316","100","17","Total liabilities (percent)","2","290","Level 2","99.9"
"SRC316","100","17","Total liabilities (percent)","3","342","","99.4"
"SRC316","100","17","Total liabilities (percent)","4","422","Level 3","0.0"
"SRC316","100","17","Total liabilities (percent)","5","484","","100.0"
"SRC316","100","17","Total liabilities (percent)","6","535","Total","100.0"
"SRC316","100","18","Total (percent) 95.8","2","290","Level 2","2.2"
"SRC316","100","18","Total (percent) 95.8","3","342","","1.0"
"SRC316","100","18","Total (percent) 95.8","5","484","","100.0"
"SRC316","100","18","Total (percent) 95.8","6","535","Total","100.0"
"SRC316","100","19","The majority of the total portfolio is priced","4","422","Level 3","2025,"
"SRC316","100","20","portfolio was classified as Level 1 or 2,","4","422","Level 3","2024."
"SRC316","100","21","Measured as a share of total value, virtually","2","290","Level 2","(99.76"
"SRC316","100","22","stock exchanges and classified as Level","1","203","Level 1","1"
"SRC316","100","22","stock exchanges and classified as Level","2","290","Level 2","2025."
"SRC316","100","22","stock exchanges and classified as Level","4","422","Level 3","(0.23"
"SRC316","100","23","significant use of unobservable inputs","2","290","Level 2","3"
"SRC316","100","24","The majority of bonds have observable,","4","422","Level 3","89.72"
"SRC316","100","25","were classified as Level 1 at the end of","1","203","Level 1","2025."
"SRC316","100","26","that are priced based on comparable","3","342","","2."
"SRC316","100","26","that are priced based on comparable","4","422","Level 3","10.26"
"SRC316","100","27","holdings at year-end. An insignificant share","2","290","Level 2","(0.02"
"SRC316","100","28","Government Pension Fund Global","2","290","Level 2","2025"
"SRC316","100","28","Government Pension Fund Global","6","535","Total","100"
"SRC316","101","1","Reclassifications between Level 1 and Level","1","218","","2"
"SRC316","101","2","The share of equities classified as Level 1","3","417","","2024."
"SRC316","101","3","reclassifications of equities between Level","1","218","","1"
"SRC316","101","3","reclassifications of equities between Level","2","267","","2."
"SRC316","101","4","The share of bonds classified as Level 1 decreased","2","267","","1.1"
"SRC316","101","4","The share of bonds classified as Level 1 decreased","4","462","","2024."
"SRC316","101","5","reclassification from Level 1 to Level 2 of NOK","1","218","","149"
"SRC316","101","6","billion which were reclassified from Level","1","218","","1"
"SRC316","101","6","billion which were reclassified from Level","2","267","","2,"
"SRC316","101","7","value of NOK 73 billion which were reclassified","2","267","","2"
"SRC316","101","8","Reclassifications between Level 2 and Level","1","218","","3"
"SRC316","101","9","The share of equities and bonds classified","2","267","","3"
"SRC316","101","9","The share of equities and bonds classified","4","462","","2024."
"SRC316","101","10","significant reclassifications between Level","1","218","","2"
"SRC316","101","10","significant reclassifications between Level","2","267","","3"
"SRC316","101","11","Government Pension Fund Global","2","267","","2025"
"SRC316","102","1","Table 8.2 Changes in Level","1","186","","3"
"SRC316","102","2","Equities","1","186","01.01.2025","1 630"
"SRC316","102","2","Equities","2","235","Purchases","43"
"SRC316","102","2","Equities","3","267","Sales","-97"
"SRC316","102","2","Equities","5","311","Settle- ments","12"
"SRC316","102","2","Equities","6","365","Net gain/ loss","-156"
"SRC316","102","2","Equities","7","453","red out of Level 3","-27"
"SRC316","102","2","Equities","8","495","exchange gain/loss","136"
"SRC316","102","2","Equities","9","543","31.12.2025","1 723"
"SRC316","102","3","Bonds","1","186","01.01.2025","1 390"
"SRC316","102","3","Bonds","5","311","Settle- ments","-39"
"SRC316","102","3","Bonds","6","365","Net gain/ loss","34"
"SRC316","102","3","Bonds","7","453","red out of Level 3","-144"
"SRC316","102","3","Bonds","8","495","exchange gain/loss","-139"
"SRC316","102","3","Bonds","9","543","31.12.2025","1 102"
"SRC316","102","4","Financial derivatives (assets)","1","186","01.01.2025","10"
"SRC316","102","4","Financial derivatives (assets)","2","235","Purchases","7"
"SRC316","102","4","Financial derivatives (assets)","7","453","red out of Level 3","10"
"SRC316","102","4","Financial derivatives (assets)","9","543","31.12.2025","7"
"SRC316","102","5","Unlisted real estate1 355","1","186","01.01.2025","769"
"SRC316","102","5","Unlisted real estate1 355","2","235","Purchases","38 899"
"SRC316","102","5","Unlisted real estate1 355","6","365","Net gain/ loss","7"
"SRC316","102","5","Unlisted real estate1 355","8","495","exchange gain/loss","23 137"
"SRC316","102","5","Unlisted real estate1 355","9","543","31.12.2025","371 524"
"SRC316","102","6","Unlisted infrastructure1 25","1","186","01.01.2025","236"
"SRC316","102","6","Unlisted infrastructure1 25","2","235","Purchases","27 955"
"SRC316","102","6","Unlisted infrastructure1 25","6","365","Net gain/ loss","6 566"
"SRC316","102","6","Unlisted infrastructure1 25","8","495","exchange gain/loss","471"
"SRC316","102","6","Unlisted infrastructure1 25","9","543","31.12.2025","60 228"
"SRC316","102","7","Total 384","1","186","01.01.2025","035"
"SRC316","102","7","Total 384","2","235","Purchases","66 904"
"SRC316","102","7","Total 384","3","267","Sales","-97"
"SRC316","102","7","Total 384","5","311","Settle- ments","-27"
"SRC316","102","7","Total 384","6","365","Net gain/ loss","6 437"
"SRC316","102","7","Total 384","7","453","red out of Level 3","-181"
"SRC316","102","7","Total 384","8","495","exchange gain/loss","-22 669"
"SRC316","102","7","Total 384","9","543","31.12.2025","434 584"
"SRC316","102","8","Equities","1","186","01.01.2024","1 500"
"SRC316","102","8","Equities","2","235","Purchases","23"
"SRC316","102","8","Equities","3","267","Sales","-33"
"SRC316","102","8","Equities","5","311","Settle- ments","21"
"SRC316","102","8","Equities","6","365","Net gain/ loss","-72"
"SRC316","102","8","Equities","7","453","red out of Level 3","-65"
"SRC316","102","8","Equities","8","495","exchange gain/loss","-21"
"SRC316","102","8","Equities","9","543","31.12.2024","1 630"
"SRC316","102","9","Bonds","1","186","01.01.2024","916"
"SRC316","102","9","Bonds","3","267","Sales","-105"
"SRC316","102","9","Bonds","5","311","Settle- ments","-56"
"SRC316","102","9","Bonds","6","365","Net gain/ loss","-46"
"SRC316","102","9","Bonds","7","453","red out of Level 3","-9"
"SRC316","102","9","Bonds","8","495","exchange gain/loss","155"
"SRC316","102","9","Bonds","9","543","31.12.2024","1 390"
"SRC316","102","10","Financial derivatives (assets)","1","186","01.01.2024","4"
"SRC316","102","10","Financial derivatives (assets)","2","235","Purchases","6"
"SRC316","102","10","Financial derivatives (assets)","6","365","Net gain/ loss","1"
"SRC316","102","10","Financial derivatives (assets)","7","453","red out of Level 3","-1"
"SRC316","102","10","Financial derivatives (assets)","9","543","31.12.2024","10"
"SRC316","102","11","Unlisted real estate1 300","1","186","01.01.2024","541"
"SRC316","102","11","Unlisted real estate1 300","2","235","Purchases","40 244"
"SRC316","102","11","Unlisted real estate1 300","6","365","Net gain/ loss","-11 963"
"SRC316","102","11","Unlisted real estate1 300","8","495","exchange gain/loss","26 947"
"SRC316","102","11","Unlisted real estate1 300","9","543","31.12.2024","355 769"
"SRC316","102","12","Unlisted infrastructure1","1","186","01.01.2024","17 593"
"SRC316","102","12","Unlisted infrastructure1","2","235","Purchases","7 614"
"SRC316","102","12","Unlisted infrastructure1","6","365","Net gain/ loss","-1 067"
"SRC316","102","12","Unlisted infrastructure1","8","495","exchange gain/loss","1 096"
"SRC316","102","12","Unlisted infrastructure1","9","543","31.12.2024","25 236"
"SRC316","102","13","Total 320","1","186","01.01.2024","554"
"SRC316","102","13","Total 320","2","235","Purchases","47 887"
"SRC316","102","13","Total 320","3","267","Sales","-138"
"SRC316","102","13","Total 320","5","311","Settle- ments","-35"
"SRC316","102","13","Total 320","6","365","Net gain/ loss","-13 147"
"SRC316","102","13","Total 320","7","453","red out of Level 3","-75"
"SRC316","102","13","Total 320","8","495","exchange gain/loss","28 177"
"SRC316","102","13","Total 320","9","543","31.12.2024","384 035"
"SRC316","102","14","The relative share of the portfolio","3","267","Sales","3"
"SRC316","102","14","The relative share of the portfolio","4","285","","2.0"
"SRC316","102","14","The relative share of the portfolio","8","495","exchange gain/loss","1.9"
"SRC316","102","15","at year-end 2024. The GPFG’s aggregate","4","285","","3"
"SRC316","102","15","at year-end 2024. The GPFG’s aggregate","6","365","Net gain/ loss","434 584"
"SRC316","102","15","at year-end 2024. The GPFG’s aggregate","8","495","exchange gain/loss","2025,"
"SRC316","102","16","increase of NOK 50 549 million compared","3","267","Sales","2024."
"SRC316","102","17","estate and unlisted infrastructure,","5","311","Settle- ments","3."
"SRC316","102","18","Russian equities constituted the majority","6","365","Net gain/ loss","3"
"SRC316","102","18","Russian equities constituted the majority","7","453","red out of Level 3","2025."
"SRC316","102","19","value of NOK 1.4 billion at year-end,","3","267","Sales","1.2"
"SRC316","102","19","value of NOK 1.4 billion at year-end,","6","365","Net gain/ loss","2024."
"SRC316","102","20","Government Pension Fund Global","3","267","Sales","2025"
"SRC316","102","20","Government Pension Fund Global","9","543","31.12.2024","102"
"SRC316","103","1","UK 35 852 31 660 Income capitalisation","1","374","","5.1"
"SRC316","103","1","UK 35 852 31 660 Income capitalisation","2","433","","4.8"
"SRC316","103","1","UK 35 852 31 660 Income capitalisation","3","485","","14 057"
"SRC316","103","1","UK 35 852 31 660 Income capitalisation","4","542","","13 132"
"SRC316","103","2","Europe 60 179 52 382 Discounted cash flow","1","374","","5.5"
"SRC316","103","2","Europe 60 179 52 382 Discounted cash flow","2","433","","5.4"
"SRC316","103","2","Europe 60 179 52 382 Discounted cash flow","3","485","","8 170"
"SRC316","103","2","Europe 60 179 52 382 Discounted cash flow","4","542","","7 266"
"SRC316","103","3","US 75 191 85 027 Discounted cash flow","1","374","","8.6"
"SRC316","103","3","US 75 191 85 027 Discounted cash flow","2","433","","8.2"
"SRC316","103","3","US 75 191 85 027 Discounted cash flow","3","485","","8 192"
"SRC316","103","3","US 75 191 85 027 Discounted cash flow","4","542","","8 840"
"SRC316","103","4","UK 32 659 19 344 Income capitalisation","1","374","","5.3"
"SRC316","103","4","UK 32 659 19 344 Income capitalisation","2","433","","5.6"
"SRC316","103","4","UK 32 659 19 344 Income capitalisation","3","485","","19 859"
"SRC316","103","4","UK 32 659 19 344 Income capitalisation","4","542","","18 670"
"SRC316","103","5","Europe 21 285 20 976 Discounted cash flow","1","374","","5.3"
"SRC316","103","5","Europe 21 285 20 976 Discounted cash flow","2","433","","5.2"
"SRC316","103","5","Europe 21 285 20 976 Discounted cash flow","3","485","","23 032"
"SRC316","103","5","Europe 21 285 20 976 Discounted cash flow","4","542","","21 974"
"SRC316","103","6","US 85 018 91 031 Discounted cash flow","1","374","","7.3"
"SRC316","103","6","US 85 018 91 031 Discounted cash flow","2","433","","7.5"
"SRC316","103","6","US 85 018 91 031 Discounted cash flow","3","485","","1 537"
"SRC316","103","6","US 85 018 91 031 Discounted cash flow","4","542","","1 746"
"SRC316","103","7","Europe 45 387 43 386 Income capitalisation","1","374","","5.7"
"SRC316","103","7","Europe 45 387 43 386 Income capitalisation","2","433","","5.5"
"SRC316","103","7","Europe 45 387 43 386 Income capitalisation","3","485","","1 239"
"SRC316","103","7","Europe 45 387 43 386 Income capitalisation","4","542","","1 153"
"SRC316","103","8","Office/Retail 7 526 8 124 Discounted cash flow","1","374","","2.3"
"SRC316","103","8","Office/Retail 7 526 8 124 Discounted cash flow","2","433","","2.3"
"SRC316","103","8","Office/Retail 7 526 8 124 Discounted cash flow","3","485","","15 019"
"SRC316","103","8","Office/Retail 7 526 8 124 Discounted cash flow","4","542","","16 488"
"SRC316","103","9","Fair value is measured at the equity level, representing the subsidiary as the unit","4","542","","13."
"SRC316","103","10","Government Pension Fund Global Annual report 2025","4","542","","103"
"SRC316","104","1","Equities (Level","1","97","","2"
"SRC316","104","1","Equities (Level","2","145","","3)"
"SRC316","104","2","Holdings in Level","1","97","","3"
"SRC316","104","3","Bonds (Level","1","97","","2"
"SRC316","104","3","Bonds (Level","2","145","","3)"
"SRC316","104","4","Bonds classified","2","145","","2"
"SRC316","104","5","Bonds classified","2","145","","3"
"SRC316","104","6","Financial derivatives","2","145","","2"
"SRC316","104","7","Sensitivity analysis","2","145","","3"
"SRC316","105","1","factors Russia","1","248","holdings 31.12.2025","1 371"
"SRC316","105","1","factors Russia","2","297","vourable changes","-1 371"
"SRC316","105","1","factors Russia","4","451","holdings 31.12.2024","1 200"
"SRC316","105","1","factors Russia","5","500","vourable changes","-1 200"
"SRC316","105","2","adjustment 20.0 percent","1","248","holdings 31.12.2025","352"
"SRC316","105","2","adjustment 20.0 percent","2","297","vourable changes","-70"
"SRC316","105","2","adjustment 20.0 percent","3","350","Favourable in key changes assumptions","70 20.0"
"SRC316","105","2","adjustment 20.0 percent","4","451","holdings 31.12.2024","430"
"SRC316","105","2","adjustment 20.0 percent","5","500","vourable changes","-86"
"SRC316","105","2","adjustment 20.0 percent","6","553","Favourable changes","86"
"SRC316","105","3","Equities","1","248","holdings 31.12.2025","1 723"
"SRC316","105","3","Equities","2","297","vourable changes","-1 441"
"SRC316","105","3","Equities","3","350","Favourable in key changes assumptions","70"
"SRC316","105","3","Equities","4","451","holdings 31.12.2024","1 630"
"SRC316","105","3","Equities","5","500","vourable changes","-1 286"
"SRC316","105","3","Equities","6","553","Favourable changes","86"
"SRC316","105","4","Bonds future cash flows 10.0 percent","1","248","holdings 31.12.2025","1 102"
"SRC316","105","4","Bonds future cash flows 10.0 percent","2","297","vourable changes","-110"
"SRC316","105","4","Bonds future cash flows 10.0 percent","3","350","Favourable in key changes assumptions","110 10.0"
"SRC316","105","4","Bonds future cash flows 10.0 percent","4","451","holdings 31.12.2024","1 390"
"SRC316","105","4","Bonds future cash flows 10.0 percent","5","500","vourable changes","-140"
"SRC316","105","4","Bonds future cash flows 10.0 percent","6","553","Favourable changes","140"
"SRC316","105","5","(assets) Other","1","248","holdings 31.12.2025","7"
"SRC316","105","5","(assets) Other","2","297","vourable changes","-1"
"SRC316","105","5","(assets) Other","3","350","Favourable in key changes assumptions","1"
"SRC316","105","5","(assets) Other","4","451","holdings 31.12.2024","10"
"SRC316","105","5","(assets) Other","5","500","vourable changes","-3"
"SRC316","105","5","(assets) Other","6","553","Favourable changes","3"
"SRC316","105","6","0.25 percen-","3","350","Favourable in key changes assumptions","0.25"
"SRC316","105","7","Yield tage point","2","297","vourable changes","-18 096"
"SRC316","105","7","Yield tage point","3","350","Favourable in key changes assumptions","20 270"
"SRC316","105","7","Yield tage point","5","500","vourable changes","-16 687"
"SRC316","105","7","Yield tage point","6","553","Favourable changes","18 885"
"SRC316","105","8","Market rent 2.0 percent","2","297","vourable changes","-5 620"
"SRC316","105","8","Market rent 2.0 percent","3","350","Favourable in key changes assumptions","5 627 2.0"
"SRC316","105","8","Market rent 2.0 percent","5","500","vourable changes","-5 657"
"SRC316","105","8","Market rent 2.0 percent","6","553","Favourable changes","5 662"
"SRC316","105","9","real estate 371","1","248","holdings 31.12.2025","524"
"SRC316","105","9","real estate 371","2","297","vourable changes","-23 716"
"SRC316","105","9","real estate 371","3","350","Favourable in key changes assumptions","25 897"
"SRC316","105","9","real estate 371","4","451","holdings 31.12.2024","355 769"
"SRC316","105","9","real estate 371","5","500","vourable changes","-22 344"
"SRC316","105","9","real estate 371","6","553","Favourable changes","24 547"
"SRC316","105","10","0.25 percen-","3","350","Favourable in key changes assumptions","0.25"
"SRC316","105","11","Discount rate tage point","2","297","vourable changes","-2 095"
"SRC316","105","11","Discount rate tage point","3","350","Favourable in key changes assumptions","2 283"
"SRC316","105","11","Discount rate tage point","5","500","vourable changes","-1 186"
"SRC316","105","11","Discount rate tage point","6","553","Favourable changes","1 211"
"SRC316","105","12","forecast 5.0 percent","2","297","vourable changes","-2 430"
"SRC316","105","12","forecast 5.0 percent","3","350","Favourable in key changes assumptions","2 458 5.0"
"SRC316","105","12","forecast 5.0 percent","5","500","vourable changes","-707"
"SRC316","105","12","forecast 5.0 percent","6","553","Favourable changes","757"
"SRC316","105","13","structure 60","1","248","holdings 31.12.2025","228"
"SRC316","105","13","structure 60","2","297","vourable changes","-4 525"
"SRC316","105","13","structure 60","3","350","Favourable in key changes assumptions","4 741"
"SRC316","105","13","structure 60","4","451","holdings 31.12.2024","25 236"
"SRC316","105","13","structure 60","5","500","vourable changes","-1 893"
"SRC316","105","13","structure 60","6","553","Favourable changes","1 968"
"SRC316","105","14","Total 434","1","248","holdings 31.12.2025","584"
"SRC316","105","14","Total 434","2","297","vourable changes","-29 793"
"SRC316","105","14","Total 434","3","350","Favourable in key changes assumptions","30 819"
"SRC316","105","14","Total 434","4","451","holdings 31.12.2024","384 035"
"SRC316","105","14","Total 434","5","500","vourable changes","-25 666"
"SRC316","105","14","Total 434","6","553","Favourable changes","26 744"
"SRC316","105","15","In an unfavourable outcome, it is estimated that an","3","350","Favourable in key changes assumptions","0.25"
"SRC316","105","16","rents of 2 percent would result in a decrease in value","5","500","vourable changes","23 716"
"SRC316","105","17","million or 6.4 percent (6.3 percent at year-end 2024).","5","500","vourable changes","0.25"
"SRC316","105","18","approximately NOK 25 897 million or 7.0 percent","1","248","holdings 31.12.2025","(6.9"
"SRC316","105","19","Government Pension Fund Global Annual","1","248","holdings 31.12.2025","2025"
"SRC316","105","19","Government Pension Fund Global Annual","6","553","Favourable changes","105"
"SRC316","110","1","Equities Developed","1","223","","89.0"
"SRC316","110","1","Equities Developed","2","355","","89.2"
"SRC316","110","2","US","1","223","","53.6"
"SRC316","110","2","US","2","355","","54.7"
"SRC316","110","3","Japan","1","223","","6.4"
"SRC316","110","3","Japan","2","355","","6.6"
"SRC316","110","4","UK","1","223","","4.8"
"SRC316","110","4","UK","2","355","","5.2"
"SRC316","110","5","Germany","1","223","","3.3"
"SRC316","110","5","Germany","2","355","","3.2"
"SRC316","110","6","Switzerland","1","223","","3.2"
"SRC316","110","6","Switzerland","2","355","","3.2"
"SRC316","110","7","Total other","1","223","","17.7"
"SRC316","110","7","Total other","2","355","","16.3"
"SRC316","110","8","Emerging","1","223","","11.0"
"SRC316","110","8","Emerging","2","355","","10.8"
"SRC316","110","9","China","1","223","","3.6"
"SRC316","110","9","China","2","355","","3.3"
"SRC316","110","10","Taiwan","1","223","","2.7"
"SRC316","110","10","Taiwan","2","355","","2.5"
"SRC316","110","11","India","1","223","","2.1"
"SRC316","110","11","India","2","355","","2.5"
"SRC316","110","12","South Africa","1","223","","0.6"
"SRC316","110","12","South Africa","2","355","","0.4"
"SRC316","110","13","Brazil","1","223","","0.4"
"SRC316","110","13","Brazil","2","355","","0.4"
"SRC316","110","14","Total other","1","223","","1.6"
"SRC316","110","14","Total other","2","355","","1.7"
"SRC316","110","15","Total equities","3","396","","71.28"
"SRC316","110","15","Total equities","4","445","","71.44"
"SRC316","110","15","Total equities","5","483","","15 173 080"
"SRC316","110","15","Total equities","6","533","","14 112 924"
"SRC316","110","16","Bonds Developed","1","223","","99.8"
"SRC316","110","16","Bonds Developed","2","355","","100.0"
"SRC316","110","17","US dollar","1","223","","53.8"
"SRC316","110","17","US dollar","2","355","","54.4"
"SRC316","110","18","Euro","1","223","","27.6"
"SRC316","110","18","Euro","2","355","","27.4"
"SRC316","110","19","Japanese yen","1","223","","5.4"
"SRC316","110","19","Japanese yen","2","355","","5.9"
"SRC316","110","20","British pound","1","223","","4.6"
"SRC316","110","20","British pound","2","355","","4.6"
"SRC316","110","21","Canadian dollar","1","223","","4.0"
"SRC316","110","21","Canadian dollar","2","355","","3.8"
"SRC316","110","22","Total other","1","223","","4.4"
"SRC316","110","22","Total other","2","355","","4.0"
"SRC316","110","23","Emerging2","1","223","","0.2"
"SRC316","110","23","Emerging2","2","355","","0.0"
"SRC316","110","24","Total bonds","3","396","","26.54"
"SRC316","110","24","Total bonds","4","445","","26.59"
"SRC316","110","24","Total bonds","5","483","","5 649 375"
"SRC316","110","24","Total bonds","6","533","","5 253 095"
"SRC316","110","25","Unlisted real estate US","1","223","","43.6"
"SRC316","110","25","Unlisted real estate US","2","355","","50.0"
"SRC316","110","26","UK","1","223","","23.6"
"SRC316","110","26","UK","2","355","","20.1"
"SRC316","110","27","France","1","223","","17.4"
"SRC316","110","27","France","2","355","","14.8"
"SRC316","110","28","Germany","1","223","","5.2"
"SRC316","110","28","Germany","2","355","","5.0"
"SRC316","110","29","Switzerland","1","223","","3.0"
"SRC316","110","29","Switzerland","2","355","","3.0"
"SRC316","110","30","Total other","1","223","","7.2"
"SRC316","110","30","Total other","2","355","","7.2"
"SRC316","110","31","Total unlisted real estate","3","396","","1.75"
"SRC316","110","31","Total unlisted real estate","4","445","","1.84"
"SRC316","110","31","Total unlisted real estate","5","483","","372 377"
"SRC316","110","31","Total unlisted real estate","6","533","","363 583"
"SRC316","110","32","Total unlisted infrastructure","3","396","","0.43"
"SRC316","110","32","Total unlisted infrastructure","4","445","","0.13"
"SRC316","110","32","Total unlisted infrastructure","5","483","","91 335"
"SRC316","110","32","Total unlisted infrastructure","6","533","","25 348"
"SRC316","110","33","Market value investment portfolio3","5","483","","21 286 167"
"SRC316","110","33","Market value investment portfolio3","6","533","","19 754 950"
"SRC316","110","34","1 Market value in percentage by country and currency includes","2","355","","2025,"
"SRC316","110","35","infrastructure asset class and balance sheet value is NOK","1","223","","31"
"SRC316","110","36","Government Pension Fund Global Annual","6","533","","110"
"SRC316","111","1","At the end of 2025, the equity portfolio’s share","2","301","","71.3"
"SRC316","111","1","At the end of 2025, the equity portfolio’s share","3","414","","71,4"
"SRC316","111","2","bond portfolio’s share of the fund was 26.5 percent,","2","301","","26.6"
"SRC316","111","2","bond portfolio’s share of the fund was 26.5 percent,","3","414","","2024."
"SRC316","111","3","amounted to 1.7 percent of the fund at year-end,","2","301","","1.8"
"SRC316","111","3","amounted to 1.7 percent of the fund at year-end,","3","414","","2024."
"SRC316","111","4","amounted to 0.4 percent of the fund at year-end,","2","301","","0.1"
"SRC316","111","4","amounted to 0.4 percent of the fund at year-end,","3","414","","2024."
"SRC316","111","5","For equity investments, concentration in the portfolio","3","414","","9.3"
"SRC316","111","6","Technology","4","473","","28.5"
"SRC316","111","6","Technology","5","543","","27.9"
"SRC316","111","7","Financials","4","473","","16.9"
"SRC316","111","7","Financials","5","543","","15.9"
"SRC316","111","8","Consumer discretionary","4","473","","13.2"
"SRC316","111","8","Consumer discretionary","5","543","","14.8"
"SRC316","111","9","Industrials","4","473","","12.7"
"SRC316","111","9","Industrials","5","543","","13.1"
"SRC316","111","10","Health care","4","473","","9.3"
"SRC316","111","10","Health care","5","543","","10.2"
"SRC316","111","11","Real estate","4","473","","4.2"
"SRC316","111","11","Real estate","5","543","","5.1"
"SRC316","111","12","Consumer staples","4","473","","3.8"
"SRC316","111","12","Consumer staples","5","543","","4.8"
"SRC316","111","13","Basic materials","4","473","","3.4"
"SRC316","111","13","Basic materials","5","543","","3.2"
"SRC316","111","14","Telecommunications","4","473","","2.9"
"SRC316","111","14","Telecommunications","5","543","","3.0"
"SRC316","111","15","Energy","4","473","","2.8"
"SRC316","111","15","Energy","5","543","","3.3"
"SRC316","111","16","Utilities","4","473","","2.4"
"SRC316","111","16","Utilities","5","543","","2.4"
"SRC316","111","17","US 2","1","235","Market value","010 684"
"SRC316","111","17","US 2","5","543","Market value","1 788 943"
"SRC316","111","18","Japan","1","235","Market value","267 116"
"SRC316","111","18","Japan","5","543","Market value","275 041"
"SRC316","111","19","Germany","1","235","Market value","249 680"
"SRC316","111","19","Germany","5","543","Market value","267 331"
"SRC316","111","20","UK","1","235","Market value","201 926"
"SRC316","111","20","UK","5","543","Market value","221 803"
"SRC316","111","21","Canada","1","235","Market value","95 902"
"SRC316","111","21","Canada","5","543","Market value","174 860"
"SRC316","111","22","Singapore","1","235","Market value","95 491"
"SRC316","111","22","Singapore","5","543","Market value","120 290"
"SRC316","111","23","France","1","235","Market value","94 301"
"SRC316","111","23","France","5","543","Market value","96 876"
"SRC316","111","24","Netherlands","1","235","Market value","84 137"
"SRC316","111","24","Netherlands","5","543","Market value","92 413"
"SRC316","111","25","Italy","1","235","Market value","82 936"
"SRC316","111","25","Italy","5","543","Market value","78 868"
"SRC316","111","26","Spain","1","235","Market value","64 632"
"SRC316","111","26","Spain","5","543","Market value","56 684"
"SRC316","111","27","Government Pension Fund Global Annual","5","543","Market value","111"
"SRC316","112","1","NVIDIA Corp Technology 573","1","383","Equities","855"
"SRC316","112","1","NVIDIA Corp Technology 573","2","463","Bonds","2 725"
"SRC316","112","1","NVIDIA Corp Technology 573","3","542","Total","576 580"
"SRC316","112","2","Apple Inc Technology 496","1","383","Equities","547"
"SRC316","112","2","Apple Inc Technology 496","2","463","Bonds","3 081"
"SRC316","112","2","Apple Inc Technology 496","3","542","Total","499 628"
"SRC316","112","3","Microsoft Corp Technology 458","1","383","Equities","595"
"SRC316","112","3","Microsoft Corp Technology 458","2","463","Bonds","661"
"SRC316","112","3","Microsoft Corp Technology 458","3","542","Total","459 256"
"SRC316","112","4","Alphabet Inc Technology 439","1","383","Equities","314"
"SRC316","112","4","Alphabet Inc Technology 439","2","463","Bonds","8 099"
"SRC316","112","4","Alphabet Inc Technology 439","3","542","Total","447 413"
"SRC316","112","5","Amazon.com Inc Consumer discretionary 307","1","383","Equities","904"
"SRC316","112","5","Amazon.com Inc Consumer discretionary 307","2","463","Bonds","5 844"
"SRC316","112","5","Amazon.com Inc Consumer discretionary 307","3","542","Total","313 748"
"SRC316","112","6","Taiwan Semiconductor Manufacturing Co Ltd Technology 228","1","383","Equities","828"
"SRC316","112","6","Taiwan Semiconductor Manufacturing Co Ltd Technology 228","3","542","Total","228 828"
"SRC316","112","7","Broadcom Inc Technology 215","1","383","Equities","637"
"SRC316","112","7","Broadcom Inc Technology 215","2","463","Bonds","4 308"
"SRC316","112","7","Broadcom Inc Technology 215","3","542","Total","219 945"
"SRC316","112","8","Meta Platforms Inc Technology 195","1","383","Equities","643"
"SRC316","112","8","Meta Platforms Inc Technology 195","2","463","Bonds","11 257"
"SRC316","112","8","Meta Platforms Inc Technology 195","3","542","Total","206 901"
"SRC316","112","9","Tesla Inc Consumer discretionary 161","1","383","Equities","449"
"SRC316","112","9","Tesla Inc Consumer discretionary 161","3","542","Total","161 449"
"SRC316","112","10","JPMorgan Chase & Co Financials 113","1","383","Equities","138"
"SRC316","112","10","JPMorgan Chase & Co Financials 113","2","463","Bonds","22 882"
"SRC316","112","10","JPMorgan Chase & Co Financials 113","3","542","Total","136 020"
"SRC316","112","11","Apple Inc Technology 524","1","383","Equities","828"
"SRC316","112","11","Apple Inc Technology 524","2","463","Bonds","3 729"
"SRC316","112","11","Apple Inc Technology 524","3","542","Total","528 557"
"SRC316","112","12","Microsoft Corp Technology 496","1","383","Equities","984"
"SRC316","112","12","Microsoft Corp Technology 496","2","463","Bonds","1 152"
"SRC316","112","12","Microsoft Corp Technology 496","3","542","Total","498 136"
"SRC316","112","13","NVIDIA Corp Technology 488","1","383","Equities","070"
"SRC316","112","13","NVIDIA Corp Technology 488","2","463","Bonds","3 949"
"SRC316","112","13","NVIDIA Corp Technology 488","3","542","Total","492 019"
"SRC316","112","14","Alphabet Inc Technology 332","1","383","Equities","449"
"SRC316","112","14","Alphabet Inc Technology 332","2","463","Bonds","2 224"
"SRC316","112","14","Alphabet Inc Technology 332","3","542","Total","334 672"
"SRC316","112","15","Amazon.com Inc Consumer discretionary 306","1","383","Equities","414"
"SRC316","112","15","Amazon.com Inc Consumer discretionary 306","2","463","Bonds","6 372"
"SRC316","112","15","Amazon.com Inc Consumer discretionary 306","3","542","Total","312 786"
"SRC316","112","16","Meta Platforms Inc Technology 224","1","383","Equities","314"
"SRC316","112","16","Meta Platforms Inc Technology 224","2","463","Bonds","9 466"
"SRC316","112","16","Meta Platforms Inc Technology 224","3","542","Total","233 780"
"SRC316","112","17","Broadcom Inc Technology 189","1","383","Equities","808"
"SRC316","112","17","Broadcom Inc Technology 189","2","463","Bonds","3 768"
"SRC316","112","17","Broadcom Inc Technology 189","3","542","Total","193 575"
"SRC316","112","18","Taiwan Semiconductor Manufacturing Co Ltd Technology 174","1","383","Equities","541"
"SRC316","112","18","Taiwan Semiconductor Manufacturing Co Ltd Technology 174","3","542","Total","174 541"
"SRC316","112","19","Tesla Inc Consumer discretionary 161","1","383","Equities","402"
"SRC316","112","19","Tesla Inc Consumer discretionary 161","3","542","Total","161 402"
"SRC316","112","20","JPMorgan Chase & Co Financials 92","1","383","Equities","806"
"SRC316","112","20","JPMorgan Chase & Co Financials 92","2","463","Bonds","32 365"
"SRC316","112","20","JPMorgan Chase & Co Financials 92","3","542","Total","125 172"
"SRC316","112","21","Office","2","463","Bonds","47.5"
"SRC316","112","21","Office","3","542","Total","48.0"
"SRC316","112","22","Logistics","2","463","Bonds","35.0"
"SRC316","112","22","Logistics","3","542","Total","37.0"
"SRC316","112","23","Retail","2","463","Bonds","15.6"
"SRC316","112","23","Retail","3","542","Total","12.6"
"SRC316","112","24","Other","2","463","Bonds","1.8"
"SRC316","112","24","Other","3","542","Total","2.4"
"SRC316","112","25","Total","2","463","Bonds","100.0"
"SRC316","112","25","Total","3","542","Total","100.0"
"SRC316","112","26","Government Pension Fund Global Annual report 2025","3","542","Total","112"
"SRC316","113","1","Portfolio","1","166","31.12.2025","10.9"
"SRC316","113","1","Portfolio","2","218","Min 2025","10.5"
"SRC316","113","1","Portfolio","3","270","Max 2025","11.5"
"SRC316","113","1","Portfolio","4","329","Average 2025","11.2"
"SRC316","113","1","Portfolio","5","381","31.12.2024","11.2"
"SRC316","113","1","Portfolio","6","432","Min 2024","10.2"
"SRC316","113","1","Portfolio","7","484","Max 2024","11.3"
"SRC316","113","1","Portfolio","8","543","Average 2024","10.8"
"SRC316","113","2","Equities","1","166","31.12.2025","13.2"
"SRC316","113","2","Equities","2","218","Min 2025","12.7"
"SRC316","113","2","Equities","3","270","Max 2025","13.9"
"SRC316","113","2","Equities","4","329","Average 2025","13.5"
"SRC316","113","2","Equities","5","381","31.12.2024","13.9"
"SRC316","113","2","Equities","6","432","Min 2024","12.4"
"SRC316","113","2","Equities","7","484","Max 2024","14.0"
"SRC316","113","2","Equities","8","543","Average 2024","13.1"
"SRC316","113","3","Bonds","1","166","31.12.2025","10.1"
"SRC316","113","3","Bonds","2","218","Min 2025","10.1"
"SRC316","113","3","Bonds","3","270","Max 2025","11.2"
"SRC316","113","3","Bonds","4","329","Average 2025","10.5"
"SRC316","113","3","Bonds","5","381","31.12.2024","10.7"
"SRC316","113","3","Bonds","6","432","Min 2024","10.7"
"SRC316","113","3","Bonds","7","484","Max 2024","11.1"
"SRC316","113","3","Bonds","8","543","Average 2024","10.9"
"SRC316","113","4","Unlisted real estate","1","166","31.12.2025","13.7"
"SRC316","113","4","Unlisted real estate","2","218","Min 2025","13.6"
"SRC316","113","4","Unlisted real estate","3","270","Max 2025","14.1"
"SRC316","113","4","Unlisted real estate","4","329","Average 2025","13.9"
"SRC316","113","4","Unlisted real estate","5","381","31.12.2024","13.8"
"SRC316","113","4","Unlisted real estate","6","432","Min 2024","12.7"
"SRC316","113","4","Unlisted real estate","7","484","Max 2024","13.9"
"SRC316","113","4","Unlisted real estate","8","543","Average 2024","13.1"
"SRC316","113","5","Unlisted infrastructure","1","166","31.12.2025","11.3"
"SRC316","113","5","Unlisted infrastructure","2","218","Min 2025","9.8"
"SRC316","113","5","Unlisted infrastructure","3","270","Max 2025","25.7"
"SRC316","113","5","Unlisted infrastructure","4","329","Average 2025","13.0"
"SRC316","113","5","Unlisted infrastructure","5","381","31.12.2024","23.9"
"SRC316","113","5","Unlisted infrastructure","6","432","Min 2024","23.9"
"SRC316","113","5","Unlisted infrastructure","7","484","Max 2024","54.0"
"SRC316","113","5","Unlisted infrastructure","8","543","Average 2024","39.6"
"SRC316","113","6","Portfolio","1","166","31.12.2025","37"
"SRC316","113","6","Portfolio","2","218","Min 2025","37"
"SRC316","113","6","Portfolio","3","270","Max 2025","45"
"SRC316","113","6","Portfolio","4","329","Average 2025","42"
"SRC316","113","6","Portfolio","5","381","31.12.2024","44"
"SRC316","113","6","Portfolio","6","432","Min 2024","34"
"SRC316","113","6","Portfolio","7","484","Max 2024","44"
"SRC316","113","6","Portfolio","8","543","Average 2024","37"
"SRC316","113","7","Government Pension Fund Global","3","270","Max 2025","2025"
"SRC316","113","7","Government Pension Fund Global","8","543","Average 2024","113"
"SRC316","115","1","Government bonds 576","1","225","AAA","052"
"SRC316","115","1","Government bonds 576","2","284","AA","2 040 965"
"SRC316","115","1","Government bonds 576","3","355","A","451 447"
"SRC316","115","1","Government bonds 576","4","415","BBB","89 207"
"SRC316","115","1","Government bonds 576","5","473","lower","28 986"
"SRC316","115","1","Government bonds 576","6","527","","3 186"
"SRC316","115","1","Government bonds 576","7","543","Total","656"
"SRC316","115","2","Government-related bonds 246","1","225","AAA","443"
"SRC316","115","2","Government-related bonds 246","2","284","AA","194 223"
"SRC316","115","2","Government-related bonds 246","3","355","A","46 408"
"SRC316","115","2","Government-related bonds 246","4","415","BBB","22 117"
"SRC316","115","2","Government-related bonds 246","5","473","lower","3 900"
"SRC316","115","2","Government-related bonds 246","6","527","","513"
"SRC316","115","2","Government-related bonds 246","7","543","Total","092"
"SRC316","115","3","Inflation-linked bonds","1","225","AAA","63 886"
"SRC316","115","3","Inflation-linked bonds","2","284","AA","224 239"
"SRC316","115","3","Inflation-linked bonds","3","355","A","27 216"
"SRC316","115","3","Inflation-linked bonds","4","415","BBB","26 483"
"SRC316","115","3","Inflation-linked bonds","5","473","lower","738"
"SRC316","115","3","Inflation-linked bonds","6","527","","342"
"SRC316","115","3","Inflation-linked bonds","7","543","Total","561"
"SRC316","115","4","Corporate bonds","1","225","AAA","5 168"
"SRC316","115","4","Corporate bonds","2","284","AA","98 910"
"SRC316","115","4","Corporate bonds","3","355","A","669 435"
"SRC316","115","4","Corporate bonds","4","415","BBB","615 070"
"SRC316","115","4","Corporate bonds","5","473","lower","24 281"
"SRC316","115","4","Corporate bonds","6","527","","1 412"
"SRC316","115","4","Corporate bonds","7","543","Total","864"
"SRC316","115","5","Securitised bonds 302","1","225","AAA","672"
"SRC316","115","5","Securitised bonds 302","2","284","AA","24 826"
"SRC316","115","5","Securitised bonds 302","3","355","A","2 763"
"SRC316","115","5","Securitised bonds 302","6","527","","330"
"SRC316","115","5","Securitised bonds 302","7","543","Total","261"
"SRC316","115","6","Total bonds1 1","1","225","AAA","194 221"
"SRC316","115","6","Total bonds1 1","2","284","AA","2 583 164"
"SRC316","115","6","Total bonds1 1","3","355","A","1 197 267"
"SRC316","115","6","Total bonds1 1","4","415","BBB","752 876"
"SRC316","115","6","Total bonds1 1","5","473","lower","57 905"
"SRC316","115","6","Total bonds1 1","6","527","","5 785"
"SRC316","115","6","Total bonds1 1","7","543","Total","434"
"SRC316","115","7","Government bonds 729","1","225","AAA","896"
"SRC316","115","7","Government bonds 729","2","284","AA","1 925 725"
"SRC316","115","7","Government bonds 729","3","355","A","345 833"
"SRC316","115","7","Government bonds 729","4","415","BBB","128 129"
"SRC316","115","7","Government bonds 729","5","473","lower","35 051"
"SRC316","115","7","Government bonds 729","6","527","","3 164"
"SRC316","115","7","Government bonds 729","7","543","Total","634"
"SRC316","115","8","Government-related bonds 266","1","225","AAA","286"
"SRC316","115","8","Government-related bonds 266","2","284","AA","168 844"
"SRC316","115","8","Government-related bonds 266","3","355","A","33 055"
"SRC316","115","8","Government-related bonds 266","4","415","BBB","22 088"
"SRC316","115","8","Government-related bonds 266","5","473","lower","2 392"
"SRC316","115","8","Government-related bonds 266","6","527","","492"
"SRC316","115","8","Government-related bonds 266","7","543","Total","665"
"SRC316","115","9","Inflation-linked bonds","1","225","AAA","52 249"
"SRC316","115","9","Inflation-linked bonds","2","284","AA","216 988"
"SRC316","115","9","Inflation-linked bonds","3","355","A","16 470"
"SRC316","115","9","Inflation-linked bonds","4","415","BBB","18 084"
"SRC316","115","9","Inflation-linked bonds","6","527","","303"
"SRC316","115","9","Inflation-linked bonds","7","543","Total","792"
"SRC316","115","10","Corporate bonds","1","225","AAA","10 371"
"SRC316","115","10","Corporate bonds","2","284","AA","93 141"
"SRC316","115","10","Corporate bonds","3","355","A","614 581"
"SRC316","115","10","Corporate bonds","4","415","BBB","565 884"
"SRC316","115","10","Corporate bonds","5","473","lower","18 375"
"SRC316","115","10","Corporate bonds","6","527","","1 302"
"SRC316","115","10","Corporate bonds","7","543","Total","352"
"SRC316","115","11","Securitised bonds","1","225","AAA","270 150"
"SRC316","115","11","Securitised bonds","2","284","AA","32 744"
"SRC316","115","11","Securitised bonds","3","355","A","2 102"
"SRC316","115","11","Securitised bonds","6","527","","304"
"SRC316","115","11","Securitised bonds","7","543","Total","996"
"SRC316","115","12","Total bonds1 1 328","1","225","AAA","952"
"SRC316","115","12","Total bonds1 1 328","2","284","AA","2 437 443"
"SRC316","115","12","Total bonds1 1 328","3","355","A","1 012 041"
"SRC316","115","12","Total bonds1 1 328","4","415","BBB","734 185"
"SRC316","115","12","Total bonds1 1 328","5","473","lower","55 818"
"SRC316","115","12","Total bonds1 1 328","6","527","","5 568"
"SRC316","115","12","Total bonds1 1 328","7","543","Total","439"
"SRC316","115","13","1 At year-end 2025, bonds received as collateral amounting","1","225","AAA","13.7"
"SRC316","115","13","1 At year-end 2025, bonds received as collateral amounting","3","355","A","2024,"
"SRC316","115","14","The market value of the bond portfolio increased","2","284","AA","5 785"
"SRC316","115","14","The market value of the bond portfolio increased","5","473","lower","5 568"
"SRC316","115","15","2024. The share of holdings in corporate bonds","2","284","AA","1.0"
"SRC316","115","15","2024. The share of holdings in corporate bonds","5","473","lower","24.4"
"SRC316","115","16","bond portfolio at year-end 2025. Government","5","473","lower","61.0"
"SRC316","115","17","The share of bonds with credit rating AAA was","2","284","AA","3.3"
"SRC316","115","17","The share of bonds with credit rating AAA was","5","473","lower","20.6"
"SRC316","115","18","share of the bond portfolio with credit rating","2","284","AA","2.5"
"SRC316","115","19","0.2 percentage point compared to year-end","1","225","AAA","2024,"
"SRC316","115","19","0.2 percentage point compared to year-end","2","284","AA","13.0"
"SRC316","115","19","0.2 percentage point compared to year-end","3","355","A","2025."
"SRC316","115","20","The share of bonds in the category BB+ and","2","284","AA","1.0"
"SRC316","115","20","The share of bonds in the category BB+ and","3","355","A","2025,"
"SRC316","115","20","The share of bonds in the category BB+ and","6","527","","2024."
"SRC316","115","21","value of NOK 7.1 million at year-end 2025, compared","2","284","AA","13.8"
"SRC316","115","22","Government Pension Fund Global Annual","2","284","AA","2025"
"SRC316","115","22","Government Pension Fund Global Annual","7","543","Total","115"
"SRC316","116","1","US dollar","1","234","AAA","0.6"
"SRC316","116","1","US dollar","2","296","AA","36.5"
"SRC316","116","1","US dollar","3","358","A","7.4"
"SRC316","116","1","US dollar","4","420","BBB","7.0"
"SRC316","116","1","US dollar","5","483","lower","0.3"
"SRC316","116","1","US dollar","6","545","Total","51.7"
"SRC316","116","2","Euro","1","234","AAA","12.0"
"SRC316","116","2","Euro","2","296","AA","2.3"
"SRC316","116","2","Euro","3","358","A","7.3"
"SRC316","116","2","Euro","4","420","BBB","4.5"
"SRC316","116","2","Euro","5","483","lower","0.2"
"SRC316","116","2","Euro","6","545","Total","26.2"
"SRC316","116","3","British pound","1","234","AAA","0.1"
"SRC316","116","3","British pound","2","296","AA","3.6"
"SRC316","116","3","British pound","3","358","A","0.5"
"SRC316","116","3","British pound","4","420","BBB","0.6"
"SRC316","116","3","British pound","6","545","Total","4.8"
"SRC316","116","4","Japanese yen","3","358","A","4.6"
"SRC316","116","4","Japanese yen","4","420","BBB","0.0"
"SRC316","116","4","Japanese yen","6","545","Total","4.7"
"SRC316","116","5","Canadian dollar","1","234","AAA","2.6"
"SRC316","116","5","Canadian dollar","2","296","AA","1.0"
"SRC316","116","5","Canadian dollar","3","358","A","0.4"
"SRC316","116","5","Canadian dollar","4","420","BBB","0.4"
"SRC316","116","5","Canadian dollar","6","545","Total","4.3"
"SRC316","116","6","Other currencies","1","234","AAA","5.4"
"SRC316","116","6","Other currencies","2","296","AA","1.3"
"SRC316","116","6","Other currencies","3","358","A","0.5"
"SRC316","116","6","Other currencies","4","420","BBB","0.6"
"SRC316","116","6","Other currencies","5","483","lower","0.5"
"SRC316","116","6","Other currencies","6","545","Total","8.2"
"SRC316","116","7","Total","1","234","AAA","20.6"
"SRC316","116","7","Total","2","296","AA","44.6"
"SRC316","116","7","Total","3","358","A","20.7"
"SRC316","116","7","Total","4","420","BBB","13.0"
"SRC316","116","7","Total","5","483","lower","1.0"
"SRC316","116","7","Total","6","545","Total","100.0"
"SRC316","116","8","US dollar","1","234","AAA","0.9"
"SRC316","116","8","US dollar","2","296","AA","34.0"
"SRC316","116","8","US dollar","3","358","A","7.6"
"SRC316","116","8","US dollar","4","420","BBB","6.8"
"SRC316","116","8","US dollar","5","483","lower","0.2"
"SRC316","116","8","US dollar","6","545","Total","49.4"
"SRC316","116","9","Euro","1","234","AAA","12.3"
"SRC316","116","9","Euro","2","296","AA","4.6"
"SRC316","116","9","Euro","3","358","A","4.5"
"SRC316","116","9","Euro","4","420","BBB","4.5"
"SRC316","116","9","Euro","5","483","lower","0.1"
"SRC316","116","9","Euro","6","545","Total","26.0"
"SRC316","116","10","Japanese yen","3","358","A","5.0"
"SRC316","116","10","Japanese yen","4","420","BBB","0.0"
"SRC316","116","10","Japanese yen","6","545","Total","5.0"
"SRC316","116","11","Canadian dollar","1","234","AAA","3.3"
"SRC316","116","11","Canadian dollar","2","296","AA","0.9"
"SRC316","116","11","Canadian dollar","3","358","A","0.5"
"SRC316","116","11","Canadian dollar","4","420","BBB","0.3"
"SRC316","116","11","Canadian dollar","6","545","Total","5.0"
"SRC316","116","12","British pound","1","234","AAA","0.1"
"SRC316","116","12","British pound","2","296","AA","3.2"
"SRC316","116","12","British pound","3","358","A","0.4"
"SRC316","116","12","British pound","4","420","BBB","0.5"
"SRC316","116","12","British pound","6","545","Total","4.4"
"SRC316","116","13","Other currencies","1","234","AAA","7.3"
"SRC316","116","13","Other currencies","2","296","AA","1.2"
"SRC316","116","13","Other currencies","3","358","A","0.2"
"SRC316","116","13","Other currencies","4","420","BBB","1.0"
"SRC316","116","13","Other currencies","5","483","lower","0.6"
"SRC316","116","13","Other currencies","6","545","Total","10.2"
"SRC316","116","14","Total","1","234","AAA","23.9"
"SRC316","116","14","Total","2","296","AA","43.8"
"SRC316","116","14","Total","3","358","A","18.2"
"SRC316","116","14","Total","4","420","BBB","13.2"
"SRC316","116","14","Total","5","483","lower","1.0"
"SRC316","116","14","Total","6","545","Total","100.0"
"SRC316","116","15","At year-end 2025, investments in purchased credit","4","420","BBB","209.3"
"SRC316","116","16","Government Pension Fund Global Annual","6","545","Total","116"
"SRC316","118","1","Derivatives including foreign exchange contracts 134","1","456","","734"
"SRC316","118","1","Derivatives including foreign exchange contracts 134","2","544","","152 047"
"SRC316","118","2","Securities lending 120","1","456","","786"
"SRC316","118","2","Securities lending 120","2","544","","105 908"
"SRC316","118","3","Unsecured bank deposits1 29","1","456","","176"
"SRC316","118","3","Unsecured bank deposits1 29","2","544","","23 518"
"SRC316","118","4","Repurchase and reverse repurchase agreements","1","456","","11 754"
"SRC316","118","4","Repurchase and reverse repurchase agreements","2","544","","14 316"
"SRC316","118","5","Prime brokerage","1","456","","6 409"
"SRC316","118","5","Prime brokerage","2","544","","554"
"SRC316","118","6","Settlement risk towards counterparties and long-settlement transactions","1","456","","7 443"
"SRC316","118","6","Settlement risk towards counterparties and long-settlement transactions","2","544","","344"
"SRC316","118","7","Total 310","1","456","","301"
"SRC316","118","7","Total 310","2","544","","296 687"
"SRC316","118","8","AAA 3 3","1","456","","1"
"SRC316","118","8","AAA 3 3","2","544","","1"
"SRC316","118","9","AA 45 43","1","456","","45"
"SRC316","118","9","AA 45 43","2","544","","45"
"SRC316","118","10","A 71 64","1","456","","91"
"SRC316","118","10","A 71 64","2","544","","88"
"SRC316","118","11","BBB 10 9","1","456","","36"
"SRC316","118","11","BBB 10 9","2","544","","34"
"SRC316","118","12","BB 2 2","1","456","","28"
"SRC316","118","12","BB 2 2","2","544","","25"
"SRC316","118","13","B - -","1","456","","4"
"SRC316","118","13","B - -","2","544","","5"
"SRC316","118","14","Total 131 121","1","456","","205"
"SRC316","118","14","Total 131 121","2","544","","198"
"SRC316","118","15","end 2025, compared to 121 at year-end 2024. The number of brokers increased to 205 at year-end","1","456","","2025,"
"SRC316","118","16","end 2024. The overall credit quality of brokers and counterparties remained unchanged from year-end","1","456","","2024."
"SRC316","118","17","Government Pension Fund Global Annual report 2025","2","544","","118"
"SRC316","119","1","the maximum leverage of the portfolio","1","186","","25"
"SRC316","119","2","the end of 2025, compared to 8.0","2","268","","2024."
"SRC316","119","3","leverage of the portfolio is limited","1","186","","60"
"SRC316","119","3","leverage of the portfolio is limited","3","291","","2025,"
"SRC316","119","4","ratio of 12.9 percent, compared to","1","186","","29.4"
"SRC316","119","4","ratio of 12.9 percent, compared to","3","291","","2024."
"SRC316","119","5","Government Pension Fund Global","2","268","","2025"
"SRC316","120","1","Equities","1","222","Gross income","2 115 405"
"SRC316","120","1","Equities","3","302","on dividends,","-8 846"
"SRC316","120","1","Equities","4","362","Capital","-2 070"
"SRC316","120","1","Equities","6","481","","-10 916"
"SRC316","120","1","Equities","7","536","Net income","2 104 489"
"SRC316","120","2","Bonds","1","222","Gross income","243 405"
"SRC316","120","2","Bonds","3","302","on dividends,","-5"
"SRC316","120","2","Bonds","4","362","Capital","-39"
"SRC316","120","2","Bonds","6","481","","-44"
"SRC316","120","2","Bonds","7","536","Net income","243 361"
"SRC316","120","3","Secured lending","1","222","Gross income","20 801"
"SRC316","120","3","Secured lending","3","302","on dividends,","-187"
"SRC316","120","3","Secured lending","6","481","","-187"
"SRC316","120","3","Secured lending","7","536","Net income","20 614"
"SRC316","120","4","Other","5","424","","-10"
"SRC316","120","4","Other","6","481","","-10"
"SRC316","120","5","Tax expense1","3","302","on dividends,","-9 038"
"SRC316","120","5","Tax expense1","4","362","Capital","-2 109"
"SRC316","120","5","Tax expense1","5","424","","-10"
"SRC316","120","5","Tax expense1","6","481","","-11 157"
"SRC316","120","6","1 The rules on global minimum taxation (Pillar 2) have no economic","6","481","","2"
"SRC316","120","7","Equities 2","1","222","Gross income","454 653"
"SRC316","120","7","Equities 2","3","302","on dividends,","-8 522"
"SRC316","120","7","Equities 2","4","362","Capital","-8 393"
"SRC316","120","7","Equities 2","6","481","","-16 915"
"SRC316","120","7","Equities 2","7","536","Net income","2 437 738"
"SRC316","120","8","Bonds","1","222","Gross income","70 889"
"SRC316","120","8","Bonds","3","302","on dividends,","-36"
"SRC316","120","8","Bonds","4","362","Capital","-4"
"SRC316","120","8","Bonds","6","481","","-40"
"SRC316","120","8","Bonds","7","536","Net income","70 849"
"SRC316","120","9","Secured lending","1","222","Gross income","21 622"
"SRC316","120","9","Secured lending","3","302","on dividends,","-246"
"SRC316","120","9","Secured lending","6","481","","-246"
"SRC316","120","9","Secured lending","7","536","Net income","21 376"
"SRC316","120","10","Other","5","424","","-10"
"SRC316","120","10","Other","6","481","","-10"
"SRC316","120","11","Tax expense1","3","302","on dividends,","-8 804"
"SRC316","120","11","Tax expense1","4","362","Capital","-8 397"
"SRC316","120","11","Tax expense1","5","424","","-10"
"SRC316","120","11","Tax expense1","6","481","","-17 211"
"SRC316","120","12","1 The rules on global minimum taxation (Pillar 2) have no economic","6","481","","2"
"SRC316","120","13","Government Pension Fund Global","2","267","","2025"
"SRC316","120","13","Government Pension Fund Global","7","536","Net income","120"
"SRC316","121","1","Withholding tax receivable","1","456","","11 594"
"SRC316","121","1","Withholding tax receivable","2","544","","17 938"
"SRC316","121","2","Tax payable1","1","456","","30"
"SRC316","121","2","Tax payable1","2","544","","40"
"SRC316","121","3","Deferred tax","1","456","","10 744"
"SRC316","121","3","Deferred tax","2","544","","13 170"
"SRC316","121","4","Receipt of refunded withholding tax","1","456","2025","14 512"
"SRC316","121","4","Receipt of refunded withholding tax","2","544","2024","8 494"
"SRC316","121","5","Payment of taxes -20","1","456","2025","086"
"SRC316","121","5","Payment of taxes -20","2","544","2024","-29 204"
"SRC316","121","6","Net payment of taxes","1","456","2025","-5 574"
"SRC316","121","6","Net payment of taxes","2","544","2024","-20 710"
"SRC316","121","7","Government Pension Fund Global Annual report 2025","2","544","2024","121"
"SRC316","123","1","Foreign exchange gain/loss - USD/NOK -883","1","453","2025","982"
"SRC316","123","1","Foreign exchange gain/loss - USD/NOK -883","2","538","2024","758 950"
"SRC316","123","2","Foreign exchange gain/loss - EUR/NOK","1","453","2025","21 126"
"SRC316","123","2","Foreign exchange gain/loss - EUR/NOK","2","538","2024","119 705"
"SRC316","123","3","Foreign exchange gain/loss - GBP/NOK -40","1","453","2025","526"
"SRC316","123","3","Foreign exchange gain/loss - GBP/NOK -40","2","538","2024","81 057"
"SRC316","123","4","Foreign exchange gain/loss - JPY/NOK -103","1","453","2025","818"
"SRC316","123","4","Foreign exchange gain/loss - JPY/NOK -103","2","538","2024","3 936"
"SRC316","123","5","Foreign exchange gain/loss - CHF/NOK","1","453","2025","6 027"
"SRC316","123","5","Foreign exchange gain/loss - CHF/NOK","2","538","2024","13 967"
"SRC316","123","6","Foreign exchange gain/loss - other -154","1","453","2025","124"
"SRC316","123","6","Foreign exchange gain/loss - other -154","2","538","2024","94 593"
"SRC316","123","7","Foreign exchange gain/loss -1 155","1","453","2025","299"
"SRC316","123","7","Foreign exchange gain/loss -1 155","2","538","2024","1 072 207"
"SRC316","123","8","US dollar 11 059","1","453","2025","763"
"SRC316","123","8","US dollar 11 059","2","538","2024","10 632 003"
"SRC316","123","9","Euro 3 589","1","453","2025","013"
"SRC316","123","9","Euro 3 589","2","538","2024","3 168 468"
"SRC316","123","10","British pound 1 343","1","453","2025","999"
"SRC316","123","10","British pound 1 343","2","538","2024","1 212 905"
"SRC316","123","11","Japanese yen 1 139","1","453","2025","206"
"SRC316","123","11","Japanese yen 1 139","2","538","2024","1 098 646"
"SRC316","123","12","Swiss franc 723","1","453","2025","685"
"SRC316","123","12","Swiss franc 723","2","538","2024","637 326"
"SRC316","123","13","Other currencies 3 430","1","453","2025","501"
"SRC316","123","13","Other currencies 3 430","2","538","2024","3 005 601"
"SRC316","123","14","Market value investment portfolio 21 286","1","453","2025","167"
"SRC316","123","14","Market value investment portfolio 21 286","2","538","2024","19 754 950"
"SRC316","123","15","US dollar 10.09","1","453","2025","11.36"
"SRC316","123","15","US dollar 10.09","2","538","2024","-11"
"SRC316","123","16","Euro 11.85","1","453","2025","11.76"
"SRC316","123","16","Euro 11.85","2","538","2024","1"
"SRC316","123","17","British pound 13.57","1","453","2025","14.22"
"SRC316","123","17","British pound 13.57","2","538","2024","-5"
"SRC316","123","18","Japanese yen 0.06","1","453","2025","0.07"
"SRC316","123","18","Japanese yen 0.06","2","538","2024","-11"
"SRC316","123","19","Swiss franc 12.73","1","453","2025","12.53"
"SRC316","123","19","Swiss franc 12.73","2","538","2024","2"
"SRC316","123","20","Government Pension Fund Global Annual report 2025","2","538","2024","123"
"SRC316","124","1","Salary, social security and other personnel-related costs1","1","374","","2 476"
"SRC316","124","1","Salary, social security and other personnel-related costs1","3","487","","2 218"
"SRC316","124","2","Custody costs","1","374","","447"
"SRC316","124","2","Custody costs","3","487","","483"
"SRC316","124","3","IT services, systems, data and information","1","374","","858"
"SRC316","124","3","IT services, systems, data and information","3","487","","815"
"SRC316","124","4","Research, consulting and legal fees","1","374","","287"
"SRC316","124","4","Research, consulting and legal fees","3","487","","255"
"SRC316","124","5","Other costs","1","374","","274"
"SRC316","124","5","Other costs","3","487","","282"
"SRC316","124","6","Allocated costs Norges Bank","1","374","","257"
"SRC316","124","6","Allocated costs Norges Bank","3","487","","241"
"SRC316","124","7","Base fees to external managers","1","374","","1 756"
"SRC316","124","7","Base fees to external managers","3","487","","1 554"
"SRC316","124","8","Management fee excluding performance-based fees","1","374","","6 355"
"SRC316","124","8","Management fee excluding performance-based fees","2","433","Basis points","3.2"
"SRC316","124","8","Management fee excluding performance-based fees","3","487","","5 848"
"SRC316","124","8","Management fee excluding performance-based fees","4","548","Basis points","3.3"
"SRC316","124","9","Performance-based fees to external managers","1","374","","1 182"
"SRC316","124","9","Performance-based fees to external managers","3","487","","1 543"
"SRC316","124","10","Management fee","1","374","","7 537"
"SRC316","124","10","Management fee","2","433","Basis points","3.8"
"SRC316","124","10","Management fee","3","487","","7 390"
"SRC316","124","10","Management fee","4","548","Basis points","4.1"
"SRC316","124","11","Government Pension Fund Global Annual report 2025","4","548","Basis points","124"
"SRC316","125","1","Table","1","56","","12.2"
"SRC316","125","2","Salary,","4","370","","48"
"SRC316","125","2","Salary,","6","489","","35"
"SRC316","125","3","IT services,","4","370","","7"
"SRC316","125","3","IT services,","6","489","","6"
"SRC316","125","4","Research,","4","370","","90"
"SRC316","125","4","Research,","6","489","","59"
"SRC316","125","5","Other","4","370","","99"
"SRC316","125","5","Other","6","489","","49"
"SRC316","125","6","Total","4","370","","244"
"SRC316","125","6","Total","5","429","Basis points","0.1"
"SRC316","125","6","Total","6","489","","149"
"SRC316","125","6","Total","7","543","Basis points","0.1"
"SRC316","125","7","Of","4","370","","157"
"SRC316","125","7","Of","6","489","","88"
"SRC316","125","8","Of","4","370","","87"
"SRC316","125","8","Of","6","489","","61"
"SRC316","125","9","1 Costs","1","56","Amounts in NOK million","2025"
"SRC316","125","9","1 Costs","4","370","","41"
"SRC316","125","9","1 Costs","7","543","Basis points","2024,"
"SRC316","125","10","NOK","1","56","Amounts in NOK million","137"
"SRC316","125","10","NOK","3","265","","12"
"SRC316","125","11","For","1","56","Amounts in NOK million","2025,"
"SRC316","125","12","external","2","204","","8 100"
"SRC316","125","12","external","3","265","","2024,"
"SRC316","125","12","external","4","370","","7 100"
"SRC316","125","13","Total","4","370","","6 600"
"SRC316","125","13","Total","5","429","Basis points","2025."
"SRC316","125","14","management","6","489","","6 355"
"SRC316","125","15","management","2","204","","244"
"SRC316","125","16","external","2","204","","7 781"
"SRC316","125","16","external","3","265","","2025."
"SRC316","125","17","based","3","265","","3.9"
"SRC316","125","18","expense","7","543","Basis points","6.4"
"SRC316","125","19","note","1","56","Amounts in NOK million","6"
"SRC316","125","19","note","2","204","","7.4"
"SRC316","125","20","Government","3","265","","2025"
"SRC316","125","20","Government","7","543","Basis points","125"
"SRC316","126","1","Income/expense from secured lending","1","453","2025","20 801"
"SRC316","126","1","Income/expense from secured lending","2","541","2024","21 622"
"SRC316","126","2","Income/expense from secured borrowing -22","1","453","2025","889"
"SRC316","126","2","Income/expense from secured borrowing -22","2","541","2024","-24 810"
"SRC316","126","3","Net income/expense from secured lending and borrowing","1","453","2025","-2 088"
"SRC316","126","3","Net income/expense from secured lending and borrowing","2","541","2024","-3 188"
"SRC316","126","4","Government Pension Fund Global Annual report 2025","2","541","2024","126"
"SRC316","127","1","Secured lending","1","447","2025","1 374 213"
"SRC316","127","1","Secured lending","2","531","2024","1 020 455"
"SRC316","127","2","Total secured lending","1","447","2025","1 374 213"
"SRC316","127","2","Total secured lending","2","531","2024","1 020 455"
"SRC316","127","3","Equities received as collateral","1","447","2025","949 641"
"SRC316","127","3","Equities received as collateral","2","531","2024","690 154"
"SRC316","127","4","Bonds received as collateral1","1","447","2025","445 178"
"SRC316","127","4","Bonds received as collateral1","2","531","2024","336 265"
"SRC316","127","5","Total collateral received in the form of securities related to secured lending 1","1","447","2025","394 820"
"SRC316","127","5","Total collateral received in the form of securities related to secured lending 1","2","531","2024","1 026 419"
"SRC316","127","6","Equities lent","1","447","2025","1 011 469"
"SRC316","127","6","Equities lent","2","531","2024","862 197"
"SRC316","127","7","Bonds lent","1","447","2025","811 514"
"SRC316","127","7","Bonds lent","2","531","2024","1 088 846"
"SRC316","127","8","Total transferred financial assets 1","1","447","2025","822 984"
"SRC316","127","8","Total transferred financial assets 1","2","531","2024","1 951 043"
"SRC316","127","9","Cash received as collateral for transferred financial assets","1","447","2025","1 321 603"
"SRC316","127","9","Cash received as collateral for transferred financial assets","2","531","2024","1 316 345"
"SRC316","127","10","Securities sold short","1","447","2025","48 725"
"SRC316","127","10","Securities sold short","2","531","2024","3 547"
"SRC316","127","11","Total secured borrowing 1","1","447","2025","370 328"
"SRC316","127","11","Total secured borrowing 1","2","531","2024","1 319 892"
"SRC316","127","12","Equities received as collateral","1","447","2025","286 391"
"SRC316","127","12","Equities received as collateral","2","531","2024","320 398"
"SRC316","127","13","Bonds received as collateral","1","447","2025","232 231"
"SRC316","127","13","Bonds received as collateral","2","531","2024","361 132"
"SRC316","127","14","Guarantees","1","447","2025","2 969"
"SRC316","127","14","Guarantees","2","531","2024","5 406"
"SRC316","127","15","Total collateral received in the form of securities or guarantees related to transferred financial assets","1","447","2025","521 591"
"SRC316","127","15","Total collateral received in the form of securities or guarantees related to transferred financial assets","2","531","2024","686 936"
"SRC316","127","16","Government Pension Fund Global Annual report 2025","2","531","2024","127"
"SRC316","129","1","Secured lending","1","131","sheet","1 374 213"
"SRC316","129","1","Secured lending","3","238","balance sheet","1 374 213"
"SRC316","129","1","Secured lending","4","299","agreements1","931 363"
"SRC316","129","1","Secured lending","5","345","netting","442 850"
"SRC316","129","1","Secured lending","7","449","as liability)","115 993"
"SRC316","129","1","Secured lending","8","495","recognised)","326 092"
"SRC316","129","1","Secured lending","9","555","collateral","765"
"SRC316","129","2","posted","1","131","sheet","20 426"
"SRC316","129","2","posted","3","238","balance sheet","20 426"
"SRC316","129","2","posted","5","345","netting","20 426"
"SRC316","129","2","posted","6","399","counterparty","10 849"
"SRC316","129","2","posted","7","449","as liability)","8 527"
"SRC316","129","2","posted","9","555","collateral","1 051"
"SRC316","129","3","derivatives","1","131","sheet","28 394"
"SRC316","129","3","derivatives","2","198","sheet","797"
"SRC316","129","3","derivatives","3","238","balance sheet","27 597"
"SRC316","129","3","derivatives","4","299","agreements1","277"
"SRC316","129","3","derivatives","5","345","netting","27 320"
"SRC316","129","3","derivatives","6","399","counterparty","21 497"
"SRC316","129","3","derivatives","7","449","as liability)","5 689"
"SRC316","129","3","derivatives","9","555","collateral","134"
"SRC316","129","4","Total 1","1","131","sheet","423 033"
"SRC316","129","4","Total 1","2","198","sheet","797"
"SRC316","129","4","Total 1","3","238","balance sheet","1 422 236"
"SRC316","129","4","Total 1","4","299","agreements1","931 640"
"SRC316","129","4","Total 1","5","345","netting","490 596"
"SRC316","129","4","Total 1","6","399","counterparty","32 346"
"SRC316","129","4","Total 1","7","449","as liability)","130 209"
"SRC316","129","4","Total 1","8","495","recognised)","326 092"
"SRC316","129","4","Total 1","9","555","collateral","1 950"
"SRC316","129","5","borrowing 1","1","131","sheet","370 328"
"SRC316","129","5","borrowing 1","3","238","balance sheet","1 370 328"
"SRC316","129","5","borrowing 1","4","299","agreements1","241 329"
"SRC316","129","5","borrowing 1","5","345","netting","1 128 999"
"SRC316","129","5","borrowing 1","7","449","as liability)","116 124"
"SRC316","129","5","borrowing 1","8","495","recognised)","998 681"
"SRC316","129","5","borrowing 1","9","555","collateral","14 194"
"SRC316","129","6","received","1","131","sheet","129 608"
"SRC316","129","6","received","3","238","balance sheet","129 608"
"SRC316","129","6","received","4","299","agreements1","117 873"
"SRC316","129","6","received","5","345","netting","11 735"
"SRC316","129","6","received","6","399","counterparty","11 606"
"SRC316","129","6","received","9","555","collateral","129"
"SRC316","129","7","derivatives","1","131","sheet","27 280"
"SRC316","129","7","derivatives","2","198","sheet","797"
"SRC316","129","7","derivatives","3","238","balance sheet","26 483"
"SRC316","129","7","derivatives","4","299","agreements1","48"
"SRC316","129","7","derivatives","5","345","netting","26 435"
"SRC316","129","7","derivatives","6","399","counterparty","21 497"
"SRC316","129","7","derivatives","7","449","as liability)","4 759"
"SRC316","129","7","derivatives","9","555","collateral","179"
"SRC316","129","8","Total","1","131","sheet","1 527 216"
"SRC316","129","8","Total","2","198","sheet","797"
"SRC316","129","8","Total","3","238","balance sheet","1 526 419"
"SRC316","129","8","Total","4","299","agreements1","359 250"
"SRC316","129","8","Total","5","345","netting","1 167 169"
"SRC316","129","8","Total","6","399","counterparty","33 103"
"SRC316","129","8","Total","7","449","as liability)","120 883"
"SRC316","129","8","Total","8","495","recognised)","998 681"
"SRC316","129","8","Total","9","555","collateral","14 502"
"SRC316","129","9","Secured lending 1","1","131","sheet","020 455"
"SRC316","129","9","Secured lending 1","3","238","balance sheet","1 020 455"
"SRC316","129","9","Secured lending 1","4","299","agreements1","726 830"
"SRC316","129","9","Secured lending 1","5","345","netting","293 624"
"SRC316","129","9","Secured lending 1","7","449","as liability)","117 987"
"SRC316","129","9","Secured lending 1","8","495","recognised)","175 637"
"SRC316","129","10","posted","1","131","sheet","11 340"
"SRC316","129","10","posted","3","238","balance sheet","11 340"
"SRC316","129","10","posted","4","299","agreements1","526"
"SRC316","129","10","posted","5","345","netting","10 814"
"SRC316","129","10","posted","6","399","counterparty","8 819"
"SRC316","129","10","posted","7","449","as liability)","1 939"
"SRC316","129","10","posted","9","555","collateral","57"
"SRC316","129","11","derivatives","1","131","sheet","37 245"
"SRC316","129","11","derivatives","2","198","sheet","4 342"
"SRC316","129","11","derivatives","3","238","balance sheet","32 904"
"SRC316","129","11","derivatives","4","299","agreements1","76"
"SRC316","129","11","derivatives","5","345","netting","32 827"
"SRC316","129","11","derivatives","6","399","counterparty","25 630"
"SRC316","129","11","derivatives","7","449","as liability)","5 911"
"SRC316","129","11","derivatives","9","555","collateral","1 286"
"SRC316","129","12","Total 1 069","1","131","sheet","040"
"SRC316","129","12","Total 1 069","2","198","sheet","4 342"
"SRC316","129","12","Total 1 069","3","238","balance sheet","1 064 699"
"SRC316","129","12","Total 1 069","4","299","agreements1","727 432"
"SRC316","129","12","Total 1 069","5","345","netting","337 265"
"SRC316","129","12","Total 1 069","6","399","counterparty","34 449"
"SRC316","129","12","Total 1 069","7","449","as liability)","125 837"
"SRC316","129","12","Total 1 069","8","495","recognised)","175 637"
"SRC316","129","12","Total 1 069","9","555","collateral","1 343"
"SRC316","129","13","borrowing","1","131","sheet","1 319 892"
"SRC316","129","13","borrowing","3","238","balance sheet","1 319 892"
"SRC316","129","13","borrowing","4","299","agreements1","356 652"
"SRC316","129","13","borrowing","5","345","netting","963 240"
"SRC316","129","13","borrowing","7","449","as liability)","119 909"
"SRC316","129","13","borrowing","8","495","recognised)","830 109"
"SRC316","129","13","borrowing","9","555","collateral","13 222"
"SRC316","129","14","received","1","131","sheet","103 193"
"SRC316","129","14","received","3","238","balance sheet","103 193"
"SRC316","129","14","received","4","299","agreements1","94 213"
"SRC316","129","14","received","5","345","netting","8 980"
"SRC316","129","14","received","6","399","counterparty","8 980"
"SRC316","129","15","derivatives","1","131","sheet","35 571"
"SRC316","129","15","derivatives","2","198","sheet","4 342"
"SRC316","129","15","derivatives","3","238","balance sheet","31 229"
"SRC316","129","15","derivatives","4","299","agreements1","20"
"SRC316","129","15","derivatives","5","345","netting","31 209"
"SRC316","129","15","derivatives","6","399","counterparty","25 630"
"SRC316","129","15","derivatives","7","449","as liability)","5 554"
"SRC316","129","15","derivatives","9","555","collateral","25"
"SRC316","129","16","Total 1","1","131","sheet","458 656"
"SRC316","129","16","Total 1","2","198","sheet","4 342"
"SRC316","129","16","Total 1","3","238","balance sheet","1 454 314"
"SRC316","129","16","Total 1","4","299","agreements1","450 885"
"SRC316","129","16","Total 1","5","345","netting","1 003 429"
"SRC316","129","16","Total 1","6","399","counterparty","34 610"
"SRC316","129","16","Total 1","7","449","as liability)","125 463"
"SRC316","129","16","Total 1","8","495","recognised)","830 109"
"SRC316","129","16","Total 1","9","555","collateral","13 247"
"SRC316","129","17","1 Secured lending includes","5","345","netting","2025,"
"SRC316","129","17","1 Secured lending includes","7","449","as liability)","873"
"SRC316","129","17","1 Secured lending includes","8","495","recognised)","671"
"SRC316","129","18","2 Secured borrowing includes","5","345","netting","2025,"
"SRC316","129","18","2 Secured borrowing includes","7","449","as liability)","179"
"SRC316","129","18","2 Secured borrowing includes","8","495","recognised)","194"
"SRC316","129","19","Government Pension Fund","9","555","collateral","129"
"SRC316","130","1","liabilities. At the end of 2025, NOK 303 million was presented in Other assets related to unsettled","2","531","","2024,"
"SRC316","130","2","form of a management fee. See note 12 Management costs for further information. In 2025, NOK","1","444","","190"
"SRC316","130","3","from the krone account to pay accrued management fee, while NOK 7 032 million was deducted","1","444","","2024."
"SRC316","130","4","deduction of management fee was changed with effect from 2025 and the management fee for","1","444","","2025"
"SRC316","130","4","deduction of management fee was changed with effect from 2025 and the management fee for","2","531","","2026."
"SRC316","130","5","Management fee payable was NOK 7 537 million at the end of 2025, compared to management","2","531","","190"
"SRC316","130","6","liabilities. At the end of 2025, the net balance between the portfolios represented a receivable","2","531","","299"
"SRC316","130","7","Government Pension Fund Global Annual report 2025","2","531","","130"
"SRC316","131","1","NBIM George Partners LP2 Unlisted real estate London London","1","433","","100.00"
"SRC316","131","1","NBIM George Partners LP2 Unlisted real estate London London","2","491","","25.00"
"SRC316","131","1","NBIM George Partners LP2 Unlisted real estate London London","3","550","","2011"
"SRC316","131","2","Limited Unlisted real estate London Sheffield","1","433","","100.00"
"SRC316","131","2","Limited Unlisted real estate London Sheffield","2","491","","100.00"
"SRC316","131","2","Limited Unlisted real estate London Sheffield","3","550","","2012"
"SRC316","131","3","NBIM Edward Partners LP Unlisted real estate London London","1","433","","100.00"
"SRC316","131","3","NBIM Edward Partners LP Unlisted real estate London London","2","491","","100.00"
"SRC316","131","3","NBIM Edward Partners LP Unlisted real estate London London","3","550","","2014"
"SRC316","131","4","NBIM Caroline Partners LP Unlisted real estate London London","1","433","","100.00"
"SRC316","131","4","NBIM Caroline Partners LP Unlisted real estate London London","2","491","","100.00"
"SRC316","131","4","NBIM Caroline Partners LP Unlisted real estate London London","3","550","","2015"
"SRC316","131","5","NBIM Henry Partners LP Unlisted real estate London London","1","433","","100.00"
"SRC316","131","5","NBIM Henry Partners LP Unlisted real estate London London","2","491","","100.00"
"SRC316","131","5","NBIM Henry Partners LP Unlisted real estate London London","3","550","","2016"
"SRC316","131","6","NBIM Elizabeth Partners LP Unlisted real estate London London","1","433","","100.00"
"SRC316","131","6","NBIM Elizabeth Partners LP Unlisted real estate London London","2","491","","100.00"
"SRC316","131","6","NBIM Elizabeth Partners LP Unlisted real estate London London","3","550","","2016"
"SRC316","131","7","NBIM Eleanor Partners LP Unlisted real estate London London","1","433","","100.00"
"SRC316","131","7","NBIM Eleanor Partners LP Unlisted real estate London London","2","491","","100.00"
"SRC316","131","7","NBIM Eleanor Partners LP Unlisted real estate London London","3","550","","2018"
"SRC316","131","8","WOSC Partners LP Unlisted real estate London London","1","433","","75.00"
"SRC316","131","8","WOSC Partners LP Unlisted real estate London London","2","491","","75.00"
"SRC316","131","8","WOSC Partners LP Unlisted real estate London London","3","550","","2019"
"SRC316","131","9","PELP UK Limited Unlisted real estate Solihull tish cities","1","433","","50.00"
"SRC316","131","9","PELP UK Limited Unlisted real estate Solihull tish cities","2","491","","50.00"
"SRC316","131","9","PELP UK Limited Unlisted real estate Solihull tish cities","3","550","","2022"
"SRC316","131","10","Longfellow Strategic Value UK I LP Unlisted real estate Bristol Cambridge","1","433","","47.50"
"SRC316","131","10","Longfellow Strategic Value UK I LP Unlisted real estate Bristol Cambridge","2","491","","47.50"
"SRC316","131","10","Longfellow Strategic Value UK I LP Unlisted real estate Bristol Cambridge","3","550","","2022"
"SRC316","131","11","Firebolt RB Holdings Limited infrastructure Swanley Race Bank","1","433","","75.00"
"SRC316","131","11","Firebolt RB Holdings Limited infrastructure Swanley Race Bank","2","491","","37.50"
"SRC316","131","11","Firebolt RB Holdings Limited infrastructure Swanley Race Bank","3","550","","2024"
"SRC316","131","12","The Pollen Estate LP Unlisted real estate London London","1","433","","72.27"
"SRC316","131","12","The Pollen Estate LP Unlisted real estate London London","2","491","","72.27"
"SRC316","131","12","The Pollen Estate LP Unlisted real estate London London","3","550","","2025"
"SRC316","131","13","Ltd Unlisted real estate London London","1","433","","25.00"
"SRC316","131","13","Ltd Unlisted real estate London London","2","491","","25.00"
"SRC316","131","13","Ltd Unlisted real estate London London","3","550","","2025"
"SRC316","131","14","Mayfair Estate London LP Unlisted real estate London London","1","433","","24.99"
"SRC316","131","14","Mayfair Estate London LP Unlisted real estate London London","2","491","","24.99"
"SRC316","131","14","Mayfair Estate London LP Unlisted real estate London London","3","550","","2025"
"SRC316","131","15","NBIM Jane Limited Unlisted real estate London London","1","433","","100.00"
"SRC316","131","15","NBIM Jane Limited Unlisted real estate London London","2","491","","100.00"
"SRC316","131","15","NBIM Jane Limited Unlisted real estate London London","3","550","","2025"
"SRC316","131","16","NBIM S.à r.l. Unlisted real estate Luxembourg N/A","1","433","","100.00"
"SRC316","131","16","NBIM S.à r.l. Unlisted real estate Luxembourg N/A","3","550","","2011"
"SRC316","131","17","Copenhagen Infrastructure V infrastructure, fund Luxembourg countries","1","433","","9.00"
"SRC316","131","17","Copenhagen Infrastructure V infrastructure, fund Luxembourg countries","3","550","","2024"
"SRC316","131","18","Government Pension Fund Global Annual report 2025","3","550","","131"
"SRC316","132","1","NBIM Louis SAS Unlisted real estate Paris Paris","1","437","","100.00"
"SRC316","132","1","NBIM Louis SAS Unlisted real estate Paris Paris","2","491","","50.00"
"SRC316","132","1","NBIM Louis SAS Unlisted real estate Paris Paris","3","550","","2011"
"SRC316","132","2","SCI 16 Matignon Unlisted real estate Paris Paris","1","437","","50.00"
"SRC316","132","2","SCI 16 Matignon Unlisted real estate Paris Paris","2","491","","50.00"
"SRC316","132","2","SCI 16 Matignon Unlisted real estate Paris Paris","3","550","","2011"
"SRC316","132","3","Champs Elysées Rond-Point SCI Unlisted real estate Paris Paris","1","437","","50.00"
"SRC316","132","3","Champs Elysées Rond-Point SCI Unlisted real estate Paris Paris","2","491","","50.00"
"SRC316","132","3","Champs Elysées Rond-Point SCI Unlisted real estate Paris Paris","3","550","","2011"
"SRC316","132","4","SCI PB 12 Unlisted real estate Paris Paris","1","437","","50.00"
"SRC316","132","4","SCI PB 12 Unlisted real estate Paris Paris","2","491","","50.00"
"SRC316","132","4","SCI PB 12 Unlisted real estate Paris Paris","3","550","","2011"
"SRC316","132","5","SCI Malesherbes Unlisted real estate Paris Paris","1","437","","50.00"
"SRC316","132","5","SCI Malesherbes Unlisted real estate Paris Paris","2","491","","50.00"
"SRC316","132","5","SCI Malesherbes Unlisted real estate Paris Paris","3","550","","2012"
"SRC316","132","6","SCI 15 Scribe Unlisted real estate Paris Paris","1","437","","50.00"
"SRC316","132","6","SCI 15 Scribe Unlisted real estate Paris Paris","2","491","","50.00"
"SRC316","132","6","SCI 15 Scribe Unlisted real estate Paris Paris","3","550","","2012"
"SRC316","132","7","SAS 100 CE Unlisted real estate Paris Paris","1","437","","50.00"
"SRC316","132","7","SAS 100 CE Unlisted real estate Paris Paris","2","491","","50.00"
"SRC316","132","7","SAS 100 CE Unlisted real estate Paris Paris","3","550","","2012"
"SRC316","132","8","SCI Daumesnil Unlisted real estate Paris Paris","1","437","","50.00"
"SRC316","132","8","SCI Daumesnil Unlisted real estate Paris Paris","2","491","","50.00"
"SRC316","132","8","SCI Daumesnil Unlisted real estate Paris Paris","3","550","","2012"
"SRC316","132","9","SCI 9 Messine Unlisted real estate Paris Paris","1","437","","50.00"
"SRC316","132","9","SCI 9 Messine Unlisted real estate Paris Paris","2","491","","50.00"
"SRC316","132","9","SCI 9 Messine Unlisted real estate Paris Paris","3","550","","2012"
"SRC316","132","10","SCI Pasquier Unlisted real estate Paris Paris","1","437","","50.00"
"SRC316","132","10","SCI Pasquier Unlisted real estate Paris Paris","2","491","","50.00"
"SRC316","132","10","SCI Pasquier Unlisted real estate Paris Paris","3","550","","2013"
"SRC316","132","11","NBIM Marcel SCI Unlisted real estate Paris Paris","1","437","","100.00"
"SRC316","132","11","NBIM Marcel SCI Unlisted real estate Paris Paris","2","491","","100.00"
"SRC316","132","11","NBIM Marcel SCI Unlisted real estate Paris Paris","3","550","","2014"
"SRC316","132","12","NBIM Victor SCI Unlisted real estate Paris Paris","1","437","","100.00"
"SRC316","132","12","NBIM Victor SCI Unlisted real estate Paris Paris","2","491","","100.00"
"SRC316","132","12","NBIM Victor SCI Unlisted real estate Paris Paris","3","550","","2016"
"SRC316","132","13","NBIM Eugene SCI Unlisted real estate Paris Paris","1","437","","100.00"
"SRC316","132","13","NBIM Eugene SCI Unlisted real estate Paris Paris","2","491","","100.00"
"SRC316","132","13","NBIM Eugene SCI Unlisted real estate Paris Paris","3","550","","2017"
"SRC316","132","14","NBIM Beatrice SCI Unlisted real estate Paris Paris","1","437","","100.00"
"SRC316","132","14","NBIM Beatrice SCI Unlisted real estate Paris Paris","2","491","","100.00"
"SRC316","132","14","NBIM Beatrice SCI Unlisted real estate Paris Paris","3","550","","2018"
"SRC316","132","15","NBIM Jeanne SCI Unlisted real estate Paris Paris","1","437","","100.00"
"SRC316","132","15","NBIM Jeanne SCI Unlisted real estate Paris Paris","2","491","","100.00"
"SRC316","132","15","NBIM Jeanne SCI Unlisted real estate Paris Paris","3","550","","2019"
"SRC316","132","16","Rodolphe Paris 1 SCI Unlisted real estate Paris Paris","1","437","","65.00"
"SRC316","132","16","Rodolphe Paris 1 SCI Unlisted real estate Paris Paris","2","491","","65.00"
"SRC316","132","16","Rodolphe Paris 1 SCI Unlisted real estate Paris Paris","3","550","","2022"
"SRC316","132","17","Rodolphe 2 Paris 1 SCI Unlisted real estate Paris Paris","1","437","","65.00"
"SRC316","132","17","Rodolphe 2 Paris 1 SCI Unlisted real estate Paris Paris","2","491","","65.00"
"SRC316","132","17","Rodolphe 2 Paris 1 SCI Unlisted real estate Paris Paris","3","550","","2024"
"SRC316","132","18","Trinity Defense SCI Unlisted real estate Paris Paris","1","437","","80.00"
"SRC316","132","18","Trinity Defense SCI Unlisted real estate Paris Paris","2","491","","80.00"
"SRC316","132","18","Trinity Defense SCI Unlisted real estate Paris Paris","3","550","","2025"
"SRC316","132","19","AXA Lifestyle Housing SAS Unlisted real estate Paris Paris","1","437","","40.00"
"SRC316","132","19","AXA Lifestyle Housing SAS Unlisted real estate Paris Paris","2","491","","38.56"
"SRC316","132","19","AXA Lifestyle Housing SAS Unlisted real estate Paris Paris","3","550","","2025"
"SRC316","132","20","lien GmbH & Co. KG Unlisted real estate Frankfurt Berlin","1","437","","50.00"
"SRC316","132","20","lien GmbH & Co. KG Unlisted real estate Frankfurt Berlin","2","491","","50.00"
"SRC316","132","20","lien GmbH & Co. KG Unlisted real estate Frankfurt Berlin","3","550","","2012"
"SRC316","132","21","NBIM Helmut 2 GmbH & Co KG Unlisted real estate Berlin Berlin","1","437","","100.00"
"SRC316","132","21","NBIM Helmut 2 GmbH & Co KG Unlisted real estate Berlin Berlin","2","491","","100.00"
"SRC316","132","21","NBIM Helmut 2 GmbH & Co KG Unlisted real estate Berlin Berlin","3","550","","2020"
"SRC316","132","22","Sochribel GmbH Unlisted real estate Berlin Berlin","1","437","","50.00"
"SRC316","132","22","Sochribel GmbH Unlisted real estate Berlin Berlin","2","491","","50.00"
"SRC316","132","22","Sochribel GmbH Unlisted real estate Berlin Berlin","3","550","","2022"
"SRC316","132","23","Rodolphe Berlin 1 GmbH Unlisted real estate Berlin Berlin","1","437","","65.00"
"SRC316","132","23","Rodolphe Berlin 1 GmbH Unlisted real estate Berlin Berlin","2","491","","65.00"
"SRC316","132","23","Rodolphe Berlin 1 GmbH Unlisted real estate Berlin Berlin","3","550","","2023"
"SRC316","132","24","He Dreith Investor GmbH infrastructure Karlsruhe He Dreiht","1","437","","33.33"
"SRC316","132","24","He Dreith Investor GmbH infrastructure Karlsruhe He Dreiht","2","491","","16.63"
"SRC316","132","24","He Dreith Investor GmbH infrastructure Karlsruhe He Dreiht","3","550","","2023"
"SRC316","132","25","Nordseecluster A GmbH infrastructure Hamburg cluster A","1","437","","49.00"
"SRC316","132","25","Nordseecluster A GmbH infrastructure Hamburg cluster A","2","491","","49.00"
"SRC316","132","25","Nordseecluster A GmbH infrastructure Hamburg cluster A","3","550","","2025"
"SRC316","132","26","Nordseecluster B GmbH infrastructure Hamburg cluster B","1","437","","49.00"
"SRC316","132","26","Nordseecluster B GmbH infrastructure Hamburg cluster B","2","491","","49.00"
"SRC316","132","26","Nordseecluster B GmbH infrastructure Hamburg cluster B","3","550","","2025"
"SRC316","132","27","NBIM Antoine CHF S.à r.l. Unlisted real estate Luxembourg Zürich","1","437","","100.00"
"SRC316","132","27","NBIM Antoine CHF S.à r.l. Unlisted real estate Luxembourg Zürich","2","491","","100.00"
"SRC316","132","27","NBIM Antoine CHF S.à r.l. Unlisted real estate Luxembourg Zürich","3","550","","2012"
"SRC316","132","28","S.à r.l. Unlisted real estate Luxembourg cities","1","437","","50.00"
"SRC316","132","28","S.à r.l. Unlisted real estate Luxembourg cities","2","491","","50.00"
"SRC316","132","28","S.à r.l. Unlisted real estate Luxembourg cities","3","550","","2013"
"SRC316","132","29","Government Pension Fund Global Annual report 2025","3","550","","132"
"SRC316","133","1","LLC Unlisted real estate Wilmington, DE Washington","1","438","","100.00"
"SRC316","133","1","LLC Unlisted real estate Wilmington, DE Washington","2","491","","100.00"
"SRC316","133","1","LLC Unlisted real estate Wilmington, DE Washington","3","550","","2013"
"SRC316","133","2","T-C Franklin Square Venture LLC Unlisted real estate Wilmington, DE Washington","1","438","","100.00"
"SRC316","133","2","T-C Franklin Square Venture LLC Unlisted real estate Wilmington, DE Washington","2","491","","100.00"
"SRC316","133","2","T-C Franklin Square Venture LLC Unlisted real estate Wilmington, DE Washington","3","550","","2013"
"SRC316","133","3","T-C 33 Arch Street Venture LLC Unlisted real estate Wilmington, DE Boston","1","438","","100.00"
"SRC316","133","3","T-C 33 Arch Street Venture LLC Unlisted real estate Wilmington, DE Boston","2","491","","100.00"
"SRC316","133","3","T-C 33 Arch Street Venture LLC Unlisted real estate Wilmington, DE Boston","3","550","","2013"
"SRC316","133","4","No. 1 Times Square Development LLC Unlisted real estate Wilmington, DE New York","1","438","","45.00"
"SRC316","133","4","No. 1 Times Square Development LLC Unlisted real estate Wilmington, DE New York","2","491","","45.00"
"SRC316","133","4","No. 1 Times Square Development LLC Unlisted real estate Wilmington, DE New York","3","550","","2013"
"SRC316","133","5","OFC Boston LLC Unlisted real estate Wilmington, DE Boston","1","438","","47.50"
"SRC316","133","5","OFC Boston LLC Unlisted real estate Wilmington, DE Boston","2","491","","47.50"
"SRC316","133","5","OFC Boston LLC Unlisted real estate Wilmington, DE Boston","3","550","","2013"
"SRC316","133","6","425 MKT LLC Unlisted real estate Wilmington, DE San Francisco","1","438","","47.50"
"SRC316","133","6","425 MKT LLC Unlisted real estate Wilmington, DE San Francisco","2","491","","47.50"
"SRC316","133","6","425 MKT LLC Unlisted real estate Wilmington, DE San Francisco","3","550","","2013"
"SRC316","133","7","555 12th LLC Unlisted real estate Wilmington, DE Washington","1","438","","47.50"
"SRC316","133","7","555 12th LLC Unlisted real estate Wilmington, DE Washington","2","491","","47.50"
"SRC316","133","7","555 12th LLC Unlisted real estate Wilmington, DE Washington","3","550","","2013"
"SRC316","133","8","Prologis U.S. Logistics Venture LLC Unlisted real estate Wilmington, DE cities","1","438","","46.30"
"SRC316","133","8","Prologis U.S. Logistics Venture LLC Unlisted real estate Wilmington, DE cities","2","491","","44.96"
"SRC316","133","8","Prologis U.S. Logistics Venture LLC Unlisted real estate Wilmington, DE cities","3","550","","2014"
"SRC316","133","9","OBS Boston LLC Unlisted real estate Wilmington, DE Boston","1","438","","47.50"
"SRC316","133","9","OBS Boston LLC Unlisted real estate Wilmington, DE Boston","2","491","","47.50"
"SRC316","133","9","OBS Boston LLC Unlisted real estate Wilmington, DE Boston","3","550","","2014"
"SRC316","133","10","100 Federal JV LLC Unlisted real estate Wilmington, DE Boston","1","438","","45.00"
"SRC316","133","10","100 Federal JV LLC Unlisted real estate Wilmington, DE Boston","2","491","","45.00"
"SRC316","133","10","100 Federal JV LLC Unlisted real estate Wilmington, DE Boston","3","550","","2014"
"SRC316","133","11","Atlantic Wharf JV LLC Unlisted real estate Wilmington, DE Boston","1","438","","45.00"
"SRC316","133","11","Atlantic Wharf JV LLC Unlisted real estate Wilmington, DE Boston","2","491","","45.00"
"SRC316","133","11","Atlantic Wharf JV LLC Unlisted real estate Wilmington, DE Boston","3","550","","2014"
"SRC316","133","12","BP/CG Center MM LLC Unlisted real estate Wilmington, DE New York","1","438","","45.00"
"SRC316","133","12","BP/CG Center MM LLC Unlisted real estate Wilmington, DE New York","2","491","","45.00"
"SRC316","133","12","BP/CG Center MM LLC Unlisted real estate Wilmington, DE New York","3","550","","2014"
"SRC316","133","13","T-C 2 Herald Square Venture LLC Unlisted real estate Wilmington, DE New York","1","438","","49.90"
"SRC316","133","13","T-C 2 Herald Square Venture LLC Unlisted real estate Wilmington, DE New York","2","491","","49.90"
"SRC316","133","13","T-C 2 Herald Square Venture LLC Unlisted real estate Wilmington, DE New York","3","550","","2014"
"SRC316","133","14","T-C 800 17th Street NW Venture LP Unlisted real estate Wilmington, DE Washington","1","438","","100.00"
"SRC316","133","14","T-C 800 17th Street NW Venture LP Unlisted real estate Wilmington, DE Washington","2","491","","100.00"
"SRC316","133","14","T-C 800 17th Street NW Venture LP Unlisted real estate Wilmington, DE Washington","3","550","","2014"
"SRC316","133","15","T-C Foundry Sq II Venture LLC Unlisted real estate Wilmington, DE San Francisco","1","438","","100.00"
"SRC316","133","15","T-C Foundry Sq II Venture LLC Unlisted real estate Wilmington, DE San Francisco","2","491","","100.00"
"SRC316","133","15","T-C Foundry Sq II Venture LLC Unlisted real estate Wilmington, DE San Francisco","3","550","","2014"
"SRC316","133","16","T-C Hall of States Venture LLC Unlisted real estate Wilmington, DE Washington","1","438","","49.90"
"SRC316","133","16","T-C Hall of States Venture LLC Unlisted real estate Wilmington, DE Washington","2","491","","49.90"
"SRC316","133","16","T-C Hall of States Venture LLC Unlisted real estate Wilmington, DE Washington","3","550","","2014"
"SRC316","133","17","SJP TS JV LLC Unlisted real estate Wilmington, DE New York","1","438","","45.00"
"SRC316","133","17","SJP TS JV LLC Unlisted real estate Wilmington, DE New York","2","491","","45.00"
"SRC316","133","17","SJP TS JV LLC Unlisted real estate Wilmington, DE New York","3","550","","2015"
"SRC316","133","18","T-C Republic Square Venture LLC Unlisted real estate Wilmington, DE Washington","1","438","","100.00"
"SRC316","133","18","T-C Republic Square Venture LLC Unlisted real estate Wilmington, DE Washington","2","491","","100.00"
"SRC316","133","18","T-C Republic Square Venture LLC Unlisted real estate Wilmington, DE Washington","3","550","","2015"
"SRC316","133","19","T-C 888 Brannan Venture LLC Unlisted real estate Wilmington, DE San Francisco","1","438","","100.00"
"SRC316","133","19","T-C 888 Brannan Venture LLC Unlisted real estate Wilmington, DE San Francisco","2","491","","100.00"
"SRC316","133","19","T-C 888 Brannan Venture LLC Unlisted real estate Wilmington, DE San Francisco","3","550","","2015"
"SRC316","133","20","Hudson Square Properties LLC Unlisted real estate Wilmington, DE New York","1","438","","48.00"
"SRC316","133","20","Hudson Square Properties LLC Unlisted real estate Wilmington, DE New York","2","491","","48.00"
"SRC316","133","20","Hudson Square Properties LLC Unlisted real estate Wilmington, DE New York","3","550","","2015"
"SRC316","133","21","ConSquare LLC Unlisted real estate Wilmington, DE Washington","1","438","","47.50"
"SRC316","133","21","ConSquare LLC Unlisted real estate Wilmington, DE Washington","2","491","","47.50"
"SRC316","133","21","ConSquare LLC Unlisted real estate Wilmington, DE Washington","3","550","","2016"
"SRC316","133","22","100 First Street Member LLC Unlisted real estate Wilmington, DE San Francisco","1","438","","44.00"
"SRC316","133","22","100 First Street Member LLC Unlisted real estate Wilmington, DE San Francisco","2","491","","44.00"
"SRC316","133","22","100 First Street Member LLC Unlisted real estate Wilmington, DE San Francisco","3","550","","2016"
"SRC316","133","23","303 Second Street Member LLC Unlisted real estate Wilmington, DE San Francisco","1","438","","44.00"
"SRC316","133","23","303 Second Street Member LLC Unlisted real estate Wilmington, DE San Francisco","2","491","","44.00"
"SRC316","133","23","303 Second Street Member LLC Unlisted real estate Wilmington, DE San Francisco","3","550","","2016"
"SRC316","133","24","(DE) LP Unlisted real estate Wilmington, DE Washington","1","438","","49.00"
"SRC316","133","24","(DE) LP Unlisted real estate Wilmington, DE Washington","2","491","","49.00"
"SRC316","133","24","(DE) LP Unlisted real estate Wilmington, DE Washington","3","550","","2017"
"SRC316","133","25","LP Unlisted real estate Wilmington, DE Washington","1","438","","49.00"
"SRC316","133","25","LP Unlisted real estate Wilmington, DE Washington","2","491","","49.00"
"SRC316","133","25","LP Unlisted real estate Wilmington, DE Washington","3","550","","2017"
"SRC316","133","26","375 HSP LLC Unlisted real estate Wilmington, DE New York","1","438","","48.00"
"SRC316","133","26","375 HSP LLC Unlisted real estate Wilmington, DE New York","2","491","","48.00"
"SRC316","133","26","375 HSP LLC Unlisted real estate Wilmington, DE New York","3","550","","2017"
"SRC316","133","27","T-C 501 Boylston Venture LP Unlisted real estate Wilmington, DE Boston","1","438","","100.00"
"SRC316","133","27","T-C 501 Boylston Venture LP Unlisted real estate Wilmington, DE Boston","2","491","","100.00"
"SRC316","133","27","T-C 501 Boylston Venture LP Unlisted real estate Wilmington, DE Boston","3","550","","2018"
"SRC316","133","28","SVF Seaport JV LLC Unlisted real estate Wilmington, DE Boston","1","438","","45.00"
"SRC316","133","28","SVF Seaport JV LLC Unlisted real estate Wilmington, DE Boston","2","491","","45.00"
"SRC316","133","28","SVF Seaport JV LLC Unlisted real estate Wilmington, DE Boston","3","550","","2018"
"SRC316","133","29","OMD Venture LLC Unlisted real estate Wilmington, DE Boston","1","438","","47.50"
"SRC316","133","29","OMD Venture LLC Unlisted real estate Wilmington, DE Boston","2","491","","47.50"
"SRC316","133","29","OMD Venture LLC Unlisted real estate Wilmington, DE Boston","3","550","","2021"
"SRC316","133","30","ARE-MA Region No. 102 JV LLC Unlisted real estate Wilmington, DE Boston","1","438","","41.00"
"SRC316","133","30","ARE-MA Region No. 102 JV LLC Unlisted real estate Wilmington, DE Boston","2","491","","41.00"
"SRC316","133","30","ARE-MA Region No. 102 JV LLC Unlisted real estate Wilmington, DE Boston","3","550","","2021"
"SRC316","133","31","300 Binney JV LLC Unlisted real estate Wilmington, DE Boston","1","438","","45.00"
"SRC316","133","31","300 Binney JV LLC Unlisted real estate Wilmington, DE Boston","2","491","","45.00"
"SRC316","133","31","300 Binney JV LLC Unlisted real estate Wilmington, DE Boston","3","550","","2023"
"SRC316","133","32","290 Binney JV LLC Unlisted real estate Wilmington, DE Boston","1","438","","45.00"
"SRC316","133","32","290 Binney JV LLC Unlisted real estate Wilmington, DE Boston","2","491","","45.00"
"SRC316","133","32","290 Binney JV LLC Unlisted real estate Wilmington, DE Boston","3","550","","2024"
"SRC316","133","33","Sand Hill Commons Holdings LLC Unlisted real estate Wilmington, DE San Francisco","1","438","","97.74"
"SRC316","133","33","Sand Hill Commons Holdings LLC Unlisted real estate Wilmington, DE San Francisco","2","491","","97.74"
"SRC316","133","33","Sand Hill Commons Holdings LLC Unlisted real estate Wilmington, DE San Francisco","3","550","","2024"
"SRC316","133","34","LP Unlisted real estate Wilmington, DE cities","1","438","","45.00"
"SRC316","133","34","LP Unlisted real estate Wilmington, DE cities","2","491","","45.00"
"SRC316","133","34","LP Unlisted real estate Wilmington, DE cities","3","550","","2025"
"SRC316","133","35","Government Pension Fund Global Annual report 2025","3","550","","133"
"SRC316","134","1","Blackstone Americas Logistics L.P. real estate, fund Wilmington, DE cities","1","437","","49.89"
"SRC316","134","1","Blackstone Americas Logistics L.P. real estate, fund Wilmington, DE cities","3","549","","2025"
"SRC316","134","2","Brookfield Global Transition Fund II infrastructure, fund Wilmington, DE countries","1","437","","8.36"
"SRC316","134","2","Brookfield Global Transition Fund II infrastructure, fund Wilmington, DE countries","3","549","","2025"
"SRC316","134","3","1177 JV L.P. Unlisted real estate Wilmington, DE New York","1","437","","95.00"
"SRC316","134","3","1177 JV L.P. Unlisted real estate Wilmington, DE New York","2","491","","95.00"
"SRC316","134","3","1177 JV L.P. Unlisted real estate Wilmington, DE New York","3","549","","2025"
"SRC316","134","4","TMK Tokyo TN1 Unlisted real estate Tokyo Tokyo","1","437","","70.00"
"SRC316","134","4","TMK Tokyo TN1 Unlisted real estate Tokyo Tokyo","2","491","","70.00"
"SRC316","134","4","TMK Tokyo TN1 Unlisted real estate Tokyo Tokyo","3","549","","2017"
"SRC316","134","5","Tokyo MN1 TMK Unlisted real estate Tokyo Tokyo","1","437","","100.00"
"SRC316","134","5","Tokyo MN1 TMK Unlisted real estate Tokyo Tokyo","2","491","","39.90"
"SRC316","134","5","Tokyo MN1 TMK Unlisted real estate Tokyo Tokyo","3","549","","2020"
"SRC316","134","6","Borssele Wind Farm C.V. infrastructure Haag Borssele 1&2","1","437","","50.00"
"SRC316","134","6","Borssele Wind Farm C.V. infrastructure Haag Borssele 1&2","2","491","","50.00"
"SRC316","134","6","Borssele Wind Farm C.V. infrastructure Haag Borssele 1&2","3","549","","2021"
"SRC316","134","7","Energías Renovables Romeo, S.L infrastructure Madrid locations","1","437","","49.00"
"SRC316","134","7","Energías Renovables Romeo, S.L infrastructure Madrid locations","2","491","","49.00"
"SRC316","134","7","Energías Renovables Romeo, S.L infrastructure Madrid locations","3","549","","2023"
"SRC316","134","8","Thor Wind JV K/S infrastructure Copenhagen Thor","1","437","","49.00"
"SRC316","134","8","Thor Wind JV K/S infrastructure Copenhagen Thor","2","491","","49.00"
"SRC316","134","8","Thor Wind JV K/S infrastructure Copenhagen Thor","3","549","","2025"
"SRC316","134","9","NBRE Management Japan Advisors K.K. Unlisted real estate Tokyo N/A","1","437","","100.00"
"SRC316","134","9","NBRE Management Japan Advisors K.K. Unlisted real estate Tokyo N/A","3","549","","2015"
"SRC316","134","10","NBRE Management Europe Limited Unlisted real estate London N/A","1","437","","100.00"
"SRC316","134","10","NBRE Management Europe Limited Unlisted real estate London N/A","3","549","","2016"
"SRC316","134","11","Government Pension Fund Global Annual report 2025","3","549","","134"
"SRC316","135","1","Net balance Norges Bank's foreign exchange reserves1","1","460","","299"
"SRC316","135","1","Net balance Norges Bank's foreign exchange reserves1","2","545","","301"
"SRC316","135","2","Unsettled inflow krone account1","1","460","","303"
"SRC316","135","3","Accrued income from secured lending","1","460","","1 315"
"SRC316","135","3","Accrued income from secured lending","2","545","","1 289"
"SRC316","135","4","Other","1","460","","247"
"SRC316","135","4","Other","2","545","","100"
"SRC316","135","5","Other assets","1","460","","2 165"
"SRC316","135","5","Other assets","2","545","","1 690"
"SRC316","135","6","Tax payable","1","460","","30"
"SRC316","135","6","Tax payable","2","545","","40"
"SRC316","135","7","Other","1","460","","164"
"SRC316","135","7","Other","2","545","","107"
"SRC316","135","8","Other liabilities","1","460","","194"
"SRC316","135","8","Other liabilities","2","545","","147"
"SRC316","135","9","Government Pension Fund Global Annual report 2025","2","545","","135"
"SRC316","136","1","valued based on models which use directly or indirectly observable","3","473","","2"
"SRC316","136","2","Investments classified in level 1 and 2 of the fair value hierarchy as","1","322","","31"
"SRC316","136","2","Investments classified in level 1 and 2 of the fair value hierarchy as","2","448","","20"
"SRC316","136","2","Investments classified in level 1 and 2 of the fair value hierarchy as","3","473","","851 581"
"SRC316","136","3","therefore have a higher inherent risk of misstatement. As of 31 December,","3","473","","434 584"
"SRC316","136","4","the measurement at fair value with occasional use of judgments and","2","448","","1, 2"
"SRC316","136","4","the measurement at fair value with occasional use of judgments and","3","473","","3"
"SRC316","136","5","The investments measured at fair value are disclosed in note 8 and","1","322","","5"
