"file_id","source_page","row_index","source_row_label","column_index","column_x","source_column_label","value_raw"
"SRC182","2","1","Retirement Trust $","1","291","Assets","11,531,577,424"
"SRC182","2","1","Retirement Trust $","2","388","(1)","860,983,431"
"SRC182","2","1","Retirement Trust $","4","562","Assets","1 1,944,532,267"
"SRC182","2","1","Retirement Trust $","5","638","Invested Assets","3.58%"
"SRC182","2","1","Retirement Trust $","6","709","Income (2)","7.61%"
"SRC182","2","2","Retirement Health Care Trust","1","291","Assets","9,442,801,171"
"SRC182","2","2","Retirement Health Care Trust","2","388","(1)","6 97,251,276"
"SRC182","2","2","Retirement Health Care Trust","3","475","(Withdrawals)","438,170,371)"
"SRC182","2","2","Retirement Health Care Trust","4","562","Assets","9 ,701,882,076"
"SRC182","2","2","Retirement Health Care Trust","5","638","Invested Assets","2.74%"
"SRC182","2","2","Retirement Health Care Trust","6","709","Income (2)","7.56%"
"SRC182","2","3","Total Defined Benefit Plans","1","291","Assets","20,974,378,595"
"SRC182","2","3","Total Defined Benefit Plans","2","388","(1)","1 ,558,234,707"
"SRC182","2","3","Total Defined Benefit Plans","3","475","(Withdrawals)","886,198,959)"
"SRC182","2","3","Total Defined Benefit Plans","4","562","Assets","2 1,646,414,343"
"SRC182","2","3","Total Defined Benefit Plans","5","638","Invested Assets","3.20%"
"SRC182","2","3","Total Defined Benefit Plans","6","709","Income (2)","7.59%"
"SRC182","2","4","Participant Directed Retirement","1","291","Assets","2,584,018,637"
"SRC182","2","4","Participant Directed Retirement","2","388","(1)","2 42,361,459"
"SRC182","2","4","Participant Directed Retirement","3","475","(Withdrawals)","1 22,245,908"
"SRC182","2","4","Participant Directed Retirement","4","562","Assets","2 ,948,626,003"
"SRC182","2","4","Participant Directed Retirement","5","638","Invested Assets","14.11%"
"SRC182","2","4","Participant Directed Retirement","6","709","Income (2)","9.16%"
"SRC182","2","5","Health Reimbursement Arrangement","1","291","Assets","913,437,981"
"SRC182","2","5","Health Reimbursement Arrangement","2","388","(1)","7 0,884,911"
"SRC182","2","5","Health Reimbursement Arrangement","3","475","(Withdrawals)","5 5,300,892"
"SRC182","2","5","Health Reimbursement Arrangement","4","562","Assets","1 ,039,623,784"
"SRC182","2","5","Health Reimbursement Arrangement","5","638","Invested Assets","13.81%"
"SRC182","2","5","Health Reimbursement Arrangement","6","709","Income (2)","7.53%"
"SRC182","2","6","Retiree Medical Plan","1","291","Assets","281,583,085"
"SRC182","2","6","Retiree Medical Plan","2","388","(1)","2 1,817,823"
"SRC182","2","6","Retiree Medical Plan","3","475","(Withdrawals)","1 5,947,680"
"SRC182","2","6","Retiree Medical Plan","4","562","Assets","3 19,348,588"
"SRC182","2","6","Retiree Medical Plan","5","638","Invested Assets","13.41%"
"SRC182","2","6","Retiree Medical Plan","6","709","Income (2)","7.53%"
"SRC182","2","7","Public Employees","1","291","Assets","59,645,229"
"SRC182","2","7","Public Employees","2","388","(1)","4 ,633,376"
"SRC182","2","7","Public Employees","3","475","(Withdrawals)","3 ,734,542"
"SRC182","2","7","Public Employees","4","562","Assets","6 8,013,147"
"SRC182","2","7","Public Employees","5","638","Invested Assets","14.03%"
"SRC182","2","7","Public Employees","6","709","Income (2)","7.53%"
"SRC182","2","8","Police and Firefighters","1","291","Assets","24,215,940"
"SRC182","2","8","Police and Firefighters","2","388","(1)","1 ,880,267"
"SRC182","2","8","Police and Firefighters","3","475","(Withdrawals)","1 ,449,539"
"SRC182","2","8","Police and Firefighters","4","562","Assets","2 7,545,746"
"SRC182","2","8","Police and Firefighters","5","638","Invested Assets","13.75%"
"SRC182","2","8","Police and Firefighters","6","709","Income (2)","7.54%"
"SRC182","2","9","Total Defined Contribution Plans","1","291","Assets","3,862,900,872"
"SRC182","2","9","Total Defined Contribution Plans","2","388","(1)","3 41,577,836"
"SRC182","2","9","Total Defined Contribution Plans","3","475","(Withdrawals)","1 98,678,561"
"SRC182","2","9","Total Defined Contribution Plans","4","562","Assets","4 ,403,157,268"
"SRC182","2","9","Total Defined Contribution Plans","5","638","Invested Assets","13.99%"
"SRC182","2","9","Total Defined Contribution Plans","6","709","Income (2)","8.62%"
"SRC182","2","10","Total PERS","1","291","Assets","24,837,279,467"
"SRC182","2","10","Total PERS","2","388","(1)","1 ,899,812,543"
"SRC182","2","10","Total PERS","3","475","(Withdrawals)","687,520,398)"
"SRC182","2","10","Total PERS","4","562","Assets","2 6,049,571,611"
"SRC182","2","10","Total PERS","5","638","Invested Assets","4.88%"
"SRC182","2","10","Total PERS","6","709","Income (2)","7.76%"
"SRC182","2","11","Retirement Trust","1","291","Assets","6,211,793,362"
"SRC182","2","11","Retirement Trust","2","388","(1)","4 62,964,800"
"SRC182","2","11","Retirement Trust","3","475","(Withdrawals)","358,674,315)"
"SRC182","2","11","Retirement Trust","4","562","Assets","6 ,316,083,847"
"SRC182","2","11","Retirement Trust","5","638","Invested Assets","1.68%"
"SRC182","2","11","Retirement Trust","6","709","Income (2)","7.67%"
"SRC182","2","12","Retirement Health Care Trust","1","291","Assets","3,678,195,510"
"SRC182","2","12","Retirement Health Care Trust","2","388","(1)","2 72,823,345"
"SRC182","2","12","Retirement Health Care Trust","3","475","(Withdrawals)","141,673,134)"
"SRC182","2","12","Retirement Health Care Trust","4","562","Assets","3 ,809,345,721"
"SRC182","2","12","Retirement Health Care Trust","5","638","Invested Assets","3.57%"
"SRC182","2","12","Retirement Health Care Trust","6","709","Income (2)","7.56%"
"SRC182","2","13","Total Defined Benefit Plans","1","291","Assets","9,889,988,872"
"SRC182","2","13","Total Defined Benefit Plans","2","388","(1)","7 35,788,145"
"SRC182","2","13","Total Defined Benefit Plans","3","475","(Withdrawals)","500,347,449)"
"SRC182","2","13","Total Defined Benefit Plans","4","562","Assets","1 0,125,429,568"
"SRC182","2","13","Total Defined Benefit Plans","5","638","Invested Assets","2.38%"
"SRC182","2","13","Total Defined Benefit Plans","6","709","Income (2)","7.63%"
"SRC182","2","14","Participant Directed Retirement","1","291","Assets","1,060,971,402"
"SRC182","2","14","Participant Directed Retirement","2","388","(1)","99,791,868"
"SRC182","2","14","Participant Directed Retirement","3","475","(Withdrawals)","2 1,973,832"
"SRC182","2","14","Participant Directed Retirement","4","562","Assets","1 ,182,737,102"
"SRC182","2","14","Participant Directed Retirement","5","638","Invested Assets","11.48%"
"SRC182","2","14","Participant Directed Retirement","6","709","Income (2)","9.31%"
"SRC182","2","15","Health Reimbursement Arrangement","1","291","Assets","265,907,968"
"SRC182","2","15","Health Reimbursement Arrangement","2","388","(1)","2 0,527,983"
"SRC182","2","15","Health Reimbursement Arrangement","3","475","(Withdrawals)","1 3,110,611"
"SRC182","2","15","Health Reimbursement Arrangement","4","562","Assets","2 99,546,562"
"SRC182","2","15","Health Reimbursement Arrangement","5","638","Invested Assets","12.65%"
"SRC182","2","15","Health Reimbursement Arrangement","6","709","Income (2)","7.53%"
"SRC182","2","16","Retiree Medical Plan","1","291","Assets","87,163,492"
"SRC182","2","16","Retiree Medical Plan","2","388","(1)","6 ,701,348"
"SRC182","2","16","Retiree Medical Plan","3","475","(Withdrawals)","3 ,289,408"
"SRC182","2","16","Retiree Medical Plan","4","562","Assets","9 7,154,248"
"SRC182","2","16","Retiree Medical Plan","5","638","Invested Assets","11.46%"
"SRC182","2","16","Retiree Medical Plan","6","709","Income (2)","7.55%"
"SRC182","2","17","Defined Benefit Occupational Death and Disability","1","291","Assets","8,475,622"
"SRC182","2","17","Defined Benefit Occupational Death and Disability","2","388","(1)","6 52,495"
"SRC182","2","17","Defined Benefit Occupational Death and Disability","3","475","(Withdrawals)","3 53,555"
"SRC182","2","17","Defined Benefit Occupational Death and Disability","4","562","Assets","9 ,481,672"
"SRC182","2","17","Defined Benefit Occupational Death and Disability","5","638","Invested Assets","11.87%"
"SRC182","2","17","Defined Benefit Occupational Death and Disability","6","709","Income (2)","7.54%"
"SRC182","2","18","Total Defined Contribution Plans","1","291","Assets","1,422,518,484"
"SRC182","2","18","Total Defined Contribution Plans","2","388","(1)","127,673,694"
"SRC182","2","18","Total Defined Contribution Plans","3","475","(Withdrawals)","38,727,406"
"SRC182","2","18","Total Defined Contribution Plans","4","562","Assets","1,588,919,584"
"SRC182","2","18","Total Defined Contribution Plans","5","638","Invested Assets","11.70%"
"SRC182","2","18","Total Defined Contribution Plans","6","709","Income (2)","8.85%"
"SRC182","2","19","Total TRS","1","291","Assets","1 1,312,507,356"
"SRC182","2","19","Total TRS","2","388","(1)","8 63,461,839"
"SRC182","2","19","Total TRS","3","475","(Withdrawals)","461,620,043)"
"SRC182","2","19","Total TRS","4","562","Assets","1 1,714,349,152"
"SRC182","2","19","Total TRS","5","638","Invested Assets","3.55%"
"SRC182","2","19","Total TRS","6","709","Income (2)","7.79%"
"SRC182","2","20","Defined Benefit Plan Retirement Trust","1","291","Assets","253,107,183"
"SRC182","2","20","Defined Benefit Plan Retirement Trust","2","388","(1)","1 8,823,515"
"SRC182","2","20","Defined Benefit Plan Retirement Trust","3","475","(Withdrawals)","10,562,575)"
"SRC182","2","20","Defined Benefit Plan Retirement Trust","4","562","Assets","2 61,368,123"
"SRC182","2","20","Defined Benefit Plan Retirement Trust","5","638","Invested Assets","3.26%"
"SRC182","2","20","Defined Benefit Plan Retirement Trust","6","709","Income (2)","7.60%"
"SRC182","2","21","Defined Benefit Retirement Health Care Trust","1","291","Assets","46,447,957"
"SRC182","2","21","Defined Benefit Retirement Health Care Trust","2","388","(1)","3 ,501,534"
"SRC182","2","21","Defined Benefit Retirement Health Care Trust","3","475","(Withdrawals)","205,863)"
"SRC182","2","21","Defined Benefit Retirement Health Care Trust","4","562","Assets","4 9,743,628"
"SRC182","2","21","Defined Benefit Retirement Health Care Trust","5","638","Invested Assets","7.10%"
"SRC182","2","21","Defined Benefit Retirement Health Care Trust","6","709","Income (2)","7.56%"
"SRC182","2","22","Total JRS","1","291","Assets","2 99,555,140"
"SRC182","2","22","Total JRS","2","388","(1)","2 2,325,049"
"SRC182","2","22","Total JRS","3","475","(Withdrawals)","10,768,438)"
"SRC182","2","22","Total JRS","4","562","Assets","3 11,111,751"
"SRC182","2","22","Total JRS","5","638","Invested Assets","3.86%"
"SRC182","2","22","Total JRS","6","709","Income (2)","7.59%"
"SRC182","2","23","Defined Benefit Plan Retirement Trust","1","291","Assets","45,063,150"
"SRC182","2","23","Defined Benefit Plan Retirement Trust","2","388","(1)","2 ,728,000"
"SRC182","2","23","Defined Benefit Plan Retirement Trust","3","475","(Withdrawals)","2,094,155)"
"SRC182","2","23","Defined Benefit Plan Retirement Trust","4","562","Assets","4 5,696,995"
"SRC182","2","23","Defined Benefit Plan Retirement Trust","5","638","Invested Assets","1.41%"
"SRC182","2","23","Defined Benefit Plan Retirement Trust","6","709","Income (2)","6.20%"
"SRC182","2","24","Supplemental Annuity Plan","1","291","Assets","5,190,615,429"
"SRC182","2","24","Supplemental Annuity Plan","2","388","(1)","4 11,667,361"
"SRC182","2","24","Supplemental Annuity Plan","3","475","(Withdrawals)","210,720,121)"
"SRC182","2","24","Supplemental Annuity Plan","4","562","Assets","5 ,391,562,669"
"SRC182","2","24","Supplemental Annuity Plan","5","638","Invested Assets","3.87%"
"SRC182","2","24","Supplemental Annuity Plan","6","709","Income (2)","8.10%"
"SRC182","2","25","Deferred Compensation Plan","1","291","Assets","1,216,163,563"
"SRC182","2","25","Deferred Compensation Plan","2","388","(1)","93,850,712"
"SRC182","2","25","Deferred Compensation Plan","3","475","(Withdrawals)","68,109,535)"
"SRC182","2","25","Deferred Compensation Plan","4","562","Assets","1 ,241,904,740"
"SRC182","2","25","Deferred Compensation Plan","5","638","Invested Assets","2.12%"
"SRC182","2","25","Deferred Compensation Plan","6","709","Income (2)","7.94%"
"SRC182","2","26","Total All Funds","1","291","Assets","4 2,901,184,104"
"SRC182","2","26","Total All Funds","2","388","(1)","3 ,293,845,505"
"SRC182","2","26","Total All Funds","3","475","(Withdrawals)","1,440,832,690)"
"SRC182","2","26","Total All Funds","4","562","Assets","4 4,754,196,918"
"SRC182","2","27","Total Non-Participant Directed","1","291","Assets","32,849,415,073"
"SRC182","2","27","Total Non-Participant Directed","2","388","(1)","2 ,446,174,105"
"SRC182","2","27","Total Non-Participant Directed","3","475","(Withdrawals)","(1,306,222,774)"
"SRC182","2","27","Total Non-Participant Directed","4","562","Assets","3 3,989,366,404"
"SRC182","2","27","Total Non-Participant Directed","5","638","Invested Assets","3.47%"
"SRC182","2","27","Total Non-Participant Directed","6","709","Income (2)","7.60%"
"SRC182","2","28","Total Participant Directed","1","291","Assets","10,051,769,031"
"SRC182","2","28","Total Participant Directed","2","388","(1)","8 47,671,400"
"SRC182","2","28","Total Participant Directed","3","475","(Withdrawals)","134,609,916)"
"SRC182","2","28","Total Participant Directed","4","562","Assets","1 0,764,830,514"
"SRC182","2","28","Total Participant Directed","5","638","Invested Assets","7.09%"
"SRC182","2","28","Total Participant Directed","6","709","Income (2)","8.49%"
"SRC182","2","29","Total All Funds $","1","291","Assets","4 2,901,184,104"
"SRC182","2","29","Total All Funds $","2","388","(1)","3,293,845,505"
"SRC182","2","29","Total All Funds $","4","562","Assets","4 4,754,196,918"
"SRC182","2","29","Total All Funds $","5","638","Invested Assets","4.32%"
"SRC182","2","29","Total All Funds $","6","709","Income (2)","7.81%"
"SRC182","3","1","Retirement Trust $","1","291","Assets","11,703,208,258"
"SRC182","3","1","Retirement Trust $","2","388","(1)","284,126,916"
"SRC182","3","1","Retirement Trust $","4","562","Assets","1 1,944,532,267"
"SRC182","3","1","Retirement Trust $","5","638","Invested Assets","2.06%"
"SRC182","3","1","Retirement Trust $","6","709","Income (2)","2.43%"
"SRC182","3","2","Retirement Health Care Trust","1","291","Assets","9,492,717,959"
"SRC182","3","2","Retirement Health Care Trust","2","388","(1)","2 30,409,819"
"SRC182","3","2","Retirement Health Care Trust","3","480","(Withdrawals)","21,245,702)"
"SRC182","3","2","Retirement Health Care Trust","4","562","Assets","9 ,701,882,076"
"SRC182","3","2","Retirement Health Care Trust","5","638","Invested Assets","2.20%"
"SRC182","3","2","Retirement Health Care Trust","6","709","Income (2)","2.43%"
"SRC182","3","3","Total Defined Benefit Plans","1","291","Assets","21,195,926,217"
"SRC182","3","3","Total Defined Benefit Plans","2","388","(1)","5 14,536,735"
"SRC182","3","3","Total Defined Benefit Plans","3","480","(Withdrawals)","64,048,609)"
"SRC182","3","3","Total Defined Benefit Plans","4","562","Assets","2 1,646,414,343"
"SRC182","3","3","Total Defined Benefit Plans","5","638","Invested Assets","2.13%"
"SRC182","3","3","Total Defined Benefit Plans","6","709","Income (2)","2.43%"
"SRC182","3","4","Participant Directed Retirement","1","291","Assets","2,814,865,711"
"SRC182","3","4","Participant Directed Retirement","2","388","(1)","1 17,366,784"
"SRC182","3","4","Participant Directed Retirement","3","480","(Withdrawals)","1 6,393,508"
"SRC182","3","4","Participant Directed Retirement","4","562","Assets","2 ,948,626,003"
"SRC182","3","4","Participant Directed Retirement","5","638","Invested Assets","4.75%"
"SRC182","3","4","Participant Directed Retirement","6","709","Income (2)","4.16%"
"SRC182","3","5","Health Reimbursement Arrangement","1","291","Assets","1,009,212,397"
"SRC182","3","5","Health Reimbursement Arrangement","2","388","(1)","24,532,664"
"SRC182","3","5","Health Reimbursement Arrangement","3","480","(Withdrawals)","5 ,878,723"
"SRC182","3","5","Health Reimbursement Arrangement","4","562","Assets","1 ,039,623,784"
"SRC182","3","5","Health Reimbursement Arrangement","5","638","Invested Assets","3.01%"
"SRC182","3","5","Health Reimbursement Arrangement","6","709","Income (2)","2.42%"
"SRC182","3","6","Retiree Medical Plan","1","291","Assets","310,182,591"
"SRC182","3","6","Retiree Medical Plan","2","388","(1)","7 ,538,540"
"SRC182","3","6","Retiree Medical Plan","3","480","(Withdrawals)","1 ,627,457"
"SRC182","3","6","Retiree Medical Plan","4","562","Assets","3 19,348,588"
"SRC182","3","6","Retiree Medical Plan","5","638","Invested Assets","2.96%"
"SRC182","3","6","Retiree Medical Plan","6","709","Income (2)","2.42%"
"SRC182","3","7","Public Employees","1","291","Assets","66,014,385"
"SRC182","3","7","Public Employees","2","388","(1)","1 ,604,552"
"SRC182","3","7","Public Employees","3","480","(Withdrawals)","3 94,210"
"SRC182","3","7","Public Employees","4","562","Assets","6 8,013,147"
"SRC182","3","7","Public Employees","5","638","Invested Assets","3.03%"
"SRC182","3","7","Public Employees","6","709","Income (2)","2.42%"
"SRC182","3","8","Police and Firefighters","1","291","Assets","26,768,954"
"SRC182","3","8","Police and Firefighters","2","388","(1)","6 50,576"
"SRC182","3","8","Police and Firefighters","3","480","(Withdrawals)","1 26,216"
"SRC182","3","8","Police and Firefighters","4","562","Assets","2 7,545,746"
"SRC182","3","8","Police and Firefighters","5","638","Invested Assets","2.90%"
"SRC182","3","8","Police and Firefighters","6","709","Income (2)","2.42%"
"SRC182","3","9","Total Defined Contribution Plans","1","291","Assets","4,227,044,038"
"SRC182","3","9","Total Defined Contribution Plans","2","388","(1)","1 51,693,116"
"SRC182","3","9","Total Defined Contribution Plans","3","480","(Withdrawals)","2 4,420,114"
"SRC182","3","9","Total Defined Contribution Plans","4","562","Assets","4 ,403,157,268"
"SRC182","3","9","Total Defined Contribution Plans","5","638","Invested Assets","4.17%"
"SRC182","3","9","Total Defined Contribution Plans","6","709","Income (2)","3.58%"
"SRC182","3","10","Total PERS","1","291","Assets","25,422,970,255"
"SRC182","3","10","Total PERS","2","388","(1)","6 66,229,851"
"SRC182","3","10","Total PERS","3","480","(Withdrawals)","39,628,495)"
"SRC182","3","10","Total PERS","4","562","Assets","2 6,049,571,611"
"SRC182","3","10","Total PERS","5","638","Invested Assets","2.46%"
"SRC182","3","10","Total PERS","6","709","Income (2)","2.62%"
"SRC182","3","11","Retirement Trust","1","291","Assets","6,204,886,798"
"SRC182","3","11","Retirement Trust","2","388","(1)","1 50,745,701"
"SRC182","3","11","Retirement Trust","3","480","(Withdrawals)","39,548,652)"
"SRC182","3","11","Retirement Trust","4","562","Assets","6 ,316,083,847"
"SRC182","3","11","Retirement Trust","5","638","Invested Assets","1.79%"
"SRC182","3","11","Retirement Trust","6","709","Income (2)","2.44%"
"SRC182","3","12","Retirement Health Care Trust","1","291","Assets","3,728,566,866"
"SRC182","3","12","Retirement Health Care Trust","2","388","(1)","90,514,621"
"SRC182","3","12","Retirement Health Care Trust","3","480","(Withdrawals)","(9,735,766)"
"SRC182","3","12","Retirement Health Care Trust","4","562","Assets","3 ,809,345,721"
"SRC182","3","12","Retirement Health Care Trust","5","638","Invested Assets","2.17%"
"SRC182","3","12","Retirement Health Care Trust","6","709","Income (2)","2.43%"
"SRC182","3","13","Total Defined Benefit Plans","1","291","Assets","9,933,453,664"
"SRC182","3","13","Total Defined Benefit Plans","2","388","(1)","2 41,260,322"
"SRC182","3","13","Total Defined Benefit Plans","3","480","(Withdrawals)","49,284,418)"
"SRC182","3","13","Total Defined Benefit Plans","4","562","Assets","1 0,125,429,568"
"SRC182","3","13","Total Defined Benefit Plans","5","638","Invested Assets","1.93%"
"SRC182","3","13","Total Defined Benefit Plans","6","709","Income (2)","2.43%"
"SRC182","3","14","Participant Directed Retirement","1","291","Assets","1,126,358,566"
"SRC182","3","14","Participant Directed Retirement","2","388","(1)","47,450,381"
"SRC182","3","14","Participant Directed Retirement","3","480","(Withdrawals)","8 ,928,155"
"SRC182","3","14","Participant Directed Retirement","4","562","Assets","1 ,182,737,102"
"SRC182","3","14","Participant Directed Retirement","5","638","Invested Assets","5.01%"
"SRC182","3","14","Participant Directed Retirement","6","709","Income (2)","4.20%"
"SRC182","3","15","Health Reimbursement Arrangement","1","291","Assets","290,172,760"
"SRC182","3","15","Health Reimbursement Arrangement","2","388","(1)","7 ,066,785"
"SRC182","3","15","Health Reimbursement Arrangement","3","480","(Withdrawals)","2 ,307,017"
"SRC182","3","15","Health Reimbursement Arrangement","4","562","Assets","2 99,546,562"
"SRC182","3","15","Health Reimbursement Arrangement","5","638","Invested Assets","3.23%"
"SRC182","3","15","Health Reimbursement Arrangement","6","709","Income (2)","2.43%"
"SRC182","3","16","Retiree Medical Plan","1","291","Assets","94,275,899"
"SRC182","3","16","Retiree Medical Plan","2","388","(1)","2 ,295,046"
"SRC182","3","16","Retiree Medical Plan","3","480","(Withdrawals)","5 83,303"
"SRC182","3","16","Retiree Medical Plan","4","562","Assets","9 7,154,248"
"SRC182","3","16","Retiree Medical Plan","5","638","Invested Assets","3.05%"
"SRC182","3","16","Retiree Medical Plan","6","709","Income (2)","2.43%"
"SRC182","3","17","Defined Benefit Occupational Death and Disability","1","291","Assets","9,192,992"
"SRC182","3","17","Defined Benefit Occupational Death and Disability","2","388","(1)","2 23,843"
"SRC182","3","17","Defined Benefit Occupational Death and Disability","3","480","(Withdrawals)","64,837"
"SRC182","3","17","Defined Benefit Occupational Death and Disability","4","562","Assets","9 ,481,672"
"SRC182","3","17","Defined Benefit Occupational Death and Disability","5","638","Invested Assets","3.14%"
"SRC182","3","17","Defined Benefit Occupational Death and Disability","6","709","Income (2)","2.43%"
"SRC182","3","18","Total Defined Contribution Plans","1","291","Assets","1,520,000,217"
"SRC182","3","18","Total Defined Contribution Plans","2","388","(1)","57,036,055"
"SRC182","3","18","Total Defined Contribution Plans","3","480","(Withdrawals)","11,883,312"
"SRC182","3","18","Total Defined Contribution Plans","4","562","Assets","1,588,919,584"
"SRC182","3","18","Total Defined Contribution Plans","5","638","Invested Assets","4.53%"
"SRC182","3","18","Total Defined Contribution Plans","6","709","Income (2)","3.74%"
"SRC182","3","19","Total TRS","1","291","Assets","1 1,453,453,881"
"SRC182","3","19","Total TRS","2","388","(1)","2 98,296,377"
"SRC182","3","19","Total TRS","3","480","(Withdrawals)","37,401,106)"
"SRC182","3","19","Total TRS","4","562","Assets","1 1,714,349,152"
"SRC182","3","19","Total TRS","5","638","Invested Assets","2.28%"
"SRC182","3","19","Total TRS","6","709","Income (2)","2.61%"
"SRC182","3","20","Defined Benefit Plan Retirement Trust","1","291","Assets","256,142,284"
"SRC182","3","20","Defined Benefit Plan Retirement Trust","2","388","(1)","6 ,220,002"
"SRC182","3","20","Defined Benefit Plan Retirement Trust","3","480","(Withdrawals)","994,163)"
"SRC182","3","20","Defined Benefit Plan Retirement Trust","4","562","Assets","2 61,368,123"
"SRC182","3","20","Defined Benefit Plan Retirement Trust","5","638","Invested Assets","2.04%"
"SRC182","3","20","Defined Benefit Plan Retirement Trust","6","709","Income (2)","2.43%"
"SRC182","3","21","Defined Benefit Retirement Health Care Trust","1","291","Assets","48,649,043"
"SRC182","3","21","Defined Benefit Retirement Health Care Trust","2","388","(1)","1 ,180,634"
"SRC182","3","21","Defined Benefit Retirement Health Care Trust","3","480","(Withdrawals)","86,049)"
"SRC182","3","21","Defined Benefit Retirement Health Care Trust","4","562","Assets","4 9,743,628"
"SRC182","3","21","Defined Benefit Retirement Health Care Trust","5","638","Invested Assets","2.25%"
"SRC182","3","21","Defined Benefit Retirement Health Care Trust","6","709","Income (2)","2.43%"
"SRC182","3","22","Total JRS","1","291","Assets","3 04,791,327"
"SRC182","3","22","Total JRS","2","388","(1)","7 ,400,636"
"SRC182","3","22","Total JRS","3","480","(Withdrawals)","(1,080,212)"
"SRC182","3","22","Total JRS","4","562","Assets","3 11,111,751"
"SRC182","3","22","Total JRS","5","638","Invested Assets","2.07%"
"SRC182","3","22","Total JRS","6","709","Income (2)","2.43%"
"SRC182","3","23","Defined Benefit Plan Retirement Trust","1","291","Assets","45,360,828"
"SRC182","3","23","Defined Benefit Plan Retirement Trust","2","388","(1)","4 54,786"
"SRC182","3","23","Defined Benefit Plan Retirement Trust","3","480","(Withdrawals)","118,619)"
"SRC182","3","23","Defined Benefit Plan Retirement Trust","4","562","Assets","4 5,696,995"
"SRC182","3","23","Defined Benefit Plan Retirement Trust","5","638","Invested Assets","0.74%"
"SRC182","3","23","Defined Benefit Plan Retirement Trust","6","709","Income (2)","1.00%"
"SRC182","3","24","Supplemental Annuity Plan","1","291","Assets","5,221,399,419"
"SRC182","3","24","Supplemental Annuity Plan","2","388","(1)","1 77,364,621"
"SRC182","3","24","Supplemental Annuity Plan","3","480","(Withdrawals)","7,201,371)"
"SRC182","3","24","Supplemental Annuity Plan","4","562","Assets","5 ,391,562,669"
"SRC182","3","24","Supplemental Annuity Plan","5","638","Invested Assets","3.26%"
"SRC182","3","24","Supplemental Annuity Plan","6","709","Income (2)","3.40%"
"SRC182","3","25","Deferred Compensation Plan","1","291","Assets","1,203,107,113"
"SRC182","3","25","Deferred Compensation Plan","2","388","(1)","45,587,054"
"SRC182","3","25","Deferred Compensation Plan","3","480","(Withdrawals)","(6,789,427)"
"SRC182","3","25","Deferred Compensation Plan","4","562","Assets","1 ,241,904,740"
"SRC182","3","25","Deferred Compensation Plan","5","638","Invested Assets","3.22%"
"SRC182","3","25","Deferred Compensation Plan","6","709","Income (2)","3.80%"
"SRC182","3","26","Total All Funds","1","291","Assets","4 3,651,082,823"
"SRC182","3","26","Total All Funds","2","388","(1)","1 ,195,333,325"
"SRC182","3","26","Total All Funds","3","480","(Withdrawals)","92,219,230)"
"SRC182","3","26","Total All Funds","4","562","Assets","4 4,754,196,918"
"SRC182","3","27","Total Non-Participant Directed","1","291","Assets","33,285,352,014"
"SRC182","3","27","Total Non-Participant Directed","2","388","(1)","8 07,564,485"
"SRC182","3","27","Total Non-Participant Directed","3","480","(Withdrawals)","103,550,095)"
"SRC182","3","27","Total Non-Participant Directed","4","562","Assets","3 3,989,366,404"
"SRC182","3","27","Total Non-Participant Directed","5","638","Invested Assets","2.12%"
"SRC182","3","27","Total Non-Participant Directed","6","709","Income (2)","2.43%"
"SRC182","3","28","Total Participant Directed","1","291","Assets","10,365,730,809"
"SRC182","3","28","Total Participant Directed","2","388","(1)","3 87,768,840"
"SRC182","3","28","Total Participant Directed","3","480","(Withdrawals)","1 1,330,865"
"SRC182","3","28","Total Participant Directed","4","562","Assets","1 0,764,830,514"
"SRC182","3","28","Total Participant Directed","5","638","Invested Assets","3.85%"
"SRC182","3","28","Total Participant Directed","6","709","Income (2)","3.74%"
"SRC182","3","29","Total All Funds $","1","291","Assets","4 3,651,082,823"
"SRC182","3","29","Total All Funds $","2","388","(1)","1,195,333,325"
"SRC182","3","29","Total All Funds $","4","562","Assets","4 4,754,196,918"
"SRC182","3","29","Total All Funds $","5","638","Invested Assets","2.53%"
"SRC182","3","29","Total All Funds $","6","709","Income (2)","2.74%"
"SRC182","5","1","$14,000","3","405","","35%"
"SRC182","5","2","$10,000","5","459","Actual Asset Allocation vs Target Allocation","22.57%"
"SRC182","5","3","$4,000","6","710","Actual Policy","13.96%"
"SRC182","6","1","snoilliM","1","86","","$9,200"
"SRC182","6","1","snoilliM","2","359","","9,442.80"
"SRC182","6","2","$10,000","3","408","","30%"
"SRC182","6","3","$6,000","3","408","","20%"
"SRC182","6","4","$4,000","3","408","","15%"
"SRC182","6","5","$2,000","3","408","","10%"
"SRC182","7","1","snoilliM","4","429","","$200"
"SRC182","7","2","$8,000","3","405","","35%"
"SRC182","7","3","$7,000","3","405","","30%"
"SRC182","7","4","$5,000","3","405","","20%"
"SRC182","7","5","$4,000","3","405","","15%"
"SRC182","7","6","$3,000","3","405","","10%"
"SRC182","8","1","snoilliM","1","79","","$2,500"
"SRC182","10","1","snoilliM","1","84","","$46"
"SRC182","10","1","snoilliM","4","431","","$2.0"
"SRC182","11","1","$60","3","405","","80%"
"SRC182","11","2","$40","5","459","Actual Asset Allocation vs Target Allocation","57.96%"
"SRC182","13","1","Short-Term Fixed Income Pool $","1","297","Invested Assets","389,032,826"
"SRC182","13","1","Short-Term Fixed Income Pool $","2","393","Investment Income","1 ,538,264"
"SRC182","13","1","Short-Term Fixed Income Pool $","3","499","(Withdrawals)","17,162,883"
"SRC182","13","1","Short-Term Fixed Income Pool $","4","582","Ending Invested Assets","407,733,973"
"SRC182","13","1","Short-Term Fixed Income Pool $","5","652","(decrease)","4.81%"
"SRC182","13","1","Short-Term Fixed Income Pool $","6","712","Income","0.39%"
"SRC182","13","2","Fidelity Institutional Asset Management","1","297","Invested Assets","1,528,306,963"
"SRC182","13","2","Fidelity Institutional Asset Management","2","393","Investment Income","(5,096,294)"
"SRC182","13","2","Fidelity Institutional Asset Management","4","582","Ending Invested Assets","1 ,523,210,669"
"SRC182","13","2","Fidelity Institutional Asset Management","5","652","(decrease)","-0.33%"
"SRC182","13","2","Fidelity Institutional Asset Management","6","712","Income","-0.33%"
"SRC182","13","3","Mackay Shields, LLC","1","297","Invested Assets","1,225,096"
"SRC182","13","3","Mackay Shields, LLC","4","582","Ending Invested Assets","1,225,096"
"SRC182","13","4","Total Opportunistic Fixed Income","1","297","Invested Assets","1,529,532,059"
"SRC182","13","4","Total Opportunistic Fixed Income","2","393","Investment Income","(5,096,294)"
"SRC182","13","4","Total Opportunistic Fixed Income","4","582","Ending Invested Assets","1,524,435,765"
"SRC182","13","4","Total Opportunistic Fixed Income","5","652","(decrease)","-0.33%"
"SRC182","13","4","Total Opportunistic Fixed Income","6","712","Income","-0.33%"
"SRC182","13","5","ARMB Barclays Agg Bond Fund","1","297","Invested Assets","5,902,640,948"
"SRC182","13","5","ARMB Barclays Agg Bond Fund","2","393","Investment Income","(32,526,486)"
"SRC182","13","5","ARMB Barclays Agg Bond Fund","3","499","(Withdrawals)","(100,000,000)"
"SRC182","13","5","ARMB Barclays Agg Bond Fund","4","582","Ending Invested Assets","5 ,770,114,462"
"SRC182","13","5","ARMB Barclays Agg Bond Fund","5","652","(decrease)","-2.25%"
"SRC182","13","5","ARMB Barclays Agg Bond Fund","6","712","Income","-0.56%"
"SRC182","13","6","Total Fixed Income","1","297","Invested Assets","7,821,205,833"
"SRC182","13","6","Total Fixed Income","2","393","Investment Income","(36,084,516)"
"SRC182","13","6","Total Fixed Income","3","499","(Withdrawals)","(82,837,117)"
"SRC182","13","6","Total Fixed Income","4","582","Ending Invested Assets","7,702,284,200"
"SRC182","13","6","Total Fixed Income","5","652","(decrease)","-1.52%"
"SRC182","13","6","Total Fixed Income","6","712","Income","-0.46%"
"SRC182","13","7","ARMB S&P 600","1","297","Invested Assets","774,396,583"
"SRC182","13","7","ARMB S&P 600","2","393","Investment Income","40,454,015"
"SRC182","13","7","ARMB S&P 600","3","499","(Withdrawals)","(10,657)"
"SRC182","13","7","ARMB S&P 600","4","582","Ending Invested Assets","8 14,839,941"
"SRC182","13","7","ARMB S&P 600","5","652","(decrease)","5.22%"
"SRC182","13","7","ARMB S&P 600","6","712","Income","5.22%"
"SRC182","13","8","ARMB Custom Small-Cap","3","499","(Withdrawals)","1 0,000"
"SRC182","13","8","ARMB Custom Small-Cap","4","582","Ending Invested Assets","10,000"
"SRC182","13","9","ARMB Small-Cap Multi-Factor","3","499","(Withdrawals)","1 0,000"
"SRC182","13","9","ARMB Small-Cap Multi-Factor","4","582","Ending Invested Assets","10,000"
"SRC182","13","10","Total Small Cap","1","297","Invested Assets","774,396,583"
"SRC182","13","10","Total Small Cap","2","393","Investment Income","40,454,015"
"SRC182","13","10","Total Small Cap","3","499","(Withdrawals)","9,343"
"SRC182","13","10","Total Small Cap","4","582","Ending Invested Assets","814,859,941"
"SRC182","13","10","Total Small Cap","5","652","(decrease)","5.23%"
"SRC182","13","10","Total Small Cap","6","712","Income","5.22%"
"SRC182","13","11","ARMB Domestic Residual Assets","1","297","Invested Assets","5,496"
"SRC182","13","11","ARMB Domestic Residual Assets","4","582","Ending Invested Assets","5,766"
"SRC182","13","11","ARMB Domestic Residual Assets","5","652","(decrease)","4.91%"
"SRC182","13","11","ARMB Domestic Residual Assets","6","712","Income","4.91%"
"SRC182","13","12","ARMB Large Cap Multi-Factor","1","297","Invested Assets","1,532,043,045"
"SRC182","13","12","ARMB Large Cap Multi-Factor","2","393","Investment Income","72,823,795"
"SRC182","13","12","ARMB Large Cap Multi-Factor","4","582","Ending Invested Assets","1 ,604,866,840"
"SRC182","13","12","ARMB Large Cap Multi-Factor","5","652","(decrease)","4.75%"
"SRC182","13","12","ARMB Large Cap Multi-Factor","6","712","Income","4.75%"
"SRC182","13","13","ARMB Scientific Beta","1","297","Invested Assets","12,432"
"SRC182","13","13","ARMB Scientific Beta","4","582","Ending Invested Assets","12,645"
"SRC182","13","13","ARMB Scientific Beta","5","652","(decrease)","1.71%"
"SRC182","13","13","ARMB Scientific Beta","6","712","Income","1.71%"
"SRC182","13","14","Total Large Cap Actively Managed","1","297","Invested Assets","1,532,060,973"
"SRC182","13","14","Total Large Cap Actively Managed","2","393","Investment Income","72,824,297"
"SRC182","13","14","Total Large Cap Actively Managed","4","582","Ending Invested Assets","1,604,885,270"
"SRC182","13","14","Total Large Cap Actively Managed","5","652","(decrease)","4.75%"
"SRC182","13","14","Total Large Cap Actively Managed","6","712","Income","4.75%"
"SRC182","13","15","Total Large Cap","1","297","Invested Assets","7,384,735,763"
"SRC182","13","15","Total Large Cap","2","393","Investment Income","438,492,820"
"SRC182","13","15","Total Large Cap","3","499","(Withdrawals)","74,975"
"SRC182","13","15","Total Large Cap","4","582","Ending Invested Assets","7,823,303,558"
"SRC182","13","15","Total Large Cap","5","652","(decrease)","5.94%"
"SRC182","13","15","Total Large Cap","6","712","Income","5.94%"
"SRC182","13","16","Total Domestic Equity","1","297","Invested Assets","8,159,132,346"
"SRC182","13","16","Total Domestic Equity","2","393","Investment Income","478,946,835"
"SRC182","13","16","Total Domestic Equity","3","499","(Withdrawals)","84,318"
"SRC182","13","16","Total Domestic Equity","4","582","Ending Invested Assets","8,638,163,499"
"SRC182","13","16","Total Domestic Equity","5","652","(decrease)","5.87%"
"SRC182","13","16","Total Domestic Equity","6","712","Income","5.87%"
"SRC182","13","17","Acadian Asset Management","1","297","Invested Assets","476,720,734"
"SRC182","13","17","Acadian Asset Management","2","393","Investment Income","24,899,581"
"SRC182","13","17","Acadian Asset Management","4","582","Ending Invested Assets","5 01,620,315"
"SRC182","13","17","Acadian Asset Management","5","652","(decrease)","5.22%"
"SRC182","13","17","Acadian Asset Management","6","712","Income","5.22%"
"SRC182","13","18","Arrow Street Capital","1","297","Invested Assets","492,445,697"
"SRC182","13","18","Arrow Street Capital","2","393","Investment Income","26,927,576"
"SRC182","13","18","Arrow Street Capital","3","499","(Withdrawals)","5 12,270"
"SRC182","13","18","Arrow Street Capital","4","582","Ending Invested Assets","5 19,885,543"
"SRC182","13","18","Arrow Street Capital","5","652","(decrease)","5.57%"
"SRC182","13","18","Arrow Street Capital","6","712","Income","5.47%"
"SRC182","13","19","Baillie Gifford Overseas Limited","1","297","Invested Assets","481,285,422"
"SRC182","13","19","Baillie Gifford Overseas Limited","2","393","Investment Income","19,171,583"
"SRC182","13","19","Baillie Gifford Overseas Limited","3","499","(Withdrawals)","4 60,648"
"SRC182","13","19","Baillie Gifford Overseas Limited","4","582","Ending Invested Assets","5 00,917,653"
"SRC182","13","19","Baillie Gifford Overseas Limited","5","652","(decrease)","4.08%"
"SRC182","13","19","Baillie Gifford Overseas Limited","6","712","Income","3.98%"
"SRC182","13","20","Brandes Investment Partners","1","297","Invested Assets","4 95,800,322"
"SRC182","13","20","Brandes Investment Partners","2","393","Investment Income","17,519,664"
"SRC182","13","20","Brandes Investment Partners","4","582","Ending Invested Assets","5 13,319,986"
"SRC182","13","20","Brandes Investment Partners","5","652","(decrease)","3.53%"
"SRC182","13","20","Brandes Investment Partners","6","712","Income","3.53%"
"SRC182","13","21","Cap Guardian Trust Co","1","297","Invested Assets","393,804,142"
"SRC182","13","21","Cap Guardian Trust Co","2","393","Investment Income","19,255,101"
"SRC182","13","21","Cap Guardian Trust Co","4","582","Ending Invested Assets","4 13,059,243"
"SRC182","13","21","Cap Guardian Trust Co","5","652","(decrease)","4.89%"
"SRC182","13","21","Cap Guardian Trust Co","6","712","Income","4.89%"
"SRC182","13","22","First Eagle","1","297","Invested Assets","4 57,650,917"
"SRC182","13","22","First Eagle","2","393","Investment Income","12,432,254"
"SRC182","13","22","First Eagle","3","499","(Withdrawals)","4 63,821"
"SRC182","13","22","First Eagle","4","582","Ending Invested Assets","4 70,546,992"
"SRC182","13","22","First Eagle","5","652","(decrease)","2.82%"
"SRC182","13","22","First Eagle","6","712","Income","2.72%"
"SRC182","13","23","DFA Developed Ex US All Cap Core","1","297","Invested Assets","811,346,002"
"SRC182","13","23","DFA Developed Ex US All Cap Core","2","393","Investment Income","41,860,273"
"SRC182","13","23","DFA Developed Ex US All Cap Core","4","582","Ending Invested Assets","8 53,206,275"
"SRC182","13","23","DFA Developed Ex US All Cap Core","5","652","(decrease)","5.16%"
"SRC182","13","23","DFA Developed Ex US All Cap Core","6","712","Income","5.16%"
"SRC182","13","24","Legal & General DM Index Plus","1","297","Invested Assets","1,172,851,559"
"SRC182","13","24","Legal & General DM Index Plus","2","393","Investment Income","58,395,164"
"SRC182","13","24","Legal & General DM Index Plus","3","499","(Withdrawals)","2 2,356"
"SRC182","13","24","Legal & General DM Index Plus","4","582","Ending Invested Assets","1 ,231,269,079"
"SRC182","13","24","Legal & General DM Index Plus","5","652","(decrease)","4.98%"
"SRC182","13","24","Legal & General DM Index Plus","6","712","Income","4.98%"
"SRC182","13","25","ARMB Int'l Residual Assets","1","297","Invested Assets","2,290,385"
"SRC182","13","25","ARMB Int'l Residual Assets","2","393","Investment Income","(1,392)"
"SRC182","13","25","ARMB Int'l Residual Assets","4","582","Ending Invested Assets","2,288,993"
"SRC182","13","25","ARMB Int'l Residual Assets","5","652","(decrease)","-0.06%"
"SRC182","13","25","ARMB Int'l Residual Assets","6","712","Income","-0.06%"
"SRC182","13","26","SSgA MSCI World Ex-US IMI Index Fund","1","297","Invested Assets","(3,551)"
"SRC182","13","26","SSgA MSCI World Ex-US IMI Index Fund","3","499","(Withdrawals)","3 ,529"
"SRC182","13","26","SSgA MSCI World Ex-US IMI Index Fund","5","652","(decrease)","-100.03%"
"SRC182","13","26","SSgA MSCI World Ex-US IMI Index Fund","6","712","Income","-1.29%"
"SRC182","13","27","Total Large Cap","1","297","Invested Assets","4,784,191,629"
"SRC182","13","27","Total Large Cap","2","393","Investment Income","220,459,827"
"SRC182","13","27","Total Large Cap","3","499","(Withdrawals)","1 ,462,624"
"SRC182","13","27","Total Large Cap","4","582","Ending Invested Assets","5,006,114,080"
"SRC182","13","27","Total Large Cap","5","652","(decrease)","4.64%"
"SRC182","13","27","Total Large Cap","6","712","Income","4.61%"
"SRC182","14","1","MSCI Emerging Markets Index Fund","1","297","Invested Assets","4 56,570,414"
"SRC182","14","1","MSCI Emerging Markets Index Fund","2","400","Investment Income","19,209,026"
"SRC182","14","1","MSCI Emerging Markets Index Fund","3","492","(Withdrawals)","2 3,254"
"SRC182","14","1","MSCI Emerging Markets Index Fund","4","587","Ending Invested Assets","4 75,802,694"
"SRC182","14","1","MSCI Emerging Markets Index Fund","5","652","(decrease)","4.21%"
"SRC182","14","1","MSCI Emerging Markets Index Fund","6","712","Income","4.21%"
"SRC182","14","2","DFA Emerging Markets All Cap Core","1","297","Invested Assets","386,546,844"
"SRC182","14","2","DFA Emerging Markets All Cap Core","2","400","Investment Income","20,637,067"
"SRC182","14","2","DFA Emerging Markets All Cap Core","4","587","Ending Invested Assets","4 07,183,911"
"SRC182","14","2","DFA Emerging Markets All Cap Core","5","652","(decrease)","5.34%"
"SRC182","14","2","DFA Emerging Markets All Cap Core","6","712","Income","5.34%"
"SRC182","14","3","Total Emerging Markets","1","297","Invested Assets","843,117,258"
"SRC182","14","3","Total Emerging Markets","2","400","Investment Income","39,846,093"
"SRC182","14","3","Total Emerging Markets","3","492","(Withdrawals)","23,254"
"SRC182","14","3","Total Emerging Markets","4","587","Ending Invested Assets","882,986,605"
"SRC182","14","3","Total Emerging Markets","5","652","(decrease)","4.73%"
"SRC182","14","3","Total Emerging Markets","6","712","Income","4.73%"
"SRC182","14","4","Total Global Equities","1","297","Invested Assets","5,627,308,887"
"SRC182","14","4","Total Global Equities","2","400","Investment Income","260,305,920"
"SRC182","14","4","Total Global Equities","3","492","(Withdrawals)","1 ,485,878"
"SRC182","14","4","Total Global Equities","4","587","Ending Invested Assets","5,889,100,685"
"SRC182","14","4","Total Global Equities","5","652","(decrease)","4.65%"
"SRC182","14","4","Total Global Equities","6","712","Income","4.63%"
"SRC182","14","5","ARES Pathfinder Core","1","297","Invested Assets","102,063,877"
"SRC182","14","5","ARES Pathfinder Core","2","400","Investment Income","60"
"SRC182","14","5","ARES Pathfinder Core","3","492","(Withdrawals)","(2,062,612)"
"SRC182","14","5","ARES Pathfinder Core","4","587","Ending Invested Assets","1 00,001,325"
"SRC182","14","5","ARES Pathfinder Core","5","652","(decrease)","-2.02%"
"SRC182","14","5","ARES Pathfinder Core","6","712","Income","0.00%"
"SRC182","14","6","Crestline BGF Class A","1","297","Invested Assets","972,430"
"SRC182","14","6","Crestline BGF Class A","2","400","Investment Income","5 5,707"
"SRC182","14","6","Crestline BGF Class A","3","492","(Withdrawals)","(79,904)"
"SRC182","14","6","Crestline BGF Class A","4","587","Ending Invested Assets","948,233"
"SRC182","14","6","Crestline BGF Class A","5","652","(decrease)","-2.49%"
"SRC182","14","6","Crestline BGF Class A","6","712","Income","5.97%"
"SRC182","14","7","Crestline BGF Class B","1","297","Invested Assets","52,361,932"
"SRC182","14","7","Crestline BGF Class B","2","400","Investment Income","(1,024,924)"
"SRC182","14","7","Crestline BGF Class B","3","492","(Withdrawals)","(2,237,561)"
"SRC182","14","7","Crestline BGF Class B","4","587","Ending Invested Assets","4 9,099,447"
"SRC182","14","7","Crestline BGF Class B","5","652","(decrease)","-6.23%"
"SRC182","14","7","Crestline BGF Class B","6","712","Income","-2.00%"
"SRC182","14","8","Crestline BGF Class C","1","297","Invested Assets","78,953,548"
"SRC182","14","8","Crestline BGF Class C","2","400","Investment Income","(640,157)"
"SRC182","14","8","Crestline BGF Class C","3","492","(Withdrawals)","(1,668,330)"
"SRC182","14","8","Crestline BGF Class C","4","587","Ending Invested Assets","7 6,645,061"
"SRC182","14","8","Crestline BGF Class C","5","652","(decrease)","-2.92%"
"SRC182","14","8","Crestline BGF Class C","6","712","Income","-0.82%"
"SRC182","14","9","Crestline BGF Class D","1","297","Invested Assets","295,891,664"
"SRC182","14","9","Crestline BGF Class D","2","400","Investment Income","(114,669)"
"SRC182","14","9","Crestline BGF Class D","3","492","(Withdrawals)","2 ,673,662"
"SRC182","14","9","Crestline BGF Class D","4","587","Ending Invested Assets","2 98,450,657"
"SRC182","14","9","Crestline BGF Class D","5","652","(decrease)","0.86%"
"SRC182","14","9","Crestline BGF Class D","6","712","Income","-0.04%"
"SRC182","14","10","Crestline BGF II","1","297","Invested Assets","123,828,139"
"SRC182","14","10","Crestline BGF II","2","400","Investment Income","1 ,289,930"
"SRC182","14","10","Crestline BGF II","3","492","(Withdrawals)","7 ,860,696"
"SRC182","14","10","Crestline BGF II","4","587","Ending Invested Assets","1 32,978,765"
"SRC182","14","10","Crestline BGF II","5","652","(decrease)","7.39%"
"SRC182","14","10","Crestline BGF II","6","712","Income","1.01%"
"SRC182","14","11","Comvest Direct Lending Fund","1","297","Invested Assets","56,535,341"
"SRC182","14","11","Comvest Direct Lending Fund","2","400","Investment Income","1 ,410,770"
"SRC182","14","11","Comvest Direct Lending Fund","4","587","Ending Invested Assets","57,946,111"
"SRC182","14","11","Comvest Direct Lending Fund","5","652","(decrease)","2.50%"
"SRC182","14","11","Comvest Direct Lending Fund","6","712","Income","2.50%"
"SRC182","14","12","Prisma Capital Partners","1","297","Invested Assets","27,199,916"
"SRC182","14","12","Prisma Capital Partners","2","400","Investment Income","(88,291)"
"SRC182","14","12","Prisma Capital Partners","4","587","Ending Invested Assets","27,111,625"
"SRC182","14","12","Prisma Capital Partners","5","652","(decrease)","-0.32%"
"SRC182","14","12","Prisma Capital Partners","6","712","Income","-0.32%"
"SRC182","14","13","Crestline Direct Lending IV","1","297","Invested Assets","24,212,531"
"SRC182","14","13","Crestline Direct Lending IV","2","400","Investment Income","5 39,567"
"SRC182","14","13","Crestline Direct Lending IV","4","587","Ending Invested Assets","24,752,098"
"SRC182","14","13","Crestline Direct Lending IV","5","652","(decrease)","2.23%"
"SRC182","14","13","Crestline Direct Lending IV","6","712","Income","2.23%"
"SRC182","14","14","Crestline Specialty Lending Fund II","1","297","Invested Assets","13,942,519"
"SRC182","14","14","Crestline Specialty Lending Fund II","2","400","Investment Income","(203,249)"
"SRC182","14","14","Crestline Specialty Lending Fund II","3","492","(Withdrawals)","(135,052)"
"SRC182","14","14","Crestline Specialty Lending Fund II","4","587","Ending Invested Assets","1 3,604,218"
"SRC182","14","14","Crestline Specialty Lending Fund II","5","652","(decrease)","-2.43%"
"SRC182","14","14","Crestline Specialty Lending Fund II","6","712","Income","-1.46%"
"SRC182","14","15","Crestline Specialty Lending Fund III","1","297","Invested Assets","79,190,057"
"SRC182","14","15","Crestline Specialty Lending Fund III","2","400","Investment Income","1 ,112,177"
"SRC182","14","15","Crestline Specialty Lending Fund III","3","492","(Withdrawals)","(11,380,535)"
"SRC182","14","15","Crestline Specialty Lending Fund III","4","587","Ending Invested Assets","6 8,921,699"
"SRC182","14","15","Crestline Specialty Lending Fund III","5","652","(decrease)","-12.97%"
"SRC182","14","15","Crestline Specialty Lending Fund III","6","712","Income","1.51%"
"SRC182","14","16","Kennedy Lewis Capital Partners IV","3","492","(Withdrawals)","2 50,002"
"SRC182","14","16","Kennedy Lewis Capital Partners IV","4","587","Ending Invested Assets","250,002"
"SRC182","14","17","Total Alternative Fixed Income","1","297","Invested Assets","855,151,954"
"SRC182","14","17","Total Alternative Fixed Income","2","400","Investment Income","2 ,336,921"
"SRC182","14","17","Total Alternative Fixed Income","3","492","(Withdrawals)","(6,779,634)"
"SRC182","14","17","Total Alternative Fixed Income","4","587","Ending Invested Assets","850,709,241"
"SRC182","14","17","Total Alternative Fixed Income","5","652","(decrease)","-0.52%"
"SRC182","14","17","Total Alternative Fixed Income","6","712","Income","0.27%"
"SRC182","14","18","Fidelity Signals","1","297","Invested Assets","661,062,419"
"SRC182","14","18","Fidelity Signals","2","400","Investment Income","25,170,278"
"SRC182","14","18","Fidelity Signals","4","587","Ending Invested Assets","6 86,232,697"
"SRC182","14","18","Fidelity Signals","5","652","(decrease)","3.81%"
"SRC182","14","18","Fidelity Signals","6","712","Income","3.81%"
"SRC182","14","19","Total Tactical Allocation Strategies","1","297","Invested Assets","661,062,419"
"SRC182","14","19","Total Tactical Allocation Strategies","2","400","Investment Income","25,170,278"
"SRC182","14","19","Total Tactical Allocation Strategies","4","587","Ending Invested Assets","686,232,697"
"SRC182","14","19","Total Tactical Allocation Strategies","5","652","(decrease)","3.81%"
"SRC182","14","19","Total Tactical Allocation Strategies","6","712","Income","3.81%"
"SRC182","14","20","Total Multi-Asset","1","297","Invested Assets","1,854,878,497"
"SRC182","14","20","Total Multi-Asset","2","400","Investment Income","33,198,994"
"SRC182","14","20","Total Multi-Asset","3","492","(Withdrawals)","(6,779,634)"
"SRC182","14","20","Total Multi-Asset","4","587","Ending Invested Assets","1,881,297,857"
"SRC182","14","20","Total Multi-Asset","5","652","(decrease)","1.42%"
"SRC182","14","20","Total Multi-Asset","6","712","Income","1.79%"
"SRC182","15","1","Abbott Capital 1,955,533,303","2","403","Investment Income","1 ,183,223"
"SRC182","15","1","Abbott Capital 1,955,533,303","3","495","(Withdrawals)","(329,852)"
"SRC182","15","1","Abbott Capital 1,955,533,303","4","587","Ending Invested Assets","1 ,956,386,674"
"SRC182","15","1","Abbott Capital 1,955,533,303","5","652","(decrease)","0.04%"
"SRC182","15","1","Abbott Capital 1,955,533,303","6","711","Income","0.06%"
"SRC182","15","2","Advent International GPE Fund VIII-B","1","301","Invested Assets","19,888,188"
"SRC182","15","2","Advent International GPE Fund VIII-B","2","403","Investment Income","(1,277,750)"
"SRC182","15","2","Advent International GPE Fund VIII-B","3","495","(Withdrawals)","(1,092,304)"
"SRC182","15","2","Advent International GPE Fund VIII-B","4","587","Ending Invested Assets","1 7,518,134"
"SRC182","15","2","Advent International GPE Fund VIII-B","5","652","(decrease)","-11.92%"
"SRC182","15","2","Advent International GPE Fund VIII-B","6","711","Income","-6.61%"
"SRC182","15","3","Advent International GPE Fund IX","1","301","Invested Assets","36,332,440"
"SRC182","15","3","Advent International GPE Fund IX","2","403","Investment Income","3 16,648"
"SRC182","15","3","Advent International GPE Fund IX","4","587","Ending Invested Assets","36,649,088"
"SRC182","15","3","Advent International GPE Fund IX","5","652","(decrease)","0.87%"
"SRC182","15","3","Advent International GPE Fund IX","6","711","Income","0.87%"
"SRC182","15","4","Advent International GPE Fund X","1","301","Invested Assets","31,470,781"
"SRC182","15","4","Advent International GPE Fund X","2","403","Investment Income","(404,557)"
"SRC182","15","4","Advent International GPE Fund X","4","587","Ending Invested Assets","31,066,224"
"SRC182","15","4","Advent International GPE Fund X","5","652","(decrease)","-1.29%"
"SRC182","15","4","Advent International GPE Fund X","6","711","Income","-1.29%"
"SRC182","15","5","Battery Ventures XIV","1","301","Invested Assets","11,343,666"
"SRC182","15","5","Battery Ventures XIV","4","587","Ending Invested Assets","11,343,666"
"SRC182","15","6","Clearlake Capital Partners VI","1","301","Invested Assets","43,947,949"
"SRC182","15","6","Clearlake Capital Partners VI","4","587","Ending Invested Assets","43,947,949"
"SRC182","15","7","Clearlake Capital Partners VII","1","301","Invested Assets","39,656,821"
"SRC182","15","7","Clearlake Capital Partners VII","4","587","Ending Invested Assets","39,656,821"
"SRC182","15","8","Clearlake Capital Partners VIII","1","301","Invested Assets","1,935,458"
"SRC182","15","8","Clearlake Capital Partners VIII","2","403","Investment Income","(55,438)"
"SRC182","15","8","Clearlake Capital Partners VIII","3","495","(Withdrawals)","1 76,533"
"SRC182","15","8","Clearlake Capital Partners VIII","4","587","Ending Invested Assets","2 ,056,553"
"SRC182","15","8","Clearlake Capital Partners VIII","5","652","(decrease)","6.26%"
"SRC182","15","8","Clearlake Capital Partners VIII","6","711","Income","-2.74%"
"SRC182","15","9","Dyal Capital Partners III","1","301","Invested Assets","47,610,260"
"SRC182","15","9","Dyal Capital Partners III","4","587","Ending Invested Assets","47,610,260"
"SRC182","15","10","Dyal Capital Partners IV","1","301","Invested Assets","36,689,823"
"SRC182","15","10","Dyal Capital Partners IV","2","403","Investment Income","2 ,885,214"
"SRC182","15","10","Dyal Capital Partners IV","4","587","Ending Invested Assets","39,575,037"
"SRC182","15","10","Dyal Capital Partners IV","5","652","(decrease)","7.86%"
"SRC182","15","10","Dyal Capital Partners IV","6","711","Income","7.86%"
"SRC182","15","11","Genstar X","1","301","Invested Assets","26,168,086"
"SRC182","15","11","Genstar X","2","403","Investment Income","(14,136)"
"SRC182","15","11","Genstar X","3","495","(Withdrawals)","4 70,457"
"SRC182","15","11","Genstar X","4","587","Ending Invested Assets","2 6,624,407"
"SRC182","15","11","Genstar X","5","652","(decrease)","1.74%"
"SRC182","15","11","Genstar X","6","711","Income","-0.05%"
"SRC182","15","12","Genstar XI","1","301","Invested Assets","6,258,619"
"SRC182","15","12","Genstar XI","2","403","Investment Income","1 3,892"
"SRC182","15","12","Genstar XI","4","587","Ending Invested Assets","6,272,511"
"SRC182","15","12","Genstar XI","5","652","(decrease)","0.22%"
"SRC182","15","12","Genstar XI","6","711","Income","0.22%"
"SRC182","15","13","Glendon Opportunities","1","301","Invested Assets","6,486,420"
"SRC182","15","13","Glendon Opportunities","2","403","Investment Income","4 09,562"
"SRC182","15","13","Glendon Opportunities","4","587","Ending Invested Assets","6,895,982"
"SRC182","15","13","Glendon Opportunities","5","652","(decrease)","6.31%"
"SRC182","15","13","Glendon Opportunities","6","711","Income","6.31%"
"SRC182","15","14","Glendon Opportunities II","1","301","Invested Assets","52,282,405"
"SRC182","15","14","Glendon Opportunities II","2","403","Investment Income","2 ,511,495"
"SRC182","15","14","Glendon Opportunities II","4","587","Ending Invested Assets","54,793,900"
"SRC182","15","14","Glendon Opportunities II","5","652","(decrease)","4.80%"
"SRC182","15","14","Glendon Opportunities II","6","711","Income","4.80%"
"SRC182","15","15","Glendon Opportunities III","1","301","Invested Assets","27,778,194"
"SRC182","15","15","Glendon Opportunities III","2","403","Investment Income","1 91,117"
"SRC182","15","15","Glendon Opportunities III","4","587","Ending Invested Assets","27,969,311"
"SRC182","15","15","Glendon Opportunities III","5","652","(decrease)","0.69%"
"SRC182","15","15","Glendon Opportunities III","6","711","Income","0.69%"
"SRC182","15","16","Insight XII","1","301","Invested Assets","36,876,044"
"SRC182","15","16","Insight XII","2","403","Investment Income","4 59,730"
"SRC182","15","16","Insight XII","4","587","Ending Invested Assets","37,335,774"
"SRC182","15","16","Insight XII","5","652","(decrease)","1.25%"
"SRC182","15","16","Insight XII","6","711","Income","1.25%"
"SRC182","15","17","Insight XIII","1","301","Invested Assets","7,128,967"
"SRC182","15","17","Insight XIII","2","403","Investment Income","(205,729)"
"SRC182","15","17","Insight XIII","4","587","Ending Invested Assets","6,923,238"
"SRC182","15","17","Insight XIII","5","652","(decrease)","-2.89%"
"SRC182","15","17","Insight XIII","6","711","Income","-2.89%"
"SRC182","15","18","KKR Lending Partners II","1","301","Invested Assets","5,086,632"
"SRC182","15","18","KKR Lending Partners II","2","403","Investment Income","(45,118)"
"SRC182","15","18","KKR Lending Partners II","4","587","Ending Invested Assets","5,041,514"
"SRC182","15","18","KKR Lending Partners II","5","652","(decrease)","-0.89%"
"SRC182","15","18","KKR Lending Partners II","6","711","Income","-0.89%"
"SRC182","15","19","Lexington Capital Partners VIII","1","301","Invested Assets","22,706,816"
"SRC182","15","19","Lexington Capital Partners VIII","2","403","Investment Income","13"
"SRC182","15","19","Lexington Capital Partners VIII","3","495","(Withdrawals)","(334,569)"
"SRC182","15","19","Lexington Capital Partners VIII","4","587","Ending Invested Assets","2 2,372,260"
"SRC182","15","19","Lexington Capital Partners VIII","5","652","(decrease)","-1.47%"
"SRC182","15","19","Lexington Capital Partners VIII","6","711","Income","0.00%"
"SRC182","15","20","Lexington Partners VII","1","301","Invested Assets","1,508,982"
"SRC182","15","20","Lexington Partners VII","4","587","Ending Invested Assets","1,508,982"
"SRC182","15","21","Merit Capital Partners","1","301","Invested Assets","4,344,651"
"SRC182","15","21","Merit Capital Partners","4","587","Ending Invested Assets","4,344,651"
"SRC182","15","22","NB SOF III","1","301","Invested Assets","10,979,049"
"SRC182","15","22","NB SOF III","2","403","Investment Income","(76,265)"
"SRC182","15","22","NB SOF III","3","495","(Withdrawals)","(155,261)"
"SRC182","15","22","NB SOF III","4","587","Ending Invested Assets","10,747,523"
"SRC182","15","22","NB SOF III","5","652","(decrease)","-2.11%"
"SRC182","15","22","NB SOF III","6","711","Income","-0.70%"
"SRC182","15","23","NB SOF IV","1","301","Invested Assets","32,250,147"
"SRC182","15","23","NB SOF IV","2","403","Investment Income","(229,688)"
"SRC182","15","23","NB SOF IV","3","495","(Withdrawals)","(498,999)"
"SRC182","15","23","NB SOF IV","4","587","Ending Invested Assets","31,521,460"
"SRC182","15","23","NB SOF IV","5","652","(decrease)","-2.26%"
"SRC182","15","23","NB SOF IV","6","711","Income","-0.72%"
"SRC182","15","24","Neuberger Berman Secondary Opportunities Fund V","1","301","Invested Assets","55,669,983"
"SRC182","15","24","Neuberger Berman Secondary Opportunities Fund V","2","403","Investment Income","1 ,270,491"
"SRC182","15","24","Neuberger Berman Secondary Opportunities Fund V","3","495","(Withdrawals)","1 ,440,986"
"SRC182","15","24","Neuberger Berman Secondary Opportunities Fund V","4","587","Ending Invested Assets","5 8,381,460"
"SRC182","15","24","Neuberger Berman Secondary Opportunities Fund V","5","652","(decrease)","4.87%"
"SRC182","15","24","Neuberger Berman Secondary Opportunities Fund V","6","711","Income","2.25%"
"SRC182","15","25","New Mountain Partners IV","1","301","Invested Assets","5,360,066"
"SRC182","15","25","New Mountain Partners IV","2","403","Investment Income","(485,881)"
"SRC182","15","25","New Mountain Partners IV","4","587","Ending Invested Assets","4,874,185"
"SRC182","15","25","New Mountain Partners IV","5","652","(decrease)","-9.06%"
"SRC182","15","25","New Mountain Partners IV","6","711","Income","-9.06%"
"SRC182","15","26","New Mountain Partners V","1","301","Invested Assets","28,172,580"
"SRC182","15","26","New Mountain Partners V","2","403","Investment Income","(697,800)"
"SRC182","15","26","New Mountain Partners V","3","495","(Withdrawals)","2 18,992"
"SRC182","15","26","New Mountain Partners V","4","587","Ending Invested Assets","2 7,693,772"
"SRC182","15","26","New Mountain Partners V","5","652","(decrease)","-1.70%"
"SRC182","15","26","New Mountain Partners V","6","711","Income","-2.47%"
"SRC182","15","27","New Mountain Partners VI","1","301","Invested Assets","61,887,526"
"SRC182","15","27","New Mountain Partners VI","2","403","Investment Income","4 03,929"
"SRC182","15","27","New Mountain Partners VI","4","587","Ending Invested Assets","62,291,455"
"SRC182","15","27","New Mountain Partners VI","5","652","(decrease)","0.65%"
"SRC182","15","27","New Mountain Partners VI","6","711","Income","0.65%"
"SRC182","15","28","New Mountain Partners VII","1","301","Invested Assets","6,379,323"
"SRC182","15","28","New Mountain Partners VII","2","403","Investment Income","7 53,456"
"SRC182","15","28","New Mountain Partners VII","3","495","(Withdrawals)","1 ,337,079"
"SRC182","15","28","New Mountain Partners VII","4","587","Ending Invested Assets","8 ,469,858"
"SRC182","15","28","New Mountain Partners VII","5","652","(decrease)","32.77%"
"SRC182","15","28","New Mountain Partners VII","6","711","Income","10.69%"
"SRC182","15","29","NGP XI","1","301","Invested Assets","14,186,326"
"SRC182","15","29","NGP XI","2","403","Investment Income","9 3,982"
"SRC182","15","29","NGP XI","4","587","Ending Invested Assets","14,280,308"
"SRC182","15","29","NGP XI","5","652","(decrease)","0.66%"
"SRC182","15","29","NGP XI","6","711","Income","0.66%"
"SRC182","15","30","NGP XII","1","301","Invested Assets","22,972,513"
"SRC182","15","30","NGP XII","2","403","Investment Income","4 73,628"
"SRC182","15","30","NGP XII","3","495","(Withdrawals)","5 31,604"
"SRC182","15","30","NGP XII","4","587","Ending Invested Assets","23,977,745"
"SRC182","15","30","NGP XII","5","652","(decrease)","4.38%"
"SRC182","15","30","NGP XII","6","711","Income","2.04%"
"SRC182","15","31","Onex Partnership III","1","301","Invested Assets","3,517,636"
"SRC182","15","31","Onex Partnership III","2","403","Investment Income","(58,848)"
"SRC182","15","31","Onex Partnership III","4","587","Ending Invested Assets","3,458,788"
"SRC182","15","31","Onex Partnership III","5","652","(decrease)","-1.67%"
"SRC182","15","31","Onex Partnership III","6","711","Income","-1.67%"
"SRC182","15","32","Pathway Capital Management LLC 2,054,839,593","2","403","Investment Income","3 ,133,746"
"SRC182","15","32","Pathway Capital Management LLC 2,054,839,593","3","495","(Withdrawals)","(7,989,289)"
"SRC182","15","32","Pathway Capital Management LLC 2,054,839,593","4","587","Ending Invested Assets","2 ,049,984,050"
"SRC182","15","32","Pathway Capital Management LLC 2,054,839,593","5","652","(decrease)","-0.24%"
"SRC182","15","32","Pathway Capital Management LLC 2,054,839,593","6","711","Income","0.15%"
"SRC182","15","33","Resolute Fund IV","1","301","Invested Assets","93,273,384"
"SRC182","15","33","Resolute Fund IV","2","403","Investment Income","7 3,711"
"SRC182","15","33","Resolute Fund IV","3","495","(Withdrawals)","3 68,557"
"SRC182","15","33","Resolute Fund IV","4","587","Ending Invested Assets","9 3,715,652"
"SRC182","15","33","Resolute Fund IV","5","652","(decrease)","0.47%"
"SRC182","15","33","Resolute Fund IV","6","711","Income","0.08%"
"SRC182","15","34","Resolute Fund V","1","301","Invested Assets","69,935,498"
"SRC182","15","34","Resolute Fund V","2","403","Investment Income","(1,192,961)"
"SRC182","15","34","Resolute Fund V","4","587","Ending Invested Assets","68,742,537"
"SRC182","15","34","Resolute Fund V","5","652","(decrease)","-1.71%"
"SRC182","15","34","Resolute Fund V","6","711","Income","-1.71%"
"SRC182","15","35","Resolute Fund VI","1","301","Invested Assets","20,917,813"
"SRC182","15","35","Resolute Fund VI","2","403","Investment Income","4 ,885,633"
"SRC182","15","35","Resolute Fund VI","4","587","Ending Invested Assets","25,803,446"
"SRC182","15","35","Resolute Fund VI","5","652","(decrease)","23.36%"
"SRC182","15","35","Resolute Fund VI","6","711","Income","23.36%"
"SRC182","15","36","Sentinel VII","1","301","Invested Assets","16,480,984"
"SRC182","15","36","Sentinel VII","4","587","Ending Invested Assets","16,480,984"
"SRC182","15","37","Riverside Micro-Cap Fund VI","1","301","Invested Assets","13,659,425"
"SRC182","15","37","Riverside Micro-Cap Fund VI","2","403","Investment Income","2 75,440"
"SRC182","15","37","Riverside Micro-Cap Fund VI","4","587","Ending Invested Assets","13,934,865"
"SRC182","15","37","Riverside Micro-Cap Fund VI","5","652","(decrease)","2.02%"
"SRC182","15","37","Riverside Micro-Cap Fund VI","6","711","Income","2.02%"
"SRC182","15","38","Summit Partners GE IX","1","301","Invested Assets","47,920,821"
"SRC182","15","38","Summit Partners GE IX","2","403","Investment Income","(4,865,434)"
"SRC182","15","38","Summit Partners GE IX","3","495","(Withdrawals)","(1,244,474)"
"SRC182","15","38","Summit Partners GE IX","4","587","Ending Invested Assets","4 1,810,913"
"SRC182","15","38","Summit Partners GE IX","5","652","(decrease)","-12.75%"
"SRC182","15","38","Summit Partners GE IX","6","711","Income","-10.29%"
"SRC182","15","39","Summit Partners GE X","1","301","Invested Assets","41,165,533"
"SRC182","15","39","Summit Partners GE X","2","403","Investment Income","(636,525)"
"SRC182","15","39","Summit Partners GE X","4","587","Ending Invested Assets","40,529,008"
"SRC182","15","39","Summit Partners GE X","5","652","(decrease)","-1.55%"
"SRC182","15","39","Summit Partners GE X","6","711","Income","-1.55%"
"SRC182","15","40","Summit XI","1","301","Invested Assets","21,792,946"
"SRC182","15","40","Summit XI","2","403","Investment Income","(7,264)"
"SRC182","15","40","Summit XI","3","495","(Withdrawals)","9 30,655"
"SRC182","15","40","Summit XI","4","587","Ending Invested Assets","22,716,337"
"SRC182","15","40","Summit XI","5","652","(decrease)","4.24%"
"SRC182","15","40","Summit XI","6","711","Income","-0.03%"
"SRC182","16","1","Warburg Pincus Global Growth Fund 47,570,799 1 ,533,147 -","1","587","Invested Assets","49,103,946"
"SRC182","16","1","Warburg Pincus Global Growth Fund 47,570,799 1 ,533,147 -","2","652","% increase (decrease)","3.22%"
"SRC182","16","1","Warburg Pincus Global Growth Fund 47,570,799 1 ,533,147 -","3","712","to Investment Income","3.22%"
"SRC182","16","2","Warburg Pincus X 609,411 9 63 -","1","587","Invested Assets","610,374"
"SRC182","16","2","Warburg Pincus X 609,411 9 63 -","2","652","% increase (decrease)","0.16%"
"SRC182","16","2","Warburg Pincus X 609,411 9 63 -","3","712","to Investment Income","0.16%"
"SRC182","16","3","Warburg Pincus XI 6,999,784 (501,815) -","1","587","Invested Assets","6,497,969"
"SRC182","16","3","Warburg Pincus XI 6,999,784 (501,815) -","2","652","% increase (decrease)","-7.17%"
"SRC182","16","3","Warburg Pincus XI 6,999,784 (501,815) -","3","712","to Investment Income","-7.17%"
"SRC182","16","4","Warburg Pincus XII 45,811,456 1 86,683 (6,700,850)","1","587","Invested Assets","3 9,297,289"
"SRC182","16","4","Warburg Pincus XII 45,811,456 1 86,683 (6,700,850)","2","652","% increase (decrease)","-14.22%"
"SRC182","16","4","Warburg Pincus XII 45,811,456 1 86,683 (6,700,850)","3","712","to Investment Income","0.44%"
"SRC182","16","5","Total Private Equity 5,143,387,101 10,300,494 (12,870,735) 5,140,816,860","2","652","% increase (decrease)","-0.05%"
"SRC182","16","5","Total Private Equity 5,143,387,101 10,300,494 (12,870,735) 5,140,816,860","3","712","to Investment Income","0.20%"
"SRC182","16","6","UBS Farmland Investors LLC 1,081,889,339 6 ,478,797 - 1","1","587","Invested Assets",",088,368,136"
"SRC182","16","6","UBS Farmland Investors LLC 1,081,889,339 6 ,478,797 - 1","2","652","% increase (decrease)","0.60%"
"SRC182","16","6","UBS Farmland Investors LLC 1,081,889,339 6 ,478,797 - 1","3","712","to Investment Income","0.60%"
"SRC182","16","7","EIG Energy Fund XIV-A 166,132 2 ,199 -","1","587","Invested Assets","168,331"
"SRC182","16","7","EIG Energy Fund XIV-A 166,132 2 ,199 -","2","652","% increase (decrease)","1.32%"
"SRC182","16","7","EIG Energy Fund XIV-A 166,132 2 ,199 -","3","712","to Investment Income","1.32%"
"SRC182","16","8","EIG Energy Fund XV 1,002,113 (61,218) -","1","587","Invested Assets","940,895"
"SRC182","16","8","EIG Energy Fund XV 1,002,113 (61,218) -","2","652","% increase (decrease)","-6.11%"
"SRC182","16","8","EIG Energy Fund XV 1,002,113 (61,218) -","3","712","to Investment Income","-6.11%"
"SRC182","16","9","EIG Energy Fund XVI 32,142,274 (23,987) (1,075,155)","1","587","Invested Assets","3 1,043,132"
"SRC182","16","9","EIG Energy Fund XVI 32,142,274 (23,987) (1,075,155)","2","652","% increase (decrease)","-3.42%"
"SRC182","16","9","EIG Energy Fund XVI 32,142,274 (23,987) (1,075,155)","3","712","to Investment Income","-0.08%"
"SRC182","16","10","Total Energy 33,310,519 (83,006) (1,075,155)","1","587","Invested Assets","32,152,358"
"SRC182","16","10","Total Energy 33,310,519 (83,006) (1,075,155)","2","652","% increase (decrease)","-3.48%"
"SRC182","16","10","Total Energy 33,310,519 (83,006) (1,075,155)","3","712","to Investment Income","-0.25%"
"SRC182","16","11","ARMB REIT 552,394,138 6 ,355,312 -","1","587","Invested Assets","5 58,749,450"
"SRC182","16","11","ARMB REIT 552,394,138 6 ,355,312 -","2","652","% increase (decrease)","1.15%"
"SRC182","16","11","ARMB REIT 552,394,138 6 ,355,312 -","3","712","to Investment Income","1.15%"
"SRC182","16","12","Total REIT 552,394,138 6 ,355,312 -","1","587","Invested Assets","558,749,450"
"SRC182","16","12","Total REIT 552,394,138 6 ,355,312 -","2","652","% increase (decrease)","1.15%"
"SRC182","16","12","Total REIT 552,394,138 6 ,355,312 -","3","712","to Investment Income","1.15%"
"SRC182","16","13","IFM Global Infrastructure Fund-Private 619,513,917 19,251,597 -","1","587","Invested Assets","6 38,765,514"
"SRC182","16","13","IFM Global Infrastructure Fund-Private 619,513,917 19,251,597 -","2","652","% increase (decrease)","3.11%"
"SRC182","16","13","IFM Global Infrastructure Fund-Private 619,513,917 19,251,597 -","3","712","to Investment Income","3.11%"
"SRC182","16","14","JP Morgan Infrastructure Fund-Private 309,179,944 7 ,293,550 -","1","587","Invested Assets","3 16,473,494"
"SRC182","16","14","JP Morgan Infrastructure Fund-Private 309,179,944 7 ,293,550 -","2","652","% increase (decrease)","2.36%"
"SRC182","16","14","JP Morgan Infrastructure Fund-Private 309,179,944 7 ,293,550 -","3","712","to Investment Income","2.36%"
"SRC182","16","15","Total Infrastructure Private 928,693,861 26,545,147 -","1","587","Invested Assets","955,239,008"
"SRC182","16","15","Total Infrastructure Private 928,693,861 26,545,147 -","2","652","% increase (decrease)","2.86%"
"SRC182","16","15","Total Infrastructure Private 928,693,861 26,545,147 -","3","712","to Investment Income","2.86%"
"SRC182","17","1","BlackRock US Core Property Fund","1","301","Invested Assets","307,470,278"
"SRC182","17","1","BlackRock US Core Property Fund","2","403","Investment Income","1 ,239,793"
"SRC182","17","1","BlackRock US Core Property Fund","4","587","Ending Invested Assets","3 08,710,071"
"SRC182","17","1","BlackRock US Core Property Fund","5","652","(decrease)","0.40%"
"SRC182","17","1","BlackRock US Core Property Fund","6","712","Income","0.40%"
"SRC182","17","2","JP Morgan","1","301","Invested Assets","1 42,499,840"
"SRC182","17","2","JP Morgan","2","403","Investment Income","2 88,525"
"SRC182","17","2","JP Morgan","4","587","Ending Invested Assets","1 42,788,365"
"SRC182","17","2","JP Morgan","5","652","(decrease)","0.20%"
"SRC182","17","2","JP Morgan","6","712","Income","0.20%"
"SRC182","17","3","UBS Trumbull Property Fund","1","301","Invested Assets","24,522,501"
"SRC182","17","3","UBS Trumbull Property Fund","2","403","Investment Income","5 26,585"
"SRC182","17","3","UBS Trumbull Property Fund","4","587","Ending Invested Assets","25,049,086"
"SRC182","17","3","UBS Trumbull Property Fund","5","652","(decrease)","2.15%"
"SRC182","17","3","UBS Trumbull Property Fund","6","712","Income","2.15%"
"SRC182","17","4","Total Core Commingled","1","301","Invested Assets","474,492,619"
"SRC182","17","4","Total Core Commingled","2","403","Investment Income","2 ,054,903"
"SRC182","17","4","Total Core Commingled","4","587","Ending Invested Assets","476,547,522"
"SRC182","17","4","Total Core Commingled","5","652","(decrease)","0.43%"
"SRC182","17","4","Total Core Commingled","6","712","Income","0.43%"
"SRC182","17","5","Sentinel Separate Account","1","301","Invested Assets","4 15,551,379"
"SRC182","17","5","Sentinel Separate Account","2","403","Investment Income","(195,965)"
"SRC182","17","5","Sentinel Separate Account","3","492","(Withdrawals)","(666,410)"
"SRC182","17","5","Sentinel Separate Account","4","587","Ending Invested Assets","4 14,689,004"
"SRC182","17","5","Sentinel Separate Account","5","652","(decrease)","-0.21%"
"SRC182","17","5","Sentinel Separate Account","6","712","Income","-0.05%"
"SRC182","17","6","UBS Realty","1","301","Invested Assets","458,539,756"
"SRC182","17","6","UBS Realty","2","403","Investment Income","9 ,851,934"
"SRC182","17","6","UBS Realty","3","492","(Withdrawals)","(2,200,000)"
"SRC182","17","6","UBS Realty","4","587","Ending Invested Assets","4 66,191,690"
"SRC182","17","6","UBS Realty","5","652","(decrease)","1.67%"
"SRC182","17","6","UBS Realty","6","712","Income","2.15%"
"SRC182","17","7","Total Core Separate","1","301","Invested Assets","874,091,135"
"SRC182","17","7","Total Core Separate","2","403","Investment Income","9 ,655,969"
"SRC182","17","7","Total Core Separate","3","492","(Withdrawals)","(2,866,410)"
"SRC182","17","7","Total Core Separate","4","587","Ending Invested Assets","880,880,694"
"SRC182","17","7","Total Core Separate","5","652","(decrease)","0.78%"
"SRC182","17","7","Total Core Separate","6","712","Income","1.11%"
"SRC182","17","8","Almanac Realty Securities V","1","301","Invested Assets","25,481"
"SRC182","17","8","Almanac Realty Securities V","2","403","Investment Income","(2,338)"
"SRC182","17","8","Almanac Realty Securities V","4","587","Ending Invested Assets","23,143"
"SRC182","17","8","Almanac Realty Securities V","5","652","(decrease)","-9.18%"
"SRC182","17","8","Almanac Realty Securities V","6","712","Income","-9.18%"
"SRC182","17","9","Almanac Realty Securities VII","1","301","Invested Assets","25,553,661"
"SRC182","17","9","Almanac Realty Securities VII","2","403","Investment Income","1 82,658"
"SRC182","17","9","Almanac Realty Securities VII","3","492","(Withdrawals)","(527,481)"
"SRC182","17","9","Almanac Realty Securities VII","4","587","Ending Invested Assets","2 5,208,838"
"SRC182","17","9","Almanac Realty Securities VII","5","652","(decrease)","-1.35%"
"SRC182","17","9","Almanac Realty Securities VII","6","712","Income","0.72%"
"SRC182","17","10","Almanac Realty Securities VIII","1","301","Invested Assets","41,839,347"
"SRC182","17","10","Almanac Realty Securities VIII","2","403","Investment Income","7 14,763"
"SRC182","17","10","Almanac Realty Securities VIII","3","492","(Withdrawals)","(484,981)"
"SRC182","17","10","Almanac Realty Securities VIII","4","587","Ending Invested Assets","42,069,129"
"SRC182","17","10","Almanac Realty Securities VIII","5","652","(decrease)","0.55%"
"SRC182","17","10","Almanac Realty Securities VIII","6","712","Income","1.72%"
"SRC182","17","11","Almanac Realty Securities IX","1","301","Invested Assets","14,878,559"
"SRC182","17","11","Almanac Realty Securities IX","2","403","Investment Income","3 08,999"
"SRC182","17","11","Almanac Realty Securities IX","3","492","(Withdrawals)","2 ,929,617"
"SRC182","17","11","Almanac Realty Securities IX","4","587","Ending Invested Assets","1 8,117,175"
"SRC182","17","11","Almanac Realty Securities IX","5","652","(decrease)","21.77%"
"SRC182","17","11","Almanac Realty Securities IX","6","712","Income","1.89%"
"SRC182","17","12","Clarion Ventures 4","1","301","Invested Assets","3,955,682"
"SRC182","17","12","Clarion Ventures 4","2","403","Investment Income","(18,328)"
"SRC182","17","12","Clarion Ventures 4","4","587","Ending Invested Assets","3,937,354"
"SRC182","17","12","Clarion Ventures 4","5","652","(decrease)","-0.46%"
"SRC182","17","12","Clarion Ventures 4","6","712","Income","-0.46%"
"SRC182","17","13","Fidelity High Yield CMBS","1","301","Invested Assets","155,506,278"
"SRC182","17","13","Fidelity High Yield CMBS","2","403","Investment Income","1 ,680,029"
"SRC182","17","13","Fidelity High Yield CMBS","3","492","(Withdrawals)","(678,033)"
"SRC182","17","13","Fidelity High Yield CMBS","4","587","Ending Invested Assets","1 56,508,274"
"SRC182","17","13","Fidelity High Yield CMBS","5","652","(decrease)","0.64%"
"SRC182","17","13","Fidelity High Yield CMBS","6","712","Income","1.08%"
"SRC182","17","14","Heitman Real Estate Debt Partners III","1","301","Invested Assets","7,305,983"
"SRC182","17","14","Heitman Real Estate Debt Partners III","2","403","Investment Income","2 83,023"
"SRC182","17","14","Heitman Real Estate Debt Partners III","3","492","(Withdrawals)","(127,893)"
"SRC182","17","14","Heitman Real Estate Debt Partners III","4","587","Ending Invested Assets","7 ,461,113"
"SRC182","17","14","Heitman Real Estate Debt Partners III","5","652","(decrease)","2.12%"
"SRC182","17","14","Heitman Real Estate Debt Partners III","6","712","Income","3.91%"
"SRC182","17","15","ING Clarion Development Ventures III","1","301","Invested Assets","456,280"
"SRC182","17","15","ING Clarion Development Ventures III","2","403","Investment Income","(25,584)"
"SRC182","17","15","ING Clarion Development Ventures III","4","587","Ending Invested Assets","430,696"
"SRC182","17","15","ING Clarion Development Ventures III","5","652","(decrease)","-5.61%"
"SRC182","17","15","ING Clarion Development Ventures III","6","712","Income","-5.61%"
"SRC182","17","16","KKR Real Estate Partners Americas L.P.","1","301","Invested Assets","331,959"
"SRC182","17","16","KKR Real Estate Partners Americas L.P.","2","403","Investment Income","5 1,928"
"SRC182","17","16","KKR Real Estate Partners Americas L.P.","4","587","Ending Invested Assets","383,887"
"SRC182","17","16","KKR Real Estate Partners Americas L.P.","5","652","(decrease)","15.64%"
"SRC182","17","16","KKR Real Estate Partners Americas L.P.","6","712","Income","15.64%"
"SRC182","17","17","KKR Real Estate Partners Americas II","1","301","Invested Assets","4,184,126"
"SRC182","17","17","KKR Real Estate Partners Americas II","2","403","Investment Income","(302,774)"
"SRC182","17","17","KKR Real Estate Partners Americas II","3","492","(Withdrawals)","1 7,899"
"SRC182","17","17","KKR Real Estate Partners Americas II","4","587","Ending Invested Assets","3 ,899,251"
"SRC182","17","17","KKR Real Estate Partners Americas II","5","652","(decrease)","-6.81%"
"SRC182","17","17","KKR Real Estate Partners Americas II","6","712","Income","-7.22%"
"SRC182","17","18","KKR Real Estate Partners Americas III","1","301","Invested Assets","44,321,792"
"SRC182","17","18","KKR Real Estate Partners Americas III","2","403","Investment Income","5 18,856"
"SRC182","17","18","KKR Real Estate Partners Americas III","3","492","(Withdrawals)","1 79,632"
"SRC182","17","18","KKR Real Estate Partners Americas III","4","587","Ending Invested Assets","45,020,280"
"SRC182","17","18","KKR Real Estate Partners Americas III","5","652","(decrease)","1.58%"
"SRC182","17","18","KKR Real Estate Partners Americas III","6","712","Income","1.17%"
"SRC182","17","19","Silverpeak Legacy Pension Partners II, L.P.","1","301","Invested Assets","781,812"
"SRC182","17","19","Silverpeak Legacy Pension Partners II, L.P.","2","403","Investment Income","(9,534)"
"SRC182","17","19","Silverpeak Legacy Pension Partners II, L.P.","4","587","Ending Invested Assets","772,278"
"SRC182","17","19","Silverpeak Legacy Pension Partners II, L.P.","5","652","(decrease)","-1.22%"
"SRC182","17","19","Silverpeak Legacy Pension Partners II, L.P.","6","712","Income","-1.22%"
"SRC182","17","20","Silverpeak Legacy Pension Partners III, L.P.","1","301","Invested Assets","813,173"
"SRC182","17","20","Silverpeak Legacy Pension Partners III, L.P.","2","403","Investment Income","(34,129)"
"SRC182","17","20","Silverpeak Legacy Pension Partners III, L.P.","4","587","Ending Invested Assets","779,044"
"SRC182","17","20","Silverpeak Legacy Pension Partners III, L.P.","5","652","(decrease)","-4.20%"
"SRC182","17","20","Silverpeak Legacy Pension Partners III, L.P.","6","712","Income","-4.20%"
"SRC182","17","21","Walton Street Real Estate Core Debt Fund","1","301","Invested Assets","21,675,378"
"SRC182","17","21","Walton Street Real Estate Core Debt Fund","2","403","Investment Income","6 19,848"
"SRC182","17","21","Walton Street Real Estate Core Debt Fund","4","587","Ending Invested Assets","22,295,226"
"SRC182","17","21","Walton Street Real Estate Core Debt Fund","5","652","(decrease)","2.86%"
"SRC182","17","21","Walton Street Real Estate Core Debt Fund","6","712","Income","2.86%"
"SRC182","17","22","Total Non-Core Commingled","1","301","Invested Assets","321,629,511"
"SRC182","17","22","Total Non-Core Commingled","2","403","Investment Income","3 ,967,417"
"SRC182","17","22","Total Non-Core Commingled","3","492","(Withdrawals)","1 ,308,760"
"SRC182","17","22","Total Non-Core Commingled","4","587","Ending Invested Assets","326,905,688"
"SRC182","17","22","Total Non-Core Commingled","5","652","(decrease)","1.64%"
"SRC182","17","22","Total Non-Core Commingled","6","712","Income","1.23%"
"SRC182","17","23","Total Real Estate 1,670,213,265","2","403","Investment Income","15,678,289"
"SRC182","17","23","Total Real Estate 1,670,213,265","3","492","(Withdrawals)","(1,557,650)"
"SRC182","17","23","Total Real Estate 1,670,213,265","4","587","Ending Invested Assets","1,684,333,904"
"SRC182","17","23","Total Real Estate 1,670,213,265","5","652","(decrease)","0.85%"
"SRC182","17","23","Total Real Estate 1,670,213,265","6","712","Income","0.94%"
"SRC182","17","24","Total Real Assets 4,679,439,350","2","403","Investment Income","60,896,758"
"SRC182","17","24","Total Real Assets 4,679,439,350","3","492","(Withdrawals)","(2,632,805)"
"SRC182","17","24","Total Real Assets 4,679,439,350","4","587","Ending Invested Assets","4,737,703,303"
"SRC182","17","24","Total Real Assets 4,679,439,350","5","652","(decrease)","1.25%"
"SRC182","17","24","Total Real Assets 4,679,439,350","6","712","Income","1.30%"
"SRC182","17","25","Total Assets $ 33,285,352,014","2","403","Investment Income","807,564,485"
"SRC182","17","25","Total Assets $ 33,285,352,014","3","492","(Withdrawals)","(103,550,095)"
"SRC182","17","25","Total Assets $ 33,285,352,014","4","587","Ending Invested Assets","3 3,989,366,404"
"SRC182","17","25","Total Assets $ 33,285,352,014","5","652","(decrease)","2.12%"
"SRC182","17","25","Total Assets $ 33,285,352,014","6","712","Income","2.43%"
"SRC182","19","1","Alaska Stable Value Fund $","1","285","Beginning Invested Assets","3 96,475,367"
"SRC182","19","1","Alaska Stable Value Fund $","2","367","Investment Income","771,978"
"SRC182","19","1","Alaska Stable Value Fund $","4","450","Net Contributions (Withdrawals)","(2,911,422)"
"SRC182","19","1","Alaska Stable Value Fund $","5","531","Transfers In (Out)","(6,583,384)"
"SRC182","19","1","Alaska Stable Value Fund $","6","601","Ending Invested Assets","3 87,752,539"
"SRC182","19","1","Alaska Stable Value Fund $","7","659","Invested Assets","-2.20%"
"SRC182","19","1","Alaska Stable Value Fund $","8","717","to Investment Income (1)","0.20%"
"SRC182","19","2","Small Cap Stock Fund","1","285","Beginning Invested Assets","1 54,401,005"
"SRC182","19","2","Small Cap Stock Fund","2","367","Investment Income","5,856,232"
"SRC182","19","2","Small Cap Stock Fund","4","450","Net Contributions (Withdrawals)","(145,241)"
"SRC182","19","2","Small Cap Stock Fund","5","531","Transfers In (Out)","(676,124)"
"SRC182","19","2","Small Cap Stock Fund","6","601","Ending Invested Assets","1 59,435,872"
"SRC182","19","2","Small Cap Stock Fund","7","659","Invested Assets","3.26%"
"SRC182","19","2","Small Cap Stock Fund","8","717","to Investment Income (1)","3.80%"
"SRC182","19","3","Alaska Conservative Balanced Fund 1,024,534,938","2","367","Investment Income","17,269,725"
"SRC182","19","3","Alaska Conservative Balanced Fund 1,024,534,938","4","450","Net Contributions (Withdrawals)","(5,144,721)"
"SRC182","19","3","Alaska Conservative Balanced Fund 1,024,534,938","5","531","Transfers In (Out)","(801,204)"
"SRC182","19","3","Alaska Conservative Balanced Fund 1,024,534,938","6","601","Ending Invested Assets","1 ,035,858,738"
"SRC182","19","3","Alaska Conservative Balanced Fund 1,024,534,938","7","659","Invested Assets","1.11%"
"SRC182","19","3","Alaska Conservative Balanced Fund 1,024,534,938","8","717","to Investment Income (1)","1.69%"
"SRC182","19","4","Alaska Moderate Growth Balanced Fund","1","285","Beginning Invested Assets","8 01,321,785"
"SRC182","19","4","Alaska Moderate Growth Balanced Fund","2","367","Investment Income","25,817,744"
"SRC182","19","4","Alaska Moderate Growth Balanced Fund","4","450","Net Contributions (Withdrawals)","280,064"
"SRC182","19","4","Alaska Moderate Growth Balanced Fund","5","531","Transfers In (Out)","(795,967)"
"SRC182","19","4","Alaska Moderate Growth Balanced Fund","6","601","Ending Invested Assets","8 26,623,626"
"SRC182","19","4","Alaska Moderate Growth Balanced Fund","7","659","Invested Assets","3.16%"
"SRC182","19","4","Alaska Moderate Growth Balanced Fund","8","717","to Investment Income (1)","3.22%"
"SRC182","19","5","Alaska Target Date 2010 Trust","1","285","Beginning Invested Assets","11,659,004"
"SRC182","19","5","Alaska Target Date 2010 Trust","2","367","Investment Income","203,286"
"SRC182","19","5","Alaska Target Date 2010 Trust","4","450","Net Contributions (Withdrawals)","(191,075)"
"SRC182","19","5","Alaska Target Date 2010 Trust","5","531","Transfers In (Out)","33,230"
"SRC182","19","5","Alaska Target Date 2010 Trust","6","601","Ending Invested Assets","11,704,445"
"SRC182","19","5","Alaska Target Date 2010 Trust","7","659","Invested Assets","0.39%"
"SRC182","19","5","Alaska Target Date 2010 Trust","8","717","to Investment Income (1)","1.76%"
"SRC182","19","6","Alaska Target Date 2015 Trust","1","285","Beginning Invested Assets","64,118,529"
"SRC182","19","6","Alaska Target Date 2015 Trust","2","367","Investment Income","1,309,184"
"SRC182","19","6","Alaska Target Date 2015 Trust","4","450","Net Contributions (Withdrawals)","(80,775)"
"SRC182","19","6","Alaska Target Date 2015 Trust","5","531","Transfers In (Out)","240,372"
"SRC182","19","6","Alaska Target Date 2015 Trust","6","601","Ending Invested Assets","65,587,310"
"SRC182","19","6","Alaska Target Date 2015 Trust","7","659","Invested Assets","2.29%"
"SRC182","19","6","Alaska Target Date 2015 Trust","8","717","to Investment Income (1)","2.04%"
"SRC182","19","7","Alaska Target Date 2020 Trust","1","285","Beginning Invested Assets","78,626,644"
"SRC182","19","7","Alaska Target Date 2020 Trust","2","367","Investment Income","1,882,543"
"SRC182","19","7","Alaska Target Date 2020 Trust","4","450","Net Contributions (Withdrawals)","(925,503)"
"SRC182","19","7","Alaska Target Date 2020 Trust","5","531","Transfers In (Out)","70,411"
"SRC182","19","7","Alaska Target Date 2020 Trust","6","601","Ending Invested Assets","79,654,095"
"SRC182","19","7","Alaska Target Date 2020 Trust","7","659","Invested Assets","1.31%"
"SRC182","19","7","Alaska Target Date 2020 Trust","8","717","to Investment Income (1)","2.41%"
"SRC182","19","8","Alaska Target Date 2025 Trust","1","285","Beginning Invested Assets","1 25,615,350"
"SRC182","19","8","Alaska Target Date 2025 Trust","2","367","Investment Income","3,741,680"
"SRC182","19","8","Alaska Target Date 2025 Trust","4","450","Net Contributions (Withdrawals)","104,333"
"SRC182","19","8","Alaska Target Date 2025 Trust","5","531","Transfers In (Out)","(149,503)"
"SRC182","19","8","Alaska Target Date 2025 Trust","6","601","Ending Invested Assets","1 29,311,860"
"SRC182","19","8","Alaska Target Date 2025 Trust","7","659","Invested Assets","2.94%"
"SRC182","19","8","Alaska Target Date 2025 Trust","8","717","to Investment Income (1)","2.98%"
"SRC182","19","9","Alaska Target Date 2030 Trust","1","285","Beginning Invested Assets","1 47,452,843"
"SRC182","19","9","Alaska Target Date 2030 Trust","2","367","Investment Income","5,252,656"
"SRC182","19","9","Alaska Target Date 2030 Trust","4","450","Net Contributions (Withdrawals)","175,903"
"SRC182","19","9","Alaska Target Date 2030 Trust","5","531","Transfers In (Out)","709,476"
"SRC182","19","9","Alaska Target Date 2030 Trust","6","601","Ending Invested Assets","1 53,590,878"
"SRC182","19","9","Alaska Target Date 2030 Trust","7","659","Invested Assets","4.16%"
"SRC182","19","9","Alaska Target Date 2030 Trust","8","717","to Investment Income (1)","3.55%"
"SRC182","19","10","Alaska Target Date 2035 Trust","1","285","Beginning Invested Assets","1 51,967,156"
"SRC182","19","10","Alaska Target Date 2035 Trust","2","367","Investment Income","6,120,761"
"SRC182","19","10","Alaska Target Date 2035 Trust","4","450","Net Contributions (Withdrawals)","1,095,218"
"SRC182","19","10","Alaska Target Date 2035 Trust","5","531","Transfers In (Out)","(112,397)"
"SRC182","19","10","Alaska Target Date 2035 Trust","6","601","Ending Invested Assets","1 59,070,738"
"SRC182","19","10","Alaska Target Date 2035 Trust","7","659","Invested Assets","4.67%"
"SRC182","19","10","Alaska Target Date 2035 Trust","8","717","to Investment Income (1)","4.01%"
"SRC182","19","11","Alaska Target Date 2040 Trust","1","285","Beginning Invested Assets","1 40,585,877"
"SRC182","19","11","Alaska Target Date 2040 Trust","2","367","Investment Income","6,309,407"
"SRC182","19","11","Alaska Target Date 2040 Trust","4","450","Net Contributions (Withdrawals)","988,551"
"SRC182","19","11","Alaska Target Date 2040 Trust","5","531","Transfers In (Out)","870,244"
"SRC182","19","11","Alaska Target Date 2040 Trust","6","601","Ending Invested Assets","1 48,754,079"
"SRC182","19","11","Alaska Target Date 2040 Trust","7","659","Invested Assets","5.81%"
"SRC182","19","11","Alaska Target Date 2040 Trust","8","717","to Investment Income (1)","4.46%"
"SRC182","19","12","Alaska Target Date 2045 Trust","1","285","Beginning Invested Assets","1 70,559,492"
"SRC182","19","12","Alaska Target Date 2045 Trust","2","367","Investment Income","8,258,252"
"SRC182","19","12","Alaska Target Date 2045 Trust","4","450","Net Contributions (Withdrawals)","1,037,967"
"SRC182","19","12","Alaska Target Date 2045 Trust","5","531","Transfers In (Out)","(22,039)"
"SRC182","19","12","Alaska Target Date 2045 Trust","6","601","Ending Invested Assets","1 79,833,672"
"SRC182","19","12","Alaska Target Date 2045 Trust","7","659","Invested Assets","5.44%"
"SRC182","19","12","Alaska Target Date 2045 Trust","8","717","to Investment Income (1)","4.83%"
"SRC182","19","13","Alaska Target Date 2050 Trust","1","285","Beginning Invested Assets","1 91,811,598"
"SRC182","19","13","Alaska Target Date 2050 Trust","2","367","Investment Income","9,844,911"
"SRC182","19","13","Alaska Target Date 2050 Trust","4","450","Net Contributions (Withdrawals)","965,265"
"SRC182","19","13","Alaska Target Date 2050 Trust","5","531","Transfers In (Out)","393,904"
"SRC182","19","13","Alaska Target Date 2050 Trust","6","601","Ending Invested Assets","2 03,015,678"
"SRC182","19","13","Alaska Target Date 2050 Trust","7","659","Invested Assets","5.84%"
"SRC182","19","13","Alaska Target Date 2050 Trust","8","717","to Investment Income (1)","5.11%"
"SRC182","19","14","Alaska Target Date 2055 Trust","1","285","Beginning Invested Assets","2 09,446,446"
"SRC182","19","14","Alaska Target Date 2055 Trust","2","367","Investment Income","10,733,769"
"SRC182","19","14","Alaska Target Date 2055 Trust","4","450","Net Contributions (Withdrawals)","1,499,207"
"SRC182","19","14","Alaska Target Date 2055 Trust","5","531","Transfers In (Out)","(222,466)"
"SRC182","19","14","Alaska Target Date 2055 Trust","6","601","Ending Invested Assets","2 21,456,956"
"SRC182","19","14","Alaska Target Date 2055 Trust","7","659","Invested Assets","5.73%"
"SRC182","19","14","Alaska Target Date 2055 Trust","8","717","to Investment Income (1)","5.11%"
"SRC182","19","15","Alaska Target Date 2060 Trust","1","285","Beginning Invested Assets","38,634,694"
"SRC182","19","15","Alaska Target Date 2060 Trust","2","367","Investment Income","2,005,667"
"SRC182","19","15","Alaska Target Date 2060 Trust","4","450","Net Contributions (Withdrawals)","786,802"
"SRC182","19","15","Alaska Target Date 2060 Trust","5","531","Transfers In (Out)","34,311"
"SRC182","19","15","Alaska Target Date 2060 Trust","6","601","Ending Invested Assets","41,461,474"
"SRC182","19","15","Alaska Target Date 2060 Trust","7","659","Invested Assets","7.32%"
"SRC182","19","15","Alaska Target Date 2060 Trust","8","717","to Investment Income (1)","5.14%"
"SRC182","19","16","Alaska Target Date 2065 Trust","1","285","Beginning Invested Assets","27,485,620"
"SRC182","19","16","Alaska Target Date 2065 Trust","2","367","Investment Income","1,430,987"
"SRC182","19","16","Alaska Target Date 2065 Trust","4","450","Net Contributions (Withdrawals)","790,620"
"SRC182","19","16","Alaska Target Date 2065 Trust","5","531","Transfers In (Out)","(26,610)"
"SRC182","19","16","Alaska Target Date 2065 Trust","6","601","Ending Invested Assets","29,680,617"
"SRC182","19","16","Alaska Target Date 2065 Trust","7","659","Invested Assets","7.99%"
"SRC182","19","16","Alaska Target Date 2065 Trust","8","717","to Investment Income (1)","5.13%"
"SRC182","19","17","Total Investments with T. Rowe Price 3,734,696,348","2","367","Investment Income","1 06,808,782"
"SRC182","19","17","Total Investments with T. Rowe Price 3,734,696,348","4","450","Net Contributions (Withdrawals)","(1,674,807)"
"SRC182","19","17","Total Investments with T. Rowe Price 3,734,696,348","5","531","Transfers In (Out)","(7,037,746)"
"SRC182","19","17","Total Investments with T. Rowe Price 3,734,696,348","6","601","Ending Invested Assets","3 ,832,792,577"
"SRC182","19","18","Money Market","1","285","Beginning Invested Assets","83,596,523"
"SRC182","19","18","Money Market","2","367","Investment Income","297,126"
"SRC182","19","18","Money Market","4","450","Net Contributions (Withdrawals)","(961,152)"
"SRC182","19","18","Money Market","5","531","Transfers In (Out)","(613,971)"
"SRC182","19","18","Money Market","6","601","Ending Invested Assets","82,318,526"
"SRC182","19","18","Money Market","7","659","Invested Assets","-1.53%"
"SRC182","19","18","Money Market","8","717","to Investment Income (1)","0.36%"
"SRC182","19","19","S&P 500 Stock Index","1","285","Beginning Invested Assets","6 67,490,580"
"SRC182","19","19","S&P 500 Stock Index","2","367","Investment Income","42,063,282"
"SRC182","19","19","S&P 500 Stock Index","4","450","Net Contributions (Withdrawals)","(1,150,918)"
"SRC182","19","19","S&P 500 Stock Index","5","531","Transfers In (Out)","4,079,755"
"SRC182","19","19","S&P 500 Stock Index","6","601","Ending Invested Assets","7 12,482,699"
"SRC182","19","19","S&P 500 Stock Index","7","659","Invested Assets","6.74%"
"SRC182","19","19","S&P 500 Stock Index","8","717","to Investment Income (1)","6.29%"
"SRC182","19","20","Russell 3000 Index","1","285","Beginning Invested Assets","1 94,305,862"
"SRC182","19","20","Russell 3000 Index","2","367","Investment Income","12,258,207"
"SRC182","19","20","Russell 3000 Index","4","450","Net Contributions (Withdrawals)","(760,234)"
"SRC182","19","20","Russell 3000 Index","5","531","Transfers In (Out)","390,082"
"SRC182","19","20","Russell 3000 Index","6","601","Ending Invested Assets","2 06,193,917"
"SRC182","19","20","Russell 3000 Index","7","659","Invested Assets","6.12%"
"SRC182","19","20","Russell 3000 Index","8","717","to Investment Income (1)","6.31%"
"SRC182","19","21","World Equity Ex-US Index","1","285","Beginning Invested Assets","1 24,251,010"
"SRC182","19","21","World Equity Ex-US Index","2","367","Investment Income","5,687,907"
"SRC182","19","21","World Equity Ex-US Index","4","450","Net Contributions (Withdrawals)","(485,524)"
"SRC182","19","21","World Equity Ex-US Index","5","531","Transfers In (Out)","1,172,344"
"SRC182","19","21","World Equity Ex-US Index","6","601","Ending Invested Assets","1 30,625,737"
"SRC182","19","21","World Equity Ex-US Index","7","659","Invested Assets","5.13%"
"SRC182","19","21","World Equity Ex-US Index","8","717","to Investment Income (1)","4.57%"
"SRC182","19","22","Total Investments with SSgA 1,069,643,975","2","367","Investment Income","60,306,522"
"SRC182","19","22","Total Investments with SSgA 1,069,643,975","4","450","Net Contributions (Withdrawals)","(3,357,828)"
"SRC182","19","22","Total Investments with SSgA 1,069,643,975","5","531","Transfers In (Out)","5,028,210"
"SRC182","19","22","Total Investments with SSgA 1,069,643,975","6","601","Ending Invested Assets","1 ,131,620,879"
"SRC182","19","23","Mid Capitalization Equity Index","1","285","Beginning Invested Assets","17,579,681"
"SRC182","19","23","Mid Capitalization Equity Index","2","367","Investment Income","937,855"
"SRC182","19","23","Mid Capitalization Equity Index","4","450","Net Contributions (Withdrawals)","(65,876)"
"SRC182","19","23","Mid Capitalization Equity Index","5","531","Transfers In (Out)","633,528"
"SRC182","19","23","Mid Capitalization Equity Index","6","601","Ending Invested Assets","19,085,188"
"SRC182","19","23","Mid Capitalization Equity Index","7","659","Invested Assets","8.56%"
"SRC182","19","23","Mid Capitalization Equity Index","8","717","to Investment Income (1)","5.25%"
"SRC182","19","24","S&P SmallCap 600 Equity Index","1","285","Beginning Invested Assets","2,107,497"
"SRC182","19","24","S&P SmallCap 600 Equity Index","2","367","Investment Income","111,003"
"SRC182","19","24","S&P SmallCap 600 Equity Index","4","450","Net Contributions (Withdrawals)","9,770"
"SRC182","19","24","S&P SmallCap 600 Equity Index","5","531","Transfers In (Out)","495,236"
"SRC182","19","24","S&P SmallCap 600 Equity Index","6","601","Ending Invested Assets","2,723,506"
"SRC182","19","24","S&P SmallCap 600 Equity Index","7","659","Invested Assets","29.23%"
"SRC182","19","24","S&P SmallCap 600 Equity Index","8","717","to Investment Income (1)","4.70%"
"SRC182","19","25","Passive U.S. Bond Index Fund","1","285","Beginning Invested Assets","1 57,326,139"
"SRC182","19","25","Passive U.S. Bond Index Fund","2","367","Investment Income","(1,129,253)"
"SRC182","19","25","Passive U.S. Bond Index Fund","4","450","Net Contributions (Withdrawals)","(1,431,887)"
"SRC182","19","25","Passive U.S. Bond Index Fund","5","531","Transfers In (Out)","(385,656)"
"SRC182","19","25","Passive U.S. Bond Index Fund","6","601","Ending Invested Assets","1 54,379,343"
"SRC182","19","25","Passive U.S. Bond Index Fund","7","659","Invested Assets","-1.87%"
"SRC182","19","25","Passive U.S. Bond Index Fund","8","717","to Investment Income (1)","-0.72%"
"SRC182","19","26","Strategic Completion Fund","1","285","Beginning Invested Assets","49,461,641"
"SRC182","19","26","Strategic Completion Fund","2","367","Investment Income","367,219"
"SRC182","19","26","Strategic Completion Fund","4","450","Net Contributions (Withdrawals)","(269,811)"
"SRC182","19","26","Strategic Completion Fund","5","531","Transfers In (Out)","(199,449)"
"SRC182","19","26","Strategic Completion Fund","6","601","Ending Invested Assets","49,359,600"
"SRC182","19","26","Strategic Completion Fund","7","659","Invested Assets","-0.21%"
"SRC182","19","26","Strategic Completion Fund","8","717","to Investment Income (1)","0.75%"
"SRC182","19","27","Total Investments with BlackRock","1","285","Beginning Invested Assets","2 26,474,958"
"SRC182","19","27","Total Investments with BlackRock","2","367","Investment Income","286,824"
"SRC182","19","27","Total Investments with BlackRock","4","450","Net Contributions (Withdrawals)","(1,757,804)"
"SRC182","19","27","Total Investments with BlackRock","5","531","Transfers In (Out)","543,659"
"SRC182","19","27","Total Investments with BlackRock","6","601","Ending Invested Assets","2 25,547,637"
"SRC182","19","28","AK International Equity Fund","1","285","Beginning Invested Assets","83,935,112"
"SRC182","19","28","AK International Equity Fund","2","367","Investment Income","2,919,102"
"SRC182","19","28","AK International Equity Fund","4","450","Net Contributions (Withdrawals)","(290,903)"
"SRC182","19","28","AK International Equity Fund","5","531","Transfers In (Out)","523,763"
"SRC182","19","28","AK International Equity Fund","6","601","Ending Invested Assets","87,087,074"
"SRC182","19","28","AK International Equity Fund","7","659","Invested Assets","3.76%"
"SRC182","19","28","AK International Equity Fund","8","717","to Investment Income (1)","3.47%"
"SRC182","19","29","Environmental, Social, and Governance Fund","1","285","Beginning Invested Assets","88,139,797"
"SRC182","19","29","Environmental, Social, and Governance Fund","2","367","Investment Income","7,114,420"
"SRC182","19","29","Environmental, Social, and Governance Fund","4","450","Net Contributions (Withdrawals)","(20,885)"
"SRC182","19","29","Environmental, Social, and Governance Fund","5","531","Transfers In (Out)","862,603"
"SRC182","19","29","Environmental, Social, and Governance Fund","6","601","Ending Invested Assets","96,095,935"
"SRC182","19","29","Environmental, Social, and Governance Fund","7","659","Invested Assets","9.03%"
"SRC182","19","29","Environmental, Social, and Governance Fund","8","717","to Investment Income (1)","8.03%"
"SRC182","19","30","Core Plus Bond Fund","1","285","Beginning Invested Assets","18,509,229"
"SRC182","19","30","Core Plus Bond Fund","2","367","Investment Income","(71,029)"
"SRC182","19","30","Core Plus Bond Fund","4","450","Net Contributions (Withdrawals)","(99,144)"
"SRC182","19","30","Core Plus Bond Fund","5","531","Transfers In (Out)","79,511"
"SRC182","19","30","Core Plus Bond Fund","6","601","Ending Invested Assets","18,418,567"
"SRC182","19","30","Core Plus Bond Fund","7","659","Invested Assets","-0.49%"
"SRC182","19","30","Core Plus Bond Fund","8","717","to Investment Income (1)","-0.38%"
"SRC182","19","31","Total All Funds $ 5,221,399,419","2","367","Investment Income","1 77,364,621"
"SRC182","19","31","Total All Funds $ 5,221,399,419","4","450","Net Contributions (Withdrawals)","(7,201,371)"
"SRC182","19","31","Total All Funds $ 5,221,399,419","6","601","Ending Invested Assets","5 ,391,562,669"
"SRC182","19","31","Total All Funds $ 5,221,399,419","7","659","Invested Assets","3.26%"
"SRC182","19","31","Total All Funds $ 5,221,399,419","8","717","to Investment Income (1)","3.40%"
"SRC182","20","1","Alaska Stable Value Fund $","1","212","July","427,088"
"SRC182","20","1","Alaska Stable Value Fund $","2","260","August","424,007"
"SRC182","20","1","Alaska Stable Value Fund $","3","314","September","421,330"
"SRC182","20","1","Alaska Stable Value Fund $","4","358","October","406,699"
"SRC182","20","1","Alaska Stable Value Fund $","5","402","November","399,473"
"SRC182","20","1","Alaska Stable Value Fund $","6","447","December","389,632"
"SRC182","20","1","Alaska Stable Value Fund $","7","491","January","387,790"
"SRC182","20","1","Alaska Stable Value Fund $","8","545","February","388,373"
"SRC182","20","1","Alaska Stable Value Fund $","9","599","March","398,432"
"SRC182","20","1","Alaska Stable Value Fund $","10","644","April","396,473"
"SRC182","20","1","Alaska Stable Value Fund $","11","688","May","387,750"
"SRC182","20","2","Small Cap Stock Fund","1","212","July","201,068"
"SRC182","20","2","Small Cap Stock Fund","2","260","August","202,437"
"SRC182","20","2","Small Cap Stock Fund","3","314","September","202,225"
"SRC182","20","2","Small Cap Stock Fund","4","358","October","180,864"
"SRC182","20","2","Small Cap Stock Fund","5","402","November","198,010"
"SRC182","20","2","Small Cap Stock Fund","6","447","December","178,960"
"SRC182","20","2","Small Cap Stock Fund","7","491","January","180,469"
"SRC182","20","2","Small Cap Stock Fund","8","545","February","171,977"
"SRC182","20","2","Small Cap Stock Fund","9","599","March","159,250"
"SRC182","20","2","Small Cap Stock Fund","10","644","April","154,401"
"SRC182","20","2","Small Cap Stock Fund","11","688","May","159,436"
"SRC182","20","3","Alaska Conservative Balanced Fund","1","212","July","1,066,629"
"SRC182","20","3","Alaska Conservative Balanced Fund","2","260","August","1,077,107"
"SRC182","20","3","Alaska Conservative Balanced Fund","3","314","September","1,088,003"
"SRC182","20","3","Alaska Conservative Balanced Fund","4","358","October","1,050,647"
"SRC182","20","3","Alaska Conservative Balanced Fund","5","402","November","1,067,840"
"SRC182","20","3","Alaska Conservative Balanced Fund","6","447","December","1,036,886"
"SRC182","20","3","Alaska Conservative Balanced Fund","7","491","January","1,045,547"
"SRC182","20","3","Alaska Conservative Balanced Fund","8","545","February","1,050,531"
"SRC182","20","3","Alaska Conservative Balanced Fund","9","599","March","1,026,351"
"SRC182","20","3","Alaska Conservative Balanced Fund","10","644","April","1,024,535"
"SRC182","20","3","Alaska Conservative Balanced Fund","11","688","May","1,035,859"
"SRC182","20","4","Alaska Moderate Growth Balanced Fund","1","212","July","825,026"
"SRC182","20","4","Alaska Moderate Growth Balanced Fund","2","260","August","839,649"
"SRC182","20","4","Alaska Moderate Growth Balanced Fund","3","314","September","849,343"
"SRC182","20","4","Alaska Moderate Growth Balanced Fund","4","358","October","822,502"
"SRC182","20","4","Alaska Moderate Growth Balanced Fund","5","402","November","840,463"
"SRC182","20","4","Alaska Moderate Growth Balanced Fund","6","447","December","815,339"
"SRC182","20","4","Alaska Moderate Growth Balanced Fund","7","491","January","830,979"
"SRC182","20","4","Alaska Moderate Growth Balanced Fund","8","545","February","828,049"
"SRC182","20","4","Alaska Moderate Growth Balanced Fund","9","599","March","800,963"
"SRC182","20","4","Alaska Moderate Growth Balanced Fund","10","644","April","801,322"
"SRC182","20","4","Alaska Moderate Growth Balanced Fund","11","688","May","826,624"
"SRC182","20","5","Alaska Target Date 2010 Trust","1","212","July","10,906"
"SRC182","20","5","Alaska Target Date 2010 Trust","2","260","August","10,844"
"SRC182","20","5","Alaska Target Date 2010 Trust","3","314","September","11,084"
"SRC182","20","5","Alaska Target Date 2010 Trust","4","358","October","10,418"
"SRC182","20","5","Alaska Target Date 2010 Trust","5","402","November","10,549"
"SRC182","20","5","Alaska Target Date 2010 Trust","6","447","December","9,478"
"SRC182","20","5","Alaska Target Date 2010 Trust","7","491","January","9,407"
"SRC182","20","5","Alaska Target Date 2010 Trust","8","545","February","11,219"
"SRC182","20","5","Alaska Target Date 2010 Trust","9","599","March","11,320"
"SRC182","20","5","Alaska Target Date 2010 Trust","10","644","April","11,659"
"SRC182","20","5","Alaska Target Date 2010 Trust","11","688","May","11,704"
"SRC182","20","6","Alaska Target Date 2015 Trust","1","212","July","65,785"
"SRC182","20","6","Alaska Target Date 2015 Trust","2","260","August","66,370"
"SRC182","20","6","Alaska Target Date 2015 Trust","3","314","September","66,829"
"SRC182","20","6","Alaska Target Date 2015 Trust","4","358","October","63,817"
"SRC182","20","6","Alaska Target Date 2015 Trust","5","402","November","66,811"
"SRC182","20","6","Alaska Target Date 2015 Trust","6","447","December","64,642"
"SRC182","20","6","Alaska Target Date 2015 Trust","7","491","January","64,530"
"SRC182","20","6","Alaska Target Date 2015 Trust","8","545","February","65,941"
"SRC182","20","6","Alaska Target Date 2015 Trust","9","599","March","64,987"
"SRC182","20","6","Alaska Target Date 2015 Trust","10","644","April","64,119"
"SRC182","20","6","Alaska Target Date 2015 Trust","11","688","May","65,587"
"SRC182","20","7","Alaska Target Date 2020 Trust","1","212","July","80,380"
"SRC182","20","7","Alaska Target Date 2020 Trust","2","260","August","81,451"
"SRC182","20","7","Alaska Target Date 2020 Trust","3","314","September","82,651"
"SRC182","20","7","Alaska Target Date 2020 Trust","4","358","October","80,791"
"SRC182","20","7","Alaska Target Date 2020 Trust","5","402","November","82,522"
"SRC182","20","7","Alaska Target Date 2020 Trust","6","447","December","79,975"
"SRC182","20","7","Alaska Target Date 2020 Trust","7","491","January","80,638"
"SRC182","20","7","Alaska Target Date 2020 Trust","8","545","February","81,156"
"SRC182","20","7","Alaska Target Date 2020 Trust","9","599","March","79,891"
"SRC182","20","7","Alaska Target Date 2020 Trust","10","644","April","78,627"
"SRC182","20","7","Alaska Target Date 2020 Trust","11","688","May","79,654"
"SRC182","20","8","Alaska Target Date 2025 Trust","1","212","July","121,992"
"SRC182","20","8","Alaska Target Date 2025 Trust","2","260","August","124,308"
"SRC182","20","8","Alaska Target Date 2025 Trust","3","314","September","126,499"
"SRC182","20","8","Alaska Target Date 2025 Trust","4","358","October","123,524"
"SRC182","20","8","Alaska Target Date 2025 Trust","5","402","November","128,640"
"SRC182","20","8","Alaska Target Date 2025 Trust","6","447","December","125,886"
"SRC182","20","8","Alaska Target Date 2025 Trust","7","491","January","128,635"
"SRC182","20","8","Alaska Target Date 2025 Trust","8","545","February","128,308"
"SRC182","20","8","Alaska Target Date 2025 Trust","9","599","March","124,355"
"SRC182","20","8","Alaska Target Date 2025 Trust","10","644","April","125,615"
"SRC182","20","8","Alaska Target Date 2025 Trust","11","688","May","129,312"
"SRC182","20","9","Alaska Target Date 2030 Trust","1","212","July","134,373"
"SRC182","20","9","Alaska Target Date 2030 Trust","2","260","August","137,443"
"SRC182","20","9","Alaska Target Date 2030 Trust","3","314","September","140,945"
"SRC182","20","9","Alaska Target Date 2030 Trust","4","358","October","140,781"
"SRC182","20","9","Alaska Target Date 2030 Trust","5","402","November","147,499"
"SRC182","20","9","Alaska Target Date 2030 Trust","6","447","December","146,677"
"SRC182","20","9","Alaska Target Date 2030 Trust","7","491","January","150,097"
"SRC182","20","9","Alaska Target Date 2030 Trust","8","545","February","148,256"
"SRC182","20","9","Alaska Target Date 2030 Trust","9","599","March","145,141"
"SRC182","20","9","Alaska Target Date 2030 Trust","10","644","April","147,453"
"SRC182","20","9","Alaska Target Date 2030 Trust","11","688","May","153,591"
"SRC182","20","10","Alaska Target Date 2035 Trust","1","212","July","135,008"
"SRC182","20","10","Alaska Target Date 2035 Trust","2","260","August","138,822"
"SRC182","20","10","Alaska Target Date 2035 Trust","3","314","September","143,559"
"SRC182","20","10","Alaska Target Date 2035 Trust","4","358","October","141,544"
"SRC182","20","10","Alaska Target Date 2035 Trust","5","402","November","147,855"
"SRC182","20","10","Alaska Target Date 2035 Trust","6","447","December","148,088"
"SRC182","20","10","Alaska Target Date 2035 Trust","7","491","January","154,236"
"SRC182","20","10","Alaska Target Date 2035 Trust","8","545","February","153,538"
"SRC182","20","10","Alaska Target Date 2035 Trust","9","599","March","149,168"
"SRC182","20","10","Alaska Target Date 2035 Trust","10","644","April","151,967"
"SRC182","20","10","Alaska Target Date 2035 Trust","11","688","May","159,071"
"SRC182","20","11","Alaska Target Date 2040 Trust","1","212","July","130,799"
"SRC182","20","11","Alaska Target Date 2040 Trust","2","260","August","133,413"
"SRC182","20","11","Alaska Target Date 2040 Trust","3","314","September","137,120"
"SRC182","20","11","Alaska Target Date 2040 Trust","4","358","October","135,632"
"SRC182","20","11","Alaska Target Date 2040 Trust","5","402","November","141,318"
"SRC182","20","11","Alaska Target Date 2040 Trust","6","447","December","139,173"
"SRC182","20","11","Alaska Target Date 2040 Trust","7","491","January","143,120"
"SRC182","20","11","Alaska Target Date 2040 Trust","8","545","February","142,888"
"SRC182","20","11","Alaska Target Date 2040 Trust","9","599","March","138,561"
"SRC182","20","11","Alaska Target Date 2040 Trust","10","644","April","140,586"
"SRC182","20","11","Alaska Target Date 2040 Trust","11","688","May","148,754"
"SRC182","20","12","Alaska Target Date 2045 Trust","1","212","July","157,147"
"SRC182","20","12","Alaska Target Date 2045 Trust","2","260","August","161,307"
"SRC182","20","12","Alaska Target Date 2045 Trust","3","314","September","165,780"
"SRC182","20","12","Alaska Target Date 2045 Trust","4","358","October","163,628"
"SRC182","20","12","Alaska Target Date 2045 Trust","5","402","November","171,295"
"SRC182","20","12","Alaska Target Date 2045 Trust","6","447","December","167,760"
"SRC182","20","12","Alaska Target Date 2045 Trust","7","491","January","174,072"
"SRC182","20","12","Alaska Target Date 2045 Trust","8","545","February","175,410"
"SRC182","20","12","Alaska Target Date 2045 Trust","9","599","March","168,730"
"SRC182","20","12","Alaska Target Date 2045 Trust","10","644","April","170,559"
"SRC182","20","12","Alaska Target Date 2045 Trust","11","688","May","179,834"
"SRC182","20","13","Alaska Target Date 2050 Trust","1","212","July","175,762"
"SRC182","20","13","Alaska Target Date 2050 Trust","2","260","August","180,724"
"SRC182","20","13","Alaska Target Date 2050 Trust","3","314","September","186,079"
"SRC182","20","13","Alaska Target Date 2050 Trust","4","358","October","183,972"
"SRC182","20","13","Alaska Target Date 2050 Trust","5","402","November","192,527"
"SRC182","20","13","Alaska Target Date 2050 Trust","6","447","December","188,343"
"SRC182","20","13","Alaska Target Date 2050 Trust","7","491","January","195,166"
"SRC182","20","13","Alaska Target Date 2050 Trust","8","545","February","195,216"
"SRC182","20","13","Alaska Target Date 2050 Trust","9","599","March","189,429"
"SRC182","20","13","Alaska Target Date 2050 Trust","10","644","April","191,812"
"SRC182","20","13","Alaska Target Date 2050 Trust","11","688","May","203,016"
"SRC182","20","14","Alaska Target Date 2055 Trust","1","212","July","194,141"
"SRC182","20","14","Alaska Target Date 2055 Trust","2","260","August","199,698"
"SRC182","20","14","Alaska Target Date 2055 Trust","3","314","September","205,706"
"SRC182","20","14","Alaska Target Date 2055 Trust","4","358","October","203,140"
"SRC182","20","14","Alaska Target Date 2055 Trust","5","402","November","211,768"
"SRC182","20","14","Alaska Target Date 2055 Trust","6","447","December","207,277"
"SRC182","20","14","Alaska Target Date 2055 Trust","7","491","January","214,177"
"SRC182","20","14","Alaska Target Date 2055 Trust","8","545","February","213,806"
"SRC182","20","14","Alaska Target Date 2055 Trust","9","599","March","206,163"
"SRC182","20","14","Alaska Target Date 2055 Trust","10","644","April","209,446"
"SRC182","20","14","Alaska Target Date 2055 Trust","11","688","May","221,457"
"SRC182","20","15","Alaska Target Date 2060 Trust","1","212","July","30,249"
"SRC182","20","15","Alaska Target Date 2060 Trust","2","260","August","31,637"
"SRC182","20","15","Alaska Target Date 2060 Trust","3","314","September","33,323"
"SRC182","20","15","Alaska Target Date 2060 Trust","4","358","October","32,910"
"SRC182","20","15","Alaska Target Date 2060 Trust","5","402","November","34,889"
"SRC182","20","15","Alaska Target Date 2060 Trust","6","447","December","35,356"
"SRC182","20","15","Alaska Target Date 2060 Trust","7","491","January","37,484"
"SRC182","20","15","Alaska Target Date 2060 Trust","8","545","February","37,978"
"SRC182","20","15","Alaska Target Date 2060 Trust","9","599","March","37,434"
"SRC182","20","15","Alaska Target Date 2060 Trust","10","644","April","38,635"
"SRC182","20","15","Alaska Target Date 2060 Trust","11","688","May","41,461"
"SRC182","20","16","Alaska Target Date 2065 Trust","1","212","July","18,814"
"SRC182","20","16","Alaska Target Date 2065 Trust","2","260","August","20,252"
"SRC182","20","16","Alaska Target Date 2065 Trust","3","314","September","21,741"
"SRC182","20","16","Alaska Target Date 2065 Trust","4","358","October","22,628"
"SRC182","20","16","Alaska Target Date 2065 Trust","5","402","November","24,113"
"SRC182","20","16","Alaska Target Date 2065 Trust","6","447","December","24,376"
"SRC182","20","16","Alaska Target Date 2065 Trust","7","491","January","25,836"
"SRC182","20","16","Alaska Target Date 2065 Trust","8","545","February","26,233"
"SRC182","20","16","Alaska Target Date 2065 Trust","9","599","March","25,955"
"SRC182","20","16","Alaska Target Date 2065 Trust","10","644","April","27,486"
"SRC182","20","16","Alaska Target Date 2065 Trust","11","688","May","29,681"
"SRC182","20","17","Money Market","1","212","July","77,924"
"SRC182","20","17","Money Market","2","260","August","77,644"
"SRC182","20","17","Money Market","3","314","September","76,886"
"SRC182","20","17","Money Market","4","358","October","75,577"
"SRC182","20","17","Money Market","5","402","November","72,382"
"SRC182","20","17","Money Market","6","447","December","72,321"
"SRC182","20","17","Money Market","7","491","January","72,831"
"SRC182","20","17","Money Market","8","545","February","79,678"
"SRC182","20","17","Money Market","9","599","March","81,300"
"SRC182","20","17","Money Market","10","644","April","83,597"
"SRC182","20","17","Money Market","11","688","May","82,319"
"SRC182","20","18","S&P 500 Stock Index","1","212","July","666,564"
"SRC182","20","18","S&P 500 Stock Index","2","260","August","682,644"
"SRC182","20","18","S&P 500 Stock Index","3","314","September","699,515"
"SRC182","20","18","S&P 500 Stock Index","4","358","October","691,166"
"SRC182","20","18","S&P 500 Stock Index","5","402","November","738,254"
"SRC182","20","18","S&P 500 Stock Index","6","447","December","720,266"
"SRC182","20","18","S&P 500 Stock Index","7","491","January","743,318"
"SRC182","20","18","S&P 500 Stock Index","8","545","February","724,379"
"SRC182","20","18","S&P 500 Stock Index","9","599","March","668,633"
"SRC182","20","18","S&P 500 Stock Index","10","644","April","667,491"
"SRC182","20","18","S&P 500 Stock Index","11","688","May","712,483"
"SRC182","20","19","Russell 3000 Index","1","212","July","194,505"
"SRC182","20","19","Russell 3000 Index","2","260","August","198,892"
"SRC182","20","19","Russell 3000 Index","3","314","September","202,997"
"SRC182","20","19","Russell 3000 Index","4","358","October","209,074"
"SRC182","20","19","Russell 3000 Index","5","402","November","223,685"
"SRC182","20","19","Russell 3000 Index","6","447","December","215,503"
"SRC182","20","19","Russell 3000 Index","7","491","January","222,957"
"SRC182","20","19","Russell 3000 Index","8","545","February","214,899"
"SRC182","20","19","Russell 3000 Index","9","599","March","198,456"
"SRC182","20","19","Russell 3000 Index","10","644","April","194,306"
"SRC182","20","19","Russell 3000 Index","11","688","May","206,194"
"SRC182","20","20","World Equity Ex-US Index","1","212","July","121,294"
"SRC182","20","20","World Equity Ex-US Index","2","260","August","124,609"
"SRC182","20","20","World Equity Ex-US Index","3","314","September","127,593"
"SRC182","20","20","World Equity Ex-US Index","4","358","October","128,168"
"SRC182","20","20","World Equity Ex-US Index","5","402","November","126,702"
"SRC182","20","20","World Equity Ex-US Index","6","447","December","121,805"
"SRC182","20","20","World Equity Ex-US Index","7","491","January","123,949"
"SRC182","20","20","World Equity Ex-US Index","8","545","February","124,027"
"SRC182","20","20","World Equity Ex-US Index","9","599","March","123,882"
"SRC182","20","20","World Equity Ex-US Index","10","644","April","124,251"
"SRC182","20","20","World Equity Ex-US Index","11","688","May","130,626"
"SRC182","20","21","Mid Capitalization Equity Index","4","358","October","19,456"
"SRC182","20","21","Mid Capitalization Equity Index","5","402","November","23,443"
"SRC182","20","21","Mid Capitalization Equity Index","6","447","December","20,537"
"SRC182","20","21","Mid Capitalization Equity Index","7","491","January","21,901"
"SRC182","20","21","Mid Capitalization Equity Index","8","545","February","19,768"
"SRC182","20","21","Mid Capitalization Equity Index","9","599","March","18,588"
"SRC182","20","21","Mid Capitalization Equity Index","10","644","April","17,580"
"SRC182","20","21","Mid Capitalization Equity Index","11","688","May","19,085"
"SRC182","20","22","S&P SmallCap 600 Equity Index","4","358","October","2,515"
"SRC182","20","22","S&P SmallCap 600 Equity Index","5","402","November","2,771"
"SRC182","20","22","S&P SmallCap 600 Equity Index","6","447","December","2,269"
"SRC182","20","22","S&P SmallCap 600 Equity Index","7","491","January","2,587"
"SRC182","20","22","S&P SmallCap 600 Equity Index","8","545","February","1,944"
"SRC182","20","22","S&P SmallCap 600 Equity Index","9","599","March","2,142"
"SRC182","20","22","S&P SmallCap 600 Equity Index","10","644","April","2,107"
"SRC182","20","22","S&P SmallCap 600 Equity Index","11","688","May","2,724"
"SRC182","20","23","Passive U.S. Bond Index Fund","1","212","July","166,288"
"SRC182","20","23","Passive U.S. Bond Index Fund","2","260","August","167,817"
"SRC182","20","23","Passive U.S. Bond Index Fund","3","314","September","172,168"
"SRC182","20","23","Passive U.S. Bond Index Fund","4","358","October","168,848"
"SRC182","20","23","Passive U.S. Bond Index Fund","5","402","November","168,785"
"SRC182","20","23","Passive U.S. Bond Index Fund","6","447","December","160,664"
"SRC182","20","23","Passive U.S. Bond Index Fund","7","491","January","159,265"
"SRC182","20","23","Passive U.S. Bond Index Fund","8","545","February","161,495"
"SRC182","20","23","Passive U.S. Bond Index Fund","9","599","March","161,489"
"SRC182","20","23","Passive U.S. Bond Index Fund","10","644","April","157,326"
"SRC182","20","23","Passive U.S. Bond Index Fund","11","688","May","154,379"
"SRC182","20","24","Strategic Completion Fund","1","212","July","59,580"
"SRC182","20","24","Strategic Completion Fund","2","260","August","60,880"
"SRC182","20","24","Strategic Completion Fund","3","314","September","62,212"
"SRC182","20","24","Strategic Completion Fund","4","358","October","55,786"
"SRC182","20","24","Strategic Completion Fund","5","402","November","55,153"
"SRC182","20","24","Strategic Completion Fund","6","447","December","51,943"
"SRC182","20","24","Strategic Completion Fund","7","491","January","52,173"
"SRC182","20","24","Strategic Completion Fund","8","545","February","52,158"
"SRC182","20","24","Strategic Completion Fund","9","599","March","52,112"
"SRC182","20","24","Strategic Completion Fund","10","644","April","49,462"
"SRC182","20","24","Strategic Completion Fund","11","688","May","49,360"
"SRC182","20","25","AK International Equity Fund","1","212","July","97,062"
"SRC182","20","25","AK International Equity Fund","2","260","August","100,012"
"SRC182","20","25","AK International Equity Fund","3","314","September","101,617"
"SRC182","20","25","AK International Equity Fund","4","358","October","83,774"
"SRC182","20","25","AK International Equity Fund","5","402","November","81,610"
"SRC182","20","25","AK International Equity Fund","6","447","December","77,749"
"SRC182","20","25","AK International Equity Fund","7","491","January","80,592"
"SRC182","20","25","AK International Equity Fund","8","545","February","82,746"
"SRC182","20","25","AK International Equity Fund","9","599","March","83,120"
"SRC182","20","25","AK International Equity Fund","10","644","April","83,935"
"SRC182","20","25","AK International Equity Fund","11","688","May","87,087"
"SRC182","20","26","Environmental, Social, and Governance Fund","1","212","July","108,919"
"SRC182","20","26","Environmental, Social, and Governance Fund","2","260","August","110,169"
"SRC182","20","26","Environmental, Social, and Governance Fund","3","314","September","111,533"
"SRC182","20","26","Environmental, Social, and Governance Fund","4","358","October","102,964"
"SRC182","20","26","Environmental, Social, and Governance Fund","5","402","November","107,769"
"SRC182","20","26","Environmental, Social, and Governance Fund","6","447","December","103,177"
"SRC182","20","26","Environmental, Social, and Governance Fund","7","491","January","103,386"
"SRC182","20","26","Environmental, Social, and Governance Fund","8","545","February","97,246"
"SRC182","20","26","Environmental, Social, and Governance Fund","9","599","March","89,003"
"SRC182","20","26","Environmental, Social, and Governance Fund","10","644","April","88,140"
"SRC182","20","26","Environmental, Social, and Governance Fund","11","688","May","96,096"
"SRC182","20","27","Core Plus Bond Fund","4","358","October","16,523"
"SRC182","20","27","Core Plus Bond Fund","5","402","November","17,637"
"SRC182","20","27","Core Plus Bond Fund","6","447","December","16,974"
"SRC182","20","27","Core Plus Bond Fund","7","491","January","16,909"
"SRC182","20","27","Core Plus Bond Fund","8","545","February","17,501"
"SRC182","20","27","Core Plus Bond Fund","9","599","March","17,943"
"SRC182","20","27","Core Plus Bond Fund","10","644","April","18,509"
"SRC182","20","27","Core Plus Bond Fund","11","688","May","18,419"
"SRC182","20","28","Total Invested Assets $","1","212","July","5,267,303"
"SRC182","20","28","Total Invested Assets $","2","260","August","5,352,136"
"SRC182","20","28","Total Invested Assets $","3","314","September","5,436,738"
"SRC182","20","28","Total Invested Assets $","4","358","October","5,317,348"
"SRC182","20","28","Total Invested Assets $","5","402","November","5,483,763"
"SRC182","20","28","Total Invested Assets $","6","447","December","5,321,056"
"SRC182","20","28","Total Invested Assets $","7","491","January","5,422,051"
"SRC182","20","28","Total Invested Assets $","8","545","February","5,394,720"
"SRC182","20","28","Total Invested Assets $","9","599","March","5,222,798"
"SRC182","20","28","Total Invested Assets $","10","644","April","5,221,399"
"SRC182","20","28","Total Invested Assets $","11","688","May","5,391,563"
"SRC182","20","29","Beginning Assets $","1","212","July","5,190,615"
"SRC182","20","29","Beginning Assets $","2","260","August","5,267,303"
"SRC182","20","29","Beginning Assets $","3","314","September","5,352,136"
"SRC182","20","29","Beginning Assets $","4","358","October","5,436,738"
"SRC182","20","29","Beginning Assets $","5","402","November","5,317,348"
"SRC182","20","29","Beginning Assets $","6","447","December","5,483,763"
"SRC182","20","29","Beginning Assets $","7","491","January","5,321,056"
"SRC182","20","29","Beginning Assets $","8","545","February","5,422,050"
"SRC182","20","29","Beginning Assets $","9","599","March","5,394,720"
"SRC182","20","29","Beginning Assets $","10","644","April","5,222,798"
"SRC182","20","29","Beginning Assets $","11","688","May","5,221,399"
"SRC182","20","30","Investment Earnings","1","212","July","99,624"
"SRC182","20","30","Investment Earnings","2","260","August","98,857"
"SRC182","20","30","Investment Earnings","3","314","September","90,975"
"SRC182","20","30","Investment Earnings","4","358","October","(92,567)"
"SRC182","20","30","Investment Earnings","5","402","November","183,402"
"SRC182","20","30","Investment Earnings","6","447","December","(126,964)"
"SRC182","20","30","Investment Earnings","7","491","January","117,962"
"SRC182","20","30","Investment Earnings","8","545","February","1,908"
"SRC182","20","30","Investment Earnings","9","599","March","(150,827)"
"SRC182","20","30","Investment Earnings","10","644","April","11,933"
"SRC182","20","30","Investment Earnings","11","688","May","177,365"
"SRC182","20","31","Net Contributions (Withdrawals)","1","212","July","(22,936)"
"SRC182","20","31","Net Contributions (Withdrawals)","2","260","August","(14,024)"
"SRC182","20","31","Net Contributions (Withdrawals)","3","314","September","(6,373)"
"SRC182","20","31","Net Contributions (Withdrawals)","4","358","October","(26,823)"
"SRC182","20","31","Net Contributions (Withdrawals)","5","402","November","(16,987)"
"SRC182","20","31","Net Contributions (Withdrawals)","6","447","December","(35,743)"
"SRC182","20","31","Net Contributions (Withdrawals)","7","491","January","(16,967)"
"SRC182","20","31","Net Contributions (Withdrawals)","8","545","February","(29,238)"
"SRC182","20","31","Net Contributions (Withdrawals)","9","599","March","(21,095)"
"SRC182","20","31","Net Contributions (Withdrawals)","10","644","April","(13,332)"
"SRC182","20","31","Net Contributions (Withdrawals)","11","688","May","(7,201)"
"SRC182","20","32","Ending Invested Assets $","1","212","July","5,267,303"
"SRC182","20","32","Ending Invested Assets $","2","260","August","5,352,136"
"SRC182","20","32","Ending Invested Assets $","3","314","September","5,436,738"
"SRC182","20","32","Ending Invested Assets $","4","358","October","5,317,348"
"SRC182","20","32","Ending Invested Assets $","5","402","November","5,483,763"
"SRC182","20","32","Ending Invested Assets $","6","447","December","5,321,056"
"SRC182","20","32","Ending Invested Assets $","7","491","January","5,422,051"
"SRC182","20","32","Ending Invested Assets $","8","545","February","5,394,720"
"SRC182","20","32","Ending Invested Assets $","9","599","March","5,222,798"
"SRC182","20","32","Ending Invested Assets $","10","644","April","5,221,399"
"SRC182","20","32","Ending Invested Assets $","11","688","May","5,391,563"
"SRC182","21","1","Alaska Stable Value Fund $","1","271","Beginning Invested Assets","152,452,816"
"SRC182","21","1","Alaska Stable Value Fund $","2","378","Investment Income","293,963"
"SRC182","21","1","Alaska Stable Value Fund $","4","454","Net Contributions (Withdrawals)","(2,932,096)"
"SRC182","21","1","Alaska Stable Value Fund $","5","536","Transfers In (Out)","(2,990,822)"
"SRC182","21","1","Alaska Stable Value Fund $","6","606","Ending Invested Assets","146,823,861"
"SRC182","21","1","Alaska Stable Value Fund $","7","666","Invested Assets","-3.69%"
"SRC182","21","1","Alaska Stable Value Fund $","8","726","Investment Income (1)","0.20%"
"SRC182","21","2","Small Cap Stock Fund","1","271","Beginning Invested Assets","95,193,945"
"SRC182","21","2","Small Cap Stock Fund","2","378","Investment Income","3,615,152"
"SRC182","21","2","Small Cap Stock Fund","4","454","Net Contributions (Withdrawals)","(871,311)"
"SRC182","21","2","Small Cap Stock Fund","5","536","Transfers In (Out)","(429,176)"
"SRC182","21","2","Small Cap Stock Fund","6","606","Ending Invested Assets","97,508,610"
"SRC182","21","2","Small Cap Stock Fund","7","666","Invested Assets","2.43%"
"SRC182","21","2","Small Cap Stock Fund","8","726","Investment Income (1)","3.82%"
"SRC182","21","3","Alaska Conservative Balanced Fund","1","271","Beginning Invested Assets","42,532,782"
"SRC182","21","3","Alaska Conservative Balanced Fund","2","378","Investment Income","717,793"
"SRC182","21","3","Alaska Conservative Balanced Fund","4","454","Net Contributions (Withdrawals)","(177,289)"
"SRC182","21","3","Alaska Conservative Balanced Fund","5","536","Transfers In (Out)","19,407"
"SRC182","21","3","Alaska Conservative Balanced Fund","6","606","Ending Invested Assets","43,092,693"
"SRC182","21","3","Alaska Conservative Balanced Fund","7","666","Invested Assets","1.32%"
"SRC182","21","3","Alaska Conservative Balanced Fund","8","726","Investment Income (1)","1.69%"
"SRC182","21","4","Alaska Moderate Growth Balanced Fund","1","271","Beginning Invested Assets","92,986,793"
"SRC182","21","4","Alaska Moderate Growth Balanced Fund","2","378","Investment Income","2,996,379"
"SRC182","21","4","Alaska Moderate Growth Balanced Fund","4","454","Net Contributions (Withdrawals)","(211,196)"
"SRC182","21","4","Alaska Moderate Growth Balanced Fund","5","536","Transfers In (Out)","127,489"
"SRC182","21","4","Alaska Moderate Growth Balanced Fund","6","606","Ending Invested Assets","95,899,465"
"SRC182","21","4","Alaska Moderate Growth Balanced Fund","7","666","Invested Assets","3.13%"
"SRC182","21","4","Alaska Moderate Growth Balanced Fund","8","726","Investment Income (1)","3.22%"
"SRC182","21","5","Alaska Target Date 2010 Trust","1","271","Beginning Invested Assets","2,499,067"
"SRC182","21","5","Alaska Target Date 2010 Trust","2","378","Investment Income","45,161"
"SRC182","21","5","Alaska Target Date 2010 Trust","4","454","Net Contributions (Withdrawals)","11,065"
"SRC182","21","5","Alaska Target Date 2010 Trust","5","536","Transfers In (Out)","28,539"
"SRC182","21","5","Alaska Target Date 2010 Trust","6","606","Ending Invested Assets","2,583,832"
"SRC182","21","5","Alaska Target Date 2010 Trust","7","666","Invested Assets","3.39%"
"SRC182","21","5","Alaska Target Date 2010 Trust","8","726","Investment Income (1)","1.79%"
"SRC182","21","6","Alaska Target Date 2015 Trust","1","271","Beginning Invested Assets","7,964,895"
"SRC182","21","6","Alaska Target Date 2015 Trust","2","378","Investment Income","161,520"
"SRC182","21","6","Alaska Target Date 2015 Trust","4","454","Net Contributions (Withdrawals)","(42,105)"
"SRC182","21","6","Alaska Target Date 2015 Trust","5","536","Transfers In (Out)","14,754"
"SRC182","21","6","Alaska Target Date 2015 Trust","6","606","Ending Invested Assets","8,099,064"
"SRC182","21","6","Alaska Target Date 2015 Trust","7","666","Invested Assets","1.68%"
"SRC182","21","6","Alaska Target Date 2015 Trust","8","726","Investment Income (1)","2.03%"
"SRC182","21","7","Alaska Target Date 2020 Trust","1","271","Beginning Invested Assets","21,590,740"
"SRC182","21","7","Alaska Target Date 2020 Trust","2","378","Investment Income","522,936"
"SRC182","21","7","Alaska Target Date 2020 Trust","4","454","Net Contributions (Withdrawals)","48,881"
"SRC182","21","7","Alaska Target Date 2020 Trust","5","536","Transfers In (Out)","(104,154)"
"SRC182","21","7","Alaska Target Date 2020 Trust","6","606","Ending Invested Assets","22,058,403"
"SRC182","21","7","Alaska Target Date 2020 Trust","7","666","Invested Assets","2.17%"
"SRC182","21","7","Alaska Target Date 2020 Trust","8","726","Investment Income (1)","2.43%"
"SRC182","21","8","Alaska Target Date 2025 Trust","1","271","Beginning Invested Assets","29,501,124"
"SRC182","21","8","Alaska Target Date 2025 Trust","2","378","Investment Income","881,551"
"SRC182","21","8","Alaska Target Date 2025 Trust","4","454","Net Contributions (Withdrawals)","(280,485)"
"SRC182","21","8","Alaska Target Date 2025 Trust","5","536","Transfers In (Out)","(149,926)"
"SRC182","21","8","Alaska Target Date 2025 Trust","6","606","Ending Invested Assets","29,952,264"
"SRC182","21","8","Alaska Target Date 2025 Trust","7","666","Invested Assets","1.53%"
"SRC182","21","8","Alaska Target Date 2025 Trust","8","726","Investment Income (1)","3.01%"
"SRC182","21","9","Alaska Target Date 2030 Trust","1","271","Beginning Invested Assets","34,144,662"
"SRC182","21","9","Alaska Target Date 2030 Trust","2","378","Investment Income","1,218,152"
"SRC182","21","9","Alaska Target Date 2030 Trust","4","454","Net Contributions (Withdrawals)","265,707"
"SRC182","21","9","Alaska Target Date 2030 Trust","5","536","Transfers In (Out)","98,435"
"SRC182","21","9","Alaska Target Date 2030 Trust","6","606","Ending Invested Assets","35,726,956"
"SRC182","21","9","Alaska Target Date 2030 Trust","7","666","Invested Assets","4.63%"
"SRC182","21","9","Alaska Target Date 2030 Trust","8","726","Investment Income (1)","3.55%"
"SRC182","21","10","Alaska Target Date 2035 Trust","1","271","Beginning Invested Assets","25,772,538"
"SRC182","21","10","Alaska Target Date 2035 Trust","2","378","Investment Income","1,043,974"
"SRC182","21","10","Alaska Target Date 2035 Trust","4","454","Net Contributions (Withdrawals)","387,350"
"SRC182","21","10","Alaska Target Date 2035 Trust","5","536","Transfers In (Out)","(113,344)"
"SRC182","21","10","Alaska Target Date 2035 Trust","6","606","Ending Invested Assets","27,090,518"
"SRC182","21","10","Alaska Target Date 2035 Trust","7","666","Invested Assets","5.11%"
"SRC182","21","10","Alaska Target Date 2035 Trust","8","726","Investment Income (1)","4.03%"
"SRC182","21","11","Alaska Target Date 2040 Trust","1","271","Beginning Invested Assets","22,666,819"
"SRC182","21","11","Alaska Target Date 2040 Trust","2","378","Investment Income","1,019,358"
"SRC182","21","11","Alaska Target Date 2040 Trust","4","454","Net Contributions (Withdrawals)","273,666"
"SRC182","21","11","Alaska Target Date 2040 Trust","5","536","Transfers In (Out)","42,475"
"SRC182","21","11","Alaska Target Date 2040 Trust","6","606","Ending Invested Assets","24,002,318"
"SRC182","21","11","Alaska Target Date 2040 Trust","7","666","Invested Assets","5.89%"
"SRC182","21","11","Alaska Target Date 2040 Trust","8","726","Investment Income (1)","4.47%"
"SRC182","21","12","Alaska Target Date 2045 Trust","1","271","Beginning Invested Assets","18,475,285"
"SRC182","21","12","Alaska Target Date 2045 Trust","2","378","Investment Income","896,405"
"SRC182","21","12","Alaska Target Date 2045 Trust","4","454","Net Contributions (Withdrawals)","217,391"
"SRC182","21","12","Alaska Target Date 2045 Trust","5","536","Transfers In (Out)","28,609"
"SRC182","21","12","Alaska Target Date 2045 Trust","6","606","Ending Invested Assets","19,617,690"
"SRC182","21","12","Alaska Target Date 2045 Trust","7","666","Invested Assets","6.18%"
"SRC182","21","12","Alaska Target Date 2045 Trust","8","726","Investment Income (1)","4.82%"
"SRC182","21","13","Alaska Target Date 2050 Trust","1","271","Beginning Invested Assets","17,396,433"
"SRC182","21","13","Alaska Target Date 2050 Trust","2","378","Investment Income","895,962"
"SRC182","21","13","Alaska Target Date 2050 Trust","4","454","Net Contributions (Withdrawals)","236,634"
"SRC182","21","13","Alaska Target Date 2050 Trust","5","536","Transfers In (Out)","(27,810)"
"SRC182","21","13","Alaska Target Date 2050 Trust","6","606","Ending Invested Assets","18,501,219"
"SRC182","21","13","Alaska Target Date 2050 Trust","7","666","Invested Assets","6.35%"
"SRC182","21","13","Alaska Target Date 2050 Trust","8","726","Investment Income (1)","5.12%"
"SRC182","21","14","Alaska Target Date 2055 Trust","1","271","Beginning Invested Assets","12,193,141"
"SRC182","21","14","Alaska Target Date 2055 Trust","2","378","Investment Income","625,052"
"SRC182","21","14","Alaska Target Date 2055 Trust","4","454","Net Contributions (Withdrawals)","191,212"
"SRC182","21","14","Alaska Target Date 2055 Trust","5","536","Transfers In (Out)","(169,386)"
"SRC182","21","14","Alaska Target Date 2055 Trust","6","606","Ending Invested Assets","12,840,019"
"SRC182","21","14","Alaska Target Date 2055 Trust","7","666","Invested Assets","5.31%"
"SRC182","21","14","Alaska Target Date 2055 Trust","8","726","Investment Income (1)","5.12%"
"SRC182","21","15","Alaska Target Date 2060 Trust","1","271","Beginning Invested Assets","3,169,467"
"SRC182","21","15","Alaska Target Date 2060 Trust","2","378","Investment Income","163,656"
"SRC182","21","15","Alaska Target Date 2060 Trust","4","454","Net Contributions (Withdrawals)","52,739"
"SRC182","21","15","Alaska Target Date 2060 Trust","5","536","Transfers In (Out)","12,600"
"SRC182","21","15","Alaska Target Date 2060 Trust","6","606","Ending Invested Assets","3,398,462"
"SRC182","21","15","Alaska Target Date 2060 Trust","7","666","Invested Assets","7.23%"
"SRC182","21","15","Alaska Target Date 2060 Trust","8","726","Investment Income (1)","5.11%"
"SRC182","21","16","Alaska Target Date 2065 Trust","1","271","Beginning Invested Assets","2,250,340"
"SRC182","21","16","Alaska Target Date 2065 Trust","2","378","Investment Income","121,345"
"SRC182","21","16","Alaska Target Date 2065 Trust","4","454","Net Contributions (Withdrawals)","(329,777)"
"SRC182","21","16","Alaska Target Date 2065 Trust","5","536","Transfers In (Out)","430,248"
"SRC182","21","16","Alaska Target Date 2065 Trust","6","606","Ending Invested Assets","2,472,156"
"SRC182","21","16","Alaska Target Date 2065 Trust","7","666","Invested Assets","9.86%"
"SRC182","21","16","Alaska Target Date 2065 Trust","8","726","Investment Income (1)","5.27%"
"SRC182","21","17","Total Investments with T. Rowe Price","1","271","Beginning Invested Assets","580,790,847"
"SRC182","21","17","Total Investments with T. Rowe Price","2","378","Investment Income","15,218,359"
"SRC182","21","17","Total Investments with T. Rowe Price","4","454","Net Contributions (Withdrawals)","(3,159,614)"
"SRC182","21","17","Total Investments with T. Rowe Price","5","536","Transfers In (Out)","(3,182,062)"
"SRC182","21","17","Total Investments with T. Rowe Price","6","606","Ending Invested Assets","589,667,530"
"SRC182","21","18","Money Market","1","271","Beginning Invested Assets","30,460,979"
"SRC182","21","18","Money Market","2","378","Investment Income","106,952"
"SRC182","21","18","Money Market","4","454","Net Contributions (Withdrawals)","(153,469)"
"SRC182","21","18","Money Market","5","536","Transfers In (Out)","(897,135)"
"SRC182","21","18","Money Market","6","606","Ending Invested Assets","29,517,327"
"SRC182","21","18","Money Market","7","666","Invested Assets","-3.10%"
"SRC182","21","18","Money Market","8","726","Investment Income (1)","0.36%"
"SRC182","21","19","S&P 500 Stock Index","1","271","Beginning Invested Assets","319,874,581"
"SRC182","21","19","S&P 500 Stock Index","2","378","Investment Income","20,163,547"
"SRC182","21","19","S&P 500 Stock Index","4","454","Net Contributions (Withdrawals)","(1,994,661)"
"SRC182","21","19","S&P 500 Stock Index","5","536","Transfers In (Out)","2,413,680"
"SRC182","21","19","S&P 500 Stock Index","6","606","Ending Invested Assets","340,457,147"
"SRC182","21","19","S&P 500 Stock Index","7","666","Invested Assets","6.43%"
"SRC182","21","19","S&P 500 Stock Index","8","726","Investment Income (1)","6.30%"
"SRC182","21","20","Russell 3000 Index","1","271","Beginning Invested Assets","66,934,267"
"SRC182","21","20","Russell 3000 Index","2","378","Investment Income","4,233,568"
"SRC182","21","20","Russell 3000 Index","4","454","Net Contributions (Withdrawals)","(12,095)"
"SRC182","21","20","Russell 3000 Index","5","536","Transfers In (Out)","919,015"
"SRC182","21","20","Russell 3000 Index","6","606","Ending Invested Assets","72,074,755"
"SRC182","21","20","Russell 3000 Index","7","666","Invested Assets","7.68%"
"SRC182","21","20","Russell 3000 Index","8","726","Investment Income (1)","6.28%"
"SRC182","21","21","World Equity Ex-US Index","1","271","Beginning Invested Assets","38,200,816"
"SRC182","21","21","World Equity Ex-US Index","2","378","Investment Income","1,734,853"
"SRC182","21","21","World Equity Ex-US Index","4","454","Net Contributions (Withdrawals)","(618,651)"
"SRC182","21","21","World Equity Ex-US Index","5","536","Transfers In (Out)","339,580"
"SRC182","21","21","World Equity Ex-US Index","6","606","Ending Invested Assets","39,656,598"
"SRC182","21","21","World Equity Ex-US Index","7","666","Invested Assets","3.81%"
"SRC182","21","21","World Equity Ex-US Index","8","726","Investment Income (1)","4.56%"
"SRC182","21","22","Total Investments with SSgA","1","271","Beginning Invested Assets","455,470,643"
"SRC182","21","22","Total Investments with SSgA","2","378","Investment Income","26,238,920"
"SRC182","21","22","Total Investments with SSgA","4","454","Net Contributions (Withdrawals)","(2,778,876)"
"SRC182","21","22","Total Investments with SSgA","5","536","Transfers In (Out)","2,775,140"
"SRC182","21","22","Total Investments with SSgA","6","606","Ending Invested Assets","481,705,827"
"SRC182","21","23","Mid Capitalization Equity Index","1","271","Beginning Invested Assets","4,531,296"
"SRC182","21","23","Mid Capitalization Equity Index","2","378","Investment Income","235,905"
"SRC182","21","23","Mid Capitalization Equity Index","4","454","Net Contributions (Withdrawals)","(23,768)"
"SRC182","21","23","Mid Capitalization Equity Index","5","536","Transfers In (Out)","406,564"
"SRC182","21","23","Mid Capitalization Equity Index","6","606","Ending Invested Assets","5,149,997"
"SRC182","21","23","Mid Capitalization Equity Index","7","666","Invested Assets","13.65%"
"SRC182","21","23","Mid Capitalization Equity Index","8","726","Investment Income (1)","5.00%"
"SRC182","21","24","S&P SmallCap 600 Equity Index","1","271","Beginning Invested Assets","775,972"
"SRC182","21","24","S&P SmallCap 600 Equity Index","2","378","Investment Income","41,548"
"SRC182","21","24","S&P SmallCap 600 Equity Index","4","454","Net Contributions (Withdrawals)","6,830"
"SRC182","21","24","S&P SmallCap 600 Equity Index","5","536","Transfers In (Out)","126,948"
"SRC182","21","24","S&P SmallCap 600 Equity Index","6","606","Ending Invested Assets","951,298"
"SRC182","21","24","S&P SmallCap 600 Equity Index","7","666","Invested Assets","22.59%"
"SRC182","21","24","S&P SmallCap 600 Equity Index","8","726","Investment Income (1)","4.93%"
"SRC182","21","25","Passive U.S. Bond Index Fund","1","271","Beginning Invested Assets","65,572,935"
"SRC182","21","25","Passive U.S. Bond Index Fund","2","378","Investment Income","(470,135)"
"SRC182","21","25","Passive U.S. Bond Index Fund","4","454","Net Contributions (Withdrawals)","(271,782)"
"SRC182","21","25","Passive U.S. Bond Index Fund","5","536","Transfers In (Out)","(125,482)"
"SRC182","21","25","Passive U.S. Bond Index Fund","6","606","Ending Invested Assets","64,705,536"
"SRC182","21","25","Passive U.S. Bond Index Fund","7","666","Invested Assets","-1.32%"
"SRC182","21","25","Passive U.S. Bond Index Fund","8","726","Investment Income (1)","-0.72%"
"SRC182","21","26","Strategic Completion Fund","1","271","Beginning Invested Assets","16,757,329"
"SRC182","21","26","Strategic Completion Fund","2","378","Investment Income","124,158"
"SRC182","21","26","Strategic Completion Fund","4","454","Net Contributions (Withdrawals)","(72,247)"
"SRC182","21","26","Strategic Completion Fund","5","536","Transfers In (Out)","(234,319)"
"SRC182","21","26","Strategic Completion Fund","6","606","Ending Invested Assets","16,574,921"
"SRC182","21","26","Strategic Completion Fund","7","666","Invested Assets","-1.09%"
"SRC182","21","26","Strategic Completion Fund","8","726","Investment Income (1)","0.75%"
"SRC182","21","27","Total Investments with BlackRock","1","271","Beginning Invested Assets","87,637,532"
"SRC182","21","27","Total Investments with BlackRock","2","378","Investment Income","(68,524)"
"SRC182","21","27","Total Investments with BlackRock","4","454","Net Contributions (Withdrawals)","(360,967)"
"SRC182","21","27","Total Investments with BlackRock","5","536","Transfers In (Out)","173,711"
"SRC182","21","27","Total Investments with BlackRock","6","606","Ending Invested Assets","87,381,752"
"SRC182","21","28","AK International Equity Fund","1","271","Beginning Invested Assets","36,724,821"
"SRC182","21","28","AK International Equity Fund","2","378","Investment Income","1,260,806"
"SRC182","21","28","AK International Equity Fund","4","454","Net Contributions (Withdrawals)","(232,594)"
"SRC182","21","28","AK International Equity Fund","5","536","Transfers In (Out)","(167,938)"
"SRC182","21","28","AK International Equity Fund","6","606","Ending Invested Assets","37,585,095"
"SRC182","21","28","AK International Equity Fund","7","666","Invested Assets","2.34%"
"SRC182","21","28","AK International Equity Fund","8","726","Investment Income (1)","3.45%"
"SRC182","21","29","Environmental, Social, and Governance Fund","1","271","Beginning Invested Assets","36,629,671"
"SRC182","21","29","Environmental, Social, and Governance Fund","2","378","Investment Income","2,960,159"
"SRC182","21","29","Environmental, Social, and Governance Fund","4","454","Net Contributions (Withdrawals)","(221,977)"
"SRC182","21","29","Environmental, Social, and Governance Fund","5","536","Transfers In (Out)","404,250"
"SRC182","21","29","Environmental, Social, and Governance Fund","6","606","Ending Invested Assets","39,772,103"
"SRC182","21","29","Environmental, Social, and Governance Fund","7","666","Invested Assets","8.58%"
"SRC182","21","29","Environmental, Social, and Governance Fund","8","726","Investment Income (1)","8.06%"
"SRC182","21","30","Core Plus Bond Fund","1","271","Beginning Invested Assets","5,853,599"
"SRC182","21","30","Core Plus Bond Fund","2","378","Investment Income","(22,666)"
"SRC182","21","30","Core Plus Bond Fund","4","454","Net Contributions (Withdrawals)","(35,399)"
"SRC182","21","30","Core Plus Bond Fund","5","536","Transfers In (Out)","(3,101)"
"SRC182","21","30","Core Plus Bond Fund","6","606","Ending Invested Assets","5,792,433"
"SRC182","21","30","Core Plus Bond Fund","7","666","Invested Assets","-1.04%"
"SRC182","21","30","Core Plus Bond Fund","8","726","Investment Income (1)","-0.39%"
"SRC182","21","31","Total All Funds $ 1,203,107,113","2","378","Investment Income","45,587,054"
"SRC182","21","31","Total All Funds $ 1,203,107,113","4","454","Net Contributions (Withdrawals)","(6,789,427)"
"SRC182","21","31","Total All Funds $ 1,203,107,113","6","606","Ending Invested Assets","1,241,904,740"
"SRC182","21","31","Total All Funds $ 1,203,107,113","7","666","Invested Assets","3.22%"
"SRC182","21","31","Total All Funds $ 1,203,107,113","8","726","Investment Income (1)","3.80%"
"SRC182","22","1","Alaska Stable Value Fund $","1","220","July","164,213"
"SRC182","22","1","Alaska Stable Value Fund $","2","267","August","162,585"
"SRC182","22","1","Alaska Stable Value Fund $","3","313","September","161,892"
"SRC182","22","1","Alaska Stable Value Fund $","4","359","October","158,944"
"SRC182","22","1","Alaska Stable Value Fund $","5","405","November","155,734"
"SRC182","22","1","Alaska Stable Value Fund $","6","451","December","150,717"
"SRC182","22","1","Alaska Stable Value Fund $","7","498","January","149,034"
"SRC182","22","1","Alaska Stable Value Fund $","8","553","February","150,731"
"SRC182","22","1","Alaska Stable Value Fund $","9","600","March","151,893"
"SRC182","22","1","Alaska Stable Value Fund $","10","646","April","152,452"
"SRC182","22","1","Alaska Stable Value Fund $","11","692","May","146,825"
"SRC182","22","2","Small Cap Stock Fund","1","220","July","115,315"
"SRC182","22","2","Small Cap Stock Fund","2","267","August","115,329"
"SRC182","22","2","Small Cap Stock Fund","3","313","September","115,140"
"SRC182","22","2","Small Cap Stock Fund","4","359","October","108,381"
"SRC182","22","2","Small Cap Stock Fund","5","405","November","119,283"
"SRC182","22","2","Small Cap Stock Fund","6","451","December","109,255"
"SRC182","22","2","Small Cap Stock Fund","7","498","January","110,123"
"SRC182","22","2","Small Cap Stock Fund","8","553","February","105,727"
"SRC182","22","2","Small Cap Stock Fund","9","600","March","98,747"
"SRC182","22","2","Small Cap Stock Fund","10","646","April","95,194"
"SRC182","22","2","Small Cap Stock Fund","11","692","May","97,509"
"SRC182","22","3","Alaska Conservative Balanced Fund","1","220","July","44,972"
"SRC182","22","3","Alaska Conservative Balanced Fund","2","267","August","45,658"
"SRC182","22","3","Alaska Conservative Balanced Fund","3","313","September","46,552"
"SRC182","22","3","Alaska Conservative Balanced Fund","4","359","October","43,837"
"SRC182","22","3","Alaska Conservative Balanced Fund","5","405","November","44,994"
"SRC182","22","3","Alaska Conservative Balanced Fund","6","451","December","42,877"
"SRC182","22","3","Alaska Conservative Balanced Fund","7","498","January","43,169"
"SRC182","22","3","Alaska Conservative Balanced Fund","8","553","February","43,295"
"SRC182","22","3","Alaska Conservative Balanced Fund","9","600","March","42,747"
"SRC182","22","3","Alaska Conservative Balanced Fund","10","646","April","42,533"
"SRC182","22","3","Alaska Conservative Balanced Fund","11","692","May","43,093"
"SRC182","22","4","Alaska Moderate Growth Balanced Fund","1","220","July","99,361"
"SRC182","22","4","Alaska Moderate Growth Balanced Fund","2","267","August","100,827"
"SRC182","22","4","Alaska Moderate Growth Balanced Fund","3","313","September","102,309"
"SRC182","22","4","Alaska Moderate Growth Balanced Fund","4","359","October","96,482"
"SRC182","22","4","Alaska Moderate Growth Balanced Fund","5","405","November","98,936"
"SRC182","22","4","Alaska Moderate Growth Balanced Fund","6","451","December","95,404"
"SRC182","22","4","Alaska Moderate Growth Balanced Fund","7","498","January","96,872"
"SRC182","22","4","Alaska Moderate Growth Balanced Fund","8","553","February","96,644"
"SRC182","22","4","Alaska Moderate Growth Balanced Fund","9","600","March","93,651"
"SRC182","22","4","Alaska Moderate Growth Balanced Fund","10","646","April","92,987"
"SRC182","22","4","Alaska Moderate Growth Balanced Fund","11","692","May","95,899"
"SRC182","22","5","Alaska Target Date 2010 Trust","1","220","July","2,758"
"SRC182","22","5","Alaska Target Date 2010 Trust","2","267","August","2,456"
"SRC182","22","5","Alaska Target Date 2010 Trust","3","313","September","2,494"
"SRC182","22","5","Alaska Target Date 2010 Trust","4","359","October","2,719"
"SRC182","22","5","Alaska Target Date 2010 Trust","5","405","November","2,793"
"SRC182","22","5","Alaska Target Date 2010 Trust","6","451","December","2,585"
"SRC182","22","5","Alaska Target Date 2010 Trust","7","498","January","2,675"
"SRC182","22","5","Alaska Target Date 2010 Trust","8","553","February","2,912"
"SRC182","22","5","Alaska Target Date 2010 Trust","9","600","March","2,933"
"SRC182","22","5","Alaska Target Date 2010 Trust","10","646","April","2,499"
"SRC182","22","5","Alaska Target Date 2010 Trust","11","692","May","2,584"
"SRC182","22","6","Alaska Target Date 2015 Trust","1","220","July","7,810"
"SRC182","22","6","Alaska Target Date 2015 Trust","2","267","August","7,876"
"SRC182","22","6","Alaska Target Date 2015 Trust","3","313","September","7,936"
"SRC182","22","6","Alaska Target Date 2015 Trust","4","359","October","7,793"
"SRC182","22","6","Alaska Target Date 2015 Trust","5","405","November","8,599"
"SRC182","22","6","Alaska Target Date 2015 Trust","6","451","December","8,147"
"SRC182","22","6","Alaska Target Date 2015 Trust","7","498","January","8,299"
"SRC182","22","6","Alaska Target Date 2015 Trust","8","553","February","8,307"
"SRC182","22","6","Alaska Target Date 2015 Trust","9","600","March","8,077"
"SRC182","22","6","Alaska Target Date 2015 Trust","10","646","April","7,965"
"SRC182","22","6","Alaska Target Date 2015 Trust","11","692","May","8,099"
"SRC182","22","7","Alaska Target Date 2020 Trust","1","220","July","22,803"
"SRC182","22","7","Alaska Target Date 2020 Trust","2","267","August","23,284"
"SRC182","22","7","Alaska Target Date 2020 Trust","3","313","September","23,182"
"SRC182","22","7","Alaska Target Date 2020 Trust","4","359","October","21,426"
"SRC182","22","7","Alaska Target Date 2020 Trust","5","405","November","21,786"
"SRC182","22","7","Alaska Target Date 2020 Trust","6","451","December","21,395"
"SRC182","22","7","Alaska Target Date 2020 Trust","7","498","January","21,654"
"SRC182","22","7","Alaska Target Date 2020 Trust","8","553","February","21,930"
"SRC182","22","7","Alaska Target Date 2020 Trust","9","600","March","21,597"
"SRC182","22","7","Alaska Target Date 2020 Trust","10","646","April","21,591"
"SRC182","22","7","Alaska Target Date 2020 Trust","11","692","May","22,058"
"SRC182","22","8","Alaska Target Date 2025 Trust","1","220","July","29,846"
"SRC182","22","8","Alaska Target Date 2025 Trust","2","267","August","30,122"
"SRC182","22","8","Alaska Target Date 2025 Trust","3","313","September","31,002"
"SRC182","22","8","Alaska Target Date 2025 Trust","4","359","October","29,662"
"SRC182","22","8","Alaska Target Date 2025 Trust","5","405","November","30,884"
"SRC182","22","8","Alaska Target Date 2025 Trust","6","451","December","29,643"
"SRC182","22","8","Alaska Target Date 2025 Trust","7","498","January","30,041"
"SRC182","22","8","Alaska Target Date 2025 Trust","8","553","February","30,223"
"SRC182","22","8","Alaska Target Date 2025 Trust","9","600","March","29,473"
"SRC182","22","8","Alaska Target Date 2025 Trust","10","646","April","29,501"
"SRC182","22","8","Alaska Target Date 2025 Trust","11","692","May","29,952"
"SRC182","22","9","Alaska Target Date 2030 Trust","1","220","July","26,710"
"SRC182","22","9","Alaska Target Date 2030 Trust","2","267","August","27,366"
"SRC182","22","9","Alaska Target Date 2030 Trust","3","313","September","28,681"
"SRC182","22","9","Alaska Target Date 2030 Trust","4","359","October","28,803"
"SRC182","22","9","Alaska Target Date 2030 Trust","5","405","November","31,569"
"SRC182","22","9","Alaska Target Date 2030 Trust","6","451","December","32,352"
"SRC182","22","9","Alaska Target Date 2030 Trust","7","498","January","33,951"
"SRC182","22","9","Alaska Target Date 2030 Trust","8","553","February","33,789"
"SRC182","22","9","Alaska Target Date 2030 Trust","9","600","March","33,765"
"SRC182","22","9","Alaska Target Date 2030 Trust","10","646","April","34,145"
"SRC182","22","9","Alaska Target Date 2030 Trust","11","692","May","35,727"
"SRC182","22","10","Alaska Target Date 2035 Trust","1","220","July","21,283"
"SRC182","22","10","Alaska Target Date 2035 Trust","2","267","August","22,033"
"SRC182","22","10","Alaska Target Date 2035 Trust","3","313","September","22,680"
"SRC182","22","10","Alaska Target Date 2035 Trust","4","359","October","22,555"
"SRC182","22","10","Alaska Target Date 2035 Trust","5","405","November","23,878"
"SRC182","22","10","Alaska Target Date 2035 Trust","6","451","December","24,410"
"SRC182","22","10","Alaska Target Date 2035 Trust","7","498","January","25,454"
"SRC182","22","10","Alaska Target Date 2035 Trust","8","553","February","25,761"
"SRC182","22","10","Alaska Target Date 2035 Trust","9","600","March","25,491"
"SRC182","22","10","Alaska Target Date 2035 Trust","10","646","April","25,773"
"SRC182","22","10","Alaska Target Date 2035 Trust","11","692","May","27,091"
"SRC182","22","11","Alaska Target Date 2040 Trust","1","220","July","21,140"
"SRC182","22","11","Alaska Target Date 2040 Trust","2","267","August","22,135"
"SRC182","22","11","Alaska Target Date 2040 Trust","3","313","September","22,802"
"SRC182","22","11","Alaska Target Date 2040 Trust","4","359","October","22,706"
"SRC182","22","11","Alaska Target Date 2040 Trust","5","405","November","23,912"
"SRC182","22","11","Alaska Target Date 2040 Trust","6","451","December","23,558"
"SRC182","22","11","Alaska Target Date 2040 Trust","7","498","January","24,508"
"SRC182","22","11","Alaska Target Date 2040 Trust","8","553","February","23,215"
"SRC182","22","11","Alaska Target Date 2040 Trust","9","600","March","22,386"
"SRC182","22","11","Alaska Target Date 2040 Trust","10","646","April","22,667"
"SRC182","22","11","Alaska Target Date 2040 Trust","11","692","May","24,002"
"SRC182","22","12","Alaska Target Date 2045 Trust","1","220","July","15,938"
"SRC182","22","12","Alaska Target Date 2045 Trust","2","267","August","16,392"
"SRC182","22","12","Alaska Target Date 2045 Trust","3","313","September","16,674"
"SRC182","22","12","Alaska Target Date 2045 Trust","4","359","October","16,356"
"SRC182","22","12","Alaska Target Date 2045 Trust","5","405","November","17,559"
"SRC182","22","12","Alaska Target Date 2045 Trust","6","451","December","17,390"
"SRC182","22","12","Alaska Target Date 2045 Trust","7","498","January","18,204"
"SRC182","22","12","Alaska Target Date 2045 Trust","8","553","February","18,560"
"SRC182","22","12","Alaska Target Date 2045 Trust","9","600","March","18,125"
"SRC182","22","12","Alaska Target Date 2045 Trust","10","646","April","18,475"
"SRC182","22","12","Alaska Target Date 2045 Trust","11","692","May","19,618"
"SRC182","22","13","Alaska Target Date 2050 Trust","1","220","July","14,360"
"SRC182","22","13","Alaska Target Date 2050 Trust","2","267","August","14,841"
"SRC182","22","13","Alaska Target Date 2050 Trust","3","313","September","15,426"
"SRC182","22","13","Alaska Target Date 2050 Trust","4","359","October","15,303"
"SRC182","22","13","Alaska Target Date 2050 Trust","5","405","November","16,373"
"SRC182","22","13","Alaska Target Date 2050 Trust","6","451","December","16,114"
"SRC182","22","13","Alaska Target Date 2050 Trust","7","498","January","17,249"
"SRC182","22","13","Alaska Target Date 2050 Trust","8","553","February","17,244"
"SRC182","22","13","Alaska Target Date 2050 Trust","9","600","March","17,065"
"SRC182","22","13","Alaska Target Date 2050 Trust","10","646","April","17,396"
"SRC182","22","13","Alaska Target Date 2050 Trust","11","692","May","18,501"
"SRC182","22","14","Alaska Target Date 2055 Trust","1","220","July","10,448"
"SRC182","22","14","Alaska Target Date 2055 Trust","2","267","August","10,793"
"SRC182","22","14","Alaska Target Date 2055 Trust","3","313","September","11,100"
"SRC182","22","14","Alaska Target Date 2055 Trust","4","359","October","11,039"
"SRC182","22","14","Alaska Target Date 2055 Trust","5","405","November","11,693"
"SRC182","22","14","Alaska Target Date 2055 Trust","6","451","December","11,528"
"SRC182","22","14","Alaska Target Date 2055 Trust","7","498","January","12,085"
"SRC182","22","14","Alaska Target Date 2055 Trust","8","553","February","12,148"
"SRC182","22","14","Alaska Target Date 2055 Trust","9","600","March","11,925"
"SRC182","22","14","Alaska Target Date 2055 Trust","10","646","April","12,193"
"SRC182","22","14","Alaska Target Date 2055 Trust","11","692","May","12,840"
"SRC182","22","15","Alaska Target Date 2060 Trust","1","220","July","2,885"
"SRC182","22","15","Alaska Target Date 2060 Trust","2","267","August","2,908"
"SRC182","22","15","Alaska Target Date 2060 Trust","3","313","September","3,007"
"SRC182","22","15","Alaska Target Date 2060 Trust","4","359","October","2,576"
"SRC182","22","15","Alaska Target Date 2060 Trust","5","405","November","2,787"
"SRC182","22","15","Alaska Target Date 2060 Trust","6","451","December","2,949"
"SRC182","22","15","Alaska Target Date 2060 Trust","7","498","January","3,123"
"SRC182","22","15","Alaska Target Date 2060 Trust","8","553","February","3,167"
"SRC182","22","15","Alaska Target Date 2060 Trust","9","600","March","3,232"
"SRC182","22","15","Alaska Target Date 2060 Trust","10","646","April","3,169"
"SRC182","22","15","Alaska Target Date 2060 Trust","11","692","May","3,398"
"SRC182","22","16","Alaska Target Date 2065 Trust","1","220","July","1,344"
"SRC182","22","16","Alaska Target Date 2065 Trust","2","267","August","1,501"
"SRC182","22","16","Alaska Target Date 2065 Trust","3","313","September","1,803"
"SRC182","22","16","Alaska Target Date 2065 Trust","4","359","October","2,182"
"SRC182","22","16","Alaska Target Date 2065 Trust","5","405","November","2,195"
"SRC182","22","16","Alaska Target Date 2065 Trust","6","451","December","2,132"
"SRC182","22","16","Alaska Target Date 2065 Trust","7","498","January","2,177"
"SRC182","22","16","Alaska Target Date 2065 Trust","8","553","February","2,355"
"SRC182","22","16","Alaska Target Date 2065 Trust","9","600","March","2,089"
"SRC182","22","16","Alaska Target Date 2065 Trust","10","646","April","2,250"
"SRC182","22","16","Alaska Target Date 2065 Trust","11","692","May","2,472"
"SRC182","22","17","Money Market","1","220","July","25,463"
"SRC182","22","17","Money Market","2","267","August","25,957"
"SRC182","22","17","Money Market","3","313","September","27,155"
"SRC182","22","17","Money Market","4","359","October","26,238"
"SRC182","22","17","Money Market","5","405","November","25,513"
"SRC182","22","17","Money Market","6","451","December","26,055"
"SRC182","22","17","Money Market","7","498","January","26,162"
"SRC182","22","17","Money Market","8","553","February","27,686"
"SRC182","22","17","Money Market","9","600","March","29,604"
"SRC182","22","17","Money Market","10","646","April","30,461"
"SRC182","22","17","Money Market","11","692","May","29,517"
"SRC182","22","18","S&P 500 Stock Index","1","220","July","328,488"
"SRC182","22","18","S&P 500 Stock Index","2","267","August","336,022"
"SRC182","22","18","S&P 500 Stock Index","3","313","September","341,572"
"SRC182","22","18","S&P 500 Stock Index","4","359","October","337,196"
"SRC182","22","18","S&P 500 Stock Index","5","405","November","358,426"
"SRC182","22","18","S&P 500 Stock Index","6","451","December","347,358"
"SRC182","22","18","S&P 500 Stock Index","7","498","January","357,207"
"SRC182","22","18","S&P 500 Stock Index","8","553","February","349,359"
"SRC182","22","18","S&P 500 Stock Index","9","600","March","324,182"
"SRC182","22","18","S&P 500 Stock Index","10","646","April","319,875"
"SRC182","22","18","S&P 500 Stock Index","11","692","May","340,457"
"SRC182","22","19","Russell 3000 Index","1","220","July","69,214"
"SRC182","22","19","Russell 3000 Index","2","267","August","70,805"
"SRC182","22","19","Russell 3000 Index","3","313","September","72,455"
"SRC182","22","19","Russell 3000 Index","4","359","October","73,385"
"SRC182","22","19","Russell 3000 Index","5","405","November","78,476"
"SRC182","22","19","Russell 3000 Index","6","451","December","75,500"
"SRC182","22","19","Russell 3000 Index","7","498","January","77,452"
"SRC182","22","19","Russell 3000 Index","8","553","February","74,970"
"SRC182","22","19","Russell 3000 Index","9","600","March","68,788"
"SRC182","22","19","Russell 3000 Index","10","646","April","66,934"
"SRC182","22","19","Russell 3000 Index","11","692","May","72,075"
"SRC182","22","20","World Equity Ex-US Index","1","220","July","36,317"
"SRC182","22","20","World Equity Ex-US Index","2","267","August","37,764"
"SRC182","22","20","World Equity Ex-US Index","3","313","September","38,629"
"SRC182","22","20","World Equity Ex-US Index","4","359","October","38,396"
"SRC182","22","20","World Equity Ex-US Index","5","405","November","37,856"
"SRC182","22","20","World Equity Ex-US Index","6","451","December","36,850"
"SRC182","22","20","World Equity Ex-US Index","7","498","January","37,056"
"SRC182","22","20","World Equity Ex-US Index","8","553","February","36,867"
"SRC182","22","20","World Equity Ex-US Index","9","600","March","37,099"
"SRC182","22","20","World Equity Ex-US Index","10","646","April","38,201"
"SRC182","22","20","World Equity Ex-US Index","11","692","May","39,657"
"SRC182","22","21","Mid Capitalization Equity Index","4","359","October","4,531"
"SRC182","22","21","Mid Capitalization Equity Index","5","405","November","6,060"
"SRC182","22","21","Mid Capitalization Equity Index","6","451","December","5,085"
"SRC182","22","21","Mid Capitalization Equity Index","7","498","January","5,428"
"SRC182","22","21","Mid Capitalization Equity Index","8","553","February","5,029"
"SRC182","22","21","Mid Capitalization Equity Index","9","600","March","4,730"
"SRC182","22","21","Mid Capitalization Equity Index","10","646","April","4,531"
"SRC182","22","21","Mid Capitalization Equity Index","11","692","May","5,150"
"SRC182","22","22","S&P SmallCap 600 Equity Index","4","359","October","588"
"SRC182","22","22","S&P SmallCap 600 Equity Index","5","405","November","1,127"
"SRC182","22","22","S&P SmallCap 600 Equity Index","6","451","December","709"
"SRC182","22","22","S&P SmallCap 600 Equity Index","7","498","January","958"
"SRC182","22","22","S&P SmallCap 600 Equity Index","8","553","February","716"
"SRC182","22","22","S&P SmallCap 600 Equity Index","9","600","March","841"
"SRC182","22","22","S&P SmallCap 600 Equity Index","10","646","April","776"
"SRC182","22","22","S&P SmallCap 600 Equity Index","11","692","May","951"
"SRC182","22","23","Passive U.S. Bond Index Fund","1","220","July","71,115"
"SRC182","22","23","Passive U.S. Bond Index Fund","2","267","August","72,398"
"SRC182","22","23","Passive U.S. Bond Index Fund","3","313","September","73,524"
"SRC182","22","23","Passive U.S. Bond Index Fund","4","359","October","72,078"
"SRC182","22","23","Passive U.S. Bond Index Fund","5","405","November","70,945"
"SRC182","22","23","Passive U.S. Bond Index Fund","6","451","December","67,073"
"SRC182","22","23","Passive U.S. Bond Index Fund","7","498","January","66,563"
"SRC182","22","23","Passive U.S. Bond Index Fund","8","553","February","67,310"
"SRC182","22","23","Passive U.S. Bond Index Fund","9","600","March","67,372"
"SRC182","22","23","Passive U.S. Bond Index Fund","10","646","April","65,573"
"SRC182","22","23","Passive U.S. Bond Index Fund","11","692","May","64,706"
"SRC182","22","24","Strategic Completion Fund","1","220","July","19,622"
"SRC182","22","24","Strategic Completion Fund","2","267","August","20,152"
"SRC182","22","24","Strategic Completion Fund","3","313","September","20,645"
"SRC182","22","24","Strategic Completion Fund","4","359","October","18,617"
"SRC182","22","24","Strategic Completion Fund","5","405","November","18,516"
"SRC182","22","24","Strategic Completion Fund","6","451","December","17,240"
"SRC182","22","24","Strategic Completion Fund","7","498","January","17,170"
"SRC182","22","24","Strategic Completion Fund","8","553","February","17,091"
"SRC182","22","24","Strategic Completion Fund","9","600","March","17,076"
"SRC182","22","24","Strategic Completion Fund","10","646","April","16,757"
"SRC182","22","24","Strategic Completion Fund","11","692","May","16,575"
"SRC182","22","25","AK International Equity Fund","1","220","July","40,826"
"SRC182","22","25","AK International Equity Fund","2","267","August","41,803"
"SRC182","22","25","AK International Equity Fund","3","313","September","42,637"
"SRC182","22","25","AK International Equity Fund","4","359","October","36,729"
"SRC182","22","25","AK International Equity Fund","5","405","November","35,875"
"SRC182","22","25","AK International Equity Fund","6","451","December","33,896"
"SRC182","22","25","AK International Equity Fund","7","498","January","35,065"
"SRC182","22","25","AK International Equity Fund","8","553","February","35,422"
"SRC182","22","25","AK International Equity Fund","9","600","March","35,358"
"SRC182","22","25","AK International Equity Fund","10","646","April","36,725"
"SRC182","22","25","AK International Equity Fund","11","692","May","37,585"
"SRC182","22","26","Environmental, Social, and Governance Fund","1","220","July","43,388"
"SRC182","22","26","Environmental, Social, and Governance Fund","2","267","August","43,805"
"SRC182","22","26","Environmental, Social, and Governance Fund","3","313","September","44,349"
"SRC182","22","26","Environmental, Social, and Governance Fund","4","359","October","41,860"
"SRC182","22","26","Environmental, Social, and Governance Fund","5","405","November","43,761"
"SRC182","22","26","Environmental, Social, and Governance Fund","6","451","December","41,437"
"SRC182","22","26","Environmental, Social, and Governance Fund","7","498","January","42,371"
"SRC182","22","26","Environmental, Social, and Governance Fund","8","553","February","40,141"
"SRC182","22","26","Environmental, Social, and Governance Fund","9","600","March","36,979"
"SRC182","22","26","Environmental, Social, and Governance Fund","10","646","April","36,630"
"SRC182","22","26","Environmental, Social, and Governance Fund","11","692","May","39,772"
"SRC182","22","27","Core Plus Bond Fund","4","359","October","4,490"
"SRC182","22","27","Core Plus Bond Fund","5","405","November","5,094"
"SRC182","22","27","Core Plus Bond Fund","6","451","December","5,226"
"SRC182","22","27","Core Plus Bond Fund","7","498","January","5,200"
"SRC182","22","27","Core Plus Bond Fund","8","553","February","5,254"
"SRC182","22","27","Core Plus Bond Fund","9","600","March","5,685"
"SRC182","22","27","Core Plus Bond Fund","10","646","April","5,854"
"SRC182","22","27","Core Plus Bond Fund","11","692","May","5,792"
"SRC182","22","28","Total Invested Assets $ 1,235,619","2","267","August","1,254,812"
"SRC182","22","28","Total Invested Assets $ 1,235,619","3","313","September","1,273,646"
"SRC182","22","28","Total Invested Assets $ 1,235,619","4","359","October","1,244,872"
"SRC182","22","28","Total Invested Assets $ 1,235,619","5","405","November","1,294,624"
"SRC182","22","28","Total Invested Assets $ 1,235,619","6","451","December","1,246,885"
"SRC182","22","28","Total Invested Assets $ 1,235,619","7","498","January","1,269,250"
"SRC182","22","28","Total Invested Assets $ 1,235,619","8","553","February","1,255,853"
"SRC182","22","28","Total Invested Assets $ 1,235,619","9","600","March","1,210,910"
"SRC182","22","28","Total Invested Assets $ 1,235,619","10","646","April","1,203,107"
"SRC182","22","28","Total Invested Assets $ 1,235,619","11","692","May","1,241,905"
"SRC182","22","29","Beginning Assets $ 1,216,164","2","267","August","1,235,619"
"SRC182","22","29","Beginning Assets $ 1,216,164","3","313","September","1,254,812"
"SRC182","22","29","Beginning Assets $ 1,216,164","4","359","October","1,273,647"
"SRC182","22","29","Beginning Assets $ 1,216,164","5","405","November","1,244,871"
"SRC182","22","29","Beginning Assets $ 1,216,164","6","451","December","1,294,625"
"SRC182","22","29","Beginning Assets $ 1,216,164","7","498","January","1,246,884"
"SRC182","22","29","Beginning Assets $ 1,216,164","8","553","February","1,269,250"
"SRC182","22","29","Beginning Assets $ 1,216,164","9","600","March","1,255,853"
"SRC182","22","29","Beginning Assets $ 1,216,164","10","646","April","1,210,910"
"SRC182","22","29","Beginning Assets $ 1,216,164","11","692","May","1,203,107"
"SRC182","22","30","Investment Earnings","1","220","July","23,788"
"SRC182","22","30","Investment Earnings","2","267","August","22,196"
"SRC182","22","30","Investment Earnings","3","313","September","21,502"
"SRC182","22","30","Investment Earnings","4","359","October","(18,115)"
"SRC182","22","30","Investment Earnings","5","405","November","50,457"
"SRC182","22","30","Investment Earnings","6","451","December","(32,197)"
"SRC182","22","30","Investment Earnings","7","498","January","27,722"
"SRC182","22","30","Investment Earnings","8","553","February","(5,140)"
"SRC182","22","30","Investment Earnings","9","600","March","(41,686)"
"SRC182","22","30","Investment Earnings","10","646","April","(263)"
"SRC182","22","30","Investment Earnings","11","692","May","45,587"
"SRC182","22","31","Net Contributions (Withdrawals)","1","220","July","(4,333)"
"SRC182","22","31","Net Contributions (Withdrawals)","2","267","August","(3,003)"
"SRC182","22","31","Net Contributions (Withdrawals)","3","313","September","(2,668)"
"SRC182","22","31","Net Contributions (Withdrawals)","4","359","October","(10,660)"
"SRC182","22","31","Net Contributions (Withdrawals)","5","405","November","(704)"
"SRC182","22","31","Net Contributions (Withdrawals)","6","451","December","(15,543)"
"SRC182","22","31","Net Contributions (Withdrawals)","7","498","January","(5,356)"
"SRC182","22","31","Net Contributions (Withdrawals)","8","553","February","(8,257)"
"SRC182","22","31","Net Contributions (Withdrawals)","9","600","March","(3,257)"
"SRC182","22","31","Net Contributions (Withdrawals)","10","646","April","(7,540)"
"SRC182","22","31","Net Contributions (Withdrawals)","11","692","May","(6,789)"
"SRC182","22","32","Ending Invested Assets $ 1,235,619","2","267","August","1,254,812"
"SRC182","22","32","Ending Invested Assets $ 1,235,619","3","313","September","1,273,646"
"SRC182","22","32","Ending Invested Assets $ 1,235,619","4","359","October","1,244,872"
"SRC182","22","32","Ending Invested Assets $ 1,235,619","5","405","November","1,294,624"
"SRC182","22","32","Ending Invested Assets $ 1,235,619","6","451","December","1,246,885"
"SRC182","22","32","Ending Invested Assets $ 1,235,619","7","498","January","1,269,250"
"SRC182","22","32","Ending Invested Assets $ 1,235,619","8","553","February","1,255,853"
"SRC182","22","32","Ending Invested Assets $ 1,235,619","9","600","March","1,210,910"
"SRC182","22","32","Ending Invested Assets $ 1,235,619","10","646","April","1,203,107"
"SRC182","22","32","Ending Invested Assets $ 1,235,619","11","692","May","1,241,905"
"SRC182","23","1","Alaska Stable Value Fund $","1","274","Beginning Invested Assets","129,269,286"
"SRC182","23","1","Alaska Stable Value Fund $","2","361","Investment Income","254,310"
"SRC182","23","1","Alaska Stable Value Fund $","4","447","Net Contributions (Withdrawals)","(868,538)"
"SRC182","23","1","Alaska Stable Value Fund $","5","529","Transfers In (Out)","(364,834)"
"SRC182","23","1","Alaska Stable Value Fund $","6","604","Ending Invested Assets","128,290,224"
"SRC182","23","1","Alaska Stable Value Fund $","7","667","Invested Assets","-0.76%"
"SRC182","23","1","Alaska Stable Value Fund $","8","730","to Investment Income (1)","0.20%"
"SRC182","23","2","Small Cap Stock Fund","1","274","Beginning Invested Assets","62,410,854"
"SRC182","23","2","Small Cap Stock Fund","2","361","Investment Income","2,366,610"
"SRC182","23","2","Small Cap Stock Fund","4","447","Net Contributions (Withdrawals)","135,032"
"SRC182","23","2","Small Cap Stock Fund","5","529","Transfers In (Out)","(222,549)"
"SRC182","23","2","Small Cap Stock Fund","6","604","Ending Invested Assets","64,689,947"
"SRC182","23","2","Small Cap Stock Fund","7","667","Invested Assets","3.65%"
"SRC182","23","2","Small Cap Stock Fund","8","730","to Investment Income (1)","3.79%"
"SRC182","23","3","Alaska Conservative Balanced Fund","1","274","Beginning Invested Assets","48,503,309"
"SRC182","23","3","Alaska Conservative Balanced Fund","2","361","Investment Income","818,404"
"SRC182","23","3","Alaska Conservative Balanced Fund","4","447","Net Contributions (Withdrawals)","(207,467)"
"SRC182","23","3","Alaska Conservative Balanced Fund","5","529","Transfers In (Out)","53,360"
"SRC182","23","3","Alaska Conservative Balanced Fund","6","604","Ending Invested Assets","49,167,606"
"SRC182","23","3","Alaska Conservative Balanced Fund","7","667","Invested Assets","1.37%"
"SRC182","23","3","Alaska Conservative Balanced Fund","8","730","to Investment Income (1)","1.69%"
"SRC182","23","4","Alaska Moderate Growth Balanced Fund","1","274","Beginning Invested Assets","52,315,086"
"SRC182","23","4","Alaska Moderate Growth Balanced Fund","2","361","Investment Income","1,685,612"
"SRC182","23","4","Alaska Moderate Growth Balanced Fund","4","447","Net Contributions (Withdrawals)","(177,471)"
"SRC182","23","4","Alaska Moderate Growth Balanced Fund","5","529","Transfers In (Out)","156,853"
"SRC182","23","4","Alaska Moderate Growth Balanced Fund","6","604","Ending Invested Assets","53,980,080"
"SRC182","23","4","Alaska Moderate Growth Balanced Fund","7","667","Invested Assets","3.18%"
"SRC182","23","4","Alaska Moderate Growth Balanced Fund","8","730","to Investment Income (1)","3.22%"
"SRC182","23","5","Alaska Target Date 2010 Trust","1","274","Beginning Invested Assets","3,098,323"
"SRC182","23","5","Alaska Target Date 2010 Trust","2","361","Investment Income","53,460"
"SRC182","23","5","Alaska Target Date 2010 Trust","4","447","Net Contributions (Withdrawals)","5,745"
"SRC182","23","5","Alaska Target Date 2010 Trust","5","529","Transfers In (Out)","13,039"
"SRC182","23","5","Alaska Target Date 2010 Trust","6","604","Ending Invested Assets","3,170,567"
"SRC182","23","5","Alaska Target Date 2010 Trust","7","667","Invested Assets","2.33%"
"SRC182","23","5","Alaska Target Date 2010 Trust","8","730","to Investment Income (1)","1.72%"
"SRC182","23","6","Alaska Target Date 2015 Trust","1","274","Beginning Invested Assets","10,638,360"
"SRC182","23","6","Alaska Target Date 2015 Trust","2","361","Investment Income","217,575"
"SRC182","23","6","Alaska Target Date 2015 Trust","4","447","Net Contributions (Withdrawals)","51,324"
"SRC182","23","6","Alaska Target Date 2015 Trust","6","604","Ending Invested Assets","10,907,259"
"SRC182","23","6","Alaska Target Date 2015 Trust","7","667","Invested Assets","2.53%"
"SRC182","23","6","Alaska Target Date 2015 Trust","8","730","to Investment Income (1)","2.04%"
"SRC182","23","7","Alaska Target Date 2020 Trust","1","274","Beginning Invested Assets","37,674,695"
"SRC182","23","7","Alaska Target Date 2020 Trust","2","361","Investment Income","913,077"
"SRC182","23","7","Alaska Target Date 2020 Trust","4","447","Net Contributions (Withdrawals)","196,917"
"SRC182","23","7","Alaska Target Date 2020 Trust","5","529","Transfers In (Out)","(51,795)"
"SRC182","23","7","Alaska Target Date 2020 Trust","6","604","Ending Invested Assets","38,732,894"
"SRC182","23","7","Alaska Target Date 2020 Trust","7","667","Invested Assets","2.81%"
"SRC182","23","7","Alaska Target Date 2020 Trust","8","730","to Investment Income (1)","2.42%"
"SRC182","23","8","Alaska Target Date 2025 Trust","1","274","Beginning Invested Assets","99,922,828"
"SRC182","23","8","Alaska Target Date 2025 Trust","2","361","Investment Income","2,970,380"
"SRC182","23","8","Alaska Target Date 2025 Trust","4","447","Net Contributions (Withdrawals)","116,128"
"SRC182","23","8","Alaska Target Date 2025 Trust","5","529","Transfers In (Out)","(275,927)"
"SRC182","23","8","Alaska Target Date 2025 Trust","6","604","Ending Invested Assets","102,733,409"
"SRC182","23","8","Alaska Target Date 2025 Trust","7","667","Invested Assets","2.81%"
"SRC182","23","8","Alaska Target Date 2025 Trust","8","730","to Investment Income (1)","2.98%"
"SRC182","23","9","Alaska Target Date 2030 Trust","1","274","Beginning Invested Assets","137,010,362"
"SRC182","23","9","Alaska Target Date 2030 Trust","2","361","Investment Income","4,867,203"
"SRC182","23","9","Alaska Target Date 2030 Trust","4","447","Net Contributions (Withdrawals)","940,992"
"SRC182","23","9","Alaska Target Date 2030 Trust","5","529","Transfers In (Out)","(250,097)"
"SRC182","23","9","Alaska Target Date 2030 Trust","6","604","Ending Invested Assets","142,568,460"
"SRC182","23","9","Alaska Target Date 2030 Trust","7","667","Invested Assets","4.06%"
"SRC182","23","9","Alaska Target Date 2030 Trust","8","730","to Investment Income (1)","3.54%"
"SRC182","23","10","Alaska Target Date 2035 Trust","1","274","Beginning Invested Assets","185,289,351"
"SRC182","23","10","Alaska Target Date 2035 Trust","2","361","Investment Income","7,474,042"
"SRC182","23","10","Alaska Target Date 2035 Trust","4","447","Net Contributions (Withdrawals)","1,777,734"
"SRC182","23","10","Alaska Target Date 2035 Trust","5","529","Transfers In (Out)","107,662"
"SRC182","23","10","Alaska Target Date 2035 Trust","6","604","Ending Invested Assets","194,648,789"
"SRC182","23","10","Alaska Target Date 2035 Trust","7","667","Invested Assets","5.05%"
"SRC182","23","10","Alaska Target Date 2035 Trust","8","730","to Investment Income (1)","4.01%"
"SRC182","23","11","Alaska Target Date 2040 Trust","1","274","Beginning Invested Assets","213,961,308"
"SRC182","23","11","Alaska Target Date 2040 Trust","2","361","Investment Income","9,582,147"
"SRC182","23","11","Alaska Target Date 2040 Trust","4","447","Net Contributions (Withdrawals)","1,682,473"
"SRC182","23","11","Alaska Target Date 2040 Trust","5","529","Transfers In (Out)","355,469"
"SRC182","23","11","Alaska Target Date 2040 Trust","6","604","Ending Invested Assets","225,581,397"
"SRC182","23","11","Alaska Target Date 2040 Trust","7","667","Invested Assets","5.43%"
"SRC182","23","11","Alaska Target Date 2040 Trust","8","730","to Investment Income (1)","4.46%"
"SRC182","23","12","Alaska Target Date 2045 Trust","1","274","Beginning Invested Assets","292,795,137"
"SRC182","23","12","Alaska Target Date 2045 Trust","2","361","Investment Income","14,146,872"
"SRC182","23","12","Alaska Target Date 2045 Trust","4","447","Net Contributions (Withdrawals)","2,182,657"
"SRC182","23","12","Alaska Target Date 2045 Trust","5","529","Transfers In (Out)","(194,165)"
"SRC182","23","12","Alaska Target Date 2045 Trust","6","604","Ending Invested Assets","308,930,501"
"SRC182","23","12","Alaska Target Date 2045 Trust","7","667","Invested Assets","5.51%"
"SRC182","23","12","Alaska Target Date 2045 Trust","8","730","to Investment Income (1)","4.82%"
"SRC182","23","13","Alaska Target Date 2050 Trust","1","274","Beginning Invested Assets","346,745,864"
"SRC182","23","13","Alaska Target Date 2050 Trust","2","361","Investment Income","17,816,848"
"SRC182","23","13","Alaska Target Date 2050 Trust","4","447","Net Contributions (Withdrawals)","3,144,577"
"SRC182","23","13","Alaska Target Date 2050 Trust","5","529","Transfers In (Out)","(184,865)"
"SRC182","23","13","Alaska Target Date 2050 Trust","6","604","Ending Invested Assets","367,522,424"
"SRC182","23","13","Alaska Target Date 2050 Trust","7","667","Invested Assets","5.99%"
"SRC182","23","13","Alaska Target Date 2050 Trust","8","730","to Investment Income (1)","5.12%"
"SRC182","23","14","Alaska Target Date 2055 Trust","1","274","Beginning Invested Assets","397,493,037"
"SRC182","23","14","Alaska Target Date 2055 Trust","2","361","Investment Income","20,362,339"
"SRC182","23","14","Alaska Target Date 2055 Trust","4","447","Net Contributions (Withdrawals)","3,693,078"
"SRC182","23","14","Alaska Target Date 2055 Trust","5","529","Transfers In (Out)","(412,793)"
"SRC182","23","14","Alaska Target Date 2055 Trust","6","604","Ending Invested Assets","421,135,661"
"SRC182","23","14","Alaska Target Date 2055 Trust","7","667","Invested Assets","5.95%"
"SRC182","23","14","Alaska Target Date 2055 Trust","8","730","to Investment Income (1)","5.10%"
"SRC182","23","15","Alaska Target Date 2060 Trust","1","274","Beginning Invested Assets","65,859,312"
"SRC182","23","15","Alaska Target Date 2060 Trust","2","361","Investment Income","3,417,313"
"SRC182","23","15","Alaska Target Date 2060 Trust","4","447","Net Contributions (Withdrawals)","1,879,995"
"SRC182","23","15","Alaska Target Date 2060 Trust","5","529","Transfers In (Out)","(127,434)"
"SRC182","23","15","Alaska Target Date 2060 Trust","6","604","Ending Invested Assets","71,029,186"
"SRC182","23","15","Alaska Target Date 2060 Trust","7","667","Invested Assets","7.85%"
"SRC182","23","15","Alaska Target Date 2060 Trust","8","730","to Investment Income (1)","5.12%"
"SRC182","23","16","Alaska Target Date 2065 Trust","1","274","Beginning Invested Assets","47,570,652"
"SRC182","23","16","Alaska Target Date 2065 Trust","2","361","Investment Income","2,455,253"
"SRC182","23","16","Alaska Target Date 2065 Trust","4","447","Net Contributions (Withdrawals)","1,876,507"
"SRC182","23","16","Alaska Target Date 2065 Trust","5","529","Transfers In (Out)","(256,065)"
"SRC182","23","16","Alaska Target Date 2065 Trust","6","604","Ending Invested Assets","51,646,347"
"SRC182","23","16","Alaska Target Date 2065 Trust","7","667","Invested Assets","8.57%"
"SRC182","23","16","Alaska Target Date 2065 Trust","8","730","to Investment Income (1)","5.07%"
"SRC182","23","17","Total Investments with T. Rowe Price 2,130,557,764","2","361","Investment Income","89,401,445"
"SRC182","23","17","Total Investments with T. Rowe Price 2,130,557,764","4","447","Net Contributions (Withdrawals)","16,429,683"
"SRC182","23","17","Total Investments with T. Rowe Price 2,130,557,764","5","529","Transfers In (Out)","(1,654,141)"
"SRC182","23","17","Total Investments with T. Rowe Price 2,130,557,764","6","604","Ending Invested Assets","2,234,734,751"
"SRC182","23","18","Money Market","1","274","Beginning Invested Assets","20,470,169"
"SRC182","23","18","Money Market","2","361","Investment Income","71,904"
"SRC182","23","18","Money Market","4","447","Net Contributions (Withdrawals)","(406,728)"
"SRC182","23","18","Money Market","5","529","Transfers In (Out)","(401,443)"
"SRC182","23","18","Money Market","6","604","Ending Invested Assets","19,733,902"
"SRC182","23","18","Money Market","7","667","Invested Assets","-3.60%"
"SRC182","23","18","Money Market","8","730","to Investment Income (1)","0.36%"
"SRC182","23","19","S&P 500 Stock Index","1","274","Beginning Invested Assets","210,183,737"
"SRC182","23","19","S&P 500 Stock Index","2","361","Investment Income","13,273,524"
"SRC182","23","19","S&P 500 Stock Index","4","447","Net Contributions (Withdrawals)","1,069,824"
"SRC182","23","19","S&P 500 Stock Index","5","529","Transfers In (Out)","1,907,523"
"SRC182","23","19","S&P 500 Stock Index","6","604","Ending Invested Assets","226,434,608"
"SRC182","23","19","S&P 500 Stock Index","7","667","Invested Assets","7.73%"
"SRC182","23","19","S&P 500 Stock Index","8","730","to Investment Income (1)","6.27%"
"SRC182","23","20","Russell 3000 Index","1","274","Beginning Invested Assets","108,118,608"
"SRC182","23","20","Russell 3000 Index","2","361","Investment Income","6,838,432"
"SRC182","23","20","Russell 3000 Index","4","447","Net Contributions (Withdrawals)","87,659"
"SRC182","23","20","Russell 3000 Index","5","529","Transfers In (Out)","(114,067)"
"SRC182","23","20","Russell 3000 Index","6","604","Ending Invested Assets","114,930,632"
"SRC182","23","20","Russell 3000 Index","7","667","Invested Assets","6.30%"
"SRC182","23","20","Russell 3000 Index","8","730","to Investment Income (1)","6.33%"
"SRC182","23","21","World Equity Ex-US Index","1","274","Beginning Invested Assets","90,808,684"
"SRC182","23","21","World Equity Ex-US Index","2","361","Investment Income","4,152,693"
"SRC182","23","21","World Equity Ex-US Index","4","447","Net Contributions (Withdrawals)","(253,189)"
"SRC182","23","21","World Equity Ex-US Index","5","529","Transfers In (Out)","164,183"
"SRC182","23","21","World Equity Ex-US Index","6","604","Ending Invested Assets","94,872,371"
"SRC182","23","21","World Equity Ex-US Index","7","667","Invested Assets","4.47%"
"SRC182","23","21","World Equity Ex-US Index","8","730","to Investment Income (1)","4.58%"
"SRC182","23","22","Total Investments with SSgA","1","274","Beginning Invested Assets","429,581,198"
"SRC182","23","22","Total Investments with SSgA","2","361","Investment Income","24,336,553"
"SRC182","23","22","Total Investments with SSgA","4","447","Net Contributions (Withdrawals)","497,566"
"SRC182","23","22","Total Investments with SSgA","5","529","Transfers In (Out)","1,556,196"
"SRC182","23","22","Total Investments with SSgA","6","604","Ending Invested Assets","455,971,513"
"SRC182","23","23","Mid Capitalization Equity Index","1","274","Beginning Invested Assets","14,318,699"
"SRC182","23","23","Mid Capitalization Equity Index","2","361","Investment Income","771,503"
"SRC182","23","23","Mid Capitalization Equity Index","4","447","Net Contributions (Withdrawals)","(51,019)"
"SRC182","23","23","Mid Capitalization Equity Index","5","529","Transfers In (Out)","109,916"
"SRC182","23","23","Mid Capitalization Equity Index","6","604","Ending Invested Assets","15,149,099"
"SRC182","23","23","Mid Capitalization Equity Index","7","667","Invested Assets","5.80%"
"SRC182","23","23","Mid Capitalization Equity Index","8","730","to Investment Income (1)","5.38%"
"SRC182","23","24","S&P SmallCap 600 Equity Index","1","274","Beginning Invested Assets","1,276,729"
"SRC182","23","24","S&P SmallCap 600 Equity Index","2","361","Investment Income","65,093"
"SRC182","23","24","S&P SmallCap 600 Equity Index","4","447","Net Contributions (Withdrawals)","13,009"
"SRC182","23","24","S&P SmallCap 600 Equity Index","5","529","Transfers In (Out)","117,322"
"SRC182","23","24","S&P SmallCap 600 Equity Index","6","604","Ending Invested Assets","1,472,153"
"SRC182","23","24","S&P SmallCap 600 Equity Index","7","667","Invested Assets","15.31%"
"SRC182","23","24","S&P SmallCap 600 Equity Index","8","730","to Investment Income (1)","4.85%"
"SRC182","23","25","Passive U.S. Bond Index Fund","1","274","Beginning Invested Assets","123,307,927"
"SRC182","23","25","Passive U.S. Bond Index Fund","2","361","Investment Income","(881,499)"
"SRC182","23","25","Passive U.S. Bond Index Fund","4","447","Net Contributions (Withdrawals)","(502,849)"
"SRC182","23","25","Passive U.S. Bond Index Fund","5","529","Transfers In (Out)","(82,656)"
"SRC182","23","25","Passive U.S. Bond Index Fund","6","604","Ending Invested Assets","121,840,923"
"SRC182","23","25","Passive U.S. Bond Index Fund","7","667","Invested Assets","-1.19%"
"SRC182","23","25","Passive U.S. Bond Index Fund","8","730","to Investment Income (1)","-0.72%"
"SRC182","23","26","Strategic Completion Fund","1","274","Beginning Invested Assets","30,169,088"
"SRC182","23","26","Strategic Completion Fund","2","361","Investment Income","225,824"
"SRC182","23","26","Strategic Completion Fund","4","447","Net Contributions (Withdrawals)","(107,570)"
"SRC182","23","26","Strategic Completion Fund","5","529","Transfers In (Out)","71,453"
"SRC182","23","26","Strategic Completion Fund","6","604","Ending Invested Assets","30,358,795"
"SRC182","23","26","Strategic Completion Fund","7","667","Invested Assets","0.63%"
"SRC182","23","26","Strategic Completion Fund","8","730","to Investment Income (1)","0.75%"
"SRC182","23","27","Total Investments with BlackRock","1","274","Beginning Invested Assets","169,072,443"
"SRC182","23","27","Total Investments with BlackRock","2","361","Investment Income","180,921"
"SRC182","23","27","Total Investments with BlackRock","4","447","Net Contributions (Withdrawals)","(648,429)"
"SRC182","23","27","Total Investments with BlackRock","5","529","Transfers In (Out)","216,035"
"SRC182","23","27","Total Investments with BlackRock","6","604","Ending Invested Assets","168,820,970"
"SRC182","23","28","AK International Equity Fund","1","274","Beginning Invested Assets","45,808,707"
"SRC182","23","28","AK International Equity Fund","2","361","Investment Income","1,592,108"
"SRC182","23","28","AK International Equity Fund","4","447","Net Contributions (Withdrawals)","40,869"
"SRC182","23","28","AK International Equity Fund","5","529","Transfers In (Out)","(77,818)"
"SRC182","23","28","AK International Equity Fund","6","604","Ending Invested Assets","47,363,866"
"SRC182","23","28","AK International Equity Fund","7","667","Invested Assets","3.39%"
"SRC182","23","28","AK International Equity Fund","8","730","to Investment Income (1)","3.48%"
"SRC182","23","29","Environmental, Social, and Governance Fund","1","274","Beginning Invested Assets","23,721,058"
"SRC182","23","29","Environmental, Social, and Governance Fund","2","361","Investment Income","1,915,833"
"SRC182","23","29","Environmental, Social, and Governance Fund","4","447","Net Contributions (Withdrawals)","159,746"
"SRC182","23","29","Environmental, Social, and Governance Fund","5","529","Transfers In (Out)","(188,682)"
"SRC182","23","29","Environmental, Social, and Governance Fund","6","604","Ending Invested Assets","25,607,955"
"SRC182","23","29","Environmental, Social, and Governance Fund","7","667","Invested Assets","7.95%"
"SRC182","23","29","Environmental, Social, and Governance Fund","8","730","to Investment Income (1)","8.08%"
"SRC182","23","30","Core Plus Bond Fund","1","274","Beginning Invested Assets","16,124,541"
"SRC182","23","30","Core Plus Bond Fund","2","361","Investment Income","(60,076)"
"SRC182","23","30","Core Plus Bond Fund","4","447","Net Contributions (Withdrawals)","(85,927)"
"SRC182","23","30","Core Plus Bond Fund","5","529","Transfers In (Out)","148,410"
"SRC182","23","30","Core Plus Bond Fund","6","604","Ending Invested Assets","16,126,948"
"SRC182","23","30","Core Plus Bond Fund","7","667","Invested Assets","0.01%"
"SRC182","23","30","Core Plus Bond Fund","8","730","to Investment Income (1)","-0.37%"
"SRC182","23","31","Total All Funds $ 2,814,865,711","2","361","Investment Income","117,366,784"
"SRC182","23","31","Total All Funds $ 2,814,865,711","4","447","Net Contributions (Withdrawals)","16,393,508"
"SRC182","23","31","Total All Funds $ 2,814,865,711","6","604","Ending Invested Assets","2,948,626,003"
"SRC182","23","31","Total All Funds $ 2,814,865,711","7","667","Invested Assets","4.75%"
"SRC182","23","31","Total All Funds $ 2,814,865,711","8","730","to Investment Income (1)","4.16%"
"SRC182","24","1","Alaska Stable Value Fund $","1","214","July","141,903"
"SRC182","24","1","Alaska Stable Value Fund $","2","260","August","142,729"
"SRC182","24","1","Alaska Stable Value Fund $","3","307","September","141,403"
"SRC182","24","1","Alaska Stable Value Fund $","4","353","October","133,183"
"SRC182","24","1","Alaska Stable Value Fund $","5","399","November","131,176"
"SRC182","24","1","Alaska Stable Value Fund $","6","445","December","129,640"
"SRC182","24","1","Alaska Stable Value Fund $","7","491","January","128,245"
"SRC182","24","1","Alaska Stable Value Fund $","8","548","February","128,685"
"SRC182","24","1","Alaska Stable Value Fund $","9","605","March","129,560"
"SRC182","24","1","Alaska Stable Value Fund $","10","651","April","129,268"
"SRC182","24","1","Alaska Stable Value Fund $","11","697","May","128,291"
"SRC182","24","2","Small Cap Stock Fund","1","214","July","80,986"
"SRC182","24","2","Small Cap Stock Fund","2","260","August","81,585"
"SRC182","24","2","Small Cap Stock Fund","3","307","September","81,697"
"SRC182","24","2","Small Cap Stock Fund","4","353","October","69,214"
"SRC182","24","2","Small Cap Stock Fund","5","399","November","75,799"
"SRC182","24","2","Small Cap Stock Fund","6","445","December","69,489"
"SRC182","24","2","Small Cap Stock Fund","7","491","January","70,327"
"SRC182","24","2","Small Cap Stock Fund","8","548","February","68,097"
"SRC182","24","2","Small Cap Stock Fund","9","605","March","63,445"
"SRC182","24","2","Small Cap Stock Fund","10","651","April","62,411"
"SRC182","24","2","Small Cap Stock Fund","11","697","May","64,690"
"SRC182","24","3","Alaska Conservative Balanced Fund","1","214","July","54,287"
"SRC182","24","3","Alaska Conservative Balanced Fund","2","260","August","55,240"
"SRC182","24","3","Alaska Conservative Balanced Fund","3","307","September","56,096"
"SRC182","24","3","Alaska Conservative Balanced Fund","4","353","October","50,798"
"SRC182","24","3","Alaska Conservative Balanced Fund","5","399","November","50,976"
"SRC182","24","3","Alaska Conservative Balanced Fund","6","445","December","48,846"
"SRC182","24","3","Alaska Conservative Balanced Fund","7","491","January","49,387"
"SRC182","24","3","Alaska Conservative Balanced Fund","8","548","February","49,451"
"SRC182","24","3","Alaska Conservative Balanced Fund","9","605","March","48,529"
"SRC182","24","3","Alaska Conservative Balanced Fund","10","651","April","48,503"
"SRC182","24","3","Alaska Conservative Balanced Fund","11","697","May","49,168"
"SRC182","24","4","Alaska Moderate Growth Balanced Fund","1","214","July","61,635"
"SRC182","24","4","Alaska Moderate Growth Balanced Fund","2","260","August","62,834"
"SRC182","24","4","Alaska Moderate Growth Balanced Fund","3","307","September","63,648"
"SRC182","24","4","Alaska Moderate Growth Balanced Fund","4","353","October","55,628"
"SRC182","24","4","Alaska Moderate Growth Balanced Fund","5","399","November","56,124"
"SRC182","24","4","Alaska Moderate Growth Balanced Fund","6","445","December","54,033"
"SRC182","24","4","Alaska Moderate Growth Balanced Fund","7","491","January","54,860"
"SRC182","24","4","Alaska Moderate Growth Balanced Fund","8","548","February","54,827"
"SRC182","24","4","Alaska Moderate Growth Balanced Fund","9","605","March","53,210"
"SRC182","24","4","Alaska Moderate Growth Balanced Fund","10","651","April","52,315"
"SRC182","24","4","Alaska Moderate Growth Balanced Fund","11","697","May","53,980"
"SRC182","24","5","Alaska Target Date 2010 Trust","1","214","July","2,997"
"SRC182","24","5","Alaska Target Date 2010 Trust","2","260","August","3,057"
"SRC182","24","5","Alaska Target Date 2010 Trust","3","307","September","2,912"
"SRC182","24","5","Alaska Target Date 2010 Trust","4","353","October","2,870"
"SRC182","24","5","Alaska Target Date 2010 Trust","5","399","November","2,944"
"SRC182","24","5","Alaska Target Date 2010 Trust","6","445","December","2,858"
"SRC182","24","5","Alaska Target Date 2010 Trust","7","491","January","2,887"
"SRC182","24","5","Alaska Target Date 2010 Trust","8","548","February","3,087"
"SRC182","24","5","Alaska Target Date 2010 Trust","9","605","March","3,060"
"SRC182","24","5","Alaska Target Date 2010 Trust","10","651","April","3,098"
"SRC182","24","5","Alaska Target Date 2010 Trust","11","697","May","3,171"
"SRC182","24","6","Alaska Target Date 2015 Trust","1","214","July","10,918"
"SRC182","24","6","Alaska Target Date 2015 Trust","2","260","August","10,893"
"SRC182","24","6","Alaska Target Date 2015 Trust","3","307","September","10,824"
"SRC182","24","6","Alaska Target Date 2015 Trust","4","353","October","10,725"
"SRC182","24","6","Alaska Target Date 2015 Trust","5","399","November","10,968"
"SRC182","24","6","Alaska Target Date 2015 Trust","6","445","December","10,659"
"SRC182","24","6","Alaska Target Date 2015 Trust","7","491","January","10,749"
"SRC182","24","6","Alaska Target Date 2015 Trust","8","548","February","10,800"
"SRC182","24","6","Alaska Target Date 2015 Trust","9","605","March","10,629"
"SRC182","24","6","Alaska Target Date 2015 Trust","10","651","April","10,638"
"SRC182","24","6","Alaska Target Date 2015 Trust","11","697","May","10,907"
"SRC182","24","7","Alaska Target Date 2020 Trust","1","214","July","39,067"
"SRC182","24","7","Alaska Target Date 2020 Trust","2","260","August","39,376"
"SRC182","24","7","Alaska Target Date 2020 Trust","3","307","September","39,736"
"SRC182","24","7","Alaska Target Date 2020 Trust","4","353","October","38,699"
"SRC182","24","7","Alaska Target Date 2020 Trust","5","399","November","39,673"
"SRC182","24","7","Alaska Target Date 2020 Trust","6","445","December","38,610"
"SRC182","24","7","Alaska Target Date 2020 Trust","7","491","January","39,044"
"SRC182","24","7","Alaska Target Date 2020 Trust","8","548","February","39,206"
"SRC182","24","7","Alaska Target Date 2020 Trust","9","605","March","37,782"
"SRC182","24","7","Alaska Target Date 2020 Trust","10","651","April","37,675"
"SRC182","24","7","Alaska Target Date 2020 Trust","11","697","May","38,733"
"SRC182","24","8","Alaska Target Date 2025 Trust","1","214","July","96,065"
"SRC182","24","8","Alaska Target Date 2025 Trust","2","260","August","98,083"
"SRC182","24","8","Alaska Target Date 2025 Trust","3","307","September","99,948"
"SRC182","24","8","Alaska Target Date 2025 Trust","4","353","October","99,145"
"SRC182","24","8","Alaska Target Date 2025 Trust","5","399","November","102,313"
"SRC182","24","8","Alaska Target Date 2025 Trust","6","445","December","99,571"
"SRC182","24","8","Alaska Target Date 2025 Trust","7","491","January","101,289"
"SRC182","24","8","Alaska Target Date 2025 Trust","8","548","February","101,368"
"SRC182","24","8","Alaska Target Date 2025 Trust","9","605","March","98,887"
"SRC182","24","8","Alaska Target Date 2025 Trust","10","651","April","99,923"
"SRC182","24","8","Alaska Target Date 2025 Trust","11","697","May","102,733"
"SRC182","24","9","Alaska Target Date 2030 Trust","1","214","July","126,185"
"SRC182","24","9","Alaska Target Date 2030 Trust","2","260","August","127,976"
"SRC182","24","9","Alaska Target Date 2030 Trust","3","307","September","130,917"
"SRC182","24","9","Alaska Target Date 2030 Trust","4","353","October","129,822"
"SRC182","24","9","Alaska Target Date 2030 Trust","5","399","November","135,552"
"SRC182","24","9","Alaska Target Date 2030 Trust","6","445","December","132,238"
"SRC182","24","9","Alaska Target Date 2030 Trust","7","491","January","135,843"
"SRC182","24","9","Alaska Target Date 2030 Trust","8","548","February","136,133"
"SRC182","24","9","Alaska Target Date 2030 Trust","9","605","March","133,324"
"SRC182","24","9","Alaska Target Date 2030 Trust","10","651","April","137,010"
"SRC182","24","9","Alaska Target Date 2030 Trust","11","697","May","142,568"
"SRC182","24","10","Alaska Target Date 2035 Trust","1","214","July","169,775"
"SRC182","24","10","Alaska Target Date 2035 Trust","2","260","August","173,625"
"SRC182","24","10","Alaska Target Date 2035 Trust","3","307","September","178,043"
"SRC182","24","10","Alaska Target Date 2035 Trust","4","353","October","175,470"
"SRC182","24","10","Alaska Target Date 2035 Trust","5","399","November","183,276"
"SRC182","24","10","Alaska Target Date 2035 Trust","6","445","December","179,376"
"SRC182","24","10","Alaska Target Date 2035 Trust","7","491","January","184,872"
"SRC182","24","10","Alaska Target Date 2035 Trust","8","548","February","185,179"
"SRC182","24","10","Alaska Target Date 2035 Trust","9","605","March","181,250"
"SRC182","24","10","Alaska Target Date 2035 Trust","10","651","April","185,289"
"SRC182","24","10","Alaska Target Date 2035 Trust","11","697","May","194,649"
"SRC182","24","11","Alaska Target Date 2040 Trust","1","214","July","196,855"
"SRC182","24","11","Alaska Target Date 2040 Trust","2","260","August","201,719"
"SRC182","24","11","Alaska Target Date 2040 Trust","3","307","September","207,182"
"SRC182","24","11","Alaska Target Date 2040 Trust","4","353","October","204,803"
"SRC182","24","11","Alaska Target Date 2040 Trust","5","399","November","214,124"
"SRC182","24","11","Alaska Target Date 2040 Trust","6","445","December","208,941"
"SRC182","24","11","Alaska Target Date 2040 Trust","7","491","January","215,268"
"SRC182","24","11","Alaska Target Date 2040 Trust","8","548","February","215,603"
"SRC182","24","11","Alaska Target Date 2040 Trust","9","605","March","209,824"
"SRC182","24","11","Alaska Target Date 2040 Trust","10","651","April","213,961"
"SRC182","24","11","Alaska Target Date 2040 Trust","11","697","May","225,581"
"SRC182","24","12","Alaska Target Date 2045 Trust","1","214","July","267,195"
"SRC182","24","12","Alaska Target Date 2045 Trust","2","260","August","274,512"
"SRC182","24","12","Alaska Target Date 2045 Trust","3","307","September","281,260"
"SRC182","24","12","Alaska Target Date 2045 Trust","4","353","October","278,987"
"SRC182","24","12","Alaska Target Date 2045 Trust","5","399","November","292,288"
"SRC182","24","12","Alaska Target Date 2045 Trust","6","445","December","284,260"
"SRC182","24","12","Alaska Target Date 2045 Trust","7","491","January","294,590"
"SRC182","24","12","Alaska Target Date 2045 Trust","8","548","February","293,982"
"SRC182","24","12","Alaska Target Date 2045 Trust","9","605","March","286,472"
"SRC182","24","12","Alaska Target Date 2045 Trust","10","651","April","292,795"
"SRC182","24","12","Alaska Target Date 2045 Trust","11","697","May","308,931"
"SRC182","24","13","Alaska Target Date 2050 Trust","1","214","July","320,284"
"SRC182","24","13","Alaska Target Date 2050 Trust","2","260","August","328,904"
"SRC182","24","13","Alaska Target Date 2050 Trust","3","307","September","337,677"
"SRC182","24","13","Alaska Target Date 2050 Trust","4","353","October","333,920"
"SRC182","24","13","Alaska Target Date 2050 Trust","5","399","November","349,741"
"SRC182","24","13","Alaska Target Date 2050 Trust","6","445","December","339,495"
"SRC182","24","13","Alaska Target Date 2050 Trust","7","491","January","351,416"
"SRC182","24","13","Alaska Target Date 2050 Trust","8","548","February","351,309"
"SRC182","24","13","Alaska Target Date 2050 Trust","9","605","March","340,399"
"SRC182","24","13","Alaska Target Date 2050 Trust","10","651","April","346,746"
"SRC182","24","13","Alaska Target Date 2050 Trust","11","697","May","367,522"
"SRC182","24","14","Alaska Target Date 2055 Trust","1","214","July","366,467"
"SRC182","24","14","Alaska Target Date 2055 Trust","2","260","August","376,246"
"SRC182","24","14","Alaska Target Date 2055 Trust","3","307","September","386,202"
"SRC182","24","14","Alaska Target Date 2055 Trust","4","353","October","382,262"
"SRC182","24","14","Alaska Target Date 2055 Trust","5","399","November","399,785"
"SRC182","24","14","Alaska Target Date 2055 Trust","6","445","December","389,120"
"SRC182","24","14","Alaska Target Date 2055 Trust","7","491","January","402,467"
"SRC182","24","14","Alaska Target Date 2055 Trust","8","548","February","402,018"
"SRC182","24","14","Alaska Target Date 2055 Trust","9","605","March","389,558"
"SRC182","24","14","Alaska Target Date 2055 Trust","10","651","April","397,493"
"SRC182","24","14","Alaska Target Date 2055 Trust","11","697","May","421,136"
"SRC182","24","15","Alaska Target Date 2060 Trust","1","214","July","50,230"
"SRC182","24","15","Alaska Target Date 2060 Trust","2","260","August","52,703"
"SRC182","24","15","Alaska Target Date 2060 Trust","3","307","September","55,103"
"SRC182","24","15","Alaska Target Date 2060 Trust","4","353","October","55,854"
"SRC182","24","15","Alaska Target Date 2060 Trust","5","399","November","59,186"
"SRC182","24","15","Alaska Target Date 2060 Trust","6","445","December","58,521"
"SRC182","24","15","Alaska Target Date 2060 Trust","7","491","January","61,901"
"SRC182","24","15","Alaska Target Date 2060 Trust","8","548","February","62,578"
"SRC182","24","15","Alaska Target Date 2060 Trust","9","605","March","62,314"
"SRC182","24","15","Alaska Target Date 2060 Trust","10","651","April","65,859"
"SRC182","24","15","Alaska Target Date 2060 Trust","11","697","May","71,029"
"SRC182","24","16","Alaska Target Date 2065 Trust","1","214","July","33,787"
"SRC182","24","16","Alaska Target Date 2065 Trust","2","260","August","35,852"
"SRC182","24","16","Alaska Target Date 2065 Trust","3","307","September","37,995"
"SRC182","24","16","Alaska Target Date 2065 Trust","4","353","October","39,008"
"SRC182","24","16","Alaska Target Date 2065 Trust","5","399","November","41,467"
"SRC182","24","16","Alaska Target Date 2065 Trust","6","445","December","40,598"
"SRC182","24","16","Alaska Target Date 2065 Trust","7","491","January","43,372"
"SRC182","24","16","Alaska Target Date 2065 Trust","8","548","February","43,908"
"SRC182","24","16","Alaska Target Date 2065 Trust","9","605","March","44,015"
"SRC182","24","16","Alaska Target Date 2065 Trust","10","651","April","47,571"
"SRC182","24","16","Alaska Target Date 2065 Trust","11","697","May","51,646"
"SRC182","24","17","Money Market","1","214","July","22,259"
"SRC182","24","17","Money Market","2","260","August","22,789"
"SRC182","24","17","Money Market","3","307","September","22,039"
"SRC182","24","17","Money Market","4","353","October","18,161"
"SRC182","24","17","Money Market","5","399","November","17,101"
"SRC182","24","17","Money Market","6","445","December","17,680"
"SRC182","24","17","Money Market","7","491","January","17,428"
"SRC182","24","17","Money Market","8","548","February","18,427"
"SRC182","24","17","Money Market","9","605","March","20,805"
"SRC182","24","17","Money Market","10","651","April","20,470"
"SRC182","24","17","Money Market","11","697","May","19,734"
"SRC182","24","18","S&P 500 Stock Index","1","214","July","184,548"
"SRC182","24","18","S&P 500 Stock Index","2","260","August","191,835"
"SRC182","24","18","S&P 500 Stock Index","3","307","September","198,692"
"SRC182","24","18","S&P 500 Stock Index","4","353","October","196,413"
"SRC182","24","18","S&P 500 Stock Index","5","399","November","213,346"
"SRC182","24","18","S&P 500 Stock Index","6","445","December","211,818"
"SRC182","24","18","S&P 500 Stock Index","7","491","January","221,771"
"SRC182","24","18","S&P 500 Stock Index","8","548","February","219,287"
"SRC182","24","18","S&P 500 Stock Index","9","605","March","206,265"
"SRC182","24","18","S&P 500 Stock Index","10","651","April","210,184"
"SRC182","24","18","S&P 500 Stock Index","11","697","May","226,435"
"SRC182","24","19","Russell 3000 Index","1","214","July","98,197"
"SRC182","24","19","Russell 3000 Index","2","260","August","100,350"
"SRC182","24","19","Russell 3000 Index","3","307","September","102,555"
"SRC182","24","19","Russell 3000 Index","4","353","October","108,984"
"SRC182","24","19","Russell 3000 Index","5","399","November","118,184"
"SRC182","24","19","Russell 3000 Index","6","445","December","115,492"
"SRC182","24","19","Russell 3000 Index","7","491","January","119,523"
"SRC182","24","19","Russell 3000 Index","8","548","February","116,569"
"SRC182","24","19","Russell 3000 Index","9","605","March","108,677"
"SRC182","24","19","Russell 3000 Index","10","651","April","108,119"
"SRC182","24","19","Russell 3000 Index","11","697","May","114,931"
"SRC182","24","20","World Equity Ex-US Index","1","214","July","79,632"
"SRC182","24","20","World Equity Ex-US Index","2","260","August","81,826"
"SRC182","24","20","World Equity Ex-US Index","3","307","September","84,247"
"SRC182","24","20","World Equity Ex-US Index","4","353","October","88,219"
"SRC182","24","20","World Equity Ex-US Index","5","399","November","87,633"
"SRC182","24","20","World Equity Ex-US Index","6","445","December","84,851"
"SRC182","24","20","World Equity Ex-US Index","7","491","January","87,667"
"SRC182","24","20","World Equity Ex-US Index","8","548","February","88,525"
"SRC182","24","20","World Equity Ex-US Index","9","605","March","88,636"
"SRC182","24","20","World Equity Ex-US Index","10","651","April","90,809"
"SRC182","24","20","World Equity Ex-US Index","11","697","May","94,872"
"SRC182","24","21","Mid Capitalization Equity Index","4","353","October","13,984"
"SRC182","24","21","Mid Capitalization Equity Index","5","399","November","16,439"
"SRC182","24","21","Mid Capitalization Equity Index","6","445","December","15,328"
"SRC182","24","21","Mid Capitalization Equity Index","7","491","January","15,912"
"SRC182","24","21","Mid Capitalization Equity Index","8","548","February","15,211"
"SRC182","24","21","Mid Capitalization Equity Index","9","605","March","14,390"
"SRC182","24","21","Mid Capitalization Equity Index","10","651","April","14,319"
"SRC182","24","21","Mid Capitalization Equity Index","11","697","May","15,149"
"SRC182","24","22","S&P SmallCap 600 Equity Index","4","353","October","367"
"SRC182","24","22","S&P SmallCap 600 Equity Index","5","399","November","702"
"SRC182","24","22","S&P SmallCap 600 Equity Index","6","445","December","774"
"SRC182","24","22","S&P SmallCap 600 Equity Index","7","491","January","876"
"SRC182","24","22","S&P SmallCap 600 Equity Index","8","548","February","1,036"
"SRC182","24","22","S&P SmallCap 600 Equity Index","9","605","March","814"
"SRC182","24","22","S&P SmallCap 600 Equity Index","10","651","April","1,277"
"SRC182","24","22","S&P SmallCap 600 Equity Index","11","697","May","1,472"
"SRC182","24","23","Passive U.S. Bond Index Fund","1","214","July","121,844"
"SRC182","24","23","Passive U.S. Bond Index Fund","2","260","August","123,378"
"SRC182","24","23","Passive U.S. Bond Index Fund","3","307","September","125,440"
"SRC182","24","23","Passive U.S. Bond Index Fund","4","353","October","125,946"
"SRC182","24","23","Passive U.S. Bond Index Fund","5","399","November","126,637"
"SRC182","24","23","Passive U.S. Bond Index Fund","6","445","December","122,635"
"SRC182","24","23","Passive U.S. Bond Index Fund","7","491","January","122,309"
"SRC182","24","23","Passive U.S. Bond Index Fund","8","548","February","123,953"
"SRC182","24","23","Passive U.S. Bond Index Fund","9","605","March","124,210"
"SRC182","24","23","Passive U.S. Bond Index Fund","10","651","April","123,308"
"SRC182","24","23","Passive U.S. Bond Index Fund","11","697","May","121,841"
"SRC182","24","24","Strategic Completion Fund","1","214","July","36,532"
"SRC182","24","24","Strategic Completion Fund","2","260","August","37,469"
"SRC182","24","24","Strategic Completion Fund","3","307","September","37,959"
"SRC182","24","24","Strategic Completion Fund","4","353","October","32,101"
"SRC182","24","24","Strategic Completion Fund","5","399","November","31,749"
"SRC182","24","24","Strategic Completion Fund","6","445","December","30,198"
"SRC182","24","24","Strategic Completion Fund","7","491","January","30,555"
"SRC182","24","24","Strategic Completion Fund","8","548","February","31,064"
"SRC182","24","24","Strategic Completion Fund","9","605","March","31,099"
"SRC182","24","24","Strategic Completion Fund","10","651","April","30,169"
"SRC182","24","24","Strategic Completion Fund","11","697","May","30,359"
"SRC182","24","25","AK International Equity Fund","1","214","July","52,526"
"SRC182","24","25","AK International Equity Fund","2","260","August","54,325"
"SRC182","24","25","AK International Equity Fund","3","307","September","55,218"
"SRC182","24","25","AK International Equity Fund","4","353","October","44,412"
"SRC182","24","25","AK International Equity Fund","5","399","November","43,557"
"SRC182","24","25","AK International Equity Fund","6","445","December","42,196"
"SRC182","24","25","AK International Equity Fund","7","491","January","43,864"
"SRC182","24","25","AK International Equity Fund","8","548","February","44,785"
"SRC182","24","25","AK International Equity Fund","9","605","March","44,344"
"SRC182","24","25","AK International Equity Fund","10","651","April","45,809"
"SRC182","24","25","AK International Equity Fund","11","697","May","47,364"
"SRC182","24","26","Environmental, Social, and Governance Fund","1","214","July","27,511"
"SRC182","24","26","Environmental, Social, and Governance Fund","2","260","August","28,260"
"SRC182","24","26","Environmental, Social, and Governance Fund","3","307","September","28,399"
"SRC182","24","26","Environmental, Social, and Governance Fund","4","353","October","25,526"
"SRC182","24","26","Environmental, Social, and Governance Fund","5","399","November","26,692"
"SRC182","24","26","Environmental, Social, and Governance Fund","6","445","December","25,968"
"SRC182","24","26","Environmental, Social, and Governance Fund","7","491","January","26,144"
"SRC182","24","26","Environmental, Social, and Governance Fund","8","548","February","25,744"
"SRC182","24","26","Environmental, Social, and Governance Fund","9","605","March","23,400"
"SRC182","24","26","Environmental, Social, and Governance Fund","10","651","April","23,721"
"SRC182","24","26","Environmental, Social, and Governance Fund","11","697","May","25,608"
"SRC182","24","27","Core Plus Bond Fund","4","353","October","15,160"
"SRC182","24","27","Core Plus Bond Fund","5","399","November","16,141"
"SRC182","24","27","Core Plus Bond Fund","6","445","December","15,645"
"SRC182","24","27","Core Plus Bond Fund","7","491","January","15,623"
"SRC182","24","27","Core Plus Bond Fund","8","548","February","15,790"
"SRC182","24","27","Core Plus Bond Fund","9","605","March","16,041"
"SRC182","24","27","Core Plus Bond Fund","10","651","April","16,125"
"SRC182","24","27","Core Plus Bond Fund","11","697","May","16,127"
"SRC182","24","28","Total Invested Assets $ 2,641,685","2","260","August","2,705,566"
"SRC182","24","28","Total Invested Assets $ 2,641,685","3","307","September","2,765,192"
"SRC182","24","28","Total Invested Assets $ 2,641,685","4","353","October","2,729,661"
"SRC182","24","28","Total Invested Assets $ 2,641,685","5","399","November","2,843,573"
"SRC182","24","28","Total Invested Assets $ 2,641,685","6","445","December","2,768,840"
"SRC182","24","28","Total Invested Assets $ 2,641,685","7","491","January","2,848,189"
"SRC182","24","28","Total Invested Assets $ 2,641,685","8","548","February","2,846,622"
"SRC182","24","28","Total Invested Assets $ 2,641,685","9","605","March","2,770,939"
"SRC182","24","28","Total Invested Assets $ 2,641,685","10","651","April","2,814,865"
"SRC182","24","28","Total Invested Assets $ 2,641,685","11","697","May","2,948,627"
"SRC182","24","29","Beginning Assets $ 2,584,019","2","260","August","2,641,685"
"SRC182","24","29","Beginning Assets $ 2,584,019","3","307","September","2,705,566"
"SRC182","24","29","Beginning Assets $ 2,584,019","4","353","October","2,765,192"
"SRC182","24","29","Beginning Assets $ 2,584,019","5","399","November","2,729,661"
"SRC182","24","29","Beginning Assets $ 2,584,019","6","445","December","2,843,573"
"SRC182","24","29","Beginning Assets $ 2,584,019","7","491","January","2,768,840"
"SRC182","24","29","Beginning Assets $ 2,584,019","8","548","February","2,848,190"
"SRC182","24","29","Beginning Assets $ 2,584,019","9","605","March","2,846,621"
"SRC182","24","29","Beginning Assets $ 2,584,019","10","651","April","2,770,939"
"SRC182","24","29","Beginning Assets $ 2,584,019","11","697","May","2,814,866"
"SRC182","24","30","Investment Earnings","1","214","July","51,598"
"SRC182","24","30","Investment Earnings","2","260","August","54,931"
"SRC182","24","30","Investment Earnings","3","307","September","50,284"
"SRC182","24","30","Investment Earnings","4","353","October","(51,866)"
"SRC182","24","30","Investment Earnings","5","399","November","102,854"
"SRC182","24","30","Investment Earnings","6","445","December","(72,488)"
"SRC182","24","30","Investment Earnings","7","491","January","72,925"
"SRC182","24","30","Investment Earnings","8","548","February","(4,992)"
"SRC182","24","30","Investment Earnings","9","605","March","(90,373)"
"SRC182","24","30","Investment Earnings","10","651","April","12,122"
"SRC182","24","30","Investment Earnings","11","697","May","117,367"
"SRC182","24","31","Net Contributions (Withdrawals)","1","214","July","6,068"
"SRC182","24","31","Net Contributions (Withdrawals)","2","260","August","8,950"
"SRC182","24","31","Net Contributions (Withdrawals)","3","307","September","9,342"
"SRC182","24","31","Net Contributions (Withdrawals)","4","353","October","16,335"
"SRC182","24","31","Net Contributions (Withdrawals)","5","399","November","11,058"
"SRC182","24","31","Net Contributions (Withdrawals)","6","445","December","(2,245)"
"SRC182","24","31","Net Contributions (Withdrawals)","7","491","January","6,424"
"SRC182","24","31","Net Contributions (Withdrawals)","8","548","February","3,424"
"SRC182","24","31","Net Contributions (Withdrawals)","9","605","March","14,691"
"SRC182","24","31","Net Contributions (Withdrawals)","10","651","April","31,804"
"SRC182","24","31","Net Contributions (Withdrawals)","11","697","May","16,394"
"SRC182","24","32","Ending Invested Assets $ 2,641,685","2","260","August","2,705,566"
"SRC182","24","32","Ending Invested Assets $ 2,641,685","3","307","September","2,765,192"
"SRC182","24","32","Ending Invested Assets $ 2,641,685","4","353","October","2,729,661"
"SRC182","24","32","Ending Invested Assets $ 2,641,685","5","399","November","2,843,573"
"SRC182","24","32","Ending Invested Assets $ 2,641,685","6","445","December","2,768,840"
"SRC182","24","32","Ending Invested Assets $ 2,641,685","7","491","January","2,848,189"
"SRC182","24","32","Ending Invested Assets $ 2,641,685","8","548","February","2,846,622"
"SRC182","24","32","Ending Invested Assets $ 2,641,685","9","605","March","2,770,939"
"SRC182","24","32","Ending Invested Assets $ 2,641,685","10","651","April","2,814,865"
"SRC182","24","32","Ending Invested Assets $ 2,641,685","11","697","May","2,948,627"
"SRC182","25","1","Alaska Stable Value Fund $","1","274","Beginning Invested Assets","46,013,905"
"SRC182","25","1","Alaska Stable Value Fund $","2","367","Investment Income","90,156"
"SRC182","25","1","Alaska Stable Value Fund $","4","450","Net Contributions (Withdrawals)","(90,259)"
"SRC182","25","1","Alaska Stable Value Fund $","5","533","Transfers In (Out)","(96,280)"
"SRC182","25","1","Alaska Stable Value Fund $","6","604","Ending Invested Assets","45,917,522"
"SRC182","25","1","Alaska Stable Value Fund $","7","667","Invested Assets","-0.21%"
"SRC182","25","1","Alaska Stable Value Fund $","8","730","to Investment Income (1)","0.20%"
"SRC182","25","2","Small Cap Stock Fund","1","274","Beginning Invested Assets","22,423,120"
"SRC182","25","2","Small Cap Stock Fund","2","367","Investment Income","851,019"
"SRC182","25","2","Small Cap Stock Fund","4","450","Net Contributions (Withdrawals)","47,916"
"SRC182","25","2","Small Cap Stock Fund","5","533","Transfers In (Out)","32,696"
"SRC182","25","2","Small Cap Stock Fund","6","604","Ending Invested Assets","23,354,751"
"SRC182","25","2","Small Cap Stock Fund","7","667","Invested Assets","4.15%"
"SRC182","25","2","Small Cap Stock Fund","8","730","to Investment Income (1)","3.79%"
"SRC182","25","3","Alaska Conservative Balanced Fund","1","274","Beginning Invested Assets","22,023,555"
"SRC182","25","3","Alaska Conservative Balanced Fund","2","367","Investment Income","371,407"
"SRC182","25","3","Alaska Conservative Balanced Fund","4","450","Net Contributions (Withdrawals)","(33,509)"
"SRC182","25","3","Alaska Conservative Balanced Fund","5","533","Transfers In (Out)","(87,114)"
"SRC182","25","3","Alaska Conservative Balanced Fund","6","604","Ending Invested Assets","22,274,339"
"SRC182","25","3","Alaska Conservative Balanced Fund","7","667","Invested Assets","1.14%"
"SRC182","25","3","Alaska Conservative Balanced Fund","8","730","to Investment Income (1)","1.69%"
"SRC182","25","4","Alaska Moderate Growth Balanced Fund","1","274","Beginning Invested Assets","24,902,038"
"SRC182","25","4","Alaska Moderate Growth Balanced Fund","2","367","Investment Income","801,322"
"SRC182","25","4","Alaska Moderate Growth Balanced Fund","4","450","Net Contributions (Withdrawals)","(37,413)"
"SRC182","25","4","Alaska Moderate Growth Balanced Fund","5","533","Transfers In (Out)","(86,462)"
"SRC182","25","4","Alaska Moderate Growth Balanced Fund","6","604","Ending Invested Assets","25,579,485"
"SRC182","25","4","Alaska Moderate Growth Balanced Fund","7","667","Invested Assets","2.72%"
"SRC182","25","4","Alaska Moderate Growth Balanced Fund","8","730","to Investment Income (1)","3.23%"
"SRC182","25","5","Alaska Target Date 2010 Trust","1","274","Beginning Invested Assets","1,153,388"
"SRC182","25","5","Alaska Target Date 2010 Trust","2","367","Investment Income","20,024"
"SRC182","25","5","Alaska Target Date 2010 Trust","4","450","Net Contributions (Withdrawals)","14,783"
"SRC182","25","5","Alaska Target Date 2010 Trust","6","604","Ending Invested Assets","1,188,195"
"SRC182","25","5","Alaska Target Date 2010 Trust","7","667","Invested Assets","3.02%"
"SRC182","25","5","Alaska Target Date 2010 Trust","8","730","to Investment Income (1)","1.73%"
"SRC182","25","6","Alaska Target Date 2015 Trust","1","274","Beginning Invested Assets","4,145,233"
"SRC182","25","6","Alaska Target Date 2015 Trust","2","367","Investment Income","83,923"
"SRC182","25","6","Alaska Target Date 2015 Trust","4","450","Net Contributions (Withdrawals)","(20,142)"
"SRC182","25","6","Alaska Target Date 2015 Trust","6","604","Ending Invested Assets","4,209,014"
"SRC182","25","6","Alaska Target Date 2015 Trust","7","667","Invested Assets","1.54%"
"SRC182","25","6","Alaska Target Date 2015 Trust","8","730","to Investment Income (1)","2.03%"
"SRC182","25","7","Alaska Target Date 2020 Trust","1","274","Beginning Invested Assets","11,677,911"
"SRC182","25","7","Alaska Target Date 2020 Trust","2","367","Investment Income","282,648"
"SRC182","25","7","Alaska Target Date 2020 Trust","4","450","Net Contributions (Withdrawals)","(35,234)"
"SRC182","25","7","Alaska Target Date 2020 Trust","6","604","Ending Invested Assets","11,925,325"
"SRC182","25","7","Alaska Target Date 2020 Trust","7","667","Invested Assets","2.12%"
"SRC182","25","7","Alaska Target Date 2020 Trust","8","730","to Investment Income (1)","2.42%"
"SRC182","25","8","Alaska Target Date 2025 Trust","1","274","Beginning Invested Assets","31,703,567"
"SRC182","25","8","Alaska Target Date 2025 Trust","2","367","Investment Income","943,843"
"SRC182","25","8","Alaska Target Date 2025 Trust","4","450","Net Contributions (Withdrawals)","(182,351)"
"SRC182","25","8","Alaska Target Date 2025 Trust","6","604","Ending Invested Assets","32,465,059"
"SRC182","25","8","Alaska Target Date 2025 Trust","7","667","Invested Assets","2.40%"
"SRC182","25","8","Alaska Target Date 2025 Trust","8","730","to Investment Income (1)","2.99%"
"SRC182","25","9","Alaska Target Date 2030 Trust","1","274","Beginning Invested Assets","50,825,695"
"SRC182","25","9","Alaska Target Date 2030 Trust","2","367","Investment Income","1,809,564"
"SRC182","25","9","Alaska Target Date 2030 Trust","4","450","Net Contributions (Withdrawals)","563,299"
"SRC182","25","9","Alaska Target Date 2030 Trust","5","533","Transfers In (Out)","(150)"
"SRC182","25","9","Alaska Target Date 2030 Trust","6","604","Ending Invested Assets","53,198,408"
"SRC182","25","9","Alaska Target Date 2030 Trust","7","667","Invested Assets","4.67%"
"SRC182","25","9","Alaska Target Date 2030 Trust","8","730","to Investment Income (1)","3.54%"
"SRC182","25","10","Alaska Target Date 2035 Trust","1","274","Beginning Invested Assets","76,147,374"
"SRC182","25","10","Alaska Target Date 2035 Trust","2","367","Investment Income","3,076,740"
"SRC182","25","10","Alaska Target Date 2035 Trust","4","450","Net Contributions (Withdrawals)","842,624"
"SRC182","25","10","Alaska Target Date 2035 Trust","5","533","Transfers In (Out)","(410,890)"
"SRC182","25","10","Alaska Target Date 2035 Trust","6","604","Ending Invested Assets","79,655,848"
"SRC182","25","10","Alaska Target Date 2035 Trust","7","667","Invested Assets","4.61%"
"SRC182","25","10","Alaska Target Date 2035 Trust","8","730","to Investment Income (1)","4.03%"
"SRC182","25","11","Alaska Target Date 2040 Trust","1","274","Beginning Invested Assets","98,067,749"
"SRC182","25","11","Alaska Target Date 2040 Trust","2","367","Investment Income","4,417,539"
"SRC182","25","11","Alaska Target Date 2040 Trust","4","450","Net Contributions (Withdrawals)","1,318,345"
"SRC182","25","11","Alaska Target Date 2040 Trust","5","533","Transfers In (Out)","351,431"
"SRC182","25","11","Alaska Target Date 2040 Trust","6","604","Ending Invested Assets","104,155,064"
"SRC182","25","11","Alaska Target Date 2040 Trust","7","667","Invested Assets","6.21%"
"SRC182","25","11","Alaska Target Date 2040 Trust","8","730","to Investment Income (1)","4.47%"
"SRC182","25","12","Alaska Target Date 2045 Trust","1","274","Beginning Invested Assets","139,525,213"
"SRC182","25","12","Alaska Target Date 2045 Trust","2","367","Investment Income","6,763,767"
"SRC182","25","12","Alaska Target Date 2045 Trust","4","450","Net Contributions (Withdrawals)","1,633,046"
"SRC182","25","12","Alaska Target Date 2045 Trust","5","533","Transfers In (Out)","337,065"
"SRC182","25","12","Alaska Target Date 2045 Trust","6","604","Ending Invested Assets","148,259,091"
"SRC182","25","12","Alaska Target Date 2045 Trust","7","667","Invested Assets","6.26%"
"SRC182","25","12","Alaska Target Date 2045 Trust","8","730","to Investment Income (1)","4.81%"
"SRC182","25","13","Alaska Target Date 2050 Trust","1","274","Beginning Invested Assets","188,906,013"
"SRC182","25","13","Alaska Target Date 2050 Trust","2","367","Investment Income","9,684,558"
"SRC182","25","13","Alaska Target Date 2050 Trust","4","450","Net Contributions (Withdrawals)","1,569,538"
"SRC182","25","13","Alaska Target Date 2050 Trust","5","533","Transfers In (Out)","(501,970)"
"SRC182","25","13","Alaska Target Date 2050 Trust","6","604","Ending Invested Assets","199,658,139"
"SRC182","25","13","Alaska Target Date 2050 Trust","7","667","Invested Assets","5.69%"
"SRC182","25","13","Alaska Target Date 2050 Trust","8","730","to Investment Income (1)","5.11%"
"SRC182","25","14","Alaska Target Date 2055 Trust","1","274","Beginning Invested Assets","138,384,791"
"SRC182","25","14","Alaska Target Date 2055 Trust","2","367","Investment Income","7,102,659"
"SRC182","25","14","Alaska Target Date 2055 Trust","4","450","Net Contributions (Withdrawals)","1,831,783"
"SRC182","25","14","Alaska Target Date 2055 Trust","5","533","Transfers In (Out)","(67,078)"
"SRC182","25","14","Alaska Target Date 2055 Trust","6","604","Ending Invested Assets","147,252,155"
"SRC182","25","14","Alaska Target Date 2055 Trust","7","667","Invested Assets","6.41%"
"SRC182","25","14","Alaska Target Date 2055 Trust","8","730","to Investment Income (1)","5.10%"
"SRC182","25","15","Alaska Target Date 2060 Trust","1","274","Beginning Invested Assets","20,590,063"
"SRC182","25","15","Alaska Target Date 2060 Trust","2","367","Investment Income","1,073,383"
"SRC182","25","15","Alaska Target Date 2060 Trust","4","450","Net Contributions (Withdrawals)","906,011"
"SRC182","25","15","Alaska Target Date 2060 Trust","5","533","Transfers In (Out)","(22,498)"
"SRC182","25","15","Alaska Target Date 2060 Trust","6","604","Ending Invested Assets","22,546,959"
"SRC182","25","15","Alaska Target Date 2060 Trust","7","667","Invested Assets","9.50%"
"SRC182","25","15","Alaska Target Date 2060 Trust","8","730","to Investment Income (1)","5.10%"
"SRC182","25","16","Alaska Target Date 2065 Trust","1","274","Beginning Invested Assets","7,445,766"
"SRC182","25","16","Alaska Target Date 2065 Trust","2","367","Investment Income","389,734"
"SRC182","25","16","Alaska Target Date 2065 Trust","4","450","Net Contributions (Withdrawals)","498,330"
"SRC182","25","16","Alaska Target Date 2065 Trust","6","604","Ending Invested Assets","8,333,830"
"SRC182","25","16","Alaska Target Date 2065 Trust","7","667","Invested Assets","11.93%"
"SRC182","25","16","Alaska Target Date 2065 Trust","8","730","to Investment Income (1)","5.06%"
"SRC182","25","17","Total Investments with T. Rowe Price","1","274","Beginning Invested Assets","883,935,381"
"SRC182","25","17","Total Investments with T. Rowe Price","2","367","Investment Income","37,762,286"
"SRC182","25","17","Total Investments with T. Rowe Price","4","450","Net Contributions (Withdrawals)","8,826,767"
"SRC182","25","17","Total Investments with T. Rowe Price","5","533","Transfers In (Out)","(551,250)"
"SRC182","25","17","Total Investments with T. Rowe Price","6","604","Ending Invested Assets","929,973,184"
"SRC182","25","18","Money Market","1","274","Beginning Invested Assets","6,936,521"
"SRC182","25","18","Money Market","2","367","Investment Income","24,806"
"SRC182","25","18","Money Market","4","450","Net Contributions (Withdrawals)","66,472"
"SRC182","25","18","Money Market","5","533","Transfers In (Out)","(78,641)"
"SRC182","25","18","Money Market","6","604","Ending Invested Assets","6,949,158"
"SRC182","25","18","Money Market","7","667","Invested Assets","0.18%"
"SRC182","25","18","Money Market","8","730","to Investment Income (1)","0.36%"
"SRC182","25","19","S&P 500 Stock Index","1","274","Beginning Invested Assets","63,529,652"
"SRC182","25","19","S&P 500 Stock Index","2","367","Investment Income","4,017,498"
"SRC182","25","19","S&P 500 Stock Index","4","450","Net Contributions (Withdrawals)","219,389"
"SRC182","25","19","S&P 500 Stock Index","5","533","Transfers In (Out)","204,466"
"SRC182","25","19","S&P 500 Stock Index","6","604","Ending Invested Assets","67,971,005"
"SRC182","25","19","S&P 500 Stock Index","7","667","Invested Assets","6.99%"
"SRC182","25","19","S&P 500 Stock Index","8","730","to Investment Income (1)","6.30%"
"SRC182","25","20","Russell 3000 Index","1","274","Beginning Invested Assets","39,173,877"
"SRC182","25","20","Russell 3000 Index","2","367","Investment Income","2,484,503"
"SRC182","25","20","Russell 3000 Index","4","450","Net Contributions (Withdrawals)","35,732"
"SRC182","25","20","Russell 3000 Index","5","533","Transfers In (Out)","95,940"
"SRC182","25","20","Russell 3000 Index","6","604","Ending Invested Assets","41,790,052"
"SRC182","25","20","Russell 3000 Index","7","667","Invested Assets","6.68%"
"SRC182","25","20","Russell 3000 Index","8","730","to Investment Income (1)","6.33%"
"SRC182","25","21","World Equity Ex-US Index","1","274","Beginning Invested Assets","39,108,322"
"SRC182","25","21","World Equity Ex-US Index","2","367","Investment Income","1,789,994"
"SRC182","25","21","World Equity Ex-US Index","4","450","Net Contributions (Withdrawals)","(33,285)"
"SRC182","25","21","World Equity Ex-US Index","5","533","Transfers In (Out)","128,550"
"SRC182","25","21","World Equity Ex-US Index","6","604","Ending Invested Assets","40,993,581"
"SRC182","25","21","World Equity Ex-US Index","7","667","Invested Assets","4.82%"
"SRC182","25","21","World Equity Ex-US Index","8","730","to Investment Income (1)","4.57%"
"SRC182","25","22","Total Investments with SSgA","1","274","Beginning Invested Assets","148,748,372"
"SRC182","25","22","Total Investments with SSgA","2","367","Investment Income","8,316,801"
"SRC182","25","22","Total Investments with SSgA","4","450","Net Contributions (Withdrawals)","288,308"
"SRC182","25","22","Total Investments with SSgA","5","533","Transfers In (Out)","350,315"
"SRC182","25","22","Total Investments with SSgA","6","604","Ending Invested Assets","157,703,796"
"SRC182","25","23","Mid Capitalization Equity Index","1","274","Beginning Invested Assets","6,423,345"
"SRC182","25","23","Mid Capitalization Equity Index","2","367","Investment Income","344,931"
"SRC182","25","23","Mid Capitalization Equity Index","4","450","Net Contributions (Withdrawals)","(19,308)"
"SRC182","25","23","Mid Capitalization Equity Index","5","533","Transfers In (Out)","55,880"
"SRC182","25","23","Mid Capitalization Equity Index","6","604","Ending Invested Assets","6,804,848"
"SRC182","25","23","Mid Capitalization Equity Index","7","667","Invested Assets","5.94%"
"SRC182","25","23","Mid Capitalization Equity Index","8","730","to Investment Income (1)","5.35%"
"SRC182","25","24","S&P SmallCap 600 Equity Index","1","274","Beginning Invested Assets","242,291"
"SRC182","25","24","S&P SmallCap 600 Equity Index","2","367","Investment Income","12,075"
"SRC182","25","24","S&P SmallCap 600 Equity Index","4","450","Net Contributions (Withdrawals)","4,503"
"SRC182","25","24","S&P SmallCap 600 Equity Index","5","533","Transfers In (Out)","32,873"
"SRC182","25","24","S&P SmallCap 600 Equity Index","6","604","Ending Invested Assets","291,742"
"SRC182","25","24","S&P SmallCap 600 Equity Index","7","667","Invested Assets","20.41%"
"SRC182","25","24","S&P SmallCap 600 Equity Index","8","730","to Investment Income (1)","4.63%"
"SRC182","25","25","Passive U.S. Bond Index Fund","1","274","Beginning Invested Assets","42,211,651"
"SRC182","25","25","Passive U.S. Bond Index Fund","2","367","Investment Income","(301,558)"
"SRC182","25","25","Passive U.S. Bond Index Fund","4","450","Net Contributions (Withdrawals)","(175,235)"
"SRC182","25","25","Passive U.S. Bond Index Fund","5","533","Transfers In (Out)","54,138"
"SRC182","25","25","Passive U.S. Bond Index Fund","6","604","Ending Invested Assets","41,788,996"
"SRC182","25","25","Passive U.S. Bond Index Fund","7","667","Invested Assets","-1.00%"
"SRC182","25","25","Passive U.S. Bond Index Fund","8","730","to Investment Income (1)","-0.72%"
"SRC182","25","26","Strategic Completion Fund","1","274","Beginning Invested Assets","13,036,890"
"SRC182","25","26","Strategic Completion Fund","2","367","Investment Income","97,209"
"SRC182","25","26","Strategic Completion Fund","4","450","Net Contributions (Withdrawals)","(21,460)"
"SRC182","25","26","Strategic Completion Fund","5","533","Transfers In (Out)","(19,666)"
"SRC182","25","26","Strategic Completion Fund","6","604","Ending Invested Assets","13,092,973"
"SRC182","25","26","Strategic Completion Fund","7","667","Invested Assets","0.43%"
"SRC182","25","26","Strategic Completion Fund","8","730","to Investment Income (1)","0.75%"
"SRC182","25","27","Total Investments with BlackRock","1","274","Beginning Invested Assets","61,914,177"
"SRC182","25","27","Total Investments with BlackRock","2","367","Investment Income","152,657"
"SRC182","25","27","Total Investments with BlackRock","4","450","Net Contributions (Withdrawals)","(211,500)"
"SRC182","25","27","Total Investments with BlackRock","5","533","Transfers In (Out)","123,225"
"SRC182","25","27","Total Investments with BlackRock","6","604","Ending Invested Assets","61,978,559"
"SRC182","25","28","AK International Equity Fund","1","274","Beginning Invested Assets","17,439,712"
"SRC182","25","28","AK International Equity Fund","2","367","Investment Income","604,877"
"SRC182","25","28","AK International Equity Fund","4","450","Net Contributions (Withdrawals)","(7,282)"
"SRC182","25","28","AK International Equity Fund","5","533","Transfers In (Out)","29,485"
"SRC182","25","28","AK International Equity Fund","6","604","Ending Invested Assets","18,066,792"
"SRC182","25","28","AK International Equity Fund","7","667","Invested Assets","3.60%"
"SRC182","25","28","AK International Equity Fund","8","730","to Investment Income (1)","3.47%"
"SRC182","25","29","Environmental, Social, and Governance Fund","1","274","Beginning Invested Assets","7,832,756"
"SRC182","25","29","Environmental, Social, and Governance Fund","2","367","Investment Income","638,518"
"SRC182","25","29","Environmental, Social, and Governance Fund","4","450","Net Contributions (Withdrawals)","47,553"
"SRC182","25","29","Environmental, Social, and Governance Fund","5","533","Transfers In (Out)","57,192"
"SRC182","25","29","Environmental, Social, and Governance Fund","6","604","Ending Invested Assets","8,576,019"
"SRC182","25","29","Environmental, Social, and Governance Fund","7","667","Invested Assets","9.49%"
"SRC182","25","29","Environmental, Social, and Governance Fund","8","730","to Investment Income (1)","8.10%"
"SRC182","25","30","Core Plus Bond Fund","1","274","Beginning Invested Assets","6,488,168"
"SRC182","25","30","Core Plus Bond Fund","2","367","Investment Income","(24,758)"
"SRC182","25","30","Core Plus Bond Fund","4","450","Net Contributions (Withdrawals)","(15,691)"
"SRC182","25","30","Core Plus Bond Fund","5","533","Transfers In (Out)","(8,967)"
"SRC182","25","30","Core Plus Bond Fund","6","604","Ending Invested Assets","6,438,752"
"SRC182","25","30","Core Plus Bond Fund","7","667","Invested Assets","-0.76%"
"SRC182","25","30","Core Plus Bond Fund","8","730","to Investment Income (1)","-0.38%"
"SRC182","25","31","Total All Funds $ 1,126,358,566","2","367","Investment Income","47,450,381"
"SRC182","25","31","Total All Funds $ 1,126,358,566","4","450","Net Contributions (Withdrawals)","8,928,155"
"SRC182","25","31","Total All Funds $ 1,126,358,566","6","604","Ending Invested Assets","1,182,737,102"
"SRC182","25","31","Total All Funds $ 1,126,358,566","7","667","Invested Assets","5.01%"
"SRC182","25","31","Total All Funds $ 1,126,358,566","8","730","to Investment Income (1)","4.20%"
"SRC182","26","1","Alaska Stable Value Fund $","1","223","July","50,645"
"SRC182","26","1","Alaska Stable Value Fund $","2","268","August","50,276"
"SRC182","26","1","Alaska Stable Value Fund $","3","315","September","50,037"
"SRC182","26","1","Alaska Stable Value Fund $","4","361","October","46,392"
"SRC182","26","1","Alaska Stable Value Fund $","5","406","November","45,742"
"SRC182","26","1","Alaska Stable Value Fund $","6","452","December","46,068"
"SRC182","26","1","Alaska Stable Value Fund $","7","498","January","45,855"
"SRC182","26","1","Alaska Stable Value Fund $","8","551","February","45,742"
"SRC182","26","1","Alaska Stable Value Fund $","9","597","March","45,471"
"SRC182","26","1","Alaska Stable Value Fund $","10","643","April","46,012"
"SRC182","26","1","Alaska Stable Value Fund $","11","690","May","45,918"
"SRC182","26","2","Small Cap Stock Fund","1","223","July","30,278"
"SRC182","26","2","Small Cap Stock Fund","2","268","August","30,081"
"SRC182","26","2","Small Cap Stock Fund","3","315","September","30,187"
"SRC182","26","2","Small Cap Stock Fund","4","361","October","24,634"
"SRC182","26","2","Small Cap Stock Fund","5","406","November","26,779"
"SRC182","26","2","Small Cap Stock Fund","6","452","December","24,683"
"SRC182","26","2","Small Cap Stock Fund","7","498","January","25,076"
"SRC182","26","2","Small Cap Stock Fund","8","551","February","24,271"
"SRC182","26","2","Small Cap Stock Fund","9","597","March","22,850"
"SRC182","26","2","Small Cap Stock Fund","10","643","April","22,423"
"SRC182","26","2","Small Cap Stock Fund","11","690","May","23,355"
"SRC182","26","3","Alaska Conservative Balanced Fund","1","223","July","24,152"
"SRC182","26","3","Alaska Conservative Balanced Fund","2","268","August","24,393"
"SRC182","26","3","Alaska Conservative Balanced Fund","3","315","September","24,700"
"SRC182","26","3","Alaska Conservative Balanced Fund","4","361","October","22,504"
"SRC182","26","3","Alaska Conservative Balanced Fund","5","406","November","22,736"
"SRC182","26","3","Alaska Conservative Balanced Fund","6","452","December","22,101"
"SRC182","26","3","Alaska Conservative Balanced Fund","7","498","January","22,372"
"SRC182","26","3","Alaska Conservative Balanced Fund","8","551","February","22,319"
"SRC182","26","3","Alaska Conservative Balanced Fund","9","597","March","22,101"
"SRC182","26","3","Alaska Conservative Balanced Fund","10","643","April","22,024"
"SRC182","26","3","Alaska Conservative Balanced Fund","11","690","May","22,274"
"SRC182","26","4","Alaska Moderate Growth Balanced Fund","1","223","July","28,116"
"SRC182","26","4","Alaska Moderate Growth Balanced Fund","2","268","August","28,419"
"SRC182","26","4","Alaska Moderate Growth Balanced Fund","3","315","September","28,918"
"SRC182","26","4","Alaska Moderate Growth Balanced Fund","4","361","October","25,549"
"SRC182","26","4","Alaska Moderate Growth Balanced Fund","5","406","November","25,982"
"SRC182","26","4","Alaska Moderate Growth Balanced Fund","6","452","December","25,334"
"SRC182","26","4","Alaska Moderate Growth Balanced Fund","7","498","January","25,674"
"SRC182","26","4","Alaska Moderate Growth Balanced Fund","8","551","February","25,624"
"SRC182","26","4","Alaska Moderate Growth Balanced Fund","9","597","March","24,861"
"SRC182","26","4","Alaska Moderate Growth Balanced Fund","10","643","April","24,902"
"SRC182","26","4","Alaska Moderate Growth Balanced Fund","11","690","May","25,579"
"SRC182","26","5","Alaska Target Date 2010 Trust","1","223","July","1,112"
"SRC182","26","5","Alaska Target Date 2010 Trust","2","268","August","1,115"
"SRC182","26","5","Alaska Target Date 2010 Trust","3","315","September","1,132"
"SRC182","26","5","Alaska Target Date 2010 Trust","4","361","October","1,111"
"SRC182","26","5","Alaska Target Date 2010 Trust","5","406","November","1,134"
"SRC182","26","5","Alaska Target Date 2010 Trust","6","452","December","1,106"
"SRC182","26","5","Alaska Target Date 2010 Trust","7","498","January","1,115"
"SRC182","26","5","Alaska Target Date 2010 Trust","8","551","February","1,129"
"SRC182","26","5","Alaska Target Date 2010 Trust","9","597","March","1,126"
"SRC182","26","5","Alaska Target Date 2010 Trust","10","643","April","1,153"
"SRC182","26","5","Alaska Target Date 2010 Trust","11","690","May","1,188"
"SRC182","26","6","Alaska Target Date 2015 Trust","1","223","July","3,952"
"SRC182","26","6","Alaska Target Date 2015 Trust","2","268","August","3,983"
"SRC182","26","6","Alaska Target Date 2015 Trust","3","315","September","3,989"
"SRC182","26","6","Alaska Target Date 2015 Trust","4","361","October","3,924"
"SRC182","26","6","Alaska Target Date 2015 Trust","5","406","November","4,026"
"SRC182","26","6","Alaska Target Date 2015 Trust","6","452","December","3,936"
"SRC182","26","6","Alaska Target Date 2015 Trust","7","498","January","4,006"
"SRC182","26","6","Alaska Target Date 2015 Trust","8","551","February","4,222"
"SRC182","26","6","Alaska Target Date 2015 Trust","9","597","March","4,191"
"SRC182","26","6","Alaska Target Date 2015 Trust","10","643","April","4,145"
"SRC182","26","6","Alaska Target Date 2015 Trust","11","690","May","4,209"
"SRC182","26","7","Alaska Target Date 2020 Trust","1","223","July","12,227"
"SRC182","26","7","Alaska Target Date 2020 Trust","2","268","August","11,970"
"SRC182","26","7","Alaska Target Date 2020 Trust","3","315","September","12,107"
"SRC182","26","7","Alaska Target Date 2020 Trust","4","361","October","11,900"
"SRC182","26","7","Alaska Target Date 2020 Trust","5","406","November","12,216"
"SRC182","26","7","Alaska Target Date 2020 Trust","6","452","December","11,535"
"SRC182","26","7","Alaska Target Date 2020 Trust","7","498","January","11,753"
"SRC182","26","7","Alaska Target Date 2020 Trust","8","551","February","11,669"
"SRC182","26","7","Alaska Target Date 2020 Trust","9","597","March","11,278"
"SRC182","26","7","Alaska Target Date 2020 Trust","10","643","April","11,678"
"SRC182","26","7","Alaska Target Date 2020 Trust","11","690","May","11,925"
"SRC182","26","8","Alaska Target Date 2025 Trust","1","223","July","30,308"
"SRC182","26","8","Alaska Target Date 2025 Trust","2","268","August","30,690"
"SRC182","26","8","Alaska Target Date 2025 Trust","3","315","September","31,049"
"SRC182","26","8","Alaska Target Date 2025 Trust","4","361","October","30,293"
"SRC182","26","8","Alaska Target Date 2025 Trust","5","406","November","31,172"
"SRC182","26","8","Alaska Target Date 2025 Trust","6","452","December","30,335"
"SRC182","26","8","Alaska Target Date 2025 Trust","7","498","January","31,447"
"SRC182","26","8","Alaska Target Date 2025 Trust","8","551","February","31,640"
"SRC182","26","8","Alaska Target Date 2025 Trust","9","597","March","31,187"
"SRC182","26","8","Alaska Target Date 2025 Trust","10","643","April","31,704"
"SRC182","26","8","Alaska Target Date 2025 Trust","11","690","May","32,465"
"SRC182","26","9","Alaska Target Date 2030 Trust","1","223","July","51,456"
"SRC182","26","9","Alaska Target Date 2030 Trust","2","268","August","52,228"
"SRC182","26","9","Alaska Target Date 2030 Trust","3","315","September","52,262"
"SRC182","26","9","Alaska Target Date 2030 Trust","4","361","October","51,080"
"SRC182","26","9","Alaska Target Date 2030 Trust","5","406","November","52,753"
"SRC182","26","9","Alaska Target Date 2030 Trust","6","452","December","50,561"
"SRC182","26","9","Alaska Target Date 2030 Trust","7","498","January","50,525"
"SRC182","26","9","Alaska Target Date 2030 Trust","8","551","February","50,909"
"SRC182","26","9","Alaska Target Date 2030 Trust","9","597","March","50,061"
"SRC182","26","9","Alaska Target Date 2030 Trust","10","643","April","50,826"
"SRC182","26","9","Alaska Target Date 2030 Trust","11","690","May","53,198"
"SRC182","26","10","Alaska Target Date 2035 Trust","1","223","July","70,806"
"SRC182","26","10","Alaska Target Date 2035 Trust","2","268","August","72,163"
"SRC182","26","10","Alaska Target Date 2035 Trust","3","315","September","73,316"
"SRC182","26","10","Alaska Target Date 2035 Trust","4","361","October","72,528"
"SRC182","26","10","Alaska Target Date 2035 Trust","5","406","November","75,126"
"SRC182","26","10","Alaska Target Date 2035 Trust","6","452","December","72,913"
"SRC182","26","10","Alaska Target Date 2035 Trust","7","498","January","74,907"
"SRC182","26","10","Alaska Target Date 2035 Trust","8","551","February","74,892"
"SRC182","26","10","Alaska Target Date 2035 Trust","9","597","March","73,911"
"SRC182","26","10","Alaska Target Date 2035 Trust","10","643","April","76,147"
"SRC182","26","10","Alaska Target Date 2035 Trust","11","690","May","79,656"
"SRC182","26","11","Alaska Target Date 2040 Trust","1","223","July","92,865"
"SRC182","26","11","Alaska Target Date 2040 Trust","2","268","August","94,383"
"SRC182","26","11","Alaska Target Date 2040 Trust","3","315","September","96,265"
"SRC182","26","11","Alaska Target Date 2040 Trust","4","361","October","94,640"
"SRC182","26","11","Alaska Target Date 2040 Trust","5","406","November","98,436"
"SRC182","26","11","Alaska Target Date 2040 Trust","6","452","December","95,103"
"SRC182","26","11","Alaska Target Date 2040 Trust","7","498","January","97,773"
"SRC182","26","11","Alaska Target Date 2040 Trust","8","551","February","97,803"
"SRC182","26","11","Alaska Target Date 2040 Trust","9","597","March","95,426"
"SRC182","26","11","Alaska Target Date 2040 Trust","10","643","April","98,068"
"SRC182","26","11","Alaska Target Date 2040 Trust","11","690","May","104,155"
"SRC182","26","12","Alaska Target Date 2045 Trust","1","223","July","132,396"
"SRC182","26","12","Alaska Target Date 2045 Trust","2","268","August","134,075"
"SRC182","26","12","Alaska Target Date 2045 Trust","3","315","September","136,315"
"SRC182","26","12","Alaska Target Date 2045 Trust","4","361","October","134,459"
"SRC182","26","12","Alaska Target Date 2045 Trust","5","406","November","140,412"
"SRC182","26","12","Alaska Target Date 2045 Trust","6","452","December","135,878"
"SRC182","26","12","Alaska Target Date 2045 Trust","7","498","January","139,842"
"SRC182","26","12","Alaska Target Date 2045 Trust","8","551","February","139,238"
"SRC182","26","12","Alaska Target Date 2045 Trust","9","597","March","135,770"
"SRC182","26","12","Alaska Target Date 2045 Trust","10","643","April","139,525"
"SRC182","26","12","Alaska Target Date 2045 Trust","11","690","May","148,259"
"SRC182","26","13","Alaska Target Date 2050 Trust","1","223","July","178,867"
"SRC182","26","13","Alaska Target Date 2050 Trust","2","268","August","182,658"
"SRC182","26","13","Alaska Target Date 2050 Trust","3","315","September","186,176"
"SRC182","26","13","Alaska Target Date 2050 Trust","4","361","October","183,360"
"SRC182","26","13","Alaska Target Date 2050 Trust","5","406","November","191,771"
"SRC182","26","13","Alaska Target Date 2050 Trust","6","452","December","185,459"
"SRC182","26","13","Alaska Target Date 2050 Trust","7","498","January","190,633"
"SRC182","26","13","Alaska Target Date 2050 Trust","8","551","February","190,354"
"SRC182","26","13","Alaska Target Date 2050 Trust","9","597","March","184,734"
"SRC182","26","13","Alaska Target Date 2050 Trust","10","643","April","188,906"
"SRC182","26","13","Alaska Target Date 2050 Trust","11","690","May","199,658"
"SRC182","26","14","Alaska Target Date 2055 Trust","1","223","July","129,699"
"SRC182","26","14","Alaska Target Date 2055 Trust","2","268","August","132,267"
"SRC182","26","14","Alaska Target Date 2055 Trust","3","315","September","135,280"
"SRC182","26","14","Alaska Target Date 2055 Trust","4","361","October","133,833"
"SRC182","26","14","Alaska Target Date 2055 Trust","5","406","November","139,950"
"SRC182","26","14","Alaska Target Date 2055 Trust","6","452","December","135,599"
"SRC182","26","14","Alaska Target Date 2055 Trust","7","498","January","139,192"
"SRC182","26","14","Alaska Target Date 2055 Trust","8","551","February","138,436"
"SRC182","26","14","Alaska Target Date 2055 Trust","9","597","March","134,774"
"SRC182","26","14","Alaska Target Date 2055 Trust","10","643","April","138,385"
"SRC182","26","14","Alaska Target Date 2055 Trust","11","690","May","147,252"
"SRC182","26","15","Alaska Target Date 2060 Trust","1","223","July","16,993"
"SRC182","26","15","Alaska Target Date 2060 Trust","2","268","August","17,368"
"SRC182","26","15","Alaska Target Date 2060 Trust","3","315","September","17,932"
"SRC182","26","15","Alaska Target Date 2060 Trust","4","361","October","17,937"
"SRC182","26","15","Alaska Target Date 2060 Trust","5","406","November","18,876"
"SRC182","26","15","Alaska Target Date 2060 Trust","6","452","December","18,207"
"SRC182","26","15","Alaska Target Date 2060 Trust","7","498","January","18,764"
"SRC182","26","15","Alaska Target Date 2060 Trust","8","551","February","19,345"
"SRC182","26","15","Alaska Target Date 2060 Trust","9","597","March","19,243"
"SRC182","26","15","Alaska Target Date 2060 Trust","10","643","April","20,590"
"SRC182","26","15","Alaska Target Date 2060 Trust","11","690","May","22,547"
"SRC182","26","16","Alaska Target Date 2065 Trust","1","223","July","5,776"
"SRC182","26","16","Alaska Target Date 2065 Trust","2","268","August","5,921"
"SRC182","26","16","Alaska Target Date 2065 Trust","3","315","September","6,098"
"SRC182","26","16","Alaska Target Date 2065 Trust","4","361","October","6,208"
"SRC182","26","16","Alaska Target Date 2065 Trust","5","406","November","6,569"
"SRC182","26","16","Alaska Target Date 2065 Trust","6","452","December","6,350"
"SRC182","26","16","Alaska Target Date 2065 Trust","7","498","January","6,558"
"SRC182","26","16","Alaska Target Date 2065 Trust","8","551","February","6,680"
"SRC182","26","16","Alaska Target Date 2065 Trust","9","597","March","6,807"
"SRC182","26","16","Alaska Target Date 2065 Trust","10","643","April","7,446"
"SRC182","26","16","Alaska Target Date 2065 Trust","11","690","May","8,334"
"SRC182","26","17","Money Market","1","223","July","7,188"
"SRC182","26","17","Money Market","2","268","August","6,406"
"SRC182","26","17","Money Market","3","315","September","6,724"
"SRC182","26","17","Money Market","4","361","October","5,961"
"SRC182","26","17","Money Market","5","406","November","6,205"
"SRC182","26","17","Money Market","6","452","December","6,072"
"SRC182","26","17","Money Market","7","498","January","6,155"
"SRC182","26","17","Money Market","8","551","February","6,654"
"SRC182","26","17","Money Market","9","597","March","6,696"
"SRC182","26","17","Money Market","10","643","April","6,937"
"SRC182","26","17","Money Market","11","690","May","6,949"
"SRC182","26","18","S&P 500 Stock Index","1","223","July","58,473"
"SRC182","26","18","S&P 500 Stock Index","2","268","August","60,092"
"SRC182","26","18","S&P 500 Stock Index","3","315","September","61,985"
"SRC182","26","18","S&P 500 Stock Index","4","361","October","60,277"
"SRC182","26","18","S&P 500 Stock Index","5","406","November","64,824"
"SRC182","26","18","S&P 500 Stock Index","6","452","December","63,674"
"SRC182","26","18","S&P 500 Stock Index","7","498","January","66,528"
"SRC182","26","18","S&P 500 Stock Index","8","551","February","66,114"
"SRC182","26","18","S&P 500 Stock Index","9","597","March","63,185"
"SRC182","26","18","S&P 500 Stock Index","10","643","April","63,530"
"SRC182","26","18","S&P 500 Stock Index","11","690","May","67,971"
"SRC182","26","19","Russell 3000 Index","1","223","July","36,342"
"SRC182","26","19","Russell 3000 Index","2","268","August","36,647"
"SRC182","26","19","Russell 3000 Index","3","315","September","37,598"
"SRC182","26","19","Russell 3000 Index","4","361","October","40,272"
"SRC182","26","19","Russell 3000 Index","5","406","November","42,842"
"SRC182","26","19","Russell 3000 Index","6","452","December","41,617"
"SRC182","26","19","Russell 3000 Index","7","498","January","42,718"
"SRC182","26","19","Russell 3000 Index","8","551","February","41,866"
"SRC182","26","19","Russell 3000 Index","9","597","March","39,591"
"SRC182","26","19","Russell 3000 Index","10","643","April","39,174"
"SRC182","26","19","Russell 3000 Index","11","690","May","41,790"
"SRC182","26","20","World Equity Ex-US Index","1","223","July","34,723"
"SRC182","26","20","World Equity Ex-US Index","2","268","August","35,369"
"SRC182","26","20","World Equity Ex-US Index","3","315","September","36,222"
"SRC182","26","20","World Equity Ex-US Index","4","361","October","37,776"
"SRC182","26","20","World Equity Ex-US Index","5","406","November","37,784"
"SRC182","26","20","World Equity Ex-US Index","6","452","December","36,617"
"SRC182","26","20","World Equity Ex-US Index","7","498","January","37,466"
"SRC182","26","20","World Equity Ex-US Index","8","551","February","37,974"
"SRC182","26","20","World Equity Ex-US Index","9","597","March","37,987"
"SRC182","26","20","World Equity Ex-US Index","10","643","April","39,108"
"SRC182","26","20","World Equity Ex-US Index","11","690","May","40,994"
"SRC182","26","21","Mid Capitalization Equity Index","4","361","October","6,439"
"SRC182","26","21","Mid Capitalization Equity Index","5","406","November","7,480"
"SRC182","26","21","Mid Capitalization Equity Index","6","452","December","6,973"
"SRC182","26","21","Mid Capitalization Equity Index","7","498","January","7,210"
"SRC182","26","21","Mid Capitalization Equity Index","8","551","February","6,884"
"SRC182","26","21","Mid Capitalization Equity Index","9","597","March","6,590"
"SRC182","26","21","Mid Capitalization Equity Index","10","643","April","6,423"
"SRC182","26","21","Mid Capitalization Equity Index","11","690","May","6,805"
"SRC182","26","22","S&P SmallCap 600 Equity Index","4","361","October","89"
"SRC182","26","22","S&P SmallCap 600 Equity Index","5","406","November","120"
"SRC182","26","22","S&P SmallCap 600 Equity Index","6","452","December","147"
"SRC182","26","22","S&P SmallCap 600 Equity Index","7","498","January","184"
"SRC182","26","22","S&P SmallCap 600 Equity Index","8","551","February","183"
"SRC182","26","22","S&P SmallCap 600 Equity Index","9","597","March","204"
"SRC182","26","22","S&P SmallCap 600 Equity Index","10","643","April","242"
"SRC182","26","22","S&P SmallCap 600 Equity Index","11","690","May","292"
"SRC182","26","23","Passive U.S. Bond Index Fund","1","223","July","41,538"
"SRC182","26","23","Passive U.S. Bond Index Fund","2","268","August","41,712"
"SRC182","26","23","Passive U.S. Bond Index Fund","3","315","September","42,083"
"SRC182","26","23","Passive U.S. Bond Index Fund","4","361","October","42,303"
"SRC182","26","23","Passive U.S. Bond Index Fund","5","406","November","42,825"
"SRC182","26","23","Passive U.S. Bond Index Fund","6","452","December","41,725"
"SRC182","26","23","Passive U.S. Bond Index Fund","7","498","January","41,490"
"SRC182","26","23","Passive U.S. Bond Index Fund","8","551","February","42,089"
"SRC182","26","23","Passive U.S. Bond Index Fund","9","597","March","41,873"
"SRC182","26","23","Passive U.S. Bond Index Fund","10","643","April","42,212"
"SRC182","26","23","Passive U.S. Bond Index Fund","11","690","May","41,789"
"SRC182","26","24","Strategic Completion Fund","1","223","July","15,379"
"SRC182","26","24","Strategic Completion Fund","2","268","August","15,694"
"SRC182","26","24","Strategic Completion Fund","3","315","September","15,896"
"SRC182","26","24","Strategic Completion Fund","4","361","October","13,645"
"SRC182","26","24","Strategic Completion Fund","5","406","November","13,691"
"SRC182","26","24","Strategic Completion Fund","6","452","December","13,106"
"SRC182","26","24","Strategic Completion Fund","7","498","January","13,111"
"SRC182","26","24","Strategic Completion Fund","8","551","February","13,231"
"SRC182","26","24","Strategic Completion Fund","9","597","March","13,253"
"SRC182","26","24","Strategic Completion Fund","10","643","April","13,037"
"SRC182","26","24","Strategic Completion Fund","11","690","May","13,093"
"SRC182","26","25","AK International Equity Fund","1","223","July","20,911"
"SRC182","26","25","AK International Equity Fund","2","268","August","21,461"
"SRC182","26","25","AK International Equity Fund","3","315","September","21,746"
"SRC182","26","25","AK International Equity Fund","4","361","October","16,945"
"SRC182","26","25","AK International Equity Fund","5","406","November","16,672"
"SRC182","26","25","AK International Equity Fund","6","452","December","16,176"
"SRC182","26","25","AK International Equity Fund","7","498","January","16,783"
"SRC182","26","25","AK International Equity Fund","8","551","February","17,087"
"SRC182","26","25","AK International Equity Fund","9","597","March","16,834"
"SRC182","26","25","AK International Equity Fund","10","643","April","17,440"
"SRC182","26","25","AK International Equity Fund","11","690","May","18,067"
"SRC182","26","26","Environmental, Social, and Governance Fund","1","223","July","9,139"
"SRC182","26","26","Environmental, Social, and Governance Fund","2","268","August","9,264"
"SRC182","26","26","Environmental, Social, and Governance Fund","3","315","September","9,316"
"SRC182","26","26","Environmental, Social, and Governance Fund","4","361","October","8,346"
"SRC182","26","26","Environmental, Social, and Governance Fund","5","406","November","8,983"
"SRC182","26","26","Environmental, Social, and Governance Fund","6","452","December","8,605"
"SRC182","26","26","Environmental, Social, and Governance Fund","7","498","January","8,748"
"SRC182","26","26","Environmental, Social, and Governance Fund","8","551","February","8,354"
"SRC182","26","26","Environmental, Social, and Governance Fund","9","597","March","7,777"
"SRC182","26","26","Environmental, Social, and Governance Fund","10","643","April","7,833"
"SRC182","26","26","Environmental, Social, and Governance Fund","11","690","May","8,576"
"SRC182","26","27","Core Plus Bond Fund","4","361","October","6,113"
"SRC182","26","27","Core Plus Bond Fund","5","406","November","6,600"
"SRC182","26","27","Core Plus Bond Fund","6","452","December","6,431"
"SRC182","26","27","Core Plus Bond Fund","7","498","January","6,399"
"SRC182","26","27","Core Plus Bond Fund","8","551","February","6,538"
"SRC182","26","27","Core Plus Bond Fund","9","597","March","6,499"
"SRC182","26","27","Core Plus Bond Fund","10","643","April","6,488"
"SRC182","26","27","Core Plus Bond Fund","11","690","May","6,439"
"SRC182","26","28","Total Invested Assets $ 1,083,341","2","268","August","1,098,635"
"SRC182","26","28","Total Invested Assets $ 1,083,341","3","315","September","1,117,333"
"SRC182","26","28","Total Invested Assets $ 1,083,341","4","361","October","1,098,518"
"SRC182","26","28","Total Invested Assets $ 1,083,341","5","406","November","1,141,706"
"SRC182","26","28","Total Invested Assets $ 1,083,341","6","452","December","1,106,311"
"SRC182","26","28","Total Invested Assets $ 1,083,341","7","498","January","1,132,284"
"SRC182","26","28","Total Invested Assets $ 1,083,341","8","551","February","1,131,247"
"SRC182","26","28","Total Invested Assets $ 1,083,341","9","597","March","1,104,280"
"SRC182","26","28","Total Invested Assets $ 1,083,341","10","643","April","1,126,358"
"SRC182","26","28","Total Invested Assets $ 1,083,341","11","690","May","1,182,737"
"SRC182","26","29","Beginning Assets $ 1,060,971","2","268","August","1,083,341"
"SRC182","26","29","Beginning Assets $ 1,060,971","3","315","September","1,098,635"
"SRC182","26","29","Beginning Assets $ 1,060,971","4","361","October","1,117,333"
"SRC182","26","29","Beginning Assets $ 1,060,971","5","406","November","1,098,518"
"SRC182","26","29","Beginning Assets $ 1,060,971","6","452","December","1,141,706"
"SRC182","26","29","Beginning Assets $ 1,060,971","7","498","January","1,106,311"
"SRC182","26","29","Beginning Assets $ 1,060,971","8","551","February","1,132,284"
"SRC182","26","29","Beginning Assets $ 1,060,971","9","597","March","1,131,247"
"SRC182","26","29","Beginning Assets $ 1,060,971","10","643","April","1,104,280"
"SRC182","26","29","Beginning Assets $ 1,060,971","11","690","May","1,126,359"
"SRC182","26","30","Investment Earnings","1","223","July","21,367"
"SRC182","26","30","Investment Earnings","2","268","August","22,565"
"SRC182","26","30","Investment Earnings","3","315","September","20,454"
"SRC182","26","30","Investment Earnings","4","361","October","(21,398)"
"SRC182","26","30","Investment Earnings","5","406","November","41,380"
"SRC182","26","30","Investment Earnings","6","452","December","(29,270)"
"SRC182","26","30","Investment Earnings","7","498","January","29,584"
"SRC182","26","30","Investment Earnings","8","551","February","(1,791)"
"SRC182","26","30","Investment Earnings","9","597","March","(35,839)"
"SRC182","26","30","Investment Earnings","10","643","April","5,291"
"SRC182","26","30","Investment Earnings","11","690","May","47,450"
"SRC182","26","31","Net Contributions (Withdrawals)","1","223","July","1,003"
"SRC182","26","31","Net Contributions (Withdrawals)","2","268","August","(7,271)"
"SRC182","26","31","Net Contributions (Withdrawals)","3","315","September","(1,756)"
"SRC182","26","31","Net Contributions (Withdrawals)","4","361","October","2,584"
"SRC182","26","31","Net Contributions (Withdrawals)","5","406","November","1,808"
"SRC182","26","31","Net Contributions (Withdrawals)","6","452","December","(6,125)"
"SRC182","26","31","Net Contributions (Withdrawals)","7","498","January","(3,611)"
"SRC182","26","31","Net Contributions (Withdrawals)","8","551","February","754"
"SRC182","26","31","Net Contributions (Withdrawals)","9","597","March","8,872"
"SRC182","26","31","Net Contributions (Withdrawals)","10","643","April","16,787"
"SRC182","26","31","Net Contributions (Withdrawals)","11","690","May","8,928"
"SRC182","26","32","Ending Invested Assets $ 1,083,341","2","268","August","1,098,635"
"SRC182","26","32","Ending Invested Assets $ 1,083,341","3","315","September","1,117,333"
"SRC182","26","32","Ending Invested Assets $ 1,083,341","4","361","October","1,098,518"
"SRC182","26","32","Ending Invested Assets $ 1,083,341","5","406","November","1,141,706"
"SRC182","26","32","Ending Invested Assets $ 1,083,341","6","452","December","1,106,311"
"SRC182","26","32","Ending Invested Assets $ 1,083,341","7","498","January","1,132,284"
"SRC182","26","32","Ending Invested Assets $ 1,083,341","8","551","February","1,131,247"
"SRC182","26","32","Ending Invested Assets $ 1,083,341","9","597","March","1,104,280"
"SRC182","26","32","Ending Invested Assets $ 1,083,341","10","643","April","1,126,358"
"SRC182","26","32","Ending Invested Assets $ 1,083,341","11","690","May","1,182,737"
