"file_id","source_page","row_index","source_row_label","column_index","column_x","source_column_label","value_raw"
"SRC046","2","1","Washington, D.C.","1","351","EXCHANGE","20549"
"SRC046","2","2","(cid:1399) ANNUAL REPORT PURSUANT TO SECTION 13 OR 15(d) OF","5","543","","1934"
"SRC046","2","3","For the fiscal year ended December","2","391","","31, 2025"
"SRC046","2","4","(cid:1398) TRANSITION REPORT PURSUANT TO SECTION 13 OR 15(d)","5","543","","1934"
"SRC046","2","5","New York, New York","4","448","COMMISSION","10019"
"SRC046","2","6","Class S common shares of beneficial","3","415","","$0.01"
"SRC046","2","7","Class D common shares of beneficial","3","415","","$0.01"
"SRC046","2","8","Class I common shares of beneficial","3","415","","$0.01"
"SRC046","2","9","Indicate by check mark if the Registrant is a well-known seasoned issuer, as defined in Rule","1","351","EXCHANGE","405"
"SRC046","2","10","Indicate by check mark whether the Registrant: (1) has filed all reports required to be filed","2","391","","13"
"SRC046","2","10","Indicate by check mark whether the Registrant: (1) has filed all reports required to be filed","5","543","","1934"
"SRC046","2","11","preceding 12 months (or for such shorter period that the Registrant was required to file such","2","391","","(2)"
"SRC046","2","12","Indicate by check mark whether the Registrant has submitted electronically every Interactive","5","543","","405"
"SRC046","2","13","The number of shares of theRegistrant’sCommon Shares, $0.01 par value per share, outstanding","3","415","","11,"
"SRC046","2","13","The number of shares of theRegistrant’sCommon Shares, $0.01 par value per share, outstanding","4","448","COMMISSION","2026 122,299,106"
"SRC046","2","14","1,642,000 Class D common shares and 502,885,581 Class I common shares. Common Shares","4","448","COMMISSION","1, 2026"
"SRC046","3","1","Item","1","73","","1."
"SRC046","3","1","Item","2","585","","1"
"SRC046","3","2","Item","2","585","","18"
"SRC046","3","3","Item","2","585","","55"
"SRC046","3","4","Item","2","585","","56"
"SRC046","3","5","Item","1","73","","2."
"SRC046","3","5","Item","2","585","","57"
"SRC046","3","6","Item","1","73","","3."
"SRC046","3","6","Item","2","585","","57"
"SRC046","3","7","Item","1","73","","4."
"SRC046","3","7","Item","2","585","","58"
"SRC046","3","8","Item","1","73","","5."
"SRC046","3","8","Item","2","585","","59"
"SRC046","3","9","Item","1","73","","6."
"SRC046","3","9","Item","2","585","","63"
"SRC046","3","10","Item","1","73","","7."
"SRC046","3","10","Item","2","585","","64"
"SRC046","3","11","Item","2","585","","80"
"SRC046","3","12","Item","1","73","","8."
"SRC046","3","12","Item","2","585","","81"
"SRC046","3","13","Item","1","73","","9."
"SRC046","3","13","Item","2","585","","272"
"SRC046","3","14","Item","2","585","","272"
"SRC046","3","15","Item","2","585","","272"
"SRC046","3","16","Item","2","585","","272"
"SRC046","3","17","Item","1","73","","10."
"SRC046","3","17","Item","2","585","","273"
"SRC046","3","18","Item","1","73","","11."
"SRC046","3","18","Item","2","585","","273"
"SRC046","3","19","Item","1","73","","12."
"SRC046","3","19","Item","2","585","","273"
"SRC046","3","20","Item","1","73","","13."
"SRC046","3","20","Item","2","585","","273"
"SRC046","3","21","Item","1","73","","14."
"SRC046","3","21","Item","2","585","","273"
"SRC046","3","22","Item","1","73","","15."
"SRC046","3","22","Item","2","585","","274"
"SRC046","3","23","Item","1","73","","16."
"SRC046","3","23","Item","2","585","","278"
"SRC046","10","1","downside protection,Apollo’scorporate credit business has experienced","1","325","every market it evaluated.","0.1%"
"SRC046","10","2","recovery rates as compared to the broader market, experiencing a 72%","2","437","a critical driver our value-driven","48%"
"SRC046","10","3","SEC. The Board has designated the Adviser as its ""valuation designee""","2","437","a critical driver our value-driven","1940"
"SRC046","12","1","acquisition","2","255","may not acquire","70%"
"SRC046","12","2","In addition,","4","485","defined herein),","(2) (3)"
"SRC046","12","3","herein,","2","255","may not acquire","70%"
"SRC046","12","4","warrants,","2","255","may not acquire","25%"
"SRC046","15","1","refer to this portion of our Pre-Incentive Fee Net Investment","4","544","","1.43%)"
"SRC046","15","2","""catch-up."" The ""catch-up"" is meant to provide the Adviser","2","381","","12.5%"
"SRC046","15","3","Returns as if a hurdle rate did not apply if this net investment","2","381","","1.43%"
"SRC046","15","4","• 12.5% of the dollar amount of our Pre-Incentive Fee Net Investment","4","544","","1.43% (5.72%"
"SRC046","15","5","annualized). This reflects that once the hurdle rate is reached","3","420","","12.5%"
"SRC046","22","1","short-term","4","512","","90%"
"SRC046","22","2","Amounts","5","534","","4%"
"SRC046","22","3","98%","3","245","","98.2%"
"SRC046","22","4","the one-year","2","188","","31"
"SRC046","22","5","A distribution","3","245","","31"
"SRC046","53","1","Under the","1","93","requirement business","1940"
"SRC046","53","1","Under the","2","462","us from investing Assets could","1940"
"SRC046","53","2","If we do","2","462","us from investing Assets could","1940"
"SRC046","53","3","Under the","1","93","requirement business","1940"
"SRC046","64","1","January 31, 2025 $","1","389","S","24.83"
"SRC046","64","1","January 31, 2025 $","2","481","Class D","24.83"
"SRC046","64","1","January 31, 2025 $","3","573","Class I","24.83"
"SRC046","64","2","February 28, 2025","1","389","S","24.77"
"SRC046","64","2","February 28, 2025","2","481","Class D","24.77"
"SRC046","64","2","February 28, 2025","3","573","Class I","24.77"
"SRC046","64","3","March 31, 2025","1","389","S","24.65"
"SRC046","64","3","March 31, 2025","2","481","Class D","24.65"
"SRC046","64","3","March 31, 2025","3","573","Class I","24.65"
"SRC046","64","4","April 30, 2025","1","389","S","24.58"
"SRC046","64","4","April 30, 2025","2","481","Class D","24.58"
"SRC046","64","4","April 30, 2025","3","573","Class I","24.58"
"SRC046","64","5","May 31, 2025","1","389","S","24.64"
"SRC046","64","5","May 31, 2025","2","481","Class D","24.64"
"SRC046","64","5","May 31, 2025","3","573","Class I","24.64"
"SRC046","64","6","June 30, 2025","1","389","S","24.60"
"SRC046","64","6","June 30, 2025","2","481","Class D","24.60"
"SRC046","64","6","June 30, 2025","3","573","Class I","24.60"
"SRC046","64","7","July 31, 2025","1","389","S","24.63"
"SRC046","64","7","July 31, 2025","2","481","Class D","24.63"
"SRC046","64","7","July 31, 2025","3","573","Class I","24.63"
"SRC046","64","8","August 31, 2025","1","389","S","24.55"
"SRC046","64","8","August 31, 2025","2","481","Class D","24.55"
"SRC046","64","8","August 31, 2025","3","573","Class I","24.55"
"SRC046","64","9","September 30, 2025","1","389","S","24.52"
"SRC046","64","9","September 30, 2025","2","481","Class D","24.52"
"SRC046","64","9","September 30, 2025","3","573","Class I","24.52"
"SRC046","64","10","October 31, 2025","1","389","S","24.48"
"SRC046","64","10","October 31, 2025","2","481","Class D","24.48"
"SRC046","64","10","October 31, 2025","3","573","Class I","24.48"
"SRC046","64","11","November 30, 2025","1","389","S","24.44"
"SRC046","64","11","November 30, 2025","2","481","Class D","24.44"
"SRC046","64","11","November 30, 2025","3","573","Class I","24.44"
"SRC046","64","12","December 31, 2025","1","389","S","24.40"
"SRC046","64","12","December 31, 2025","2","481","Class D","24.40"
"SRC046","64","12","December 31, 2025","3","573","Class I","24.40"
"SRC046","65","1","The following","6","412","","31,"
"SRC046","65","2","January","1","87","Record Date","31, 2025"
"SRC046","65","2","January","2","175","Declaration Date","22, 2025"
"SRC046","65","2","January","3","255","Payment Date","27, 2025"
"SRC046","65","2","January","4","320","Per Share","0.1621"
"SRC046","65","2","January","5","363","Class S Distributions Amount*","13,892"
"SRC046","65","2","January","6","412","Class D Distributions Per Share","0.1747"
"SRC046","65","2","January","7","466","Amount*","182"
"SRC046","65","2","January","8","504","Per Share","0.1800"
"SRC046","65","2","January","9","557","Class I Distributions Amount*","57,637"
"SRC046","65","3","January","1","87","Record Date","31, 2025"
"SRC046","65","3","January","2","175","Declaration Date","23, 2024"
"SRC046","65","3","January","3","255","Payment Date","27, 2025"
"SRC046","65","3","January","4","320","Per Share","0.0200"
"SRC046","65","3","January","5","363","Class S Distributions Amount*","1,714"
"SRC046","65","3","January","6","412","Class D Distributions Per Share","0.0200"
"SRC046","65","3","January","7","466","Amount*","21"
"SRC046","65","3","January","8","504","Per Share","0.0200"
"SRC046","65","4","February","1","87","Record Date","28, 2025"
"SRC046","65","4","February","2","175","Declaration Date","21, 2025"
"SRC046","65","4","February","3","255","Payment Date","27, 2025"
"SRC046","65","4","February","4","320","Per Share","0.1638"
"SRC046","65","4","February","5","363","Class S Distributions Amount*","14,739"
"SRC046","65","4","February","6","412","Class D Distributions Per Share","0.1752"
"SRC046","65","4","February","7","466","Amount*","183"
"SRC046","65","4","February","8","504","Per Share","0.1800"
"SRC046","65","4","February","9","557","Class I Distributions Amount*","62,318"
"SRC046","65","5","February","1","87","Record Date","28, 2025"
"SRC046","65","5","February","2","175","Declaration Date","23, 2024"
"SRC046","65","5","February","3","255","Payment Date","27, 2025"
"SRC046","65","5","February","4","320","Per Share","0.0200"
"SRC046","65","5","February","5","363","Class S Distributions Amount*","1,800"
"SRC046","65","5","February","6","412","Class D Distributions Per Share","0.0200"
"SRC046","65","5","February","7","466","Amount*","21"
"SRC046","65","5","February","8","504","Per Share","0.0200"
"SRC046","65","6","March","1","87","Record Date","31, 2025"
"SRC046","65","6","March","2","175","Declaration Date","24, 2025"
"SRC046","65","6","March","3","255","Payment Date","28, 2025"
"SRC046","65","6","March","4","320","Per Share","0.1621"
"SRC046","65","6","March","5","363","Class S Distributions Amount*","15,583"
"SRC046","65","6","March","6","412","Class D Distributions Per Share","0.1747"
"SRC046","65","6","March","7","466","Amount*","186"
"SRC046","65","6","March","8","504","Per Share","0.1800"
"SRC046","65","6","March","9","557","Class I Distributions Amount*","66,593"
"SRC046","65","7","March","1","87","Record Date","31, 2025"
"SRC046","65","7","March","2","175","Declaration Date","23, 2024"
"SRC046","65","7","March","3","255","Payment Date","28, 2025"
"SRC046","65","7","March","4","320","Per Share","0.0200"
"SRC046","65","7","March","5","363","Class S Distributions Amount*","1,896"
"SRC046","65","7","March","6","412","Class D Distributions Per Share","0.0200"
"SRC046","65","7","March","7","466","Amount*","21"
"SRC046","65","7","March","8","504","Per Share","0.0200"
"SRC046","65","8","April 30,","1","87","Record Date","2025"
"SRC046","65","8","April 30,","2","175","Declaration Date","22, 2025"
"SRC046","65","8","April 30,","3","255","Payment Date","29, 2025"
"SRC046","65","8","April 30,","4","320","Per Share","0.1628"
"SRC046","65","8","April 30,","5","363","Class S Distributions Amount*","16,289"
"SRC046","65","8","April 30,","6","412","Class D Distributions Per Share","0.1749"
"SRC046","65","8","April 30,","7","466","Amount*","192"
"SRC046","65","8","April 30,","8","504","Per Share","0.1800"
"SRC046","65","8","April 30,","9","557","Class I Distributions Amount*","70,701"
"SRC046","65","9","April 30,","1","87","Record Date","2025"
"SRC046","65","9","April 30,","2","175","Declaration Date","24, 2025"
"SRC046","65","9","April 30,","3","255","Payment Date","29, 2025"
"SRC046","65","9","April 30,","4","320","Per Share","0.0200"
"SRC046","65","9","April 30,","5","363","Class S Distributions Amount*","2,001"
"SRC046","65","9","April 30,","6","412","Class D Distributions Per Share","0.0200"
"SRC046","65","9","April 30,","7","466","Amount*","22"
"SRC046","65","9","April 30,","8","504","Per Share","0.0200"
"SRC046","65","10","May 31,","1","87","Record Date","2025"
"SRC046","65","10","May 31,","2","175","Declaration Date","22, 2025"
"SRC046","65","10","May 31,","3","255","Payment Date","27, 2025"
"SRC046","65","10","May 31,","4","320","Per Share","0.1623"
"SRC046","65","10","May 31,","5","363","Class S Distributions Amount*","16,725"
"SRC046","65","10","May 31,","6","412","Class D Distributions Per Share","0.1748"
"SRC046","65","10","May 31,","7","466","Amount*","196"
"SRC046","65","10","May 31,","8","504","Per Share","0.1800"
"SRC046","65","10","May 31,","9","557","Class I Distributions Amount*","74,897"
"SRC046","65","11","May 31,","1","87","Record Date","2025"
"SRC046","65","11","May 31,","2","175","Declaration Date","24, 2025"
"SRC046","65","11","May 31,","3","255","Payment Date","27, 2025"
"SRC046","65","11","May 31,","4","320","Per Share","0.0200"
"SRC046","65","11","May 31,","5","363","Class S Distributions Amount*","2,061"
"SRC046","65","11","May 31,","6","412","Class D Distributions Per Share","0.0200"
"SRC046","65","11","May 31,","7","466","Amount*","22"
"SRC046","65","11","May 31,","8","504","Per Share","0.0200"
"SRC046","65","12","June 30,","1","87","Record Date","2025"
"SRC046","65","12","June 30,","2","175","Declaration Date","23, 2025"
"SRC046","65","12","June 30,","3","255","Payment Date","29, 2025"
"SRC046","65","12","June 30,","4","320","Per Share","0.1628"
"SRC046","65","12","June 30,","5","363","Class S Distributions Amount*","17,424"
"SRC046","65","12","June 30,","6","412","Class D Distributions Per Share","0.1749"
"SRC046","65","12","June 30,","7","466","Amount*","215"
"SRC046","65","12","June 30,","8","504","Per Share","0.1800"
"SRC046","65","12","June 30,","9","557","Class I Distributions Amount*","78,164"
"SRC046","65","13","June 30,","1","87","Record Date","2025"
"SRC046","65","13","June 30,","2","175","Declaration Date","24, 2025"
"SRC046","65","13","June 30,","3","255","Payment Date","29, 2025"
"SRC046","65","13","June 30,","4","320","Per Share","0.0200"
"SRC046","65","13","June 30,","5","363","Class S Distributions Amount*","2,141"
"SRC046","65","13","June 30,","6","412","Class D Distributions Per Share","0.0200"
"SRC046","65","13","June 30,","7","466","Amount*","25"
"SRC046","65","13","June 30,","8","504","Per Share","0.0200"
"SRC046","65","14","July 31,","1","87","Record Date","2025"
"SRC046","65","14","July 31,","2","175","Declaration Date","23, 2025"
"SRC046","65","14","July 31,","3","255","Payment Date","27, 2025"
"SRC046","65","14","July 31,","4","320","Per Share","0.1622"
"SRC046","65","14","July 31,","5","363","Class S Distributions Amount*","17,536"
"SRC046","65","14","July 31,","6","412","Class D Distributions Per Share","0.1748"
"SRC046","65","14","July 31,","7","466","Amount*","224"
"SRC046","65","14","July 31,","8","504","Per Share","0.1800"
"SRC046","65","14","July 31,","9","557","Class I Distributions Amount*","78,999"
"SRC046","65","15","July 31,","1","87","Record Date","2025"
"SRC046","65","15","July 31,","2","175","Declaration Date","23, 2025"
"SRC046","65","15","July 31,","3","255","Payment Date","27, 2025"
"SRC046","65","15","July 31,","4","320","Per Share","0.0200"
"SRC046","65","15","July 31,","5","363","Class S Distributions Amount*","2,162"
"SRC046","65","15","July 31,","6","412","Class D Distributions Per Share","0.0200"
"SRC046","65","15","July 31,","7","466","Amount*","26"
"SRC046","65","15","July 31,","8","504","Per Share","0.0200"
"SRC046","65","16","August","1","87","Record Date","31, 2025"
"SRC046","65","16","August","2","175","Declaration Date","22, 2025"
"SRC046","65","16","August","3","255","Payment Date","26, 2025"
"SRC046","65","16","August","4","320","Per Share","0.1622"
"SRC046","65","16","August","5","363","Class S Distributions Amount*","18,072"
"SRC046","65","16","August","6","412","Class D Distributions Per Share","0.1748"
"SRC046","65","16","August","7","466","Amount*","240"
"SRC046","65","16","August","8","504","Per Share","0.1800"
"SRC046","65","16","August","9","557","Class I Distributions Amount*","83,177"
"SRC046","65","17","August","1","87","Record Date","31, 2025"
"SRC046","65","17","August","2","175","Declaration Date","23, 2025"
"SRC046","65","17","August","3","255","Payment Date","26, 2025"
"SRC046","65","17","August","4","320","Per Share","0.0200"
"SRC046","65","17","August","5","363","Class S Distributions Amount*","2,228"
"SRC046","65","17","August","6","412","Class D Distributions Per Share","0.0200"
"SRC046","65","17","August","7","466","Amount*","28"
"SRC046","65","17","August","8","504","Per Share","0.0200"
"SRC046","65","18","September","1","87","Record Date","30, 2025"
"SRC046","65","18","September","2","175","Declaration Date","24, 2025"
"SRC046","65","18","September","3","255","Payment Date","28, 2025"
"SRC046","65","18","September","4","320","Per Share","0.1628"
"SRC046","65","18","September","5","363","Class S Distributions Amount*","18,669"
"SRC046","65","18","September","6","412","Class D Distributions Per Share","0.1750"
"SRC046","65","18","September","7","466","Amount*","268"
"SRC046","65","18","September","8","504","Per Share","0.1800"
"SRC046","65","18","September","9","557","Class I Distributions Amount*","86,755"
"SRC046","65","19","September","1","87","Record Date","30, 2025"
"SRC046","65","19","September","2","175","Declaration Date","23, 2025"
"SRC046","65","19","September","3","255","Payment Date","28, 2025"
"SRC046","65","19","September","4","320","Per Share","0.0200"
"SRC046","65","19","September","5","363","Class S Distributions Amount*","2,293"
"SRC046","65","19","September","6","412","Class D Distributions Per Share","0.0200"
"SRC046","65","19","September","7","466","Amount*","31"
"SRC046","65","19","September","8","504","Per Share","0.0200"
"SRC046","65","20","October","1","87","Record Date","31, 2025"
"SRC046","65","20","October","2","175","Declaration Date","22, 2025"
"SRC046","65","20","October","3","255","Payment Date","26, 2025"
"SRC046","65","20","October","4","320","Per Share","0.1623"
"SRC046","65","20","October","5","363","Class S Distributions Amount*","18,764"
"SRC046","65","20","October","6","412","Class D Distributions Per Share","0.1748"
"SRC046","65","20","October","7","466","Amount*","279"
"SRC046","65","20","October","8","504","Per Share","0.1800"
"SRC046","65","20","October","9","557","Class I Distributions Amount*","86,939"
"SRC046","65","21","November","1","87","Record Date","30, 2025"
"SRC046","65","21","November","2","175","Declaration Date","24, 2025"
"SRC046","65","21","November","3","255","Payment Date","29, 2025"
"SRC046","65","21","November","4","320","Per Share","0.1629"
"SRC046","65","21","November","5","363","Class S Distributions Amount*","19,266"
"SRC046","65","21","November","6","412","Class D Distributions Per Share","0.1750"
"SRC046","65","21","November","7","466","Amount*","283"
"SRC046","65","21","November","8","504","Per Share","0.1800"
"SRC046","65","21","November","9","557","Class I Distributions Amount*","88,936"
"SRC046","65","22","December","1","87","Record Date","31, 2025"
"SRC046","65","22","December","2","175","Declaration Date","23, 2025"
"SRC046","65","22","December","3","255","Payment Date","29, 2026"
"SRC046","65","22","December","4","320","Per Share","0.1624"
"SRC046","65","22","December","5","363","Class S Distributions Amount*","19,726"
"SRC046","65","22","December","6","412","Class D Distributions Per Share","0.1748"
"SRC046","65","22","December","7","466","Amount*","391"
"SRC046","65","22","December","8","504","Per Share","0.1800"
"SRC046","65","22","December","9","557","Class I Distributions Amount*","91,871"
"SRC046","66","1","On July 22, 2021, the Board approved a distribution and servicing plan (the ""Distribution and Servicing","2","531","","7, 2024,"
"SRC046","66","2","Class S","1","417","","0.85%"
"SRC046","66","3","Class D","1","417","","0.25%"
"SRC046","69","1","January","1","90","""Consolidated uncertainties,","1, 2025"
"SRC046","69","1","January","2","159","Financial Statements including, but not limited","31, 2025."
"SRC046","69","2","Securities","2","159","Financial Statements including, but not limited","1934,"
"SRC046","71","1","(in thousands)* 2025","2","552","Financial","2024"
"SRC046","71","2","Investments made in portfolio companies $ 17,690,542","2","552","Financial","11,440,248"
"SRC046","71","3","Investments sold (3,574,330)","2","552","Financial","(2,924,258)"
"SRC046","71","4","Net activity before repaid investments $ 14,116,212","2","552","Financial","8,515,990"
"SRC046","71","5","Investments repaid (4,434,946)","2","552","Financial","(651,635)"
"SRC046","71","6","Net investment activity $","1","457","see""Item 8. Consolidated","9,681,266"
"SRC046","71","6","Net investment activity $","2","552","Financial","7,864,355"
"SRC046","71","7","Portfolio companies at beginning of period","1","457","see""Item 8. Consolidated","324"
"SRC046","71","7","Portfolio companies at beginning of period","3","580","Statements","180"
"SRC046","71","8","Number of new portfolio companies","1","457","see""Item 8. Consolidated","205"
"SRC046","71","8","Number of new portfolio companies","3","580","Statements","193"
"SRC046","71","9","Number of exited portfolio companies","1","457","see""Item 8. Consolidated","(114)"
"SRC046","71","9","Number of exited portfolio companies","3","580","Statements","(49)"
"SRC046","71","10","Portfolio companies at end of period","1","457","see""Item 8. Consolidated","415"
"SRC046","71","10","Portfolio companies at end of period","3","580","Statements","324"
"SRC046","71","11","Number of investments made in existing portfolio companies","1","457","see""Item 8. Consolidated","256"
"SRC046","71","11","Number of investments made in existing portfolio companies","3","580","Statements","66"
"SRC046","72","1","December","1","456","","31,"
"SRC046","72","1","December","2","479","","2025"
"SRC046","72","1","December","3","550","","31,"
"SRC046","72","1","December","4","575","","2024"
"SRC046","72","2","First lien secured debt","2","479","","99.7%"
"SRC046","72","2","First lien secured debt","4","575","","99.9%"
"SRC046","72","3","Second lien secured debt","2","479","","0.0%"
"SRC046","72","3","Second lien secured debt","4","575","","0.0%"
"SRC046","72","4","Unsecured debt and other","2","479","","0.3%"
"SRC046","72","4","Unsecured debt and other","4","575","","0.1%"
"SRC046","72","5","First lien secured debt(2)","2","479","","8.6%"
"SRC046","72","5","First lien secured debt(2)","4","575","","9.8%"
"SRC046","72","6","Second lien secured debt(2)","2","479","","0.0%"
"SRC046","72","6","Second lien secured debt(2)","4","575","","0.0%"
"SRC046","72","7","Unsecured debt and other(2)","2","479","","6.5%"
"SRC046","72","7","Unsecured debt and other(2)","4","575","","6.0%"
"SRC046","72","8","Total portfolio(3)","2","479","","8.6%"
"SRC046","72","8","Total portfolio(3)","4","575","","9.8%"
"SRC046","72","9","Fixed rate amount","1","456","","$0.7"
"SRC046","72","9","Fixed rate amount","3","550","","$0.4"
"SRC046","72","10","Floating rate amount","1","456","","$23.7"
"SRC046","72","10","Floating rate amount","3","550","","$14.2"
"SRC046","72","11","Fixed rate, as percentage of total","2","479","","3.2%"
"SRC046","72","11","Fixed rate, as percentage of total","4","575","","2.7%"
"SRC046","72","12","Floating rate, as percentage of total","2","479","","96.8%"
"SRC046","72","12","Floating rate, as percentage of total","4","575","","97.3%"
"SRC046","72","13","Fixed rate amount","1","456","","$0.7"
"SRC046","72","13","Fixed rate amount","3","550","","$0.4"
"SRC046","72","14","Floating rate amount","1","456","","$23.6"
"SRC046","72","14","Floating rate amount","3","550","","$14.2"
"SRC046","72","15","Fixed rate, as percentage of total","2","479","","3.0%"
"SRC046","72","15","Fixed rate, as percentage of total","4","575","","2.7%"
"SRC046","72","16","Floating rate, as percentage of total","2","479","","97.0%"
"SRC046","72","16","Floating rate, as percentage of total","4","575","","97.3%"
"SRC046","72","17","Weighted average spread over reference rate of all floating rate investments","2","479","","4.6%"
"SRC046","72","17","Weighted average spread over reference rate of all floating rate investments","4","575","","5.1%"
"SRC046","73","1","management","6","424","","1 5."
"SRC046","73","2","The following","3","294","","1"
"SRC046","73","2","The following","4","315","","5"
"SRC046","73","2","The following","6","424","","31, 2025"
"SRC046","73","3","Total","2","266","","24,515,628"
"SRC046","73","3","Total","5","362","","100.0%"
"SRC046","73","3","Total","7","465","","14,555,535"
"SRC046","73","3","Total","9","572","","100.0%"
"SRC046","74","1","Total investment","8","463","","1,918.6"
"SRC046","74","1","Total investment","10","573","","1,206.4"
"SRC046","74","2","Net expenses","8","463","","(853.3)"
"SRC046","74","2","Net expenses","10","573","","(531.4)"
"SRC046","74","3","Net investment","8","463","","1,065.2"
"SRC046","74","3","Net investment","10","573","","675.0"
"SRC046","74","4","Net realized","8","463","","(159.4)"
"SRC046","74","4","Net realized","10","573","","49.2"
"SRC046","74","5","Net unrealized","8","463","","85.4"
"SRC046","74","5","Net unrealized","10","573","","(13.0)"
"SRC046","74","6","Net increase","8","463","","991.2"
"SRC046","74","6","Net increase","10","573","","711.2"
"SRC046","74","7","Interest income","8","463","","1,848.5"
"SRC046","74","7","Interest income","10","573","","1,154.6"
"SRC046","74","8","PIK interest","8","463","","42.2"
"SRC046","74","8","PIK interest","10","573","","17.2"
"SRC046","74","9","Dividend income","8","463","","5.4"
"SRC046","74","9","Dividend income","10","573","","3.5"
"SRC046","74","10","Other income","8","463","","22.4"
"SRC046","74","10","Other income","10","573","","31.1"
"SRC046","74","11","Total investment","8","463","","1,918.6"
"SRC046","74","11","Total investment","10","573","","1,206.4"
"SRC046","74","12","For the year","2","146","","31,"
"SRC046","74","12","For the year","5","322","","$1.9"
"SRC046","74","12","For the year","6","416","","$1.2"
"SRC046","74","13","primarily driven","9","534","2024","$24.5"
"SRC046","74","14","December 31,","1","102","","2025"
"SRC046","74","14","December 31,","2","146","","$14.6"
"SRC046","74","14","December 31,","3","244","","31, 2024."
"SRC046","74","15","decreased to","1","102","","8.6%"
"SRC046","74","15","decreased to","3","244","","31, 2025"
"SRC046","74","15","decreased to","4","287","","9.8%"
"SRC046","74","15","decreased to","6","416","","31,"
"SRC046","74","15","decreased to","7","433","2025","2024"
"SRC046","74","16","December 31,","1","102","","2025"
"SRC046","74","16","December 31,","2","146","","2024,"
"SRC046","74","16","December 31,","4","287","","2.2%"
"SRC046","74","16","December 31,","5","322","","1.4%"
"SRC046","75","1","Management fees","7","473","","165.1"
"SRC046","75","1","Management fees","9","578","","88.4"
"SRC046","75","2","Performance-based incentive fees","7","473","","154.4"
"SRC046","75","2","Performance-based incentive fees","9","578","","99.3"
"SRC046","75","3","Interest and other debt expenses","7","473","","472.6"
"SRC046","75","3","Interest and other debt expenses","9","578","","306.3"
"SRC046","75","4","Offering costs","7","473","","0.5"
"SRC046","75","4","Offering costs","9","578","","0.7"
"SRC046","75","5","Trustees' fees","7","473","","0.7"
"SRC046","75","5","Trustees' fees","9","578","","0.6"
"SRC046","75","6","Shareholder servicing fees","7","473","","22.2"
"SRC046","75","6","Shareholder servicing fees","9","578","","12.7"
"SRC046","75","7","Administrative service expenses","7","473","","12.3"
"SRC046","75","7","Administrative service expenses","9","578","","5.5"
"SRC046","75","8","Other general and administrative","7","473","","25.5"
"SRC046","75","8","Other general and administrative","9","578","","17.9"
"SRC046","75","9","Total expenses","7","473","","853.3"
"SRC046","75","9","Total expenses","9","578","","531.4"
"SRC046","75","10","For the year ended December 31,","1","180","","2025,"
"SRC046","75","10","For the year ended December 31,","4","371","","$472.6"
"SRC046","75","10","For the year ended December 31,","6","433","2025","$306.3"
"SRC046","75","11","prior year, primarily driven by increased","7","473","","6.9%"
"SRC046","75","12","$6.7 billion for the year ended December","1","180","","31,"
"SRC046","75","12","$6.7 billion for the year ended December","2","254","","$3.6"
"SRC046","75","13","For the year ended December 31,","1","180","","2025,"
"SRC046","75","13","For the year ended December 31,","3","310","","$165.1"
"SRC046","75","13","For the year ended December 31,","5","405","","$88.4"
"SRC046","75","14","primarily due to an increase in average","4","371","","$13.2"
"SRC046","75","14","primarily due to an increase in average","8","533","2024","31, 2025"
"SRC046","75","14","primarily due to an increase in average","9","578","","$7.1"
"SRC046","75","15","billion for the year ended December","1","180","","31, 2024."
"SRC046","75","15","billion for the year ended December","7","473","","1.25%"
"SRC046","75","16","assets as of the beginning of the first","9","578","","31,"
"SRC046","75","17","For the year ended December 31,","1","180","","2025,"
"SRC046","75","17","For the year ended December 31,","3","310","","$154.4"
"SRC046","75","17","For the year ended December 31,","4","371","","$99.3"
"SRC046","75","18","due to our deployment of capital","9","578","","31, 2025"
"SRC046","75","19","Total other expenses were $60.7","3","310","","31, 2025,"
"SRC046","75","19","Total other expenses were $60.7","6","433","2025","$22.2"
"SRC046","75","20","servicing fees paid with respect","3","310","","$13.1"
"SRC046","75","21","valuation, technology and other professional","5","405","","$25.4"
"SRC046","76","1","In addition, based on the excise tax distribution requirements, the Company","3","428","","4%"
"SRC046","76","2","undistributed income unless the Company distributes in a timely manner","6","550","","98%"
"SRC046","76","3","Non-controlled/non-affiliated investments","4","470","","27.4"
"SRC046","76","3","Non-controlled/non-affiliated investments","7","578","","18.6"
"SRC046","76","4","Derivative instruments","4","470","","2.8"
"SRC046","76","4","Derivative instruments","7","578","","0.8"
"SRC046","76","5","Foreign currency forward contracts","4","470","","(195.7)"
"SRC046","76","5","Foreign currency forward contracts","7","578","","50.3"
"SRC046","76","6","Foreign currency translations","4","470","","6.0"
"SRC046","76","6","Foreign currency translations","7","578","","(20.5)"
"SRC046","76","7","Net realized gains (losses)","4","470","","(159.4)"
"SRC046","76","7","Net realized gains (losses)","7","578","","49.2"
"SRC046","76","8","For the year ended December 31, 2025, we recorded total net realized losses","1","331","","$159.4"
"SRC046","76","8","For the year ended December 31, 2025, we recorded total net realized losses","5","511","","$195.7"
"SRC046","76","9","net realized losses on foreign currency forward contracts. Net realized losses","5","511","","$27.4"
"SRC046","76","10","controlled/non-affiliated investments primarily due to full or partial sales","7","578","","$6.0"
"SRC046","76","11","For the year ended December 31, 2024, we generated net realized gains of","1","331","","$49.2"
"SRC046","76","11","For the year ended December 31, 2024, we generated net realized gains of","5","511","","$18.6"
"SRC046","76","12","partial sales and/or restructuring of our debt investments, and realized gains","1","331","","$50.3"
"SRC046","76","13","investments and foreign currency forward contracts were partially offset","3","428","2025","$20.5"
"SRC046","76","14","Non-controlled/non-affiliated investments","4","470","","155.0"
"SRC046","76","14","Non-controlled/non-affiliated investments","7","578","","(90.3)"
"SRC046","76","15","Derivative instruments","4","470","","(3.1)"
"SRC046","76","15","Derivative instruments","7","578","","11.7"
"SRC046","76","16","Foreign currency forward contracts","4","470","","(62.8)"
"SRC046","76","16","Foreign currency forward contracts","7","578","","38.6"
"SRC046","76","17","Foreign currency translations","4","470","","(3.8)"
"SRC046","76","17","Foreign currency translations","7","578","","27.0"
"SRC046","76","18","Net change in unrealized gains (losses)","4","470","","85.4"
"SRC046","76","18","Net change in unrealized gains (losses)","7","578","","(13.0)"
"SRC046","76","19","For the year ended December 31, 2025, we recorded net unrealized gains","1","331","","$155.0"
"SRC046","76","20","value of our debt investments, as a percentage of principal, declined from","1","331","","100.9%"
"SRC046","76","20","value of our debt investments, as a percentage of principal, declined from","3","428","2025","31, 2024"
"SRC046","76","20","value of our debt investments, as a percentage of principal, declined from","4","470","","100.5%"
"SRC046","76","20","value of our debt investments, as a percentage of principal, declined from","6","550","2024","31,"
"SRC046","76","20","value of our debt investments, as a percentage of principal, declined from","7","578","","2025,"
"SRC046","76","21","controlled/non-affiliated investments. These gains were partially offset by","4","470","","$3.1"
"SRC046","76","22","For the year ended December 31, 2024, we recognized gross unrealized","3","428","2025","$140.8"
"SRC046","76","23","investments as a percentage of principal increased from 98.0% as of December","2","375","","31, 2023"
"SRC046","76","23","investments as a percentage of principal increased from 98.0% as of December","5","511","","31, 2024,"
"SRC046","77","1","interest rate swaps","5","317","","8."
"SRC046","77","2","Consolidated Financial","2","213","","2."
"SRC046","77","2","Consolidated Financial","6","383","","8."
"SRC046","77","3","Data— Notes to","4","286","","5."
"SRC046","77","4","regarding these","3","235","","8."
"SRC046","77","5","Statements - Note","1","120","","6."
"SRC046","77","6","value or to gain","5","317","","8."
"SRC046","77","7","Consolidated Financial","2","213","","2."
"SRC046","77","7","Consolidated Financial","6","383","","8."
"SRC046","77","8","Data— Notes to","4","286","","5."
"SRC046","77","9","regarding these","3","235","","8."
"SRC046","77","10","Statements - Note","1","120","","6."
"SRC046","77","11","and other factors.","2","213","be subject","1940"
"SRC046","77","12","flexibility during","4","286","taking proactive","55"
"SRC046","77","12","flexibility during","5","317","steps utilizing","1940"
"SRC046","78","1","(in millions) Total","2","323","","1"
"SRC046","78","1","(in millions) Total","3","364","","1 3"
"SRC046","78","1","(in millions) Total","5","449","","3"
"SRC046","78","1","(in millions) Total","6","466","","5"
"SRC046","78","2","Senior Secured Facility(1) $","1","231","","272"
"SRC046","78","2","Senior Secured Facility(1) $","7","488","","272"
"SRC046","78","3","SPV Financing Facilities(2)","1","231","","3,500"
"SRC046","78","3","SPV Financing Facilities(2)","2","323","","472"
"SRC046","78","3","SPV Financing Facilities(2)","7","488","","3,028"
"SRC046","78","4","CLO Notes","1","231","","1,586"
"SRC046","78","4","CLO Notes","8","573","","1,586"
"SRC046","78","5","Unsecured Notes","1","231","","4,157"
"SRC046","78","5","Unsecured Notes","2","323","","332"
"SRC046","78","5","Unsecured Notes","4","397","","825"
"SRC046","78","5","Unsecured Notes","7","488","","1,500"
"SRC046","78","5","Unsecured Notes","8","573","","1,500"
"SRC046","78","6","Total Debt Obligations $","1","231","","9,515"
"SRC046","78","6","Total Debt Obligations $","2","323","","804"
"SRC046","78","6","Total Debt Obligations $","4","397","","825"
"SRC046","78","6","Total Debt Obligations $","7","488","","4,800"
"SRC046","78","6","Total Debt Obligations $","8","573","","3,086"
"SRC046","78","7","(1) As of December 31, 2025, aggregate lender commitments","4","397","","$3.2"
"SRC046","78","8","(2) As of December 31, 2025, aggregate lender commitments","4","397","","$200.0"
"SRC046","78","9","The following table shows the contractual maturities","4","397","","31,"
"SRC046","78","10","(in millions) Total","2","323","","1"
"SRC046","78","10","(in millions) Total","3","364","","1 3"
"SRC046","78","10","(in millions) Total","5","449","","3"
"SRC046","78","10","(in millions) Total","6","466","","5"
"SRC046","78","11","Senior Secured Facility(1) $","1","231","","470"
"SRC046","78","11","Senior Secured Facility(1) $","7","488","","470"
"SRC046","78","12","SPV Financing Facilities(2)","1","231","","1,231"
"SRC046","78","12","SPV Financing Facilities(2)","4","397","","187"
"SRC046","78","12","SPV Financing Facilities(2)","7","488","","1,044"
"SRC046","78","13","Class A-1 Notes","1","231","","450"
"SRC046","78","13","Class A-1 Notes","8","573","","450"
"SRC046","78","14","Unsecured Notes","1","231","","2,844"
"SRC046","78","14","Unsecured Notes","2","323","","62"
"SRC046","78","14","Unsecured Notes","4","397","","439"
"SRC046","78","14","Unsecured Notes","7","488","","1,343"
"SRC046","78","14","Unsecured Notes","8","573","","1,000"
"SRC046","78","15","Total Debt Obligations $","1","231","","4,995"
"SRC046","78","15","Total Debt Obligations $","2","323","","62"
"SRC046","78","15","Total Debt Obligations $","4","397","","626"
"SRC046","78","15","Total Debt Obligations $","7","488","","2,857"
"SRC046","78","15","Total Debt Obligations $","8","573","","1,450"
"SRC046","78","16","(1) As of December 31, 2024, aggregate lender commitments","4","397","","$2.3"
"SRC046","78","17","(2) As of December 31, 2024, aggregate lender commitments","4","397","","$318.7"
"SRC046","79","1","January","1","87","Record Date","31, 2025"
"SRC046","79","1","January","2","170","Declaration Date","22, 2025"
"SRC046","79","1","January","3","249","Payment Date","27, 2025"
"SRC046","79","1","January","4","315","Per Share","0.1621"
"SRC046","79","1","January","5","363","Class S Distributions Amount*","13,892"
"SRC046","79","1","January","6","417","Class D Distributions Per Share","0.1747"
"SRC046","79","1","January","7","472","Amount*","182"
"SRC046","79","1","January","8","506","Per Share","0.1800"
"SRC046","79","1","January","9","557","Class I Distributions Amount*","57,637"
"SRC046","79","2","January","1","87","Record Date","31, 2025"
"SRC046","79","2","January","2","170","Declaration Date","23, 2024"
"SRC046","79","2","January","3","249","Payment Date","27, 2025"
"SRC046","79","2","January","4","315","Per Share","0.0200"
"SRC046","79","2","January","5","363","Class S Distributions Amount*","1,714"
"SRC046","79","2","January","6","417","Class D Distributions Per Share","0.0200"
"SRC046","79","2","January","7","472","Amount*","21"
"SRC046","79","2","January","8","506","Per Share","0.0200"
"SRC046","79","3","February","1","87","Record Date","28, 2025"
"SRC046","79","3","February","2","170","Declaration Date","21, 2025"
"SRC046","79","3","February","3","249","Payment Date","27, 2025"
"SRC046","79","3","February","4","315","Per Share","0.1638"
"SRC046","79","3","February","5","363","Class S Distributions Amount*","14,739"
"SRC046","79","3","February","6","417","Class D Distributions Per Share","0.1752"
"SRC046","79","3","February","7","472","Amount*","183"
"SRC046","79","3","February","8","506","Per Share","0.1800"
"SRC046","79","3","February","9","557","Class I Distributions Amount*","62,318"
"SRC046","79","4","February","1","87","Record Date","28, 2025"
"SRC046","79","4","February","2","170","Declaration Date","23, 2024"
"SRC046","79","4","February","3","249","Payment Date","27, 2025"
"SRC046","79","4","February","4","315","Per Share","0.0200"
"SRC046","79","4","February","5","363","Class S Distributions Amount*","1,800"
"SRC046","79","4","February","6","417","Class D Distributions Per Share","0.0200"
"SRC046","79","4","February","7","472","Amount*","21"
"SRC046","79","4","February","8","506","Per Share","0.0200"
"SRC046","79","5","March","1","87","Record Date","31, 2025"
"SRC046","79","5","March","2","170","Declaration Date","24, 2025"
"SRC046","79","5","March","3","249","Payment Date","28, 2025"
"SRC046","79","5","March","4","315","Per Share","0.1621"
"SRC046","79","5","March","5","363","Class S Distributions Amount*","15,583"
"SRC046","79","5","March","6","417","Class D Distributions Per Share","0.1747"
"SRC046","79","5","March","7","472","Amount*","186"
"SRC046","79","5","March","8","506","Per Share","0.1800"
"SRC046","79","5","March","9","557","Class I Distributions Amount*","66,593"
"SRC046","79","6","March","1","87","Record Date","31, 2025"
"SRC046","79","6","March","2","170","Declaration Date","23, 2024"
"SRC046","79","6","March","3","249","Payment Date","28, 2025"
"SRC046","79","6","March","4","315","Per Share","0.0200"
"SRC046","79","6","March","5","363","Class S Distributions Amount*","1,896"
"SRC046","79","6","March","6","417","Class D Distributions Per Share","0.0200"
"SRC046","79","6","March","7","472","Amount*","21"
"SRC046","79","6","March","8","506","Per Share","0.0200"
"SRC046","79","7","April 30,","1","87","Record Date","2025"
"SRC046","79","7","April 30,","2","170","Declaration Date","22, 2025"
"SRC046","79","7","April 30,","3","249","Payment Date","29, 2025"
"SRC046","79","7","April 30,","4","315","Per Share","0.1628"
"SRC046","79","7","April 30,","5","363","Class S Distributions Amount*","16,289"
"SRC046","79","7","April 30,","6","417","Class D Distributions Per Share","0.1749"
"SRC046","79","7","April 30,","7","472","Amount*","192"
"SRC046","79","7","April 30,","8","506","Per Share","0.1800"
"SRC046","79","7","April 30,","9","557","Class I Distributions Amount*","70,701"
"SRC046","79","8","April 30,","1","87","Record Date","2025"
"SRC046","79","8","April 30,","2","170","Declaration Date","24, 2025"
"SRC046","79","8","April 30,","3","249","Payment Date","29, 2025"
"SRC046","79","8","April 30,","4","315","Per Share","0.0200"
"SRC046","79","8","April 30,","5","363","Class S Distributions Amount*","2,001"
"SRC046","79","8","April 30,","6","417","Class D Distributions Per Share","0.0200"
"SRC046","79","8","April 30,","7","472","Amount*","22"
"SRC046","79","8","April 30,","8","506","Per Share","0.0200"
"SRC046","79","9","May 31,","1","87","Record Date","2025"
"SRC046","79","9","May 31,","2","170","Declaration Date","22, 2025"
"SRC046","79","9","May 31,","3","249","Payment Date","27, 2025"
"SRC046","79","9","May 31,","4","315","Per Share","0.1623"
"SRC046","79","9","May 31,","5","363","Class S Distributions Amount*","16,725"
"SRC046","79","9","May 31,","6","417","Class D Distributions Per Share","0.1748"
"SRC046","79","9","May 31,","7","472","Amount*","196"
"SRC046","79","9","May 31,","8","506","Per Share","0.1800"
"SRC046","79","9","May 31,","9","557","Class I Distributions Amount*","74,897"
"SRC046","79","10","May 31,","1","87","Record Date","2025"
"SRC046","79","10","May 31,","2","170","Declaration Date","24, 2025"
"SRC046","79","10","May 31,","3","249","Payment Date","27, 2025"
"SRC046","79","10","May 31,","4","315","Per Share","0.0200"
"SRC046","79","10","May 31,","5","363","Class S Distributions Amount*","2,061"
"SRC046","79","10","May 31,","6","417","Class D Distributions Per Share","0.0200"
"SRC046","79","10","May 31,","7","472","Amount*","22"
"SRC046","79","10","May 31,","8","506","Per Share","0.0200"
"SRC046","79","11","June 30,","1","87","Record Date","2025"
"SRC046","79","11","June 30,","2","170","Declaration Date","23, 2025"
"SRC046","79","11","June 30,","3","249","Payment Date","29, 2025"
"SRC046","79","11","June 30,","4","315","Per Share","0.1628"
"SRC046","79","11","June 30,","5","363","Class S Distributions Amount*","17,424"
"SRC046","79","11","June 30,","6","417","Class D Distributions Per Share","0.1749"
"SRC046","79","11","June 30,","7","472","Amount*","215"
"SRC046","79","11","June 30,","8","506","Per Share","0.1800"
"SRC046","79","11","June 30,","9","557","Class I Distributions Amount*","78,164"
"SRC046","79","12","June 30,","1","87","Record Date","2025"
"SRC046","79","12","June 30,","2","170","Declaration Date","24, 2025"
"SRC046","79","12","June 30,","3","249","Payment Date","29, 2025"
"SRC046","79","12","June 30,","4","315","Per Share","0.0200"
"SRC046","79","12","June 30,","5","363","Class S Distributions Amount*","2,141"
"SRC046","79","12","June 30,","6","417","Class D Distributions Per Share","0.0200"
"SRC046","79","12","June 30,","7","472","Amount*","25"
"SRC046","79","12","June 30,","8","506","Per Share","0.0200"
"SRC046","79","13","July 31,","1","87","Record Date","2025"
"SRC046","79","13","July 31,","2","170","Declaration Date","23, 2025"
"SRC046","79","13","July 31,","3","249","Payment Date","27, 2025"
"SRC046","79","13","July 31,","4","315","Per Share","0.1622"
"SRC046","79","13","July 31,","5","363","Class S Distributions Amount*","17,536"
"SRC046","79","13","July 31,","6","417","Class D Distributions Per Share","0.1748"
"SRC046","79","13","July 31,","7","472","Amount*","224"
"SRC046","79","13","July 31,","8","506","Per Share","0.1800"
"SRC046","79","13","July 31,","9","557","Class I Distributions Amount*","78,999"
"SRC046","79","14","July 31,","1","87","Record Date","2025"
"SRC046","79","14","July 31,","2","170","Declaration Date","23, 2025"
"SRC046","79","14","July 31,","3","249","Payment Date","27, 2025"
"SRC046","79","14","July 31,","4","315","Per Share","0.0200"
"SRC046","79","14","July 31,","5","363","Class S Distributions Amount*","2,162"
"SRC046","79","14","July 31,","6","417","Class D Distributions Per Share","0.0200"
"SRC046","79","14","July 31,","7","472","Amount*","26"
"SRC046","79","14","July 31,","8","506","Per Share","0.0200"
"SRC046","79","15","August","1","87","Record Date","31, 2025"
"SRC046","79","15","August","2","170","Declaration Date","22, 2025"
"SRC046","79","15","August","3","249","Payment Date","26, 2025"
"SRC046","79","15","August","4","315","Per Share","0.1622"
"SRC046","79","15","August","5","363","Class S Distributions Amount*","18,072"
"SRC046","79","15","August","6","417","Class D Distributions Per Share","0.1748"
"SRC046","79","15","August","7","472","Amount*","240"
"SRC046","79","15","August","8","506","Per Share","0.1800"
"SRC046","79","15","August","9","557","Class I Distributions Amount*","83,177"
"SRC046","79","16","August","1","87","Record Date","31, 2025"
"SRC046","79","16","August","2","170","Declaration Date","23, 2025"
"SRC046","79","16","August","3","249","Payment Date","26, 2025"
"SRC046","79","16","August","4","315","Per Share","0.0200"
"SRC046","79","16","August","5","363","Class S Distributions Amount*","2,228"
"SRC046","79","16","August","6","417","Class D Distributions Per Share","0.0200"
"SRC046","79","16","August","7","472","Amount*","28"
"SRC046","79","16","August","8","506","Per Share","0.0200"
"SRC046","79","17","September","1","87","Record Date","30, 2025"
"SRC046","79","17","September","2","170","Declaration Date","24, 2025"
"SRC046","79","17","September","3","249","Payment Date","28, 2025"
"SRC046","79","17","September","4","315","Per Share","0.1628"
"SRC046","79","17","September","5","363","Class S Distributions Amount*","18,669"
"SRC046","79","17","September","6","417","Class D Distributions Per Share","0.1750"
"SRC046","79","17","September","7","472","Amount*","268"
"SRC046","79","17","September","8","506","Per Share","0.1800"
"SRC046","79","17","September","9","557","Class I Distributions Amount*","86,755"
"SRC046","79","18","September","1","87","Record Date","30, 2025"
"SRC046","79","18","September","2","170","Declaration Date","23, 2025"
"SRC046","79","18","September","3","249","Payment Date","28, 2025"
"SRC046","79","18","September","4","315","Per Share","0.0200"
"SRC046","79","18","September","5","363","Class S Distributions Amount*","2,293"
"SRC046","79","18","September","6","417","Class D Distributions Per Share","0.0200"
"SRC046","79","18","September","7","472","Amount*","31"
"SRC046","79","18","September","8","506","Per Share","0.0200"
"SRC046","79","19","October","1","87","Record Date","31, 2025"
"SRC046","79","19","October","2","170","Declaration Date","22, 2025"
"SRC046","79","19","October","3","249","Payment Date","26, 2025"
"SRC046","79","19","October","4","315","Per Share","0.1623"
"SRC046","79","19","October","5","363","Class S Distributions Amount*","18,764"
"SRC046","79","19","October","6","417","Class D Distributions Per Share","0.1748"
"SRC046","79","19","October","7","472","Amount*","279"
"SRC046","79","19","October","8","506","Per Share","0.1800"
"SRC046","79","19","October","9","557","Class I Distributions Amount*","86,939"
"SRC046","79","20","November","1","87","Record Date","30, 2025"
"SRC046","79","20","November","2","170","Declaration Date","24, 2025"
"SRC046","79","20","November","3","249","Payment Date","29, 2025"
"SRC046","79","20","November","4","315","Per Share","0.1629"
"SRC046","79","20","November","5","363","Class S Distributions Amount*","19,266"
"SRC046","79","20","November","6","417","Class D Distributions Per Share","0.1750"
"SRC046","79","20","November","7","472","Amount*","283"
"SRC046","79","20","November","8","506","Per Share","0.1800"
"SRC046","79","20","November","9","557","Class I Distributions Amount*","88,936"
"SRC046","79","21","December","1","87","Record Date","31, 2025"
"SRC046","79","21","December","2","170","Declaration Date","23, 2025"
"SRC046","79","21","December","3","249","Payment Date","29, 2026"
"SRC046","79","21","December","4","315","Per Share","0.1624"
"SRC046","79","21","December","5","363","Class S Distributions Amount*","19,726"
"SRC046","79","21","December","6","417","Class D Distributions Per Share","0.1748"
"SRC046","79","21","December","7","472","Amount*","391"
"SRC046","79","21","December","8","506","Per Share","0.1800"
"SRC046","79","21","December","9","557","Class I Distributions Amount*","91,871"
"SRC046","80","1","January","1","89","Record Date","31, 2024"
"SRC046","80","1","January","3","180","Declaration Date","23, 2024"
"SRC046","80","1","January","4","261","Payment Date","28, 2024"
"SRC046","80","1","January","5","323","Per Share","0.1622"
"SRC046","80","1","January","6","376","Class S Distributions Amount*","6,206"
"SRC046","80","1","January","7","424","Per Share","0.1748"
"SRC046","80","1","January","9","483","Amount*","69"
"SRC046","80","1","January","10","513","Per Share","0.1800"
"SRC046","80","1","January","11","557","Class I Distributions Amount*","25,807"
"SRC046","80","2","January","1","89","Record Date","31, 2024"
"SRC046","80","2","January","3","180","Declaration Date","20, 2023"
"SRC046","80","2","January","4","261","Payment Date","28, 2024"
"SRC046","80","2","January","5","323","Per Share","0.0200"
"SRC046","80","2","January","6","376","Class S Distributions Amount*","765"
"SRC046","80","2","January","7","424","Per Share","0.0200"
"SRC046","80","2","January","9","483","Amount*","8"
"SRC046","80","2","January","10","513","Per Share","0.0200"
"SRC046","80","3","February","1","89","Record Date","29, 2024"
"SRC046","80","3","February","3","180","Declaration Date","26, 2024"
"SRC046","80","3","February","4","261","Payment Date","27, 2024"
"SRC046","80","3","February","5","323","Per Share","0.1634"
"SRC046","80","3","February","6","376","Class S Distributions Amount*","6,818"
"SRC046","80","3","February","7","424","Per Share","0.1751"
"SRC046","80","3","February","9","483","Amount*","82"
"SRC046","80","3","February","10","513","Per Share","0.1800"
"SRC046","80","3","February","11","557","Class I Distributions Amount*","28,229"
"SRC046","80","4","February","1","89","Record Date","29, 2024"
"SRC046","80","4","February","3","180","Declaration Date","20, 2023"
"SRC046","80","4","February","4","261","Payment Date","27, 2024"
"SRC046","80","4","February","5","323","Per Share","0.0200"
"SRC046","80","4","February","6","376","Class S Distributions Amount*","835"
"SRC046","80","4","February","7","424","Per Share","0.0200"
"SRC046","80","4","February","9","483","Amount*","9"
"SRC046","80","4","February","10","513","Per Share","0.0200"
"SRC046","80","5","March 29,","1","89","Record Date","2024"
"SRC046","80","5","March 29,","3","180","Declaration Date","21, 2024"
"SRC046","80","5","March 29,","4","261","Payment Date","26, 2024"
"SRC046","80","5","March 29,","5","323","Per Share","0.1622"
"SRC046","80","5","March 29,","6","376","Class S Distributions Amount*","7,606"
"SRC046","80","5","March 29,","7","424","Per Share","0.1748"
"SRC046","80","5","March 29,","9","483","Amount*","90"
"SRC046","80","5","March 29,","10","513","Per Share","0.1800"
"SRC046","80","5","March 29,","11","557","Class I Distributions Amount*","31,021"
"SRC046","80","6","March 29,","1","89","Record Date","2024"
"SRC046","80","6","March 29,","3","180","Declaration Date","20, 2023"
"SRC046","80","6","March 29,","4","261","Payment Date","26, 2024"
"SRC046","80","6","March 29,","5","323","Per Share","0.0200"
"SRC046","80","6","March 29,","6","376","Class S Distributions Amount*","938"
"SRC046","80","6","March 29,","7","424","Per Share","0.0200"
"SRC046","80","6","March 29,","9","483","Amount*","10"
"SRC046","80","6","March 29,","10","513","Per Share","0.0200"
"SRC046","80","7","April 30,","1","89","Record Date","2024"
"SRC046","80","7","April 30,","3","180","Declaration Date","23, 2024"
"SRC046","80","7","April 30,","4","261","Payment Date","29, 2024"
"SRC046","80","7","April 30,","5","323","Per Share","0.1627"
"SRC046","80","7","April 30,","6","376","Class S Distributions Amount*","8,260"
"SRC046","80","7","April 30,","7","424","Per Share","0.1749"
"SRC046","80","7","April 30,","9","483","Amount*","100"
"SRC046","80","7","April 30,","10","513","Per Share","0.1800"
"SRC046","80","7","April 30,","11","557","Class I Distributions Amount*","33,209"
"SRC046","80","8","April 30,","1","89","Record Date","2024"
"SRC046","80","8","April 30,","3","180","Declaration Date","21, 2024"
"SRC046","80","8","April 30,","4","261","Payment Date","29, 2024"
"SRC046","80","8","April 30,","5","323","Per Share","0.0200"
"SRC046","80","8","April 30,","6","376","Class S Distributions Amount*","1,015"
"SRC046","80","8","April 30,","7","424","Per Share","0.0200"
"SRC046","80","8","April 30,","9","483","Amount*","11"
"SRC046","80","8","April 30,","10","513","Per Share","0.0200"
"SRC046","80","9","May 31,","1","89","Record Date","2024"
"SRC046","80","9","May 31,","3","180","Declaration Date","22, 2024"
"SRC046","80","9","May 31,","4","261","Payment Date","27, 2024"
"SRC046","80","9","May 31,","5","323","Per Share","0.1621"
"SRC046","80","9","May 31,","6","376","Class S Distributions Amount*","9,041"
"SRC046","80","9","May 31,","7","424","Per Share","0.1747"
"SRC046","80","9","May 31,","9","483","Amount*","108"
"SRC046","80","9","May 31,","10","513","Per Share","0.1800"
"SRC046","80","9","May 31,","11","557","Class I Distributions Amount*","35,615"
"SRC046","80","10","May 31,","1","89","Record Date","2024"
"SRC046","80","10","May 31,","3","180","Declaration Date","21, 2024"
"SRC046","80","10","May 31,","4","261","Payment Date","27, 2024"
"SRC046","80","10","May 31,","5","323","Per Share","0.0200"
"SRC046","80","10","May 31,","6","376","Class S Distributions Amount*","1,116"
"SRC046","80","10","May 31,","7","424","Per Share","0.0200"
"SRC046","80","10","May 31,","9","483","Amount*","10"
"SRC046","80","10","May 31,","10","513","Per Share","0.0200"
"SRC046","80","11","June 28,","1","89","Record Date","2024"
"SRC046","80","11","June 28,","3","180","Declaration Date","21, 2024"
"SRC046","80","11","June 28,","4","261","Payment Date","29, 2024"
"SRC046","80","11","June 28,","5","323","Per Share","0.1627"
"SRC046","80","11","June 28,","6","376","Class S Distributions Amount*","9,711"
"SRC046","80","11","June 28,","7","424","Per Share","0.1749"
"SRC046","80","11","June 28,","9","483","Amount*","80"
"SRC046","80","11","June 28,","10","513","Per Share","0.1800"
"SRC046","80","11","June 28,","11","557","Class I Distributions Amount*","39,162"
"SRC046","80","12","June 28,","1","89","Record Date","2024"
"SRC046","80","12","June 28,","3","180","Declaration Date","21, 2024"
"SRC046","80","12","June 28,","4","261","Payment Date","29, 2024"
"SRC046","80","12","June 28,","5","323","Per Share","0.0200"
"SRC046","80","12","June 28,","6","376","Class S Distributions Amount*","1,193"
"SRC046","80","12","June 28,","7","424","Per Share","0.0200"
"SRC046","80","12","June 28,","9","483","Amount*","11"
"SRC046","80","12","June 28,","10","513","Per Share","0.0200"
"SRC046","80","13","July 31,","1","89","Record Date","2024"
"SRC046","80","13","July 31,","3","180","Declaration Date","22, 2024"
"SRC046","80","13","July 31,","4","261","Payment Date","27, 2024"
"SRC046","80","13","July 31,","5","323","Per Share","0.1621"
"SRC046","80","13","July 31,","6","376","Class S Distributions Amount*","10,106"
"SRC046","80","13","July 31,","7","424","Per Share","0.1747"
"SRC046","80","13","July 31,","9","483","Amount*","100"
"SRC046","80","13","July 31,","10","513","Per Share","0.1800"
"SRC046","80","13","July 31,","11","557","Class I Distributions Amount*","41,338"
"SRC046","80","14","July 31,","1","89","Record Date","2024"
"SRC046","80","14","July 31,","3","180","Declaration Date","21, 2024"
"SRC046","80","14","July 31,","4","261","Payment Date","27, 2024"
"SRC046","80","14","July 31,","5","323","Per Share","0.0200"
"SRC046","80","14","July 31,","6","376","Class S Distributions Amount*","1,247"
"SRC046","80","14","July 31,","7","424","Per Share","0.0200"
"SRC046","80","14","July 31,","9","483","Amount*","12"
"SRC046","80","14","July 31,","10","513","Per Share","0.0200"
"SRC046","80","15","August","1","89","Record Date","30, 2024"
"SRC046","80","15","August","3","180","Declaration Date","21, 2024"
"SRC046","80","15","August","4","261","Payment Date","26, 2024"
"SRC046","80","15","August","5","323","Per Share","0.1621"
"SRC046","80","15","August","6","376","Class S Distributions Amount*","10,609"
"SRC046","80","15","August","7","424","Per Share","0.1747"
"SRC046","80","15","August","9","483","Amount*","141"
"SRC046","80","15","August","10","513","Per Share","0.1800"
"SRC046","80","15","August","11","557","Class I Distributions Amount*","45,044"
"SRC046","80","16","August","1","89","Record Date","30, 2024"
"SRC046","80","16","August","3","180","Declaration Date","21, 2024"
"SRC046","80","16","August","4","261","Payment Date","26, 2024"
"SRC046","80","16","August","5","323","Per Share","0.0200"
"SRC046","80","16","August","6","376","Class S Distributions Amount*","1,311"
"SRC046","80","16","August","7","424","Per Share","0.0200"
"SRC046","80","16","August","9","483","Amount*","16"
"SRC046","80","16","August","10","513","Per Share","0.0200"
"SRC046","80","17","September","1","89","Record Date","30, 2024"
"SRC046","80","17","September","3","180","Declaration Date","20, 2024"
"SRC046","80","17","September","4","261","Payment Date","29, 2024"
"SRC046","80","17","September","5","323","Per Share","0.1626"
"SRC046","80","17","September","6","376","Class S Distributions Amount*","11,155"
"SRC046","80","17","September","7","424","Per Share","0.1749"
"SRC046","80","17","September","9","483","Amount*","148"
"SRC046","80","17","September","10","513","Per Share","0.1800"
"SRC046","80","17","September","11","557","Class I Distributions Amount*","47,004"
"SRC046","80","18","September","1","89","Record Date","30, 2024"
"SRC046","80","18","September","3","180","Declaration Date","21, 2024"
"SRC046","80","18","September","4","261","Payment Date","29, 2024"
"SRC046","80","18","September","5","323","Per Share","0.0200"
"SRC046","80","18","September","6","376","Class S Distributions Amount*","1,375"
"SRC046","80","18","September","7","424","Per Share","0.0200"
"SRC046","80","18","September","9","483","Amount*","17"
"SRC046","80","18","September","10","513","Per Share","0.0200"
"SRC046","80","19","October","1","89","Record Date","31, 2024"
"SRC046","80","19","October","3","180","Declaration Date","23, 2024"
"SRC046","80","19","October","4","261","Payment Date","26, 2024"
"SRC046","80","19","October","5","323","Per Share","0.1620"
"SRC046","80","19","October","6","376","Class S Distributions Amount*","11,823"
"SRC046","80","19","October","7","424","Per Share","0.1747"
"SRC046","80","19","October","9","483","Amount*","171"
"SRC046","80","19","October","10","513","Per Share","0.1800"
"SRC046","80","19","October","11","557","Class I Distributions Amount*","48,573"
"SRC046","80","20","October","1","89","Record Date","31, 2024"
"SRC046","80","20","October","3","180","Declaration Date","20, 2024"
"SRC046","80","20","October","4","261","Payment Date","26, 2024"
"SRC046","80","20","October","5","323","Per Share","0.0200"
"SRC046","80","20","October","6","376","Class S Distributions Amount*","1,460"
"SRC046","80","20","October","7","424","Per Share","0.0200"
"SRC046","80","20","October","9","483","Amount*","20"
"SRC046","80","20","October","10","513","Per Share","0.0200"
"SRC046","80","21","November","1","89","Record Date","29, 2024"
"SRC046","80","21","November","3","180","Declaration Date","21, 2024"
"SRC046","80","21","November","4","261","Payment Date","27, 2024"
"SRC046","80","21","November","5","323","Per Share","0.1626"
"SRC046","80","21","November","6","376","Class S Distributions Amount*","12,687"
"SRC046","80","21","November","7","424","Per Share","0.1749"
"SRC046","80","21","November","9","483","Amount*","174"
"SRC046","80","21","November","10","513","Per Share","0.1800"
"SRC046","80","21","November","11","557","Class I Distributions Amount*","52,267"
"SRC046","80","22","November","1","89","Record Date","29, 2024"
"SRC046","80","22","November","3","180","Declaration Date","20, 2024"
"SRC046","80","22","November","4","261","Payment Date","27, 2024"
"SRC046","80","22","November","5","323","Per Share","0.0200"
"SRC046","80","22","November","6","376","Class S Distributions Amount*","1,560"
"SRC046","80","22","November","7","424","Per Share","0.0200"
"SRC046","80","22","November","9","483","Amount*","20"
"SRC046","80","22","November","10","513","Per Share","0.0200"
"SRC046","80","23","December","1","89","Record Date","31, 2024"
"SRC046","80","23","December","3","180","Declaration Date","20, 2024"
"SRC046","80","23","December","4","261","Payment Date","29, 2025"
"SRC046","80","23","December","5","323","Per Share","0.1621"
"SRC046","80","23","December","6","376","Class S Distributions Amount*","13,259"
"SRC046","80","23","December","7","424","Per Share","0.1747"
"SRC046","80","23","December","9","483","Amount*","180"
"SRC046","80","23","December","10","513","Per Share","0.1800"
"SRC046","80","23","December","11","557","Class I Distributions Amount*","54,662"
"SRC046","80","24","December","1","89","Record Date","31, 2024"
"SRC046","80","24","December","3","180","Declaration Date","20, 2024"
"SRC046","80","24","December","4","261","Payment Date","29, 2025"
"SRC046","80","24","December","5","323","Per Share","0.0200"
"SRC046","80","24","December","6","376","Class S Distributions Amount*","1,634"
"SRC046","80","24","December","7","424","Per Share","0.0200"
"SRC046","80","24","December","9","483","Amount*","21"
"SRC046","80","24","December","10","513","Per Share","0.0200"
"SRC046","80","25","Net investment","4","261","Class S Per Share","1.9199"
"SRC046","80","25","Net investment","5","323","Amount","194,816"
"SRC046","80","25","Net investment","6","376","Per Share","2.1115"
"SRC046","80","25","Net investment","8","440","Amount","2,607"
"SRC046","80","25","Net investment","9","483","Per Share","2.1497"
"SRC046","80","25","Net investment","11","557","Amount","867,805"
"SRC046","80","26","Distributions","4","261","Class S Per Share","0.2108"
"SRC046","80","26","Distributions","5","323","Amount","30,165"
"SRC046","80","26","Distributions","6","376","Per Share","0.1669"
"SRC046","80","26","Distributions","8","440","Amount","449"
"SRC046","80","26","Distributions","9","483","Per Share","0.1903"
"SRC046","80","26","Distributions","11","557","Amount","132,341"
"SRC046","80","27","Net investment","4","261","Class S Per Share","2.1539"
"SRC046","80","27","Net investment","5","323","Amount","129,631"
"SRC046","80","27","Net investment","6","376","Per Share","2.3029"
"SRC046","80","27","Net investment","8","440","Amount","1,586"
"SRC046","80","27","Net investment","9","483","Per Share","2.3651"
"SRC046","80","27","Net investment","11","557","Amount","527,706"
"SRC046","80","28","Net realized","4","261","Class S Per Share","0.0349"
"SRC046","80","28","Net realized","5","323","Amount","2,100"
"SRC046","80","28","Net realized","6","376","Per Share","0.0349"
"SRC046","80","28","Net realized","8","440","Amount","24"
"SRC046","80","28","Net realized","9","483","Per Share","0.0349"
"SRC046","80","28","Net realized","11","557","Amount","7,787"
"SRC046","85","1","Up","1","73","variable","200"
"SRC046","85","1","Up","2","389","December 31, 2025,","273.7"
"SRC046","85","1","Up","3","573","investment and","0.45"
"SRC046","85","2","Up","1","73","variable","150"
"SRC046","85","2","Up","2","389","December 31, 2025,","205.2"
"SRC046","85","2","Up","3","573","investment and","0.34"
"SRC046","85","3","Up","1","73","variable","100"
"SRC046","85","3","Up","2","389","December 31, 2025,","136.8"
"SRC046","85","3","Up","3","573","investment and","0.23"
"SRC046","85","4","Up","1","73","variable","50"
"SRC046","85","4","Up","2","389","December 31, 2025,","68.4"
"SRC046","85","4","Up","3","573","investment and","0.11"
"SRC046","85","5","Down","1","73","variable","50"
"SRC046","85","5","Down","2","389","December 31, 2025,","(68.3)"
"SRC046","85","5","Down","3","573","investment and","(0.11)"
"SRC046","85","6","Down","1","73","variable","100"
"SRC046","85","6","Down","2","389","December 31, 2025,","(136.5)"
"SRC046","85","6","Down","3","573","investment and","(0.23)"
"SRC046","85","7","Down","1","73","variable","150"
"SRC046","85","7","Down","2","389","December 31, 2025,","(204.5)"
"SRC046","85","7","Down","3","573","investment and","(0.34)"
"SRC046","85","8","Down","1","73","variable","200"
"SRC046","85","8","Down","2","389","December 31, 2025,","(269.9)"
"SRC046","85","8","Down","3","573","investment and","(0.45)"
"SRC046","89","1","and 2024, respectively) $ 24,515,628","2","566","December 31, 2024","14,555,535"
"SRC046","89","2","Cash and cash equivalents","1","482","December 31, 2025","498,557"
"SRC046","89","2","Cash and cash equivalents","2","566","December 31, 2024","392,894"
"SRC046","89","3","Foreign currencies (cost—$47,510 and $19,951 at December 31, 2025 and 2024, respectively)","1","482","December 31, 2025","47,510"
"SRC046","89","3","Foreign currencies (cost—$47,510 and $19,951 at December 31, 2025 and 2024, respectively)","2","566","December 31, 2024","19,946"
"SRC046","89","4","Receivable for investments sold","1","482","December 31, 2025","679,768"
"SRC046","89","4","Receivable for investments sold","2","566","December 31, 2024","99,697"
"SRC046","89","5","Interest receivable","1","482","December 31, 2025","143,715"
"SRC046","89","5","Interest receivable","2","566","December 31, 2024","106,825"
"SRC046","89","6","Unrealized appreciation on foreign currency forward contracts","2","566","December 31, 2024","34,954"
"SRC046","89","7","Other assets","1","482","December 31, 2025","12,362"
"SRC046","89","7","Other assets","2","566","December 31, 2024","25,537"
"SRC046","89","8","Total assets $ 25,897,540","2","566","December 31, 2024","15,235,388"
"SRC046","89","9","December 31, 2025 and 2024, respectively) $","1","482","December 31, 2025","9,485,967"
"SRC046","89","9","December 31, 2025 and 2024, respectively) $","2","566","December 31, 2024","4,932,183"
"SRC046","89","10","Payable for investments purchased","1","482","December 31, 2025","593,548"
"SRC046","89","10","Payable for investments purchased","2","566","December 31, 2024","455,314"
"SRC046","89","11","Payable for share repurchases (Note 7)","1","482","December 31, 2025","688,665"
"SRC046","89","11","Payable for share repurchases (Note 7)","2","566","December 31, 2024","62,447"
"SRC046","89","12","Distributions payable","1","482","December 31, 2025","111,985"
"SRC046","89","12","Distributions payable","2","566","December 31, 2024","75,842"
"SRC046","89","13","Interest payable","1","482","December 31, 2025","144,938"
"SRC046","89","13","Interest payable","2","566","December 31, 2024","104,284"
"SRC046","89","14","Management fees payable","1","482","December 31, 2025","16,434"
"SRC046","89","14","Management fees payable","2","566","December 31, 2024","10,204"
"SRC046","89","15","Performance-based incentive fees payable","1","482","December 31, 2025","44,714"
"SRC046","89","15","Performance-based incentive fees payable","2","566","December 31, 2024","28,523"
"SRC046","89","16","Accrued administrative services expense payable","1","482","December 31, 2025","1,015"
"SRC046","89","16","Accrued administrative services expense payable","2","566","December 31, 2024","115"
"SRC046","89","17","Unrealized depreciation on foreign currency forward contracts","1","482","December 31, 2025","27,819"
"SRC046","89","18","Other liabilities and accrued expenses","1","482","December 31, 2025","12,247"
"SRC046","89","18","Other liabilities and accrued expenses","2","566","December 31, 2024","19,980"
"SRC046","89","19","Total liabilities $ 11,127,332","2","566","December 31, 2024","5,688,892"
"SRC046","89","20","Total Net Assets $ 14,770,208","2","566","December 31, 2024","9,546,496"
"SRC046","89","21","respectively) $","1","482","December 31, 2025","6,052"
"SRC046","89","21","respectively) $","2","566","December 31, 2024","3,840"
"SRC046","89","22","Capital in excess of par value 14,909,068","2","566","December 31, 2024","9,449,937"
"SRC046","89","23","Accumulated distributed earnings (losses)","1","482","December 31, 2025","(144,912)"
"SRC046","89","23","Accumulated distributed earnings (losses)","2","566","December 31, 2024","92,718"
"SRC046","89","24","Total Net Assets $ 14,770,208","2","566","December 31, 2024","9,546,496"
"SRC046","89","25","Net assets $","1","482","December 31, 2025","2,893,219"
"SRC046","89","25","Net assets $","2","566","December 31, 2024","2,018,307"
"SRC046","89","26","Common shares outstanding ($0.01 par value, unlimited shares authorized) 118,552,219","2","566","December 31, 2024","81,193,852"
"SRC046","89","27","Net asset value per share $","1","482","December 31, 2025","24.40"
"SRC046","89","27","Net asset value per share $","2","566","December 31, 2024","24.86"
"SRC046","89","28","Net assets $","1","482","December 31, 2025","40,293"
"SRC046","89","28","Net assets $","2","566","December 31, 2024","25,580"
"SRC046","89","29","Common shares outstanding ($0.01 par value, unlimited shares authorized)","1","482","December 31, 2025","1,651,023"
"SRC046","89","29","Common shares outstanding ($0.01 par value, unlimited shares authorized)","2","566","December 31, 2024","1,029,046"
"SRC046","89","30","Net asset value per share $","1","482","December 31, 2025","24.40"
"SRC046","89","30","Net asset value per share $","2","566","December 31, 2024","24.86"
"SRC046","89","31","Net assets $ 11,836,696","2","566","December 31, 2024","7,502,609"
"SRC046","89","32","Common shares outstanding ($0.01 par value, unlimited shares authorized) 485,018,391","2","566","December 31, 2024","301,820,104"
"SRC046","89","33","Net asset value per share $","1","482","December 31, 2025","24.40"
"SRC046","89","33","Net asset value per share $","2","566","December 31, 2024","24.86"
"SRC046","90","1","Interest income $ 1,848,529","2","474","2024","1,154,573"
"SRC046","90","1","Interest income $ 1,848,529","3","567","2023","566,764"
"SRC046","90","2","PIK interest income","1","377","2025","42,249"
"SRC046","90","2","PIK interest income","2","474","2024","17,179"
"SRC046","90","2","PIK interest income","3","567","2023","11,383"
"SRC046","90","3","Dividend income","1","377","2025","5,374"
"SRC046","90","3","Dividend income","2","474","2024","3,525"
"SRC046","90","3","Dividend income","3","567","2023","722"
"SRC046","90","4","Other income","1","377","2025","22,412"
"SRC046","90","4","Other income","2","474","2024","31,107"
"SRC046","90","4","Other income","3","567","2023","7,963"
"SRC046","90","5","Total Investment Income $ 1,918,564","2","474","2024","1,206,384"
"SRC046","90","5","Total Investment Income $ 1,918,564","3","567","2023","586,832"
"SRC046","90","6","Management fees $","1","377","2025","165,103"
"SRC046","90","6","Management fees $","2","474","2024","88,357"
"SRC046","90","6","Management fees $","3","567","2023","36,754"
"SRC046","90","7","Performance-based incentive fees","1","377","2025","154,402"
"SRC046","90","7","Performance-based incentive fees","2","474","2024","99,330"
"SRC046","90","7","Performance-based incentive fees","3","567","2023","44,790"
"SRC046","90","8","Interest and other debt expenses","1","377","2025","472,598"
"SRC046","90","8","Interest and other debt expenses","2","474","2024","306,325"
"SRC046","90","8","Interest and other debt expenses","3","567","2023","172,670"
"SRC046","90","9","Offering costs","1","377","2025","533"
"SRC046","90","9","Offering costs","2","474","2024","721"
"SRC046","90","9","Offering costs","3","567","2023","38"
"SRC046","90","10","Trustees' fees","1","377","2025","732"
"SRC046","90","10","Trustees' fees","2","474","2024","591"
"SRC046","90","10","Trustees' fees","3","567","2023","440"
"SRC046","90","11","Shareholder servicing fees","1","377","2025","22,189"
"SRC046","90","11","Shareholder servicing fees","2","474","2024","12,724"
"SRC046","90","11","Shareholder servicing fees","3","567","2023","4,072"
"SRC046","90","12","Administrative service expenses","1","377","2025","12,293"
"SRC046","90","12","Administrative service expenses","2","474","2024","5,518"
"SRC046","90","12","Administrative service expenses","3","567","2023","2,658"
"SRC046","90","13","Other general and administrative expenses","1","377","2025","25,487"
"SRC046","90","13","Other general and administrative expenses","2","474","2024","17,858"
"SRC046","90","13","Other general and administrative expenses","3","567","2023","11,647"
"SRC046","90","14","Total Expenses","1","377","2025","853,337"
"SRC046","90","14","Total Expenses","2","474","2024","531,424"
"SRC046","90","14","Total Expenses","3","567","2023","273,069"
"SRC046","90","15","Expense support reimbursement","3","567","2023","4,433"
"SRC046","90","16","Net Expenses $","1","377","2025","853,337"
"SRC046","90","16","Net Expenses $","2","474","2024","531,424"
"SRC046","90","16","Net Expenses $","3","567","2023","277,502"
"SRC046","90","17","Net Investment Income $ 1,065,227","2","474","2024","674,960"
"SRC046","90","17","Net Investment Income $ 1,065,227","3","567","2023","309,330"
"SRC046","90","18","Non-controlled/non-affiliated investments $","1","377","2025","27,439"
"SRC046","90","18","Non-controlled/non-affiliated investments $","2","474","2024","18,569"
"SRC046","90","18","Non-controlled/non-affiliated investments $","3","567","2023","(8,141)"
"SRC046","90","19","Derivative instruments","1","377","2025","2,821"
"SRC046","90","19","Derivative instruments","2","474","2024","835"
"SRC046","90","19","Derivative instruments","3","567","2023","(1,741)"
"SRC046","90","20","Foreign currency forward contracts","1","377","2025","(195,748)"
"SRC046","90","20","Foreign currency forward contracts","2","474","2024","50,283"
"SRC046","90","20","Foreign currency forward contracts","3","567","2023","(6,275)"
"SRC046","90","21","Foreign currency translations","1","377","2025","6,042"
"SRC046","90","21","Foreign currency translations","2","474","2024","(20,470)"
"SRC046","90","21","Foreign currency translations","3","567","2023","2,374"
"SRC046","90","22","Net realized gains (losses)","1","377","2025","(159,446)"
"SRC046","90","22","Net realized gains (losses)","2","474","2024","49,217"
"SRC046","90","22","Net realized gains (losses)","3","567","2023","(13,783)"
"SRC046","90","23","Non-controlled/non-affiliated investments","1","377","2025","154,986"
"SRC046","90","23","Non-controlled/non-affiliated investments","2","474","2024","(90,339)"
"SRC046","90","23","Non-controlled/non-affiliated investments","3","567","2023","155,153"
"SRC046","90","24","Derivative instruments","1","377","2025","(3,062)"
"SRC046","90","24","Derivative instruments","2","474","2024","11,740"
"SRC046","90","25","Foreign currency forward contracts","1","377","2025","(62,773)"
"SRC046","90","25","Foreign currency forward contracts","2","474","2024","38,635"
"SRC046","90","25","Foreign currency forward contracts","3","567","2023","(3,930)"
"SRC046","90","26","Foreign currency translations","1","377","2025","(3,779)"
"SRC046","90","26","Foreign currency translations","2","474","2024","26,961"
"SRC046","90","26","Foreign currency translations","3","567","2023","(21,233)"
"SRC046","90","27","Net unrealized gains (losses)","1","377","2025","85,372"
"SRC046","90","27","Net unrealized gains (losses)","2","474","2024","(13,003)"
"SRC046","90","27","Net unrealized gains (losses)","3","567","2023","129,990"
"SRC046","90","28","Net Realized and Change in Unrealized Gains (Losses) $","1","377","2025","(74,074)"
"SRC046","90","28","Net Realized and Change in Unrealized Gains (Losses) $","2","474","2024","36,214"
"SRC046","90","28","Net Realized and Change in Unrealized Gains (Losses) $","3","567","2023","116,207"
"SRC046","90","29","Net Increase (Decrease) in Net Assets Resulting from Operations $","1","377","2025","991,153"
"SRC046","90","29","Net Increase (Decrease) in Net Assets Resulting from Operations $","2","474","2024","711,174"
"SRC046","90","29","Net Increase (Decrease) in Net Assets Resulting from Operations $","3","567","2023","425,537"
"SRC046","91","1","Net investment income $","1","369","2025","1,065,227"
"SRC046","91","1","Net investment income $","2","468","2024","674,960"
"SRC046","91","1","Net investment income $","3","563","2023","309,330"
"SRC046","91","2","Net realized gains (losses)","1","369","2025","(159,446)"
"SRC046","91","2","Net realized gains (losses)","2","468","2024","49,217"
"SRC046","91","2","Net realized gains (losses)","3","563","2023","(13,783)"
"SRC046","91","3","Net change in unrealized gains (losses)","1","369","2025","85,372"
"SRC046","91","3","Net change in unrealized gains (losses)","2","468","2024","(13,003)"
"SRC046","91","3","Net change in unrealized gains (losses)","3","563","2023","129,990"
"SRC046","91","4","Net Increase (Decrease) in Net Assets Resulting from Operations $","1","369","2025","991,153"
"SRC046","91","4","Net Increase (Decrease) in Net Assets Resulting from Operations $","2","468","2024","711,174"
"SRC046","91","4","Net Increase (Decrease) in Net Assets Resulting from Operations $","3","563","2023","425,537"
"SRC046","91","5","Class S $","1","369","2025","(224,981)"
"SRC046","91","5","Class S $","2","468","2024","(131,731)"
"SRC046","91","5","Class S $","3","563","2023","(40,188)"
"SRC046","91","6","Class D","1","369","2025","(3,056)"
"SRC046","91","6","Class D","2","468","2024","(1,610)"
"SRC046","91","6","Class D","3","563","2023","(383)"
"SRC046","91","7","Class I","1","369","2025","(1,000,146)"
"SRC046","91","7","Class I","2","468","2024","(535,493)"
"SRC046","91","7","Class I","3","563","2023","(225,680)"
"SRC046","91","8","Shareholders $","1","369","2025","(1,228,183)"
"SRC046","91","8","Shareholders $","2","468","2024","(668,834)"
"SRC046","91","8","Shareholders $","3","563","2023","(266,251)"
"SRC046","91","9","Proceeds from shares sold $","1","369","2025","976,083"
"SRC046","91","9","Proceeds from shares sold $","2","468","2024","1,134,565"
"SRC046","91","9","Proceeds from shares sold $","3","563","2023","563,130"
"SRC046","91","10","Repurchase of common shares, net of early repurchase deduction","1","369","2025","(180,158)"
"SRC046","91","10","Repurchase of common shares, net of early repurchase deduction","2","468","2024","(49,601)"
"SRC046","91","10","Repurchase of common shares, net of early repurchase deduction","3","563","2023","(6,425)"
"SRC046","91","11","Distributions reinvested","1","369","2025","126,314"
"SRC046","91","11","Distributions reinvested","2","468","2024","73,064"
"SRC046","91","11","Distributions reinvested","3","563","2023","19,630"
"SRC046","91","12","Proceeds from shares sold","1","369","2025","13,643"
"SRC046","91","12","Proceeds from shares sold","2","468","2024","17,344"
"SRC046","91","12","Proceeds from shares sold","3","563","2023","4,582"
"SRC046","91","13","Repurchase of common shares, net of early repurchase deduction","1","369","2025","(359)"
"SRC046","91","13","Repurchase of common shares, net of early repurchase deduction","2","468","2024","(100)"
"SRC046","91","14","Distributions reinvested","1","369","2025","2,010"
"SRC046","91","14","Distributions reinvested","2","468","2024","906"
"SRC046","91","14","Distributions reinvested","3","563","2023","76"
"SRC046","91","15","Proceeds from shares sold","1","369","2025","5,398,632"
"SRC046","91","15","Proceeds from shares sold","2","468","2024","4,249,221"
"SRC046","91","15","Proceeds from shares sold","3","563","2023","1,441,928"
"SRC046","91","16","Repurchase of common shares, net of early repurchase deduction","1","369","2025","(1,244,606)"
"SRC046","91","16","Repurchase of common shares, net of early repurchase deduction","2","468","2024","(247,042)"
"SRC046","91","16","Repurchase of common shares, net of early repurchase deduction","3","563","2023","(304,825)"
"SRC046","91","17","Distributions reinvested","1","369","2025","369,183"
"SRC046","91","17","Distributions reinvested","2","468","2024","202,103"
"SRC046","91","17","Distributions reinvested","3","563","2023","91,381"
"SRC046","91","18","Net Increase (Decrease) from Capital Share Transactions $","1","369","2025","5,460,742"
"SRC046","91","18","Net Increase (Decrease) from Capital Share Transactions $","2","468","2024","5,380,460"
"SRC046","91","18","Net Increase (Decrease) from Capital Share Transactions $","3","563","2023","1,809,477"
"SRC046","91","19","Total increase (decrease) in net assets during the period","1","369","2025","5,223,712"
"SRC046","91","19","Total increase (decrease) in net assets during the period","2","468","2024","5,422,800"
"SRC046","91","19","Total increase (decrease) in net assets during the period","3","563","2023","1,968,763"
"SRC046","91","20","Net Assets at beginning of period","1","369","2025","9,546,496"
"SRC046","91","20","Net Assets at beginning of period","2","468","2024","4,123,696"
"SRC046","91","20","Net Assets at beginning of period","3","563","2023","2,154,933"
"SRC046","91","21","Net Assets at End of Period $","1","369","2025","14,770,208"
"SRC046","91","21","Net Assets at End of Period $","2","468","2024","9,546,496"
"SRC046","91","21","Net Assets at End of Period $","3","563","2023","4,123,696"
"SRC046","92","1","Net increase (decrease) in net assets resulting from operations $","1","397","2025","991,153"
"SRC046","92","1","Net increase (decrease) in net assets resulting from operations $","2","481","2024","711,174"
"SRC046","92","1","Net increase (decrease) in net assets resulting from operations $","3","564","2023","425,537"
"SRC046","92","2","Net realized (gain) loss on investments","1","397","2025","(27,439)"
"SRC046","92","2","Net realized (gain) loss on investments","2","481","2024","(18,569)"
"SRC046","92","2","Net realized (gain) loss on investments","3","564","2023","8,141"
"SRC046","92","3","Net realized (gain) loss on derivatives","1","397","2025","(2,821)"
"SRC046","92","3","Net realized (gain) loss on derivatives","2","481","2024","(835)"
"SRC046","92","4","Net change in unrealized (gains) losses on investments","1","397","2025","(154,986)"
"SRC046","92","4","Net change in unrealized (gains) losses on investments","2","481","2024","90,339"
"SRC046","92","4","Net change in unrealized (gains) losses on investments","3","564","2023","(155,153)"
"SRC046","92","5","Net change in unrealized (gains) losses on derivatives","1","397","2025","3,062"
"SRC046","92","5","Net change in unrealized (gains) losses on derivatives","2","481","2024","(11,740)"
"SRC046","92","6","forward contracts","1","397","2025","62,773"
"SRC046","92","6","forward contracts","2","481","2024","(38,635)"
"SRC046","92","6","forward contracts","3","564","2023","3,930"
"SRC046","92","7","liabilities in foreign currencies","1","397","2025","3,779"
"SRC046","92","7","liabilities in foreign currencies","2","481","2024","(26,961)"
"SRC046","92","7","liabilities in foreign currencies","3","564","2023","21,233"
"SRC046","92","8","PIK interest capitalized","1","397","2025","(40,682)"
"SRC046","92","8","PIK interest capitalized","2","481","2024","(19,523)"
"SRC046","92","8","PIK interest capitalized","3","564","2023","(7,879)"
"SRC046","92","9","Net accretion of discount and amortization of premium","1","397","2025","(43,295)"
"SRC046","92","9","Net accretion of discount and amortization of premium","2","481","2024","(32,451)"
"SRC046","92","9","Net accretion of discount and amortization of premium","3","564","2023","(16,650)"
"SRC046","92","10","Amortization of deferred financing costs","1","397","2025","15,735"
"SRC046","92","10","Amortization of deferred financing costs","2","481","2024","9,581"
"SRC046","92","10","Amortization of deferred financing costs","3","564","2023","5,962"
"SRC046","92","11","Amortization of offering costs","1","397","2025","533"
"SRC046","92","11","Amortization of offering costs","2","481","2024","721"
"SRC046","92","11","Amortization of offering costs","3","564","2023","38"
"SRC046","92","12","Purchase of investments (17,690,542)","2","481","2024","(11,440,248)"
"SRC046","92","12","Purchase of investments (17,690,542)","3","564","2023","(4,146,891)"
"SRC046","92","13","Proceeds from sale of investments and principal repayments","1","397","2025","8,009,276"
"SRC046","92","13","Proceeds from sale of investments and principal repayments","2","481","2024","3,575,893"
"SRC046","92","13","Proceeds from sale of investments and principal repayments","3","564","2023","1,908,436"
"SRC046","92","14","Interest receivable","1","397","2025","(36,890)"
"SRC046","92","14","Interest receivable","2","481","2024","(51,353)"
"SRC046","92","14","Interest receivable","3","564","2023","(27,719)"
"SRC046","92","15","Receivable for investments sold","1","397","2025","(580,071)"
"SRC046","92","15","Receivable for investments sold","2","481","2024","3,164"
"SRC046","92","15","Receivable for investments sold","3","564","2023","5,007"
"SRC046","92","16","Other assets","1","397","2025","9,383"
"SRC046","92","16","Other assets","2","481","2024","(20,766)"
"SRC046","92","16","Other assets","3","564","2023","5,029"
"SRC046","92","17","Payable for investments purchased","1","397","2025","138,234"
"SRC046","92","17","Payable for investments purchased","2","481","2024","210,072"
"SRC046","92","17","Payable for investments purchased","3","564","2023","156,454"
"SRC046","92","18","Management fees payable","1","397","2025","6,230"
"SRC046","92","18","Management fees payable","2","481","2024","5,804"
"SRC046","92","18","Management fees payable","3","564","2023","2,083"
"SRC046","92","19","Performance-based incentive fees payable","1","397","2025","16,191"
"SRC046","92","19","Performance-based incentive fees payable","2","481","2024","13,850"
"SRC046","92","19","Performance-based incentive fees payable","3","564","2023","6,539"
"SRC046","92","20","Accrued administrative services expense payable","1","397","2025","900"
"SRC046","92","20","Accrued administrative services expense payable","2","481","2024","(269)"
"SRC046","92","20","Accrued administrative services expense payable","3","564","2023","(1,717)"
"SRC046","92","21","Interest payable","1","397","2025","40,654"
"SRC046","92","21","Interest payable","2","481","2024","67,663"
"SRC046","92","21","Interest payable","3","564","2023","28,010"
"SRC046","92","22","Other liabilities and accrued expenses","1","397","2025","(7,733)"
"SRC046","92","22","Other liabilities and accrued expenses","2","481","2024","22,168"
"SRC046","92","22","Other liabilities and accrued expenses","3","564","2023","(3,346)"
"SRC046","92","23","Net Cash (Used in)/Provided by Operating Activities $ (9,286,556)","2","481","2024","(6,950,921)"
"SRC046","92","23","Net Cash (Used in)/Provided by Operating Activities $ (9,286,556)","3","564","2023","(1,782,956)"
"SRC046","92","24","Issuances of debt $ 12,778,520","2","481","2024","6,976,960"
"SRC046","92","24","Issuances of debt $ 12,778,520","3","564","2023","2,761,697"
"SRC046","92","25","Payments of debt (8,196,368)","2","481","2024","(4,617,460)"
"SRC046","92","25","Payments of debt (8,196,368)","3","564","2023","(2,310,099)"
"SRC046","92","26","Financing costs paid and deferred","1","397","2025","(57,955)"
"SRC046","92","26","Financing costs paid and deferred","2","481","2024","(39,432)"
"SRC046","92","26","Financing costs paid and deferred","3","564","2023","(12,988)"
"SRC046","92","27","Proceeds from issuance of common shares","1","397","2025","6,388,358"
"SRC046","92","27","Proceeds from issuance of common shares","2","481","2024","5,401,130"
"SRC046","92","27","Proceeds from issuance of common shares","3","564","2023","2,009,640"
"SRC046","92","28","Repurchased shares, net of early repurchase deduction paid","1","397","2025","(798,905)"
"SRC046","92","28","Repurchased shares, net of early repurchase deduction paid","2","481","2024","(277,586)"
"SRC046","92","28","Repurchased shares, net of early repurchase deduction paid","3","564","2023","(308,814)"
"SRC046","92","29","Distributions paid","1","397","2025","(694,533)"
"SRC046","92","29","Distributions paid","2","481","2024","(350,147)"
"SRC046","92","29","Distributions paid","3","564","2023","(136,900)"
"SRC046","92","30","Offering costs paid and deferred","1","397","2025","(533)"
"SRC046","92","30","Offering costs paid and deferred","2","481","2024","(721)"
"SRC046","92","30","Offering costs paid and deferred","3","564","2023","(38)"
"SRC046","92","31","Net Cash (Used in)/Provided by Financing Activities $","1","397","2025","9,418,584"
"SRC046","92","31","Net Cash (Used in)/Provided by Financing Activities $","2","481","2024","7,092,744"
"SRC046","92","31","Net Cash (Used in)/Provided by Financing Activities $","3","564","2023","2,002,498"
"SRC046","92","32","during the period $","1","397","2025","132,028"
"SRC046","92","32","during the period $","2","481","2024","141,823"
"SRC046","92","32","during the period $","3","564","2023","219,542"
"SRC046","92","33","Effect of foreign exchange rate changes on cash and cash equivalents","1","397","2025","1,199"
"SRC046","92","33","Effect of foreign exchange rate changes on cash and cash equivalents","2","481","2024","(158)"
"SRC046","92","33","Effect of foreign exchange rate changes on cash and cash equivalents","3","564","2023","(25)"
"SRC046","92","34","Cash, cash equivalents and foreign currencies at beginning of period","1","397","2025","412,840"
"SRC046","92","34","Cash, cash equivalents and foreign currencies at beginning of period","2","481","2024","271,175"
"SRC046","92","34","Cash, cash equivalents and foreign currencies at beginning of period","3","564","2023","51,658"
"SRC046","92","35","Cash, Cash Equivalents and Foreign Currencies at the End of Period $","1","397","2025","546,067"
"SRC046","92","35","Cash, Cash Equivalents and Foreign Currencies at the End of Period $","2","481","2024","412,840"
"SRC046","92","35","Cash, Cash Equivalents and Foreign Currencies at the End of Period $","3","564","2023","271,175"
"SRC046","92","36","Cash interest paid $","1","397","2025","416,209"
"SRC046","92","36","Cash interest paid $","2","481","2024","229,081"
"SRC046","92","36","Cash interest paid $","3","564","2023","138,698"
"SRC046","92","37","Distributions payable $","1","397","2025","111,985"
"SRC046","92","37","Distributions payable $","2","481","2024","75,842"
"SRC046","92","37","Distributions payable $","3","564","2023","33,228"
"SRC046","92","38","Reinvestment of distributions during the period $","1","397","2025","497,507"
"SRC046","92","38","Reinvestment of distributions during the period $","2","481","2024","276,073"
"SRC046","92","38","Reinvestment of distributions during the period $","3","564","2023","111,087"
"SRC046","92","39","PIK income $","1","397","2025","42,249"
"SRC046","92","39","PIK income $","2","481","2024","17,179"
"SRC046","92","39","PIK income $","3","564","2023","11,383"
"SRC046","93","1","Accel International Holdings, LLC First Lien Secured Debt - Term Loan S+450, 0.50% Floor 4/26/2032 $","1","570","Par/Shares/Units(3)","187,003"
"SRC046","93","1","Accel International Holdings, LLC First Lien Secured Debt - Term Loan S+450, 0.50% Floor 4/26/2032 $","2","635","Cost(34)","186,155"
"SRC046","93","1","Accel International Holdings, LLC First Lien Secured Debt - Term Loan S+450, 0.50% Floor 4/26/2032 $","3","702","Fair Value(1)(35)","187,470"
"SRC046","93","2","First Lien Secured Debt - Revolver S+450, 0.50% Floor 4/26/2032","2","635","Cost(34)","(145)"
"SRC046","93","3","Kaman Corp First Lien Secured Debt - Term Loan S+250, 0.50% Floor 2/26/2032","1","570","Par/Shares/Units(3)","38,187"
"SRC046","93","3","Kaman Corp First Lien Secured Debt - Term Loan S+250, 0.50% Floor 2/26/2032","2","635","Cost(34)","38,133"
"SRC046","93","3","Kaman Corp First Lien Secured Debt - Term Loan S+250, 0.50% Floor 2/26/2032","3","702","Fair Value(1)(35)","38,388"
"SRC046","93","4","First Lien Secured Debt - Delayed Draw S+250, 0.50% Floor 2/26/2032","1","570","Par/Shares/Units(3)","346"
"SRC046","93","4","First Lien Secured Debt - Delayed Draw S+250, 0.50% Floor 2/26/2032","2","635","Cost(34)","341"
"SRC046","93","4","First Lien Secured Debt - Delayed Draw S+250, 0.50% Floor 2/26/2032","3","702","Fair Value(1)(35)","348"
"SRC046","93","5","MRO Holdings, Inc. First Lien Secured Debt - Term Loan S+450, 0.50% Floor 10/4/2032","1","570","Par/Shares/Units(3)","325,134"
"SRC046","93","5","MRO Holdings, Inc. First Lien Secured Debt - Term Loan S+450, 0.50% Floor 10/4/2032","2","635","Cost(34)","324,277"
"SRC046","93","5","MRO Holdings, Inc. First Lien Secured Debt - Term Loan S+450, 0.50% Floor 10/4/2032","3","702","Fair Value(1)(35)","322,696"
"SRC046","93","6","First Lien Secured Debt - Delayed Draw S+450, 0.50% Floor 10/4/2032","1","570","Par/Shares/Units(3)","31,463"
"SRC046","93","6","First Lien Secured Debt - Delayed Draw S+450, 0.50% Floor 10/4/2032","2","635","Cost(34)","31,064"
"SRC046","93","6","First Lien Secured Debt - Delayed Draw S+450, 0.50% Floor 10/4/2032","3","702","Fair Value(1)(35)","31,095"
"SRC046","93","7","First Lien Secured Debt - Revolver S+450, 0.50% Floor 5/5/2032","2","635","Cost(34)","(776)"
"SRC046","93","7","First Lien Secured Debt - Revolver S+450, 0.50% Floor 5/5/2032","3","702","Fair Value(1)(35)","(213)"
"SRC046","93","8","Transdigm Inc. First Lien Secured Debt - Term Loan S+250, 0.00% Floor 1/19/2032","1","570","Par/Shares/Units(3)","2,798"
"SRC046","93","8","Transdigm Inc. First Lien Secured Debt - Term Loan S+250, 0.00% Floor 1/19/2032","2","635","Cost(34)","2,792"
"SRC046","93","8","Transdigm Inc. First Lien Secured Debt - Term Loan S+250, 0.00% Floor 1/19/2032","3","702","Fair Value(1)(35)","2,812"
"SRC046","93","9","TITAN BW BORROWER L.P. First Lien Secured Debt - Term Loan PIK, 0.50% Floor 7/24/2032","1","570","Par/Shares/Units(3)","200,215"
"SRC046","93","9","TITAN BW BORROWER L.P. First Lien Secured Debt - Term Loan PIK, 0.50% Floor 7/24/2032","2","635","Cost(34)","198,331"
"SRC046","93","9","TITAN BW BORROWER L.P. First Lien Secured Debt - Term Loan PIK, 0.50% Floor 7/24/2032","3","702","Fair Value(1)(35)","198,213"
"SRC046","93","10","First Lien Secured Debt - Delayed Draw S+475, 0.50% Floor 7/24/2032","2","635","Cost(34)","(79)"
"SRC046","93","10","First Lien Secured Debt - Delayed Draw S+475, 0.50% Floor 7/24/2032","3","702","Fair Value(1)(35)","(168)"
"SRC046","93","11","First Lien Secured Debt - Revolver S+475, 0.50% Floor 7/24/2032","2","635","Cost(34)","(315)"
"SRC046","93","11","First Lien Secured Debt - Revolver S+475, 0.50% Floor 7/24/2032","3","702","Fair Value(1)(35)","(336)"
"SRC046","93","12","Total Aerospace &","2","635","Cost(34)","779,778"
"SRC046","93","12","Total Aerospace &","3","702","Fair Value(1)(35)","780,305"
"SRC046","93","13","PrimeFlight Acquisition, LLC First Lien Secured Debt - Term Loan S+525, 0.00% Floor 5/1/2029 $","1","570","Par/Shares/Units(3)","9,950"
"SRC046","93","13","PrimeFlight Acquisition, LLC First Lien Secured Debt - Term Loan S+525, 0.00% Floor 5/1/2029 $","2","635","Cost(34)","9,851"
"SRC046","93","13","PrimeFlight Acquisition, LLC First Lien Secured Debt - Term Loan S+525, 0.00% Floor 5/1/2029 $","3","702","Fair Value(1)(35)","9,950"
"SRC046","93","14","First Lien Secured Debt - Term Loan S+475, 1.00% Floor 5/1/2029","1","570","Par/Shares/Units(3)","4,988"
"SRC046","93","14","First Lien Secured Debt - Term Loan S+475, 1.00% Floor 5/1/2029","2","635","Cost(34)","4,938"
"SRC046","93","14","First Lien Secured Debt - Term Loan S+475, 1.00% Floor 5/1/2029","3","702","Fair Value(1)(35)","4,938"
"SRC046","93","15","Total Air Freight &","2","635","Cost(34)","14,789"
"SRC046","93","15","Total Air Freight &","3","702","Fair Value(1)(35)","14,888"
"SRC046","94","1","Truck-Lite Co., LLC First Lien Secured Debt - Term Loan S+475, 0.75% Floor 2/13/2032 $","1","574","Par/Shares/Units(3)","194,499"
"SRC046","94","1","Truck-Lite Co., LLC First Lien Secured Debt - Term Loan S+475, 0.75% Floor 2/13/2032 $","2","629","Cost(34)","193,755"
"SRC046","94","1","Truck-Lite Co., LLC First Lien Secured Debt - Term Loan S+475, 0.75% Floor 2/13/2032 $","3","694","Fair Value(1)(35)","192,651"
"SRC046","94","2","First Lien Secured Debt - Delayed Draw S+475, 0.75% Floor 2/13/2032","1","574","Par/Shares/Units(3)","24,565"
"SRC046","94","2","First Lien Secured Debt - Delayed Draw S+475, 0.75% Floor 2/13/2032","2","629","Cost(34)","23,873"
"SRC046","94","2","First Lien Secured Debt - Delayed Draw S+475, 0.75% Floor 2/13/2032","3","694","Fair Value(1)(35)","23,755"
"SRC046","94","3","First Lien Secured Debt - Revolver S+475, 0.75% Floor 2/13/2031","2","629","Cost(34)","(35)"
"SRC046","94","3","First Lien Secured Debt - Revolver S+475, 0.75% Floor 2/13/2031","3","694","Fair Value(1)(35)","(181)"
"SRC046","94","4","Mavis Tire Express Services TopCo, L.P. First Lien Secured Debt - Term Loan S+300, 0.75% Floor 5/4/2028","1","574","Par/Shares/Units(3)","48,765"
"SRC046","94","4","Mavis Tire Express Services TopCo, L.P. First Lien Secured Debt - Term Loan S+300, 0.75% Floor 5/4/2028","2","629","Cost(34)","48,660"
"SRC046","94","4","Mavis Tire Express Services TopCo, L.P. First Lien Secured Debt - Term Loan S+300, 0.75% Floor 5/4/2028","3","694","Fair Value(1)(35)","48,998"
"SRC046","94","4","Mavis Tire Express Services TopCo, L.P. First Lien Secured Debt - Term Loan S+300, 0.75% Floor 5/4/2028","4","724","","(15)"
"SRC046","94","5","Total Automobile Components","2","629","Cost(34)","266,253"
"SRC046","94","5","Total Automobile Components","3","694","Fair Value(1)(35)","265,223"
"SRC046","94","6","CPI Holdco B, LLC First Lien Secured Debt - Term Loan S+200, 0.00% Floor 5/17/2031 $","1","574","Par/Shares/Units(3)","61,089"
"SRC046","94","6","CPI Holdco B, LLC First Lien Secured Debt - Term Loan S+200, 0.00% Floor 5/17/2031 $","2","629","Cost(34)","60,908"
"SRC046","94","6","CPI Holdco B, LLC First Lien Secured Debt - Term Loan S+200, 0.00% Floor 5/17/2031 $","3","694","Fair Value(1)(35)","61,288"
"SRC046","94","6","CPI Holdco B, LLC First Lien Secured Debt - Term Loan S+200, 0.00% Floor 5/17/2031 $","4","724","","(15)"
"SRC046","94","7","Quikrete Holdings, Inc. First Lien Secured Debt - Term Loan S+225, 0.00% Floor 2/10/2032","1","574","Par/Shares/Units(3)","98,167"
"SRC046","94","7","Quikrete Holdings, Inc. First Lien Secured Debt - Term Loan S+225, 0.00% Floor 2/10/2032","2","629","Cost(34)","97,985"
"SRC046","94","7","Quikrete Holdings, Inc. First Lien Secured Debt - Term Loan S+225, 0.00% Floor 2/10/2032","3","694","Fair Value(1)(35)","98,580"
"SRC046","94","7","Quikrete Holdings, Inc. First Lien Secured Debt - Term Loan S+225, 0.00% Floor 2/10/2032","4","724","","(15)"
"SRC046","94","8","First Lien Secured Debt - Term Loan S+225, 0.00% Floor 4/14/2031","1","574","Par/Shares/Units(3)","4,975"
"SRC046","94","8","First Lien Secured Debt - Term Loan S+225, 0.00% Floor 4/14/2031","2","629","Cost(34)","4,975"
"SRC046","94","8","First Lien Secured Debt - Term Loan S+225, 0.00% Floor 4/14/2031","3","694","Fair Value(1)(35)","4,995"
"SRC046","94","8","First Lien Secured Debt - Term Loan S+225, 0.00% Floor 4/14/2031","4","724","","(15)"
"SRC046","94","9","Pluto Holdco Limited First Lien Secured Debt - Term Loan 5.96% PIK 6/5/2026 €","1","574","Par/Shares/Units(3)","13,809"
"SRC046","94","9","Pluto Holdco Limited First Lien Secured Debt - Term Loan 5.96% PIK 6/5/2026 €","2","629","Cost(34)","14,978"
"SRC046","94","9","Pluto Holdco Limited First Lien Secured Debt - Term Loan 5.96% PIK 6/5/2026 €","3","694","Fair Value(1)(35)","16,188"
"SRC046","94","10","Sumitomo Mitsui Trust Bank Ltd Unsecured Debt - Corporate Bond S+220, 0.00% Floor 4/14/2026","1","574","Par/Shares/Units(3)","35,200"
"SRC046","94","10","Sumitomo Mitsui Trust Bank Ltd Unsecured Debt - Corporate Bond S+220, 0.00% Floor 4/14/2026","2","629","Cost(34)","35,116"
"SRC046","94","10","Sumitomo Mitsui Trust Bank Ltd Unsecured Debt - Corporate Bond S+220, 0.00% Floor 4/14/2026","3","694","Fair Value(1)(35)","35,077"
"SRC046","94","11","January Capital Holdco, LLC First Lien Secured Debt - Term Loan 6.73% PIK 9/13/2029","1","574","Par/Shares/Units(3)","54,924"
"SRC046","94","11","January Capital Holdco, LLC First Lien Secured Debt - Term Loan 6.73% PIK 9/13/2029","2","629","Cost(34)","54,046"
"SRC046","94","11","January Capital Holdco, LLC First Lien Secured Debt - Term Loan 6.73% PIK 9/13/2029","3","694","Fair Value(1)(35)","54,924"
"SRC046","94","12","Total","2","629","Cost(34)","268,008"
"SRC046","94","12","Total","3","694","Fair Value(1)(35)","271,052"
"SRC046","94","13","Sazerac Co Inc First Lien Secured Debt - Term Loan S+250, 0.00% Floor 7/9/2032 $","1","574","Par/Shares/Units(3)","39,900"
"SRC046","94","13","Sazerac Co Inc First Lien Secured Debt - Term Loan S+250, 0.00% Floor 7/9/2032 $","2","629","Cost(34)","39,702"
"SRC046","94","13","Sazerac Co Inc First Lien Secured Debt - Term Loan S+250, 0.00% Floor 7/9/2032 $","3","694","Fair Value(1)(35)","40,027"
"SRC046","94","13","Sazerac Co Inc First Lien Secured Debt - Term Loan S+250, 0.00% Floor 7/9/2032 $","4","724","","(15)"
"SRC046","94","14","Total Beverages","2","629","Cost(34)","39,702"
"SRC046","94","14","Total Beverages","3","694","Fair Value(1)(35)","40,027"
"SRC046","95","1","CP Atlas Buyer, Inc. First Lien Secured Debt - Term Loan S+525, 0.00% Floor 7/8/2030 $","1","574","Par/Shares/Units(3)","60,653"
"SRC046","95","1","CP Atlas Buyer, Inc. First Lien Secured Debt - Term Loan S+525, 0.00% Floor 7/8/2030 $","2","629","Cost(34)","58,627"
"SRC046","95","1","CP Atlas Buyer, Inc. First Lien Secured Debt - Term Loan S+525, 0.00% Floor 7/8/2030 $","3","695","Fair Value(1)(35)","58,834"
"SRC046","95","1","CP Atlas Buyer, Inc. First Lien Secured Debt - Term Loan S+525, 0.00% Floor 7/8/2030 $","4","725","","(15)"
"SRC046","95","2","Chariot Buyer LLC First Lien Secured Debt - Term Loan S+275, 0.00% Floor 9/8/2032","1","574","Par/Shares/Units(3)","53,792"
"SRC046","95","2","Chariot Buyer LLC First Lien Secured Debt - Term Loan S+275, 0.00% Floor 9/8/2032","2","629","Cost(34)","53,561"
"SRC046","95","2","Chariot Buyer LLC First Lien Secured Debt - Term Loan S+275, 0.00% Floor 9/8/2032","3","695","Fair Value(1)(35)","53,966"
"SRC046","95","3","Emerson Climate Technologies, Inc. First Lien Secured Debt - Term Loan S+225, 0.00% Floor 5/31/2030","1","574","Par/Shares/Units(3)","3,141"
"SRC046","95","3","Emerson Climate Technologies, Inc. First Lien Secured Debt - Term Loan S+225, 0.00% Floor 5/31/2030","2","629","Cost(34)","3,135"
"SRC046","95","3","Emerson Climate Technologies, Inc. First Lien Secured Debt - Term Loan S+225, 0.00% Floor 5/31/2030","3","695","Fair Value(1)(35)","3,152"
"SRC046","95","3","Emerson Climate Technologies, Inc. First Lien Secured Debt - Term Loan S+225, 0.00% Floor 5/31/2030","4","725","","(16)"
"SRC046","95","4","EMRLD Borrower LP First Lien Secured Debt - Term Loan S+225, 0.00% Floor 8/4/2031","1","574","Par/Shares/Units(3)","16,282"
"SRC046","95","4","EMRLD Borrower LP First Lien Secured Debt - Term Loan S+225, 0.00% Floor 8/4/2031","2","629","Cost(34)","16,232"
"SRC046","95","4","EMRLD Borrower LP First Lien Secured Debt - Term Loan S+225, 0.00% Floor 8/4/2031","3","695","Fair Value(1)(35)","16,334"
"SRC046","95","4","EMRLD Borrower LP First Lien Secured Debt - Term Loan S+225, 0.00% Floor 8/4/2031","4","725","","(17)"
"SRC046","95","5","Kodiak BP, LLC First Lien Secured Debt - Term Loan S+375, 0.00% Floor 12/4/2031","1","574","Par/Shares/Units(3)","35,752"
"SRC046","95","5","Kodiak BP, LLC First Lien Secured Debt - Term Loan S+375, 0.00% Floor 12/4/2031","2","629","Cost(34)","35,127"
"SRC046","95","5","Kodiak BP, LLC First Lien Secured Debt - Term Loan S+375, 0.00% Floor 12/4/2031","3","695","Fair Value(1)(35)","34,970"
"SRC046","95","5","Kodiak BP, LLC First Lien Secured Debt - Term Loan S+375, 0.00% Floor 12/4/2031","4","725","","(15)"
"SRC046","95","6","LHS Borrower LLC First Lien Secured Debt - Term Loan S+525, 0.75% Floor 9/4/2031","1","574","Par/Shares/Units(3)","249,941"
"SRC046","95","6","LHS Borrower LLC First Lien Secured Debt - Term Loan S+525, 0.75% Floor 9/4/2031","2","629","Cost(34)","246,350"
"SRC046","95","6","LHS Borrower LLC First Lien Secured Debt - Term Loan S+525, 0.75% Floor 9/4/2031","3","695","Fair Value(1)(35)","246,192"
"SRC046","95","7","First Lien Secured Debt - Revolver P+425, 0.75% Floor 9/4/2031","1","574","Par/Shares/Units(3)","2,414"
"SRC046","95","7","First Lien Secured Debt - Revolver P+425, 0.75% Floor 9/4/2031","2","629","Cost(34)","2,129"
"SRC046","95","7","First Lien Secured Debt - Revolver P+425, 0.75% Floor 9/4/2031","3","695","Fair Value(1)(35)","2,112"
"SRC046","95","8","Omnimax International, LLC First Lien Secured Debt - Term Loan S+575, 1.00% Floor 12/6/2030","1","574","Par/Shares/Units(3)","38,106"
"SRC046","95","8","Omnimax International, LLC First Lien Secured Debt - Term Loan S+575, 1.00% Floor 12/6/2030","2","629","Cost(34)","37,428"
"SRC046","95","8","Omnimax International, LLC First Lien Secured Debt - Term Loan S+575, 1.00% Floor 12/6/2030","3","695","Fair Value(1)(35)","37,386"
"SRC046","95","9","First Lien Secured Debt - Delayed Draw S+575, 1.00% Floor 12/6/2030","1","574","Par/Shares/Units(3)","9,368"
"SRC046","95","9","First Lien Secured Debt - Delayed Draw S+575, 1.00% Floor 12/6/2030","2","629","Cost(34)","9,207"
"SRC046","95","9","First Lien Secured Debt - Delayed Draw S+575, 1.00% Floor 12/6/2030","3","695","Fair Value(1)(35)","9,191"
"SRC046","95","10","Park River Holdings, Inc. First Lien Secured Debt - Term Loan S+450, 0.75% Floor 3/15/2031","1","574","Par/Shares/Units(3)","37,726"
"SRC046","95","10","Park River Holdings, Inc. First Lien Secured Debt - Term Loan S+450, 0.75% Floor 3/15/2031","2","629","Cost(34)","37,358"
"SRC046","95","10","Park River Holdings, Inc. First Lien Secured Debt - Term Loan S+450, 0.75% Floor 3/15/2031","3","695","Fair Value(1)(35)","37,995"
"SRC046","95","10","Park River Holdings, Inc. First Lien Secured Debt - Term Loan S+450, 0.75% Floor 3/15/2031","4","725","","(16)"
"SRC046","95","11","R.F. Fager Company, LLC First Lien Secured Debt - Term Loan S+500, 1.00% Floor 3/4/2030","1","574","Par/Shares/Units(3)","2,379"
"SRC046","95","11","R.F. Fager Company, LLC First Lien Secured Debt - Term Loan S+500, 1.00% Floor 3/4/2030","2","629","Cost(34)","2,339"
"SRC046","95","11","R.F. Fager Company, LLC First Lien Secured Debt - Term Loan S+500, 1.00% Floor 3/4/2030","3","695","Fair Value(1)(35)","2,343"
"SRC046","95","12","First Lien Secured Debt - Delayed Draw S+500, 1.00% Floor 3/4/2030","1","574","Par/Shares/Units(3)","353"
"SRC046","95","12","First Lien Secured Debt - Delayed Draw S+500, 1.00% Floor 3/4/2030","2","629","Cost(34)","342"
"SRC046","95","12","First Lien Secured Debt - Delayed Draw S+500, 1.00% Floor 3/4/2030","3","695","Fair Value(1)(35)","338"
"SRC046","95","13","First Lien Secured Debt - Revolver S+500, 1.00% Floor 3/4/2030","1","574","Par/Shares/Units(3)","169"
"SRC046","95","13","First Lien Secured Debt - Revolver S+500, 1.00% Floor 3/4/2030","2","629","Cost(34)","160"
"SRC046","95","13","First Lien Secured Debt - Revolver S+500, 1.00% Floor 3/4/2030","3","695","Fair Value(1)(35)","161"
"SRC046","95","13","First Lien Secured Debt - Revolver S+500, 1.00% Floor 3/4/2030","4","725","","2)"
"SRC046","95","14","LBM Acquisition, LLC First Lien Secured Debt - Term Loan S+500, 0.75% Floor 6/6/2031","1","574","Par/Shares/Units(3)","13,965"
"SRC046","95","14","LBM Acquisition, LLC First Lien Secured Debt - Term Loan S+500, 0.75% Floor 6/6/2031","2","629","Cost(34)","13,439"
"SRC046","95","14","LBM Acquisition, LLC First Lien Secured Debt - Term Loan S+500, 0.75% Floor 6/6/2031","3","695","Fair Value(1)(35)","13,982"
"SRC046","95","14","LBM Acquisition, LLC First Lien Secured Debt - Term Loan S+500, 0.75% Floor 6/6/2031","4","725","","(15)"
"SRC046","95","15","Total Building","2","629","Cost(34)","515,434"
"SRC046","95","15","Total Building","3","695","Fair Value(1)(35)","516,956"
"SRC046","95","16","Dragon Buyer Inc First Lien Secured Debt - Term Loan S+275, 0.00% Floor 9/30/2031 $","1","574","Par/Shares/Units(3)","6,305"
"SRC046","95","16","Dragon Buyer Inc First Lien Secured Debt - Term Loan S+275, 0.00% Floor 9/30/2031 $","2","629","Cost(34)","6,278"
"SRC046","95","16","Dragon Buyer Inc First Lien Secured Debt - Term Loan S+275, 0.00% Floor 9/30/2031 $","3","695","Fair Value(1)(35)","6,317"
"SRC046","95","16","Dragon Buyer Inc First Lien Secured Debt - Term Loan S+275, 0.00% Floor 9/30/2031 $","4","725","","(16)"
"SRC046","96","1","The Edelman Financial Center, LLC First Lien Secured Debt - Term Loan S+300, 0.00% Floor 4/7/2028","1","574","Par/Shares/Units(3)","60,325"
"SRC046","96","1","The Edelman Financial Center, LLC First Lien Secured Debt - Term Loan S+300, 0.00% Floor 4/7/2028","2","630","Cost(34)","60,245"
"SRC046","96","1","The Edelman Financial Center, LLC First Lien Secured Debt - Term Loan S+300, 0.00% Floor 4/7/2028","3","695","Fair Value(1)(35)","60,713"
"SRC046","96","1","The Edelman Financial Center, LLC First Lien Secured Debt - Term Loan S+300, 0.00% Floor 4/7/2028","4","725","","(15)"
"SRC046","96","2","Focus Financial Partners, LLC First Lien Secured Debt - Term Loan S+250, 0.00% Floor 9/15/2031","1","574","Par/Shares/Units(3)","70,896"
"SRC046","96","2","Focus Financial Partners, LLC First Lien Secured Debt - Term Loan S+250, 0.00% Floor 9/15/2031","2","630","Cost(34)","70,534"
"SRC046","96","2","Focus Financial Partners, LLC First Lien Secured Debt - Term Loan S+250, 0.00% Floor 9/15/2031","3","695","Fair Value(1)(35)","71,095"
"SRC046","96","2","Focus Financial Partners, LLC First Lien Secured Debt - Term Loan S+250, 0.00% Floor 9/15/2031","4","725","","(15)"
"SRC046","96","3","Hudson River Trading LLC First Lien Secured Debt - Term Loan S+275, 0.00% Floor 3/18/2030","1","574","Par/Shares/Units(3)","6,965"
"SRC046","96","3","Hudson River Trading LLC First Lien Secured Debt - Term Loan S+275, 0.00% Floor 3/18/2030","2","630","Cost(34)","6,949"
"SRC046","96","3","Hudson River Trading LLC First Lien Secured Debt - Term Loan S+275, 0.00% Floor 3/18/2030","3","695","Fair Value(1)(35)","7,003"
"SRC046","96","3","Hudson River Trading LLC First Lien Secured Debt - Term Loan S+275, 0.00% Floor 3/18/2030","4","725","","(15)"
"SRC046","96","4","Jane Street Group, LLC First Lien Secured Debt - Term Loan S+200, 0.00% Floor 12/15/2031","1","574","Par/Shares/Units(3)","51,329"
"SRC046","96","4","Jane Street Group, LLC First Lien Secured Debt - Term Loan S+200, 0.00% Floor 12/15/2031","2","630","Cost(34)","50,950"
"SRC046","96","4","Jane Street Group, LLC First Lien Secured Debt - Term Loan S+200, 0.00% Floor 12/15/2031","3","695","Fair Value(1)(35)","51,152"
"SRC046","96","4","Jane Street Group, LLC First Lien Secured Debt - Term Loan S+200, 0.00% Floor 12/15/2031","4","725","","(16)"
"SRC046","96","5","Rialto Management Group, LLC First Lien Secured Debt - Term Loan S+500, 0.75% Floor 12/5/2030","1","574","Par/Shares/Units(3)","76,759"
"SRC046","96","5","Rialto Management Group, LLC First Lien Secured Debt - Term Loan S+500, 0.75% Floor 12/5/2030","2","630","Cost(34)","76,143"
"SRC046","96","5","Rialto Management Group, LLC First Lien Secured Debt - Term Loan S+500, 0.75% Floor 12/5/2030","3","695","Fair Value(1)(35)","76,375"
"SRC046","96","6","First Lien Secured Debt - Revolver S+500, 0.75% Floor 12/5/2030","2","630","Cost(34)","(26)"
"SRC046","96","6","First Lien Secured Debt - Revolver S+500, 0.75% Floor 12/5/2030","3","695","Fair Value(1)(35)","(18)"
"SRC046","96","7","Holdco Inc First Lien Secured Debt - Term Loan S+625, 2.00% Floor 12/29/2032","1","574","Par/Shares/Units(3)","121,270"
"SRC046","96","7","Holdco Inc First Lien Secured Debt - Term Loan S+625, 2.00% Floor 12/29/2032","2","630","Cost(34)","119,453"
"SRC046","96","7","Holdco Inc First Lien Secured Debt - Term Loan S+625, 2.00% Floor 12/29/2032","3","695","Fair Value(1)(35)","119,451"
"SRC046","96","8","First Lien Secured Debt - Revolver S+500, 2.00% Floor 12/29/2032","2","630","Cost(34)","(148)"
"SRC046","96","8","First Lien Secured Debt - Revolver S+500, 2.00% Floor 12/29/2032","3","695","Fair Value(1)(35)","(148)"
"SRC046","96","9","Kane Bidco Limited First Lien Secured Debt - Corporate Bond SONIA+500, 0.00% Floor 3/21/2030 £","1","574","Par/Shares/Units(3)","61,000"
"SRC046","96","9","Kane Bidco Limited First Lien Secured Debt - Corporate Bond SONIA+500, 0.00% Floor 3/21/2030 £","2","630","Cost(34)","77,784"
"SRC046","96","9","Kane Bidco Limited First Lien Secured Debt - Corporate Bond SONIA+500, 0.00% Floor 3/21/2030 £","3","695","Fair Value(1)(35)","83,047"
"SRC046","96","10","Total Capital","2","630","Cost(34)","468,162"
"SRC046","96","10","Total Capital","3","695","Fair Value(1)(35)","474,987"
"SRC046","96","11","Heubach Holdings USA LLC First Lien Secured Debt - Term Loan 13.75% 1/3/2029 $","1","574","Par/Shares/Units(3)","485"
"SRC046","96","11","Heubach Holdings USA LLC First Lien Secured Debt - Term Loan 13.75% 1/3/2029 $","2","630","Cost(34)","466"
"SRC046","96","11","Heubach Holdings USA LLC First Lien Secured Debt - Term Loan 13.75% 1/3/2029 $","3","695","Fair Value(1)(35)","243"
"SRC046","96","12","SK Neptune Husky Group Sarl First Lien Secured Debt - Term Loan 10.75% 1/3/2029","1","574","Par/Shares/Units(3)","9,588"
"SRC046","96","12","SK Neptune Husky Group Sarl First Lien Secured Debt - Term Loan 10.75% 1/3/2029","2","630","Cost(34)","9,456"
"SRC046","97","1","RMC Topco LLC Common Equity - Equity Unit N/A N/A 100","2","628","Cost(34)","100"
"SRC046","97","1","RMC Topco LLC Common Equity - Equity Unit N/A N/A 100","3","693","Fair Value(1)(35)","126"
"SRC046","97","2","Rochester Midland Corporation First Lien Secured Debt - Term Loan S+550, 1.00% Floor 8/1/2029","1","570","Par/Shares/Units(3)","12,456"
"SRC046","97","2","Rochester Midland Corporation First Lien Secured Debt - Term Loan S+550, 1.00% Floor 8/1/2029","2","628","Cost(34)","12,278"
"SRC046","97","2","Rochester Midland Corporation First Lien Secured Debt - Term Loan S+550, 1.00% Floor 8/1/2029","3","693","Fair Value(1)(35)","12,331"
"SRC046","97","3","First Lien Secured Debt - Delayed Draw S+550, 1.00% Floor 8/1/2029","1","570","Par/Shares/Units(3)","9,551"
"SRC046","97","3","First Lien Secured Debt - Delayed Draw S+550, 1.00% Floor 8/1/2029","2","628","Cost(34)","9,348"
"SRC046","97","3","First Lien Secured Debt - Delayed Draw S+550, 1.00% Floor 8/1/2029","3","693","Fair Value(1)(35)","9,327"
"SRC046","97","4","First Lien Secured Debt - Revolver S+550, 1.00% Floor 8/1/2029","1","570","Par/Shares/Units(3)","159"
"SRC046","97","4","First Lien Secured Debt - Revolver S+550, 1.00% Floor 8/1/2029","2","628","Cost(34)","111"
"SRC046","97","4","First Lien Secured Debt - Revolver S+550, 1.00% Floor 8/1/2029","3","693","Fair Value(1)(35)","124"
"SRC046","97","5","Olympus Water US Holding Corporation First Lien Secured Debt - Term Loan S+325, 0.00% Floor 11/3/2032","1","570","Par/Shares/Units(3)","20,348"
"SRC046","97","5","Olympus Water US Holding Corporation First Lien Secured Debt - Term Loan S+325, 0.00% Floor 11/3/2032","2","628","Cost(34)","20,300"
"SRC046","97","5","Olympus Water US Holding Corporation First Lien Secured Debt - Term Loan S+325, 0.00% Floor 11/3/2032","3","693","Fair Value(1)(35)","20,254"
"SRC046","97","5","Olympus Water US Holding Corporation First Lien Secured Debt - Term Loan S+325, 0.00% Floor 11/3/2032","4","723","","(16)"
"SRC046","97","6","Solenis Holding Limited First Lien Secured Debt - Term Loan S+300, 0.50% Floor 6/20/2031","1","570","Par/Shares/Units(3)","30,963"
"SRC046","97","6","Solenis Holding Limited First Lien Secured Debt - Term Loan S+300, 0.50% Floor 6/20/2031","2","628","Cost(34)","30,572"
"SRC046","97","6","Solenis Holding Limited First Lien Secured Debt - Term Loan S+300, 0.50% Floor 6/20/2031","3","693","Fair Value(1)(35)","30,741"
"SRC046","97","6","Solenis Holding Limited First Lien Secured Debt - Term Loan S+300, 0.50% Floor 6/20/2031","4","723","","(16)"
"SRC046","97","7","Tronox Finance LLC First Lien Secured Debt - Term Loan S+225, 0.00% Floor 4/4/2029","1","570","Par/Shares/Units(3)","7,039"
"SRC046","97","7","Tronox Finance LLC First Lien Secured Debt - Term Loan S+225, 0.00% Floor 4/4/2029","2","628","Cost(34)","6,426"
"SRC046","97","7","Tronox Finance LLC First Lien Secured Debt - Term Loan S+225, 0.00% Floor 4/4/2029","3","693","Fair Value(1)(35)","5,789"
"SRC046","97","8","Inc. First Lien Secured Debt - Term Loan PIK, 1.00% Floor 8/29/2029","1","570","Par/Shares/Units(3)","56,029"
"SRC046","97","8","Inc. First Lien Secured Debt - Term Loan PIK, 1.00% Floor 8/29/2029","2","628","Cost(34)","54,735"
"SRC046","97","8","Inc. First Lien Secured Debt - Term Loan PIK, 1.00% Floor 8/29/2029","3","693","Fair Value(1)(35)","53,788"
"SRC046","97","9","First Lien Secured Debt - Revolver S+625, 1.00% Floor 2/28/2029","2","628","Cost(34)","(109)"
"SRC046","97","9","First Lien Secured Debt - Revolver S+625, 1.00% Floor 2/28/2029","3","693","Fair Value(1)(35)","(193)"
"SRC046","97","10","Vita Global FinCo Limited First Lien Secured Debt - Term Loan 11.96% 6/8/2029 £","1","570","Par/Shares/Units(3)","18,598"
"SRC046","97","10","Vita Global FinCo Limited First Lien Secured Debt - Term Loan 11.96% 6/8/2029 £","2","628","Cost(34)","25,145"
"SRC046","97","10","Vita Global FinCo Limited First Lien Secured Debt - Term Loan 11.96% 6/8/2029 £","3","693","Fair Value(1)(35)","16,796"
"SRC046","97","11","Total Chemicals","2","628","Cost(34)","168,828"
"SRC046","97","11","Total Chemicals","3","693","Fair Value(1)(35)","149,326"
"SRC046","97","12","Allied Universal Holdco LLC First Lien Secured Debt - Term Loan S+325, 0.00% Floor 8/20/2032 $","1","570","Par/Shares/Units(3)","57,855"
"SRC046","97","12","Allied Universal Holdco LLC First Lien Secured Debt - Term Loan S+325, 0.00% Floor 8/20/2032 $","2","628","Cost(34)","57,783"
"SRC046","97","12","Allied Universal Holdco LLC First Lien Secured Debt - Term Loan S+325, 0.00% Floor 8/20/2032 $","3","693","Fair Value(1)(35)","58,226"
"SRC046","97","12","Allied Universal Holdco LLC First Lien Secured Debt - Term Loan S+325, 0.00% Floor 8/20/2032 $","4","723","","(15)"
"SRC046","97","13","Bingo Group Buyer, Inc. First Lien Secured Debt - Term Loan S+475, 1.00% Floor 7/10/2031","1","570","Par/Shares/Units(3)","23,424"
"SRC046","97","13","Bingo Group Buyer, Inc. First Lien Secured Debt - Term Loan S+475, 1.00% Floor 7/10/2031","2","628","Cost(34)","23,184"
"SRC046","97","13","Bingo Group Buyer, Inc. First Lien Secured Debt - Term Loan S+475, 1.00% Floor 7/10/2031","3","693","Fair Value(1)(35)","23,307"
"SRC046","97","14","First Lien Secured Debt - Delayed Draw S+475, 1.00% Floor 7/10/2031","1","570","Par/Shares/Units(3)","5,355"
"SRC046","97","14","First Lien Secured Debt - Delayed Draw S+475, 1.00% Floor 7/10/2031","2","628","Cost(34)","5,262"
"SRC046","97","14","First Lien Secured Debt - Delayed Draw S+475, 1.00% Floor 7/10/2031","3","693","Fair Value(1)(35)","5,287"
"SRC046","97","15","First Lien Secured Debt - Revolver S+475, 1.00% Floor 7/10/2031","1","570","Par/Shares/Units(3)","63"
"SRC046","97","15","First Lien Secured Debt - Revolver S+475, 1.00% Floor 7/10/2031","2","628","Cost(34)","42"
"SRC046","97","15","First Lien Secured Debt - Revolver S+475, 1.00% Floor 7/10/2031","3","693","Fair Value(1)(35)","52"
"SRC046","97","16","Inc. First Lien Secured Debt - Term Loan S+375, 0.00% Floor 7/9/2032","1","570","Par/Shares/Units(3)","26,319"
"SRC046","97","16","Inc. First Lien Secured Debt - Term Loan S+375, 0.00% Floor 7/9/2032","2","628","Cost(34)","26,209"
"SRC046","97","16","Inc. First Lien Secured Debt - Term Loan S+375, 0.00% Floor 7/9/2032","3","693","Fair Value(1)(35)","26,418"
"SRC046","97","16","Inc. First Lien Secured Debt - Term Loan S+375, 0.00% Floor 7/9/2032","4","723","","(16)"
"SRC046","98","1","Coretrust Purchasing Group LLC First Lien Secured Debt - Term Loan S+500,","1","402","Interest Rate(13)","0.75%"
"SRC046","98","1","Coretrust Purchasing Group LLC First Lien Secured Debt - Term Loan S+500,","3","570","Par/Shares/Units(3)","43,109"
"SRC046","98","1","Coretrust Purchasing Group LLC First Lien Secured Debt - Term Loan S+500,","4","628","Cost(34)","42,479"
"SRC046","98","1","Coretrust Purchasing Group LLC First Lien Secured Debt - Term Loan S+500,","5","693","Fair Value(1)(35)","42,678"
"SRC046","98","2","First Lien Secured Debt - Delayed Draw S+500,","1","402","Interest Rate(13)","0.75%"
"SRC046","98","2","First Lien Secured Debt - Delayed Draw S+500,","4","628","Cost(34)","(15)"
"SRC046","98","2","First Lien Secured Debt - Delayed Draw S+500,","5","693","Fair Value(1)(35)","(20)"
"SRC046","98","3","First Lien Secured Debt - Revolver S+500,","1","402","Interest Rate(13)","0.75%"
"SRC046","98","3","First Lien Secured Debt - Revolver S+500,","4","628","Cost(34)","(77)"
"SRC046","98","3","First Lien Secured Debt - Revolver S+500,","5","693","Fair Value(1)(35)","(47)"
"SRC046","98","4","AVSC Holding Corp. First Lien Secured Debt - Term Loan S+500,","1","402","Interest Rate(13)","0.75%"
"SRC046","98","4","AVSC Holding Corp. First Lien Secured Debt - Term Loan S+500,","3","570","Par/Shares/Units(3)","200,832"
"SRC046","98","4","AVSC Holding Corp. First Lien Secured Debt - Term Loan S+500,","4","628","Cost(34)","197,281"
"SRC046","98","4","AVSC Holding Corp. First Lien Secured Debt - Term Loan S+500,","5","693","Fair Value(1)(35)","198,823"
"SRC046","98","5","First Lien Secured Debt - Revolver S+500,","1","402","Interest Rate(13)","0.75%"
"SRC046","98","5","First Lien Secured Debt - Revolver S+500,","4","628","Cost(34)","(343)"
"SRC046","98","5","First Lien Secured Debt - Revolver S+500,","5","693","Fair Value(1)(35)","(217)"
"SRC046","98","6","GSP Midco LLC First Lien Secured Debt - Term Loan S+475,","1","402","Interest Rate(13)","1.00%"
"SRC046","98","6","GSP Midco LLC First Lien Secured Debt - Term Loan S+475,","3","570","Par/Shares/Units(3)","24,938"
"SRC046","98","6","GSP Midco LLC First Lien Secured Debt - Term Loan S+475,","4","628","Cost(34)","24,697"
"SRC046","98","6","GSP Midco LLC First Lien Secured Debt - Term Loan S+475,","5","693","Fair Value(1)(35)","24,688"
"SRC046","98","7","First Lien Secured Debt - Delayed Draw S+475,","1","402","Interest Rate(13)","1.00%"
"SRC046","98","7","First Lien Secured Debt - Delayed Draw S+475,","4","628","Cost(34)","(250)"
"SRC046","98","7","First Lien Secured Debt - Delayed Draw S+475,","5","693","Fair Value(1)(35)","(125)"
"SRC046","98","8","First Lien Secured Debt - Revolver S+475,","1","402","Interest Rate(13)","1.00%"
"SRC046","98","8","First Lien Secured Debt - Revolver S+475,","4","628","Cost(34)","(10)"
"SRC046","98","8","First Lien Secured Debt - Revolver S+475,","5","693","Fair Value(1)(35)","(10)"
"SRC046","98","9","Garda World Security Corporation First Lien Secured Debt - Term Loan S+300,","1","402","Interest Rate(13)","0.00%"
"SRC046","98","9","Garda World Security Corporation First Lien Secured Debt - Term Loan S+300,","3","570","Par/Shares/Units(3)","31,351"
"SRC046","98","9","Garda World Security Corporation First Lien Secured Debt - Term Loan S+300,","4","628","Cost(34)","31,213"
"SRC046","98","9","Garda World Security Corporation First Lien Secured Debt - Term Loan S+300,","5","693","Fair Value(1)(35)","31,523"
"SRC046","98","10","Arcwood Environmental, Inc. First Lien Secured Debt - Term Loan S+525,","1","402","Interest Rate(13)","0.75%"
"SRC046","98","10","Arcwood Environmental, Inc. First Lien Secured Debt - Term Loan S+525,","3","570","Par/Shares/Units(3)","87,099"
"SRC046","98","10","Arcwood Environmental, Inc. First Lien Secured Debt - Term Loan S+525,","4","628","Cost(34)","86,067"
"SRC046","98","10","Arcwood Environmental, Inc. First Lien Secured Debt - Term Loan S+525,","5","693","Fair Value(1)(35)","87,099"
"SRC046","98","11","First Lien Secured Debt - Term Loan S+500,","1","402","Interest Rate(13)","0.75%"
"SRC046","98","11","First Lien Secured Debt - Term Loan S+500,","3","570","Par/Shares/Units(3)","19,128"
"SRC046","98","11","First Lien Secured Debt - Term Loan S+500,","4","628","Cost(34)","19,043"
"SRC046","98","11","First Lien Secured Debt - Term Loan S+500,","5","693","Fair Value(1)(35)","19,033"
"SRC046","98","12","First Lien Secured Debt - Delayed Draw S+500,","1","402","Interest Rate(13)","0.75%"
"SRC046","98","12","First Lien Secured Debt - Delayed Draw S+500,","3","570","Par/Shares/Units(3)","12,935"
"SRC046","98","12","First Lien Secured Debt - Delayed Draw S+500,","4","628","Cost(34)","12,851"
"SRC046","98","12","First Lien Secured Debt - Delayed Draw S+500,","5","693","Fair Value(1)(35)","12,871"
"SRC046","98","13","First Lien Secured Debt - Revolver S+525,","1","402","Interest Rate(13)","0.75%"
"SRC046","98","13","First Lien Secured Debt - Revolver S+525,","4","628","Cost(34)","(125)"
"SRC046","98","14","First Lien Secured Debt - Revolver S+550,","1","402","Interest Rate(13)","0.75%"
"SRC046","98","14","First Lien Secured Debt - Revolver S+550,","4","628","Cost(34)","(4)"
"SRC046","99","1","Mount Olympus Bidco Limited First Lien Secured Debt - Term Loan S+525, 0.50% Floor 8/9/2029","1","584","Par/Shares/Units(3)","13,705"
"SRC046","99","1","Mount Olympus Bidco Limited First Lien Secured Debt - Term Loan S+525, 0.50% Floor 8/9/2029","2","637","Cost(34)","13,470"
"SRC046","99","1","Mount Olympus Bidco Limited First Lien Secured Debt - Term Loan S+525, 0.50% Floor 8/9/2029","3","705","Fair Value(1)(35)","13,466"
"SRC046","99","2","First Lien Secured Debt - Delayed Draw S+525, 0.50% Floor 8/9/2029","1","584","Par/Shares/Units(3)","4,760"
"SRC046","99","2","First Lien Secured Debt - Delayed Draw S+525, 0.50% Floor 8/9/2029","2","637","Cost(34)","4,705"
"SRC046","99","2","First Lien Secured Debt - Delayed Draw S+525, 0.50% Floor 8/9/2029","3","705","Fair Value(1)(35)","4,677"
"SRC046","99","3","First Lien Secured Debt - Delayed Draw S+600, 0.50% Floor 8/9/2029","1","584","Par/Shares/Units(3)","918"
"SRC046","99","3","First Lien Secured Debt - Delayed Draw S+600, 0.50% Floor 8/9/2029","2","637","Cost(34)","891"
"SRC046","99","3","First Lien Secured Debt - Delayed Draw S+600, 0.50% Floor 8/9/2029","3","705","Fair Value(1)(35)","883"
"SRC046","99","3","First Lien Secured Debt - Delayed Draw S+600, 0.50% Floor 8/9/2029","4","733","","32)"
"SRC046","99","4","Ironhorse Purchaser, LLC First Lien Secured Debt - Term Loan S+525, 1.00% Floor 9/30/2027","1","584","Par/Shares/Units(3)","2,962"
"SRC046","99","4","Ironhorse Purchaser, LLC First Lien Secured Debt - Term Loan S+525, 1.00% Floor 9/30/2027","2","637","Cost(34)","2,932"
"SRC046","99","4","Ironhorse Purchaser, LLC First Lien Secured Debt - Term Loan S+525, 1.00% Floor 9/30/2027","3","705","Fair Value(1)(35)","2,902"
"SRC046","99","5","First Lien Secured Debt - Revolver S+650, 1.00% Floor 9/30/2027","2","637","Cost(34)","(5)"
"SRC046","99","5","First Lien Secured Debt - Revolver S+650, 1.00% Floor 9/30/2027","3","705","Fair Value(1)(35)","(10)"
"SRC046","99","6","Madison IAQ LLC First Lien Secured Debt - Term Loan S+275, 0.50% Floor 11/8/2032","1","584","Par/Shares/Units(3)","44,400"
"SRC046","99","6","Madison IAQ LLC First Lien Secured Debt - Term Loan S+275, 0.50% Floor 11/8/2032","2","637","Cost(34)","43,978"
"SRC046","99","6","Madison IAQ LLC First Lien Secured Debt - Term Loan S+275, 0.50% Floor 11/8/2032","3","705","Fair Value(1)(35)","44,736"
"SRC046","99","6","Madison IAQ LLC First Lien Secured Debt - Term Loan S+275, 0.50% Floor 11/8/2032","4","733","","(16)"
"SRC046","99","7","First Lien Secured Debt - Term Loan S+250, 0.50% Floor 6/21/2028","1","584","Par/Shares/Units(3)","2,977"
"SRC046","99","7","First Lien Secured Debt - Term Loan S+250, 0.50% Floor 6/21/2028","2","637","Cost(34)","2,962"
"SRC046","99","7","First Lien Secured Debt - Term Loan S+250, 0.50% Floor 6/21/2028","3","705","Fair Value(1)(35)","2,994"
"SRC046","99","7","First Lien Secured Debt - Term Loan S+250, 0.50% Floor 6/21/2028","4","733","","(17)"
"SRC046","99","8","MillerKnoll Inc First Lien Secured Debt - Term Loan S+225, 0.00% Floor 8/9/2032","1","584","Par/Shares/Units(3)","5,985"
"SRC046","99","8","MillerKnoll Inc First Lien Secured Debt - Term Loan S+225, 0.00% Floor 8/9/2032","2","637","Cost(34)","5,971"
"SRC046","99","8","MillerKnoll Inc First Lien Secured Debt - Term Loan S+225, 0.00% Floor 8/9/2032","3","705","Fair Value(1)(35)","6,030"
"SRC046","99","9","Indy US Holdco LLC First Lien Secured Debt - Term Loan S+225, 0.50% Floor 10/31/2030","1","584","Par/Shares/Units(3)","25,890"
"SRC046","99","9","Indy US Holdco LLC First Lien Secured Debt - Term Loan S+225, 0.50% Floor 10/31/2030","2","637","Cost(34)","25,855"
"SRC046","99","9","Indy US Holdco LLC First Lien Secured Debt - Term Loan S+225, 0.50% Floor 10/31/2030","3","705","Fair Value(1)(35)","25,962"
"SRC046","99","10","Profile Products LLC First Lien Secured Debt - Term Loan S+560, 0.75% Floor 11/12/2027","1","584","Par/Shares/Units(3)","4,813"
"SRC046","99","10","Profile Products LLC First Lien Secured Debt - Term Loan S+560, 0.75% Floor 11/12/2027","2","637","Cost(34)","4,813"
"SRC046","99","10","Profile Products LLC First Lien Secured Debt - Term Loan S+560, 0.75% Floor 11/12/2027","3","705","Fair Value(1)(35)","4,813"
"SRC046","99","11","PPL Equity LP Preferred Equity - Preferred Stocks N/A N/A 50,000","2","637","Cost(34)","50"
"SRC046","99","11","PPL Equity LP Preferred Equity - Preferred Stocks N/A N/A 50,000","3","705","Fair Value(1)(35)","50"
"SRC046","99","12","Common Equity - Equity Unit N/A N/A 50,000","3","705","Fair Value(1)(35)","27"
"SRC046","99","13","AMCP Clean Acqusition Company, LLC First Lien Secured Debt - Term Loan S+425, 0.50% Floor 6/15/2030","1","584","Par/Shares/Units(3)","146,759"
"SRC046","99","13","AMCP Clean Acqusition Company, LLC First Lien Secured Debt - Term Loan S+425, 0.50% Floor 6/15/2030","2","637","Cost(34)","145,778"
"SRC046","99","13","AMCP Clean Acqusition Company, LLC First Lien Secured Debt - Term Loan S+425, 0.50% Floor 6/15/2030","3","705","Fair Value(1)(35)","145,291"
"SRC046","99","14","First Lien Secured Debt - Delayed Draw S+425, 0.50% Floor 6/15/2030","1","584","Par/Shares/Units(3)","101,732"
"SRC046","99","14","First Lien Secured Debt - Delayed Draw S+425, 0.50% Floor 6/15/2030","2","637","Cost(34)","101,310"
"SRC046","99","14","First Lien Secured Debt - Delayed Draw S+425, 0.50% Floor 6/15/2030","3","705","Fair Value(1)(35)","100,912"
"SRC046","99","15","Pye-Barker Fire & Safety LLC First Lien Secured Debt - Term Loan S+250, 0.00% Floor 12/16/2032","1","584","Par/Shares/Units(3)","13,050"
"SRC046","99","15","Pye-Barker Fire & Safety LLC First Lien Secured Debt - Term Loan S+250, 0.00% Floor 12/16/2032","2","637","Cost(34)","12,985"
"SRC046","99","15","Pye-Barker Fire & Safety LLC First Lien Secured Debt - Term Loan S+250, 0.00% Floor 12/16/2032","3","705","Fair Value(1)(35)","13,147"
"SRC046","99","15","Pye-Barker Fire & Safety LLC First Lien Secured Debt - Term Loan S+250, 0.00% Floor 12/16/2032","4","733","","(16)"
"SRC046","99","16","First Lien Secured Debt - Delayed Draw S+250, 0.00% Floor 12/16/2032","4","733","","(32)"
"SRC046","99","17","R. R. Donnelley & Sons Company First Lien Secured Debt - Term Loan S+475, 0.75% Floor 8/8/2029","1","584","Par/Shares/Units(3)","192,961"
"SRC046","99","17","R. R. Donnelley & Sons Company First Lien Secured Debt - Term Loan S+475, 0.75% Floor 8/8/2029","2","637","Cost(34)","188,527"
"SRC046","99","17","R. R. Donnelley & Sons Company First Lien Secured Debt - Term Loan S+475, 0.75% Floor 8/8/2029","3","705","Fair Value(1)(35)","191,031"
"SRC046","100","1","North Haven RI Buyer, LLC First Lien Secured Debt - Term Loan S+475, 1.00% Floor 3/29/2030","1","570","Par/Shares/Units(3)","20,417"
"SRC046","100","1","North Haven RI Buyer, LLC First Lien Secured Debt - Term Loan S+475, 1.00% Floor 3/29/2030","2","628","Cost(34)","20,090"
"SRC046","100","1","North Haven RI Buyer, LLC First Lien Secured Debt - Term Loan S+475, 1.00% Floor 3/29/2030","3","693","Fair Value(1)(35)","20,264"
"SRC046","100","2","First Lien Secured Debt - Delayed Draw S+475, 1.00% Floor 3/29/2030","1","570","Par/Shares/Units(3)","3,179"
"SRC046","100","2","First Lien Secured Debt - Delayed Draw S+475, 1.00% Floor 3/29/2030","2","628","Cost(34)","3,082"
"SRC046","100","2","First Lien Secured Debt - Delayed Draw S+475, 1.00% Floor 3/29/2030","3","693","Fair Value(1)(35)","3,110"
"SRC046","100","3","First Lien Secured Debt - Revolver S+375, 1.00% Floor 3/29/2030","1","570","Par/Shares/Units(3)","1,000"
"SRC046","100","3","First Lien Secured Debt - Revolver S+375, 1.00% Floor 3/29/2030","2","628","Cost(34)","964"
"SRC046","100","3","First Lien Secured Debt - Revolver S+375, 1.00% Floor 3/29/2030","3","693","Fair Value(1)(35)","983"
"SRC046","100","4","Reworld Holding Corporation First Lien Secured Debt - Term Loan S+225, 0.50% Floor 1/15/2031","1","570","Par/Shares/Units(3)","10,000"
"SRC046","100","4","Reworld Holding Corporation First Lien Secured Debt - Term Loan S+225, 0.50% Floor 1/15/2031","2","628","Cost(34)","9,979"
"SRC046","100","4","Reworld Holding Corporation First Lien Secured Debt - Term Loan S+225, 0.50% Floor 1/15/2031","3","693","Fair Value(1)(35)","10,024"
"SRC046","100","4","Reworld Holding Corporation First Lien Secured Debt - Term Loan S+225, 0.50% Floor 1/15/2031","4","723","","(15)"
"SRC046","100","5","HEF Safety Ultimate Holdings, LLC First Lien Secured Debt - Term Loan S+525, 1.00% Floor 11/19/2029","1","570","Par/Shares/Units(3)","10,432"
"SRC046","100","5","HEF Safety Ultimate Holdings, LLC First Lien Secured Debt - Term Loan S+525, 1.00% Floor 11/19/2029","2","628","Cost(34)","10,247"
"SRC046","100","5","HEF Safety Ultimate Holdings, LLC First Lien Secured Debt - Term Loan S+525, 1.00% Floor 11/19/2029","3","693","Fair Value(1)(35)","10,421"
"SRC046","100","6","First Lien Secured Debt - Delayed Draw S+525, 1.00% Floor 11/19/2029","1","570","Par/Shares/Units(3)","2,550"
"SRC046","100","6","First Lien Secured Debt - Delayed Draw S+525, 1.00% Floor 11/19/2029","2","628","Cost(34)","2,517"
"SRC046","100","6","First Lien Secured Debt - Delayed Draw S+525, 1.00% Floor 11/19/2029","3","693","Fair Value(1)(35)","2,547"
"SRC046","100","7","First Lien Secured Debt - Revolver S+525, 1.00% Floor 11/17/2029","2","628","Cost(34)","(24)"
"SRC046","100","7","First Lien Secured Debt - Revolver S+525, 1.00% Floor 11/17/2029","3","693","Fair Value(1)(35)","(2)"
"SRC046","100","8","Saber Parent Holdings Corp First Lien Secured Debt - Term Loan S+450, 0.00% Floor 12/16/2032","1","570","Par/Shares/Units(3)","167,988"
"SRC046","100","8","Saber Parent Holdings Corp First Lien Secured Debt - Term Loan S+450, 0.00% Floor 12/16/2032","2","628","Cost(34)","167,153"
"SRC046","100","8","Saber Parent Holdings Corp First Lien Secured Debt - Term Loan S+450, 0.00% Floor 12/16/2032","3","693","Fair Value(1)(35)","167,148"
"SRC046","100","9","First Lien Secured Debt - Delayed Draw S+450, 0.00% Floor 12/16/2032","2","628","Cost(34)","(115)"
"SRC046","100","9","First Lien Secured Debt - Delayed Draw S+450, 0.00% Floor 12/16/2032","3","693","Fair Value(1)(35)","(116)"
"SRC046","100","10","First Lien Secured Debt - Revolver S+450, 0.00% Floor 12/16/2032","2","628","Cost(34)","(115)"
"SRC046","100","10","First Lien Secured Debt - Revolver S+450, 0.00% Floor 12/16/2032","3","693","Fair Value(1)(35)","(116)"
"SRC046","100","11","Smith Topco, Inc. First Lien Secured Debt - Term Loan S+500, 1.00% Floor 11/6/2029","1","570","Par/Shares/Units(3)","16,600"
"SRC046","100","11","Smith Topco, Inc. First Lien Secured Debt - Term Loan S+500, 1.00% Floor 11/6/2029","2","628","Cost(34)","16,355"
"SRC046","100","11","Smith Topco, Inc. First Lien Secured Debt - Term Loan S+500, 1.00% Floor 11/6/2029","3","693","Fair Value(1)(35)","16,351"
"SRC046","100","12","First Lien Secured Debt - Revolver S+500, 1.00% Floor 11/6/2029","2","628","Cost(34)","(25)"
"SRC046","100","12","First Lien Secured Debt - Revolver S+500, 1.00% Floor 11/6/2029","3","693","Fair Value(1)(35)","(25)"
"SRC046","100","13","Auctane, Inc. First Lien Secured Debt - Term Loan S+585, 0.75% Floor 10/5/2028","1","570","Par/Shares/Units(3)","31,525"
"SRC046","100","13","Auctane, Inc. First Lien Secured Debt - Term Loan S+585, 0.75% Floor 10/5/2028","2","628","Cost(34)","31,234"
"SRC046","100","13","Auctane, Inc. First Lien Secured Debt - Term Loan S+585, 0.75% Floor 10/5/2028","3","693","Fair Value(1)(35)","30,579"
"SRC046","100","14","SumUp Holdings Luxembourg S.a.r.l. First Lien Secured Debt - Delayed Draw E+600, 1.50% Floor 5/23/2031 €","1","570","Par/Shares/Units(3)","40,000"
"SRC046","100","14","SumUp Holdings Luxembourg S.a.r.l. First Lien Secured Debt - Delayed Draw E+600, 1.50% Floor 5/23/2031 €","2","628","Cost(34)","42,963"
"SRC046","100","14","SumUp Holdings Luxembourg S.a.r.l. First Lien Secured Debt - Delayed Draw E+600, 1.50% Floor 5/23/2031 €","3","693","Fair Value(1)(35)","46,420"
"SRC046","100","15","Trugreen Limited Partnership First Lien Secured Debt - Term Loan S+410, 0.75% Floor 11/2/2027","1","570","Par/Shares/Units(3)","35,618"
"SRC046","100","15","Trugreen Limited Partnership First Lien Secured Debt - Term Loan S+410, 0.75% Floor 11/2/2027","2","628","Cost(34)","34,876"
"SRC046","100","15","Trugreen Limited Partnership First Lien Secured Debt - Term Loan S+410, 0.75% Floor 11/2/2027","3","693","Fair Value(1)(35)","34,986"
"SRC046","100","15","Trugreen Limited Partnership First Lien Secured Debt - Term Loan S+410, 0.75% Floor 11/2/2027","4","723","","(15)"
"SRC046","100","16","Vortex Opco LLC First Lien Secured Debt - Term Loan S+625, 0.50% Floor 4/30/2030","1","570","Par/Shares/Units(3)","8,380"
"SRC046","100","16","Vortex Opco LLC First Lien Secured Debt - Term Loan S+625, 0.50% Floor 4/30/2030","2","628","Cost(34)","8,155"
"SRC046","100","16","Vortex Opco LLC First Lien Secured Debt - Term Loan S+625, 0.50% Floor 4/30/2030","3","693","Fair Value(1)(35)","8,506"
"SRC046","100","17","Second Lien Secured Debt - Term Loan 10.36% 12/17/2028","1","570","Par/Shares/Units(3)","35,864"
"SRC046","100","17","Second Lien Secured Debt - Term Loan 10.36% 12/17/2028","2","628","Cost(34)","33,700"
"SRC046","100","17","Second Lien Secured Debt - Term Loan 10.36% 12/17/2028","3","693","Fair Value(1)(35)","5,236"
"SRC046","101","1","USA DeBusk LLC First Lien Secured Debt - Term Loan S+525, 0.75% Floor 4/30/2031","1","571","Par/Shares/Units(3)","15,858"
"SRC046","101","1","USA DeBusk LLC First Lien Secured Debt - Term Loan S+525, 0.75% Floor 4/30/2031","2","629","Cost(34)","15,670"
"SRC046","101","1","USA DeBusk LLC First Lien Secured Debt - Term Loan S+525, 0.75% Floor 4/30/2031","3","694","Fair Value(1)(35)","15,705"
"SRC046","101","2","First Lien Secured Debt - Delayed Draw S+525, 0.75% Floor 4/30/2031","1","571","Par/Shares/Units(3)","786"
"SRC046","101","2","First Lien Secured Debt - Delayed Draw S+525, 0.75% Floor 4/30/2031","2","629","Cost(34)","753"
"SRC046","101","2","First Lien Secured Debt - Delayed Draw S+525, 0.75% Floor 4/30/2031","3","694","Fair Value(1)(35)","740"
"SRC046","101","3","First Lien Secured Debt - Revolver S+525, 0.75% Floor 4/30/2030","1","571","Par/Shares/Units(3)","1,802"
"SRC046","101","3","First Lien Secured Debt - Revolver S+525, 0.75% Floor 4/30/2030","2","629","Cost(34)","1,767"
"SRC046","101","3","First Lien Secured Debt - Revolver S+525, 0.75% Floor 4/30/2030","3","694","Fair Value(1)(35)","1,778"
"SRC046","101","4","Total Commercial Services & Supplies","2","629","Cost(34)","1,478,735"
"SRC046","101","4","Total Commercial Services & Supplies","3","694","Fair Value(1)(35)","1,461,036"
"SRC046","101","5","Commscope, LLC First Lien Secured Debt - Term Loan S+475, 2.00% Floor 12/17/2029 $ 252,954","2","629","Cost(34)","254,819"
"SRC046","101","5","Commscope, LLC First Lien Secured Debt - Term Loan S+475, 2.00% Floor 12/17/2029 $ 252,954","3","694","Fair Value(1)(35)","253,759"
"SRC046","101","6","Mobile Communications America, Inc. First Lien Secured Debt - Term Loan S+475, 1.00% Floor 10/16/2029","1","571","Par/Shares/Units(3)","8,255"
"SRC046","101","6","Mobile Communications America, Inc. First Lien Secured Debt - Term Loan S+475, 1.00% Floor 10/16/2029","2","629","Cost(34)","8,111"
"SRC046","101","6","Mobile Communications America, Inc. First Lien Secured Debt - Term Loan S+475, 1.00% Floor 10/16/2029","3","694","Fair Value(1)(35)","8,173"
"SRC046","101","7","First Lien Secured Debt - Delayed Draw S+475, 1.00% Floor 10/16/2029","1","571","Par/Shares/Units(3)","2,452"
"SRC046","101","7","First Lien Secured Debt - Delayed Draw S+475, 1.00% Floor 10/16/2029","2","629","Cost(34)","2,410"
"SRC046","101","7","First Lien Secured Debt - Delayed Draw S+475, 1.00% Floor 10/16/2029","3","694","Fair Value(1)(35)","2,392"
"SRC046","101","8","First Lien Secured Debt - Revolver S+475, 1.00% Floor 10/16/2029","1","571","Par/Shares/Units(3)","272"
"SRC046","101","8","First Lien Secured Debt - Revolver S+475, 1.00% Floor 10/16/2029","2","629","Cost(34)","250"
"SRC046","101","8","First Lien Secured Debt - Revolver S+475, 1.00% Floor 10/16/2029","3","694","Fair Value(1)(35)","258"
"SRC046","101","9","Mitel Networks Common Equity - Stock N/A N/A 733,019","2","629","Cost(34)","3,465"
"SRC046","101","9","Mitel Networks Common Equity - Stock N/A N/A 733,019","3","694","Fair Value(1)(35)","1,193"
"SRC046","101","10","MLN US Holdco LLC First Lien Secured Debt - Term Loan PIK, 1.00% Floor 6/20/2030","1","571","Par/Shares/Units(3)","6,732"
"SRC046","101","10","MLN US Holdco LLC First Lien Secured Debt - Term Loan PIK, 1.00% Floor 6/20/2030","2","629","Cost(34)","5,917"
"SRC046","101","10","MLN US Holdco LLC First Lien Secured Debt - Term Loan PIK, 1.00% Floor 6/20/2030","3","694","Fair Value(1)(35)","4,030"
"SRC046","101","11","Total Communications Equipment","2","629","Cost(34)","274,972"
"SRC046","101","11","Total Communications Equipment","3","694","Fair Value(1)(35)","269,805"
"SRC046","101","12","Accelevation LLC First Lien Secured Debt - Term Loan S+450, 0.75% Floor 1/2/2031 $","1","571","Par/Shares/Units(3)","9,185"
"SRC046","101","12","Accelevation LLC First Lien Secured Debt - Term Loan S+450, 0.75% Floor 1/2/2031 $","2","629","Cost(34)","9,065"
"SRC046","101","12","Accelevation LLC First Lien Secured Debt - Term Loan S+450, 0.75% Floor 1/2/2031 $","3","694","Fair Value(1)(35)","9,208"
"SRC046","101","13","First Lien Secured Debt - Delayed Draw S+450, 0.75% Floor 1/2/2031","1","571","Par/Shares/Units(3)","2,223"
"SRC046","101","13","First Lien Secured Debt - Delayed Draw S+450, 0.75% Floor 1/2/2031","2","629","Cost(34)","2,187"
"SRC046","101","13","First Lien Secured Debt - Delayed Draw S+450, 0.75% Floor 1/2/2031","3","694","Fair Value(1)(35)","2,228"
"SRC046","101","14","First Lien Secured Debt - Revolver S+450, 0.75% Floor 1/2/2031","1","571","Par/Shares/Units(3)","385"
"SRC046","101","14","First Lien Secured Debt - Revolver S+450, 0.75% Floor 1/2/2031","2","629","Cost(34)","355"
"SRC046","101","14","First Lien Secured Debt - Revolver S+450, 0.75% Floor 1/2/2031","3","694","Fair Value(1)(35)","385"
"SRC046","101","15","American Restoration Holdings, LLC First Lien Secured Debt - Term Loan S+510, 1.00% Floor 7/24/2030","1","571","Par/Shares/Units(3)","7,551"
"SRC046","101","15","American Restoration Holdings, LLC First Lien Secured Debt - Term Loan S+510, 1.00% Floor 7/24/2030","2","629","Cost(34)","7,436"
"SRC046","101","15","American Restoration Holdings, LLC First Lien Secured Debt - Term Loan S+510, 1.00% Floor 7/24/2030","3","694","Fair Value(1)(35)","7,475"
"SRC046","101","16","First Lien Secured Debt - Delayed Draw S+510, 1.00% Floor 7/24/2030","1","571","Par/Shares/Units(3)","12,600"
"SRC046","101","16","First Lien Secured Debt - Delayed Draw S+510, 1.00% Floor 7/24/2030","2","629","Cost(34)","12,468"
"SRC046","101","16","First Lien Secured Debt - Delayed Draw S+510, 1.00% Floor 7/24/2030","3","694","Fair Value(1)(35)","12,373"
"SRC046","101","17","First Lien Secured Debt - Revolver S+510, 1.00% Floor 7/24/2030","1","571","Par/Shares/Units(3)","1,490"
"SRC046","101","17","First Lien Secured Debt - Revolver S+510, 1.00% Floor 7/24/2030","2","629","Cost(34)","1,462"
"SRC046","101","17","First Lien Secured Debt - Revolver S+510, 1.00% Floor 7/24/2030","3","694","Fair Value(1)(35)","1,468"
"SRC046","102","1","Fire Flow Intermediate Corporation First Lien Secured Debt - Term Loan S+475, 0.75% Floor 7/10/2031","1","570","Par/Shares/Units(3)","194,039"
"SRC046","102","1","Fire Flow Intermediate Corporation First Lien Secured Debt - Term Loan S+475, 0.75% Floor 7/10/2031","2","628","Cost(34)","192,487"
"SRC046","102","1","Fire Flow Intermediate Corporation First Lien Secured Debt - Term Loan S+475, 0.75% Floor 7/10/2031","3","693","Fair Value(1)(35)","194,525"
"SRC046","102","2","Tailwind Fire Flow Investor, LP Common Equity - Membership Interest N/A N/A 100","2","628","Cost(34)","101"
"SRC046","102","2","Tailwind Fire Flow Investor, LP Common Equity - Membership Interest N/A N/A 100","3","693","Fair Value(1)(35)","101"
"SRC046","102","3","Blackfin Pipeline LLC First Lien Secured Debt - Term Loan S+300, 0.00% Floor 9/29/2032","1","570","Par/Shares/Units(3)","25,000"
"SRC046","102","3","Blackfin Pipeline LLC First Lien Secured Debt - Term Loan S+300, 0.00% Floor 9/29/2032","2","628","Cost(34)","24,878"
"SRC046","102","3","Blackfin Pipeline LLC First Lien Secured Debt - Term Loan S+300, 0.00% Floor 9/29/2032","3","693","Fair Value(1)(35)","25,078"
"SRC046","102","3","Blackfin Pipeline LLC First Lien Secured Debt - Term Loan S+300, 0.00% Floor 9/29/2032","4","723","","(15)"
"SRC046","102","4","Megavolt Borrower, LLC First Lien Secured Debt - Term Loan S+475, 1.00% Floor 2/13/2032","1","570","Par/Shares/Units(3)","18,656"
"SRC046","102","4","Megavolt Borrower, LLC First Lien Secured Debt - Term Loan S+475, 1.00% Floor 2/13/2032","2","628","Cost(34)","18,320"
"SRC046","102","4","Megavolt Borrower, LLC First Lien Secured Debt - Term Loan S+475, 1.00% Floor 2/13/2032","3","693","Fair Value(1)(35)","18,516"
"SRC046","102","5","Traffic Management Solutions, LLC First Lien Secured Debt - Term Loan S+500, 1.00% Floor 11/26/2030","1","570","Par/Shares/Units(3)","9,180"
"SRC046","102","5","Traffic Management Solutions, LLC First Lien Secured Debt - Term Loan S+500, 1.00% Floor 11/26/2030","2","628","Cost(34)","9,068"
"SRC046","102","5","Traffic Management Solutions, LLC First Lien Secured Debt - Term Loan S+500, 1.00% Floor 11/26/2030","3","693","Fair Value(1)(35)","9,122"
"SRC046","102","6","First Lien Secured Debt - Delayed Draw S+500, 1.00% Floor 11/26/2030","1","570","Par/Shares/Units(3)","3,365"
"SRC046","102","6","First Lien Secured Debt - Delayed Draw S+500, 1.00% Floor 11/26/2030","2","628","Cost(34)","3,311"
"SRC046","102","6","First Lien Secured Debt - Delayed Draw S+500, 1.00% Floor 11/26/2030","3","693","Fair Value(1)(35)","3,330"
"SRC046","102","7","First Lien Secured Debt - Revolver S+500, 1.00% Floor 11/26/2030","2","628","Cost(34)","(45)"
"SRC046","102","7","First Lien Secured Debt - Revolver S+500, 1.00% Floor 11/26/2030","3","693","Fair Value(1)(35)","(27)"
"SRC046","102","8","Trench Plate Rental Co. First Lien Secured Debt - Term Loan S+560, 1.00% Floor 12/4/2028","1","570","Par/Shares/Units(3)","43,864"
"SRC046","102","8","Trench Plate Rental Co. First Lien Secured Debt - Term Loan S+560, 1.00% Floor 12/4/2028","2","628","Cost(34)","43,613"
"SRC046","102","8","Trench Plate Rental Co. First Lien Secured Debt - Term Loan S+560, 1.00% Floor 12/4/2028","3","693","Fair Value(1)(35)","43,425"
"SRC046","102","9","First Lien Secured Debt - Revolver S+560, 1.00% Floor 12/4/2028","1","570","Par/Shares/Units(3)","2,636"
"SRC046","102","9","First Lien Secured Debt - Revolver S+560, 1.00% Floor 12/4/2028","2","628","Cost(34)","2,604"
"SRC046","102","9","First Lien Secured Debt - Revolver S+560, 1.00% Floor 12/4/2028","3","693","Fair Value(1)(35)","2,591"
"SRC046","102","10","Trench Safety Solutions Holdings, LLC Common Equity - Equity Unit N/A N/A 331","2","628","Cost(34)","50"
"SRC046","102","10","Trench Safety Solutions Holdings, LLC Common Equity - Equity Unit N/A N/A 331","3","693","Fair Value(1)(35)","37"
"SRC046","102","11","Total Construction & Engineering","2","628","Cost(34)","327,360"
"SRC046","102","11","Total Construction & Engineering","3","693","Fair Value(1)(35)","329,835"
"SRC046","102","12","Hobbs & Associates LLC/VA First Lien Secured Debt - Term Loan S+275, 0.00% Floor 7/23/2031 $","1","570","Par/Shares/Units(3)","19,818"
"SRC046","102","12","Hobbs & Associates LLC/VA First Lien Secured Debt - Term Loan S+275, 0.00% Floor 7/23/2031 $","2","628","Cost(34)","19,807"
"SRC046","102","12","Hobbs & Associates LLC/VA First Lien Secured Debt - Term Loan S+275, 0.00% Floor 7/23/2031 $","3","693","Fair Value(1)(35)","19,840"
"SRC046","102","12","Hobbs & Associates LLC/VA First Lien Secured Debt - Term Loan S+275, 0.00% Floor 7/23/2031 $","4","723","","(15)"
"SRC046","102","13","Volunteer AcquisitionCo, LLC First Lien Secured Debt - Term Loan S+650, 1.00% Floor 9/1/2029","1","570","Par/Shares/Units(3)","5,079"
"SRC046","102","13","Volunteer AcquisitionCo, LLC First Lien Secured Debt - Term Loan S+650, 1.00% Floor 9/1/2029","2","628","Cost(34)","4,991"
"SRC046","102","13","Volunteer AcquisitionCo, LLC First Lien Secured Debt - Term Loan S+650, 1.00% Floor 9/1/2029","3","693","Fair Value(1)(35)","4,901"
"SRC046","102","14","First Lien Secured Debt - Delayed Draw S+650, 1.00% Floor 9/1/2029","1","570","Par/Shares/Units(3)","374"
"SRC046","102","14","First Lien Secured Debt - Delayed Draw S+650, 1.00% Floor 9/1/2029","2","628","Cost(34)","369"
"SRC046","102","14","First Lien Secured Debt - Delayed Draw S+650, 1.00% Floor 9/1/2029","3","693","Fair Value(1)(35)","361"
"SRC046","102","15","First Lien Secured Debt - Revolver S+500, 1.00% Floor 9/1/2029","2","628","Cost(34)","(12)"
"SRC046","102","15","First Lien Secured Debt - Revolver S+500, 1.00% Floor 9/1/2029","3","693","Fair Value(1)(35)","(27)"
"SRC046","102","16","Total Construction Materials","2","628","Cost(34)","25,155"
"SRC046","102","16","Total Construction Materials","3","693","Fair Value(1)(35)","25,075"
"SRC046","102","17","Nourish Buyer I Inc First Lien Secured Debt - Term Loan S+450, 0.00% Floor 7/9/2032 $","1","570","Par/Shares/Units(3)","64,838"
"SRC046","102","17","Nourish Buyer I Inc First Lien Secured Debt - Term Loan S+450, 0.00% Floor 7/9/2032 $","2","628","Cost(34)","63,293"
"SRC046","102","17","Nourish Buyer I Inc First Lien Secured Debt - Term Loan S+450, 0.00% Floor 7/9/2032 $","3","693","Fair Value(1)(35)","65,283"
"SRC046","102","17","Nourish Buyer I Inc First Lien Secured Debt - Term Loan S+450, 0.00% Floor 7/9/2032 $","4","723","","(15)"
"SRC046","103","1","Bellis Acquisition Company PLC First Lien Secured Debt - Term Loan SONIA+575, 0.00% Floor 10/22/2029 £","1","570","Par/Shares/Units(3)","116,902"
"SRC046","103","1","Bellis Acquisition Company PLC First Lien Secured Debt - Term Loan SONIA+575, 0.00% Floor 10/22/2029 £","2","635","Cost(34)","141,127"
"SRC046","103","1","Bellis Acquisition Company PLC First Lien Secured Debt - Term Loan SONIA+575, 0.00% Floor 10/22/2029 £","3","702","Fair Value(1)(35)","154,460"
"SRC046","103","2","First Lien Secured Debt - Term Loan E+400, 0.00% Floor 5/14/2031 €","1","570","Par/Shares/Units(3)","5,000"
"SRC046","103","2","First Lien Secured Debt - Term Loan E+400, 0.00% Floor 5/14/2031 €","2","635","Cost(34)","5,298"
"SRC046","103","2","First Lien Secured Debt - Term Loan E+400, 0.00% Floor 5/14/2031 €","3","702","Fair Value(1)(35)","5,358"
"SRC046","103","3","LLC First Lien Secured Debt - Term Loan S+450, 0.75% Floor 10/1/2032","1","570","Par/Shares/Units(3)","21,053"
"SRC046","103","3","LLC First Lien Secured Debt - Term Loan S+450, 0.75% Floor 10/1/2032","2","635","Cost(34)","20,848"
"SRC046","103","3","LLC First Lien Secured Debt - Term Loan S+450, 0.75% Floor 10/1/2032","3","702","Fair Value(1)(35)","20,842"
"SRC046","103","4","First Lien Secured Debt - Delayed Draw S+450, 0.75% Floor 10/1/2032","2","635","Cost(34)","(20)"
"SRC046","103","4","First Lien Secured Debt - Delayed Draw S+450, 0.75% Floor 10/1/2032","3","702","Fair Value(1)(35)","(21)"
"SRC046","103","5","First Lien Secured Debt - Revolver S+450, 0.75% Floor 10/1/2032","2","635","Cost(34)","(46)"
"SRC046","103","5","First Lien Secured Debt - Revolver S+450, 0.75% Floor 10/1/2032","3","702","Fair Value(1)(35)","(47)"
"SRC046","103","6","Corp / NextWave Distribution Inc First Lien Secured Debt - Corporate Bond 9.00% 2/15/2029","1","570","Par/Shares/Units(3)","12,651"
"SRC046","103","6","Corp / NextWave Distribution Inc First Lien Secured Debt - Corporate Bond 9.00% 2/15/2029","2","635","Cost(34)","12,770"
"SRC046","103","6","Corp / NextWave Distribution Inc First Lien Secured Debt - Corporate Bond 9.00% 2/15/2029","3","702","Fair Value(1)(35)","13,313"
"SRC046","103","7","Protein For Pets Opco, LLC First Lien Secured Debt - Term Loan S+525, 1.00% Floor 9/20/2030","1","570","Par/Shares/Units(3)","44,604"
"SRC046","103","7","Protein For Pets Opco, LLC First Lien Secured Debt - Term Loan S+525, 1.00% Floor 9/20/2030","2","635","Cost(34)","43,905"
"SRC046","103","7","Protein For Pets Opco, LLC First Lien Secured Debt - Term Loan S+525, 1.00% Floor 9/20/2030","3","702","Fair Value(1)(35)","43,712"
"SRC046","103","8","First Lien Secured Debt - Revolver S+525, 1.00% Floor 9/20/2030","1","570","Par/Shares/Units(3)","943"
"SRC046","103","8","First Lien Secured Debt - Revolver S+525, 1.00% Floor 9/20/2030","2","635","Cost(34)","874"
"SRC046","103","8","First Lien Secured Debt - Revolver S+525, 1.00% Floor 9/20/2030","3","702","Fair Value(1)(35)","849"
"SRC046","103","9","Corporation First Lien Secured Debt - Term Loan S+500, 0.00% Floor 11/4/2031","1","570","Par/Shares/Units(3)","158,400"
"SRC046","103","9","Corporation First Lien Secured Debt - Term Loan S+500, 0.00% Floor 11/4/2031","2","635","Cost(34)","156,357"
"SRC046","103","9","Corporation First Lien Secured Debt - Term Loan S+500, 0.00% Floor 11/4/2031","3","702","Fair Value(1)(35)","156,420"
"SRC046","103","9","Corporation First Lien Secured Debt - Term Loan S+500, 0.00% Floor 11/4/2031","4","732","","(16)"
"SRC046","103","10","Total Consumer Staples Distribution","2","635","Cost(34)","444,406"
"SRC046","103","10","Total Consumer Staples Distribution","3","702","Fair Value(1)(35)","460,169"
"SRC046","103","11","Berlin Packaging L.L.C. First Lien Secured Debt - Term Loan S+325, 0.00% Floor 6/7/2031 $","1","570","Par/Shares/Units(3)","11,504"
"SRC046","103","11","Berlin Packaging L.L.C. First Lien Secured Debt - Term Loan S+325, 0.00% Floor 6/7/2031 $","2","635","Cost(34)","11,495"
"SRC046","103","11","Berlin Packaging L.L.C. First Lien Secured Debt - Term Loan S+325, 0.00% Floor 6/7/2031 $","3","702","Fair Value(1)(35)","11,544"
"SRC046","103","12","Vybond Buyer, LLC First Lien Secured Debt - Term Loan S+475, 0.75% Floor 2/3/2032","1","570","Par/Shares/Units(3)","20,696"
"SRC046","103","12","Vybond Buyer, LLC First Lien Secured Debt - Term Loan S+475, 0.75% Floor 2/3/2032","2","635","Cost(34)","20,417"
"SRC046","103","12","Vybond Buyer, LLC First Lien Secured Debt - Term Loan S+475, 0.75% Floor 2/3/2032","3","702","Fair Value(1)(35)","20,542"
"SRC046","103","13","First Lien Secured Debt - Delayed Draw S+500, 0.75% Floor 2/3/2032","2","635","Cost(34)","(46)"
"SRC046","103","13","First Lien Secured Debt - Delayed Draw S+500, 0.75% Floor 2/3/2032","3","702","Fair Value(1)(35)","(53)"
"SRC046","103","14","First Lien Secured Debt - Revolver S+500, 0.75% Floor 2/3/2032","2","635","Cost(34)","(92)"
"SRC046","103","14","First Lien Secured Debt - Revolver S+500, 0.75% Floor 2/3/2032","3","702","Fair Value(1)(35)","(53)"
"SRC046","103","15","Bp Purchaser LLC First Lien Secured Debt - Term Loan S+576, 0.75% Floor 12/11/2028","1","570","Par/Shares/Units(3)","7,607"
"SRC046","103","15","Bp Purchaser LLC First Lien Secured Debt - Term Loan S+576, 0.75% Floor 12/11/2028","2","635","Cost(34)","7,607"
"SRC046","103","15","Bp Purchaser LLC First Lien Secured Debt - Term Loan S+576, 0.75% Floor 12/11/2028","3","702","Fair Value(1)(35)","5,705"
"SRC046","103","16","BradyPLUS Holdings LLC First Lien Secured Debt - Term Loan S+350, 0.00% Floor 12/29/2032","1","570","Par/Shares/Units(3)","22,000"
"SRC046","103","16","BradyPLUS Holdings LLC First Lien Secured Debt - Term Loan S+350, 0.00% Floor 12/29/2032","2","635","Cost(34)","21,670"
"SRC046","103","16","BradyPLUS Holdings LLC First Lien Secured Debt - Term Loan S+350, 0.00% Floor 12/29/2032","3","702","Fair Value(1)(35)","21,803"
"SRC046","103","16","BradyPLUS Holdings LLC First Lien Secured Debt - Term Loan S+350, 0.00% Floor 12/29/2032","4","732","","(16)"
"SRC046","104","1","Ring Container Technologies Group LLC First Lien Secured Debt - Term Loan S+250, 0.50% Floor 9/15/2032","1","570","Par/Shares/Units(3)","12,968"
"SRC046","104","1","Ring Container Technologies Group LLC First Lien Secured Debt - Term Loan S+250, 0.50% Floor 9/15/2032","2","635","Cost(34)","12,948"
"SRC046","104","1","Ring Container Technologies Group LLC First Lien Secured Debt - Term Loan S+250, 0.50% Floor 9/15/2032","3","702","Fair Value(1)(35)","13,018"
"SRC046","104","1","Ring Container Technologies Group LLC First Lien Secured Debt - Term Loan S+250, 0.50% Floor 9/15/2032","4","732","","(15)"
"SRC046","104","2","Trident TPI Holdings, Inc. First Lien Secured Debt - Term Loan S+375, 0.50% Floor 9/15/2028","1","570","Par/Shares/Units(3)","80,969"
"SRC046","104","2","Trident TPI Holdings, Inc. First Lien Secured Debt - Term Loan S+375, 0.50% Floor 9/15/2028","2","635","Cost(34)","79,984"
"SRC046","104","2","Trident TPI Holdings, Inc. First Lien Secured Debt - Term Loan S+375, 0.50% Floor 9/15/2028","3","702","Fair Value(1)(35)","77,974"
"SRC046","104","2","Trident TPI Holdings, Inc. First Lien Secured Debt - Term Loan S+375, 0.50% Floor 9/15/2028","4","732","","(16)"
"SRC046","104","3","NPPI Buyer, LLC First Lien Secured Debt - Term Loan S+500, 1.00% Floor 8/20/2029","1","570","Par/Shares/Units(3)","25,467"
"SRC046","104","3","NPPI Buyer, LLC First Lien Secured Debt - Term Loan S+500, 1.00% Floor 8/20/2029","2","635","Cost(34)","25,173"
"SRC046","104","3","NPPI Buyer, LLC First Lien Secured Debt - Term Loan S+500, 1.00% Floor 8/20/2029","3","702","Fair Value(1)(35)","25,276"
"SRC046","104","4","First Lien Secured Debt - Delayed Draw S+525, 1.00% Floor 8/20/2029","2","635","Cost(34)","2"
"SRC046","104","4","First Lien Secured Debt - Delayed Draw S+525, 1.00% Floor 8/20/2029","3","702","Fair Value(1)(35)","(41)"
"SRC046","104","5","First Lien Secured Debt - Revolver S+525, 1.00% Floor 8/20/2029","2","635","Cost(34)","1"
"SRC046","104","5","First Lien Secured Debt - Revolver S+525, 1.00% Floor 8/20/2029","3","702","Fair Value(1)(35)","(28)"
"SRC046","104","6","Total Containers & Packaging","2","635","Cost(34)","179,159"
"SRC046","104","6","Total Containers & Packaging","3","702","Fair Value(1)(35)","175,687"
"SRC046","104","7","SupplyHouse LLC First Lien Secured Debt - Term Loan S+400, 0.00% Floor 7/1/2032 $","1","570","Par/Shares/Units(3)","59,850"
"SRC046","104","7","SupplyHouse LLC First Lien Secured Debt - Term Loan S+400, 0.00% Floor 7/1/2032 $","2","635","Cost(34)","59,568"
"SRC046","104","7","SupplyHouse LLC First Lien Secured Debt - Term Loan S+400, 0.00% Floor 7/1/2032 $","3","702","Fair Value(1)(35)","59,551"
"SRC046","104","8","First Lien Secured Debt - Revolver S+400, 0.50% Floor 7/1/2032","2","635","Cost(34)","(93)"
"SRC046","104","8","First Lien Secured Debt - Revolver S+400, 0.50% Floor 7/1/2032","3","702","Fair Value(1)(35)","(100)"
"SRC046","104","9","Total Distributors","2","635","Cost(34)","59,475"
"SRC046","104","9","Total Distributors","3","702","Fair Value(1)(35)","59,451"
"SRC046","104","10","Eagle Purchaser, Inc. First Lien Secured Debt - Term Loan PIK, 1.00% Floor 3/22/2030 $","1","570","Par/Shares/Units(3)","23,959"
"SRC046","104","10","Eagle Purchaser, Inc. First Lien Secured Debt - Term Loan PIK, 1.00% Floor 3/22/2030 $","2","635","Cost(34)","23,516"
"SRC046","104","10","Eagle Purchaser, Inc. First Lien Secured Debt - Term Loan PIK, 1.00% Floor 3/22/2030 $","3","702","Fair Value(1)(35)","23,240"
"SRC046","104","11","First Lien Secured Debt - Revolver PIK, 1.00% Floor 3/22/2029","1","570","Par/Shares/Units(3)","2,524"
"SRC046","104","11","First Lien Secured Debt - Revolver PIK, 1.00% Floor 3/22/2029","2","635","Cost(34)","2,431"
"SRC046","104","11","First Lien Secured Debt - Revolver PIK, 1.00% Floor 3/22/2029","3","702","Fair Value(1)(35)","2,432"
"SRC046","104","12","Eagle Bidco Limited First Lien Secured Debt - Term Loan SONIA+475, 0.00% Floor 2/29/2032 £","1","570","Par/Shares/Units(3)","129,900"
"SRC046","104","12","Eagle Bidco Limited First Lien Secured Debt - Term Loan SONIA+475, 0.00% Floor 2/29/2032 £","2","635","Cost(34)","173,411"
"SRC046","104","12","Eagle Bidco Limited First Lien Secured Debt - Term Loan SONIA+475, 0.00% Floor 2/29/2032 £","3","702","Fair Value(1)(35)","176,106"
"SRC046","104","13","Excelligence Learning Corporation First Lien Secured Debt - Term Loan S+575, 1.00% Floor 1/18/2030","1","570","Par/Shares/Units(3)","83,943"
"SRC046","104","13","Excelligence Learning Corporation First Lien Secured Debt - Term Loan S+575, 1.00% Floor 1/18/2030","2","635","Cost(34)","82,705"
"SRC046","104","13","Excelligence Learning Corporation First Lien Secured Debt - Term Loan S+575, 1.00% Floor 1/18/2030","3","702","Fair Value(1)(35)","80,585"
"SRC046","104","14","First Lien Secured Debt - Revolver P+475, 1.00% Floor 1/18/2030","1","570","Par/Shares/Units(3)","2,170"
"SRC046","104","14","First Lien Secured Debt - Revolver P+475, 1.00% Floor 1/18/2030","2","635","Cost(34)","1,982"
"SRC046","104","14","First Lien Secured Debt - Revolver P+475, 1.00% Floor 1/18/2030","3","702","Fair Value(1)(35)","1,627"
"SRC046","105","1","Altair Funecap Italia First Lien Secured Debt - Corporate Bond E+600, 0.00% Floor 11/13/2032 €","1","574","Par/Shares/Units(3)","14,472"
"SRC046","105","1","Altair Funecap Italia First Lien Secured Debt - Corporate Bond E+600, 0.00% Floor 11/13/2032 €","2","629","Cost(34)","16,506"
"SRC046","105","1","Altair Funecap Italia First Lien Secured Debt - Corporate Bond E+600, 0.00% Floor 11/13/2032 €","3","695","Fair Value(1)(35)","16,668"
"SRC046","105","2","Funecap Holding First Lien Secured Debt - Term Loan E+600, 0.00% Floor 11/13/2032 €","1","574","Par/Shares/Units(3)","87,919"
"SRC046","105","2","Funecap Holding First Lien Secured Debt - Term Loan E+600, 0.00% Floor 11/13/2032 €","2","629","Cost(34)","100,261"
"SRC046","105","2","Funecap Holding First Lien Secured Debt - Term Loan E+600, 0.00% Floor 11/13/2032 €","3","695","Fair Value(1)(35)","101,256"
"SRC046","105","3","First Lien Secured Debt - Delayed Draw E+600, 0.00% Floor 11/13/2032 €","2","629","Cost(34)","(485)"
"SRC046","105","3","First Lien Secured Debt - Delayed Draw E+600, 0.00% Floor 11/13/2032 €","3","695","Fair Value(1)(35)","(497)"
"SRC046","105","4","Gateway US Holdings, Inc. First Lien Secured Debt - Term Loan S+475, 0.75% Floor 9/22/2028","1","574","Par/Shares/Units(3)","84,551"
"SRC046","105","4","Gateway US Holdings, Inc. First Lien Secured Debt - Term Loan S+475, 0.75% Floor 9/22/2028","2","629","Cost(34)","84,139"
"SRC046","105","4","Gateway US Holdings, Inc. First Lien Secured Debt - Term Loan S+475, 0.75% Floor 9/22/2028","3","695","Fair Value(1)(35)","84,128"
"SRC046","105","5","First Lien Secured Debt - Delayed Draw S+475, 0.75% Floor 9/22/2028","1","574","Par/Shares/Units(3)","7,225"
"SRC046","105","5","First Lien Secured Debt - Delayed Draw S+475, 0.75% Floor 9/22/2028","2","629","Cost(34)","7,189"
"SRC046","105","5","First Lien Secured Debt - Delayed Draw S+475, 0.75% Floor 9/22/2028","3","695","Fair Value(1)(35)","7,169"
"SRC046","105","6","First Lien Secured Debt - Revolver S+650, 0.75% Floor 9/22/2028","2","629","Cost(34)","(11)"
"SRC046","105","6","First Lien Secured Debt - Revolver S+650, 0.75% Floor 9/22/2028","3","695","Fair Value(1)(35)","(13)"
"SRC046","105","7","Vermont Aus Pty Ltd First Lien Secured Debt - Term Loan BBSW+450, 0.00% Floor 3/23/2028 A$","1","574","Par/Shares/Units(3)","326,050"
"SRC046","105","7","Vermont Aus Pty Ltd First Lien Secured Debt - Term Loan BBSW+450, 0.00% Floor 3/23/2028 A$","2","629","Cost(34)","218,800"
"SRC046","105","7","Vermont Aus Pty Ltd First Lien Secured Debt - Term Loan BBSW+450, 0.00% Floor 3/23/2028 A$","3","695","Fair Value(1)(35)","215,958"
"SRC046","105","8","International Schools Partnership Limited First Lien Secured Debt - Delayed Draw E+525, 0.00% Floor 7/6/2028 €","1","574","Par/Shares/Units(3)","56,831"
"SRC046","105","8","International Schools Partnership Limited First Lien Secured Debt - Delayed Draw E+525, 0.00% Floor 7/6/2028 €","2","629","Cost(34)","60,628"
"SRC046","105","8","International Schools Partnership Limited First Lien Secured Debt - Delayed Draw E+525, 0.00% Floor 7/6/2028 €","3","695","Fair Value(1)(35)","66,164"
"SRC046","105","9","Lotus Topco Inc. First Lien Secured Debt - Term Loan S+475, 1.00% Floor 6/7/2030","1","574","Par/Shares/Units(3)","20,913"
"SRC046","105","9","Lotus Topco Inc. First Lien Secured Debt - Term Loan S+475, 1.00% Floor 6/7/2030","2","629","Cost(34)","20,647"
"SRC046","105","9","Lotus Topco Inc. First Lien Secured Debt - Term Loan S+475, 1.00% Floor 6/7/2030","3","695","Fair Value(1)(35)","20,704"
"SRC046","105","10","First Lien Secured Debt - Delayed Draw S+475, 1.00% Floor 6/7/2030","1","574","Par/Shares/Units(3)","1,471"
"SRC046","105","10","First Lien Secured Debt - Delayed Draw S+475, 1.00% Floor 6/7/2030","2","629","Cost(34)","1,437"
"SRC046","105","10","First Lien Secured Debt - Delayed Draw S+475, 1.00% Floor 6/7/2030","3","695","Fair Value(1)(35)","1,412"
"SRC046","105","11","First Lien Secured Debt - Revolver S+475, 1.00% Floor 6/7/2030","2","629","Cost(34)","(26)"
"SRC046","105","11","First Lien Secured Debt - Revolver S+475, 1.00% Floor 6/7/2030","3","695","Fair Value(1)(35)","(24)"
"SRC046","105","12","Legacy Merger Sub, LLC First Lien Secured Debt - Term Loan S+450, 0.75% Floor 11/10/2031","1","574","Par/Shares/Units(3)","81,667"
"SRC046","105","12","Legacy Merger Sub, LLC First Lien Secured Debt - Term Loan S+450, 0.75% Floor 11/10/2031","2","629","Cost(34)","81,615"
"SRC046","105","12","Legacy Merger Sub, LLC First Lien Secured Debt - Term Loan S+450, 0.75% Floor 11/10/2031","3","695","Fair Value(1)(35)","81,035"
"SRC046","105","13","First Lien Secured Debt - Delayed Draw S+450, 0.75% Floor 11/10/2031","2","629","Cost(34)","24"
"SRC046","105","13","First Lien Secured Debt - Delayed Draw S+450, 0.75% Floor 11/10/2031","3","695","Fair Value(1)(35)","(82)"
"SRC046","105","14","First Lien Secured Debt - Revolver S+450, 0.75% Floor 11/10/2031","2","629","Cost(34)","28"
"SRC046","105","14","First Lien Secured Debt - Revolver S+450, 0.75% Floor 11/10/2031","3","695","Fair Value(1)(35)","(98)"
"SRC046","105","15","CI First Lien Secured Debt - Term Loan S+550, 1.00% Floor 3/27/2030","1","574","Par/Shares/Units(3)","23,598"
"SRC046","105","15","CI First Lien Secured Debt - Term Loan S+550, 1.00% Floor 3/27/2030","2","629","Cost(34)","23,288"
"SRC046","105","15","CI First Lien Secured Debt - Term Loan S+550, 1.00% Floor 3/27/2030","3","695","Fair Value(1)(35)","23,281"
"SRC046","105","16","First Lien Secured Debt - Delayed Draw S+550, 1.00% Floor 3/27/2030","1","574","Par/Shares/Units(3)","5,842"
"SRC046","105","16","First Lien Secured Debt - Delayed Draw S+550, 1.00% Floor 3/27/2030","2","629","Cost(34)","5,733"
"SRC046","105","16","First Lien Secured Debt - Delayed Draw S+550, 1.00% Floor 3/27/2030","3","695","Fair Value(1)(35)","5,693"
"SRC046","105","17","First Lien Secured Debt - Revolver S+550, 1.00% Floor 3/27/2030","1","574","Par/Shares/Units(3)","1,470"
"SRC046","105","17","First Lien Secured Debt - Revolver S+550, 1.00% Floor 3/27/2030","2","629","Cost(34)","1,437"
"SRC046","105","17","First Lien Secured Debt - Revolver S+550, 1.00% Floor 3/27/2030","3","695","Fair Value(1)(35)","1,436"
"SRC046","106","1","Ichnaea UK Bidco Limited First Lien Secured Debt - Term Loan SONIA+600, 0.00% Floor 10/5/2029 £","1","578","Par/Shares/Units(3)","31,000"
"SRC046","106","1","Ichnaea UK Bidco Limited First Lien Secured Debt - Term Loan SONIA+600, 0.00% Floor 10/5/2029 £","2","633","Cost(34)","36,865"
"SRC046","106","1","Ichnaea UK Bidco Limited First Lien Secured Debt - Term Loan SONIA+600, 0.00% Floor 10/5/2029 £","3","699","Fair Value(1)(35)","41,369"
"SRC046","106","2","Reliable Doors, LLC First Lien Secured Debt - Term Loan S+500, 1.00% Floor 10/4/2028","1","578","Par/Shares/Units(3)","6,170"
"SRC046","106","2","Reliable Doors, LLC First Lien Secured Debt - Term Loan S+500, 1.00% Floor 10/4/2028","2","633","Cost(34)","6,095"
"SRC046","106","2","Reliable Doors, LLC First Lien Secured Debt - Term Loan S+500, 1.00% Floor 10/4/2028","3","699","Fair Value(1)(35)","6,171"
"SRC046","106","3","First Lien Secured Debt - Delayed Draw S+500, 1.00% Floor 10/4/2028","1","578","Par/Shares/Units(3)","2,488"
"SRC046","106","3","First Lien Secured Debt - Delayed Draw S+500, 1.00% Floor 10/4/2028","2","633","Cost(34)","2,455"
"SRC046","106","3","First Lien Secured Debt - Delayed Draw S+500, 1.00% Floor 10/4/2028","3","699","Fair Value(1)(35)","2,488"
"SRC046","106","4","First Lien Secured Debt - Revolver S+625, 1.00% Floor 10/4/2028","2","633","Cost(34)","(6)"
"SRC046","106","5","Rocket Youth Brands Holdco LLC First Lien Secured Debt - Term Loan S+500, 1.00% Floor 6/20/2031","1","578","Par/Shares/Units(3)","9,302"
"SRC046","106","5","Rocket Youth Brands Holdco LLC First Lien Secured Debt - Term Loan S+500, 1.00% Floor 6/20/2031","2","633","Cost(34)","9,259"
"SRC046","106","5","Rocket Youth Brands Holdco LLC First Lien Secured Debt - Term Loan S+500, 1.00% Floor 6/20/2031","3","699","Fair Value(1)(35)","9,139"
"SRC046","106","6","First Lien Secured Debt - Delayed Draw S+500, 1.00% Floor 6/20/2031","2","633","Cost(34)","(21)"
"SRC046","106","6","First Lien Secured Debt - Delayed Draw S+500, 1.00% Floor 6/20/2031","3","699","Fair Value(1)(35)","(163)"
"SRC046","106","7","First Lien Secured Debt - Revolver S+500, 1.00% Floor 6/20/2031","2","633","Cost(34)","(6)"
"SRC046","106","7","First Lien Secured Debt - Revolver S+500, 1.00% Floor 6/20/2031","3","699","Fair Value(1)(35)","(24)"
"SRC046","106","8","CI First Lien Secured Debt - Term Loan S+500, 0.75% Floor 6/6/2031","1","578","Par/Shares/Units(3)","17,117"
"SRC046","106","8","CI First Lien Secured Debt - Term Loan S+500, 0.75% Floor 6/6/2031","2","633","Cost(34)","16,955"
"SRC046","106","8","CI First Lien Secured Debt - Term Loan S+500, 0.75% Floor 6/6/2031","3","699","Fair Value(1)(35)","16,905"
"SRC046","106","9","First Lien Secured Debt - Delayed Draw S+500, 0.75% Floor 6/6/2031","2","633","Cost(34)","(46)"
"SRC046","106","9","First Lien Secured Debt - Delayed Draw S+500, 0.75% Floor 6/6/2031","3","699","Fair Value(1)(35)","(124)"
"SRC046","106","10","First Lien Secured Debt - Revolver S+500, 0.75% Floor 6/6/2031","2","633","Cost(34)","(33)"
"SRC046","106","10","First Lien Secured Debt - Revolver S+500, 0.75% Floor 6/6/2031","3","699","Fair Value(1)(35)","(28)"
"SRC046","106","11","One Silver Serve, LLC First Lien Secured Debt - Term Loan S+535, 1.00% Floor 12/18/2028","1","578","Par/Shares/Units(3)","20,889"
"SRC046","106","11","One Silver Serve, LLC First Lien Secured Debt - Term Loan S+535, 1.00% Floor 12/18/2028","2","633","Cost(34)","20,709"
"SRC046","106","11","One Silver Serve, LLC First Lien Secured Debt - Term Loan S+535, 1.00% Floor 12/18/2028","3","699","Fair Value(1)(35)","20,472"
"SRC046","106","12","First Lien Secured Debt - Delayed Draw S+535, 1.00% Floor 12/18/2028","1","578","Par/Shares/Units(3)","11,975"
"SRC046","106","12","First Lien Secured Debt - Delayed Draw S+535, 1.00% Floor 12/18/2028","2","633","Cost(34)","11,808"
"SRC046","106","12","First Lien Secured Debt - Delayed Draw S+535, 1.00% Floor 12/18/2028","3","699","Fair Value(1)(35)","11,608"
"SRC046","106","13","First Lien Secured Debt - Revolver S+535, 1.00% Floor 12/18/2028","1","578","Par/Shares/Units(3)","3,312"
"SRC046","106","13","First Lien Secured Debt - Revolver S+535, 1.00% Floor 12/18/2028","2","633","Cost(34)","3,282"
"SRC046","106","13","First Lien Secured Debt - Revolver S+535, 1.00% Floor 12/18/2028","3","699","Fair Value(1)(35)","3,215"
"SRC046","106","14","Village Pet Care, LLC First Lien Secured Debt - Term Loan S+650, 1.00% Floor 9/22/2029","1","578","Par/Shares/Units(3)","909"
"SRC046","106","14","Village Pet Care, LLC First Lien Secured Debt - Term Loan S+650, 1.00% Floor 9/22/2029","2","633","Cost(34)","896"
"SRC046","106","14","Village Pet Care, LLC First Lien Secured Debt - Term Loan S+650, 1.00% Floor 9/22/2029","3","699","Fair Value(1)(35)","886"
"SRC046","106","15","First Lien Secured Debt - Delayed Draw S+650, 1.00% Floor 9/22/2029","1","578","Par/Shares/Units(3)","764"
"SRC046","106","15","First Lien Secured Debt - Delayed Draw S+650, 1.00% Floor 9/22/2029","2","633","Cost(34)","736"
"SRC046","106","15","First Lien Secured Debt - Delayed Draw S+650, 1.00% Floor 9/22/2029","3","699","Fair Value(1)(35)","673"
"SRC046","106","16","First Lien Secured Debt - Revolver S+650, 1.00% Floor 9/22/2029","1","578","Par/Shares/Units(3)","365"
"SRC046","106","16","First Lien Secured Debt - Revolver S+650, 1.00% Floor 9/22/2029","2","633","Cost(34)","358"
"SRC046","106","16","First Lien Secured Debt - Revolver S+650, 1.00% Floor 9/22/2029","3","699","Fair Value(1)(35)","354"
"SRC046","106","17","Total Diversified Consumer Services","2","633","Cost(34)","1,014,561"
"SRC046","106","17","Total Diversified Consumer Services","3","699","Fair Value(1)(35)","1,021,121"
"SRC046","106","18","QTS Project Ram (DD) S+225, 0.00% Floor 5/29/2028 $","1","578","Par/Shares/Units(3)","31,192"
"SRC046","106","18","QTS Project Ram (DD) S+225, 0.00% Floor 5/29/2028 $","2","633","Cost(34)","30,559"
"SRC046","106","18","QTS Project Ram (DD) S+225, 0.00% Floor 5/29/2028 $","3","699","Fair Value(1)(35)","30,672"
"SRC046","106","19","Total Diversified","2","633","Cost(34)","30,559"
"SRC046","106","19","Total Diversified","3","699","Fair Value(1)(35)","30,672"
"SRC046","107","1","CSC Holdings, LLC First Lien Secured Debt - Term Loan P+150, 0.00% Floor 4/15/2027 $","1","574","Par/Shares/Units(3)","62,969"
"SRC046","107","1","CSC Holdings, LLC First Lien Secured Debt - Term Loan P+150, 0.00% Floor 4/15/2027 $","2","629","Cost(34)","61,399"
"SRC046","107","1","CSC Holdings, LLC First Lien Secured Debt - Term Loan P+150, 0.00% Floor 4/15/2027 $","3","695","Fair Value(1)(35)","55,188"
"SRC046","107","2","First Lien Secured Debt - Revolver S+235, 0.00% Floor 7/13/2027","1","574","Par/Shares/Units(3)","73,064"
"SRC046","107","2","First Lien Secured Debt - Revolver S+235, 0.00% Floor 7/13/2027","2","629","Cost(34)","68,696"
"SRC046","107","2","First Lien Secured Debt - Revolver S+235, 0.00% Floor 7/13/2027","3","695","Fair Value(1)(35)","61,362"
"SRC046","107","3","Lumen Technologies, Inc. First Lien Secured Debt - Term Loan S+246, 2.00% Floor 4/16/2029","1","574","Par/Shares/Units(3)","9,974"
"SRC046","107","3","Lumen Technologies, Inc. First Lien Secured Debt - Term Loan S+246, 2.00% Floor 4/16/2029","2","629","Cost(34)","9,950"
"SRC046","107","3","Lumen Technologies, Inc. First Lien Secured Debt - Term Loan S+246, 2.00% Floor 4/16/2029","3","695","Fair Value(1)(35)","9,936"
"SRC046","107","4","Level 3 Financing, Inc. First Lien Secured Debt - Term Loan S+325, 0.00% Floor 3/29/2032","1","574","Par/Shares/Units(3)","73,500"
"SRC046","107","4","Level 3 Financing, Inc. First Lien Secured Debt - Term Loan S+325, 0.00% Floor 3/29/2032","2","629","Cost(34)","72,542"
"SRC046","107","4","Level 3 Financing, Inc. First Lien Secured Debt - Term Loan S+325, 0.00% Floor 3/29/2032","3","695","Fair Value(1)(35)","73,803"
"SRC046","107","5","Windstream Services, LLC First Lien Secured Debt - Term Loan S+400, 0.00% Floor 10/6/2032","1","574","Par/Shares/Units(3)","85,000"
"SRC046","107","5","Windstream Services, LLC First Lien Secured Debt - Term Loan S+400, 0.00% Floor 10/6/2032","2","629","Cost(34)","84,217"
"SRC046","107","5","Windstream Services, LLC First Lien Secured Debt - Term Loan S+400, 0.00% Floor 10/6/2032","3","695","Fair Value(1)(35)","85,425"
"SRC046","107","6","First Lien Secured Debt - Corporate Bond 7.50% 10/15/2033","1","574","Par/Shares/Units(3)","9,266"
"SRC046","107","6","First Lien Secured Debt - Corporate Bond 7.50% 10/15/2033","2","629","Cost(34)","9,289"
"SRC046","107","6","First Lien Secured Debt - Corporate Bond 7.50% 10/15/2033","3","695","Fair Value(1)(35)","9,501"
"SRC046","107","6","First Lien Secured Debt - Corporate Bond 7.50% 10/15/2033","4","725","","(8)"
"SRC046","107","7","Total Diversified Telecommunication","2","629","Cost(34)","306,093"
"SRC046","107","7","Total Diversified Telecommunication","3","695","Fair Value(1)(35)","295,215"
"SRC046","107","8","BGIF IV Fearless Utility Services, Inc. First Lien Secured Debt - Term Loan S+500, 0.50% Floor 6/9/2031 $","1","574","Par/Shares/Units(3)","133,704"
"SRC046","107","8","BGIF IV Fearless Utility Services, Inc. First Lien Secured Debt - Term Loan S+500, 0.50% Floor 6/9/2031 $","2","629","Cost(34)","132,597"
"SRC046","107","8","BGIF IV Fearless Utility Services, Inc. First Lien Secured Debt - Term Loan S+500, 0.50% Floor 6/9/2031 $","3","695","Fair Value(1)(35)","133,370"
"SRC046","107","9","First Lien Secured Debt - Delayed Draw S+500, 0.50% Floor 6/9/2031","1","574","Par/Shares/Units(3)","39,147"
"SRC046","107","9","First Lien Secured Debt - Delayed Draw S+500, 0.50% Floor 6/9/2031","2","629","Cost(34)","38,802"
"SRC046","107","9","First Lien Secured Debt - Delayed Draw S+500, 0.50% Floor 6/9/2031","3","695","Fair Value(1)(35)","39,024"
"SRC046","107","10","First Lien Secured Debt - Revolver S+500, 0.50% Floor 6/7/2030","2","629","Cost(34)","(175)"
"SRC046","107","10","First Lien Secured Debt - Revolver S+500, 0.50% Floor 6/7/2030","3","695","Fair Value(1)(35)","(59)"
"SRC046","107","11","Lightning Power, LLC First Lien Secured Debt - Term Loan S+225, 0.00% Floor 8/18/2031","1","574","Par/Shares/Units(3)","11,356"
"SRC046","107","11","Lightning Power, LLC First Lien Secured Debt - Term Loan S+225, 0.00% Floor 8/18/2031","2","629","Cost(34)","11,312"
"SRC046","107","11","Lightning Power, LLC First Lien Secured Debt - Term Loan S+225, 0.00% Floor 8/18/2031","3","695","Fair Value(1)(35)","11,429"
"SRC046","107","11","Lightning Power, LLC First Lien Secured Debt - Term Loan S+225, 0.00% Floor 8/18/2031","4","725","","(15)"
"SRC046","107","12","Talen Energy Supply, LLC First Lien Secured Debt - Term Loan S+200, 0.00% Floor 11/25/2032","1","574","Par/Shares/Units(3)","7,595"
"SRC046","107","12","Talen Energy Supply, LLC First Lien Secured Debt - Term Loan S+200, 0.00% Floor 11/25/2032","2","629","Cost(34)","7,557"
"SRC046","107","12","Talen Energy Supply, LLC First Lien Secured Debt - Term Loan S+200, 0.00% Floor 11/25/2032","3","695","Fair Value(1)(35)","7,606"
"SRC046","107","13","Brookfield WEC Holdings Inc. First Lien Secured Debt - Term Loan S+200, 0.00% Floor 1/27/2031","1","574","Par/Shares/Units(3)","9,875"
"SRC046","107","13","Brookfield WEC Holdings Inc. First Lien Secured Debt - Term Loan S+200, 0.00% Floor 1/27/2031","2","629","Cost(34)","9,889"
"SRC046","107","13","Brookfield WEC Holdings Inc. First Lien Secured Debt - Term Loan S+200, 0.00% Floor 1/27/2031","3","695","Fair Value(1)(35)","9,903"
"SRC046","107","13","Brookfield WEC Holdings Inc. First Lien Secured Debt - Term Loan S+200, 0.00% Floor 1/27/2031","4","725","","(15)"
"SRC046","107","14","Total Electric","2","629","Cost(34)","199,982"
"SRC046","107","14","Total Electric","3","695","Fair Value(1)(35)","201,273"
"SRC046","107","15","IW Buyer LLC First Lien Secured Debt - Term Loan S+510, 1.00% Floor 6/28/2029 $","1","574","Par/Shares/Units(3)","25,092"
"SRC046","107","15","IW Buyer LLC First Lien Secured Debt - Term Loan S+510, 1.00% Floor 6/28/2029 $","2","629","Cost(34)","24,749"
"SRC046","107","15","IW Buyer LLC First Lien Secured Debt - Term Loan S+510, 1.00% Floor 6/28/2029 $","3","695","Fair Value(1)(35)","24,967"
"SRC046","107","16","First Lien Secured Debt - Revolver S+510, 1.00% Floor 6/28/2029","1","574","Par/Shares/Units(3)","899"
"SRC046","107","16","First Lien Secured Debt - Revolver S+510, 1.00% Floor 6/28/2029","2","629","Cost(34)","843"
"SRC046","107","16","First Lien Secured Debt - Revolver S+510, 1.00% Floor 6/28/2029","3","695","Fair Value(1)(35)","883"
"SRC046","107","17","Total Electrical Equipment","2","629","Cost(34)","25,592"
"SRC046","107","17","Total Electrical Equipment","3","695","Fair Value(1)(35)","25,850"
"SRC046","107","18","Esdec Solar Group B.V. First Lien Secured Debt - Term Loan 8.52% 8/30/2028 €","1","574","Par/Shares/Units(3)","62,693"
"SRC046","107","18","Esdec Solar Group B.V. First Lien Secured Debt - Term Loan 8.52% 8/30/2028 €","2","629","Cost(34)","67,984"
"SRC046","107","18","Esdec Solar Group B.V. First Lien Secured Debt - Term Loan 8.52% 8/30/2028 €","3","695","Fair Value(1)(35)","36,102"
"SRC046","107","19","First Lien Secured Debt - Term Loan 8.93% 8/30/2028","1","574","Par/Shares/Units(3)","708"
"SRC046","107","19","First Lien Secured Debt - Term Loan 8.93% 8/30/2028","2","629","Cost(34)","296"
"SRC046","107","19","First Lien Secured Debt - Term Loan 8.93% 8/30/2028","3","695","Fair Value(1)(35)","343"
"SRC046","108","1","Madison Safety & Flow LLC First Lien Secured Debt - Term Loan S+250, 0.00% Floor 9/26/2031","1","574","Par/Shares/Units(3)","16,163"
"SRC046","108","1","Madison Safety & Flow LLC First Lien Secured Debt - Term Loan S+250, 0.00% Floor 9/26/2031","2","629","Cost(34)","16,087"
"SRC046","108","1","Madison Safety & Flow LLC First Lien Secured Debt - Term Loan S+250, 0.00% Floor 9/26/2031","3","694","Fair Value(1)(35)","16,298"
"SRC046","108","1","Madison Safety & Flow LLC First Lien Secured Debt - Term Loan S+250, 0.00% Floor 9/26/2031","4","725","","(15)"
"SRC046","108","2","Pinnacle Buyer LLC First Lien Secured Debt - Term Loan S+250, 0.00% Floor 10/1/2032","1","574","Par/Shares/Units(3)","14,222"
"SRC046","108","2","Pinnacle Buyer LLC First Lien Secured Debt - Term Loan S+250, 0.00% Floor 10/1/2032","2","629","Cost(34)","14,188"
"SRC046","108","2","Pinnacle Buyer LLC First Lien Secured Debt - Term Loan S+250, 0.00% Floor 10/1/2032","3","694","Fair Value(1)(35)","14,294"
"SRC046","108","2","Pinnacle Buyer LLC First Lien Secured Debt - Term Loan S+250, 0.00% Floor 10/1/2032","4","725","","(16)"
"SRC046","108","3","Total Electronic Equipment, Instruments & Components","2","629","Cost(34)","98,555"
"SRC046","108","3","Total Electronic Equipment, Instruments & Components","3","694","Fair Value(1)(35)","67,037"
"SRC046","108","4","Camin Cargo Control Holdings, Inc. First Lien Secured Debt - Term Loan S+550, 1.00% Floor 12/7/2029 $","1","574","Par/Shares/Units(3)","30,908"
"SRC046","108","4","Camin Cargo Control Holdings, Inc. First Lien Secured Debt - Term Loan S+550, 1.00% Floor 12/7/2029 $","2","629","Cost(34)","30,407"
"SRC046","108","4","Camin Cargo Control Holdings, Inc. First Lien Secured Debt - Term Loan S+550, 1.00% Floor 12/7/2029 $","3","694","Fair Value(1)(35)","30,578"
"SRC046","108","5","First Lien Secured Debt - Delayed Draw S+550, 1.00% Floor 12/7/2029","1","574","Par/Shares/Units(3)","3,251"
"SRC046","108","5","First Lien Secured Debt - Delayed Draw S+550, 1.00% Floor 12/7/2029","2","629","Cost(34)","3,193"
"SRC046","108","5","First Lien Secured Debt - Delayed Draw S+550, 1.00% Floor 12/7/2029","3","694","Fair Value(1)(35)","3,200"
"SRC046","108","5","First Lien Secured Debt - Delayed Draw S+550, 1.00% Floor 12/7/2029","4","725","","2)"
"SRC046","108","6","First Lien Secured Debt - Revolver P+450, 1.00% Floor 12/7/2029","1","574","Par/Shares/Units(3)","2,539"
"SRC046","108","6","First Lien Secured Debt - Revolver P+450, 1.00% Floor 12/7/2029","2","629","Cost(34)","2,462"
"SRC046","108","6","First Lien Secured Debt - Revolver P+450, 1.00% Floor 12/7/2029","3","694","Fair Value(1)(35)","2,496"
"SRC046","108","6","First Lien Secured Debt - Revolver P+450, 1.00% Floor 12/7/2029","4","725","","2)"
"SRC046","108","7","Colossus AcquireCo LLC First Lien Secured Debt - Term Loan S+175, 0.00% Floor 7/30/2032","1","574","Par/Shares/Units(3)","10,973"
"SRC046","108","7","Colossus AcquireCo LLC First Lien Secured Debt - Term Loan S+175, 0.00% Floor 7/30/2032","2","629","Cost(34)","10,929"
"SRC046","108","7","Colossus AcquireCo LLC First Lien Secured Debt - Term Loan S+175, 0.00% Floor 7/30/2032","3","694","Fair Value(1)(35)","10,977"
"SRC046","108","7","Colossus AcquireCo LLC First Lien Secured Debt - Term Loan S+175, 0.00% Floor 7/30/2032","4","725","","(16)"
"SRC046","108","8","Total Energy Equipment &","2","629","Cost(34)","46,991"
"SRC046","108","8","Total Energy Equipment &","3","694","Fair Value(1)(35)","47,251"
"SRC046","108","9","Jewel Purchaser, Inc. First Lien Secured Debt - Term Loan S+560, 0.50% Floor 7/1/2027 $","1","574","Par/Shares/Units(3)","82,906"
"SRC046","108","9","Jewel Purchaser, Inc. First Lien Secured Debt - Term Loan S+560, 0.50% Floor 7/1/2027 $","2","629","Cost(34)","82,073"
"SRC046","108","9","Jewel Purchaser, Inc. First Lien Secured Debt - Term Loan S+560, 0.50% Floor 7/1/2027 $","3","694","Fair Value(1)(35)","82,491"
"SRC046","108","10","Creative Artists Agency, LLC First Lien Secured Debt - Term Loan S+250, 0.00% Floor 10/1/2031","1","574","Par/Shares/Units(3)","3,980"
"SRC046","108","10","Creative Artists Agency, LLC First Lien Secured Debt - Term Loan S+250, 0.00% Floor 10/1/2031","2","629","Cost(34)","3,975"
"SRC046","108","10","Creative Artists Agency, LLC First Lien Secured Debt - Term Loan S+250, 0.00% Floor 10/1/2031","3","694","Fair Value(1)(35)","4,000"
"SRC046","108","10","Creative Artists Agency, LLC First Lien Secured Debt - Term Loan S+250, 0.00% Floor 10/1/2031","4","725","","(15)"
"SRC046","108","11","EP Purchaser, LLC First Lien Secured Debt - Term Loan S+361, 0.50% Floor 11/6/2028","1","574","Par/Shares/Units(3)","3,751"
"SRC046","108","11","EP Purchaser, LLC First Lien Secured Debt - Term Loan S+361, 0.50% Floor 11/6/2028","2","629","Cost(34)","3,692"
"SRC046","108","11","EP Purchaser, LLC First Lien Secured Debt - Term Loan S+361, 0.50% Floor 11/6/2028","3","694","Fair Value(1)(35)","2,699"
"SRC046","108","11","EP Purchaser, LLC First Lien Secured Debt - Term Loan S+361, 0.50% Floor 11/6/2028","4","725","","(16)"
"SRC046","108","12","Janus Bidco Limited First Lien Secured Debt - Term Loan S+550, 0.00% Floor 4/25/2031","1","574","Par/Shares/Units(3)","62,163"
"SRC046","108","12","Janus Bidco Limited First Lien Secured Debt - Term Loan S+550, 0.00% Floor 4/25/2031","2","629","Cost(34)","60,883"
"SRC046","108","12","Janus Bidco Limited First Lien Secured Debt - Term Loan S+550, 0.00% Floor 4/25/2031","3","694","Fair Value(1)(35)","61,231"
"SRC046","108","13","First Lien Secured Debt - Term Loan SONIA+550, 0.00% Floor 4/25/2031 £","1","574","Par/Shares/Units(3)","1,057"
"SRC046","108","13","First Lien Secured Debt - Term Loan SONIA+550, 0.00% Floor 4/25/2031 £","2","629","Cost(34)","1,297"
"SRC046","108","13","First Lien Secured Debt - Term Loan SONIA+550, 0.00% Floor 4/25/2031 £","3","694","Fair Value(1)(35)","1,404"
"SRC046","108","14","First Lien Secured Debt - Delayed Draw SONIA+600, 0.00% Floor 4/25/2031 £","2","629","Cost(34)","32"
"SRC046","108","14","First Lien Secured Debt - Delayed Draw SONIA+600, 0.00% Floor 4/25/2031 £","3","694","Fair Value(1)(35)","(321)"
"SRC046","109","1","WarnerMedia Holdings, Inc. First Lien Secured Debt - Term Loan S+350, 0.00% Floor 12/28/2026","1","574","Par/Shares/Units(3)","41,250"
"SRC046","109","1","WarnerMedia Holdings, Inc. First Lien Secured Debt - Term Loan S+350, 0.00% Floor 12/28/2026","2","630","Cost(34)","41,135"
"SRC046","109","1","WarnerMedia Holdings, Inc. First Lien Secured Debt - Term Loan S+350, 0.00% Floor 12/28/2026","3","695","Fair Value(1)(35)","41,085"
"SRC046","109","2","Total Entertainment","2","630","Cost(34)","193,087"
"SRC046","109","2","Total Entertainment","3","695","Fair Value(1)(35)","192,589"
"SRC046","109","3","Eclipse Buyer, Inc. First Lien Secured Debt - Term Loan S+450, 0.50% Floor 9/8/2031 $","1","574","Par/Shares/Units(3)","22,738"
"SRC046","109","3","Eclipse Buyer, Inc. First Lien Secured Debt - Term Loan S+450, 0.50% Floor 9/8/2031 $","2","630","Cost(34)","22,543"
"SRC046","109","3","Eclipse Buyer, Inc. First Lien Secured Debt - Term Loan S+450, 0.50% Floor 9/8/2031 $","3","695","Fair Value(1)(35)","22,681"
"SRC046","109","4","First Lien Secured Debt - Delayed Draw S+475, 0.50% Floor 9/8/2031","2","630","Cost(34)","(16)"
"SRC046","109","4","First Lien Secured Debt - Delayed Draw S+475, 0.50% Floor 9/8/2031","3","695","Fair Value(1)(35)","(10)"
"SRC046","109","5","First Lien Secured Debt - Revolver S+475, 0.50% Floor 9/8/2031","2","630","Cost(34)","(16)"
"SRC046","109","5","First Lien Secured Debt - Revolver S+475, 0.50% Floor 9/8/2031","3","695","Fair Value(1)(35)","(5)"
"SRC046","109","6","Eclipse Topco, Inc. Preferred Equity - Preferred Stocks 0.00% Floor N/A 7,114,648","2","630","Cost(34)","5,940"
"SRC046","109","6","Eclipse Topco, Inc. Preferred Equity - Preferred Stocks 0.00% Floor N/A 7,114,648","3","695","Fair Value(1)(35)","7,115"
"SRC046","109","7","Actium Midco 3 First Lien Secured Debt - Term Loan SONIA+475, 0.00% Floor 8/30/2031 £","1","574","Par/Shares/Units(3)","35,254"
"SRC046","109","7","Actium Midco 3 First Lien Secured Debt - Term Loan SONIA+475, 0.00% Floor 8/30/2031 £","2","630","Cost(34)","45,506"
"SRC046","109","7","Actium Midco 3 First Lien Secured Debt - Term Loan SONIA+475, 0.00% Floor 8/30/2031 £","3","695","Fair Value(1)(35)","47,758"
"SRC046","109","8","First Lien Secured Debt - Term Loan S+475, 0.00% Floor 8/30/2031","1","574","Par/Shares/Units(3)","41,610"
"SRC046","109","8","First Lien Secured Debt - Term Loan S+475, 0.00% Floor 8/30/2031","2","630","Cost(34)","41,610"
"SRC046","109","8","First Lien Secured Debt - Term Loan S+475, 0.00% Floor 8/30/2031","3","695","Fair Value(1)(35)","41,818"
"SRC046","109","9","First Lien Secured Debt - Term Loan E+475, 0.00% Floor 8/30/2031 €","1","574","Par/Shares/Units(3)","18,790"
"SRC046","109","9","First Lien Secured Debt - Term Loan E+475, 0.00% Floor 8/30/2031 €","2","630","Cost(34)","20,770"
"SRC046","109","9","First Lien Secured Debt - Term Loan E+475, 0.00% Floor 8/30/2031 €","3","695","Fair Value(1)(35)","22,137"
"SRC046","109","10","First Lien Secured Debt - Delayed Draw S+475, 0.00% Floor 8/30/2031","1","574","Par/Shares/Units(3)","14,372"
"SRC046","109","10","First Lien Secured Debt - Delayed Draw S+475, 0.00% Floor 8/30/2031","2","630","Cost(34)","14,178"
"SRC046","109","10","First Lien Secured Debt - Delayed Draw S+475, 0.00% Floor 8/30/2031","3","695","Fair Value(1)(35)","14,444"
"SRC046","109","11","First Lien Secured Debt - Delayed Draw SONIA+475, 0.00% Floor 8/30/2031 £","2","630","Cost(34)","(138)"
"SRC046","109","11","First Lien Secured Debt - Delayed Draw SONIA+475, 0.00% Floor 8/30/2031 £","4","725","","(32)"
"SRC046","109","12","Apex Group Treasury LLC First Lien Secured Debt - Term Loan S+350, 0.00% Floor 2/27/2032","1","574","Par/Shares/Units(3)","14,616"
"SRC046","109","12","Apex Group Treasury LLC First Lien Secured Debt - Term Loan S+350, 0.00% Floor 2/27/2032","2","630","Cost(34)","14,547"
"SRC046","109","12","Apex Group Treasury LLC First Lien Secured Debt - Term Loan S+350, 0.00% Floor 2/27/2032","3","695","Fair Value(1)(35)","13,812"
"SRC046","109","13","GTCR Everest Borrower, LLC First Lien Secured Debt - Term Loan S+275, 0.00% Floor 9/5/2031","1","574","Par/Shares/Units(3)","13,890"
"SRC046","109","13","GTCR Everest Borrower, LLC First Lien Secured Debt - Term Loan S+275, 0.00% Floor 9/5/2031","2","630","Cost(34)","13,866"
"SRC046","109","13","GTCR Everest Borrower, LLC First Lien Secured Debt - Term Loan S+275, 0.00% Floor 9/5/2031","3","695","Fair Value(1)(35)","13,958"
"SRC046","109","13","GTCR Everest Borrower, LLC First Lien Secured Debt - Term Loan S+275, 0.00% Floor 9/5/2031","4","725","","(16)"
"SRC046","109","14","Cerity Partners Equity Holding LLC First Lien Secured Debt - Delayed Draw S+450, 0.75% Floor 7/28/2031","2","630","Cost(34)","(144)"
"SRC046","109","14","Cerity Partners Equity Holding LLC First Lien Secured Debt - Delayed Draw S+450, 0.75% Floor 7/28/2031","3","695","Fair Value(1)(35)","(144)"
"SRC046","109","15","First Lien Secured Debt - Revolver S+450, 0.75% Floor 7/28/2031","1","574","Par/Shares/Units(3)","832"
"SRC046","109","15","First Lien Secured Debt - Revolver S+450, 0.75% Floor 7/28/2031","2","630","Cost(34)","806"
"SRC046","109","15","First Lien Secured Debt - Revolver S+450, 0.75% Floor 7/28/2031","3","695","Fair Value(1)(35)","806"
"SRC046","110","1","CFC USA 2025 LLC First Lien Secured Debt - Term Loan S+375, 0.00% Floor 7/1/2032","1","570","Par/Shares/Units(3)","28,000"
"SRC046","110","1","CFC USA 2025 LLC First Lien Secured Debt - Term Loan S+375, 0.00% Floor 7/1/2032","2","635","Cost(34)","27,240"
"SRC046","110","1","CFC USA 2025 LLC First Lien Secured Debt - Term Loan S+375, 0.00% Floor 7/1/2032","3","702","Fair Value(1)(35)","27,335"
"SRC046","110","2","Crete PA Holdco, LLC First Lien Secured Debt - Term Loan S+475, 1.00% Floor 11/26/2030","1","570","Par/Shares/Units(3)","23,256"
"SRC046","110","2","Crete PA Holdco, LLC First Lien Secured Debt - Term Loan S+475, 1.00% Floor 11/26/2030","2","635","Cost(34)","23,157"
"SRC046","110","2","Crete PA Holdco, LLC First Lien Secured Debt - Term Loan S+475, 1.00% Floor 11/26/2030","3","702","Fair Value(1)(35)","23,081"
"SRC046","110","3","First Lien Secured Debt - Delayed Draw S+475, 1.00% Floor 11/26/2030","1","570","Par/Shares/Units(3)","23,198"
"SRC046","110","3","First Lien Secured Debt - Delayed Draw S+475, 1.00% Floor 11/26/2030","2","635","Cost(34)","22,915"
"SRC046","110","3","First Lien Secured Debt - Delayed Draw S+475, 1.00% Floor 11/26/2030","3","702","Fair Value(1)(35)","22,549"
"SRC046","110","4","First Lien Secured Debt - Delayed Draw S+500, 1.00% Floor 11/26/2030","2","635","Cost(34)","(155)"
"SRC046","110","4","First Lien Secured Debt - Delayed Draw S+500, 1.00% Floor 11/26/2030","3","702","Fair Value(1)(35)","(474)"
"SRC046","110","5","First Lien Secured Debt - Revolver S+500, 1.00% Floor 11/26/2030","2","635","Cost(34)","(62)"
"SRC046","110","5","First Lien Secured Debt - Revolver S+500, 1.00% Floor 11/26/2030","3","702","Fair Value(1)(35)","(97)"
"SRC046","110","6","EP Wealth Advisors Inc First Lien Secured Debt - Term Loan S+300, 0.00% Floor 10/18/2032","1","570","Par/Shares/Units(3)","10,000"
"SRC046","110","6","EP Wealth Advisors Inc First Lien Secured Debt - Term Loan S+300, 0.00% Floor 10/18/2032","2","635","Cost(34)","9,975"
"SRC046","110","6","EP Wealth Advisors Inc First Lien Secured Debt - Term Loan S+300, 0.00% Floor 10/18/2032","3","702","Fair Value(1)(35)","10,075"
"SRC046","110","6","EP Wealth Advisors Inc First Lien Secured Debt - Term Loan S+300, 0.00% Floor 10/18/2032","4","732","","(16)"
"SRC046","110","7","Violin Finco Guernsey Limited First Lien Secured Debt - Term Loan SONIA+525, 0.00% Floor 6/24/2031 £","1","570","Par/Shares/Units(3)","68,523"
"SRC046","110","7","Violin Finco Guernsey Limited First Lien Secured Debt - Term Loan SONIA+525, 0.00% Floor 6/24/2031 £","2","635","Cost(34)","86,207"
"SRC046","110","7","Violin Finco Guernsey Limited First Lien Secured Debt - Term Loan SONIA+525, 0.00% Floor 6/24/2031 £","3","702","Fair Value(1)(35)","91,673"
"SRC046","110","7","Violin Finco Guernsey Limited First Lien Secured Debt - Term Loan SONIA+525, 0.00% Floor 6/24/2031 £","4","732","","8)"
"SRC046","110","8","First Lien Secured Debt - Delayed Draw SONIA+525, 0.00% Floor 6/24/2031 £","2","635","Cost(34)","(26)"
"SRC046","110","8","First Lien Secured Debt - Delayed Draw SONIA+525, 0.00% Floor 6/24/2031 £","3","702","Fair Value(1)(35)","(54)"
"SRC046","110","9","Tulip Bidco Limited First Lien Secured Debt - Delayed Draw SONIA+587, 0.00% Floor 12/13/2027 £","1","570","Par/Shares/Units(3)","41,297"
"SRC046","110","9","Tulip Bidco Limited First Lien Secured Debt - Delayed Draw SONIA+587, 0.00% Floor 12/13/2027 £","2","635","Cost(34)","52,740"
"SRC046","110","9","Tulip Bidco Limited First Lien Secured Debt - Delayed Draw SONIA+587, 0.00% Floor 12/13/2027 £","3","702","Fair Value(1)(35)","51,884"
"SRC046","110","10","GC Waves Holdings, Inc. First Lien Secured Debt - Term Loan S+450, 0.75% Floor 10/4/2030","1","570","Par/Shares/Units(3)","62,893"
"SRC046","110","10","GC Waves Holdings, Inc. First Lien Secured Debt - Term Loan S+450, 0.75% Floor 10/4/2030","2","635","Cost(34)","62,827"
"SRC046","110","10","GC Waves Holdings, Inc. First Lien Secured Debt - Term Loan S+450, 0.75% Floor 10/4/2030","3","702","Fair Value(1)(35)","62,592"
"SRC046","110","11","First Lien Secured Debt - Delayed Draw S+450, 0.75% Floor 10/4/2030","1","570","Par/Shares/Units(3)","35,281"
"SRC046","110","11","First Lien Secured Debt - Delayed Draw S+450, 0.75% Floor 10/4/2030","2","635","Cost(34)","35,017"
"SRC046","110","11","First Lien Secured Debt - Delayed Draw S+450, 0.75% Floor 10/4/2030","3","702","Fair Value(1)(35)","34,943"
"SRC046","110","12","First Lien Secured Debt - Revolver S+450, 0.75% Floor 10/4/2030","2","635","Cost(34)","(3)"
"SRC046","110","12","First Lien Secured Debt - Revolver S+450, 0.75% Floor 10/4/2030","3","702","Fair Value(1)(35)","(13)"
"SRC046","110","13","PEX Holdings LLC First Lien Secured Debt - Term Loan S+275, 0.00% Floor 11/26/2031","1","570","Par/Shares/Units(3)","20,204"
"SRC046","110","13","PEX Holdings LLC First Lien Secured Debt - Term Loan S+275, 0.00% Floor 11/26/2031","2","635","Cost(34)","20,159"
"SRC046","110","13","PEX Holdings LLC First Lien Secured Debt - Term Loan S+275, 0.00% Floor 11/26/2031","3","702","Fair Value(1)(35)","20,255"
"SRC046","110","13","PEX Holdings LLC First Lien Secured Debt - Term Loan S+275, 0.00% Floor 11/26/2031","4","732","","(16)"
"SRC046","110","14","Harp Finco Limited First Lien Secured Debt - Term Loan SONIA+500, 0.00% Floor 3/27/2032 £","1","570","Par/Shares/Units(3)","134,986"
"SRC046","110","14","Harp Finco Limited First Lien Secured Debt - Term Loan SONIA+500, 0.00% Floor 3/27/2032 £","2","635","Cost(34)","171,592"
"SRC046","110","14","Harp Finco Limited First Lien Secured Debt - Term Loan SONIA+500, 0.00% Floor 3/27/2032 £","3","702","Fair Value(1)(35)","181,954"
"SRC046","110","15","Madonna Bidco Limited First Lien Secured Debt - Term Loan SONIA+525, 0.00% Floor 10/27/2031 £","1","570","Par/Shares/Units(3)","23,819"
"SRC046","110","15","Madonna Bidco Limited First Lien Secured Debt - Term Loan SONIA+525, 0.00% Floor 10/27/2031 £","2","635","Cost(34)","30,365"
"SRC046","110","15","Madonna Bidco Limited First Lien Secured Debt - Term Loan SONIA+525, 0.00% Floor 10/27/2031 £","3","702","Fair Value(1)(35)","31,626"
"SRC046","110","15","Madonna Bidco Limited First Lien Secured Debt - Term Loan SONIA+525, 0.00% Floor 10/27/2031 £","4","732","","8)"
"SRC046","110","16","First Lien Secured Debt - Delayed Draw SONIA+525, 0.00% Floor 10/27/2031 £","1","570","Par/Shares/Units(3)","248"
"SRC046","110","16","First Lien Secured Debt - Delayed Draw SONIA+525, 0.00% Floor 10/27/2031 £","2","635","Cost(34)","265"
"SRC046","110","16","First Lien Secured Debt - Delayed Draw SONIA+525, 0.00% Floor 10/27/2031 £","3","702","Fair Value(1)(35)","236"
"SRC046","111","1","Jensen Hughes, Inc First Lien Secured Debt - Term Loan S+500, 0.75% Floor 9/1/2031","1","574","Par/Shares/Units(3)","77,859"
"SRC046","111","1","Jensen Hughes, Inc First Lien Secured Debt - Term Loan S+500, 0.75% Floor 9/1/2031","2","629","Cost(34)","76,861"
"SRC046","111","1","Jensen Hughes, Inc First Lien Secured Debt - Term Loan S+500, 0.75% Floor 9/1/2031","3","695","Fair Value(1)(35)","77,275"
"SRC046","111","2","First Lien Secured Debt - Delayed Draw S+500, 0.75% Floor 9/1/2031","1","574","Par/Shares/Units(3)","4,239"
"SRC046","111","2","First Lien Secured Debt - Delayed Draw S+500, 0.75% Floor 9/1/2031","2","629","Cost(34)","4,078"
"SRC046","111","2","First Lien Secured Debt - Delayed Draw S+500, 0.75% Floor 9/1/2031","3","695","Fair Value(1)(35)","4,035"
"SRC046","111","3","First Lien Secured Debt - Revolver S+500, 0.75% Floor 9/1/2031","2","629","Cost(34)","(107)"
"SRC046","111","3","First Lien Secured Debt - Revolver S+500, 0.75% Floor 9/1/2031","3","695","Fair Value(1)(35)","(66)"
"SRC046","111","4","Inc. First Lien Secured Debt - Term Loan S+300, 0.00% Floor 12/9/2032","1","574","Par/Shares/Units(3)","16,000"
"SRC046","111","4","Inc. First Lien Secured Debt - Term Loan S+300, 0.00% Floor 12/9/2032","2","629","Cost(34)","15,960"
"SRC046","111","4","Inc. First Lien Secured Debt - Term Loan S+300, 0.00% Floor 12/9/2032","3","695","Fair Value(1)(35)","16,040"
"SRC046","111","5","Evoriel First Lien Secured Debt - Term Loan E+500, 0.00% Floor 4/2/2031 €","1","574","Par/Shares/Units(3)","43,574"
"SRC046","111","5","Evoriel First Lien Secured Debt - Term Loan E+500, 0.00% Floor 4/2/2031 €","2","629","Cost(34)","46,176"
"SRC046","111","5","Evoriel First Lien Secured Debt - Term Loan E+500, 0.00% Floor 4/2/2031 €","3","695","Fair Value(1)(35)","50,952"
"SRC046","111","6","First Lien Secured Debt - Delayed Draw E+500, 0.00% Floor 4/2/2031 €","1","574","Par/Shares/Units(3)","20,915"
"SRC046","111","6","First Lien Secured Debt - Delayed Draw E+500, 0.00% Floor 4/2/2031 €","2","629","Cost(34)","22,305"
"SRC046","111","6","First Lien Secured Debt - Delayed Draw E+500, 0.00% Floor 4/2/2031 €","3","695","Fair Value(1)(35)","24,448"
"SRC046","111","7","Orthrus Ltd First Lien Secured Debt - Term Loan PIK, 1.00% Floor 12/5/2031","1","574","Par/Shares/Units(3)","49,734"
"SRC046","111","7","Orthrus Ltd First Lien Secured Debt - Term Loan PIK, 1.00% Floor 12/5/2031","2","629","Cost(34)","48,714"
"SRC046","111","7","Orthrus Ltd First Lien Secured Debt - Term Loan PIK, 1.00% Floor 12/5/2031","3","695","Fair Value(1)(35)","48,988"
"SRC046","111","8","First Lien Secured Debt - Term Loan 2.75% PIK, 0.00% Floor 12/5/2031 £","1","574","Par/Shares/Units(3)","18,413"
"SRC046","111","8","First Lien Secured Debt - Term Loan 2.75% PIK, 0.00% Floor 12/5/2031 £","2","629","Cost(34)","23,209"
"SRC046","111","8","First Lien Secured Debt - Term Loan 2.75% PIK, 0.00% Floor 12/5/2031 £","3","695","Fair Value(1)(35)","24,447"
"SRC046","111","9","First Lien Secured Debt - Term Loan PIK, 0.00% Floor 12/5/2031 €","1","574","Par/Shares/Units(3)","16,449"
"SRC046","111","9","First Lien Secured Debt - Term Loan PIK, 0.00% Floor 12/5/2031 €","2","629","Cost(34)","17,227"
"SRC046","111","9","First Lien Secured Debt - Term Loan PIK, 0.00% Floor 12/5/2031 €","3","695","Fair Value(1)(35)","19,041"
"SRC046","111","10","First Lien Secured Debt - Delayed Draw SONIA+625, 0.00% Floor 12/5/2031 £","2","629","Cost(34)","54"
"SRC046","111","10","First Lien Secured Debt - Delayed Draw SONIA+625, 0.00% Floor 12/5/2031 £","3","695","Fair Value(1)(35)","(75)"
"SRC046","111","11","Orion US Finco First Lien Secured Debt - Term Loan S+350, 0.00% Floor 10/8/2032","1","574","Par/Shares/Units(3)","15,000"
"SRC046","111","11","Orion US Finco First Lien Secured Debt - Term Loan S+350, 0.00% Floor 10/8/2032","2","629","Cost(34)","14,927"
"SRC046","111","11","Orion US Finco First Lien Secured Debt - Term Loan S+350, 0.00% Floor 10/8/2032","3","695","Fair Value(1)(35)","15,088"
"SRC046","111","12","Hurricane Cleanco Limited First Lien Secured Debt - Term Loan 6.25% PIK, 1.00% Floor 11/21/2029 £","1","574","Par/Shares/Units(3)","53,278"
"SRC046","111","12","Hurricane Cleanco Limited First Lien Secured Debt - Term Loan 6.25% PIK, 1.00% Floor 11/21/2029 £","2","629","Cost(34)","63,895"
"SRC046","111","12","Hurricane Cleanco Limited First Lien Secured Debt - Term Loan 6.25% PIK, 1.00% Floor 11/21/2029 £","3","695","Fair Value(1)(35)","71,996"
"SRC046","111","13","Paisley Bidco Limited First Lien Secured Debt - Term Loan SONIA+525, 0.00% Floor 5/7/2031 £","1","574","Par/Shares/Units(3)","83,858"
"SRC046","111","13","Paisley Bidco Limited First Lien Secured Debt - Term Loan SONIA+525, 0.00% Floor 5/7/2031 £","2","629","Cost(34)","104,266"
"SRC046","111","13","Paisley Bidco Limited First Lien Secured Debt - Term Loan SONIA+525, 0.00% Floor 5/7/2031 £","3","695","Fair Value(1)(35)","109,363"
"SRC046","111","14","First Lien Secured Debt - Term Loan E+525, 0.00% Floor 5/7/2031 €","1","574","Par/Shares/Units(3)","28,797"
"SRC046","111","14","First Lien Secured Debt - Term Loan E+525, 0.00% Floor 5/7/2031 €","2","629","Cost(34)","30,792"
"SRC046","111","14","First Lien Secured Debt - Term Loan E+525, 0.00% Floor 5/7/2031 €","3","695","Fair Value(1)(35)","32,827"
"SRC046","111","15","First Lien Secured Debt - Delayed Draw E+525, 0.00% Floor 5/7/2031 €","1","574","Par/Shares/Units(3)","38,624"
"SRC046","111","15","First Lien Secured Debt - Delayed Draw E+525, 0.00% Floor 5/7/2031 €","2","629","Cost(34)","43,975"
"SRC046","111","15","First Lien Secured Debt - Delayed Draw E+525, 0.00% Floor 5/7/2031 €","3","695","Fair Value(1)(35)","43,915"
"SRC046","111","16","First Lien Secured Debt - Delayed Draw SONIA+525, 0.00% Floor 5/7/2031 £","1","574","Par/Shares/Units(3)","2,560"
"SRC046","111","16","First Lien Secured Debt - Delayed Draw SONIA+525, 0.00% Floor 5/7/2031 £","2","629","Cost(34)","3,104"
"SRC046","111","16","First Lien Secured Debt - Delayed Draw SONIA+525, 0.00% Floor 5/7/2031 £","3","695","Fair Value(1)(35)","2,978"
"SRC046","111","17","PMA Parent Holdings, LLC First Lien Secured Debt - Term Loan S+475, 0.75% Floor 1/31/2031","1","574","Par/Shares/Units(3)","13,978"
"SRC046","111","17","PMA Parent Holdings, LLC First Lien Secured Debt - Term Loan S+475, 0.75% Floor 1/31/2031","2","629","Cost(34)","13,853"
"SRC046","111","17","PMA Parent Holdings, LLC First Lien Secured Debt - Term Loan S+475, 0.75% Floor 1/31/2031","3","695","Fair Value(1)(35)","13,838"
"SRC046","111","18","First Lien Secured Debt - Revolver S+475, 0.75% Floor 1/31/2031","2","629","Cost(34)","(8)"
"SRC046","111","18","First Lien Secured Debt - Revolver S+475, 0.75% Floor 1/31/2031","3","695","Fair Value(1)(35)","(10)"
"SRC046","112","1","Stretto, Inc. First Lien Secured Debt - Term Loan S+525, 1.00% Floor 10/13/2028","1","570","Par/Shares/Units(3)","123,188"
"SRC046","112","1","Stretto, Inc. First Lien Secured Debt - Term Loan S+525, 1.00% Floor 10/13/2028","2","637","Cost(34)","121,668"
"SRC046","112","1","Stretto, Inc. First Lien Secured Debt - Term Loan S+525, 1.00% Floor 10/13/2028","3","706","Fair Value(1)(35)","120,724"
"SRC046","112","2","Howardsimon LLC First Lien Secured Debt - Term Loan S+475, 0.75% Floor 12/13/2030","1","570","Par/Shares/Units(3)","20,965"
"SRC046","112","2","Howardsimon LLC First Lien Secured Debt - Term Loan S+475, 0.75% Floor 12/13/2030","2","637","Cost(34)","20,862"
"SRC046","112","2","Howardsimon LLC First Lien Secured Debt - Term Loan S+475, 0.75% Floor 12/13/2030","3","706","Fair Value(1)(35)","20,703"
"SRC046","112","3","First Lien Secured Debt - Delayed Draw S+475, 0.75% Floor 12/13/2030","1","570","Par/Shares/Units(3)","47,891"
"SRC046","112","3","First Lien Secured Debt - Delayed Draw S+475, 0.75% Floor 12/13/2030","2","637","Cost(34)","47,737"
"SRC046","112","3","First Lien Secured Debt - Delayed Draw S+475, 0.75% Floor 12/13/2030","3","706","Fair Value(1)(35)","46,843"
"SRC046","112","3","First Lien Secured Debt - Delayed Draw S+475, 0.75% Floor 12/13/2030","4","732","","2)"
"SRC046","112","4","First Lien Secured Debt - Revolver S+475, 0.75% Floor 12/13/2030","2","637","Cost(34)","(8)"
"SRC046","112","4","First Lien Secured Debt - Revolver S+475, 0.75% Floor 12/13/2030","3","706","Fair Value(1)(35)","(47)"
"SRC046","112","5","RE Closing Buyer Corp. First Lien Secured Debt - Term Loan S+550, 1.00% Floor 9/27/2031","1","570","Par/Shares/Units(3)","131,825"
"SRC046","112","5","RE Closing Buyer Corp. First Lien Secured Debt - Term Loan S+550, 1.00% Floor 9/27/2031","2","637","Cost(34)","129,499"
"SRC046","112","5","RE Closing Buyer Corp. First Lien Secured Debt - Term Loan S+550, 1.00% Floor 9/27/2031","3","706","Fair Value(1)(35)","129,188"
"SRC046","112","6","VEPF VII Holdings, L.P. First Lien Secured Debt - Term Loan S+450, 0.00% Floor 2/28/2028","1","570","Par/Shares/Units(3)","19,340"
"SRC046","112","6","VEPF VII Holdings, L.P. First Lien Secured Debt - Term Loan S+450, 0.00% Floor 2/28/2028","2","637","Cost(34)","19,298"
"SRC046","112","6","VEPF VII Holdings, L.P. First Lien Secured Debt - Term Loan S+450, 0.00% Floor 2/28/2028","3","706","Fair Value(1)(35)","19,603"
"SRC046","112","7","Wealth Enhancement Group, LLC First Lien Secured Debt - Delayed Draw S+450, 1.00% Floor 10/2/2028","3","706","Fair Value(1)(35)","(54)"
"SRC046","112","8","WH Borrower, LLC First Lien Secured Debt - Term Loan S+450, 0.50% Floor 2/20/2032","1","570","Par/Shares/Units(3)","56,566"
"SRC046","112","8","WH Borrower, LLC First Lien Secured Debt - Term Loan S+450, 0.50% Floor 2/20/2032","2","637","Cost(34)","56,027"
"SRC046","112","8","WH Borrower, LLC First Lien Secured Debt - Term Loan S+450, 0.50% Floor 2/20/2032","3","706","Fair Value(1)(35)","56,906"
"SRC046","112","8","WH Borrower, LLC First Lien Secured Debt - Term Loan S+450, 0.50% Floor 2/20/2032","4","732","","(16)"
"SRC046","112","9","Total Financial","2","637","Cost(34)","1,646,029"
"SRC046","112","9","Total Financial","3","706","Fair Value(1)(35)","1,690,881"
"SRC046","112","10","Froneri US, Inc First Lien Secured Debt - Term Loan S+225, 0.00% Floor 9/30/2031 $","1","570","Par/Shares/Units(3)","13,167"
"SRC046","112","10","Froneri US, Inc First Lien Secured Debt - Term Loan S+225, 0.00% Floor 9/30/2031 $","2","637","Cost(34)","13,067"
"SRC046","112","10","Froneri US, Inc First Lien Secured Debt - Term Loan S+225, 0.00% Floor 9/30/2031 $","3","706","Fair Value(1)(35)","13,177"
"SRC046","112","11","First Lien Secured Debt - Term Loan S+225, 0.00% Floor 9/30/2032","1","570","Par/Shares/Units(3)","9,500"
"SRC046","112","11","First Lien Secured Debt - Term Loan S+225, 0.00% Floor 9/30/2032","2","637","Cost(34)","9,479"
"SRC046","112","11","First Lien Secured Debt - Term Loan S+225, 0.00% Floor 9/30/2032","3","706","Fair Value(1)(35)","9,513"
"SRC046","112","12","Green Grass Foods, Inc. First Lien Secured Debt - Term Loan S+500, 1.00% Floor 12/26/2029","1","570","Par/Shares/Units(3)","3,675"
"SRC046","112","12","Green Grass Foods, Inc. First Lien Secured Debt - Term Loan S+500, 1.00% Floor 12/26/2029","2","637","Cost(34)","3,621"
"SRC046","112","12","Green Grass Foods, Inc. First Lien Secured Debt - Term Loan S+500, 1.00% Floor 12/26/2029","3","706","Fair Value(1)(35)","3,620"
"SRC046","112","13","First Lien Secured Debt - Revolver S+500, 1.00% Floor 12/26/2029","2","637","Cost(34)","(17)"
"SRC046","112","13","First Lien Secured Debt - Revolver S+500, 1.00% Floor 12/26/2029","3","706","Fair Value(1)(35)","(19)"
"SRC046","112","14","Nutpods Holdings, Inc. Common Equity - Stock N/A N/A 125","2","637","Cost(34)","125"
"SRC046","112","14","Nutpods Holdings, Inc. Common Equity - Stock N/A N/A 125","3","706","Fair Value(1)(35)","92"
"SRC046","112","15","Patriot Foods Buyer, Inc. First Lien Secured Debt - Term Loan S+525, 1.00% Floor 12/24/2029","1","570","Par/Shares/Units(3)","6,452"
"SRC046","112","15","Patriot Foods Buyer, Inc. First Lien Secured Debt - Term Loan S+525, 1.00% Floor 12/24/2029","2","637","Cost(34)","6,359"
"SRC046","112","15","Patriot Foods Buyer, Inc. First Lien Secured Debt - Term Loan S+525, 1.00% Floor 12/24/2029","3","706","Fair Value(1)(35)","6,404"
"SRC046","112","16","First Lien Secured Debt - Delayed Draw S+525, 1.00% Floor 12/22/2029","1","570","Par/Shares/Units(3)","826"
"SRC046","112","16","First Lien Secured Debt - Delayed Draw S+525, 1.00% Floor 12/22/2029","2","637","Cost(34)","809"
"SRC046","112","16","First Lien Secured Debt - Delayed Draw S+525, 1.00% Floor 12/22/2029","3","706","Fair Value(1)(35)","807"
"SRC046","112","17","First Lien Secured Debt - Revolver S+525, 1.00% Floor 12/22/2029","1","570","Par/Shares/Units(3)","298"
"SRC046","112","17","First Lien Secured Debt - Revolver S+525, 1.00% Floor 12/22/2029","2","637","Cost(34)","286"
"SRC046","112","17","First Lien Secured Debt - Revolver S+525, 1.00% Floor 12/22/2029","3","706","Fair Value(1)(35)","291"
"SRC046","112","18","Primary Products Finance LLC First Lien Secured Debt - Term Loan S+325, 0.50% Floor 4/1/2029","1","570","Par/Shares/Units(3)","6,483"
"SRC046","112","18","Primary Products Finance LLC First Lien Secured Debt - Term Loan S+325, 0.50% Floor 4/1/2029","2","637","Cost(34)","6,351"
"SRC046","112","18","Primary Products Finance LLC First Lien Secured Debt - Term Loan S+325, 0.50% Floor 4/1/2029","3","706","Fair Value(1)(35)","6,415"
"SRC046","112","18","Primary Products Finance LLC First Lien Secured Debt - Term Loan S+325, 0.50% Floor 4/1/2029","4","732","","(16)"
"SRC046","112","19","Total Food","2","637","Cost(34)","40,080"
"SRC046","112","19","Total Food","3","706","Fair Value(1)(35)","40,300"
"SRC046","113","1","CP2 LNG Holdings, LLC First Lien Secured Debt - Term Loan S+350, 0.00% Floor 7/28/2028 $","1","570","Par/Shares/Units(3)","31,250"
"SRC046","113","1","CP2 LNG Holdings, LLC First Lien Secured Debt - Term Loan S+350, 0.00% Floor 7/28/2028 $","2","629","Cost(34)","30,466"
"SRC046","113","1","CP2 LNG Holdings, LLC First Lien Secured Debt - Term Loan S+350, 0.00% Floor 7/28/2028 $","3","704","Fair Value(1)(35)","30,313"
"SRC046","113","2","Total Gas","2","629","Cost(34)","30,466"
"SRC046","113","2","Total Gas","3","704","Fair Value(1)(35)","30,313"
"SRC046","113","3","Channelside AcquisitionCo, Inc. First Lien Secured Debt - Term Loan S+475, 0.75% Floor 6/30/2028 $","1","570","Par/Shares/Units(3)","39,526"
"SRC046","113","3","Channelside AcquisitionCo, Inc. First Lien Secured Debt - Term Loan S+475, 0.75% Floor 6/30/2028 $","2","629","Cost(34)","38,933"
"SRC046","113","3","Channelside AcquisitionCo, Inc. First Lien Secured Debt - Term Loan S+475, 0.75% Floor 6/30/2028 $","3","704","Fair Value(1)(35)","39,131"
"SRC046","113","4","First Lien Secured Debt - Delayed Draw S+475, 0.75% Floor 6/30/2028","2","629","Cost(34)","(8)"
"SRC046","113","4","First Lien Secured Debt - Delayed Draw S+475, 0.75% Floor 6/30/2028","3","704","Fair Value(1)(35)","(40)"
"SRC046","113","5","First Lien Secured Debt - Revolver S+475, 0.75% Floor 3/31/2028","1","570","Par/Shares/Units(3)","326"
"SRC046","113","5","First Lien Secured Debt - Revolver S+475, 0.75% Floor 3/31/2028","2","629","Cost(34)","325"
"SRC046","113","5","First Lien Secured Debt - Revolver S+475, 0.75% Floor 3/31/2028","3","704","Fair Value(1)(35)","287"
"SRC046","113","6","First Student Bidco Inc. First Lien Secured Debt - Term Loan S+250, 0.00% Floor 8/15/2030","1","570","Par/Shares/Units(3)","7,593"
"SRC046","113","6","First Student Bidco Inc. First Lien Secured Debt - Term Loan S+250, 0.00% Floor 8/15/2030","2","629","Cost(34)","7,589"
"SRC046","113","6","First Student Bidco Inc. First Lien Secured Debt - Term Loan S+250, 0.00% Floor 8/15/2030","3","704","Fair Value(1)(35)","7,628"
"SRC046","113","7","First Lien Secured Debt - Term Loan S+250, 0.50% Floor 8/15/2030","1","570","Par/Shares/Units(3)","1,806"
"SRC046","113","7","First Lien Secured Debt - Term Loan S+250, 0.50% Floor 8/15/2030","2","629","Cost(34)","1,805"
"SRC046","113","7","First Lien Secured Debt - Term Loan S+250, 0.50% Floor 8/15/2030","3","704","Fair Value(1)(35)","1,813"
"SRC046","113","8","Genesee & Wyoming Inc. First Lien Secured Debt - Term Loan S+175, 0.00% Floor 4/10/2031","1","570","Par/Shares/Units(3)","56,047"
"SRC046","113","8","Genesee & Wyoming Inc. First Lien Secured Debt - Term Loan S+175, 0.00% Floor 4/10/2031","2","629","Cost(34)","55,841"
"SRC046","113","8","Genesee & Wyoming Inc. First Lien Secured Debt - Term Loan S+175, 0.00% Floor 4/10/2031","3","704","Fair Value(1)(35)","56,108"
"SRC046","113","9","Olympus Terminals Holdco II LLC First Lien Secured Debt - Term Loan S+525, 0.75% Floor 12/17/2030","1","570","Par/Shares/Units(3)","36,882"
"SRC046","113","9","Olympus Terminals Holdco II LLC First Lien Secured Debt - Term Loan S+525, 0.75% Floor 12/17/2030","2","629","Cost(34)","36,246"
"SRC046","113","9","Olympus Terminals Holdco II LLC First Lien Secured Debt - Term Loan S+525, 0.75% Floor 12/17/2030","3","704","Fair Value(1)(35)","36,425"
"SRC046","113","10","First Lien Secured Debt - Delayed Draw S+525, 0.75% Floor 12/17/2030","2","629","Cost(34)","(100)"
"SRC046","113","10","First Lien Secured Debt - Delayed Draw S+525, 0.75% Floor 12/17/2030","3","704","Fair Value(1)(35)","(149)"
"SRC046","113","11","First Lien Secured Debt - Revolver S+525, 0.75% Floor 12/17/2030","2","629","Cost(34)","(168)"
"SRC046","113","11","First Lien Secured Debt - Revolver S+525, 0.75% Floor 12/17/2030","3","704","Fair Value(1)(35)","(124)"
"SRC046","113","12","Holdings Inc First Lien Secured Debt - Term Loan S+325, 0.00% Floor 6/24/2032","1","570","Par/Shares/Units(3)","7,761"
"SRC046","113","12","Holdings Inc First Lien Secured Debt - Term Loan S+325, 0.00% Floor 6/24/2032","2","629","Cost(34)","7,723"
"SRC046","113","12","Holdings Inc First Lien Secured Debt - Term Loan S+325, 0.00% Floor 6/24/2032","3","704","Fair Value(1)(35)","7,794"
"SRC046","113","13","TI Intermediate Holdings, LLC First Lien Secured Debt - Term Loan 8.32% 6/18/2027","1","570","Par/Shares/Units(3)","7,473"
"SRC046","113","13","TI Intermediate Holdings, LLC First Lien Secured Debt - Term Loan 8.32% 6/18/2027","2","629","Cost(34)","7,466"
"SRC046","113","13","TI Intermediate Holdings, LLC First Lien Secured Debt - Term Loan 8.32% 6/18/2027","3","704","Fair Value(1)(35)","5,081"
"SRC046","113","14","First Lien Secured Debt - Term Loan 1.00% 6/18/2027","1","570","Par/Shares/Units(3)","8"
"SRC046","113","14","First Lien Secured Debt - Term Loan 1.00% 6/18/2027","3","704","Fair Value(1)(35)","8"
"SRC046","113","15","First Lien Secured Debt - Revolver 8.32% 6/18/2027","2","629","Cost(34)","(8)"
"SRC046","113","16","Total Ground Transportation","2","629","Cost(34)","155,644"
"SRC046","113","16","Total Ground Transportation","3","704","Fair Value(1)(35)","153,962"
"SRC046","113","17","Bausch + Lomb Corporation First Lien Secured Debt - Term Loan S+425, 0.00% Floor 1/15/2031 $","1","570","Par/Shares/Units(3)","17,223"
"SRC046","113","17","Bausch + Lomb Corporation First Lien Secured Debt - Term Loan S+425, 0.00% Floor 1/15/2031 $","2","629","Cost(34)","17,149"
"SRC046","113","17","Bausch + Lomb Corporation First Lien Secured Debt - Term Loan S+425, 0.00% Floor 1/15/2031 $","3","704","Fair Value(1)(35)","17,426"
"SRC046","113","18","Heartbeat BidCo GmbH First Lien Secured Debt - Term Loan E+650, 0.50% Floor 6/28/2030 €","1","570","Par/Shares/Units(3)","20,000"
"SRC046","113","18","Heartbeat BidCo GmbH First Lien Secured Debt - Term Loan E+650, 0.50% Floor 6/28/2030 €","2","629","Cost(34)","21,517"
"SRC046","113","18","Heartbeat BidCo GmbH First Lien Secured Debt - Term Loan E+650, 0.50% Floor 6/28/2030 €","3","704","Fair Value(1)(35)","23,386"
"SRC046","113","19","First Lien Secured Debt - Delayed Draw E+650, 0.50% Floor 6/28/2030 €","2","629","Cost(34)","(26)"
"SRC046","113","19","First Lien Secured Debt - Delayed Draw E+650, 0.50% Floor 6/28/2030 €","3","704","Fair Value(1)(35)","(57)"
"SRC046","114","1","Medline Borrower LP First Lien Secured Debt - Term Loan S+175, 0.50% Floor 10/23/2028","1","575","Par/Shares/Units(3)","14,481"
"SRC046","114","1","Medline Borrower LP First Lien Secured Debt - Term Loan S+175, 0.50% Floor 10/23/2028","2","631","Cost(34)","14,486"
"SRC046","114","1","Medline Borrower LP First Lien Secured Debt - Term Loan S+175, 0.50% Floor 10/23/2028","3","699","Fair Value(1)(35)","14,541"
"SRC046","114","1","Medline Borrower LP First Lien Secured Debt - Term Loan S+175, 0.50% Floor 10/23/2028","4","727","","(15)"
"SRC046","114","2","Resonetics, LLC First Lien Secured Debt - Term Loan S+275, 0.75% Floor 6/18/2031","1","575","Par/Shares/Units(3)","9,875"
"SRC046","114","2","Resonetics, LLC First Lien Secured Debt - Term Loan S+275, 0.75% Floor 6/18/2031","2","631","Cost(34)","9,875"
"SRC046","114","2","Resonetics, LLC First Lien Secured Debt - Term Loan S+275, 0.75% Floor 6/18/2031","3","699","Fair Value(1)(35)","9,907"
"SRC046","114","2","Resonetics, LLC First Lien Secured Debt - Term Loan S+275, 0.75% Floor 6/18/2031","4","727","","(16)"
"SRC046","114","3","Spruce Bidco II Inc. First Lien Secured Debt - Term Loan S+475, 0.75% Floor 1/30/2032","1","575","Par/Shares/Units(3)","116,273"
"SRC046","114","3","Spruce Bidco II Inc. First Lien Secured Debt - Term Loan S+475, 0.75% Floor 1/30/2032","2","631","Cost(34)","114,696"
"SRC046","114","3","Spruce Bidco II Inc. First Lien Secured Debt - Term Loan S+475, 0.75% Floor 1/30/2032","3","699","Fair Value(1)(35)","115,401"
"SRC046","114","4","First Lien Secured Debt - Term Loan C+475, 0.75% Floor 1/30/2032 C$","1","575","Par/Shares/Units(3)","21,050"
"SRC046","114","4","First Lien Secured Debt - Term Loan C+475, 0.75% Floor 1/30/2032 C$","2","631","Cost(34)","14,311"
"SRC046","114","4","First Lien Secured Debt - Term Loan C+475, 0.75% Floor 1/30/2032 C$","3","699","Fair Value(1)(35)","15,336"
"SRC046","114","5","First Lien Secured Debt - Term Loan T+500, 0.75% Floor 1/30/2032 ¥ 2,250,614","2","631","Cost(34)","14,499"
"SRC046","114","5","First Lien Secured Debt - Term Loan T+500, 0.75% Floor 1/30/2032 ¥ 2,250,614","3","699","Fair Value(1)(35)","14,333"
"SRC046","114","6","First Lien Secured Debt - Revolver S+475, 0.75% Floor 1/30/2032","2","631","Cost(34)","(346)"
"SRC046","114","6","First Lien Secured Debt - Revolver S+475, 0.75% Floor 1/30/2032","3","699","Fair Value(1)(35)","(198)"
"SRC046","114","7","Zeus Company LLC First Lien Secured Debt - Term Loan PIK, 0.75% Floor 2/28/2031","1","575","Par/Shares/Units(3)","54,045"
"SRC046","114","7","Zeus Company LLC First Lien Secured Debt - Term Loan PIK, 0.75% Floor 2/28/2031","2","631","Cost(34)","53,488"
"SRC046","114","7","Zeus Company LLC First Lien Secured Debt - Term Loan PIK, 0.75% Floor 2/28/2031","3","699","Fair Value(1)(35)","50,127"
"SRC046","114","8","First Lien Secured Debt - Delayed Draw S+550, 0.75% Floor 2/28/2031","1","575","Par/Shares/Units(3)","4,996"
"SRC046","114","8","First Lien Secured Debt - Delayed Draw S+550, 0.75% Floor 2/28/2031","2","631","Cost(34)","4,910"
"SRC046","114","8","First Lien Secured Debt - Delayed Draw S+550, 0.75% Floor 2/28/2031","3","699","Fair Value(1)(35)","4,270"
"SRC046","114","9","First Lien Secured Debt - Revolver S+550, 0.75% Floor 2/28/2030","2","631","Cost(34)","(79)"
"SRC046","114","9","First Lien Secured Debt - Revolver S+550, 0.75% Floor 2/28/2030","3","699","Fair Value(1)(35)","(547)"
"SRC046","114","10","Total Health Care Equipment &","2","631","Cost(34)","264,480"
"SRC046","114","10","Total Health Care Equipment &","3","699","Fair Value(1)(35)","263,925"
"SRC046","114","11","Advarra Holdings, Inc. First Lien Secured Debt - Term Loan S+450, 0.75% Floor 9/15/2031 $","1","575","Par/Shares/Units(3)","217,165"
"SRC046","114","11","Advarra Holdings, Inc. First Lien Secured Debt - Term Loan S+450, 0.75% Floor 9/15/2031 $","2","631","Cost(34)","216,219"
"SRC046","114","11","Advarra Holdings, Inc. First Lien Secured Debt - Term Loan S+450, 0.75% Floor 9/15/2031 $","3","699","Fair Value(1)(35)","216,079"
"SRC046","114","12","First Lien Secured Debt - Delayed Draw S+450, 0.75% Floor 9/15/2031","2","631","Cost(34)","(25)"
"SRC046","114","12","First Lien Secured Debt - Delayed Draw S+450, 0.75% Floor 9/15/2031","3","699","Fair Value(1)(35)","(62)"
"SRC046","114","13","ACI Group Holdings, Inc. First Lien Secured Debt - Term Loan PIK, 0.75% Floor 8/2/2028","1","575","Par/Shares/Units(3)","5,088"
"SRC046","114","13","ACI Group Holdings, Inc. First Lien Secured Debt - Term Loan PIK, 0.75% Floor 8/2/2028","2","631","Cost(34)","5,088"
"SRC046","114","13","ACI Group Holdings, Inc. First Lien Secured Debt - Term Loan PIK, 0.75% Floor 8/2/2028","3","699","Fair Value(1)(35)","4,376"
"SRC046","114","14","All Star Recruiting Locums, LLC First Lien Secured Debt - Term Loan S+550, 1.00% Floor 5/1/2030","1","575","Par/Shares/Units(3)","6,852"
"SRC046","114","14","All Star Recruiting Locums, LLC First Lien Secured Debt - Term Loan S+550, 1.00% Floor 5/1/2030","2","631","Cost(34)","6,746"
"SRC046","114","14","All Star Recruiting Locums, LLC First Lien Secured Debt - Term Loan S+550, 1.00% Floor 5/1/2030","3","699","Fair Value(1)(35)","6,818"
"SRC046","114","15","First Lien Secured Debt - Delayed Draw S+550, 1.00% Floor 5/1/2030","1","575","Par/Shares/Units(3)","1,730"
"SRC046","114","15","First Lien Secured Debt - Delayed Draw S+550, 1.00% Floor 5/1/2030","2","631","Cost(34)","1,704"
"SRC046","114","15","First Lien Secured Debt - Delayed Draw S+550, 1.00% Floor 5/1/2030","3","699","Fair Value(1)(35)","1,722"
"SRC046","114","16","First Lien Secured Debt - Revolver S+550, 1.00% Floor 5/1/2030","1","575","Par/Shares/Units(3)","761"
"SRC046","114","16","First Lien Secured Debt - Revolver S+550, 1.00% Floor 5/1/2030","2","631","Cost(34)","742"
"SRC046","114","16","First Lien Secured Debt - Revolver S+550, 1.00% Floor 5/1/2030","3","699","Fair Value(1)(35)","754"
"SRC046","114","16","First Lien Secured Debt - Revolver S+550, 1.00% Floor 5/1/2030","4","727","","(32)"
"SRC046","115","1","Allied Benefit Systems Intermediate LLC First Lien Secured Debt - Term Loan S+500, 0.75% Floor 10/31/2030","1","578","Par/Shares/Units(3)","159,043"
"SRC046","115","1","Allied Benefit Systems Intermediate LLC First Lien Secured Debt - Term Loan S+500, 0.75% Floor 10/31/2030","2","637","Cost(34)","157,782"
"SRC046","115","1","Allied Benefit Systems Intermediate LLC First Lien Secured Debt - Term Loan S+500, 0.75% Floor 10/31/2030","3","703","Fair Value(1)(35)","158,248"
"SRC046","115","2","First Lien Secured Debt - Delayed Draw S+500, 0.75% Floor 10/31/2030","2","637","Cost(34)","(24)"
"SRC046","115","2","First Lien Secured Debt - Delayed Draw S+500, 0.75% Floor 10/31/2030","3","703","Fair Value(1)(35)","(48)"
"SRC046","115","3","Athenahealth Group Inc. First Lien Secured Debt - Term Loan S+275, 0.50% Floor 2/15/2029","1","578","Par/Shares/Units(3)","26,715"
"SRC046","115","3","Athenahealth Group Inc. First Lien Secured Debt - Term Loan S+275, 0.50% Floor 2/15/2029","2","637","Cost(34)","26,516"
"SRC046","115","3","Athenahealth Group Inc. First Lien Secured Debt - Term Loan S+275, 0.50% Floor 2/15/2029","3","703","Fair Value(1)(35)","26,799"
"SRC046","115","3","Athenahealth Group Inc. First Lien Secured Debt - Term Loan S+275, 0.50% Floor 2/15/2029","4","733","","(15)"
"SRC046","115","4","Coding Solutions Acquisition Inc First Lien Secured Debt - Term Loan S+500, 0.75% Floor 8/7/2031","1","578","Par/Shares/Units(3)","43,539"
"SRC046","115","4","Coding Solutions Acquisition Inc First Lien Secured Debt - Term Loan S+500, 0.75% Floor 8/7/2031","2","637","Cost(34)","43,008"
"SRC046","115","4","Coding Solutions Acquisition Inc First Lien Secured Debt - Term Loan S+500, 0.75% Floor 8/7/2031","3","703","Fair Value(1)(35)","42,885"
"SRC046","115","5","First Lien Secured Debt - Delayed Draw S+500, 0.75% Floor 8/7/2031","2","637","Cost(34)","(92)"
"SRC046","115","5","First Lien Secured Debt - Delayed Draw S+500, 0.75% Floor 8/7/2031","3","703","Fair Value(1)(35)","(99)"
"SRC046","115","6","First Lien Secured Debt - Revolver S+500, 0.75% Floor 8/7/2031","2","637","Cost(34)","(42)"
"SRC046","115","6","First Lien Secured Debt - Revolver S+500, 0.75% Floor 8/7/2031","3","703","Fair Value(1)(35)","(52)"
"SRC046","115","7","DCA Investment Holding LLC First Lien Secured Debt - Term Loan 12.40% 4/3/2028","1","578","Par/Shares/Units(3)","2,397"
"SRC046","115","7","DCA Investment Holding LLC First Lien Secured Debt - Term Loan 12.40% 4/3/2028","2","637","Cost(34)","2,397"
"SRC046","115","7","DCA Investment Holding LLC First Lien Secured Debt - Term Loan 12.40% 4/3/2028","3","703","Fair Value(1)(35)","1,822"
"SRC046","115","8","ERC Topco Holdings, LLC First Lien Secured Debt - Term Loan 10.43% 3/29/2030","1","578","Par/Shares/Units(3)","11,004"
"SRC046","115","8","ERC Topco Holdings, LLC First Lien Secured Debt - Term Loan 10.43% 3/29/2030","2","637","Cost(34)","31,138"
"SRC046","115","8","ERC Topco Holdings, LLC First Lien Secured Debt - Term Loan 10.43% 3/29/2030","3","703","Fair Value(1)(35)","3,741"
"SRC046","115","9","First Lien Secured Debt - Term Loan 9.43% 3/31/2030","1","578","Par/Shares/Units(3)","107"
"SRC046","115","9","First Lien Secured Debt - Term Loan 9.43% 3/31/2030","3","703","Fair Value(1)(35)","107"
"SRC046","115","10","First Lien Secured Debt - Revolver 9.43% 3/31/2030","1","578","Par/Shares/Units(3)","1,921"
"SRC046","115","10","First Lien Secured Debt - Revolver 9.43% 3/31/2030","2","637","Cost(34)","3,979"
"SRC046","115","10","First Lien Secured Debt - Revolver 9.43% 3/31/2030","3","703","Fair Value(1)(35)","1,921"
"SRC046","115","11","EmpiRx Health LLC First Lien Secured Debt - Term Loan S+475, 1.00% Floor 8/5/2029","1","578","Par/Shares/Units(3)","20,000"
"SRC046","115","11","EmpiRx Health LLC First Lien Secured Debt - Term Loan S+475, 1.00% Floor 8/5/2029","2","637","Cost(34)","19,808"
"SRC046","115","11","EmpiRx Health LLC First Lien Secured Debt - Term Loan S+475, 1.00% Floor 8/5/2029","3","703","Fair Value(1)(35)","19,800"
"SRC046","115","12","Ensemble RCM, LLC First Lien Secured Debt - Term Loan S+300, 0.00% Floor 8/1/2029","1","578","Par/Shares/Units(3)","46,798"
"SRC046","115","12","Ensemble RCM, LLC First Lien Secured Debt - Term Loan S+300, 0.00% Floor 8/1/2029","2","637","Cost(34)","46,636"
"SRC046","115","12","Ensemble RCM, LLC First Lien Secured Debt - Term Loan S+300, 0.00% Floor 8/1/2029","3","703","Fair Value(1)(35)","47,082"
"SRC046","115","12","Ensemble RCM, LLC First Lien Secured Debt - Term Loan S+300, 0.00% Floor 8/1/2029","4","733","","(16)"
"SRC046","115","13","ExactCare Parent, Inc. First Lien Secured Debt - Term Loan S+550, 1.00% Floor 11/5/2029","1","578","Par/Shares/Units(3)","39,864"
"SRC046","115","13","ExactCare Parent, Inc. First Lien Secured Debt - Term Loan S+550, 1.00% Floor 11/5/2029","2","637","Cost(34)","39,088"
"SRC046","115","13","ExactCare Parent, Inc. First Lien Secured Debt - Term Loan S+550, 1.00% Floor 11/5/2029","3","703","Fair Value(1)(35)","39,864"
"SRC046","115","14","First Lien Secured Debt - Revolver S+550, 1.00% Floor 11/5/2029","2","637","Cost(34)","(79)"
"SRC046","115","15","Electron BidCo Inc. First Lien Secured Debt - Term Loan S+250, 0.50% Floor 11/1/2028","1","578","Par/Shares/Units(3)","28,261"
"SRC046","115","15","Electron BidCo Inc. First Lien Secured Debt - Term Loan S+250, 0.50% Floor 11/1/2028","2","637","Cost(34)","28,256"
"SRC046","115","15","Electron BidCo Inc. First Lien Secured Debt - Term Loan S+250, 0.50% Floor 11/1/2028","3","703","Fair Value(1)(35)","28,441"
"SRC046","115","15","Electron BidCo Inc. First Lien Secured Debt - Term Loan S+250, 0.50% Floor 11/1/2028","4","733","","(15)"
"SRC046","115","16","First Lien Secured Debt - Revolver S+375, 0.00% Floor 8/2/2028","2","637","Cost(34)","(116)"
"SRC046","115","16","First Lien Secured Debt - Revolver S+375, 0.00% Floor 8/2/2028","3","703","Fair Value(1)(35)","(135)"
"SRC046","116","1","EHC Holdings Holdco Limited First Lien Secured Debt - Term Loan SONIA+550, 0.00% Floor 9/30/2031 £","1","577","Par/Shares/Units(3)","48,000"
"SRC046","116","1","EHC Holdings Holdco Limited First Lien Secured Debt - Term Loan SONIA+550, 0.00% Floor 9/30/2031 £","2","626","Cost(34)","63,063"
"SRC046","116","1","EHC Holdings Holdco Limited First Lien Secured Debt - Term Loan SONIA+550, 0.00% Floor 9/30/2031 £","3","691","Fair Value(1)(35)","63,569"
"SRC046","116","2","First Lien Secured Debt - Delayed Draw SONIA+550, 0.00% Floor 9/30/2031 £","1","577","Par/Shares/Units(3)","2,400"
"SRC046","116","2","First Lien Secured Debt - Delayed Draw SONIA+550, 0.00% Floor 9/30/2031 £","2","626","Cost(34)","2,817"
"SRC046","116","2","First Lien Secured Debt - Delayed Draw SONIA+550, 0.00% Floor 9/30/2031 £","3","691","Fair Value(1)(35)","2,669"
"SRC046","116","3","Hanger, Inc. First Lien Secured Debt - Term Loan S+350, 0.00% Floor 10/23/2031","1","577","Par/Shares/Units(3)","25,499"
"SRC046","116","3","Hanger, Inc. First Lien Secured Debt - Term Loan S+350, 0.00% Floor 10/23/2031","2","626","Cost(34)","25,409"
"SRC046","116","3","Hanger, Inc. First Lien Secured Debt - Term Loan S+350, 0.00% Floor 10/23/2031","3","691","Fair Value(1)(35)","25,615"
"SRC046","116","3","Hanger, Inc. First Lien Secured Debt - Term Loan S+350, 0.00% Floor 10/23/2031","4","721","","(15)"
"SRC046","116","4","First Lien Secured Debt - Delayed Draw S+350, 0.00% Floor 10/23/2031","1","577","Par/Shares/Units(3)","1,945"
"SRC046","116","4","First Lien Secured Debt - Delayed Draw S+350, 0.00% Floor 10/23/2031","2","626","Cost(34)","1,923"
"SRC046","116","4","First Lien Secured Debt - Delayed Draw S+350, 0.00% Floor 10/23/2031","3","691","Fair Value(1)(35)","1,954"
"SRC046","116","5","SPARKLE BIDCO LIMITED First Lien Secured Debt - Term Loan SONIA+525, 0.00% Floor 10/14/2032 £","1","577","Par/Shares/Units(3)","87,479"
"SRC046","116","5","SPARKLE BIDCO LIMITED First Lien Secured Debt - Term Loan SONIA+525, 0.00% Floor 10/14/2032 £","2","626","Cost(34)","114,918"
"SRC046","116","5","SPARKLE BIDCO LIMITED First Lien Secured Debt - Term Loan SONIA+525, 0.00% Floor 10/14/2032 £","3","691","Fair Value(1)(35)","116,149"
"SRC046","116","6","First Lien Secured Debt - Delayed Draw SONIA+525, 0.00% Floor 10/14/2032 £","1","577","Par/Shares/Units(3)","3,683"
"SRC046","116","6","First Lien Secured Debt - Delayed Draw SONIA+525, 0.00% Floor 10/14/2032 £","2","626","Cost(34)","4,647"
"SRC046","116","6","First Lien Secured Debt - Delayed Draw SONIA+525, 0.00% Floor 10/14/2032 £","3","691","Fair Value(1)(35)","4,499"
"SRC046","116","7","OMH-Healthedge Holdings, Inc. First Lien Secured Debt - Term Loan S+450, 1.00% Floor 4/1/2030","1","577","Par/Shares/Units(3)","249,136"
"SRC046","116","7","OMH-Healthedge Holdings, Inc. First Lien Secured Debt - Term Loan S+450, 1.00% Floor 4/1/2030","2","626","Cost(34)","248,522"
"SRC046","116","7","OMH-Healthedge Holdings, Inc. First Lien Secured Debt - Term Loan S+450, 1.00% Floor 4/1/2030","3","691","Fair Value(1)(35)","247,891"
"SRC046","116","7","OMH-Healthedge Holdings, Inc. First Lien Secured Debt - Term Loan S+450, 1.00% Floor 4/1/2030","4","721","","(16)"
"SRC046","116","8","First Lien Secured Debt - Revolver S+450, 1.00% Floor 4/1/2030","2","626","Cost(34)","(110)"
"SRC046","116","8","First Lien Secured Debt - Revolver S+450, 1.00% Floor 4/1/2030","3","691","Fair Value(1)(35)","(189)"
"SRC046","116","9","One Call Corporation First Lien Secured Debt - Term Loan S+575, 0.50% Floor 9/10/2030","1","577","Par/Shares/Units(3)","251,344"
"SRC046","116","9","One Call Corporation First Lien Secured Debt - Term Loan S+575, 0.50% Floor 9/10/2030","2","626","Cost(34)","247,761"
"SRC046","116","9","One Call Corporation First Lien Secured Debt - Term Loan S+575, 0.50% Floor 9/10/2030","3","691","Fair Value(1)(35)","247,573"
"SRC046","116","10","First Lien Secured Debt - Revolver S+475, 0.50% Floor 9/10/2030","2","626","Cost(34)","(280)"
"SRC046","116","10","First Lien Secured Debt - Revolver S+475, 0.50% Floor 9/10/2030","3","691","Fair Value(1)(35)","(298)"
"SRC046","116","11","Paradigm Parent, LLC First Lien Secured Debt - Term Loan S+450, 0.00% Floor 4/16/2032","1","577","Par/Shares/Units(3)","19,283"
"SRC046","116","11","Paradigm Parent, LLC First Lien Secured Debt - Term Loan S+450, 0.00% Floor 4/16/2032","2","626","Cost(34)","16,991"
"SRC046","116","11","Paradigm Parent, LLC First Lien Secured Debt - Term Loan S+450, 0.00% Floor 4/16/2032","3","691","Fair Value(1)(35)","17,032"
"SRC046","116","11","Paradigm Parent, LLC First Lien Secured Debt - Term Loan S+450, 0.00% Floor 4/16/2032","4","721","","(16)"
"SRC046","116","12","Practice Plus Group Holdings Limited First Lien Secured Debt - Term Loan SONIA+600, 0.50% Floor 11/19/2029 £","1","577","Par/Shares/Units(3)","11,111"
"SRC046","116","12","Practice Plus Group Holdings Limited First Lien Secured Debt - Term Loan SONIA+600, 0.50% Floor 11/19/2029 £","2","626","Cost(34)","13,256"
"SRC046","116","12","Practice Plus Group Holdings Limited First Lien Secured Debt - Term Loan SONIA+600, 0.50% Floor 11/19/2029 £","3","691","Fair Value(1)(35)","14,678"
"SRC046","116","13","Radiology Partners, Inc. First Lien Secured Debt - Term Loan S+450, 0.00% Floor 6/30/2032","1","577","Par/Shares/Units(3)","26,933"
"SRC046","116","13","Radiology Partners, Inc. First Lien Secured Debt - Term Loan S+450, 0.00% Floor 6/30/2032","2","626","Cost(34)","26,715"
"SRC046","116","13","Radiology Partners, Inc. First Lien Secured Debt - Term Loan S+450, 0.00% Floor 6/30/2032","3","691","Fair Value(1)(35)","26,918"
"SRC046","116","13","Radiology Partners, Inc. First Lien Secured Debt - Term Loan S+450, 0.00% Floor 6/30/2032","4","721","","(16)"
"SRC046","116","14","Rarebreed Veterinary Partners, Inc. First Lien Secured Debt - Term Loan S+525, 1.00% Floor 4/18/2030","1","577","Par/Shares/Units(3)","14,890"
"SRC046","116","14","Rarebreed Veterinary Partners, Inc. First Lien Secured Debt - Term Loan S+525, 1.00% Floor 4/18/2030","2","626","Cost(34)","14,660"
"SRC046","116","14","Rarebreed Veterinary Partners, Inc. First Lien Secured Debt - Term Loan S+525, 1.00% Floor 4/18/2030","3","691","Fair Value(1)(35)","14,666"
"SRC046","116","15","First Lien Secured Debt - Delayed Draw S+525, 1.00% Floor 4/18/2030","1","577","Par/Shares/Units(3)","33,294"
"SRC046","116","15","First Lien Secured Debt - Delayed Draw S+525, 1.00% Floor 4/18/2030","2","626","Cost(34)","33,020"
"SRC046","116","15","First Lien Secured Debt - Delayed Draw S+525, 1.00% Floor 4/18/2030","3","691","Fair Value(1)(35)","32,754"
"SRC046","116","16","First Lien Secured Debt - Revolver S+525, 1.00% Floor 4/18/2030","2","626","Cost(34)","(84)"
"SRC046","116","16","First Lien Secured Debt - Revolver S+525, 1.00% Floor 4/18/2030","3","691","Fair Value(1)(35)","(87)"
"SRC046","117","1","Schoen Klinik SE First Lien Secured Debt - Term Loan E+450, 0.00% Floor 1/12/2031 €","1","574","Par/Shares/Units(3)","101,000"
"SRC046","117","1","Schoen Klinik SE First Lien Secured Debt - Term Loan E+450, 0.00% Floor 1/12/2031 €","2","629","Cost(34)","116,009"
"SRC046","117","1","Schoen Klinik SE First Lien Secured Debt - Term Loan E+450, 0.00% Floor 1/12/2031 €","3","695","Fair Value(1)(35)","117,508"
"SRC046","117","2","Smile Brands Inc. First Lien Secured Debt - Term Loan 9.92% 10/12/2027","1","574","Par/Shares/Units(3)","7,748"
"SRC046","117","2","Smile Brands Inc. First Lien Secured Debt - Term Loan 9.92% 10/12/2027","2","629","Cost(34)","7,748"
"SRC046","117","2","Smile Brands Inc. First Lien Secured Debt - Term Loan 9.92% 10/12/2027","3","695","Fair Value(1)(35)","6,644"
"SRC046","117","3","Southern Veterinary Partners, LLC First Lien Secured Debt - Term Loan S+250, 0.00% Floor 12/4/2031","1","574","Par/Shares/Units(3)","32,336"
"SRC046","117","3","Southern Veterinary Partners, LLC First Lien Secured Debt - Term Loan S+250, 0.00% Floor 12/4/2031","2","629","Cost(34)","32,244"
"SRC046","117","3","Southern Veterinary Partners, LLC First Lien Secured Debt - Term Loan S+250, 0.00% Floor 12/4/2031","3","695","Fair Value(1)(35)","32,334"
"SRC046","117","4","TS Investors, LLC First Lien Secured Debt - Term Loan S+475, 1.00% Floor 5/4/2029","1","574","Par/Shares/Units(3)","16,735"
"SRC046","117","4","TS Investors, LLC First Lien Secured Debt - Term Loan S+475, 1.00% Floor 5/4/2029","2","629","Cost(34)","16,495"
"SRC046","117","4","TS Investors, LLC First Lien Secured Debt - Term Loan S+475, 1.00% Floor 5/4/2029","3","695","Fair Value(1)(35)","16,651"
"SRC046","117","5","First Lien Secured Debt - Delayed Draw S+475, 1.00% Floor 5/4/2029","1","574","Par/Shares/Units(3)","5,826"
"SRC046","117","5","First Lien Secured Debt - Delayed Draw S+475, 1.00% Floor 5/4/2029","2","629","Cost(34)","5,764"
"SRC046","117","5","First Lien Secured Debt - Delayed Draw S+475, 1.00% Floor 5/4/2029","3","695","Fair Value(1)(35)","5,793"
"SRC046","117","6","First Lien Secured Debt - Revolver S+475, 1.00% Floor 5/4/2029","2","629","Cost(34)","(23)"
"SRC046","117","6","First Lien Secured Debt - Revolver S+475, 1.00% Floor 5/4/2029","3","695","Fair Value(1)(35)","(9)"
"SRC046","117","7","Tivity Health, Inc. First Lien Secured Debt - Term Loan S+500, 0.75% Floor 6/28/2029","1","574","Par/Shares/Units(3)","111,293"
"SRC046","117","7","Tivity Health, Inc. First Lien Secured Debt - Term Loan S+500, 0.75% Floor 6/28/2029","2","629","Cost(34)","110,350"
"SRC046","117","7","Tivity Health, Inc. First Lien Secured Debt - Term Loan S+500, 0.75% Floor 6/28/2029","3","695","Fair Value(1)(35)","111,293"
"SRC046","117","8","US Fertility Enterprises, LLC First Lien Secured Debt - Term Loan S+350, 0.00% Floor 12/10/2032","1","574","Par/Shares/Units(3)","16,066"
"SRC046","117","8","US Fertility Enterprises, LLC First Lien Secured Debt - Term Loan S+350, 0.00% Floor 12/10/2032","2","629","Cost(34)","15,985"
"SRC046","117","8","US Fertility Enterprises, LLC First Lien Secured Debt - Term Loan S+350, 0.00% Floor 12/10/2032","3","695","Fair Value(1)(35)","16,146"
"SRC046","117","9","First Lien Secured Debt - Delayed Draw S+350, 0.00% Floor 12/10/2032","2","629","Cost(34)","(12)"
"SRC046","117","10","Lumexa Imaging, Inc First Lien Secured Debt - Term Loan S+300, 0.00% Floor 12/13/2032","1","574","Par/Shares/Units(3)","11,000"
"SRC046","117","10","Lumexa Imaging, Inc First Lien Secured Debt - Term Loan S+300, 0.00% Floor 12/13/2032","2","629","Cost(34)","10,973"
"SRC046","117","10","Lumexa Imaging, Inc First Lien Secured Debt - Term Loan S+300, 0.00% Floor 12/13/2032","3","695","Fair Value(1)(35)","11,089"
"SRC046","117","11","Total Health Care Providers &","2","629","Cost(34)","1,757,490"
"SRC046","117","11","Total Health Care Providers &","3","695","Fair Value(1)(35)","1,732,905"
"SRC046","117","12","Acentra Holdings, LLC First Lien Secured Debt - Term Loan S+550, 0.50% Floor 12/17/2029 $","1","574","Par/Shares/Units(3)","37,321"
"SRC046","117","12","Acentra Holdings, LLC First Lien Secured Debt - Term Loan S+550, 0.50% Floor 12/17/2029 $","2","629","Cost(34)","36,519"
"SRC046","117","12","Acentra Holdings, LLC First Lien Secured Debt - Term Loan S+550, 0.50% Floor 12/17/2029 $","3","695","Fair Value(1)(35)","37,321"
"SRC046","117","13","First Lien Secured Debt - Term Loan S+575, 0.50% Floor 12/17/2029","1","574","Par/Shares/Units(3)","2,905"
"SRC046","117","13","First Lien Secured Debt - Term Loan S+575, 0.50% Floor 12/17/2029","2","629","Cost(34)","2,863"
"SRC046","117","13","First Lien Secured Debt - Term Loan S+575, 0.50% Floor 12/17/2029","3","695","Fair Value(1)(35)","2,905"
"SRC046","117","14","First Lien Secured Debt - Delayed Draw S+550, 0.50% Floor 12/17/2029","2","629","Cost(34)","(39)"
"SRC046","117","15","First Lien Secured Debt - Revolver S+550, 0.50% Floor 12/17/2029","2","629","Cost(34)","(82)"
"SRC046","117","16","CT Technologies Intermediate Holdings First Lien Secured Debt - Term Loan S+475, 0.75% Floor 9/2/2031","1","574","Par/Shares/Units(3)","178,321"
"SRC046","117","16","CT Technologies Intermediate Holdings First Lien Secured Debt - Term Loan S+475, 0.75% Floor 9/2/2031","2","629","Cost(34)","176,626"
"SRC046","117","16","CT Technologies Intermediate Holdings First Lien Secured Debt - Term Loan S+475, 0.75% Floor 9/2/2031","3","695","Fair Value(1)(35)","176,538"
"SRC046","117","17","First Lien Secured Debt - Delayed Draw S+475, 0.75% Floor 9/2/2031","1","574","Par/Shares/Units(3)","22,654"
"SRC046","117","17","First Lien Secured Debt - Delayed Draw S+475, 0.75% Floor 9/2/2031","2","629","Cost(34)","22,407"
"SRC046","117","17","First Lien Secured Debt - Delayed Draw S+475, 0.75% Floor 9/2/2031","3","695","Fair Value(1)(35)","22,301"
"SRC046","117","18","First Lien Secured Debt - Delayed Draw S+475, 0.75% Floor 8/30/2031","3","695","Fair Value(1)(35)","(78)"
"SRC046","117","19","First Lien Secured Debt - Revolver S+500, 0.75% Floor 9/2/2031","2","629","Cost(34)","(140)"
"SRC046","118","1","Wisdom Purchaser, LLC First Lien Secured Debt - Term Loan S+450, 0.50% Floor 7/24/2032","1","574","Par/Shares/Units(3)","49,844"
"SRC046","118","1","Wisdom Purchaser, LLC First Lien Secured Debt - Term Loan S+450, 0.50% Floor 7/24/2032","2","629","Cost(34)","49,606"
"SRC046","118","1","Wisdom Purchaser, LLC First Lien Secured Debt - Term Loan S+450, 0.50% Floor 7/24/2032","3","695","Fair Value(1)(35)","49,595"
"SRC046","118","2","First Lien Secured Debt - Revolver S+450, 0.50% Floor 7/24/2032","2","629","Cost(34)","(24)"
"SRC046","118","2","First Lien Secured Debt - Revolver S+450, 0.50% Floor 7/24/2032","3","695","Fair Value(1)(35)","(26)"
"SRC046","118","3","Gainwell Acquisition Corp. First Lien Secured Debt - Term Loan S+410, 0.75% Floor 10/1/2027","1","574","Par/Shares/Units(3)","118,108"
"SRC046","118","3","Gainwell Acquisition Corp. First Lien Secured Debt - Term Loan S+410, 0.75% Floor 10/1/2027","2","629","Cost(34)","116,048"
"SRC046","118","3","Gainwell Acquisition Corp. First Lien Secured Debt - Term Loan S+410, 0.75% Floor 10/1/2027","3","695","Fair Value(1)(35)","116,248"
"SRC046","118","3","Gainwell Acquisition Corp. First Lien Secured Debt - Term Loan S+410, 0.75% Floor 10/1/2027","4","725","","(16)"
"SRC046","118","4","MRO Parent Corporation First Lien Secured Debt - Term Loan S+450, 0.75% Floor 6/9/2032","1","574","Par/Shares/Units(3)","25,492"
"SRC046","118","4","MRO Parent Corporation First Lien Secured Debt - Term Loan S+450, 0.75% Floor 6/9/2032","2","629","Cost(34)","25,132"
"SRC046","118","4","MRO Parent Corporation First Lien Secured Debt - Term Loan S+450, 0.75% Floor 6/9/2032","3","695","Fair Value(1)(35)","25,236"
"SRC046","118","5","First Lien Secured Debt - Delayed Draw S+450, 0.75% Floor 6/9/2032","2","629","Cost(34)","(48)"
"SRC046","118","5","First Lien Secured Debt - Delayed Draw S+450, 0.75% Floor 6/9/2032","3","695","Fair Value(1)(35)","(22)"
"SRC046","118","6","First Lien Secured Debt - Revolver S+450, 0.75% Floor 6/9/2032","2","629","Cost(34)","(25)"
"SRC046","118","6","First Lien Secured Debt - Revolver S+450, 0.75% Floor 6/9/2032","3","695","Fair Value(1)(35)","(22)"
"SRC046","118","7","Holdings USA LLC First Lien Secured Debt - Term Loan S+500, 0.50% Floor 6/27/2031","1","574","Par/Shares/Units(3)","42,857"
"SRC046","118","7","Holdings USA LLC First Lien Secured Debt - Term Loan S+500, 0.50% Floor 6/27/2031","2","629","Cost(34)","42,410"
"SRC046","118","7","Holdings USA LLC First Lien Secured Debt - Term Loan S+500, 0.50% Floor 6/27/2031","3","695","Fair Value(1)(35)","42,373"
"SRC046","118","8","First Lien Secured Debt - Delayed Draw S+500, 0.50% Floor 6/27/2031","1","574","Par/Shares/Units(3)","1,857"
"SRC046","118","8","First Lien Secured Debt - Delayed Draw S+500, 0.50% Floor 6/27/2031","2","629","Cost(34)","1,786"
"SRC046","118","8","First Lien Secured Debt - Delayed Draw S+500, 0.50% Floor 6/27/2031","3","695","Fair Value(1)(35)","1,776"
"SRC046","118","9","Azalea TopCo, Inc. First Lien Secured Debt - Term Loan S+300, 0.00% Floor 4/30/2031","1","574","Par/Shares/Units(3)","4,581"
"SRC046","118","9","Azalea TopCo, Inc. First Lien Secured Debt - Term Loan S+300, 0.00% Floor 4/30/2031","2","629","Cost(34)","4,585"
"SRC046","118","9","Azalea TopCo, Inc. First Lien Secured Debt - Term Loan S+300, 0.00% Floor 4/30/2031","3","695","Fair Value(1)(35)","4,595"
"SRC046","118","9","Azalea TopCo, Inc. First Lien Secured Debt - Term Loan S+300, 0.00% Floor 4/30/2031","4","725","","(15)"
"SRC046","118","10","Goldeneye Parent, LLC First Lien Secured Debt - Term Loan S+475, 0.75% Floor 3/31/2032","1","574","Par/Shares/Units(3)","87,785"
"SRC046","118","10","Goldeneye Parent, LLC First Lien Secured Debt - Term Loan S+475, 0.75% Floor 3/31/2032","2","629","Cost(34)","87,396"
"SRC046","118","10","Goldeneye Parent, LLC First Lien Secured Debt - Term Loan S+475, 0.75% Floor 3/31/2032","3","695","Fair Value(1)(35)","88,004"
"SRC046","118","11","First Lien Secured Debt - Revolver S+475, 0.75% Floor 3/31/2032","2","629","Cost(34)","(57)"
"SRC046","118","12","Project Ruby Ultimate Parent Corp. First Lien Secured Debt - Term Loan S+286, 0.00% Floor 3/10/2028","1","574","Par/Shares/Units(3)","20,758"
"SRC046","118","12","Project Ruby Ultimate Parent Corp. First Lien Secured Debt - Term Loan S+286, 0.00% Floor 3/10/2028","2","629","Cost(34)","20,707"
"SRC046","118","12","Project Ruby Ultimate Parent Corp. First Lien Secured Debt - Term Loan S+286, 0.00% Floor 3/10/2028","3","695","Fair Value(1)(35)","20,838"
"SRC046","118","12","Project Ruby Ultimate Parent Corp. First Lien Secured Debt - Term Loan S+286, 0.00% Floor 3/10/2028","4","725","","(15)"
"SRC046","118","13","Total Health Care Technology","2","629","Cost(34)","585,670"
"SRC046","118","13","Total Health Care Technology","3","695","Fair Value(1)(35)","587,582"
"SRC046","118","14","Allwyn Entertainment Financing US LLC First Lien Secured Debt - Delayed Draw S+250, 0.00% Floor 11/24/2032 $","2","629","Cost(34)","(1,600)"
"SRC046","118","14","Allwyn Entertainment Financing US LLC First Lien Secured Debt - Delayed Draw S+250, 0.00% Floor 11/24/2032 $","3","695","Fair Value(1)(35)","(1,200)"
"SRC046","118","15","Accommodations Plus Technologies LLC First Lien Secured Debt - Revolver S+425, 0.75% Floor 5/28/2032","3","695","Fair Value(1)(35)","(114)"
"SRC046","118","16","Caesars Entertainment, Inc. First Lien Secured Debt - Term Loan S+225, 0.50% Floor 2/6/2031","1","574","Par/Shares/Units(3)","21,246"
"SRC046","118","16","Caesars Entertainment, Inc. First Lien Secured Debt - Term Loan S+225, 0.50% Floor 2/6/2031","2","629","Cost(34)","21,278"
"SRC046","118","16","Caesars Entertainment, Inc. First Lien Secured Debt - Term Loan S+225, 0.50% Floor 2/6/2031","3","695","Fair Value(1)(35)","21,087"
"SRC046","119","1","Crunch Fitness Merger Sub, LLC First Lien Secured Debt - Term Loan S+450, 0.75% Floor 9/26/2031","1","574","Par/Shares/Units(3)","176,223"
"SRC046","119","1","Crunch Fitness Merger Sub, LLC First Lien Secured Debt - Term Loan S+450, 0.75% Floor 9/26/2031","2","629","Cost(34)","176,212"
"SRC046","119","1","Crunch Fitness Merger Sub, LLC First Lien Secured Debt - Term Loan S+450, 0.75% Floor 9/26/2031","3","695","Fair Value(1)(35)","176,664"
"SRC046","119","2","First Lien Secured Debt - Revolver S+475, 0.75% Floor 9/26/2031","2","629","Cost(34)","(108)"
"SRC046","119","3","Delivery Hero Finco Germany GmbH First Lien Secured Debt - Term Loan K+500, 0.50% Floor 12/12/2029 (cid:2820) 194,831,194","2","629","Cost(34)","139,176"
"SRC046","119","3","Delivery Hero Finco Germany GmbH First Lien Secured Debt - Term Loan K+500, 0.50% Floor 12/12/2029 (cid:2820) 194,831,194","3","695","Fair Value(1)(35)","136,262"
"SRC046","119","4","Delivery Hero Finco LLC First Lien Secured Debt - Term Loan S+500, 0.50% Floor 12/12/2029","1","574","Par/Shares/Units(3)","4,962"
"SRC046","119","4","Delivery Hero Finco LLC First Lien Secured Debt - Term Loan S+500, 0.50% Floor 12/12/2029","2","629","Cost(34)","4,918"
"SRC046","119","4","Delivery Hero Finco LLC First Lien Secured Debt - Term Loan S+500, 0.50% Floor 12/12/2029","3","695","Fair Value(1)(35)","4,989"
"SRC046","119","5","Delivery Hero SE Unsecured Debt - Convertible Bond 3.25% 2/21/2030 €","1","574","Par/Shares/Units(3)","9,100"
"SRC046","119","5","Delivery Hero SE Unsecured Debt - Convertible Bond 3.25% 2/21/2030 €","2","629","Cost(34)","10,398"
"SRC046","119","5","Delivery Hero SE Unsecured Debt - Convertible Bond 3.25% 2/21/2030 €","3","695","Fair Value(1)(35)","10,417"
"SRC046","119","6","Endeavor Operating Co LLC First Lien Secured Debt - Term Loan S+300, 0.00% Floor 3/24/2032","1","574","Par/Shares/Units(3)","54,725"
"SRC046","119","6","Endeavor Operating Co LLC First Lien Secured Debt - Term Loan S+300, 0.00% Floor 3/24/2032","2","629","Cost(34)","54,766"
"SRC046","119","6","Endeavor Operating Co LLC First Lien Secured Debt - Term Loan S+300, 0.00% Floor 3/24/2032","3","695","Fair Value(1)(35)","55,108"
"SRC046","119","6","Endeavor Operating Co LLC First Lien Secured Debt - Term Loan S+300, 0.00% Floor 3/24/2032","4","725","","(15)"
"SRC046","119","7","First Lien Secured Debt - Term Loan S+375, 0.00% Floor 3/24/2028","1","574","Par/Shares/Units(3)","40,607"
"SRC046","119","7","First Lien Secured Debt - Term Loan S+375, 0.00% Floor 3/24/2028","2","629","Cost(34)","40,423"
"SRC046","119","7","First Lien Secured Debt - Term Loan S+375, 0.00% Floor 3/24/2028","3","695","Fair Value(1)(35)","40,607"
"SRC046","119","8","Fertitta Entertainment LLC/NV First Lien Secured Debt - Term Loan S+325, 0.50% Floor 1/27/2029","1","574","Par/Shares/Units(3)","37,003"
"SRC046","119","8","Fertitta Entertainment LLC/NV First Lien Secured Debt - Term Loan S+325, 0.50% Floor 1/27/2029","2","629","Cost(34)","36,988"
"SRC046","119","8","Fertitta Entertainment LLC/NV First Lien Secured Debt - Term Loan S+325, 0.50% Floor 1/27/2029","3","695","Fair Value(1)(35)","37,036"
"SRC046","119","8","Fertitta Entertainment LLC/NV First Lien Secured Debt - Term Loan S+325, 0.50% Floor 1/27/2029","4","725","","(15)"
"SRC046","119","9","Flutter Entertainment PLC First Lien Secured Debt - Term Loan S+200, 0.50% Floor 6/4/2032","1","574","Par/Shares/Units(3)","3,980"
"SRC046","119","9","Flutter Entertainment PLC First Lien Secured Debt - Term Loan S+200, 0.50% Floor 6/4/2032","2","629","Cost(34)","3,970"
"SRC046","119","9","Flutter Entertainment PLC First Lien Secured Debt - Term Loan S+200, 0.50% Floor 6/4/2032","3","695","Fair Value(1)(35)","3,986"
"SRC046","119","10","Flynn Restaurant Group LP First Lien Secured Debt - Term Loan S+375, 0.00% Floor 1/28/2032","1","574","Par/Shares/Units(3)","6,965"
"SRC046","119","10","Flynn Restaurant Group LP First Lien Secured Debt - Term Loan S+375, 0.00% Floor 1/28/2032","2","629","Cost(34)","6,932"
"SRC046","119","10","Flynn Restaurant Group LP First Lien Secured Debt - Term Loan S+375, 0.00% Floor 1/28/2032","3","695","Fair Value(1)(35)","7,002"
"SRC046","119","10","Flynn Restaurant Group LP First Lien Secured Debt - Term Loan S+375, 0.00% Floor 1/28/2032","4","725","","(15)"
"SRC046","119","11","Intralot Capital Luxembourg SA First Lien Secured Debt - Term Loan SONIA+550, 0.00% Floor 9/18/2031 £","1","574","Par/Shares/Units(3)","86,000"
"SRC046","119","11","Intralot Capital Luxembourg SA First Lien Secured Debt - Term Loan SONIA+550, 0.00% Floor 9/18/2031 £","2","629","Cost(34)","113,185"
"SRC046","119","11","Intralot Capital Luxembourg SA First Lien Secured Debt - Term Loan SONIA+550, 0.00% Floor 9/18/2031 £","3","695","Fair Value(1)(35)","113,605"
"SRC046","119","12","Joker Holdco 3 S.a r.l. First Lien Secured Debt - Term Loan E+600, 0.00% Floor 4/19/2031 €","1","574","Par/Shares/Units(3)","126,725"
"SRC046","119","12","Joker Holdco 3 S.a r.l. First Lien Secured Debt - Term Loan E+600, 0.00% Floor 4/19/2031 €","2","629","Cost(34)","132,847"
"SRC046","119","12","Joker Holdco 3 S.a r.l. First Lien Secured Debt - Term Loan E+600, 0.00% Floor 4/19/2031 €","3","695","Fair Value(1)(35)","147,810"
"SRC046","119","13","Nottingham Forest Football Club Limited First Lien Secured Debt - Term Loan 8.75% 12/27/2027 £","1","574","Par/Shares/Units(3)","24,063"
"SRC046","119","13","Nottingham Forest Football Club Limited First Lien Secured Debt - Term Loan 8.75% 12/27/2027 £","2","629","Cost(34)","30,067"
"SRC046","119","13","Nottingham Forest Football Club Limited First Lien Secured Debt - Term Loan 8.75% 12/27/2027 £","3","695","Fair Value(1)(35)","32,273"
"SRC046","119","14","OB Global Openbet Holdings 2 LLC First Lien Secured Debt - Term Loan S+600, 1.50% Floor 9/24/2029","1","574","Par/Shares/Units(3)","78,094"
"SRC046","119","14","OB Global Openbet Holdings 2 LLC First Lien Secured Debt - Term Loan S+600, 1.50% Floor 9/24/2029","2","629","Cost(34)","77,249"
"SRC046","119","14","OB Global Openbet Holdings 2 LLC First Lien Secured Debt - Term Loan S+600, 1.50% Floor 9/24/2029","3","695","Fair Value(1)(35)","77,313"
"SRC046","119","15","PARS Group LLC First Lien Secured Debt - Term Loan S+685, 1.50% Floor 4/3/2028","1","574","Par/Shares/Units(3)","8,636"
"SRC046","119","15","PARS Group LLC First Lien Secured Debt - Term Loan S+685, 1.50% Floor 4/3/2028","2","629","Cost(34)","8,574"
"SRC046","119","15","PARS Group LLC First Lien Secured Debt - Term Loan S+685, 1.50% Floor 4/3/2028","3","695","Fair Value(1)(35)","8,032"
"SRC046","119","16","First Lien Secured Debt - Delayed Draw S+675, 1.50% Floor 4/3/2028","3","695","Fair Value(1)(35)","(67)"
"SRC046","120","1","Scientific Games Holdings LP First Lien Secured Debt - Term Loan S+300, 0.50% Floor 4/4/2029","1","574","Par/Shares/Units(3)","47,567"
"SRC046","120","1","Scientific Games Holdings LP First Lien Secured Debt - Term Loan S+300, 0.50% Floor 4/4/2029","2","629","Cost(34)","47,237"
"SRC046","120","1","Scientific Games Holdings LP First Lien Secured Debt - Term Loan S+300, 0.50% Floor 4/4/2029","3","695","Fair Value(1)(35)","46,794"
"SRC046","120","1","Scientific Games Holdings LP First Lien Secured Debt - Term Loan S+300, 0.50% Floor 4/4/2029","4","725","","(16)"
"SRC046","120","2","CircusTrix Holdings LLC First Lien Secured Debt - Term Loan S+675, 1.00% Floor 7/18/2028","1","574","Par/Shares/Units(3)","12,298"
"SRC046","120","2","CircusTrix Holdings LLC First Lien Secured Debt - Term Loan S+675, 1.00% Floor 7/18/2028","2","629","Cost(34)","12,122"
"SRC046","120","2","CircusTrix Holdings LLC First Lien Secured Debt - Term Loan S+675, 1.00% Floor 7/18/2028","3","695","Fair Value(1)(35)","12,052"
"SRC046","120","3","First Lien Secured Debt - Delayed Draw S+675, 1.00% Floor 7/18/2028","1","574","Par/Shares/Units(3)","3,245"
"SRC046","120","3","First Lien Secured Debt - Delayed Draw S+675, 1.00% Floor 7/18/2028","2","629","Cost(34)","3,196"
"SRC046","120","3","First Lien Secured Debt - Delayed Draw S+675, 1.00% Floor 7/18/2028","3","695","Fair Value(1)(35)","3,181"
"SRC046","120","4","First Lien Secured Debt - Revolver S+675, 1.00% Floor 7/18/2028","1","574","Par/Shares/Units(3)","323"
"SRC046","120","4","First Lien Secured Debt - Revolver S+675, 1.00% Floor 7/18/2028","2","629","Cost(34)","312"
"SRC046","120","4","First Lien Secured Debt - Revolver S+675, 1.00% Floor 7/18/2028","3","695","Fair Value(1)(35)","306"
"SRC046","120","5","Sports Invest Holdings Ltd. First Lien Secured Debt - Term Loan 10.25% 10/3/2029 £","1","574","Par/Shares/Units(3)","40,000"
"SRC046","120","5","Sports Invest Holdings Ltd. First Lien Secured Debt - Term Loan 10.25% 10/3/2029 £","2","629","Cost(34)","50,583"
"SRC046","120","5","Sports Invest Holdings Ltd. First Lien Secured Debt - Term Loan 10.25% 10/3/2029 £","3","695","Fair Value(1)(35)","52,975"
"SRC046","120","6","WH BorrowerCo, LLC First Lien Secured Debt - Term Loan S+500, 1.00% Floor 8/2/2030","1","574","Par/Shares/Units(3)","25,827"
"SRC046","120","6","WH BorrowerCo, LLC First Lien Secured Debt - Term Loan S+500, 1.00% Floor 8/2/2030","2","629","Cost(34)","25,513"
"SRC046","120","6","WH BorrowerCo, LLC First Lien Secured Debt - Term Loan S+500, 1.00% Floor 8/2/2030","3","695","Fair Value(1)(35)","25,246"
"SRC046","120","7","First Lien Secured Debt - Delayed Draw S+500, 1.00% Floor 8/2/2030","1","574","Par/Shares/Units(3)","6,902"
"SRC046","120","7","First Lien Secured Debt - Delayed Draw S+500, 1.00% Floor 8/2/2030","2","629","Cost(34)","6,731"
"SRC046","120","7","First Lien Secured Debt - Delayed Draw S+500, 1.00% Floor 8/2/2030","3","695","Fair Value(1)(35)","6,572"
"SRC046","120","8","First Lien Secured Debt - Revolver S+500, 1.00% Floor 8/2/2030","1","574","Par/Shares/Units(3)","1,049"
"SRC046","120","8","First Lien Secured Debt - Revolver S+500, 1.00% Floor 8/2/2030","2","629","Cost(34)","996"
"SRC046","120","8","First Lien Secured Debt - Revolver S+500, 1.00% Floor 8/2/2030","3","695","Fair Value(1)(35)","947"
"SRC046","120","9","Total Hotels, Restaurants &","2","629","Cost(34)","1,001,965"
"SRC046","120","9","Total Hotels, Restaurants &","3","695","Fair Value(1)(35)","1,018,883"
"SRC046","120","10","K Hovnanian Enterprises Inc First Lien Secured Debt - Revolver S+450, 3.00% Floor 6/30/2028 $","2","629","Cost(34)","(6,804)"
"SRC046","120","10","K Hovnanian Enterprises Inc First Lien Secured Debt - Revolver S+450, 3.00% Floor 6/30/2028 $","3","695","Fair Value(1)(35)","(6,875)"
"SRC046","120","11","Poly-Wood, LLC First Lien Secured Debt - Term Loan S+488, 1.00% Floor 3/20/2030","1","574","Par/Shares/Units(3)","153,660"
"SRC046","120","11","Poly-Wood, LLC First Lien Secured Debt - Term Loan S+488, 1.00% Floor 3/20/2030","2","629","Cost(34)","151,302"
"SRC046","120","11","Poly-Wood, LLC First Lien Secured Debt - Term Loan S+488, 1.00% Floor 3/20/2030","3","695","Fair Value(1)(35)","152,891"
"SRC046","120","12","First Lien Secured Debt - Delayed Draw S+488, 1.00% Floor 3/20/2030","2","629","Cost(34)","(184)"
"SRC046","120","12","First Lien Secured Debt - Delayed Draw S+488, 1.00% Floor 3/20/2030","3","695","Fair Value(1)(35)","(115)"
"SRC046","120","13","First Lien Secured Debt - Revolver S+488, 1.00% Floor 3/20/2030","2","629","Cost(34)","(368)"
"SRC046","120","13","First Lien Secured Debt - Revolver S+488, 1.00% Floor 3/20/2030","3","695","Fair Value(1)(35)","(115)"
"SRC046","120","14","Restoration Hardware, Inc. First Lien Secured Debt - Term Loan S+261, 0.50% Floor 10/20/2028","1","574","Par/Shares/Units(3)","24,629"
"SRC046","120","14","Restoration Hardware, Inc. First Lien Secured Debt - Term Loan S+261, 0.50% Floor 10/20/2028","2","629","Cost(34)","24,104"
"SRC046","120","14","Restoration Hardware, Inc. First Lien Secured Debt - Term Loan S+261, 0.50% Floor 10/20/2028","3","695","Fair Value(1)(35)","24,343"
"SRC046","120","15","Weber-Stephen Products LLC First Lien Secured Debt - Term Loan S+375, 0.00% Floor 10/1/2032","1","574","Par/Shares/Units(3)","31,500"
"SRC046","120","15","Weber-Stephen Products LLC First Lien Secured Debt - Term Loan S+375, 0.00% Floor 10/1/2032","2","629","Cost(34)","31,266"
"SRC046","120","15","Weber-Stephen Products LLC First Lien Secured Debt - Term Loan S+375, 0.00% Floor 10/1/2032","3","695","Fair Value(1)(35)","31,586"
"SRC046","120","15","Weber-Stephen Products LLC First Lien Secured Debt - Term Loan S+375, 0.00% Floor 10/1/2032","4","725","","(16)"
"SRC046","120","16","Total Household","2","629","Cost(34)","199,316"
"SRC046","120","16","Total Household","3","695","Fair Value(1)(35)","201,715"
"SRC046","121","1","AI Aqua Merger Sub, Inc. First Lien Secured Debt - Term Loan S+300, 0.50% Floor 7/31/2028 $","1","574","Par/Shares/Units(3)","3,990"
"SRC046","121","1","AI Aqua Merger Sub, Inc. First Lien Secured Debt - Term Loan S+300, 0.50% Floor 7/31/2028 $","2","633","Cost(34)","3,989"
"SRC046","121","1","AI Aqua Merger Sub, Inc. First Lien Secured Debt - Term Loan S+300, 0.50% Floor 7/31/2028 $","3","699","Fair Value(1)(35)","4,003"
"SRC046","121","2","Ergotron Acquisition, LLC First Lien Secured Debt - Term Loan S+525, 0.75% Floor 7/6/2028","1","574","Par/Shares/Units(3)","8,831"
"SRC046","121","2","Ergotron Acquisition, LLC First Lien Secured Debt - Term Loan S+525, 0.75% Floor 7/6/2028","2","633","Cost(34)","8,744"
"SRC046","121","2","Ergotron Acquisition, LLC First Lien Secured Debt - Term Loan S+525, 0.75% Floor 7/6/2028","3","699","Fair Value(1)(35)","8,764"
"SRC046","121","3","Ergotron Investments, LLC Common Equity - Equity Unit N/A N/A 500","2","633","Cost(34)","50"
"SRC046","121","3","Ergotron Investments, LLC Common Equity - Equity Unit N/A N/A 500","3","699","Fair Value(1)(35)","43"
"SRC046","121","4","TZ Buyer LLC First Lien Secured Debt - Term Loan S+610, 0.75% Floor 8/14/2028","1","574","Par/Shares/Units(3)","40,457"
"SRC046","121","4","TZ Buyer LLC First Lien Secured Debt - Term Loan S+610, 0.75% Floor 8/14/2028","2","633","Cost(34)","39,738"
"SRC046","121","4","TZ Buyer LLC First Lien Secured Debt - Term Loan S+610, 0.75% Floor 8/14/2028","3","699","Fair Value(1)(35)","40,053"
"SRC046","121","5","First Lien Secured Debt - Delayed Draw S+610, 0.75% Floor 8/14/2028","1","574","Par/Shares/Units(3)","55,229"
"SRC046","121","5","First Lien Secured Debt - Delayed Draw S+610, 0.75% Floor 8/14/2028","2","633","Cost(34)","54,526"
"SRC046","121","5","First Lien Secured Debt - Delayed Draw S+610, 0.75% Floor 8/14/2028","3","699","Fair Value(1)(35)","54,677"
"SRC046","121","6","First Lien Secured Debt - Revolver S+610, 0.75% Floor 8/14/2028","1","574","Par/Shares/Units(3)","394"
"SRC046","121","6","First Lien Secured Debt - Revolver S+610, 0.75% Floor 8/14/2028","2","633","Cost(34)","387"
"SRC046","121","6","First Lien Secured Debt - Revolver S+610, 0.75% Floor 8/14/2028","3","699","Fair Value(1)(35)","388"
"SRC046","121","7","TZ Parent LLC Common Equity - Equity Unit N/A N/A","1","574","Par/Shares/Units(3)","50"
"SRC046","121","7","TZ Parent LLC Common Equity - Equity Unit N/A N/A","2","633","Cost(34)","50"
"SRC046","121","7","TZ Parent LLC Common Equity - Equity Unit N/A N/A","3","699","Fair Value(1)(35)","76"
"SRC046","121","8","Total Household","2","633","Cost(34)","107,484"
"SRC046","121","8","Total Household","3","699","Fair Value(1)(35)","108,004"
"SRC046","121","9","Calpine Corporation First Lien Secured Debt - Term Loan S+175, 0.00% Floor 1/31/2031 $","1","574","Par/Shares/Units(3)","14,862"
"SRC046","121","9","Calpine Corporation First Lien Secured Debt - Term Loan S+175, 0.00% Floor 1/31/2031 $","2","633","Cost(34)","14,860"
"SRC046","121","9","Calpine Corporation First Lien Secured Debt - Term Loan S+175, 0.00% Floor 1/31/2031 $","3","699","Fair Value(1)(35)","14,878"
"SRC046","121","9","Calpine Corporation First Lien Secured Debt - Term Loan S+175, 0.00% Floor 1/31/2031 $","4","725","","(15)"
"SRC046","121","10","Cogentrix Finance Holdco I LLC First Lien Secured Debt - Term Loan S+225, 0.00% Floor 2/26/2032","1","574","Par/Shares/Units(3)","13,725"
"SRC046","121","10","Cogentrix Finance Holdco I LLC First Lien Secured Debt - Term Loan S+225, 0.00% Floor 2/26/2032","2","633","Cost(34)","13,694"
"SRC046","121","10","Cogentrix Finance Holdco I LLC First Lien Secured Debt - Term Loan S+225, 0.00% Floor 2/26/2032","3","699","Fair Value(1)(35)","13,828"
"SRC046","121","10","Cogentrix Finance Holdco I LLC First Lien Secured Debt - Term Loan S+225, 0.00% Floor 2/26/2032","4","725","","(15)"
"SRC046","121","11","LP Unsecured Debt - Corporate Bond 8.38% 1/15/2031","1","574","Par/Shares/Units(3)","10"
"SRC046","121","11","LP Unsecured Debt - Corporate Bond 8.38% 1/15/2031","2","633","Cost(34)","10"
"SRC046","121","11","LP Unsecured Debt - Corporate Bond 8.38% 1/15/2031","3","699","Fair Value(1)(35)","11"
"SRC046","121","11","LP Unsecured Debt - Corporate Bond 8.38% 1/15/2031","4","725","","(8)"
"SRC046","121","12","Unsecured Debt - Corporate Bond 8.63% 3/15/2033","1","574","Par/Shares/Units(3)","10"
"SRC046","121","12","Unsecured Debt - Corporate Bond 8.63% 3/15/2033","2","633","Cost(34)","10"
"SRC046","121","12","Unsecured Debt - Corporate Bond 8.63% 3/15/2033","3","699","Fair Value(1)(35)","10"
"SRC046","121","12","Unsecured Debt - Corporate Bond 8.63% 3/15/2033","4","725","","(8)"
"SRC046","121","13","Unsecured Debt - Corporate Bond 4.50% 9/15/2027","1","574","Par/Shares/Units(3)","10"
"SRC046","121","13","Unsecured Debt - Corporate Bond 4.50% 9/15/2027","2","633","Cost(34)","10"
"SRC046","121","13","Unsecured Debt - Corporate Bond 4.50% 9/15/2027","3","699","Fair Value(1)(35)","10"
"SRC046","121","13","Unsecured Debt - Corporate Bond 4.50% 9/15/2027","4","725","","(8)"
"SRC046","121","14","Total Independent Power & Renewable Electricity Producers","2","633","Cost(34)","28,584"
"SRC046","121","14","Total Independent Power & Renewable Electricity Producers","3","699","Fair Value(1)(35)","28,737"
"SRC046","121","15","Fortis Fire & Safety Holdings LP Common Equity - Equity Unit N/A N/A","1","574","Par/Shares/Units(3)","9"
"SRC046","121","15","Fortis Fire & Safety Holdings LP Common Equity - Equity Unit N/A N/A","2","633","Cost(34)","90"
"SRC046","121","15","Fortis Fire & Safety Holdings LP Common Equity - Equity Unit N/A N/A","3","699","Fair Value(1)(35)","112"
"SRC046","121","16","Total Industrial Conglomerates","2","633","Cost(34)","90"
"SRC046","121","16","Total Industrial Conglomerates","3","699","Fair Value(1)(35)","112"
"SRC046","122","1","Acrisure LLC First Lien Secured Debt - Term Loan S+325, 0.00% Floor 6/20/2032 $","1","574","Par/Shares/Units(3)","4,975"
"SRC046","122","1","Acrisure LLC First Lien Secured Debt - Term Loan S+325, 0.00% Floor 6/20/2032 $","2","629","Cost(34)","4,963"
"SRC046","122","1","Acrisure LLC First Lien Secured Debt - Term Loan S+325, 0.00% Floor 6/20/2032 $","3","695","Fair Value(1)(35)","4,987"
"SRC046","122","1","Acrisure LLC First Lien Secured Debt - Term Loan S+325, 0.00% Floor 6/20/2032 $","4","725","","(15)"
"SRC046","122","2","Alera Group Intermediate Holdings, Inc. First Lien Secured Debt - Term Loan S+325, 0.50% Floor 5/30/2032","1","574","Par/Shares/Units(3)","34,414"
"SRC046","122","2","Alera Group Intermediate Holdings, Inc. First Lien Secured Debt - Term Loan S+325, 0.50% Floor 5/30/2032","2","629","Cost(34)","34,253"
"SRC046","122","2","Alera Group Intermediate Holdings, Inc. First Lien Secured Debt - Term Loan S+325, 0.50% Floor 5/30/2032","3","695","Fair Value(1)(35)","34,618"
"SRC046","122","3","Alliant Holdings Intermediate, LLC First Lien Secured Debt - Term Loan S+250, 0.00% Floor 9/19/2031","1","574","Par/Shares/Units(3)","40,495"
"SRC046","122","3","Alliant Holdings Intermediate, LLC First Lien Secured Debt - Term Loan S+250, 0.00% Floor 9/19/2031","2","629","Cost(34)","40,319"
"SRC046","122","3","Alliant Holdings Intermediate, LLC First Lien Secured Debt - Term Loan S+250, 0.00% Floor 9/19/2031","3","695","Fair Value(1)(35)","40,632"
"SRC046","122","3","Alliant Holdings Intermediate, LLC First Lien Secured Debt - Term Loan S+250, 0.00% Floor 9/19/2031","4","725","","(15)"
"SRC046","122","4","AmWINS Group, Inc. First Lien Secured Debt - Term Loan S+225, 0.75% Floor 1/30/2032","1","574","Par/Shares/Units(3)","23,790"
"SRC046","122","4","AmWINS Group, Inc. First Lien Secured Debt - Term Loan S+225, 0.75% Floor 1/30/2032","2","629","Cost(34)","23,765"
"SRC046","122","4","AmWINS Group, Inc. First Lien Secured Debt - Term Loan S+225, 0.75% Floor 1/30/2032","3","695","Fair Value(1)(35)","23,885"
"SRC046","122","4","AmWINS Group, Inc. First Lien Secured Debt - Term Loan S+225, 0.75% Floor 1/30/2032","4","725","","(15)"
"SRC046","122","5","Ardonagh Group Finco Pty Ltd First Lien Secured Debt - Term Loan S+275, 0.00% Floor 2/15/2031","1","574","Par/Shares/Units(3)","34,738"
"SRC046","122","5","Ardonagh Group Finco Pty Ltd First Lien Secured Debt - Term Loan S+275, 0.00% Floor 2/15/2031","2","629","Cost(34)","34,567"
"SRC046","122","5","Ardonagh Group Finco Pty Ltd First Lien Secured Debt - Term Loan S+275, 0.00% Floor 2/15/2031","3","695","Fair Value(1)(35)","34,731"
"SRC046","122","6","Asurion, LLC First Lien Secured Debt - Term Loan S+425, 0.00% Floor 9/19/2030","1","574","Par/Shares/Units(3)","18,271"
"SRC046","122","6","Asurion, LLC First Lien Secured Debt - Term Loan S+425, 0.00% Floor 9/19/2030","2","629","Cost(34)","18,150"
"SRC046","122","6","Asurion, LLC First Lien Secured Debt - Term Loan S+425, 0.00% Floor 9/19/2030","3","695","Fair Value(1)(35)","18,287"
"SRC046","122","6","Asurion, LLC First Lien Secured Debt - Term Loan S+425, 0.00% Floor 9/19/2030","4","725","","(15)"
"SRC046","122","7","BroadStreet Partners, Inc. First Lien Secured Debt - Term Loan S+275, 0.00% Floor 6/13/2031","1","574","Par/Shares/Units(3)","10,559"
"SRC046","122","7","BroadStreet Partners, Inc. First Lien Secured Debt - Term Loan S+275, 0.00% Floor 6/13/2031","2","629","Cost(34)","10,551"
"SRC046","122","7","BroadStreet Partners, Inc. First Lien Secured Debt - Term Loan S+275, 0.00% Floor 6/13/2031","3","695","Fair Value(1)(35)","10,606"
"SRC046","122","7","BroadStreet Partners, Inc. First Lien Secured Debt - Term Loan S+275, 0.00% Floor 6/13/2031","4","725","","(15)"
"SRC046","122","8","Galway Borrower LLC First Lien Secured Debt - Term Loan S+450, 0.75% Floor 9/29/2028","1","574","Par/Shares/Units(3)","33,614"
"SRC046","122","8","Galway Borrower LLC First Lien Secured Debt - Term Loan S+450, 0.75% Floor 9/29/2028","2","629","Cost(34)","33,416"
"SRC046","122","8","Galway Borrower LLC First Lien Secured Debt - Term Loan S+450, 0.75% Floor 9/29/2028","3","695","Fair Value(1)(35)","33,698"
"SRC046","122","9","First Lien Secured Debt - Delayed Draw S+450, 0.75% Floor 9/29/2028","1","574","Par/Shares/Units(3)","1,319"
"SRC046","122","9","First Lien Secured Debt - Delayed Draw S+450, 0.75% Floor 9/29/2028","2","629","Cost(34)","1,308"
"SRC046","122","9","First Lien Secured Debt - Delayed Draw S+450, 0.75% Floor 9/29/2028","3","695","Fair Value(1)(35)","1,319"
"SRC046","122","10","First Lien Secured Debt - Revolver S+450, 0.75% Floor 9/29/2028","1","574","Par/Shares/Units(3)","524"
"SRC046","122","10","First Lien Secured Debt - Revolver S+450, 0.75% Floor 9/29/2028","2","629","Cost(34)","504"
"SRC046","122","10","First Lien Secured Debt - Revolver S+450, 0.75% Floor 9/29/2028","3","695","Fair Value(1)(35)","524"
"SRC046","122","11","HIG Intermediate, Inc. Preferred Equity - Cumulative Preferred N/A N/A 50,000","2","629","Cost(34)","49"
"SRC046","122","11","HIG Intermediate, Inc. Preferred Equity - Cumulative Preferred N/A N/A 50,000","3","695","Fair Value(1)(35)","50"
"SRC046","122","12","Higginbotham Insurance Agency, Inc. First Lien Secured Debt - Term Loan S+450, 1.00% Floor 6/11/2031","1","574","Par/Shares/Units(3)","138,425"
"SRC046","122","12","Higginbotham Insurance Agency, Inc. First Lien Secured Debt - Term Loan S+450, 1.00% Floor 6/11/2031","2","629","Cost(34)","138,164"
"SRC046","122","12","Higginbotham Insurance Agency, Inc. First Lien Secured Debt - Term Loan S+450, 1.00% Floor 6/11/2031","3","695","Fair Value(1)(35)","137,733"
"SRC046","122","12","Higginbotham Insurance Agency, Inc. First Lien Secured Debt - Term Loan S+450, 1.00% Floor 6/11/2031","4","725","","(15)"
"SRC046","122","13","First Lien Secured Debt - Delayed Draw S+450, 1.00% Floor 6/11/2031","2","629","Cost(34)","(141)"
"SRC046","122","13","First Lien Secured Debt - Delayed Draw S+450, 1.00% Floor 6/11/2031","3","695","Fair Value(1)(35)","(190)"
"SRC046","122","14","Thg Acquisition, LLC First Lien Secured Debt - Term Loan S+475, 0.75% Floor 10/31/2031","1","574","Par/Shares/Units(3)","89,254"
"SRC046","122","14","Thg Acquisition, LLC First Lien Secured Debt - Term Loan S+475, 0.75% Floor 10/31/2031","2","629","Cost(34)","88,476"
"SRC046","122","14","Thg Acquisition, LLC First Lien Secured Debt - Term Loan S+475, 0.75% Floor 10/31/2031","3","695","Fair Value(1)(35)","88,362"
"SRC046","122","15","First Lien Secured Debt - Delayed Draw S+475, 0.75% Floor 10/31/2031","1","574","Par/Shares/Units(3)","5,815"
"SRC046","122","15","First Lien Secured Debt - Delayed Draw S+475, 0.75% Floor 10/31/2031","2","629","Cost(34)","5,704"
"SRC046","122","15","First Lien Secured Debt - Delayed Draw S+475, 0.75% Floor 10/31/2031","3","695","Fair Value(1)(35)","5,615"
"SRC046","122","16","First Lien Secured Debt - Revolver S+475, 0.75% Floor 10/31/2031","1","574","Par/Shares/Units(3)","1,317"
"SRC046","122","16","First Lien Secured Debt - Revolver S+475, 0.75% Floor 10/31/2031","2","629","Cost(34)","1,233"
"SRC046","122","16","First Lien Secured Debt - Revolver S+475, 0.75% Floor 10/31/2031","3","695","Fair Value(1)(35)","1,217"
"SRC046","122","17","HIG Finance 2 Limited First Lien Secured Debt - Term Loan S+275, 0.50% Floor 4/18/2030","1","574","Par/Shares/Units(3)","9,949"
"SRC046","122","17","HIG Finance 2 Limited First Lien Secured Debt - Term Loan S+275, 0.50% Floor 4/18/2030","2","629","Cost(34)","9,904"
"SRC046","122","17","HIG Finance 2 Limited First Lien Secured Debt - Term Loan S+275, 0.50% Floor 4/18/2030","3","695","Fair Value(1)(35)","9,988"
"SRC046","122","18","Hyperion Refinance Sarl First Lien Secured Debt - Term Loan S+275, 0.50% Floor 2/15/2031","1","574","Par/Shares/Units(3)","61,114"
"SRC046","122","18","Hyperion Refinance Sarl First Lien Secured Debt - Term Loan S+275, 0.50% Floor 2/15/2031","2","629","Cost(34)","60,816"
"SRC046","122","18","Hyperion Refinance Sarl First Lien Secured Debt - Term Loan S+275, 0.50% Floor 2/15/2031","3","695","Fair Value(1)(35)","61,338"
"SRC046","122","19","First Lien Secured Debt - Delayed Draw S+475, 0.50% Floor 2/15/2031","1","574","Par/Shares/Units(3)","101,200"
"SRC046","122","19","First Lien Secured Debt - Delayed Draw S+475, 0.50% Floor 2/15/2031","2","629","Cost(34)","99,276"
"SRC046","122","19","First Lien Secured Debt - Delayed Draw S+475, 0.50% Floor 2/15/2031","3","695","Fair Value(1)(35)","101,200"
"SRC046","122","19","First Lien Secured Debt - Delayed Draw S+475, 0.50% Floor 2/15/2031","4","725","","2)"
"SRC046","123","1","Hub International Limited First Lien Secured Debt - Term Loan S+225, 0.00% Floor 6/20/2030","1","574","Par/Shares/Units(3)","21,129"
"SRC046","123","1","Hub International Limited First Lien Secured Debt - Term Loan S+225, 0.00% Floor 6/20/2030","2","629","Cost(34)","21,153"
"SRC046","123","1","Hub International Limited First Lien Secured Debt - Term Loan S+225, 0.00% Floor 6/20/2030","3","695","Fair Value(1)(35)","21,263"
"SRC046","123","1","Hub International Limited First Lien Secured Debt - Term Loan S+225, 0.00% Floor 6/20/2030","4","725","","(16)"
"SRC046","123","2","IRIS Specialty Acquisition LLC First Lien Secured Debt - Term Loan S+450, 0.50% Floor 11/20/2032","1","574","Par/Shares/Units(3)","214,754"
"SRC046","123","2","IRIS Specialty Acquisition LLC First Lien Secured Debt - Term Loan S+450, 0.50% Floor 11/20/2032","2","629","Cost(34)","213,698"
"SRC046","123","2","IRIS Specialty Acquisition LLC First Lien Secured Debt - Term Loan S+450, 0.50% Floor 11/20/2032","3","695","Fair Value(1)(35)","213,680"
"SRC046","123","3","First Lien Secured Debt - Delayed Draw S+450, 0.50% Floor 11/20/2032","2","629","Cost(34)","(89)"
"SRC046","123","3","First Lien Secured Debt - Delayed Draw S+450, 0.50% Floor 11/20/2032","3","695","Fair Value(1)(35)","(90)"
"SRC046","123","4","First Lien Secured Debt - Revolver S+450, 0.50% Floor 11/20/2032","2","629","Cost(34)","(157)"
"SRC046","123","4","First Lien Secured Debt - Revolver S+450, 0.50% Floor 11/20/2032","3","695","Fair Value(1)(35)","(159)"
"SRC046","123","5","Koala Investment Holdings, Inc. First Lien Secured Debt - Term Loan S+425, 0.75% Floor 8/29/2032","1","574","Par/Shares/Units(3)","95,436"
"SRC046","123","5","Koala Investment Holdings, Inc. First Lien Secured Debt - Term Loan S+425, 0.75% Floor 8/29/2032","2","629","Cost(34)","94,517"
"SRC046","123","5","Koala Investment Holdings, Inc. First Lien Secured Debt - Term Loan S+425, 0.75% Floor 8/29/2032","3","695","Fair Value(1)(35)","94,482"
"SRC046","123","6","First Lien Secured Debt - Delayed Draw S+450, 0.75% Floor 8/29/2032","2","629","Cost(34)","(88)"
"SRC046","123","6","First Lien Secured Debt - Delayed Draw S+450, 0.75% Floor 8/29/2032","3","695","Fair Value(1)(35)","(184)"
"SRC046","123","7","First Lien Secured Debt - Revolver S+450, 0.75% Floor 8/29/2032","2","629","Cost(34)","(78)"
"SRC046","123","7","First Lien Secured Debt - Revolver S+450, 0.75% Floor 8/29/2032","3","695","Fair Value(1)(35)","(82)"
"SRC046","123","8","OneDigital Borrower LLC First Lien Secured Debt - Term Loan S+300, 0.50% Floor 7/2/2031","1","574","Par/Shares/Units(3)","2,985"
"SRC046","123","8","OneDigital Borrower LLC First Lien Secured Debt - Term Loan S+300, 0.50% Floor 7/2/2031","2","629","Cost(34)","2,992"
"SRC046","123","8","OneDigital Borrower LLC First Lien Secured Debt - Term Loan S+300, 0.50% Floor 7/2/2031","3","695","Fair Value(1)(35)","2,996"
"SRC046","123","8","OneDigital Borrower LLC First Lien Secured Debt - Term Loan S+300, 0.50% Floor 7/2/2031","4","725","","(16)"
"SRC046","123","9","Patriot Growth Insurance Services, LLC First Lien Secured Debt - Term Loan S+515, 0.75% Floor 10/16/2028","1","574","Par/Shares/Units(3)","31,489"
"SRC046","123","9","Patriot Growth Insurance Services, LLC First Lien Secured Debt - Term Loan S+515, 0.75% Floor 10/16/2028","2","629","Cost(34)","31,489"
"SRC046","123","9","Patriot Growth Insurance Services, LLC First Lien Secured Debt - Term Loan S+515, 0.75% Floor 10/16/2028","3","695","Fair Value(1)(35)","31,489"
"SRC046","123","10","First Lien Secured Debt - Delayed Draw S+500, 0.75% Floor 10/16/2028","1","574","Par/Shares/Units(3)","5,952"
"SRC046","123","10","First Lien Secured Debt - Delayed Draw S+500, 0.75% Floor 10/16/2028","2","629","Cost(34)","5,913"
"SRC046","123","10","First Lien Secured Debt - Delayed Draw S+500, 0.75% Floor 10/16/2028","3","695","Fair Value(1)(35)","5,952"
"SRC046","123","11","SG Acquisition, Inc. First Lien Secured Debt - Term Loan S+475, 0.75% Floor 4/3/2030","1","574","Par/Shares/Units(3)","90,030"
"SRC046","123","11","SG Acquisition, Inc. First Lien Secured Debt - Term Loan S+475, 0.75% Floor 4/3/2030","2","629","Cost(34)","89,032"
"SRC046","123","11","SG Acquisition, Inc. First Lien Secured Debt - Term Loan S+475, 0.75% Floor 4/3/2030","3","695","Fair Value(1)(35)","90,030"
"SRC046","123","12","First Lien Secured Debt - Revolver S+475, 0.75% Floor 4/3/2030","2","629","Cost(34)","(41)"
"SRC046","123","12","First Lien Secured Debt - Revolver S+475, 0.75% Floor 4/3/2030","3","695","Fair Value(1)(35)","(29)"
"SRC046","123","13","Inc. First Lien Secured Debt - Term Loan S+250, 0.00% Floor 7/31/2031","1","574","Par/Shares/Units(3)","11,467"
"SRC046","123","13","Inc. First Lien Secured Debt - Term Loan S+250, 0.00% Floor 7/31/2031","2","629","Cost(34)","11,443"
"SRC046","123","13","Inc. First Lien Secured Debt - Term Loan S+250, 0.00% Floor 7/31/2031","3","695","Fair Value(1)(35)","11,516"
"SRC046","123","13","Inc. First Lien Secured Debt - Term Loan S+250, 0.00% Floor 7/31/2031","4","725","","(15)"
"SRC046","123","14","Truist Insurance Holdings, LLC First Lien Secured Debt - Term Loan S+275, 0.00% Floor 5/6/2031","1","574","Par/Shares/Units(3)","32,649"
"SRC046","123","14","Truist Insurance Holdings, LLC First Lien Secured Debt - Term Loan S+275, 0.00% Floor 5/6/2031","2","629","Cost(34)","32,578"
"SRC046","123","14","Truist Insurance Holdings, LLC First Lien Secured Debt - Term Loan S+275, 0.00% Floor 5/6/2031","3","695","Fair Value(1)(35)","32,744"
"SRC046","123","14","Truist Insurance Holdings, LLC First Lien Secured Debt - Term Loan S+275, 0.00% Floor 5/6/2031","4","725","","(16)"
"SRC046","123","15","First Lien Secured Debt - Revolver S+325, 0.00% Floor 5/6/2029","2","629","Cost(34)","(381)"
"SRC046","123","15","First Lien Secured Debt - Revolver S+325, 0.00% Floor 5/6/2029","3","695","Fair Value(1)(35)","(435)"
"SRC046","123","16","Total Insurance","2","629","Cost(34)","1,107,258"
"SRC046","123","16","Total Insurance","3","695","Fair Value(1)(35)","1,111,773"
"SRC046","123","17","Aurelia Netherlands BV First Lien Secured Debt - Term Loan E+475, 0.00% Floor 5/29/2031 €","1","574","Par/Shares/Units(3)","212,000"
"SRC046","123","17","Aurelia Netherlands BV First Lien Secured Debt - Term Loan E+475, 0.00% Floor 5/29/2031 €","2","629","Cost(34)","232,112"
"SRC046","123","17","Aurelia Netherlands BV First Lien Secured Debt - Term Loan E+475, 0.00% Floor 5/29/2031 €","3","695","Fair Value(1)(35)","249,765"
"SRC046","123","18","X Corp First Lien Secured Debt - Term Loan 9.50% 10/26/2029","1","574","Par/Shares/Units(3)","56,512"
"SRC046","123","18","X Corp First Lien Secured Debt - Term Loan 9.50% 10/26/2029","2","629","Cost(34)","55,010"
"SRC046","123","18","X Corp First Lien Secured Debt - Term Loan 9.50% 10/26/2029","3","695","Fair Value(1)(35)","56,422"
"SRC046","123","19","First Lien Secured Debt - Term Loan S+675, 0.50% Floor 10/26/2029","1","574","Par/Shares/Units(3)","29,650"
"SRC046","123","19","First Lien Secured Debt - Term Loan S+675, 0.50% Floor 10/26/2029","2","629","Cost(34)","29,056"
"SRC046","123","19","First Lien Secured Debt - Term Loan S+675, 0.50% Floor 10/26/2029","3","695","Fair Value(1)(35)","29,195"
"SRC046","123","19","First Lien Secured Debt - Term Loan S+675, 0.50% Floor 10/26/2029","4","725","","(17)"
"SRC046","123","20","Total Interactive Media &","2","629","Cost(34)","316,178"
"SRC046","123","20","Total Interactive Media &","3","695","Fair Value(1)(35)","335,382"
"SRC046","124","1","FINANCIERE ASTEK First Lien Secured Debt - Term Loan E+675, 0.00% Floor 4/25/2031 €","1","578","Par/Shares/Units(3)","50,293"
"SRC046","124","1","FINANCIERE ASTEK First Lien Secured Debt - Term Loan E+675, 0.00% Floor 4/25/2031 €","2","633","Cost(34)","52,758"
"SRC046","124","1","FINANCIERE ASTEK First Lien Secured Debt - Term Loan E+675, 0.00% Floor 4/25/2031 €","3","699","Fair Value(1)(35)","58,366"
"SRC046","124","2","First Lien Secured Debt - Delayed Draw E+675, 0.00% Floor 4/25/2031 €","1","578","Par/Shares/Units(3)","20,626"
"SRC046","124","2","First Lien Secured Debt - Delayed Draw E+675, 0.00% Floor 4/25/2031 €","2","633","Cost(34)","21,637"
"SRC046","124","2","First Lien Secured Debt - Delayed Draw E+675, 0.00% Floor 4/25/2031 €","3","699","Fair Value(1)(35)","23,933"
"SRC046","124","3","ACP Avenu Buyer, LLC First Lien Secured Debt - Term Loan S+475, 1.00% Floor 10/2/2029","1","578","Par/Shares/Units(3)","14,586"
"SRC046","124","3","ACP Avenu Buyer, LLC First Lien Secured Debt - Term Loan S+475, 1.00% Floor 10/2/2029","2","633","Cost(34)","14,397"
"SRC046","124","3","ACP Avenu Buyer, LLC First Lien Secured Debt - Term Loan S+475, 1.00% Floor 10/2/2029","3","699","Fair Value(1)(35)","14,440"
"SRC046","124","4","First Lien Secured Debt - Delayed Draw S+475, 1.00% Floor 10/2/2029","1","578","Par/Shares/Units(3)","2,658"
"SRC046","124","4","First Lien Secured Debt - Delayed Draw S+475, 1.00% Floor 10/2/2029","2","633","Cost(34)","2,569"
"SRC046","124","4","First Lien Secured Debt - Delayed Draw S+475, 1.00% Floor 10/2/2029","3","699","Fair Value(1)(35)","2,536"
"SRC046","124","5","First Lien Secured Debt - Revolver S+525, 1.00% Floor 10/2/2029","2","633","Cost(34)","(61)"
"SRC046","124","5","First Lien Secured Debt - Revolver S+525, 1.00% Floor 10/2/2029","3","699","Fair Value(1)(35)","(61)"
"SRC046","124","6","Greeneden U.S. Holdings II, LLC First Lien Secured Debt - Term Loan S+250, 0.00% Floor 1/30/2032","1","578","Par/Shares/Units(3)","5,250"
"SRC046","124","6","Greeneden U.S. Holdings II, LLC First Lien Secured Debt - Term Loan S+250, 0.00% Floor 1/30/2032","2","633","Cost(34)","5,230"
"SRC046","124","6","Greeneden U.S. Holdings II, LLC First Lien Secured Debt - Term Loan S+250, 0.00% Floor 1/30/2032","3","699","Fair Value(1)(35)","5,246"
"SRC046","124","6","Greeneden U.S. Holdings II, LLC First Lien Secured Debt - Term Loan S+250, 0.00% Floor 1/30/2032","4","725","","(15)"
"SRC046","124","7","Genius Bidco LLC First Lien Secured Debt - Term Loan S+525, 1.00% Floor 5/1/2030","1","578","Par/Shares/Units(3)","4,570"
"SRC046","124","7","Genius Bidco LLC First Lien Secured Debt - Term Loan S+525, 1.00% Floor 5/1/2030","2","633","Cost(34)","4,499"
"SRC046","124","7","Genius Bidco LLC First Lien Secured Debt - Term Loan S+525, 1.00% Floor 5/1/2030","3","699","Fair Value(1)(35)","4,478"
"SRC046","124","8","First Lien Secured Debt - Delayed Draw S+525, 1.00% Floor 5/1/2030","2","633","Cost(34)","(12)"
"SRC046","124","8","First Lien Secured Debt - Delayed Draw S+525, 1.00% Floor 5/1/2030","3","699","Fair Value(1)(35)","(34)"
"SRC046","124","9","First Lien Secured Debt - Revolver S+525, 1.00% Floor 5/1/2030","1","578","Par/Shares/Units(3)","155"
"SRC046","124","9","First Lien Secured Debt - Revolver S+525, 1.00% Floor 5/1/2030","2","633","Cost(34)","138"
"SRC046","124","9","First Lien Secured Debt - Revolver S+525, 1.00% Floor 5/1/2030","3","699","Fair Value(1)(35)","132"
"SRC046","124","10","Genius Bidco LLC Common Equity - Equity Unit N/A N/A 773","2","633","Cost(34)","77"
"SRC046","124","10","Genius Bidco LLC Common Equity - Equity Unit N/A N/A 773","3","699","Fair Value(1)(35)","48"
"SRC046","124","11","Vensure Employer Services, Inc. First Lien Secured Debt - Term Loan S+500, 0.50% Floor 9/27/2031","1","578","Par/Shares/Units(3)","158,960"
"SRC046","124","11","Vensure Employer Services, Inc. First Lien Secured Debt - Term Loan S+500, 0.50% Floor 9/27/2031","2","633","Cost(34)","157,693"
"SRC046","124","11","Vensure Employer Services, Inc. First Lien Secured Debt - Term Loan S+500, 0.50% Floor 9/27/2031","3","699","Fair Value(1)(35)","156,575"
"SRC046","124","11","Vensure Employer Services, Inc. First Lien Secured Debt - Term Loan S+500, 0.50% Floor 9/27/2031","4","725","","(16)"
"SRC046","124","12","First Lien Secured Debt - Delayed Draw S+500, 0.50% Floor 9/27/2031","2","633","Cost(34)","(36)"
"SRC046","124","12","First Lien Secured Debt - Delayed Draw S+500, 0.50% Floor 9/27/2031","3","699","Fair Value(1)(35)","(38)"
"SRC046","124","13","Investment Company 24 Bidco Limited First Lien Secured Debt - Term Loan SONIA+490, 0.00% Floor 7/11/2029 £","1","578","Par/Shares/Units(3)","6,559"
"SRC046","124","13","Investment Company 24 Bidco Limited First Lien Secured Debt - Term Loan SONIA+490, 0.00% Floor 7/11/2029 £","2","633","Cost(34)","7,692"
"SRC046","124","13","Investment Company 24 Bidco Limited First Lien Secured Debt - Term Loan SONIA+490, 0.00% Floor 7/11/2029 £","3","699","Fair Value(1)(35)","8,797"
"SRC046","124","14","First Lien Secured Debt - Term Loan E+490, 0.00% Floor 7/11/2029 €","1","578","Par/Shares/Units(3)","4,029"
"SRC046","124","14","First Lien Secured Debt - Term Loan E+490, 0.00% Floor 7/11/2029 €","2","633","Cost(34)","3,994"
"SRC046","124","14","First Lien Secured Debt - Term Loan E+490, 0.00% Floor 7/11/2029 €","3","699","Fair Value(1)(35)","4,711"
"SRC046","124","15","First Lien Secured Debt - Delayed Draw SONIA+490, 0.00% Floor 7/11/2029 £","1","578","Par/Shares/Units(3)","2,248"
"SRC046","124","15","First Lien Secured Debt - Delayed Draw SONIA+490, 0.00% Floor 7/11/2029 £","2","633","Cost(34)","2,630"
"SRC046","124","15","First Lien Secured Debt - Delayed Draw SONIA+490, 0.00% Floor 7/11/2029 £","3","699","Fair Value(1)(35)","2,728"
"SRC046","124","15","First Lien Secured Debt - Delayed Draw SONIA+490, 0.00% Floor 7/11/2029 £","4","725","","(32)"
"SRC046","124","16","First Lien Secured Debt - Delayed Draw E+575, 0.00% Floor 7/11/2029 €","3","699","Fair Value(1)(35)","(32)"
"SRC046","124","17","Bullcave Limited First Lien Secured Debt - Term Loan S+500, 0.75% Floor 8/6/2030","1","578","Par/Shares/Units(3)","20,789"
"SRC046","124","17","Bullcave Limited First Lien Secured Debt - Term Loan S+500, 0.75% Floor 8/6/2030","2","633","Cost(34)","20,535"
"SRC046","124","17","Bullcave Limited First Lien Secured Debt - Term Loan S+500, 0.75% Floor 8/6/2030","3","699","Fair Value(1)(35)","20,634"
"SRC046","124","18","First Lien Secured Debt - Revolver S+500, 0.75% Floor 8/6/2030","1","578","Par/Shares/Units(3)","2,632"
"SRC046","124","18","First Lien Secured Debt - Revolver S+500, 0.75% Floor 8/6/2030","2","633","Cost(34)","2,585"
"SRC046","124","18","First Lien Secured Debt - Revolver S+500, 0.75% Floor 8/6/2030","3","699","Fair Value(1)(35)","2,602"
"SRC046","124","19","Total IT Services","2","633","Cost(34)","296,325"
"SRC046","124","19","Total IT Services","3","699","Fair Value(1)(35)","305,061"
"SRC046","125","1","Kingpin Intermediate Holdings LLC First Lien Secured Debt - Term Loan S+325, 0.00% Floor 9/22/2032 $","1","574","Par/Shares/Units(3)","13,054"
"SRC046","125","1","Kingpin Intermediate Holdings LLC First Lien Secured Debt - Term Loan S+325, 0.00% Floor 9/22/2032 $","2","629","Cost(34)","12,959"
"SRC046","125","1","Kingpin Intermediate Holdings LLC First Lien Secured Debt - Term Loan S+325, 0.00% Floor 9/22/2032 $","3","695","Fair Value(1)(35)","12,826"
"SRC046","125","2","First Lien Secured Debt - Corporate Bond 7.25% 10/15/2032","1","574","Par/Shares/Units(3)","15,042"
"SRC046","125","2","First Lien Secured Debt - Corporate Bond 7.25% 10/15/2032","2","629","Cost(34)","14,523"
"SRC046","125","2","First Lien Secured Debt - Corporate Bond 7.25% 10/15/2032","3","695","Fair Value(1)(35)","14,263"
"SRC046","125","2","First Lien Secured Debt - Corporate Bond 7.25% 10/15/2032","4","725","","(8)"
"SRC046","125","3","Neutron Holdings, Inc. First Lien Secured Debt - Term Loan 10.00% 9/30/2026","1","574","Par/Shares/Units(3)","75,000"
"SRC046","125","3","Neutron Holdings, Inc. First Lien Secured Debt - Term Loan 10.00% 9/30/2026","2","629","Cost(34)","74,583"
"SRC046","125","3","Neutron Holdings, Inc. First Lien Secured Debt - Term Loan 10.00% 9/30/2026","3","695","Fair Value(1)(35)","75,000"
"SRC046","125","4","Peloton Interactive, Inc. First Lien Secured Debt - Term Loan S+550, 0.00% Floor 5/30/2029","1","574","Par/Shares/Units(3)","81,579"
"SRC046","125","4","Peloton Interactive, Inc. First Lien Secured Debt - Term Loan S+550, 0.00% Floor 5/30/2029","2","629","Cost(34)","81,030"
"SRC046","125","4","Peloton Interactive, Inc. First Lien Secured Debt - Term Loan S+550, 0.00% Floor 5/30/2029","3","695","Fair Value(1)(35)","82,395"
"SRC046","125","5","Total Leisure","2","629","Cost(34)","183,095"
"SRC046","125","5","Total Leisure","3","695","Fair Value(1)(35)","184,484"
"SRC046","125","6","Cambrex Corp. First Lien Secured Debt - Term Loan S+450, 0.75% Floor 3/5/2032 $","1","574","Par/Shares/Units(3)","116,518"
"SRC046","125","6","Cambrex Corp. First Lien Secured Debt - Term Loan S+450, 0.75% Floor 3/5/2032 $","2","629","Cost(34)","115,508"
"SRC046","125","6","Cambrex Corp. First Lien Secured Debt - Term Loan S+450, 0.75% Floor 3/5/2032 $","3","695","Fair Value(1)(35)","116,518"
"SRC046","125","7","First Lien Secured Debt - Delayed Draw S+475, 0.75% Floor 3/6/2032","2","629","Cost(34)","(77)"
"SRC046","125","8","First Lien Secured Debt - Revolver S+450, 0.75% Floor 3/5/2032","1","574","Par/Shares/Units(3)","872"
"SRC046","125","8","First Lien Secured Debt - Revolver S+450, 0.75% Floor 3/5/2032","2","629","Cost(34)","737"
"SRC046","125","8","First Lien Secured Debt - Revolver S+450, 0.75% Floor 3/5/2032","3","695","Fair Value(1)(35)","872"
"SRC046","125","9","Curia Global, Inc. First Lien Secured Debt - Term Loan PIK, 0.00% Floor 12/6/2029","1","574","Par/Shares/Units(3)","204,841"
"SRC046","125","9","Curia Global, Inc. First Lien Secured Debt - Term Loan PIK, 0.00% Floor 12/6/2029","2","629","Cost(34)","201,838"
"SRC046","125","9","Curia Global, Inc. First Lien Secured Debt - Term Loan PIK, 0.00% Floor 12/6/2029","3","695","Fair Value(1)(35)","199,208"
"SRC046","125","10","Parexel International Corporation First Lien Secured Debt - Term Loan S+275, 0.50% Floor 12/12/2031","1","574","Par/Shares/Units(3)","58,319"
"SRC046","125","10","Parexel International Corporation First Lien Secured Debt - Term Loan S+275, 0.50% Floor 12/12/2031","2","629","Cost(34)","58,170"
"SRC046","125","10","Parexel International Corporation First Lien Secured Debt - Term Loan S+275, 0.50% Floor 12/12/2031","3","695","Fair Value(1)(35)","58,586"
"SRC046","125","10","Parexel International Corporation First Lien Secured Debt - Term Loan S+275, 0.50% Floor 12/12/2031","4","725","","(15)"
"SRC046","125","11","Total Life Sciences Tools &","2","629","Cost(34)","376,176"
"SRC046","125","11","Total Life Sciences Tools &","3","695","Fair Value(1)(35)","375,184"
"SRC046","125","12","Alliance Laundry Systems LLC First Lien Secured Debt - Term Loan S+225, 0.00% Floor 8/19/2031 $","1","574","Par/Shares/Units(3)","16,775"
"SRC046","125","12","Alliance Laundry Systems LLC First Lien Secured Debt - Term Loan S+225, 0.00% Floor 8/19/2031 $","2","629","Cost(34)","16,733"
"SRC046","125","12","Alliance Laundry Systems LLC First Lien Secured Debt - Term Loan S+225, 0.00% Floor 8/19/2031 $","3","695","Fair Value(1)(35)","16,867"
"SRC046","125","13","Arrowhead Holdco Company First Lien Secured Debt - Term Loan PIK, 0.75% Floor 8/31/2028","1","574","Par/Shares/Units(3)","10,444"
"SRC046","125","13","Arrowhead Holdco Company First Lien Secured Debt - Term Loan PIK, 0.75% Floor 8/31/2028","2","629","Cost(34)","10,444"
"SRC046","125","13","Arrowhead Holdco Company First Lien Secured Debt - Term Loan PIK, 0.75% Floor 8/31/2028","3","695","Fair Value(1)(35)","7,755"
"SRC046","125","14","LSF12 Donnelly Bidco, LLC First Lien Secured Debt - Term Loan S+650, 1.00% Floor 10/2/2029","1","574","Par/Shares/Units(3)","14,663"
"SRC046","125","14","LSF12 Donnelly Bidco, LLC First Lien Secured Debt - Term Loan S+650, 1.00% Floor 10/2/2029","2","629","Cost(34)","14,407"
"SRC046","125","14","LSF12 Donnelly Bidco, LLC First Lien Secured Debt - Term Loan S+650, 1.00% Floor 10/2/2029","3","695","Fair Value(1)(35)","14,418"
"SRC046","126","1","Cube Industrials Buyer, Inc. First Lien Secured Debt - Term Loan S+300, 0.00% Floor 10/17/2031","1","574","Par/Shares/Units(3)","24,317"
"SRC046","126","1","Cube Industrials Buyer, Inc. First Lien Secured Debt - Term Loan S+300, 0.00% Floor 10/17/2031","2","629","Cost(34)","24,225"
"SRC046","126","1","Cube Industrials Buyer, Inc. First Lien Secured Debt - Term Loan S+300, 0.00% Floor 10/17/2031","3","695","Fair Value(1)(35)","24,504"
"SRC046","126","2","Engineered Machinery Holdings, Inc. First Lien Secured Debt - Term Loan S+325, 0.00% Floor 11/26/2032","1","574","Par/Shares/Units(3)","20,000"
"SRC046","126","2","Engineered Machinery Holdings, Inc. First Lien Secured Debt - Term Loan S+325, 0.00% Floor 11/26/2032","2","629","Cost(34)","19,907"
"SRC046","126","2","Engineered Machinery Holdings, Inc. First Lien Secured Debt - Term Loan S+325, 0.00% Floor 11/26/2032","3","695","Fair Value(1)(35)","20,153"
"SRC046","126","2","Engineered Machinery Holdings, Inc. First Lien Secured Debt - Term Loan S+325, 0.00% Floor 11/26/2032","4","725","","(16)"
"SRC046","126","3","Titan Acquisition Ltd of Canada First Lien Secured Debt - Term Loan S+375, 0.00% Floor 2/15/2029","1","574","Par/Shares/Units(3)","75,117"
"SRC046","126","3","Titan Acquisition Ltd of Canada First Lien Secured Debt - Term Loan S+375, 0.00% Floor 2/15/2029","2","629","Cost(34)","74,529"
"SRC046","126","3","Titan Acquisition Ltd of Canada First Lien Secured Debt - Term Loan S+375, 0.00% Floor 2/15/2029","3","695","Fair Value(1)(35)","75,780"
"SRC046","126","4","Ideal Components Acquisition, LLC First Lien Secured Debt - Term Loan S+500, 0.75% Floor 6/30/2032","1","574","Par/Shares/Units(3)","29,849"
"SRC046","126","4","Ideal Components Acquisition, LLC First Lien Secured Debt - Term Loan S+500, 0.75% Floor 6/30/2032","2","629","Cost(34)","29,425"
"SRC046","126","4","Ideal Components Acquisition, LLC First Lien Secured Debt - Term Loan S+500, 0.75% Floor 6/30/2032","3","695","Fair Value(1)(35)","29,625"
"SRC046","126","5","First Lien Secured Debt - Delayed Draw S+500, 0.75% Floor 6/30/2032","2","629","Cost(34)","(38)"
"SRC046","126","5","First Lien Secured Debt - Delayed Draw S+500, 0.75% Floor 6/30/2032","3","695","Fair Value(1)(35)","(41)"
"SRC046","126","6","First Lien Secured Debt - Revolver S+500, 0.75% Floor 6/30/2032","1","574","Par/Shares/Units(3)","611"
"SRC046","126","6","First Lien Secured Debt - Revolver S+500, 0.75% Floor 6/30/2032","2","629","Cost(34)","547"
"SRC046","126","6","First Lien Secured Debt - Revolver S+500, 0.75% Floor 6/30/2032","3","695","Fair Value(1)(35)","576"
"SRC046","126","7","JPW Industries Holding Corporation First Lien Secured Debt - Term Loan S+588, 2.00% Floor 11/22/2028","1","574","Par/Shares/Units(3)","112,867"
"SRC046","126","7","JPW Industries Holding Corporation First Lien Secured Debt - Term Loan S+588, 2.00% Floor 11/22/2028","2","629","Cost(34)","111,066"
"SRC046","126","7","JPW Industries Holding Corporation First Lien Secured Debt - Term Loan S+588, 2.00% Floor 11/22/2028","3","695","Fair Value(1)(35)","111,174"
"SRC046","126","8","IOTA HOLDINGS 3 First Lien Secured Debt - Term Loan S+475, 0.00% Floor 3/31/2032","1","574","Par/Shares/Units(3)","24,613"
"SRC046","126","8","IOTA HOLDINGS 3 First Lien Secured Debt - Term Loan S+475, 0.00% Floor 3/31/2032","2","629","Cost(34)","24,274"
"SRC046","126","8","IOTA HOLDINGS 3 First Lien Secured Debt - Term Loan S+475, 0.00% Floor 3/31/2032","3","695","Fair Value(1)(35)","24,244"
"SRC046","126","9","First Lien Secured Debt - Revolver S+475, 0.00% Floor 3/31/2032","1","574","Par/Shares/Units(3)","2,178"
"SRC046","126","9","First Lien Secured Debt - Revolver S+475, 0.00% Floor 3/31/2032","2","629","Cost(34)","2,067"
"SRC046","126","9","First Lien Secured Debt - Revolver S+475, 0.00% Floor 3/31/2032","3","695","Fair Value(1)(35)","2,054"
"SRC046","126","10","Pro Mach Group, Inc. First Lien Secured Debt - Term Loan S+275, 0.00% Floor 10/15/2032","1","574","Par/Shares/Units(3)","33,647"
"SRC046","126","10","Pro Mach Group, Inc. First Lien Secured Debt - Term Loan S+275, 0.00% Floor 10/15/2032","2","629","Cost(34)","33,563"
"SRC046","126","10","Pro Mach Group, Inc. First Lien Secured Debt - Term Loan S+275, 0.00% Floor 10/15/2032","3","695","Fair Value(1)(35)","33,899"
"SRC046","126","10","Pro Mach Group, Inc. First Lien Secured Debt - Term Loan S+275, 0.00% Floor 10/15/2032","4","725","","(15)"
"SRC046","126","11","SPX Flow, Inc. First Lien Secured Debt - Term Loan S+275, 0.50% Floor 4/5/2029","1","574","Par/Shares/Units(3)","1,850"
"SRC046","126","11","SPX Flow, Inc. First Lien Secured Debt - Term Loan S+275, 0.50% Floor 4/5/2029","2","629","Cost(34)","1,850"
"SRC046","126","11","SPX Flow, Inc. First Lien Secured Debt - Term Loan S+275, 0.50% Floor 4/5/2029","3","695","Fair Value(1)(35)","1,857"
"SRC046","126","11","SPX Flow, Inc. First Lien Secured Debt - Term Loan S+275, 0.50% Floor 4/5/2029","4","725","","(15)"
"SRC046","126","12","Uft Buyer LLC First Lien Secured Debt - Term Loan S+450, 0.50% Floor 12/6/2032","1","574","Par/Shares/Units(3)","67,723"
"SRC046","126","12","Uft Buyer LLC First Lien Secured Debt - Term Loan S+450, 0.50% Floor 12/6/2032","2","629","Cost(34)","67,053"
"SRC046","126","12","Uft Buyer LLC First Lien Secured Debt - Term Loan S+450, 0.50% Floor 12/6/2032","3","695","Fair Value(1)(35)","67,045"
"SRC046","126","13","First Lien Secured Debt - Delayed Draw S+450, 0.50% Floor 12/6/2032","2","629","Cost(34)","(123)"
"SRC046","126","13","First Lien Secured Debt - Delayed Draw S+450, 0.50% Floor 12/6/2032","3","695","Fair Value(1)(35)","(124)"
"SRC046","126","14","First Lien Secured Debt - Revolver S+450, 0.50% Floor 12/6/2032","2","629","Cost(34)","(92)"
"SRC046","126","14","First Lien Secured Debt - Revolver S+450, 0.50% Floor 12/6/2032","3","695","Fair Value(1)(35)","(93)"
"SRC046","126","15","Total Machinery","2","629","Cost(34)","429,837"
"SRC046","126","15","Total Machinery","3","695","Fair Value(1)(35)","429,693"
"SRC046","126","16","Accelerate360 Holdings, LLC First Lien Secured Debt - Term Loan S+626, 1.00% Floor 2/11/2027 $","1","574","Par/Shares/Units(3)","79,487"
"SRC046","126","16","Accelerate360 Holdings, LLC First Lien Secured Debt - Term Loan S+626, 1.00% Floor 2/11/2027 $","2","629","Cost(34)","79,475"
"SRC046","126","16","Accelerate360 Holdings, LLC First Lien Secured Debt - Term Loan S+626, 1.00% Floor 2/11/2027 $","3","695","Fair Value(1)(35)","79,288"
"SRC046","126","17","First Lien Secured Debt - Revolver S+626, 1.00% Floor 2/11/2027","1","574","Par/Shares/Units(3)","24,956"
"SRC046","126","17","First Lien Secured Debt - Revolver S+626, 1.00% Floor 2/11/2027","2","629","Cost(34)","24,956"
"SRC046","126","17","First Lien Secured Debt - Revolver S+626, 1.00% Floor 2/11/2027","3","695","Fair Value(1)(35)","24,842"
"SRC046","127","1","Radiate Holdco, LLC First Lien Secured Debt - Term Loan 1.50% PIK 9/25/2029","1","576","Par/Shares/Units(3)","27,408"
"SRC046","127","1","Radiate Holdco, LLC First Lien Secured Debt - Term Loan 1.50% PIK 9/25/2029","2","630","Cost(34)","21,638"
"SRC046","127","1","Radiate Holdco, LLC First Lien Secured Debt - Term Loan 1.50% PIK 9/25/2029","3","695","Fair Value(1)(35)","21,226"
"SRC046","127","1","Radiate Holdco, LLC First Lien Secured Debt - Term Loan 1.50% PIK 9/25/2029","4","725","","(15)"
"SRC046","127","2","First Lien Secured Debt - Term Loan S+400, 1.00% Floor 6/26/2029","1","576","Par/Shares/Units(3)","204"
"SRC046","127","2","First Lien Secured Debt - Term Loan S+400, 1.00% Floor 6/26/2029","2","630","Cost(34)","200"
"SRC046","127","2","First Lien Secured Debt - Term Loan S+400, 1.00% Floor 6/26/2029","3","695","Fair Value(1)(35)","204"
"SRC046","127","2","First Lien Secured Debt - Term Loan S+400, 1.00% Floor 6/26/2029","4","725","","(16)"
"SRC046","127","3","First Lien Secured Debt - Delayed Draw S+400, 1.00% Floor 6/26/2029","1","576","Par/Shares/Units(3)","204"
"SRC046","127","3","First Lien Secured Debt - Delayed Draw S+400, 1.00% Floor 6/26/2029","2","630","Cost(34)","204"
"SRC046","127","3","First Lien Secured Debt - Delayed Draw S+400, 1.00% Floor 6/26/2029","3","695","Fair Value(1)(35)","204"
"SRC046","127","4","EchoStar Corporation First Lien Secured Debt - Corporate Bond 10.75% 11/30/2029","1","576","Par/Shares/Units(3)","64,979"
"SRC046","127","4","EchoStar Corporation First Lien Secured Debt - Corporate Bond 10.75% 11/30/2029","2","630","Cost(34)","66,394"
"SRC046","127","4","EchoStar Corporation First Lien Secured Debt - Corporate Bond 10.75% 11/30/2029","3","695","Fair Value(1)(35)","71,924"
"SRC046","127","4","EchoStar Corporation First Lien Secured Debt - Corporate Bond 10.75% 11/30/2029","4","725","","(8)"
"SRC046","127","5","First Lien Secured Debt - Convertible Bond 3.88% 11/30/2030","1","576","Par/Shares/Units(3)","19,028"
"SRC046","127","5","First Lien Secured Debt - Convertible Bond 3.88% 11/30/2030","2","630","Cost(34)","45,550"
"SRC046","127","5","First Lien Secured Debt - Convertible Bond 3.88% 11/30/2030","3","695","Fair Value(1)(35)","63,706"
"SRC046","127","5","First Lien Secured Debt - Convertible Bond 3.88% 11/30/2030","4","725","","(8)"
"SRC046","127","6","Gannett Holdings, LLC First Lien Secured Debt - Term Loan S+500, 1.50% Floor 10/15/2029","1","576","Par/Shares/Units(3)","176,402"
"SRC046","127","6","Gannett Holdings, LLC First Lien Secured Debt - Term Loan S+500, 1.50% Floor 10/15/2029","2","630","Cost(34)","174,386"
"SRC046","127","6","Gannett Holdings, LLC First Lien Secured Debt - Term Loan S+500, 1.50% Floor 10/15/2029","3","695","Fair Value(1)(35)","175,299"
"SRC046","127","6","Gannett Holdings, LLC First Lien Secured Debt - Term Loan S+500, 1.50% Floor 10/15/2029","4","725","","(16)"
"SRC046","127","7","First Lien Secured Debt - Delayed Draw S+500, 1.50% Floor 10/15/2029","1","576","Par/Shares/Units(3)","3,565"
"SRC046","127","7","First Lien Secured Debt - Delayed Draw S+500, 1.50% Floor 10/15/2029","2","630","Cost(34)","3,489"
"SRC046","127","7","First Lien Secured Debt - Delayed Draw S+500, 1.50% Floor 10/15/2029","3","695","Fair Value(1)(35)","3,488"
"SRC046","127","8","USA TODAY Co Inc First Lien Secured Debt - Convertible Bond 6.00% 12/1/2031","1","576","Par/Shares/Units(3)","500"
"SRC046","127","8","USA TODAY Co Inc First Lien Secured Debt - Convertible Bond 6.00% 12/1/2031","2","630","Cost(34)","525"
"SRC046","127","8","USA TODAY Co Inc First Lien Secured Debt - Convertible Bond 6.00% 12/1/2031","3","695","Fair Value(1)(35)","706"
"SRC046","127","9","Mari Events Midco LLC First Lien Secured Debt - Term Loan S+400, 1.00% Floor 10/1/2032","1","576","Par/Shares/Units(3)","319,231"
"SRC046","127","9","Mari Events Midco LLC First Lien Secured Debt - Term Loan S+400, 1.00% Floor 10/1/2032","2","630","Cost(34)","314,932"
"SRC046","127","9","Mari Events Midco LLC First Lien Secured Debt - Term Loan S+400, 1.00% Floor 10/1/2032","3","695","Fair Value(1)(35)","316,038"
"SRC046","127","10","First Lien Secured Debt - Delayed Draw S+400, 1.00% Floor 10/1/2032","1","576","Par/Shares/Units(3)","41,827"
"SRC046","127","10","First Lien Secured Debt - Delayed Draw S+400, 1.00% Floor 10/1/2032","2","630","Cost(34)","41,019"
"SRC046","127","10","First Lien Secured Debt - Delayed Draw S+400, 1.00% Floor 10/1/2032","3","695","Fair Value(1)(35)","41,269"
"SRC046","127","11","Mari Miami II LLC First Lien Secured Debt - Term Loan 8.99% PIK 10/1/2032","1","576","Par/Shares/Units(3)","65,139"
"SRC046","127","11","Mari Miami II LLC First Lien Secured Debt - Term Loan 8.99% PIK 10/1/2032","2","630","Cost(34)","64,674"
"SRC046","127","11","Mari Miami II LLC First Lien Secured Debt - Term Loan 8.99% PIK 10/1/2032","3","695","Fair Value(1)(35)","64,651"
"SRC046","127","12","Material Holdings, LLC First Lien Secured Debt - Term Loan 9.77% 8/19/2027","1","576","Par/Shares/Units(3)","6,531"
"SRC046","127","12","Material Holdings, LLC First Lien Secured Debt - Term Loan 9.77% 8/19/2027","2","630","Cost(34)","5,955"
"SRC046","127","12","Material Holdings, LLC First Lien Secured Debt - Term Loan 9.77% 8/19/2027","3","695","Fair Value(1)(35)","2,923"
"SRC046","127","13","First Lien Secured Debt - Term Loan 10.10% 8/19/2027","1","576","Par/Shares/Units(3)","1,747"
"SRC046","127","13","First Lien Secured Debt - Term Loan 10.10% 8/19/2027","2","630","Cost(34)","1,532"
"SRC046","127","14","First Lien Secured Debt - Delayed Draw 9.77% 8/19/2027","1","576","Par/Shares/Units(3)","226"
"SRC046","127","14","First Lien Secured Debt - Delayed Draw 9.77% 8/19/2027","2","630","Cost(34)","226"
"SRC046","127","14","First Lien Secured Debt - Delayed Draw 9.77% 8/19/2027","3","695","Fair Value(1)(35)","226"
"SRC046","127","15","Wasserman Media Group LLC First Lien Secured Debt - Term Loan S+300, 0.00% Floor 6/23/2032","1","576","Par/Shares/Units(3)","6,983"
"SRC046","127","15","Wasserman Media Group LLC First Lien Secured Debt - Term Loan S+300, 0.00% Floor 6/23/2032","2","630","Cost(34)","6,949"
"SRC046","127","15","Wasserman Media Group LLC First Lien Secured Debt - Term Loan S+300, 0.00% Floor 6/23/2032","3","695","Fair Value(1)(35)","7,026"
"SRC046","127","15","Wasserman Media Group LLC First Lien Secured Debt - Term Loan S+300, 0.00% Floor 6/23/2032","4","725","","(16)"
"SRC046","127","16","Ziggo Financing Partnership First Lien Secured Debt - Term Loan S+325, 0.00% Floor 1/15/2033","1","576","Par/Shares/Units(3)","15,000"
"SRC046","127","16","Ziggo Financing Partnership First Lien Secured Debt - Term Loan S+325, 0.00% Floor 1/15/2033","2","630","Cost(34)","14,707"
"SRC046","127","16","Ziggo Financing Partnership First Lien Secured Debt - Term Loan S+325, 0.00% Floor 1/15/2033","3","695","Fair Value(1)(35)","14,920"
"SRC046","127","17","Total","2","630","Cost(34)","866,811"
"SRC046","127","17","Total","3","695","Fair Value(1)(35)","887,940"
"SRC046","128","1","Congruex Group LLC First Lien Secured Debt - Term Loan PIK, 0.75% Floor 5/3/2029 $","1","574","Par/Shares/Units(3)","31,367"
"SRC046","128","1","Congruex Group LLC First Lien Secured Debt - Term Loan PIK, 0.75% Floor 5/3/2029 $","2","629","Cost(34)","30,976"
"SRC046","128","1","Congruex Group LLC First Lien Secured Debt - Term Loan PIK, 0.75% Floor 5/3/2029 $","3","695","Fair Value(1)(35)","25,530"
"SRC046","128","2","Total Multi-Utilities","2","629","Cost(34)","30,976"
"SRC046","128","2","Total Multi-Utilities","3","695","Fair Value(1)(35)","25,530"
"SRC046","128","3","AL GCX Holdings, LLC First Lien Secured Debt - Term Loan S+225, 0.50% Floor 12/17/2032 $","1","574","Par/Shares/Units(3)","15,659"
"SRC046","128","3","AL GCX Holdings, LLC First Lien Secured Debt - Term Loan S+225, 0.50% Floor 12/17/2032 $","2","629","Cost(34)","15,620"
"SRC046","128","3","AL GCX Holdings, LLC First Lien Secured Debt - Term Loan S+225, 0.50% Floor 12/17/2032 $","3","695","Fair Value(1)(35)","15,693"
"SRC046","128","4","AL GCX Fund VIII Holdings LLC First Lien Secured Debt - Term Loan S+200, 0.50% Floor 1/30/2032","1","574","Par/Shares/Units(3)","8,529"
"SRC046","128","4","AL GCX Fund VIII Holdings LLC First Lien Secured Debt - Term Loan S+200, 0.50% Floor 1/30/2032","2","629","Cost(34)","8,514"
"SRC046","128","4","AL GCX Fund VIII Holdings LLC First Lien Secured Debt - Term Loan S+200, 0.50% Floor 1/30/2032","3","695","Fair Value(1)(35)","8,534"
"SRC046","128","4","AL GCX Fund VIII Holdings LLC First Lien Secured Debt - Term Loan S+200, 0.50% Floor 1/30/2032","4","725","","(15)"
"SRC046","128","5","BIP Pipeco Holdings LLC First Lien Secured Debt - Term Loan S+225, 0.00% Floor 12/6/2030","1","574","Par/Shares/Units(3)","9,063"
"SRC046","128","5","BIP Pipeco Holdings LLC First Lien Secured Debt - Term Loan S+225, 0.00% Floor 12/6/2030","2","629","Cost(34)","9,088"
"SRC046","128","5","BIP Pipeco Holdings LLC First Lien Secured Debt - Term Loan S+225, 0.00% Floor 12/6/2030","3","695","Fair Value(1)(35)","9,094"
"SRC046","128","5","BIP Pipeco Holdings LLC First Lien Secured Debt - Term Loan S+225, 0.00% Floor 12/6/2030","4","725","","(16)"
"SRC046","128","6","CQP Holdco LP First Lien Secured Debt - Term Loan S+200, 0.50% Floor 12/31/2030","1","574","Par/Shares/Units(3)","32,256"
"SRC046","128","6","CQP Holdco LP First Lien Secured Debt - Term Loan S+200, 0.50% Floor 12/31/2030","2","629","Cost(34)","32,290"
"SRC046","128","6","CQP Holdco LP First Lien Secured Debt - Term Loan S+200, 0.50% Floor 12/31/2030","3","695","Fair Value(1)(35)","32,406"
"SRC046","128","6","CQP Holdco LP First Lien Secured Debt - Term Loan S+200, 0.50% Floor 12/31/2030","4","725","","(16)"
"SRC046","128","7","GIP Pilot Acquisition Partners, L.P. First Lien Secured Debt - Term Loan S+200, 0.00% Floor 10/4/2030","1","574","Par/Shares/Units(3)","1,959"
"SRC046","128","7","GIP Pilot Acquisition Partners, L.P. First Lien Secured Debt - Term Loan S+200, 0.00% Floor 10/4/2030","2","629","Cost(34)","1,970"
"SRC046","128","7","GIP Pilot Acquisition Partners, L.P. First Lien Secured Debt - Term Loan S+200, 0.00% Floor 10/4/2030","3","695","Fair Value(1)(35)","1,966"
"SRC046","128","7","GIP Pilot Acquisition Partners, L.P. First Lien Secured Debt - Term Loan S+200, 0.00% Floor 10/4/2030","4","725","","(16)"
"SRC046","128","8","BX Frontier Member I LLC First Lien Secured Debt - Delayed Draw 5.86% 12/31/2060","1","574","Par/Shares/Units(3)","34,357"
"SRC046","128","8","BX Frontier Member I LLC First Lien Secured Debt - Delayed Draw 5.86% 12/31/2060","2","629","Cost(34)","34,357"
"SRC046","128","8","BX Frontier Member I LLC First Lien Secured Debt - Delayed Draw 5.86% 12/31/2060","3","695","Fair Value(1)(35)","34,222"
"SRC046","128","9","Stonepeak Bayou Holdings LP First Lien Secured Debt - Term Loan S+275, 0.00% Floor 10/1/2032","1","574","Par/Shares/Units(3)","16,500"
"SRC046","128","9","Stonepeak Bayou Holdings LP First Lien Secured Debt - Term Loan S+275, 0.00% Floor 10/1/2032","2","629","Cost(34)","16,207"
"SRC046","128","9","Stonepeak Bayou Holdings LP First Lien Secured Debt - Term Loan S+275, 0.00% Floor 10/1/2032","3","695","Fair Value(1)(35)","14,974"
"SRC046","128","9","Stonepeak Bayou Holdings LP First Lien Secured Debt - Term Loan S+275, 0.00% Floor 10/1/2032","4","725","","(16)"
"SRC046","128","10","WhiteWater DBR HoldCo LLC First Lien Secured Debt - Term Loan S+225, 0.00% Floor 3/3/2031","1","574","Par/Shares/Units(3)","9,195"
"SRC046","128","10","WhiteWater DBR HoldCo LLC First Lien Secured Debt - Term Loan S+225, 0.00% Floor 3/3/2031","2","629","Cost(34)","9,219"
"SRC046","128","10","WhiteWater DBR HoldCo LLC First Lien Secured Debt - Term Loan S+225, 0.00% Floor 3/3/2031","3","695","Fair Value(1)(35)","9,262"
"SRC046","128","10","WhiteWater DBR HoldCo LLC First Lien Secured Debt - Term Loan S+225, 0.00% Floor 3/3/2031","4","725","","(16)"
"SRC046","128","11","Total Oil, Gas & Consumable","2","629","Cost(34)","127,265"
"SRC046","128","11","Total Oil, Gas & Consumable","3","695","Fair Value(1)(35)","126,151"
"SRC046","128","12","Alpine Acquisition Corp II First Lien Secured Debt - Term Loan 9.94% 11/30/2029 $","1","574","Par/Shares/Units(3)","7,553"
"SRC046","128","12","Alpine Acquisition Corp II First Lien Secured Debt - Term Loan 9.94% 11/30/2029 $","2","629","Cost(34)","7,256"
"SRC046","128","12","Alpine Acquisition Corp II First Lien Secured Debt - Term Loan 9.94% 11/30/2029 $","3","695","Fair Value(1)(35)","3,021"
"SRC046","128","13","Complete Paper Inc. First Lien Secured Debt - Term Loan S+500, 0.75% Floor 2/4/2031","1","574","Par/Shares/Units(3)","19,850"
"SRC046","128","13","Complete Paper Inc. First Lien Secured Debt - Term Loan S+500, 0.75% Floor 2/4/2031","2","629","Cost(34)","19,588"
"SRC046","128","13","Complete Paper Inc. First Lien Secured Debt - Term Loan S+500, 0.75% Floor 2/4/2031","3","695","Fair Value(1)(35)","19,451"
"SRC046","128","14","Total Paper & Forest","2","629","Cost(34)","26,844"
"SRC046","128","14","Total Paper & Forest","3","695","Fair Value(1)(35)","22,472"
"SRC046","129","1","Jazz AH Holdco, LLC First Lien Secured Debt - Term Loan S+500, 0.75% Floor 4/2/2029 $","1","574","Par/Shares/Units(3)","6,966"
"SRC046","129","1","Jazz AH Holdco, LLC First Lien Secured Debt - Term Loan S+500, 0.75% Floor 4/2/2029 $","2","631","Cost(34)","6,966"
"SRC046","129","1","Jazz AH Holdco, LLC First Lien Secured Debt - Term Loan S+500, 0.75% Floor 4/2/2029 $","3","695","Fair Value(1)(35)","6,866"
"SRC046","129","2","First Lien Secured Debt - Delayed Draw S+500, 0.75% Floor 4/2/2029","1","574","Par/Shares/Units(3)","118"
"SRC046","129","2","First Lien Secured Debt - Delayed Draw S+500, 0.75% Floor 4/2/2029","2","631","Cost(34)","118"
"SRC046","129","2","First Lien Secured Debt - Delayed Draw S+500, 0.75% Floor 4/2/2029","3","695","Fair Value(1)(35)","116"
"SRC046","129","3","First Lien Secured Debt - Revolver S+500, 0.75% Floor 4/2/2029","1","574","Par/Shares/Units(3)","240"
"SRC046","129","3","First Lien Secured Debt - Revolver S+500, 0.75% Floor 4/2/2029","2","631","Cost(34)","232"
"SRC046","129","3","First Lien Secured Debt - Revolver S+500, 0.75% Floor 4/2/2029","3","695","Fair Value(1)(35)","228"
"SRC046","129","4","ACP Tara Holdings, Inc. First Lien Secured Debt - Term Loan S+325, 0.00% Floor 12/15/2032","1","574","Par/Shares/Units(3)","22,000"
"SRC046","129","4","ACP Tara Holdings, Inc. First Lien Secured Debt - Term Loan S+325, 0.00% Floor 12/15/2032","2","631","Cost(34)","21,945"
"SRC046","129","4","ACP Tara Holdings, Inc. First Lien Secured Debt - Term Loan S+325, 0.00% Floor 12/15/2032","3","695","Fair Value(1)(35)","22,151"
"SRC046","129","4","ACP Tara Holdings, Inc. First Lien Secured Debt - Term Loan S+325, 0.00% Floor 12/15/2032","4","725","","(16)"
"SRC046","129","5","DRS Holdings III, Inc. First Lien Secured Debt - Term Loan S+525, 1.00% Floor 11/1/2028","1","574","Par/Shares/Units(3)","21,062"
"SRC046","129","5","DRS Holdings III, Inc. First Lien Secured Debt - Term Loan S+525, 1.00% Floor 11/1/2028","2","631","Cost(34)","20,976"
"SRC046","129","5","DRS Holdings III, Inc. First Lien Secured Debt - Term Loan S+525, 1.00% Floor 11/1/2028","3","695","Fair Value(1)(35)","20,957"
"SRC046","129","6","First Lien Secured Debt - Revolver S+525, 1.00% Floor 11/1/2028","2","631","Cost(34)","(5)"
"SRC046","129","6","First Lien Secured Debt - Revolver S+525, 1.00% Floor 11/1/2028","3","695","Fair Value(1)(35)","(7)"
"SRC046","129","7","Amika OpCo LLC First Lien Secured Debt - Term Loan S+590, 0.75% Floor 7/1/2029","1","574","Par/Shares/Units(3)","34,300"
"SRC046","129","7","Amika OpCo LLC First Lien Secured Debt - Term Loan S+590, 0.75% Floor 7/1/2029","2","631","Cost(34)","33,850"
"SRC046","129","7","Amika OpCo LLC First Lien Secured Debt - Term Loan S+590, 0.75% Floor 7/1/2029","3","695","Fair Value(1)(35)","34,300"
"SRC046","129","8","First Lien Secured Debt - Term Loan S+540, 0.75% Floor 7/1/2029","1","574","Par/Shares/Units(3)","7,891"
"SRC046","129","8","First Lien Secured Debt - Term Loan S+540, 0.75% Floor 7/1/2029","2","631","Cost(34)","7,797"
"SRC046","129","8","First Lien Secured Debt - Term Loan S+540, 0.75% Floor 7/1/2029","3","695","Fair Value(1)(35)","7,891"
"SRC046","129","9","First Lien Secured Debt - Revolver S+550, 0.75% Floor 7/1/2028","2","631","Cost(34)","(14)"
"SRC046","129","10","Ishtar Co-Invest-B LP Common Equity - Stock N/A N/A 39","2","631","Cost(34)","22"
"SRC046","129","11","Oshun Co-Invest-B LP Common Equity - Stock N/A N/A 11","2","631","Cost(34)","11"
"SRC046","129","12","KDC/ONE Development Corporation, Inc. First Lien Secured Debt - Term Loan S+350, 0.00% Floor 8/15/2028","1","574","Par/Shares/Units(3)","49,678"
"SRC046","129","12","KDC/ONE Development Corporation, Inc. First Lien Secured Debt - Term Loan S+350, 0.00% Floor 8/15/2028","2","631","Cost(34)","49,284"
"SRC046","129","12","KDC/ONE Development Corporation, Inc. First Lien Secured Debt - Term Loan S+350, 0.00% Floor 8/15/2028","3","695","Fair Value(1)(35)","49,120"
"SRC046","129","12","KDC/ONE Development Corporation, Inc. First Lien Secured Debt - Term Loan S+350, 0.00% Floor 8/15/2028","4","725","","(15)"
"SRC046","129","13","Parfums Holding Company, Inc. First Lien Secured Debt - Term Loan S+525, 1.00% Floor 6/27/2030","1","574","Par/Shares/Units(3)","163,086"
"SRC046","129","13","Parfums Holding Company, Inc. First Lien Secured Debt - Term Loan S+525, 1.00% Floor 6/27/2030","2","631","Cost(34)","161,786"
"SRC046","129","13","Parfums Holding Company, Inc. First Lien Secured Debt - Term Loan S+525, 1.00% Floor 6/27/2030","3","695","Fair Value(1)(35)","161,863"
"SRC046","129","13","Parfums Holding Company, Inc. First Lien Secured Debt - Term Loan S+525, 1.00% Floor 6/27/2030","4","725","","(16)"
"SRC046","129","14","First Lien Secured Debt - Revolver S+525, 1.00% Floor 6/27/2029","2","631","Cost(34)","(72)"
"SRC046","129","14","First Lien Secured Debt - Revolver S+525, 1.00% Floor 6/27/2029","3","695","Fair Value(1)(35)","(77)"
"SRC046","129","15","RoC Holdco LLC First Lien Secured Debt - Term Loan S+525, 1.00% Floor 2/21/2031","1","574","Par/Shares/Units(3)","25,162"
"SRC046","129","15","RoC Holdco LLC First Lien Secured Debt - Term Loan S+525, 1.00% Floor 2/21/2031","2","631","Cost(34)","24,758"
"SRC046","129","15","RoC Holdco LLC First Lien Secured Debt - Term Loan S+525, 1.00% Floor 2/21/2031","3","695","Fair Value(1)(35)","24,910"
"SRC046","129","16","First Lien Secured Debt - Delayed Draw S+525, 1.00% Floor 2/21/2031","1","574","Par/Shares/Units(3)","8,293"
"SRC046","129","16","First Lien Secured Debt - Delayed Draw S+525, 1.00% Floor 2/21/2031","2","631","Cost(34)","8,235"
"SRC046","129","16","First Lien Secured Debt - Delayed Draw S+525, 1.00% Floor 2/21/2031","3","695","Fair Value(1)(35)","8,210"
"SRC046","129","17","First Lien Secured Debt - Revolver S+550, 1.00% Floor 2/21/2030","2","631","Cost(34)","(61)"
"SRC046","129","17","First Lien Secured Debt - Revolver S+550, 1.00% Floor 2/21/2030","3","695","Fair Value(1)(35)","(44)"
"SRC046","129","18","Silk Holdings III Corp. First Lien Secured Debt - Term Loan S+450, 0.50% Floor 12/3/2032","1","574","Par/Shares/Units(3)","213,944"
"SRC046","129","18","Silk Holdings III Corp. First Lien Secured Debt - Term Loan S+450, 0.50% Floor 12/3/2032","2","631","Cost(34)","211,740"
"SRC046","129","18","Silk Holdings III Corp. First Lien Secured Debt - Term Loan S+450, 0.50% Floor 12/3/2032","3","695","Fair Value(1)(35)","211,804"
"SRC046","129","19","First Lien Secured Debt - Revolver S+450, 0.50% Floor 12/3/2032","1","574","Par/Shares/Units(3)","3,035"
"SRC046","129","19","First Lien Secured Debt - Revolver S+450, 0.50% Floor 12/3/2032","2","631","Cost(34)","2,885"
"SRC046","129","19","First Lien Secured Debt - Revolver S+450, 0.50% Floor 12/3/2032","3","695","Fair Value(1)(35)","2,883"
"SRC046","129","20","Total Personal Care","2","631","Cost(34)","550,453"
"SRC046","129","20","Total Personal Care","3","695","Fair Value(1)(35)","551,171"
"SRC046","130","1","Alcresta Holdings, LP Preferred Equity - Preferred Stocks N/A N/A 116","2","629","Cost(34)","116"
"SRC046","130","1","Alcresta Holdings, LP Preferred Equity - Preferred Stocks N/A N/A 116","3","699","Fair Value(1)(35)","81"
"SRC046","130","2","Common Equity - Equity Unit N/A N/A 1,176","2","629","Cost(34)","1"
"SRC046","130","2","Common Equity - Equity Unit N/A N/A 1,176","3","699","Fair Value(1)(35)","120"
"SRC046","130","3","Alcresta Therapeutics Inc. First Lien Secured Debt - Term Loan S+550, 1.00% Floor 3/12/2030","1","574","Par/Shares/Units(3)","8,688"
"SRC046","130","3","Alcresta Therapeutics Inc. First Lien Secured Debt - Term Loan S+550, 1.00% Floor 3/12/2030","2","629","Cost(34)","8,558"
"SRC046","130","3","Alcresta Therapeutics Inc. First Lien Secured Debt - Term Loan S+550, 1.00% Floor 3/12/2030","3","699","Fair Value(1)(35)","8,601"
"SRC046","130","4","First Lien Secured Debt - Revolver S+550, 1.00% Floor 3/12/2031","1","574","Par/Shares/Units(3)","58"
"SRC046","130","4","First Lien Secured Debt - Revolver S+550, 1.00% Floor 3/12/2031","2","629","Cost(34)","47"
"SRC046","130","4","First Lien Secured Debt - Revolver S+550, 1.00% Floor 3/12/2031","3","699","Fair Value(1)(35)","49"
"SRC046","130","5","Space Finco, Inc. First Lien Secured Debt - Term Loan S+575, 1.00% Floor 2/5/2032","1","574","Par/Shares/Units(3)","14,819"
"SRC046","130","5","Space Finco, Inc. First Lien Secured Debt - Term Loan S+575, 1.00% Floor 2/5/2032","2","629","Cost(34)","14,618"
"SRC046","130","5","Space Finco, Inc. First Lien Secured Debt - Term Loan S+575, 1.00% Floor 2/5/2032","3","699","Fair Value(1)(35)","14,597"
"SRC046","130","6","First Lien Secured Debt - Delayed Draw S+575, 1.00% Floor 2/5/2032","2","629","Cost(34)","(112)"
"SRC046","130","6","First Lien Secured Debt - Delayed Draw S+575, 1.00% Floor 2/5/2032","3","699","Fair Value(1)(35)","(255)"
"SRC046","130","7","First Lien Secured Debt - Revolver S+575, 1.00% Floor 2/5/2031","2","629","Cost(34)","(128)"
"SRC046","130","7","First Lien Secured Debt - Revolver S+575, 1.00% Floor 2/5/2031","3","699","Fair Value(1)(35)","(150)"
"SRC046","130","8","Space Parent, LP Preferred Equity - Preferred Stocks N/A N/A 99,000","2","629","Cost(34)","99"
"SRC046","130","8","Space Parent, LP Preferred Equity - Preferred Stocks N/A N/A 99,000","3","699","Fair Value(1)(35)","99"
"SRC046","130","9","Common Equity - Stock N/A N/A 1,000","2","629","Cost(34)","1"
"SRC046","130","9","Common Equity - Stock N/A N/A 1,000","3","699","Fair Value(1)(35)","1"
"SRC046","130","10","Creek Parent, Inc. First Lien Secured Debt - Term Loan S+500, 0.75% Floor 12/18/2031","1","574","Par/Shares/Units(3)","200,879"
"SRC046","130","10","Creek Parent, Inc. First Lien Secured Debt - Term Loan S+500, 0.75% Floor 12/18/2031","2","629","Cost(34)","197,759"
"SRC046","130","10","Creek Parent, Inc. First Lien Secured Debt - Term Loan S+500, 0.75% Floor 12/18/2031","3","699","Fair Value(1)(35)","198,870"
"SRC046","130","11","First Lien Secured Debt - Revolver S+500, 0.75% Floor 12/18/2031","2","629","Cost(34)","(435)"
"SRC046","130","11","First Lien Secured Debt - Revolver S+500, 0.75% Floor 12/18/2031","3","699","Fair Value(1)(35)","(291)"
"SRC046","130","12","LSCS Holdings, Inc. First Lien Secured Debt - Term Loan S+450, 0.00% Floor 3/4/2032","1","574","Par/Shares/Units(3)","37,442"
"SRC046","130","12","LSCS Holdings, Inc. First Lien Secured Debt - Term Loan S+450, 0.00% Floor 3/4/2032","2","629","Cost(34)","37,055"
"SRC046","130","12","LSCS Holdings, Inc. First Lien Secured Debt - Term Loan S+450, 0.00% Floor 3/4/2032","3","699","Fair Value(1)(35)","36,755"
"SRC046","130","13","LLC First Lien Secured Debt - Term Loan S+300, 0.00% Floor 12/12/2032","1","574","Par/Shares/Units(3)","45,000"
"SRC046","130","13","LLC First Lien Secured Debt - Term Loan S+300, 0.00% Floor 12/12/2032","2","629","Cost(34)","44,776"
"SRC046","130","13","LLC First Lien Secured Debt - Term Loan S+300, 0.00% Floor 12/12/2032","3","699","Fair Value(1)(35)","45,267"
"SRC046","130","14","First Lien Secured Debt - Corporate Bond 6.25% 12/15/2032","1","574","Par/Shares/Units(3)","10,254"
"SRC046","130","14","First Lien Secured Debt - Corporate Bond 6.25% 12/15/2032","2","629","Cost(34)","10,254"
"SRC046","130","14","First Lien Secured Debt - Corporate Bond 6.25% 12/15/2032","3","699","Fair Value(1)(35)","10,526"
"SRC046","130","15","Kairos Intermediateco AB First Lien Secured Debt - Term Loan E+475, 0.00% Floor 8/26/2032 €","1","574","Par/Shares/Units(3)","66,673"
"SRC046","130","15","Kairos Intermediateco AB First Lien Secured Debt - Term Loan E+475, 0.00% Floor 8/26/2032 €","2","629","Cost(34)","77,162"
"SRC046","130","15","Kairos Intermediateco AB First Lien Secured Debt - Term Loan E+475, 0.00% Floor 8/26/2032 €","3","699","Fair Value(1)(35)","77,963"
"SRC046","130","16","First Lien Secured Debt - Term Loan N+475, 0.00% Floor 8/26/2032 Nkr","1","574","Par/Shares/Units(3)","614,359"
"SRC046","130","16","First Lien Secured Debt - Term Loan N+475, 0.00% Floor 8/26/2032 Nkr","2","629","Cost(34)","60,371"
"SRC046","130","16","First Lien Secured Debt - Term Loan N+475, 0.00% Floor 8/26/2032 Nkr","3","699","Fair Value(1)(35)","60,644"
"SRC046","130","17","First Lien Secured Debt - Term Loan SONIA+475, 0.00% Floor 8/26/2032 £","1","574","Par/Shares/Units(3)","43,708"
"SRC046","130","17","First Lien Secured Debt - Term Loan SONIA+475, 0.00% Floor 8/26/2032 £","2","629","Cost(34)","58,633"
"SRC046","130","17","First Lien Secured Debt - Term Loan SONIA+475, 0.00% Floor 8/26/2032 £","3","699","Fair Value(1)(35)","58,622"
"SRC046","130","18","First Lien Secured Debt - Delayed Draw E+475, 0.00% Floor 8/26/2032 €","2","629","Cost(34)","706"
"SRC046","130","18","First Lien Secured Debt - Delayed Draw E+475, 0.00% Floor 8/26/2032 €","3","699","Fair Value(1)(35)","(157)"
"SRC046","130","19","Pai Middle Tier, LLC First Lien Secured Debt - Term Loan S+450, 0.75% Floor 2/13/2032","1","574","Par/Shares/Units(3)","24,626"
"SRC046","130","19","Pai Middle Tier, LLC First Lien Secured Debt - Term Loan S+450, 0.75% Floor 2/13/2032","2","629","Cost(34)","24,292"
"SRC046","130","19","Pai Middle Tier, LLC First Lien Secured Debt - Term Loan S+450, 0.75% Floor 2/13/2032","3","699","Fair Value(1)(35)","24,341"
"SRC046","130","20","First Lien Secured Debt - Revolver S+450, 0.75% Floor 2/13/2032","1","574","Par/Shares/Units(3)","750"
"SRC046","130","20","First Lien Secured Debt - Revolver S+450, 0.75% Floor 2/13/2032","2","629","Cost(34)","681"
"SRC046","130","20","First Lien Secured Debt - Revolver S+450, 0.75% Floor 2/13/2032","3","699","Fair Value(1)(35)","691"
"SRC046","130","21","PAI Co-Investor FT Aggregator LLC Common Equity - Stock N/A N/A 100","2","629","Cost(34)","100"
"SRC046","130","21","PAI Co-Investor FT Aggregator LLC Common Equity - Stock N/A N/A 100","3","699","Fair Value(1)(35)","106"
"SRC046","131","1","Sharp Services LLC First Lien Secured Debt - Term Loan S+300, 0.00% Floor 9/29/2032","1","574","Par/Shares/Units(3)","7,500"
"SRC046","131","1","Sharp Services LLC First Lien Secured Debt - Term Loan S+300, 0.00% Floor 9/29/2032","2","633","Cost(34)","7,464"
"SRC046","131","1","Sharp Services LLC First Lien Secured Debt - Term Loan S+300, 0.00% Floor 9/29/2032","3","695","Fair Value(1)(35)","7,538"
"SRC046","131","1","Sharp Services LLC First Lien Secured Debt - Term Loan S+300, 0.00% Floor 9/29/2032","4","725","","(16)"
"SRC046","131","2","TerSera Therapeutics LLC First Lien Secured Debt - Term Loan S+575, 1.00% Floor 4/4/2029","1","574","Par/Shares/Units(3)","16,581"
"SRC046","131","2","TerSera Therapeutics LLC First Lien Secured Debt - Term Loan S+575, 1.00% Floor 4/4/2029","2","633","Cost(34)","16,330"
"SRC046","131","2","TerSera Therapeutics LLC First Lien Secured Debt - Term Loan S+575, 1.00% Floor 4/4/2029","3","695","Fair Value(1)(35)","16,581"
"SRC046","131","3","First Lien Secured Debt - Revolver S+575, 1.00% Floor 4/4/2029","2","633","Cost(34)","(18)"
"SRC046","131","4","Total Pharmaceuticals","2","633","Cost(34)","558,330"
"SRC046","131","4","Total Pharmaceuticals","3","695","Fair Value(1)(35)","560,599"
"SRC046","131","5","AlixPartners, LLP First Lien Secured Debt - Term Loan S+200, 0.00% Floor 8/12/2032 $","1","574","Par/Shares/Units(3)","10,000"
"SRC046","131","5","AlixPartners, LLP First Lien Secured Debt - Term Loan S+200, 0.00% Floor 8/12/2032 $","2","633","Cost(34)","9,964"
"SRC046","131","5","AlixPartners, LLP First Lien Secured Debt - Term Loan S+200, 0.00% Floor 8/12/2032 $","3","695","Fair Value(1)(35)","10,029"
"SRC046","131","5","AlixPartners, LLP First Lien Secured Debt - Term Loan S+200, 0.00% Floor 8/12/2032 $","4","725","","(15)"
"SRC046","131","6","BDO USA, P.A. First Lien Secured Debt - Term Loan S+500, 2.00% Floor 8/31/2028","1","574","Par/Shares/Units(3)","192,309"
"SRC046","131","6","BDO USA, P.A. First Lien Secured Debt - Term Loan S+500, 2.00% Floor 8/31/2028","2","633","Cost(34)","190,039"
"SRC046","131","6","BDO USA, P.A. First Lien Secured Debt - Term Loan S+500, 2.00% Floor 8/31/2028","3","695","Fair Value(1)(35)","191,847"
"SRC046","131","6","BDO USA, P.A. First Lien Secured Debt - Term Loan S+500, 2.00% Floor 8/31/2028","4","725","","(16)"
"SRC046","131","7","First Lien Secured Debt - Term Loan S+450, 2.00% Floor 8/31/2028","1","574","Par/Shares/Units(3)","34,129"
"SRC046","131","7","First Lien Secured Debt - Term Loan S+450, 2.00% Floor 8/31/2028","2","633","Cost(34)","33,807"
"SRC046","131","7","First Lien Secured Debt - Term Loan S+450, 2.00% Floor 8/31/2028","3","695","Fair Value(1)(35)","33,645"
"SRC046","131","8","Rocket Bidco Limited First Lien Secured Debt - Term Loan SONIA+475, 0.00% Floor 1/15/2032 £","1","574","Par/Shares/Units(3)","85,925"
"SRC046","131","8","Rocket Bidco Limited First Lien Secured Debt - Term Loan SONIA+475, 0.00% Floor 1/15/2032 £","2","633","Cost(34)","104,261"
"SRC046","131","8","Rocket Bidco Limited First Lien Secured Debt - Term Loan SONIA+475, 0.00% Floor 1/15/2032 £","3","695","Fair Value(1)(35)","115,534"
"SRC046","131","9","First Lien Secured Debt - Delayed Draw SONIA+475, 0.00% Floor 1/15/2032 £","1","574","Par/Shares/Units(3)","3,689"
"SRC046","131","9","First Lien Secured Debt - Delayed Draw SONIA+475, 0.00% Floor 1/15/2032 £","2","633","Cost(34)","4,582"
"SRC046","131","9","First Lien Secured Debt - Delayed Draw SONIA+475, 0.00% Floor 1/15/2032 £","3","695","Fair Value(1)(35)","4,877"
"SRC046","131","10","First Lien Secured Debt - Delayed Draw BBSW+475, 0.00% Floor 1/15/2032 A$","1","574","Par/Shares/Units(3)","4,737"
"SRC046","131","10","First Lien Secured Debt - Delayed Draw BBSW+475, 0.00% Floor 1/15/2032 A$","2","633","Cost(34)","3,110"
"SRC046","131","10","First Lien Secured Debt - Delayed Draw BBSW+475, 0.00% Floor 1/15/2032 A$","3","695","Fair Value(1)(35)","3,153"
"SRC046","131","11","CohnReznick Advisory LLC First Lien Secured Debt - Term Loan S+350, 0.00% Floor 3/31/2032","1","574","Par/Shares/Units(3)","8,590"
"SRC046","131","11","CohnReznick Advisory LLC First Lien Secured Debt - Term Loan S+350, 0.00% Floor 3/31/2032","2","633","Cost(34)","8,553"
"SRC046","131","11","CohnReznick Advisory LLC First Lien Secured Debt - Term Loan S+350, 0.00% Floor 3/31/2032","3","695","Fair Value(1)(35)","8,649"
"SRC046","131","11","CohnReznick Advisory LLC First Lien Secured Debt - Term Loan S+350, 0.00% Floor 3/31/2032","4","725","","(16)"
"SRC046","131","12","First Lien Secured Debt - Delayed Draw S+350, 0.00% Floor 3/31/2032","2","633","Cost(34)","(6)"
"SRC046","131","13","EAB Global, Inc. First Lien Secured Debt - Term Loan S+300, 0.50% Floor 8/16/2030","1","574","Par/Shares/Units(3)","58,755"
"SRC046","131","13","EAB Global, Inc. First Lien Secured Debt - Term Loan S+300, 0.50% Floor 8/16/2030","2","633","Cost(34)","58,548"
"SRC046","131","13","EAB Global, Inc. First Lien Secured Debt - Term Loan S+300, 0.50% Floor 8/16/2030","3","695","Fair Value(1)(35)","52,387"
"SRC046","131","13","EAB Global, Inc. First Lien Secured Debt - Term Loan S+300, 0.50% Floor 8/16/2030","4","725","","(15)"
"SRC046","131","14","First Lien Secured Debt - Revolver S+275, 0.00% Floor 5/16/2028","1","574","Par/Shares/Units(3)","4,200"
"SRC046","131","14","First Lien Secured Debt - Revolver S+275, 0.00% Floor 5/16/2028","2","633","Cost(34)","4,169"
"SRC046","131","14","First Lien Secured Debt - Revolver S+275, 0.00% Floor 5/16/2028","3","695","Fair Value(1)(35)","3,488"
"SRC046","131","15","M&M OPCO, LLC First Lien Secured Debt - Term Loan S+600, 1.00% Floor 4/7/2029","1","574","Par/Shares/Units(3)","9,167"
"SRC046","131","15","M&M OPCO, LLC First Lien Secured Debt - Term Loan S+600, 1.00% Floor 4/7/2029","2","633","Cost(34)","8,993"
"SRC046","131","15","M&M OPCO, LLC First Lien Secured Debt - Term Loan S+600, 1.00% Floor 4/7/2029","3","695","Fair Value(1)(35)","9,052"
"SRC046","131","16","First Lien Secured Debt - Revolver S+600, 1.00% Floor 4/7/2029","2","633","Cost(34)","(8)"
"SRC046","131","16","First Lien Secured Debt - Revolver S+600, 1.00% Floor 4/7/2029","3","695","Fair Value(1)(35)","(6)"
"SRC046","131","17","Kite Bidco Inc. First Lien Secured Debt - Term Loan S+450, 0.00% Floor 11/25/2031","1","574","Par/Shares/Units(3)","61,788"
"SRC046","131","17","Kite Bidco Inc. First Lien Secured Debt - Term Loan S+450, 0.00% Floor 11/25/2031","2","633","Cost(34)","60,970"
"SRC046","131","17","Kite Bidco Inc. First Lien Secured Debt - Term Loan S+450, 0.00% Floor 11/25/2031","3","695","Fair Value(1)(35)","60,861"
"SRC046","131","18","First Lien Secured Debt - Delayed Draw S+450, 0.00% Floor 9/20/2031","2","633","Cost(34)","(96)"
"SRC046","131","18","First Lien Secured Debt - Delayed Draw S+450, 0.00% Floor 9/20/2031","3","695","Fair Value(1)(35)","(228)"
"SRC046","132","1","G&A Partners Holding Company II, LLC First Lien Secured Debt - Term Loan S+500, 0.75% Floor 3/3/2031","1","575","Par/Shares/Units(3)","26,295"
"SRC046","132","1","G&A Partners Holding Company II, LLC First Lien Secured Debt - Term Loan S+500, 0.75% Floor 3/3/2031","2","635","Cost(34)","25,983"
"SRC046","132","1","G&A Partners Holding Company II, LLC First Lien Secured Debt - Term Loan S+500, 0.75% Floor 3/3/2031","3","702","Fair Value(1)(35)","26,229"
"SRC046","132","2","First Lien Secured Debt - Delayed Draw S+500, 0.75% Floor 3/1/2031","1","575","Par/Shares/Units(3)","2,532"
"SRC046","132","2","First Lien Secured Debt - Delayed Draw S+500, 0.75% Floor 3/1/2031","2","635","Cost(34)","2,464"
"SRC046","132","2","First Lien Secured Debt - Delayed Draw S+500, 0.75% Floor 3/1/2031","3","702","Fair Value(1)(35)","2,519"
"SRC046","132","3","First Lien Secured Debt - Revolver S+475, 0.75% Floor 3/1/2030","2","635","Cost(34)","(25)"
"SRC046","132","3","First Lien Secured Debt - Revolver S+475, 0.75% Floor 3/1/2030","3","702","Fair Value(1)(35)","(4)"
"SRC046","132","4","Grant Thornton Advisors Holdings LLC First Lien Secured Debt - Term Loan S+275, 0.00% Floor 6/2/2031","1","575","Par/Shares/Units(3)","69,323"
"SRC046","132","4","Grant Thornton Advisors Holdings LLC First Lien Secured Debt - Term Loan S+275, 0.00% Floor 6/2/2031","2","635","Cost(34)","69,214"
"SRC046","132","4","Grant Thornton Advisors Holdings LLC First Lien Secured Debt - Term Loan S+275, 0.00% Floor 6/2/2031","3","702","Fair Value(1)(35)","69,574"
"SRC046","132","4","Grant Thornton Advisors Holdings LLC First Lien Secured Debt - Term Loan S+275, 0.00% Floor 6/2/2031","4","732","","(15)"
"SRC046","132","5","Pacioli UK Midco Limited First Lien Secured Debt - Term Loan SONIA+500, 0.00% Floor 4/14/2032 £","1","575","Par/Shares/Units(3)","109,980"
"SRC046","132","5","Pacioli UK Midco Limited First Lien Secured Debt - Term Loan SONIA+500, 0.00% Floor 4/14/2032 £","2","635","Cost(34)","142,692"
"SRC046","132","5","Pacioli UK Midco Limited First Lien Secured Debt - Term Loan SONIA+500, 0.00% Floor 4/14/2032 £","3","702","Fair Value(1)(35)","146,024"
"SRC046","132","5","Pacioli UK Midco Limited First Lien Secured Debt - Term Loan SONIA+500, 0.00% Floor 4/14/2032 £","4","732","","8)"
"SRC046","132","6","Deerfield Dakota Holding, LLC First Lien Secured Debt - Term Loan PIK, 0.75% Floor 9/13/2032","1","575","Par/Shares/Units(3)","105,565"
"SRC046","132","6","Deerfield Dakota Holding, LLC First Lien Secured Debt - Term Loan PIK, 0.75% Floor 9/13/2032","2","635","Cost(34)","104,519"
"SRC046","132","6","Deerfield Dakota Holding, LLC First Lien Secured Debt - Term Loan PIK, 0.75% Floor 9/13/2032","3","702","Fair Value(1)(35)","104,510"
"SRC046","132","7","First Lien Secured Debt - Revolver S+525, 0.75% Floor 9/13/2032","2","635","Cost(34)","(98)"
"SRC046","132","7","First Lien Secured Debt - Revolver S+525, 0.75% Floor 9/13/2032","3","702","Fair Value(1)(35)","(98)"
"SRC046","132","8","LLC First Lien Secured Debt - Term Loan PIK, 0.75% Floor 8/22/2031","1","575","Par/Shares/Units(3)","100,699"
"SRC046","132","8","LLC First Lien Secured Debt - Term Loan PIK, 0.75% Floor 8/22/2031","2","635","Cost(34)","99,047"
"SRC046","132","8","LLC First Lien Secured Debt - Term Loan PIK, 0.75% Floor 8/22/2031","3","702","Fair Value(1)(35)","99,692"
"SRC046","132","9","First Lien Secured Debt - Delayed Draw S+500, 0.75% Floor 8/22/2031","1","575","Par/Shares/Units(3)","4,763"
"SRC046","132","9","First Lien Secured Debt - Delayed Draw S+500, 0.75% Floor 8/22/2031","2","635","Cost(34)","4,687"
"SRC046","132","9","First Lien Secured Debt - Delayed Draw S+500, 0.75% Floor 8/22/2031","3","702","Fair Value(1)(35)","4,705"
"SRC046","132","10","First Lien Secured Debt - Revolver S+500, 0.75% Floor 8/22/2030","1","575","Par/Shares/Units(3)","3,746"
"SRC046","132","10","First Lien Secured Debt - Revolver S+500, 0.75% Floor 8/22/2030","2","635","Cost(34)","3,565"
"SRC046","132","10","First Lien Secured Debt - Revolver S+500, 0.75% Floor 8/22/2030","3","702","Fair Value(1)(35)","3,631"
"SRC046","132","11","Speed Midco 3 S.A R.L. First Lien Secured Debt - Term Loan S+250, 0.00% Floor 10/7/2032","1","575","Par/Shares/Units(3)","12,500"
"SRC046","132","11","Speed Midco 3 S.A R.L. First Lien Secured Debt - Term Loan S+250, 0.00% Floor 10/7/2032","2","635","Cost(34)","12,470"
"SRC046","132","11","Speed Midco 3 S.A R.L. First Lien Secured Debt - Term Loan S+250, 0.00% Floor 10/7/2032","3","702","Fair Value(1)(35)","12,566"
"SRC046","132","12","Sigma Irish Acquico Limited First Lien Secured Debt - Term Loan E+525, 0.00% Floor 3/19/2032 €","1","575","Par/Shares/Units(3)","67,460"
"SRC046","132","12","Sigma Irish Acquico Limited First Lien Secured Debt - Term Loan E+525, 0.00% Floor 3/19/2032 €","2","635","Cost(34)","72,197"
"SRC046","132","12","Sigma Irish Acquico Limited First Lien Secured Debt - Term Loan E+525, 0.00% Floor 3/19/2032 €","3","702","Fair Value(1)(35)","78,685"
"SRC046","132","13","First Lien Secured Debt - Term Loan S+525, 0.00% Floor 3/19/2032","1","575","Par/Shares/Units(3)","70,821"
"SRC046","132","13","First Lien Secured Debt - Term Loan S+525, 0.00% Floor 3/19/2032","2","635","Cost(34)","69,524"
"SRC046","132","13","First Lien Secured Debt - Term Loan S+525, 0.00% Floor 3/19/2032","3","702","Fair Value(1)(35)","70,290"
"SRC046","132","14","First Lien Secured Debt - Delayed Draw E+525, 0.00% Floor 3/19/2032 €","1","575","Par/Shares/Units(3)","6,856"
"SRC046","132","14","First Lien Secured Debt - Delayed Draw E+525, 0.00% Floor 3/19/2032 €","2","635","Cost(34)","7,962"
"SRC046","132","14","First Lien Secured Debt - Delayed Draw E+525, 0.00% Floor 3/19/2032 €","3","702","Fair Value(1)(35)","7,996"
"SRC046","132","14","First Lien Secured Debt - Delayed Draw E+525, 0.00% Floor 3/19/2032 €","4","732","","32)"
"SRC046","132","15","First Lien Secured Debt - Delayed Draw S+525, 0.00% Floor 3/19/2032","2","635","Cost(34)","(147)"
"SRC046","132","15","First Lien Secured Debt - Delayed Draw S+525, 0.00% Floor 3/19/2032","3","702","Fair Value(1)(35)","(124)"
"SRC046","132","16","Total Professional","2","635","Cost(34)","1,100,940"
"SRC046","132","16","Total Professional","3","702","Fair Value(1)(35)","1,119,483"
"SRC046","132","17","Associations Inc. First Lien Secured Debt - Term Loan S+676, 1.00% Floor 7/2/2028 $","1","575","Par/Shares/Units(3)","21,316"
"SRC046","132","17","Associations Inc. First Lien Secured Debt - Term Loan S+676, 1.00% Floor 7/2/2028 $","2","635","Cost(34)","21,279"
"SRC046","132","17","Associations Inc. First Lien Secured Debt - Term Loan S+676, 1.00% Floor 7/2/2028 $","3","702","Fair Value(1)(35)","21,262"
"SRC046","132","18","First Lien Secured Debt - Delayed Draw S+676, 1.00% Floor 7/2/2028","1","575","Par/Shares/Units(3)","3,100"
"SRC046","132","18","First Lien Secured Debt - Delayed Draw S+676, 1.00% Floor 7/2/2028","2","635","Cost(34)","3,089"
"SRC046","132","18","First Lien Secured Debt - Delayed Draw S+676, 1.00% Floor 7/2/2028","3","702","Fair Value(1)(35)","3,085"
"SRC046","132","19","First Lien Secured Debt - Revolver S+676, 1.00% Floor 7/2/2028","2","635","Cost(34)","(1)"
"SRC046","133","1","Neinor DMP BidCo, S.A.U. First Lien Secured Debt - Delayed Draw E+525, 2.00% Floor 12/31/2029 €","2","629","Cost(34)","225"
"SRC046","133","1","Neinor DMP BidCo, S.A.U. First Lien Secured Debt - Delayed Draw E+525, 2.00% Floor 12/31/2029 €","3","693","Fair Value(1)(35)","(254)"
"SRC046","133","2","First Lien Secured Debt - Corporate Bond E+530, 2.00% Floor 12/31/2029 €","1","571","Par/Shares/Units(3)","31,153"
"SRC046","133","2","First Lien Secured Debt - Corporate Bond E+530, 2.00% Floor 12/31/2029 €","2","629","Cost(34)","35,932"
"SRC046","133","2","First Lien Secured Debt - Corporate Bond E+530, 2.00% Floor 12/31/2029 €","3","693","Fair Value(1)(35)","36,062"
"SRC046","133","3","Pritchard Industries, LLC First Lien Secured Debt - Term Loan S+590, 0.75% Floor 10/13/2027","1","571","Par/Shares/Units(3)","6,256"
"SRC046","133","3","Pritchard Industries, LLC First Lien Secured Debt - Term Loan S+590, 0.75% Floor 10/13/2027","2","629","Cost(34)","6,256"
"SRC046","133","3","Pritchard Industries, LLC First Lien Secured Debt - Term Loan S+590, 0.75% Floor 10/13/2027","3","693","Fair Value(1)(35)","6,005"
"SRC046","133","4","Total Real Estate Management & Development","2","629","Cost(34)","66,780"
"SRC046","133","4","Total Real Estate Management & Development","3","693","Fair Value(1)(35)","66,160"
"SRC046","133","5","Kronos I UK Ltd First Lien Secured Debt - Term Loan S+250, 0.00% Floor 9/21/2027 $","1","571","Par/Shares/Units(3)","12,500"
"SRC046","133","5","Kronos I UK Ltd First Lien Secured Debt - Term Loan S+250, 0.00% Floor 9/21/2027 $","2","629","Cost(34)","12,500"
"SRC046","133","5","Kronos I UK Ltd First Lien Secured Debt - Term Loan S+250, 0.00% Floor 9/21/2027 $","3","693","Fair Value(1)(35)","12,500"
"SRC046","133","6","First Lien Secured Debt - Delayed Draw S+225, 0.00% Floor 8/21/2027","1","571","Par/Shares/Units(3)","12,500"
"SRC046","133","6","First Lien Secured Debt - Delayed Draw S+225, 0.00% Floor 8/21/2027","2","629","Cost(34)","12,469"
"SRC046","133","6","First Lien Secured Debt - Delayed Draw S+225, 0.00% Floor 8/21/2027","3","693","Fair Value(1)(35)","12,500"
"SRC046","133","7","Total Semiconductors & Semiconductor Equipment","2","629","Cost(34)","24,969"
"SRC046","133","7","Total Semiconductors & Semiconductor Equipment","3","693","Fair Value(1)(35)","25,000"
"SRC046","133","8","Accela, Inc. First Lien Secured Debt - Term Loan S+475, 0.75% Floor 9/3/2030 $","1","571","Par/Shares/Units(3)","18,149"
"SRC046","133","8","Accela, Inc. First Lien Secured Debt - Term Loan S+475, 0.75% Floor 9/3/2030 $","2","629","Cost(34)","17,880"
"SRC046","133","8","Accela, Inc. First Lien Secured Debt - Term Loan S+475, 0.75% Floor 9/3/2030 $","3","693","Fair Value(1)(35)","18,149"
"SRC046","133","9","First Lien Secured Debt - Revolver S+600, 0.75% Floor 9/3/2030","2","629","Cost(34)","(23)"
"SRC046","133","10","Armstrong Bidco Limited First Lien Secured Debt - Term Loan Floor 6/28/2029 £","1","571","Par/Shares/Units(3)","27,600"
"SRC046","133","10","Armstrong Bidco Limited First Lien Secured Debt - Term Loan Floor 6/28/2029 £","2","629","Cost(34)","33,164"
"SRC046","133","10","Armstrong Bidco Limited First Lien Secured Debt - Term Loan Floor 6/28/2029 £","3","693","Fair Value(1)(35)","35,064"
"SRC046","133","11","First Lien Secured Debt - Delayed Draw Floor 6/28/2029 £","1","571","Par/Shares/Units(3)","14,400"
"SRC046","133","11","First Lien Secured Debt - Delayed Draw Floor 6/28/2029 £","2","629","Cost(34)","17,317"
"SRC046","133","11","First Lien Secured Debt - Delayed Draw Floor 6/28/2029 £","3","693","Fair Value(1)(35)","18,294"
"SRC046","133","12","Azurite Intermediate Holdings, Inc. First Lien Secured Debt - Term Loan S+600, 0.75% Floor 3/19/2031","1","571","Par/Shares/Units(3)","20,144"
"SRC046","133","12","Azurite Intermediate Holdings, Inc. First Lien Secured Debt - Term Loan S+600, 0.75% Floor 3/19/2031","2","629","Cost(34)","19,899"
"SRC046","133","12","Azurite Intermediate Holdings, Inc. First Lien Secured Debt - Term Loan S+600, 0.75% Floor 3/19/2031","3","693","Fair Value(1)(35)","20,093"
"SRC046","133","13","First Lien Secured Debt - Delayed Draw S+600, 0.75% Floor 3/19/2031","1","571","Par/Shares/Units(3)","45,781"
"SRC046","133","13","First Lien Secured Debt - Delayed Draw S+600, 0.75% Floor 3/19/2031","2","629","Cost(34)","45,235"
"SRC046","133","13","First Lien Secured Debt - Delayed Draw S+600, 0.75% Floor 3/19/2031","3","693","Fair Value(1)(35)","45,667"
"SRC046","133","14","First Lien Secured Debt - Revolver S+650, 0.75% Floor 3/19/2031","2","629","Cost(34)","(82)"
"SRC046","133","14","First Lien Secured Debt - Revolver S+650, 0.75% Floor 3/19/2031","3","693","Fair Value(1)(35)","(18)"
"SRC046","133","15","SRP Eagle Buyer Inc. First Lien Secured Debt - Term Loan S+500, 1.50% Floor 12/8/2031","1","571","Par/Shares/Units(3)","30,000"
"SRC046","133","15","SRP Eagle Buyer Inc. First Lien Secured Debt - Term Loan S+500, 1.50% Floor 12/8/2031","2","629","Cost(34)","29,703"
"SRC046","133","15","SRP Eagle Buyer Inc. First Lien Secured Debt - Term Loan S+500, 1.50% Floor 12/8/2031","3","693","Fair Value(1)(35)","29,700"
"SRC046","133","16","First Lien Secured Debt - Delayed Draw S+500, 1.50% Floor 12/8/2031","2","629","Cost(34)","(176)"
"SRC046","133","16","First Lien Secured Debt - Delayed Draw S+500, 1.50% Floor 12/8/2031","3","693","Fair Value(1)(35)","(88)"
"SRC046","133","17","First Lien Secured Debt - Revolver S+500, 1.50% Floor 12/8/2031","2","629","Cost(34)","(106)"
"SRC046","133","17","First Lien Secured Debt - Revolver S+500, 1.50% Floor 12/8/2031","3","693","Fair Value(1)(35)","(106)"
"SRC046","133","18","Anaplan, Inc. First Lien Secured Debt - Term Loan S+450, 0.75% Floor 6/21/2029","1","571","Par/Shares/Units(3)","237,914"
"SRC046","133","18","Anaplan, Inc. First Lien Secured Debt - Term Loan S+450, 0.75% Floor 6/21/2029","2","629","Cost(34)","237,914"
"SRC046","133","18","Anaplan, Inc. First Lien Secured Debt - Term Loan S+450, 0.75% Floor 6/21/2029","3","693","Fair Value(1)(35)","237,914"
"SRC046","134","1","Avalara, Inc. First Lien Secured Debt - Term Loan S+275, 0.00% Floor 3/26/2032","1","574","Par/Shares/Units(3)","33,470"
"SRC046","134","1","Avalara, Inc. First Lien Secured Debt - Term Loan S+275, 0.00% Floor 3/26/2032","2","629","Cost(34)","33,294"
"SRC046","134","1","Avalara, Inc. First Lien Secured Debt - Term Loan S+275, 0.00% Floor 3/26/2032","3","695","Fair Value(1)(35)","33,653"
"SRC046","134","1","Avalara, Inc. First Lien Secured Debt - Term Loan S+275, 0.00% Floor 3/26/2032","4","725","","(16)"
"SRC046","134","2","Artifact Bidco, Inc. First Lien Secured Debt - Term Loan S+415, 0.50% Floor 7/28/2031","1","574","Par/Shares/Units(3)","63,399"
"SRC046","134","2","Artifact Bidco, Inc. First Lien Secured Debt - Term Loan S+415, 0.50% Floor 7/28/2031","2","629","Cost(34)","62,867"
"SRC046","134","2","Artifact Bidco, Inc. First Lien Secured Debt - Term Loan S+415, 0.50% Floor 7/28/2031","3","695","Fair Value(1)(35)","63,399"
"SRC046","134","3","First Lien Secured Debt - Delayed Draw S+415, 0.50% Floor 7/28/2031","2","629","Cost(34)","(62)"
"SRC046","134","4","First Lien Secured Debt - Revolver S+415, 0.50% Floor 7/26/2030","2","629","Cost(34)","(85)"
"SRC046","134","5","IQN Holding Corp. First Lien Secured Debt - Term Loan PIK, 0.75% Floor 5/2/2029","1","574","Par/Shares/Units(3)","70,945"
"SRC046","134","5","IQN Holding Corp. First Lien Secured Debt - Term Loan PIK, 0.75% Floor 5/2/2029","2","629","Cost(34)","70,470"
"SRC046","134","5","IQN Holding Corp. First Lien Secured Debt - Term Loan PIK, 0.75% Floor 5/2/2029","3","695","Fair Value(1)(35)","69,881"
"SRC046","134","6","First Lien Secured Debt - Revolver S+525, 0.75% Floor 5/2/2028","1","574","Par/Shares/Units(3)","2,746"
"SRC046","134","6","First Lien Secured Debt - Revolver S+525, 0.75% Floor 5/2/2028","2","629","Cost(34)","2,729"
"SRC046","134","6","First Lien Secured Debt - Revolver S+525, 0.75% Floor 5/2/2028","3","695","Fair Value(1)(35)","2,682"
"SRC046","134","7","Boxer Parent Company Inc. First Lien Secured Debt - Term Loan S+300, 0.00% Floor 7/30/2031","1","574","Par/Shares/Units(3)","18,115"
"SRC046","134","7","Boxer Parent Company Inc. First Lien Secured Debt - Term Loan S+300, 0.00% Floor 7/30/2031","2","629","Cost(34)","18,083"
"SRC046","134","7","Boxer Parent Company Inc. First Lien Secured Debt - Term Loan S+300, 0.00% Floor 7/30/2031","3","695","Fair Value(1)(35)","18,089"
"SRC046","134","7","Boxer Parent Company Inc. First Lien Secured Debt - Term Loan S+300, 0.00% Floor 7/30/2031","4","725","","(16)"
"SRC046","134","8","1475 Holdings, LLC First Lien Secured Debt - Term Loan S+525, 0.75% Floor 1/18/2030","1","574","Par/Shares/Units(3)","6,254"
"SRC046","134","8","1475 Holdings, LLC First Lien Secured Debt - Term Loan S+525, 0.75% Floor 1/18/2030","2","629","Cost(34)","6,177"
"SRC046","134","8","1475 Holdings, LLC First Lien Secured Debt - Term Loan S+525, 0.75% Floor 1/18/2030","3","695","Fair Value(1)(35)","6,233"
"SRC046","134","9","First Lien Secured Debt - Revolver S+575, 0.75% Floor 1/18/2030","2","629","Cost(34)","(15)"
"SRC046","134","9","First Lien Secured Debt - Revolver S+575, 0.75% Floor 1/18/2030","3","695","Fair Value(1)(35)","(4)"
"SRC046","134","10","Tribe Bidco Limited First Lien Secured Debt - Term Loan E+525, 0.00% Floor 9/13/2032 €","1","574","Par/Shares/Units(3)","53,893"
"SRC046","134","10","Tribe Bidco Limited First Lien Secured Debt - Term Loan E+525, 0.00% Floor 9/13/2032 €","2","629","Cost(34)","62,413"
"SRC046","134","10","Tribe Bidco Limited First Lien Secured Debt - Term Loan E+525, 0.00% Floor 9/13/2032 €","3","695","Fair Value(1)(35)","62,385"
"SRC046","134","11","First Lien Secured Debt - Delayed Draw E+525, 0.00% Floor 9/13/2032 €","1","574","Par/Shares/Units(3)","1,397"
"SRC046","134","11","First Lien Secured Debt - Delayed Draw E+525, 0.00% Floor 9/13/2032 €","2","629","Cost(34)","1,904"
"SRC046","134","11","First Lien Secured Debt - Delayed Draw E+525, 0.00% Floor 9/13/2032 €","3","695","Fair Value(1)(35)","1,237"
"SRC046","134","12","First Lien Secured Debt - Revolver E+525, 0.00% Floor 3/12/2032 €","1","574","Par/Shares/Units(3)","233"
"SRC046","134","12","First Lien Secured Debt - Revolver E+525, 0.00% Floor 3/12/2032 €","2","629","Cost(34)","388"
"SRC046","134","12","First Lien Secured Debt - Revolver E+525, 0.00% Floor 3/12/2032 €","3","695","Fair Value(1)(35)","112"
"SRC046","134","13","Clover Holdings 2, LLC First Lien Secured Debt - Term Loan S+400, 0.00% Floor 12/9/2031","1","574","Par/Shares/Units(3)","40,310"
"SRC046","134","13","Clover Holdings 2, LLC First Lien Secured Debt - Term Loan S+400, 0.00% Floor 12/9/2031","2","629","Cost(34)","39,867"
"SRC046","134","13","Clover Holdings 2, LLC First Lien Secured Debt - Term Loan S+400, 0.00% Floor 12/9/2031","3","695","Fair Value(1)(35)","40,392"
"SRC046","134","13","Clover Holdings 2, LLC First Lien Secured Debt - Term Loan S+400, 0.00% Floor 12/9/2031","4","725","","(15)"
"SRC046","134","14","Endor Purchaser, Inc. First Lien Secured Debt - Term Loan S+500, 0.75% Floor 1/9/2032","1","574","Par/Shares/Units(3)","37,406"
"SRC046","134","14","Endor Purchaser, Inc. First Lien Secured Debt - Term Loan S+500, 0.75% Floor 1/9/2032","2","629","Cost(34)","37,071"
"SRC046","134","14","Endor Purchaser, Inc. First Lien Secured Debt - Term Loan S+500, 0.75% Floor 1/9/2032","3","695","Fair Value(1)(35)","37,032"
"SRC046","134","15","First Lien Secured Debt - Delayed Draw S+500, 0.75% Floor 1/9/2032","2","629","Cost(34)","(36)"
"SRC046","134","15","First Lien Secured Debt - Delayed Draw S+500, 0.75% Floor 1/9/2032","3","695","Fair Value(1)(35)","(84)"
"SRC046","134","16","First Lien Secured Debt - Revolver S+500, 0.75% Floor 1/9/2032","2","629","Cost(34)","(36)"
"SRC046","134","16","First Lien Secured Debt - Revolver S+500, 0.75% Floor 1/9/2032","3","695","Fair Value(1)(35)","(42)"
"SRC046","134","17","Cascade Intermediate II, Inc. First Lien Secured Debt - Term Loan 13.00% PIK 9/24/2033","1","574","Par/Shares/Units(3)","23,245"
"SRC046","134","17","Cascade Intermediate II, Inc. First Lien Secured Debt - Term Loan 13.00% PIK 9/24/2033","2","629","Cost(34)","22,795"
"SRC046","134","17","Cascade Intermediate II, Inc. First Lien Secured Debt - Term Loan 13.00% PIK 9/24/2033","3","695","Fair Value(1)(35)","22,780"
"SRC046","134","17","Cascade Intermediate II, Inc. First Lien Secured Debt - Term Loan 13.00% PIK 9/24/2033","4","725","","(4)"
"SRC046","134","18","Cascade Parent Inc. First Lien Secured Debt - Term Loan S+575, 0.50% Floor 9/24/2031","1","574","Par/Shares/Units(3)","152,685"
"SRC046","134","18","Cascade Parent Inc. First Lien Secured Debt - Term Loan S+575, 0.50% Floor 9/24/2031","2","629","Cost(34)","150,460"
"SRC046","134","18","Cascade Parent Inc. First Lien Secured Debt - Term Loan S+575, 0.50% Floor 9/24/2031","3","695","Fair Value(1)(35)","150,395"
"SRC046","134","19","First Lien Secured Debt - Revolver S+575, 0.50% Floor 9/24/2030","2","629","Cost(34)","(193)"
"SRC046","134","19","First Lien Secured Debt - Revolver S+575, 0.50% Floor 9/24/2030","3","695","Fair Value(1)(35)","(204)"
"SRC046","135","1","Coupa Software Incorporated First Lien Secured Debt - Term Loan S+525, 0.75% Floor 2/27/2030","1","574","Par/Shares/Units(3)","54,455"
"SRC046","135","1","Coupa Software Incorporated First Lien Secured Debt - Term Loan S+525, 0.75% Floor 2/27/2030","2","629","Cost(34)","53,529"
"SRC046","135","1","Coupa Software Incorporated First Lien Secured Debt - Term Loan S+525, 0.75% Floor 2/27/2030","3","695","Fair Value(1)(35)","54,727"
"SRC046","135","2","First Lien Secured Debt - Delayed Draw S+550, 0.75% Floor 2/27/2030","2","629","Cost(34)","(37)"
"SRC046","135","3","First Lien Secured Debt - Revolver S+550, 0.75% Floor 2/27/2029","2","629","Cost(34)","(50)"
"SRC046","135","4","Databricks, Inc. First Lien Secured Debt - Term Loan S+450, 0.00% Floor 1/3/2031","1","574","Par/Shares/Units(3)","124,873"
"SRC046","135","4","Databricks, Inc. First Lien Secured Debt - Term Loan S+450, 0.00% Floor 1/3/2031","2","629","Cost(34)","124,346"
"SRC046","135","4","Databricks, Inc. First Lien Secured Debt - Term Loan S+450, 0.00% Floor 1/3/2031","3","695","Fair Value(1)(35)","127,058"
"SRC046","135","4","Databricks, Inc. First Lien Secured Debt - Term Loan S+450, 0.00% Floor 1/3/2031","4","725","","(15)"
"SRC046","135","5","First Lien Secured Debt - Delayed Draw S+450, 0.00% Floor 1/3/2031","2","629","Cost(34)","(11)"
"SRC046","135","6","Edition Holdings, Inc. First Lien Secured Debt - Term Loan S+450, 0.75% Floor 12/18/2032","1","574","Par/Shares/Units(3)","265,239"
"SRC046","135","6","Edition Holdings, Inc. First Lien Secured Debt - Term Loan S+450, 0.75% Floor 12/18/2032","2","629","Cost(34)","264,117"
"SRC046","135","6","Edition Holdings, Inc. First Lien Secured Debt - Term Loan S+450, 0.75% Floor 12/18/2032","3","695","Fair Value(1)(35)","264,246"
"SRC046","135","7","First Lien Secured Debt - Delayed Draw S+450, 0.75% Floor 12/18/2032","2","629","Cost(34)","(72)"
"SRC046","135","7","First Lien Secured Debt - Delayed Draw S+450, 0.75% Floor 12/18/2032","3","695","Fair Value(1)(35)","(72)"
"SRC046","135","8","First Lien Secured Debt - Delayed Draw S+450, 0.75% Floor 12/20/2032","2","629","Cost(34)","(135)"
"SRC046","135","8","First Lien Secured Debt - Delayed Draw S+450, 0.75% Floor 12/20/2032","3","695","Fair Value(1)(35)","(135)"
"SRC046","135","9","First Lien Secured Debt - Revolver S+450, 0.75% Floor 12/18/2032","2","629","Cost(34)","(101)"
"SRC046","135","9","First Lien Secured Debt - Revolver S+450, 0.75% Floor 12/18/2032","3","695","Fair Value(1)(35)","(101)"
"SRC046","135","10","Everbridge Holdings, LLC First Lien Secured Debt - Term Loan S+500, 0.75% Floor 7/2/2031","1","574","Par/Shares/Units(3)","60,867"
"SRC046","135","10","Everbridge Holdings, LLC First Lien Secured Debt - Term Loan S+500, 0.75% Floor 7/2/2031","2","629","Cost(34)","60,639"
"SRC046","135","10","Everbridge Holdings, LLC First Lien Secured Debt - Term Loan S+500, 0.75% Floor 7/2/2031","3","695","Fair Value(1)(35)","61,475"
"SRC046","135","11","First Lien Secured Debt - Delayed Draw S+500, 0.75% Floor 7/2/2031","1","574","Par/Shares/Units(3)","5,965"
"SRC046","135","11","First Lien Secured Debt - Delayed Draw S+500, 0.75% Floor 7/2/2031","2","629","Cost(34)","5,934"
"SRC046","135","11","First Lien Secured Debt - Delayed Draw S+500, 0.75% Floor 7/2/2031","3","695","Fair Value(1)(35)","6,025"
"SRC046","135","12","First Lien Secured Debt - Revolver S+500, 0.75% Floor 7/2/2031","2","629","Cost(34)","(24)"
"SRC046","135","13","Forterro Group AB First Lien Secured Debt - Term Loan E+475, 0.00% Floor 7/9/2029 €","1","574","Par/Shares/Units(3)","10,049"
"SRC046","135","13","Forterro Group AB First Lien Secured Debt - Term Loan E+475, 0.00% Floor 7/9/2029 €","2","629","Cost(34)","10,099"
"SRC046","135","13","Forterro Group AB First Lien Secured Debt - Term Loan E+475, 0.00% Floor 7/9/2029 €","3","695","Fair Value(1)(35)","11,780"
"SRC046","135","14","First Lien Secured Debt - Term Loan Floor 7/9/2029 (cid:245)","1","574","Par/Shares/Units(3)","4,430"
"SRC046","135","14","First Lien Secured Debt - Term Loan Floor 7/9/2029 (cid:245)","2","629","Cost(34)","4,715"
"SRC046","135","14","First Lien Secured Debt - Term Loan Floor 7/9/2029 (cid:245)","3","695","Fair Value(1)(35)","5,579"
"SRC046","135","15","First Lien Secured Debt - Term Loan SONIA+475, 0.00% Floor 7/9/2029 £","1","574","Par/Shares/Units(3)","3,847"
"SRC046","135","15","First Lien Secured Debt - Term Loan SONIA+475, 0.00% Floor 7/9/2029 £","2","629","Cost(34)","4,925"
"SRC046","135","15","First Lien Secured Debt - Term Loan SONIA+475, 0.00% Floor 7/9/2029 £","3","695","Fair Value(1)(35)","5,172"
"SRC046","135","16","First Lien Secured Debt - Term Loan Floor 7/9/2029 Skr","1","574","Par/Shares/Units(3)","35,658"
"SRC046","135","16","First Lien Secured Debt - Term Loan Floor 7/9/2029 Skr","2","629","Cost(34)","3,340"
"SRC046","135","16","First Lien Secured Debt - Term Loan Floor 7/9/2029 Skr","3","695","Fair Value(1)(35)","3,863"
"SRC046","135","17","First Lien Secured Debt - Delayed Draw E+475, 0.00% Floor 7/9/2029 €","1","574","Par/Shares/Units(3)","29,608"
"SRC046","135","17","First Lien Secured Debt - Delayed Draw E+475, 0.00% Floor 7/9/2029 €","2","629","Cost(34)","31,251"
"SRC046","135","17","First Lien Secured Debt - Delayed Draw E+475, 0.00% Floor 7/9/2029 €","3","695","Fair Value(1)(35)","34,503"
"SRC046","135","18","OMEGA II AB First Lien Secured Debt - Term Loan Floor 6/18/2032 Skr","1","574","Par/Shares/Units(3)","658,610"
"SRC046","135","18","OMEGA II AB First Lien Secured Debt - Term Loan Floor 6/18/2032 Skr","2","629","Cost(34)","67,829"
"SRC046","135","18","OMEGA II AB First Lien Secured Debt - Term Loan Floor 6/18/2032 Skr","3","695","Fair Value(1)(35)","71,180"
"SRC046","135","19","First Lien Secured Debt - Delayed Draw Floor 6/18/2032 Skr","2","629","Cost(34)","(581)"
"SRC046","135","19","First Lien Secured Debt - Delayed Draw Floor 6/18/2032 Skr","3","695","Fair Value(1)(35)","(97)"
"SRC046","135","19","First Lien Secured Debt - Delayed Draw Floor 6/18/2032 Skr","4","725","","(32)"
"SRC046","136","1","Evergreen IX Borrower 2023, LLC First Lien Secured Debt - Term Loan S+475, 0.75% Floor 9/30/2030","1","574","Par/Shares/Units(3)","121,559"
"SRC046","136","1","Evergreen IX Borrower 2023, LLC First Lien Secured Debt - Term Loan S+475, 0.75% Floor 9/30/2030","2","629","Cost(34)","119,623"
"SRC046","136","1","Evergreen IX Borrower 2023, LLC First Lien Secured Debt - Term Loan S+475, 0.75% Floor 9/30/2030","3","695","Fair Value(1)(35)","121,559"
"SRC046","136","2","First Lien Secured Debt - Revolver S+475, 0.75% Floor 10/1/2029","2","629","Cost(34)","(159)"
"SRC046","136","3","Homecare Software Solutions LLC First Lien Secured Debt - Term Loan PIK, 0.00% Floor 6/14/2031","1","574","Par/Shares/Units(3)","77,720"
"SRC046","136","3","Homecare Software Solutions LLC First Lien Secured Debt - Term Loan PIK, 0.00% Floor 6/14/2031","2","629","Cost(34)","77,720"
"SRC046","136","3","Homecare Software Solutions LLC First Lien Secured Debt - Term Loan PIK, 0.00% Floor 6/14/2031","3","695","Fair Value(1)(35)","77,720"
"SRC046","136","4","Delta Topco, Inc. First Lien Secured Debt - Term Loan S+275, 0.00% Floor 11/30/2029","1","574","Par/Shares/Units(3)","7,035"
"SRC046","136","4","Delta Topco, Inc. First Lien Secured Debt - Term Loan S+275, 0.00% Floor 11/30/2029","2","629","Cost(34)","7,032"
"SRC046","136","4","Delta Topco, Inc. First Lien Secured Debt - Term Loan S+275, 0.00% Floor 11/30/2029","3","695","Fair Value(1)(35)","7,011"
"SRC046","136","4","Delta Topco, Inc. First Lien Secured Debt - Term Loan S+275, 0.00% Floor 11/30/2029","4","725","","(15)"
"SRC046","136","5","Ichor Management Limited First Lien Secured Debt - Term Loan S+550, 1.00% Floor 12/7/2029","1","574","Par/Shares/Units(3)","9,093"
"SRC046","136","5","Ichor Management Limited First Lien Secured Debt - Term Loan S+550, 1.00% Floor 12/7/2029","2","629","Cost(34)","8,929"
"SRC046","136","5","Ichor Management Limited First Lien Secured Debt - Term Loan S+550, 1.00% Floor 12/7/2029","3","695","Fair Value(1)(35)","8,865"
"SRC046","136","6","First Lien Secured Debt - Delayed Draw S+550, 1.00% Floor 12/7/2029","1","574","Par/Shares/Units(3)","4,099"
"SRC046","136","6","First Lien Secured Debt - Delayed Draw S+550, 1.00% Floor 12/7/2029","2","629","Cost(34)","4,062"
"SRC046","136","6","First Lien Secured Debt - Delayed Draw S+550, 1.00% Floor 12/7/2029","3","695","Fair Value(1)(35)","3,997"
"SRC046","136","7","First Lien Secured Debt - Revolver S+550, 1.00% Floor 12/7/2029","1","574","Par/Shares/Units(3)","1,712"
"SRC046","136","7","First Lien Secured Debt - Revolver S+550, 1.00% Floor 12/7/2029","2","629","Cost(34)","1,561"
"SRC046","136","7","First Lien Secured Debt - Revolver S+550, 1.00% Floor 12/7/2029","3","695","Fair Value(1)(35)","1,662"
"SRC046","136","8","Elements Finco Limited First Lien Secured Debt - Term Loan 2.25% PIK, 0.00% Floor 12/19/2031 £","1","574","Par/Shares/Units(3)","32,727"
"SRC046","136","8","Elements Finco Limited First Lien Secured Debt - Term Loan 2.25% PIK, 0.00% Floor 12/19/2031 £","2","629","Cost(34)","41,193"
"SRC046","136","8","Elements Finco Limited First Lien Secured Debt - Term Loan 2.25% PIK, 0.00% Floor 12/19/2031 £","3","695","Fair Value(1)(35)","43,674"
"SRC046","136","9","JEPPESEN HOLDINGS, LLC First Lien Secured Debt - Term Loan S+475, 0.50% Floor 11/1/2032","1","574","Par/Shares/Units(3)","193,563"
"SRC046","136","9","JEPPESEN HOLDINGS, LLC First Lien Secured Debt - Term Loan S+475, 0.50% Floor 11/1/2032","2","629","Cost(34)","192,138"
"SRC046","136","9","JEPPESEN HOLDINGS, LLC First Lien Secured Debt - Term Loan S+475, 0.50% Floor 11/1/2032","3","695","Fair Value(1)(35)","192,112"
"SRC046","136","10","First Lien Secured Debt - Revolver S+475, 0.50% Floor 11/1/2032","2","629","Cost(34)","(73)"
"SRC046","136","10","First Lien Secured Debt - Revolver S+475, 0.50% Floor 11/1/2032","3","695","Fair Value(1)(35)","(75)"
"SRC046","136","11","Kaseya Inc First Lien Secured Debt - Term Loan S+300, 0.00% Floor 3/20/2032","1","574","Par/Shares/Units(3)","24,813"
"SRC046","136","11","Kaseya Inc First Lien Secured Debt - Term Loan S+300, 0.00% Floor 3/20/2032","2","629","Cost(34)","24,702"
"SRC046","136","11","Kaseya Inc First Lien Secured Debt - Term Loan S+300, 0.00% Floor 3/20/2032","3","695","Fair Value(1)(35)","24,864"
"SRC046","136","11","Kaseya Inc First Lien Secured Debt - Term Loan S+300, 0.00% Floor 3/20/2032","4","725","","(15)"
"SRC046","136","12","First Lien Secured Debt - Revolver S+325, 0.00% Floor 3/20/2030","2","629","Cost(34)","(11)"
"SRC046","136","12","First Lien Secured Debt - Revolver S+325, 0.00% Floor 3/20/2030","3","695","Fair Value(1)(35)","(15)"
"SRC046","136","13","Medallia, Inc. First Lien Secured Debt - Term Loan PIK, 0.75% Floor 10/29/2028","1","574","Par/Shares/Units(3)","41,131"
"SRC046","136","13","Medallia, Inc. First Lien Secured Debt - Term Loan PIK, 0.75% Floor 10/29/2028","2","629","Cost(34)","40,712"
"SRC046","136","13","Medallia, Inc. First Lien Secured Debt - Term Loan PIK, 0.75% Floor 10/29/2028","3","695","Fair Value(1)(35)","30,026"
"SRC046","136","14","MetaTiedot Midco S.a.r.l. First Lien Secured Debt - Term Loan E+500, 0.75% Floor 11/27/2031 €","1","574","Par/Shares/Units(3)","21,178"
"SRC046","136","14","MetaTiedot Midco S.a.r.l. First Lien Secured Debt - Term Loan E+500, 0.75% Floor 11/27/2031 €","2","629","Cost(34)","22,084"
"SRC046","136","14","MetaTiedot Midco S.a.r.l. First Lien Secured Debt - Term Loan E+500, 0.75% Floor 11/27/2031 €","3","695","Fair Value(1)(35)","24,888"
"SRC046","136","15","First Lien Secured Debt - Term Loan S+500, 0.75% Floor 11/27/2031","1","574","Par/Shares/Units(3)","15,859"
"SRC046","136","15","First Lien Secured Debt - Term Loan S+500, 0.75% Floor 11/27/2031","2","629","Cost(34)","15,649"
"SRC046","136","15","First Lien Secured Debt - Term Loan S+500, 0.75% Floor 11/27/2031","3","695","Fair Value(1)(35)","15,740"
"SRC046","136","16","First Lien Secured Debt - Delayed Draw E+500, 0.75% Floor 11/27/2031 €","1","574","Par/Shares/Units(3)","1,891"
"SRC046","136","16","First Lien Secured Debt - Delayed Draw E+500, 0.75% Floor 11/27/2031 €","2","629","Cost(34)","1,939"
"SRC046","136","16","First Lien Secured Debt - Delayed Draw E+500, 0.75% Floor 11/27/2031 €","3","695","Fair Value(1)(35)","2,223"
"SRC046","136","17","First Lien Secured Debt - Revolver E+500, 0.75% Floor 11/27/2030 €","1","574","Par/Shares/Units(3)","4,287"
"SRC046","136","17","First Lien Secured Debt - Revolver E+500, 0.75% Floor 11/27/2030 €","2","629","Cost(34)","4,469"
"SRC046","136","17","First Lien Secured Debt - Revolver E+500, 0.75% Floor 11/27/2030 €","3","695","Fair Value(1)(35)","4,988"
"SRC046","137","1","Mitchell International, Inc. First Lien Secured Debt - Term Loan S+325, 0.50% Floor 6/17/2031","1","574","Par/Shares/Units(3)","49,928"
"SRC046","137","1","Mitchell International, Inc. First Lien Secured Debt - Term Loan S+325, 0.50% Floor 6/17/2031","2","629","Cost(34)","49,729"
"SRC046","137","1","Mitchell International, Inc. First Lien Secured Debt - Term Loan S+325, 0.50% Floor 6/17/2031","3","695","Fair Value(1)(35)","50,153"
"SRC046","137","1","Mitchell International, Inc. First Lien Secured Debt - Term Loan S+325, 0.50% Floor 6/17/2031","4","725","","(15)"
"SRC046","137","2","mPulse Mobile, Inc. First Lien Secured Debt - Term Loan S+475, 0.75% Floor 8/26/2032","1","574","Par/Shares/Units(3)","32,308"
"SRC046","137","2","mPulse Mobile, Inc. First Lien Secured Debt - Term Loan S+475, 0.75% Floor 8/26/2032","2","629","Cost(34)","31,997"
"SRC046","137","2","mPulse Mobile, Inc. First Lien Secured Debt - Term Loan S+475, 0.75% Floor 8/26/2032","3","695","Fair Value(1)(35)","31,985"
"SRC046","137","3","First Lien Secured Debt - Delayed Draw S+475, 0.75% Floor 8/26/2032","2","629","Cost(34)","(15)"
"SRC046","137","3","First Lien Secured Debt - Delayed Draw S+475, 0.75% Floor 8/26/2032","3","695","Fair Value(1)(35)","(31)"
"SRC046","137","4","First Lien Secured Debt - Revolver S+475, 0.75% Floor 8/26/2032","2","629","Cost(34)","(44)"
"SRC046","137","4","First Lien Secured Debt - Revolver S+475, 0.75% Floor 8/26/2032","3","695","Fair Value(1)(35)","(46)"
"SRC046","137","5","MYOB US Borrower LLC First Lien Secured Debt - Term Loan 3.00% PIK, 0.75% Floor 6/6/2030 A$","1","574","Par/Shares/Units(3)","156,118"
"SRC046","137","5","MYOB US Borrower LLC First Lien Secured Debt - Term Loan 3.00% PIK, 0.75% Floor 6/6/2030 A$","2","629","Cost(34)","100,095"
"SRC046","137","5","MYOB US Borrower LLC First Lien Secured Debt - Term Loan 3.00% PIK, 0.75% Floor 6/6/2030 A$","3","695","Fair Value(1)(35)","102,362"
"SRC046","137","6","Crewline Buyer, Inc. First Lien Secured Debt - Term Loan S+675, 1.00% Floor 11/8/2030","1","574","Par/Shares/Units(3)","66,900"
"SRC046","137","6","Crewline Buyer, Inc. First Lien Secured Debt - Term Loan S+675, 1.00% Floor 11/8/2030","2","629","Cost(34)","65,561"
"SRC046","137","6","Crewline Buyer, Inc. First Lien Secured Debt - Term Loan S+675, 1.00% Floor 11/8/2030","3","695","Fair Value(1)(35)","66,900"
"SRC046","137","7","First Lien Secured Debt - Revolver S+675, 1.00% Floor 11/8/2030","2","629","Cost(34)","(76)"
"SRC046","137","8","Blitz 24-34 GmbH First Lien Secured Debt - Term Loan S+525, 1.00% Floor 5/3/2031","1","574","Par/Shares/Units(3)","47,185"
"SRC046","137","8","Blitz 24-34 GmbH First Lien Secured Debt - Term Loan S+525, 1.00% Floor 5/3/2031","2","629","Cost(34)","46,797"
"SRC046","137","8","Blitz 24-34 GmbH First Lien Secured Debt - Term Loan S+525, 1.00% Floor 5/3/2031","3","695","Fair Value(1)(35)","47,067"
"SRC046","137","9","First Lien Secured Debt - Delayed Draw S+525, 1.00% Floor 5/3/2030","2","629","Cost(34)","(27)"
"SRC046","137","9","First Lien Secured Debt - Delayed Draw S+525, 1.00% Floor 5/3/2030","3","695","Fair Value(1)(35)","(18)"
"SRC046","137","10","Project Alpha Intermediate Holding, Inc. First Lien Secured Debt - Term Loan S+325, 0.50% Floor 10/26/2030","4","725","","(16)"
"SRC046","137","11","Quartz Acquireco, LLC First Lien Secured Debt - Term Loan S+225, 0.00% Floor 6/28/2030","1","574","Par/Shares/Units(3)","787"
"SRC046","137","11","Quartz Acquireco, LLC First Lien Secured Debt - Term Loan S+225, 0.00% Floor 6/28/2030","2","629","Cost(34)","784"
"SRC046","137","11","Quartz Acquireco, LLC First Lien Secured Debt - Term Loan S+225, 0.00% Floor 6/28/2030","3","695","Fair Value(1)(35)","787"
"SRC046","137","11","Quartz Acquireco, LLC First Lien Secured Debt - Term Loan S+225, 0.00% Floor 6/28/2030","4","725","","(16)"
"SRC046","137","12","QBS Parent, Inc. First Lien Secured Debt - Term Loan S+450, 0.75% Floor 6/3/2032","1","574","Par/Shares/Units(3)","158,322"
"SRC046","137","12","QBS Parent, Inc. First Lien Secured Debt - Term Loan S+450, 0.75% Floor 6/3/2032","2","629","Cost(34)","157,620"
"SRC046","137","12","QBS Parent, Inc. First Lien Secured Debt - Term Loan S+450, 0.75% Floor 6/3/2032","3","695","Fair Value(1)(35)","157,532"
"SRC046","137","13","First Lien Secured Debt - Delayed Draw S+450, 0.75% Floor 6/3/2032","3","695","Fair Value(1)(35)","(109)"
"SRC046","137","14","First Lien Secured Debt - Revolver S+450, 0.75% Floor 6/3/2032","1","574","Par/Shares/Units(3)","1,741"
"SRC046","137","14","First Lien Secured Debt - Revolver S+450, 0.75% Floor 6/3/2032","2","629","Cost(34)","1,657"
"SRC046","137","14","First Lien Secured Debt - Revolver S+450, 0.75% Floor 6/3/2032","3","695","Fair Value(1)(35)","1,645"
"SRC046","137","14","First Lien Secured Debt - Revolver S+450, 0.75% Floor 6/3/2032","4","725","","2)"
"SRC046","138","1","Runway Bidco, LLC First Lien Secured Debt - Term Loan S+500, 0.50% Floor 12/17/2031","1","574","Par/Shares/Units(3)","165,895"
"SRC046","138","1","Runway Bidco, LLC First Lien Secured Debt - Term Loan S+500, 0.50% Floor 12/17/2031","2","629","Cost(34)","164,424"
"SRC046","138","1","Runway Bidco, LLC First Lien Secured Debt - Term Loan S+500, 0.50% Floor 12/17/2031","3","695","Fair Value(1)(35)","164,237"
"SRC046","138","2","First Lien Secured Debt - Delayed Draw S+500, 0.50% Floor 12/17/2031","2","629","Cost(34)","(177)"
"SRC046","138","2","First Lien Secured Debt - Delayed Draw S+500, 0.50% Floor 12/17/2031","3","695","Fair Value(1)(35)","(415)"
"SRC046","138","3","First Lien Secured Debt - Revolver S+500, 0.50% Floor 12/17/2031","2","629","Cost(34)","(177)"
"SRC046","138","3","First Lien Secured Debt - Revolver S+500, 0.50% Floor 12/17/2031","3","695","Fair Value(1)(35)","(208)"
"SRC046","138","4","Relativity ODA LLC First Lien Secured Debt - Term Loan S+450, 1.00% Floor 5/12/2029","1","574","Par/Shares/Units(3)","29,262"
"SRC046","138","4","Relativity ODA LLC First Lien Secured Debt - Term Loan S+450, 1.00% Floor 5/12/2029","2","629","Cost(34)","28,875"
"SRC046","138","4","Relativity ODA LLC First Lien Secured Debt - Term Loan S+450, 1.00% Floor 5/12/2029","3","695","Fair Value(1)(35)","29,117"
"SRC046","138","5","First Lien Secured Debt - Revolver S+500, 1.00% Floor 5/12/2029","2","629","Cost(34)","(33)"
"SRC046","138","5","First Lien Secured Debt - Revolver S+500, 1.00% Floor 5/12/2029","3","695","Fair Value(1)(35)","(13)"
"SRC046","138","6","Polaris Newco, LLC First Lien Secured Debt - Term Loan S+401, 0.50% Floor 6/2/2028","1","574","Par/Shares/Units(3)","53,262"
"SRC046","138","6","Polaris Newco, LLC First Lien Secured Debt - Term Loan S+401, 0.50% Floor 6/2/2028","2","629","Cost(34)","52,901"
"SRC046","138","6","Polaris Newco, LLC First Lien Secured Debt - Term Loan S+401, 0.50% Floor 6/2/2028","3","695","Fair Value(1)(35)","51,485"
"SRC046","138","6","Polaris Newco, LLC First Lien Secured Debt - Term Loan S+401, 0.50% Floor 6/2/2028","4","725","","(16)"
"SRC046","138","7","Storable Inc First Lien Secured Debt - Term Loan S+325, 0.00% Floor 4/16/2031","1","574","Par/Shares/Units(3)","23,572"
"SRC046","138","7","Storable Inc First Lien Secured Debt - Term Loan S+325, 0.00% Floor 4/16/2031","2","629","Cost(34)","23,485"
"SRC046","138","7","Storable Inc First Lien Secured Debt - Term Loan S+325, 0.00% Floor 4/16/2031","3","695","Fair Value(1)(35)","23,714"
"SRC046","138","7","Storable Inc First Lien Secured Debt - Term Loan S+325, 0.00% Floor 4/16/2031","4","725","","(15)"
"SRC046","138","8","Spark Purchaser, Inc. First Lien Secured Debt - Term Loan S+550, 0.75% Floor 4/1/2031","1","574","Par/Shares/Units(3)","8,541"
"SRC046","138","8","Spark Purchaser, Inc. First Lien Secured Debt - Term Loan S+550, 0.75% Floor 4/1/2031","2","629","Cost(34)","8,401"
"SRC046","138","8","Spark Purchaser, Inc. First Lien Secured Debt - Term Loan S+550, 0.75% Floor 4/1/2031","3","695","Fair Value(1)(35)","8,583"
"SRC046","138","9","First Lien Secured Debt - Revolver S+550, 0.75% Floor 4/1/2030","2","629","Cost(34)","(20)"
"SRC046","138","10","Trading Technologies International, Inc. First Lien Secured Debt - Term Loan S+425, 0.50% Floor 11/4/2032","1","574","Par/Shares/Units(3)","43,243"
"SRC046","138","10","Trading Technologies International, Inc. First Lien Secured Debt - Term Loan S+425, 0.50% Floor 11/4/2032","2","629","Cost(34)","43,189"
"SRC046","138","10","Trading Technologies International, Inc. First Lien Secured Debt - Term Loan S+425, 0.50% Floor 11/4/2032","3","695","Fair Value(1)(35)","43,189"
"SRC046","138","11","First Lien Secured Debt - Delayed Draw S+425, 0.50% Floor 11/4/2032","1","574","Par/Shares/Units(3)","10,811"
"SRC046","138","11","First Lien Secured Debt - Delayed Draw S+425, 0.50% Floor 11/4/2032","2","629","Cost(34)","10,797"
"SRC046","138","11","First Lien Secured Debt - Delayed Draw S+425, 0.50% Floor 11/4/2032","3","695","Fair Value(1)(35)","10,797"
"SRC046","138","12","First Lien Secured Debt - Revolver S+425, 0.50% Floor 11/4/2032","2","629","Cost(34)","(8)"
"SRC046","138","12","First Lien Secured Debt - Revolver S+425, 0.50% Floor 11/4/2032","3","695","Fair Value(1)(35)","(8)"
"SRC046","138","13","Uniguest Holdings, Inc First Lien Secured Debt - Term Loan S+500, 1.00% Floor 11/27/2030","1","574","Par/Shares/Units(3)","48,164"
"SRC046","138","13","Uniguest Holdings, Inc First Lien Secured Debt - Term Loan S+500, 1.00% Floor 11/27/2030","2","629","Cost(34)","47,547"
"SRC046","138","13","Uniguest Holdings, Inc First Lien Secured Debt - Term Loan S+500, 1.00% Floor 11/27/2030","3","695","Fair Value(1)(35)","47,490"
"SRC046","138","14","First Lien Secured Debt - Delayed Draw S+500, 1.00% Floor 11/27/2030","2","629","Cost(34)","(115)"
"SRC046","138","14","First Lien Secured Debt - Delayed Draw S+500, 1.00% Floor 11/27/2030","3","695","Fair Value(1)(35)","(262)"
"SRC046","138","15","First Lien Secured Debt - Revolver S+500, 1.00% Floor 11/27/2030","2","629","Cost(34)","(57)"
"SRC046","138","15","First Lien Secured Debt - Revolver S+500, 1.00% Floor 11/27/2030","3","695","Fair Value(1)(35)","(65)"
"SRC046","139","1","VS Buyer, LLC First Lien Secured Debt - Term Loan S+225, 0.00% Floor 4/12/2031","1","574","Par/Shares/Units(3)","18,604"
"SRC046","139","1","VS Buyer, LLC First Lien Secured Debt - Term Loan S+225, 0.00% Floor 4/12/2031","2","629","Cost(34)","18,463"
"SRC046","139","1","VS Buyer, LLC First Lien Secured Debt - Term Loan S+225, 0.00% Floor 4/12/2031","3","695","Fair Value(1)(35)","18,709"
"SRC046","139","1","VS Buyer, LLC First Lien Secured Debt - Term Loan S+225, 0.00% Floor 4/12/2031","4","725","","(16)"
"SRC046","139","2","Cotiviti, Inc. First Lien Secured Debt - Term Loan S+275, 0.00% Floor 5/1/2031","1","574","Par/Shares/Units(3)","51,133"
"SRC046","139","2","Cotiviti, Inc. First Lien Secured Debt - Term Loan S+275, 0.00% Floor 5/1/2031","2","629","Cost(34)","50,396"
"SRC046","139","2","Cotiviti, Inc. First Lien Secured Debt - Term Loan S+275, 0.00% Floor 5/1/2031","3","695","Fair Value(1)(35)","49,258"
"SRC046","139","3","First Lien Secured Debt - Term Loan S+275, 0.00% Floor 3/26/2032","1","574","Par/Shares/Units(3)","46,056"
"SRC046","139","3","First Lien Secured Debt - Term Loan S+275, 0.00% Floor 3/26/2032","2","629","Cost(34)","45,501"
"SRC046","139","3","First Lien Secured Debt - Term Loan S+275, 0.00% Floor 3/26/2032","3","695","Fair Value(1)(35)","44,329"
"SRC046","139","4","Vamos Bidco, Inc. First Lien Secured Debt - Term Loan S+475, 0.50% Floor 1/30/2032","1","574","Par/Shares/Units(3)","66,494"
"SRC046","139","4","Vamos Bidco, Inc. First Lien Secured Debt - Term Loan S+475, 0.50% Floor 1/30/2032","2","629","Cost(34)","65,896"
"SRC046","139","4","Vamos Bidco, Inc. First Lien Secured Debt - Term Loan S+475, 0.50% Floor 1/30/2032","3","695","Fair Value(1)(35)","65,829"
"SRC046","139","5","First Lien Secured Debt - Delayed Draw S+475, 0.50% Floor 1/30/2032","2","629","Cost(34)","(121)"
"SRC046","139","5","First Lien Secured Debt - Delayed Draw S+475, 0.50% Floor 1/30/2032","3","695","Fair Value(1)(35)","(278)"
"SRC046","139","6","First Lien Secured Debt - Revolver S+475, 0.50% Floor 1/30/2032","2","629","Cost(34)","(73)"
"SRC046","139","6","First Lien Secured Debt - Revolver S+475, 0.50% Floor 1/30/2032","3","695","Fair Value(1)(35)","(84)"
"SRC046","139","7","X.AI LLC First Lien Secured Debt - Term Loan 12.50% 6/28/2030","1","574","Par/Shares/Units(3)","24,634"
"SRC046","139","7","X.AI LLC First Lien Secured Debt - Term Loan 12.50% 6/28/2030","2","629","Cost(34)","24,649"
"SRC046","139","7","X.AI LLC First Lien Secured Debt - Term Loan 12.50% 6/28/2030","3","695","Fair Value(1)(35)","25,946"
"SRC046","139","7","X.AI LLC First Lien Secured Debt - Term Loan 12.50% 6/28/2030","4","725","","(8)"
"SRC046","139","8","First Lien Secured Debt - Corporate Bond 12.50% 6/30/2030","1","574","Par/Shares/Units(3)","4,360"
"SRC046","139","8","First Lien Secured Debt - Corporate Bond 12.50% 6/30/2030","2","629","Cost(34)","4,360"
"SRC046","139","8","First Lien Secured Debt - Corporate Bond 12.50% 6/30/2030","3","695","Fair Value(1)(35)","4,656"
"SRC046","139","8","First Lien Secured Debt - Corporate Bond 12.50% 6/30/2030","4","725","","(8)"
"SRC046","139","9","Zafin Labs Americas Incorporated First Lien Secured Debt - Term Loan S+475, 0.75% Floor 2/14/2031","1","574","Par/Shares/Units(3)","12,500"
"SRC046","139","9","Zafin Labs Americas Incorporated First Lien Secured Debt - Term Loan S+475, 0.75% Floor 2/14/2031","2","629","Cost(34)","12,334"
"SRC046","139","9","Zafin Labs Americas Incorporated First Lien Secured Debt - Term Loan S+475, 0.75% Floor 2/14/2031","3","695","Fair Value(1)(35)","12,358"
"SRC046","139","10","First Lien Secured Debt - Revolver S+475, 0.75% Floor 2/14/2031","2","629","Cost(34)","(32)"
"SRC046","139","10","First Lien Secured Debt - Revolver S+475, 0.75% Floor 2/14/2031","3","695","Fair Value(1)(35)","(29)"
"SRC046","139","11","Zendesk, Inc. First Lien Secured Debt - Term Loan S+500, 0.75% Floor 11/22/2028","1","574","Par/Shares/Units(3)","127,491"
"SRC046","139","11","Zendesk, Inc. First Lien Secured Debt - Term Loan S+500, 0.75% Floor 11/22/2028","2","629","Cost(34)","126,165"
"SRC046","139","11","Zendesk, Inc. First Lien Secured Debt - Term Loan S+500, 0.75% Floor 11/22/2028","3","695","Fair Value(1)(35)","127,172"
"SRC046","139","12","First Lien Secured Debt - Delayed Draw S+500, 0.75% Floor 11/22/2028","1","574","Par/Shares/Units(3)","21,322"
"SRC046","139","12","First Lien Secured Debt - Delayed Draw S+500, 0.75% Floor 11/22/2028","2","629","Cost(34)","21,016"
"SRC046","139","12","First Lien Secured Debt - Delayed Draw S+500, 0.75% Floor 11/22/2028","3","695","Fair Value(1)(35)","21,269"
"SRC046","139","13","First Lien Secured Debt - Revolver S+500, 0.75% Floor 11/22/2028","2","629","Cost(34)","(130)"
"SRC046","139","13","First Lien Secured Debt - Revolver S+500, 0.75% Floor 11/22/2028","3","695","Fair Value(1)(35)","(34)"
"SRC046","139","14","Total","2","629","Cost(34)","3,301,633"
"SRC046","139","14","Total","3","695","Fair Value(1)(35)","3,322,016"
"SRC046","140","1","BBD Bidco Limited First Lien Secured Debt - Term Loan SONIA+625, 0.00% Floor 3/21/2031 £","1","574","Par/Shares/Units(3)","21,455"
"SRC046","140","1","BBD Bidco Limited First Lien Secured Debt - Term Loan SONIA+625, 0.00% Floor 3/21/2031 £","2","629","Cost(34)","27,474"
"SRC046","140","1","BBD Bidco Limited First Lien Secured Debt - Term Loan SONIA+625, 0.00% Floor 3/21/2031 £","3","695","Fair Value(1)(35)","28,921"
"SRC046","140","2","First Lien Secured Debt - Term Loan E+625, 0.00% Floor 4/3/2031 €","1","574","Par/Shares/Units(3)","8,869"
"SRC046","140","2","First Lien Secured Debt - Term Loan E+625, 0.00% Floor 4/3/2031 €","2","629","Cost(34)","9,494"
"SRC046","140","2","First Lien Secured Debt - Term Loan E+625, 0.00% Floor 4/3/2031 €","3","695","Fair Value(1)(35)","10,527"
"SRC046","140","3","EG America, LLC First Lien Secured Debt - Term Loan S+350, 0.00% Floor 2/7/2028","1","574","Par/Shares/Units(3)","5,015"
"SRC046","140","3","EG America, LLC First Lien Secured Debt - Term Loan S+350, 0.00% Floor 2/7/2028","2","629","Cost(34)","5,008"
"SRC046","140","3","EG America, LLC First Lien Secured Debt - Term Loan S+350, 0.00% Floor 2/7/2028","3","695","Fair Value(1)(35)","5,041"
"SRC046","140","4","EG Global Finance PLC First Lien Secured Debt - Corporate Bond S+750, 0.50% Floor 11/30/2028","1","574","Par/Shares/Units(3)","118,022"
"SRC046","140","4","EG Global Finance PLC First Lien Secured Debt - Corporate Bond S+750, 0.50% Floor 11/30/2028","2","629","Cost(34)","115,162"
"SRC046","140","4","EG Global Finance PLC First Lien Secured Debt - Corporate Bond S+750, 0.50% Floor 11/30/2028","3","695","Fair Value(1)(35)","125,398"
"SRC046","140","5","Altern Marketing, LLC First Lien Secured Debt - Term Loan S+500, 2.00% Floor 6/13/2028","1","574","Par/Shares/Units(3)","54,205"
"SRC046","140","5","Altern Marketing, LLC First Lien Secured Debt - Term Loan S+500, 2.00% Floor 6/13/2028","2","629","Cost(34)","53,864"
"SRC046","140","5","Altern Marketing, LLC First Lien Secured Debt - Term Loan S+500, 2.00% Floor 6/13/2028","3","695","Fair Value(1)(35)","54,341"
"SRC046","140","6","First Lien Secured Debt - Revolver S+500, 2.00% Floor 6/13/2028","2","629","Cost(34)","(95)"
"SRC046","140","7","PetSmart LLC First Lien Secured Debt - Term Loan S+400, 0.00% Floor 8/18/2032","1","574","Par/Shares/Units(3)","18,746"
"SRC046","140","7","PetSmart LLC First Lien Secured Debt - Term Loan S+400, 0.00% Floor 8/18/2032","2","629","Cost(34)","18,570"
"SRC046","140","7","PetSmart LLC First Lien Secured Debt - Term Loan S+400, 0.00% Floor 8/18/2032","3","695","Fair Value(1)(35)","18,693"
"SRC046","140","7","PetSmart LLC First Lien Secured Debt - Term Loan S+400, 0.00% Floor 8/18/2032","4","725","","(15)"
"SRC046","140","8","S&S Holdings LLC First Lien Secured Debt - Term Loan S+500, 0.50% Floor 10/1/2031","1","574","Par/Shares/Units(3)","58,166"
"SRC046","140","8","S&S Holdings LLC First Lien Secured Debt - Term Loan S+500, 0.50% Floor 10/1/2031","2","629","Cost(34)","57,099"
"SRC046","140","8","S&S Holdings LLC First Lien Secured Debt - Term Loan S+500, 0.50% Floor 10/1/2031","3","695","Fair Value(1)(35)","57,331"
"SRC046","140","8","S&S Holdings LLC First Lien Secured Debt - Term Loan S+500, 0.50% Floor 10/1/2031","4","725","","(15)"
"SRC046","140","9","Beach Acquisition Bidco LLC First Lien Secured Debt - Term Loan S+325, 0.00% Floor 9/12/2032","1","574","Par/Shares/Units(3)","14,000"
"SRC046","140","9","Beach Acquisition Bidco LLC First Lien Secured Debt - Term Loan S+325, 0.00% Floor 9/12/2032","2","629","Cost(34)","13,966"
"SRC046","140","9","Beach Acquisition Bidco LLC First Lien Secured Debt - Term Loan S+325, 0.00% Floor 9/12/2032","3","695","Fair Value(1)(35)","14,131"
"SRC046","140","9","Beach Acquisition Bidco LLC First Lien Secured Debt - Term Loan S+325, 0.00% Floor 9/12/2032","4","725","","(16)"
"SRC046","140","10","The Men's Wearhouse, LLC First Lien Secured Debt - Term Loan S+575, 0.00% Floor 2/26/2029","1","574","Par/Shares/Units(3)","52,142"
"SRC046","140","10","The Men's Wearhouse, LLC First Lien Secured Debt - Term Loan S+575, 0.00% Floor 2/26/2029","2","629","Cost(34)","51,181"
"SRC046","140","10","The Men's Wearhouse, LLC First Lien Secured Debt - Term Loan S+575, 0.00% Floor 2/26/2029","3","695","Fair Value(1)(35)","52,402"
"SRC046","140","10","The Men's Wearhouse, LLC First Lien Secured Debt - Term Loan S+575, 0.00% Floor 2/26/2029","4","725","","(16)"
"SRC046","140","11","Varsity Brands, LLC First Lien Secured Debt - Term Loan S+300, 0.00% Floor 8/26/2031","1","574","Par/Shares/Units(3)","67,163"
"SRC046","140","11","Varsity Brands, LLC First Lien Secured Debt - Term Loan S+300, 0.00% Floor 8/26/2031","2","629","Cost(34)","66,764"
"SRC046","140","11","Varsity Brands, LLC First Lien Secured Debt - Term Loan S+300, 0.00% Floor 8/26/2031","3","695","Fair Value(1)(35)","67,488"
"SRC046","140","12","Total Specialty","2","629","Cost(34)","418,487"
"SRC046","140","12","Total Specialty","3","695","Fair Value(1)(35)","434,273"
"SRC046","140","13","Biamp First Lien Secured Debt - Term Loan S+500, 1.00% Floor 4/30/2030 $","1","574","Par/Shares/Units(3)","41,230"
"SRC046","140","13","Biamp First Lien Secured Debt - Term Loan S+500, 1.00% Floor 4/30/2030 $","2","629","Cost(34)","40,591"
"SRC046","140","13","Biamp First Lien Secured Debt - Term Loan S+500, 1.00% Floor 4/30/2030 $","3","695","Fair Value(1)(35)","39,590"
"SRC046","140","14","First Lien Secured Debt - Revolver S+500, 1.00% Floor 4/30/2030","2","629","Cost(34)","(87)"
"SRC046","140","14","First Lien Secured Debt - Revolver S+500, 1.00% Floor 4/30/2030","3","695","Fair Value(1)(35)","(239)"
"SRC046","141","1","Victors Purchaser, LLC First Lien Secured Debt - Term Loan S+450, 0.50% Floor 12/23/2032","1","570","Par/Shares/Units(3)","183,061"
"SRC046","141","1","Victors Purchaser, LLC First Lien Secured Debt - Term Loan S+450, 0.50% Floor 12/23/2032","2","635","Cost(34)","182,133"
"SRC046","141","1","Victors Purchaser, LLC First Lien Secured Debt - Term Loan S+450, 0.50% Floor 12/23/2032","3","702","Fair Value(1)(35)","182,604"
"SRC046","141","2","First Lien Secured Debt - Delayed Draw S+450, 0.50% Floor 12/23/2032","2","635","Cost(34)","(127)"
"SRC046","141","2","First Lien Secured Debt - Delayed Draw S+450, 0.50% Floor 12/23/2032","3","702","Fair Value(1)(35)","(57)"
"SRC046","141","3","First Lien Secured Debt - Revolver S+450, 0.50% Floor 12/23/2032","1","570","Par/Shares/Units(3)","2,193"
"SRC046","141","3","First Lien Secured Debt - Revolver S+450, 0.50% Floor 12/23/2032","2","635","Cost(34)","2,047"
"SRC046","141","3","First Lien Secured Debt - Revolver S+450, 0.50% Floor 12/23/2032","3","702","Fair Value(1)(35)","2,129"
"SRC046","141","4","VCI Asset Holdings 1 LLC First Lien Secured Debt - Term Loan 10.00% 11/20/2030","1","570","Par/Shares/Units(3)","249,464"
"SRC046","141","4","VCI Asset Holdings 1 LLC First Lien Secured Debt - Term Loan 10.00% 11/20/2030","2","635","Cost(34)","246,972"
"SRC046","141","4","VCI Asset Holdings 1 LLC First Lien Secured Debt - Term Loan 10.00% 11/20/2030","3","702","Fair Value(1)(35)","246,971"
"SRC046","141","4","VCI Asset Holdings 1 LLC First Lien Secured Debt - Term Loan 10.00% 11/20/2030","4","732","","(4)"
"SRC046","141","5","Common Equity - Membership Interest N/A N/A","2","635","Cost(34)","13,750"
"SRC046","141","5","Common Equity - Membership Interest N/A N/A","3","702","Fair Value(1)(35)","13,750"
"SRC046","141","6","Total Technology Hardware, Storage & Peripherals","2","635","Cost(34)","485,279"
"SRC046","141","6","Total Technology Hardware, Storage & Peripherals","3","702","Fair Value(1)(35)","484,748"
"SRC046","141","7","ABG Intermediate Holdings 2 LLC First Lien Secured Debt - Term Loan S+225, 0.00% Floor 12/21/2028 $","1","570","Par/Shares/Units(3)","57,538"
"SRC046","141","7","ABG Intermediate Holdings 2 LLC First Lien Secured Debt - Term Loan S+225, 0.00% Floor 12/21/2028 $","2","635","Cost(34)","57,329"
"SRC046","141","7","ABG Intermediate Holdings 2 LLC First Lien Secured Debt - Term Loan S+225, 0.00% Floor 12/21/2028 $","3","702","Fair Value(1)(35)","57,696"
"SRC046","141","7","ABG Intermediate Holdings 2 LLC First Lien Secured Debt - Term Loan S+225, 0.00% Floor 12/21/2028 $","4","732","","(15)"
"SRC046","141","8","First Lien Secured Debt - Delayed Draw S+225, 0.00% Floor 2/14/2032","1","570","Par/Shares/Units(3)","29,169"
"SRC046","141","8","First Lien Secured Debt - Delayed Draw S+225, 0.00% Floor 2/14/2032","2","635","Cost(34)","29,103"
"SRC046","141","8","First Lien Secured Debt - Delayed Draw S+225, 0.00% Floor 2/14/2032","3","702","Fair Value(1)(35)","29,231"
"SRC046","141","8","First Lien Secured Debt - Delayed Draw S+225, 0.00% Floor 2/14/2032","4","732","","(15)"
"SRC046","141","9","Made in Italy 2 S.P.A. First Lien Secured Debt - Corporate Bond E+700, 0.00% Floor 10/17/2030 €","1","570","Par/Shares/Units(3)","74,500"
"SRC046","141","9","Made in Italy 2 S.P.A. First Lien Secured Debt - Corporate Bond E+700, 0.00% Floor 10/17/2030 €","2","635","Cost(34)","77,339"
"SRC046","141","9","Made in Italy 2 S.P.A. First Lien Secured Debt - Corporate Bond E+700, 0.00% Floor 10/17/2030 €","3","702","Fair Value(1)(35)","77,921"
"SRC046","141","10","IBG Borrower LLC First Lien Secured Debt - Term Loan S+515, 1.00% Floor 8/22/2029","1","570","Par/Shares/Units(3)","135,466"
"SRC046","141","10","IBG Borrower LLC First Lien Secured Debt - Term Loan S+515, 1.00% Floor 8/22/2029","2","635","Cost(34)","134,118"
"SRC046","141","10","IBG Borrower LLC First Lien Secured Debt - Term Loan S+515, 1.00% Floor 8/22/2029","3","702","Fair Value(1)(35)","132,756"
"SRC046","141","11","First Lien Secured Debt - Term Loan S+515, 1.00% Floor 8/22/2031","1","570","Par/Shares/Units(3)","79,669"
"SRC046","141","11","First Lien Secured Debt - Term Loan S+515, 1.00% Floor 8/22/2031","2","635","Cost(34)","78,074"
"SRC046","141","11","First Lien Secured Debt - Term Loan S+515, 1.00% Floor 8/22/2031","3","702","Fair Value(1)(35)","78,075"
"SRC046","141","12","Total Textiles, Apparel & Luxury","2","635","Cost(34)","375,963"
"SRC046","141","12","Total Textiles, Apparel & Luxury","3","702","Fair Value(1)(35)","375,679"
"SRC046","141","13","Lindstrom, LLC First Lien Secured Debt - Term Loan S+550, 0.75% Floor 12/30/2032 $","1","570","Par/Shares/Units(3)","40,000"
"SRC046","141","13","Lindstrom, LLC First Lien Secured Debt - Term Loan S+550, 0.75% Floor 12/30/2032 $","2","635","Cost(34)","39,400"
"SRC046","141","13","Lindstrom, LLC First Lien Secured Debt - Term Loan S+550, 0.75% Floor 12/30/2032 $","3","702","Fair Value(1)(35)","39,400"
"SRC046","141","14","First Lien Secured Debt - Revolver S+550, 0.75% Floor 12/30/2032","1","570","Par/Shares/Units(3)","3,665"
"SRC046","141","14","First Lien Secured Debt - Revolver S+550, 0.75% Floor 12/30/2032","2","635","Cost(34)","3,515"
"SRC046","141","14","First Lien Secured Debt - Revolver S+550, 0.75% Floor 12/30/2032","3","702","Fair Value(1)(35)","3,515"
"SRC046","142","1","MGP Holdings III Corp. First Lien Secured Debt - Term Loan S+525, 1.00% Floor 3/1/2030","1","574","Par/Shares/Units(3)","28,196"
"SRC046","142","1","MGP Holdings III Corp. First Lien Secured Debt - Term Loan S+525, 1.00% Floor 3/1/2030","2","629","Cost(34)","27,791"
"SRC046","142","1","MGP Holdings III Corp. First Lien Secured Debt - Term Loan S+525, 1.00% Floor 3/1/2030","3","695","Fair Value(1)(35)","27,773"
"SRC046","142","2","First Lien Secured Debt - Delayed Draw S+525, 1.00% Floor 3/1/2030","1","574","Par/Shares/Units(3)","9,680"
"SRC046","142","2","First Lien Secured Debt - Delayed Draw S+525, 1.00% Floor 3/1/2030","2","629","Cost(34)","9,543"
"SRC046","142","2","First Lien Secured Debt - Delayed Draw S+525, 1.00% Floor 3/1/2030","3","695","Fair Value(1)(35)","9,503"
"SRC046","142","3","First Lien Secured Debt - Revolver P+425, 1.00% Floor 3/1/2030","1","574","Par/Shares/Units(3)","218"
"SRC046","142","3","First Lien Secured Debt - Revolver P+425, 1.00% Floor 3/1/2030","2","629","Cost(34)","190"
"SRC046","142","3","First Lien Secured Debt - Revolver P+425, 1.00% Floor 3/1/2030","3","695","Fair Value(1)(35)","189"
"SRC046","142","4","WC ORS Buyer, Inc. First Lien Secured Debt - Term Loan S+500, 0.75% Floor 8/7/2031","1","574","Par/Shares/Units(3)","96,211"
"SRC046","142","4","WC ORS Buyer, Inc. First Lien Secured Debt - Term Loan S+500, 0.75% Floor 8/7/2031","2","629","Cost(34)","94,964"
"SRC046","142","4","WC ORS Buyer, Inc. First Lien Secured Debt - Term Loan S+500, 0.75% Floor 8/7/2031","3","695","Fair Value(1)(35)","95,249"
"SRC046","142","5","First Lien Secured Debt - Delayed Draw S+500, 0.75% Floor 8/7/2031","1","574","Par/Shares/Units(3)","14,258"
"SRC046","142","5","First Lien Secured Debt - Delayed Draw S+500, 0.75% Floor 8/7/2031","2","629","Cost(34)","14,080"
"SRC046","142","5","First Lien Secured Debt - Delayed Draw S+500, 0.75% Floor 8/7/2031","3","695","Fair Value(1)(35)","14,116"
"SRC046","142","6","First Lien Secured Debt - Revolver P+500, 0.75% Floor 8/7/2031","1","574","Par/Shares/Units(3)","2,582"
"SRC046","142","6","First Lien Secured Debt - Revolver P+500, 0.75% Floor 8/7/2031","2","629","Cost(34)","2,407"
"SRC046","142","6","First Lien Secured Debt - Revolver P+500, 0.75% Floor 8/7/2031","3","695","Fair Value(1)(35)","2,439"
"SRC046","142","6","First Lien Secured Debt - Revolver P+500, 0.75% Floor 8/7/2031","4","725","","2)"
"SRC046","142","7","WC ORS Holdings, L.P. Common Equity - Limited Partnership N/A N/A 90,443","2","629","Cost(34)","90"
"SRC046","142","7","WC ORS Holdings, L.P. Common Equity - Limited Partnership N/A N/A 90,443","3","695","Fair Value(1)(35)","160"
"SRC046","142","8","Total Trading Companies & Distributors","2","629","Cost(34)","191,980"
"SRC046","142","8","Total Trading Companies & Distributors","3","695","Fair Value(1)(35)","192,344"
"SRC046","142","9","AGI-CFI Holdings, Inc. First Lien Secured Debt - Term Loan S+490, 0.75% Floor 6/11/2027 $","1","574","Par/Shares/Units(3)","17,992"
"SRC046","142","9","AGI-CFI Holdings, Inc. First Lien Secured Debt - Term Loan S+490, 0.75% Floor 6/11/2027 $","2","629","Cost(34)","17,922"
"SRC046","142","9","AGI-CFI Holdings, Inc. First Lien Secured Debt - Term Loan S+490, 0.75% Floor 6/11/2027 $","3","695","Fair Value(1)(35)","17,902"
"SRC046","142","10","Project Ardent Bidco Limited First Lien Secured Debt - Term Loan SONIA+550, 0.00% Floor 11/12/2031 £","1","574","Par/Shares/Units(3)","125,384"
"SRC046","142","10","Project Ardent Bidco Limited First Lien Secured Debt - Term Loan SONIA+550, 0.00% Floor 11/12/2031 £","2","629","Cost(34)","157,251"
"SRC046","142","10","Project Ardent Bidco Limited First Lien Secured Debt - Term Loan SONIA+550, 0.00% Floor 11/12/2031 £","3","695","Fair Value(1)(35)","166,054"
"SRC046","142","11","Elk Bidco, Inc First Lien Secured Debt - Term Loan S+450, 0.50% Floor 6/14/2032","1","574","Par/Shares/Units(3)","112,376"
"SRC046","142","11","Elk Bidco, Inc First Lien Secured Debt - Term Loan S+450, 0.50% Floor 6/14/2032","2","629","Cost(34)","111,849"
"SRC046","142","11","Elk Bidco, Inc First Lien Secured Debt - Term Loan S+450, 0.50% Floor 6/14/2032","3","695","Fair Value(1)(35)","113,220"
"SRC046","142","12","First Lien Secured Debt - Delayed Draw S+450, 0.50% Floor 6/14/2032","2","629","Cost(34)","(54)"
"SRC046","142","13","First Lien Secured Debt - Revolver S+450, 0.50% Floor 6/14/2032","2","629","Cost(34)","(97)"
"SRC046","142","14","GAT-Airline Ground Support Inc First Lien Secured Debt - Term Loan S+525, 1.00% Floor 5/9/2029","1","574","Par/Shares/Units(3)","15,010"
"SRC046","142","14","GAT-Airline Ground Support Inc First Lien Secured Debt - Term Loan S+525, 1.00% Floor 5/9/2029","2","629","Cost(34)","14,847"
"SRC046","142","14","GAT-Airline Ground Support Inc First Lien Secured Debt - Term Loan S+525, 1.00% Floor 5/9/2029","3","695","Fair Value(1)(35)","15,010"
"SRC046","142","15","First Lien Secured Debt - Delayed Draw S+525, 1.00% Floor 5/9/2029","1","574","Par/Shares/Units(3)","3,484"
"SRC046","142","15","First Lien Secured Debt - Delayed Draw S+525, 1.00% Floor 5/9/2029","2","629","Cost(34)","3,438"
"SRC046","142","15","First Lien Secured Debt - Delayed Draw S+525, 1.00% Floor 5/9/2029","3","695","Fair Value(1)(35)","3,483"
"SRC046","142","16","First Lien Secured Debt - Revolver P+525, 1.00% Floor 5/9/2029","1","574","Par/Shares/Units(3)","635"
"SRC046","142","16","First Lien Secured Debt - Revolver P+525, 1.00% Floor 5/9/2029","2","629","Cost(34)","611"
"SRC046","142","16","First Lien Secured Debt - Revolver P+525, 1.00% Floor 5/9/2029","3","695","Fair Value(1)(35)","635"
"SRC046","142","16","First Lien Secured Debt - Revolver P+525, 1.00% Floor 5/9/2029","4","725","","2)"
"SRC046","143","1","Geotechnical Merger Sub, Inc. First Lien Secured Debt - Term Loan S+450, 0.75% Floor 10/15/2031","1","574","Par/Shares/Units(3)","67,411"
"SRC046","143","1","Geotechnical Merger Sub, Inc. First Lien Secured Debt - Term Loan S+450, 0.75% Floor 10/15/2031","2","629","Cost(34)","66,826"
"SRC046","143","1","Geotechnical Merger Sub, Inc. First Lien Secured Debt - Term Loan S+450, 0.75% Floor 10/15/2031","3","695","Fair Value(1)(35)","67,242"
"SRC046","143","2","First Lien Secured Debt - Delayed Draw S+450, 0.75% Floor 10/15/2031","1","574","Par/Shares/Units(3)","12,234"
"SRC046","143","2","First Lien Secured Debt - Delayed Draw S+450, 0.75% Floor 10/15/2031","2","629","Cost(34)","12,077"
"SRC046","143","2","First Lien Secured Debt - Delayed Draw S+450, 0.75% Floor 10/15/2031","3","695","Fair Value(1)(35)","12,172"
"SRC046","143","3","First Lien Secured Debt - Revolver S+450, 0.75% Floor 10/15/2031","1","574","Par/Shares/Units(3)","2,185"
"SRC046","143","3","First Lien Secured Debt - Revolver S+450, 0.75% Floor 10/15/2031","2","629","Cost(34)","2,106"
"SRC046","143","3","First Lien Secured Debt - Revolver S+450, 0.75% Floor 10/15/2031","3","695","Fair Value(1)(35)","2,161"
"SRC046","143","4","North American Rail Solutions LLC First Lien Secured Debt - Term Loan C+475, 1.00% Floor 8/29/2031 C$","1","574","Par/Shares/Units(3)","38,964"
"SRC046","143","4","North American Rail Solutions LLC First Lien Secured Debt - Term Loan C+475, 1.00% Floor 8/29/2031 C$","2","629","Cost(34)","28,100"
"SRC046","143","4","North American Rail Solutions LLC First Lien Secured Debt - Term Loan C+475, 1.00% Floor 8/29/2031 C$","3","695","Fair Value(1)(35)","28,132"
"SRC046","143","5","First Lien Secured Debt - Term Loan S+475, 1.00% Floor 8/29/2031","1","574","Par/Shares/Units(3)","8,728"
"SRC046","143","5","First Lien Secured Debt - Term Loan S+475, 1.00% Floor 8/29/2031","2","629","Cost(34)","8,644"
"SRC046","143","5","First Lien Secured Debt - Term Loan S+475, 1.00% Floor 8/29/2031","3","695","Fair Value(1)(35)","8,649"
"SRC046","143","6","First Lien Secured Debt - Delayed Draw C+475, 1.00% Floor 8/29/2031 C$","2","629","Cost(34)","(9)"
"SRC046","143","6","First Lien Secured Debt - Delayed Draw C+475, 1.00% Floor 8/29/2031 C$","3","695","Fair Value(1)(35)","(16)"
"SRC046","143","7","First Lien Secured Debt - Delayed Draw S+475, 1.00% Floor 8/29/2031","2","629","Cost(34)","(10)"
"SRC046","143","7","First Lien Secured Debt - Delayed Draw S+475, 1.00% Floor 8/29/2031","3","695","Fair Value(1)(35)","(20)"
"SRC046","143","8","First Lien Secured Debt - Revolver S+475, 1.00% Floor 8/29/2031","1","574","Par/Shares/Units(3)","264"
"SRC046","143","8","First Lien Secured Debt - Revolver S+475, 1.00% Floor 8/29/2031","2","629","Cost(34)","249"
"SRC046","143","8","First Lien Secured Debt - Revolver S+475, 1.00% Floor 8/29/2031","3","695","Fair Value(1)(35)","250"
"SRC046","143","9","First Lien Secured Debt - Revolver C+475, 1.00% Floor 8/29/2031 C$","2","629","Cost(34)","(47)"
"SRC046","143","9","First Lien Secured Debt - Revolver C+475, 1.00% Floor 8/29/2031 C$","3","695","Fair Value(1)(35)","(45)"
"SRC046","143","10","Brown Group Holding, LLC First Lien Secured Debt - Term Loan S+275, 0.50% Floor 7/1/2031","1","574","Par/Shares/Units(3)","18,627"
"SRC046","143","10","Brown Group Holding, LLC First Lien Secured Debt - Term Loan S+275, 0.50% Floor 7/1/2031","2","629","Cost(34)","18,576"
"SRC046","143","10","Brown Group Holding, LLC First Lien Secured Debt - Term Loan S+275, 0.50% Floor 7/1/2031","3","695","Fair Value(1)(35)","18,742"
"SRC046","143","11","Total Transportation Infrastructure","2","629","Cost(34)","442,279"
"SRC046","143","11","Total Transportation Infrastructure","3","695","Fair Value(1)(35)","453,571"
"SRC046","143","12","CCI Buyer, Inc. First Lien Secured Debt - Term Loan S+500, 0.75% Floor 5/13/2032 $","1","574","Par/Shares/Units(3)","94,529"
"SRC046","143","12","CCI Buyer, Inc. First Lien Secured Debt - Term Loan S+500, 0.75% Floor 5/13/2032 $","2","629","Cost(34)","93,683"
"SRC046","143","12","CCI Buyer, Inc. First Lien Secured Debt - Term Loan S+500, 0.75% Floor 5/13/2032 $","3","695","Fair Value(1)(35)","94,765"
"SRC046","143","13","First Lien Secured Debt - Revolver S+500, 0.75% Floor 5/13/2032","2","629","Cost(34)","(50)"
"SRC046","143","14","Total Wireless Telecommunication","2","629","Cost(34)","93,633"
"SRC046","143","14","Total Wireless Telecommunication","3","695","Fair Value(1)(35)","94,765"
"SRC046","143","15","Total Investments before Cash Equivalents","2","629","Cost(34)","24,414,425"
"SRC046","143","15","Total Investments before Cash Equivalents","3","695","Fair Value(1)(35)","24,515,628"
"SRC046","143","16","Goldman Sachs Financial Square Government Fund Institutional N/A N/A $","1","574","Par/Shares/Units(3)","227,502"
"SRC046","143","16","Goldman Sachs Financial Square Government Fund Institutional N/A N/A $","2","629","Cost(34)","227,502"
"SRC046","143","16","Goldman Sachs Financial Square Government Fund Institutional N/A N/A $","3","695","Fair Value(1)(35)","227,502"
"SRC046","143","17","Total Investments after Cash Equivalents","2","629","Cost(34)","24,641,927"
"SRC046","143","17","Total Investments after Cash Equivalents","3","695","Fair Value(1)(35)","24,743,130"
"SRC046","144","1","Interest rate swap (a)","1","292","Company Receives","6.90%"
"SRC046","144","1","Interest rate swap (a)","5","642","Notional Amount","325,000"
"SRC046","144","1","Interest rate swap (a)","6","745","Footnote Reference","5"
"SRC046","144","2","Interest rate swap (a)","1","292","Company Receives","6.70%"
"SRC046","144","2","Interest rate swap (a)","5","642","Notional Amount","300,000"
"SRC046","144","2","Interest rate swap (a)","6","745","Footnote Reference","5"
"SRC046","144","3","Interest rate swap (a)","1","292","Company Receives","3.67%"
"SRC046","144","3","Interest rate swap (a)","5","642","Notional Amount","82,000"
"SRC046","144","3","Interest rate swap (a)","6","745","Footnote Reference","5"
"SRC046","144","4","Interest rate swap (a)","1","292","Company Receives","3.65%"
"SRC046","144","4","Interest rate swap (a)","5","642","Notional Amount","18,000"
"SRC046","144","4","Interest rate swap (a)","6","745","Footnote Reference","5"
"SRC046","144","5","Interest rate swap (b)","1","292","Company Receives","7.02%"
"SRC046","144","5","Interest rate swap (b)","5","642","Notional Amount","90,000"
"SRC046","144","5","Interest rate swap (b)","6","745","Footnote Reference","5"
"SRC046","144","6","Interest rate swap (a)","1","292","Company Receives","6.90%"
"SRC046","144","6","Interest rate swap (a)","5","642","Notional Amount","325,000"
"SRC046","144","6","Interest rate swap (a)","6","745","Footnote Reference","5"
"SRC046","144","7","Interest rate swap (a)","1","292","Company Receives","5.86%"
"SRC046","144","7","Interest rate swap (a)","5","642","Notional Amount","350,000"
"SRC046","144","7","Interest rate swap (a)","6","745","Footnote Reference","5"
"SRC046","144","8","Interest rate swap (a)","1","292","Company Receives","6.70%"
"SRC046","144","8","Interest rate swap (a)","5","642","Notional Amount","300,000"
"SRC046","144","8","Interest rate swap (a)","6","745","Footnote Reference","5"
"SRC046","144","9","Interest rate swap (a)","1","292","Company Receives","8.54%"
"SRC046","144","9","Interest rate swap (a)","5","642","Notional Amount","226,000"
"SRC046","144","9","Interest rate swap (a)","6","745","Footnote Reference","5"
"SRC046","144","10","Interest rate swap (a)","1","292","Company Receives","8.62%"
"SRC046","144","10","Interest rate swap (a)","5","642","Notional Amount","325,000"
"SRC046","144","10","Interest rate swap (a)","6","745","Footnote Reference","5"
"SRC046","144","11","Interest rate swap (a)","1","292","Company Receives","6.35%"
"SRC046","144","11","Interest rate swap (a)","5","642","Notional Amount","400,000"
"SRC046","144","11","Interest rate swap (a)","6","745","Footnote Reference","5"
"SRC046","144","12","Interest rate swap (a)","1","292","Company Receives","6.55%"
"SRC046","144","12","Interest rate swap (a)","5","642","Notional Amount","500,000"
"SRC046","144","12","Interest rate swap (a)","6","745","Footnote Reference","5"
"SRC046","144","13","Interest rate swap (a)","1","292","Company Receives","5.88%"
"SRC046","144","13","Interest rate swap (a)","2","422","Company Pays","220.7"
"SRC046","144","13","Interest rate swap (a)","5","642","Notional Amount","400,000"
"SRC046","144","13","Interest rate swap (a)","6","745","Footnote Reference","5"
"SRC046","144","14","Interest rate swap (a)","1","292","Company Receives","5.66%"
"SRC046","144","14","Interest rate swap (a)","2","422","Company Pays","220.45"
"SRC046","144","14","Interest rate swap (a)","5","642","Notional Amount","100,000"
"SRC046","144","14","Interest rate swap (a)","6","745","Footnote Reference","5"
"SRC046","144","15","Interest rate swap (a)","1","292","Company Receives","5.20%"
"SRC046","144","15","Interest rate swap (a)","5","642","Notional Amount","400,000"
"SRC046","144","15","Interest rate swap (a)","6","745","Footnote Reference","5"
"SRC046","144","16","Currency swap (c)","5","642","Notional Amount","81,450"
"SRC046","144","16","Currency swap (c)","6","745","Footnote Reference","5"
"SRC046","144","17","Currency swap (c)","5","642","Notional Amount","60,988"
"SRC046","144","17","Currency swap (c)","6","745","Footnote Reference","5"
"SRC046","144","18","Foreign currency forward contract","3","518","Maturity Date","327,762"
"SRC046","144","18","Foreign currency forward contract","5","642","Notional Amount","492,086"
"SRC046","144","18","Foreign currency forward contract","6","745","Footnote Reference","5"
"SRC046","144","19","Foreign currency forward contract","3","518","Maturity Date","2,641"
"SRC046","144","19","Foreign currency forward contract","5","642","Notional Amount","1,755"
"SRC046","144","19","Foreign currency forward contract","6","745","Footnote Reference","5"
"SRC046","144","20","Foreign currency forward contract","3","518","Maturity Date","43,933"
"SRC046","144","20","Foreign currency forward contract","5","642","Notional Amount","60,342"
"SRC046","144","20","Foreign currency forward contract","6","745","Footnote Reference","5"
"SRC046","144","21","Foreign currency forward contract","3","518","Maturity Date","5,880"
"SRC046","144","21","Foreign currency forward contract","5","642","Notional Amount","4,630"
"SRC046","144","21","Foreign currency forward contract","6","745","Footnote Reference","5"
"SRC046","144","22","Foreign currency forward contract","3","518","Maturity Date","90"
"SRC046","144","22","Foreign currency forward contract","5","642","Notional Amount","113"
"SRC046","144","22","Foreign currency forward contract","6","745","Footnote Reference","5"
"SRC046","144","23","Foreign currency forward contract","3","518","Maturity Date","1,438,616"
"SRC046","144","23","Foreign currency forward contract","5","642","Notional Amount","1,224,663"
"SRC046","144","23","Foreign currency forward contract","6","745","Footnote Reference","5"
"SRC046","144","24","Foreign currency forward contract","3","518","Maturity Date","2,073,688"
"SRC046","144","24","Foreign currency forward contract","5","642","Notional Amount","1,555,675"
"SRC046","144","24","Foreign currency forward contract","6","745","Footnote Reference","5"
"SRC046","144","25","Foreign currency forward contract","3","518","Maturity Date","14,739"
"SRC046","144","25","Foreign currency forward contract","5","642","Notional Amount","2,275,479"
"SRC046","144","25","Foreign currency forward contract","6","745","Footnote Reference","5"
"SRC046","144","26","Foreign currency forward contract","3","518","Maturity Date","61,976"
"SRC046","144","26","Foreign currency forward contract","5","642","Notional Amount","625,881"
"SRC046","144","26","Foreign currency forward contract","6","745","Footnote Reference","5"
"SRC046","144","27","Foreign currency forward contract","3","518","Maturity Date","75,280"
"SRC046","144","27","Foreign currency forward contract","5","642","Notional Amount","692,598"
"SRC046","144","27","Foreign currency forward contract","6","745","Footnote Reference","5"
"SRC046","147","1","1475 Holdings, LLC $","1","333","delayed draw commitments","1,071"
"SRC046","147","1","1475 Holdings, LLC $","3","499","Total unfunded commitments","1,071"
"SRC046","147","1","1475 Holdings, LLC $","4","765","delayed draw commitments","1,071"
"SRC046","147","2","Accel International Holdings, LLC","1","333","delayed draw commitments","32,173"
"SRC046","147","2","Accel International Holdings, LLC","3","499","Total unfunded commitments","32,173"
"SRC046","147","2","Accel International Holdings, LLC","4","765","delayed draw commitments","32,173"
"SRC046","147","3","Accela, Inc.","1","333","delayed draw commitments","1,714"
"SRC046","147","3","Accela, Inc.","3","499","Total unfunded commitments","1,714"
"SRC046","147","3","Accela, Inc.","4","765","delayed draw commitments","1,714"
"SRC046","147","4","Accelerate360 Holdings, LLC","1","333","delayed draw commitments","45,960"
"SRC046","147","4","Accelerate360 Holdings, LLC","2","415","Less: funded commitments","(24,956)"
"SRC046","147","4","Accelerate360 Holdings, LLC","3","499","Total unfunded commitments","21,004"
"SRC046","147","5","Accelevation LLC","1","333","delayed draw commitments","3,540"
"SRC046","147","5","Accelevation LLC","2","415","Less: funded commitments","(385)"
"SRC046","147","5","Accelevation LLC","3","499","Total unfunded commitments","3,155"
"SRC046","147","5","Accelevation LLC","4","765","delayed draw commitments","3,155"
"SRC046","147","6","Accommodations Plus Technologies LLC","1","333","delayed draw commitments","11,367"
"SRC046","147","6","Accommodations Plus Technologies LLC","3","499","Total unfunded commitments","11,367"
"SRC046","147","6","Accommodations Plus Technologies LLC","4","765","delayed draw commitments","11,367"
"SRC046","147","7","Acentra Holdings, LLC (fka CNSI Holdings, LLC)","1","333","delayed draw commitments","11,450"
"SRC046","147","7","Acentra Holdings, LLC (fka CNSI Holdings, LLC)","3","499","Total unfunded commitments","11,450"
"SRC046","147","7","Acentra Holdings, LLC (fka CNSI Holdings, LLC)","4","765","delayed draw commitments","11,450"
"SRC046","147","8","ACP Avenu Buyer, LLC","1","333","delayed draw commitments","15,645"
"SRC046","147","8","ACP Avenu Buyer, LLC","3","499","Total unfunded commitments","15,645"
"SRC046","147","8","ACP Avenu Buyer, LLC","4","765","delayed draw commitments","15,645"
"SRC046","147","9","Actium Midco 3 (UK) Limited*","1","333","delayed draw commitments","9,919"
"SRC046","147","9","Actium Midco 3 (UK) Limited*","3","499","Total unfunded commitments","9,919"
"SRC046","147","9","Actium Midco 3 (UK) Limited*","4","765","delayed draw commitments","9,919"
"SRC046","147","10","Advarra Holdings, Inc.","1","333","delayed draw commitments","12,380"
"SRC046","147","10","Advarra Holdings, Inc.","3","499","Total unfunded commitments","12,380"
"SRC046","147","10","Advarra Holdings, Inc.","4","765","delayed draw commitments","12,380"
"SRC046","147","11","Alcresta Therapeutics Inc.","1","333","delayed draw commitments","872"
"SRC046","147","11","Alcresta Therapeutics Inc.","2","415","Less: funded commitments","(58)"
"SRC046","147","11","Alcresta Therapeutics Inc.","3","499","Total unfunded commitments","814"
"SRC046","147","11","Alcresta Therapeutics Inc.","4","765","delayed draw commitments","814"
"SRC046","147","12","All Star Recruiting Locums, LLC","1","333","delayed draw commitments","1,304"
"SRC046","147","12","All Star Recruiting Locums, LLC","2","415","Less: funded commitments","(761)"
"SRC046","147","12","All Star Recruiting Locums, LLC","3","499","Total unfunded commitments","543"
"SRC046","147","12","All Star Recruiting Locums, LLC","4","765","delayed draw commitments","543"
"SRC046","147","13","Allied Benefit Systems Intermediate LLC","1","333","delayed draw commitments","9,552"
"SRC046","147","13","Allied Benefit Systems Intermediate LLC","3","499","Total unfunded commitments","9,552"
"SRC046","147","13","Allied Benefit Systems Intermediate LLC","4","765","delayed draw commitments","9,552"
"SRC046","147","14","Allwyn Entertainment Financing US LLC","1","333","delayed draw commitments","80,000"
"SRC046","147","14","Allwyn Entertainment Financing US LLC","3","499","Total unfunded commitments","80,000"
"SRC046","147","14","Allwyn Entertainment Financing US LLC","4","765","delayed draw commitments","80,000"
"SRC046","147","15","Altern Marketing, LLC","1","333","delayed draw commitments","9,800"
"SRC046","147","15","Altern Marketing, LLC","3","499","Total unfunded commitments","9,800"
"SRC046","147","15","Altern Marketing, LLC","4","765","delayed draw commitments","9,800"
"SRC046","147","16","American Restoration Holdings, LLC","1","333","delayed draw commitments","12,400"
"SRC046","147","16","American Restoration Holdings, LLC","2","415","Less: funded commitments","(1,490)"
"SRC046","147","16","American Restoration Holdings, LLC","3","499","Total unfunded commitments","10,910"
"SRC046","147","16","American Restoration Holdings, LLC","4","765","delayed draw commitments","10,910"
"SRC046","147","17","Services, LLC)","1","333","delayed draw commitments","1,617"
"SRC046","147","17","Services, LLC)","3","499","Total unfunded commitments","1,617"
"SRC046","147","17","Services, LLC)","4","765","delayed draw commitments","1,617"
"SRC046","147","18","Anaplan, Inc.","1","333","delayed draw commitments","11,917"
"SRC046","147","18","Anaplan, Inc.","3","499","Total unfunded commitments","11,917"
"SRC046","147","18","Anaplan, Inc.","4","765","delayed draw commitments","11,917"
"SRC046","147","19","Environmental Services, Inc.)","1","333","delayed draw commitments","13,199"
"SRC046","147","19","Environmental Services, Inc.)","3","499","Total unfunded commitments","13,199"
"SRC046","147","19","Environmental Services, Inc.)","4","765","delayed draw commitments","13,199"
"SRC046","147","20","Artifact Bidco, Inc.","1","333","delayed draw commitments","26,601"
"SRC046","147","20","Artifact Bidco, Inc.","3","499","Total unfunded commitments","26,601"
"SRC046","147","20","Artifact Bidco, Inc.","4","765","delayed draw commitments","26,601"
"SRC046","147","21","Associations Inc.","1","333","delayed draw commitments","4,251"
"SRC046","147","21","Associations Inc.","3","499","Total unfunded commitments","4,251"
"SRC046","147","21","Associations Inc.","4","765","delayed draw commitments","4,251"
"SRC046","147","22","AVSC Holding Corp.","1","333","delayed draw commitments","21,651"
"SRC046","147","22","AVSC Holding Corp.","3","499","Total unfunded commitments","21,651"
"SRC046","147","22","AVSC Holding Corp.","4","765","delayed draw commitments","21,651"
"SRC046","147","23","Azurite Intermediate Holdings, Inc.","1","333","delayed draw commitments","7,325"
"SRC046","147","23","Azurite Intermediate Holdings, Inc.","3","499","Total unfunded commitments","7,325"
"SRC046","147","23","Azurite Intermediate Holdings, Inc.","4","765","delayed draw commitments","7,325"
"SRC046","147","24","BGIF IV Fearless Utility Services, Inc.","1","333","delayed draw commitments","33,358"
"SRC046","147","24","BGIF IV Fearless Utility Services, Inc.","3","499","Total unfunded commitments","33,358"
"SRC046","147","24","BGIF IV Fearless Utility Services, Inc.","4","765","delayed draw commitments","33,358"
"SRC046","147","25","Biamp","1","333","delayed draw commitments","6,000"
"SRC046","147","25","Biamp","3","499","Total unfunded commitments","6,000"
"SRC046","147","25","Biamp","4","765","delayed draw commitments","6,000"
"SRC046","147","26","Bingo Group Buyer, Inc.","1","333","delayed draw commitments","10,324"
"SRC046","147","26","Bingo Group Buyer, Inc.","2","415","Less: funded commitments","(63)"
"SRC046","147","26","Bingo Group Buyer, Inc.","3","499","Total unfunded commitments","10,261"
"SRC046","147","26","Bingo Group Buyer, Inc.","4","765","delayed draw commitments","10,261"
"SRC046","147","27","Blitz 24-34 GmbH","1","333","delayed draw commitments","7,097"
"SRC046","147","27","Blitz 24-34 GmbH","3","499","Total unfunded commitments","7,097"
"SRC046","147","27","Blitz 24-34 GmbH","4","765","delayed draw commitments","7,097"
"SRC046","147","28","Bullcave Limited","1","333","delayed draw commitments","3,947"
"SRC046","147","28","Bullcave Limited","2","415","Less: funded commitments","(2,632)"
"SRC046","147","28","Bullcave Limited","3","499","Total unfunded commitments","1,315"
"SRC046","147","28","Bullcave Limited","4","765","delayed draw commitments","1,315"
"SRC046","147","29","BX Frontier Member I LLC","1","333","delayed draw commitments","6,137"
"SRC046","147","29","BX Frontier Member I LLC","3","499","Total unfunded commitments","6,137"
"SRC046","147","30","Cambrex Corp.","1","333","delayed draw commitments","65,371"
"SRC046","147","30","Cambrex Corp.","2","415","Less: funded commitments","(872)"
"SRC046","147","30","Cambrex Corp.","3","499","Total unfunded commitments","64,499"
"SRC046","147","30","Cambrex Corp.","4","765","delayed draw commitments","64,499"
"SRC046","148","1","Camin Cargo Control Holdings, Inc. $","1","327","delayed draw commitments","6,197"
"SRC046","148","1","Camin Cargo Control Holdings, Inc. $","2","405","Less: funded commitments","(2,539)"
"SRC046","148","1","Camin Cargo Control Holdings, Inc. $","3","493","Total unfunded commitments","3,658"
"SRC046","148","1","Camin Cargo Control Holdings, Inc. $","4","767","delayed draw commitments","3,658"
"SRC046","148","2","Cascade Parent Inc.","1","327","delayed draw commitments","13,572"
"SRC046","148","2","Cascade Parent Inc.","3","493","Total unfunded commitments","13,572"
"SRC046","148","2","Cascade Parent Inc.","4","767","delayed draw commitments","13,572"
"SRC046","148","3","CCI Buyer, Inc.","1","327","delayed draw commitments","5,534"
"SRC046","148","3","CCI Buyer, Inc.","3","493","Total unfunded commitments","5,534"
"SRC046","148","3","CCI Buyer, Inc.","4","767","delayed draw commitments","5,534"
"SRC046","148","4","Cerity Partners Equity Holding LLC","1","327","delayed draw commitments","63,000"
"SRC046","148","4","Cerity Partners Equity Holding LLC","2","405","Less: funded commitments","(832)"
"SRC046","148","4","Cerity Partners Equity Holding LLC","3","493","Total unfunded commitments","62,168"
"SRC046","148","4","Cerity Partners Equity Holding LLC","4","767","delayed draw commitments","62,168"
"SRC046","148","5","Acquisition, Inc.)","1","327","delayed draw commitments","7,915"
"SRC046","148","5","Acquisition, Inc.)","2","405","Less: funded commitments","(326)"
"SRC046","148","5","Acquisition, Inc.)","3","493","Total unfunded commitments","7,589"
"SRC046","148","5","Acquisition, Inc.)","4","767","delayed draw commitments","7,589"
"SRC046","148","6","CI (MG) GROUP, LLC","1","327","delayed draw commitments","7,825"
"SRC046","148","6","CI (MG) GROUP, LLC","2","405","Less: funded commitments","(1,470)"
"SRC046","148","6","CI (MG) GROUP, LLC","3","493","Total unfunded commitments","6,355"
"SRC046","148","6","CI (MG) GROUP, LLC","4","767","delayed draw commitments","6,355"
"SRC046","148","7","CI (Quercus) Intermediate Holdings, LLC","1","327","delayed draw commitments","12,273"
"SRC046","148","7","CI (Quercus) Intermediate Holdings, LLC","3","493","Total unfunded commitments","12,273"
"SRC046","148","7","CI (Quercus) Intermediate Holdings, LLC","4","767","delayed draw commitments","12,273"
"SRC046","148","8","CircusTrix Holdings LLC","1","327","delayed draw commitments","807"
"SRC046","148","8","CircusTrix Holdings LLC","2","405","Less: funded commitments","(323)"
"SRC046","148","8","CircusTrix Holdings LLC","3","493","Total unfunded commitments","484"
"SRC046","148","8","CircusTrix Holdings LLC","4","767","delayed draw commitments","484"
"SRC046","148","9","Coding Solutions Acquisition Inc","1","327","delayed draw commitments","10,058"
"SRC046","148","9","Coding Solutions Acquisition Inc","3","493","Total unfunded commitments","10,058"
"SRC046","148","9","Coding Solutions Acquisition Inc","4","767","delayed draw commitments","10,058"
"SRC046","148","10","CohnReznick Advisory LLC","1","327","delayed draw commitments","1,368"
"SRC046","148","10","CohnReznick Advisory LLC","3","493","Total unfunded commitments","1,368"
"SRC046","148","10","CohnReznick Advisory LLC","4","767","delayed draw commitments","1,368"
"SRC046","148","11","LLC)","1","327","delayed draw commitments","6,739"
"SRC046","148","11","LLC)","3","493","Total unfunded commitments","6,739"
"SRC046","148","11","LLC)","4","767","delayed draw commitments","6,739"
"SRC046","148","12","Coupa Software Incorporated","1","327","delayed draw commitments","8,716"
"SRC046","148","12","Coupa Software Incorporated","3","493","Total unfunded commitments","8,716"
"SRC046","148","12","Coupa Software Incorporated","4","767","delayed draw commitments","8,716"
"SRC046","148","13","Creek Parent, Inc.","1","327","delayed draw commitments","29,103"
"SRC046","148","13","Creek Parent, Inc.","3","493","Total unfunded commitments","29,103"
"SRC046","148","13","Creek Parent, Inc.","4","767","delayed draw commitments","29,103"
"SRC046","148","14","Crete PA Holdco, LLC","1","327","delayed draw commitments","139,488"
"SRC046","148","14","Crete PA Holdco, LLC","3","493","Total unfunded commitments","139,488"
"SRC046","148","14","Crete PA Holdco, LLC","4","767","delayed draw commitments","139,488"
"SRC046","148","15","Crewline Buyer, Inc.","1","327","delayed draw commitments","4,365"
"SRC046","148","15","Crewline Buyer, Inc.","3","493","Total unfunded commitments","4,365"
"SRC046","148","15","Crewline Buyer, Inc.","4","767","delayed draw commitments","4,365"
"SRC046","148","16","Crunch Fitness Merger Sub, LLC","1","327","delayed draw commitments","23,555"
"SRC046","148","16","Crunch Fitness Merger Sub, LLC","3","493","Total unfunded commitments","23,555"
"SRC046","148","16","Crunch Fitness Merger Sub, LLC","4","767","delayed draw commitments","23,555"
"SRC046","148","17","CSC Holdings, LLC","1","327","delayed draw commitments","85,100"
"SRC046","148","17","CSC Holdings, LLC","2","405","Less: funded commitments","(73,064)"
"SRC046","148","17","CSC Holdings, LLC","3","493","Total unfunded commitments","12,036"
"SRC046","148","17","CSC Holdings, LLC","4","767","delayed draw commitments","12,036"
"SRC046","148","18","CT Technologies Intermediate Holdings (Topco), Inc.","1","327","delayed draw commitments","35,536"
"SRC046","148","18","CT Technologies Intermediate Holdings (Topco), Inc.","3","493","Total unfunded commitments","35,536"
"SRC046","148","18","CT Technologies Intermediate Holdings (Topco), Inc.","4","767","delayed draw commitments","35,536"
"SRC046","148","19","Databricks, Inc.","1","327","delayed draw commitments","88,844"
"SRC046","148","19","Databricks, Inc.","3","493","Total unfunded commitments","88,844"
"SRC046","148","19","Databricks, Inc.","4","767","delayed draw commitments","88,844"
"SRC046","148","20","Deerfield Dakota Holding, LLC","1","327","delayed draw commitments","9,814"
"SRC046","148","20","Deerfield Dakota Holding, LLC","3","493","Total unfunded commitments","9,814"
"SRC046","148","20","Deerfield Dakota Holding, LLC","4","767","delayed draw commitments","9,814"
"SRC046","148","21","DRS Holdings III, Inc.","1","327","delayed draw commitments","1,341"
"SRC046","148","21","DRS Holdings III, Inc.","3","493","Total unfunded commitments","1,341"
"SRC046","148","21","DRS Holdings III, Inc.","4","767","delayed draw commitments","1,341"
"SRC046","148","22","EAB Global, Inc.","1","327","delayed draw commitments","7,500"
"SRC046","148","22","EAB Global, Inc.","2","405","Less: funded commitments","(4,200)"
"SRC046","148","22","EAB Global, Inc.","3","493","Total unfunded commitments","3,300"
"SRC046","148","22","EAB Global, Inc.","4","767","delayed draw commitments","3,300"
"SRC046","148","23","Eagle Purchaser, Inc.","1","327","delayed draw commitments","4,103"
"SRC046","148","23","Eagle Purchaser, Inc.","2","405","Less: funded commitments","(2,524)"
"SRC046","148","23","Eagle Purchaser, Inc.","3","493","Total unfunded commitments","1,579"
"SRC046","148","23","Eagle Purchaser, Inc.","4","767","delayed draw commitments","1,579"
"SRC046","148","24","Eclipse Buyer, Inc.","1","327","delayed draw commitments","5,809"
"SRC046","148","24","Eclipse Buyer, Inc.","3","493","Total unfunded commitments","5,809"
"SRC046","148","24","Eclipse Buyer, Inc.","4","767","delayed draw commitments","5,809"
"SRC046","148","25","Edition Holdings, Inc.","1","327","delayed draw commitments","137,251"
"SRC046","148","25","Edition Holdings, Inc.","3","493","Total unfunded commitments","137,251"
"SRC046","148","25","Edition Holdings, Inc.","4","767","delayed draw commitments","137,251"
"SRC046","148","26","EHC Holdings Holdco Limited*","1","327","delayed draw commitments","29,116"
"SRC046","148","26","EHC Holdings Holdco Limited*","3","493","Total unfunded commitments","29,116"
"SRC046","148","26","EHC Holdings Holdco Limited*","4","767","delayed draw commitments","29,116"
"SRC046","148","27","Electron BidCo Inc. (dba ExamWorks)","1","327","delayed draw commitments","27,000"
"SRC046","148","27","Electron BidCo Inc. (dba ExamWorks)","3","493","Total unfunded commitments","27,000"
"SRC046","148","27","Electron BidCo Inc. (dba ExamWorks)","4","767","delayed draw commitments","27,000"
"SRC046","148","28","Elk Bidco, Inc","1","327","delayed draw commitments","44,594"
"SRC046","148","28","Elk Bidco, Inc","3","493","Total unfunded commitments","44,594"
"SRC046","148","28","Elk Bidco, Inc","4","767","delayed draw commitments","44,594"
"SRC046","148","29","Endor Purchaser, Inc.","1","327","delayed draw commitments","12,531"
"SRC046","148","29","Endor Purchaser, Inc.","3","493","Total unfunded commitments","12,531"
"SRC046","148","29","Endor Purchaser, Inc.","4","767","delayed draw commitments","12,531"
"SRC046","148","30","ERC Topco Holdings, LLC","1","327","delayed draw commitments","2,134"
"SRC046","148","30","ERC Topco Holdings, LLC","2","405","Less: funded commitments","(1,921)"
"SRC046","148","30","ERC Topco Holdings, LLC","3","493","Total unfunded commitments","213"
"SRC046","148","30","ERC Topco Holdings, LLC","4","767","delayed draw commitments","213"
"SRC046","148","31","Everbridge Holdings, LLC","1","327","delayed draw commitments","15,493"
"SRC046","148","31","Everbridge Holdings, LLC","3","493","Total unfunded commitments","15,493"
"SRC046","148","31","Everbridge Holdings, LLC","4","767","delayed draw commitments","15,493"
"SRC046","148","32","Evergreen IX Borrower 2023, LLC","1","327","delayed draw commitments","10,071"
"SRC046","148","32","Evergreen IX Borrower 2023, LLC","3","493","Total unfunded commitments","10,071"
"SRC046","148","32","Evergreen IX Borrower 2023, LLC","4","767","delayed draw commitments","10,071"
"SRC046","149","1","Evoriel* $","1","332","delayed draw commitments","1,756"
"SRC046","149","1","Evoriel* $","3","497","Total unfunded commitments","1,756"
"SRC046","149","1","Evoriel* $","4","771","and delayed draw commitments","1,756"
"SRC046","149","2","ExactCare Parent, Inc.","1","332","delayed draw commitments","4,426"
"SRC046","149","2","ExactCare Parent, Inc.","3","497","Total unfunded commitments","4,426"
"SRC046","149","2","ExactCare Parent, Inc.","4","771","and delayed draw commitments","4,426"
"SRC046","149","3","Excelligence Learning Corporation","1","332","delayed draw commitments","13,562"
"SRC046","149","3","Excelligence Learning Corporation","2","408","Less: funded commitments","(2,170)"
"SRC046","149","3","Excelligence Learning Corporation","3","497","Total unfunded commitments","11,392"
"SRC046","149","3","Excelligence Learning Corporation","4","771","and delayed draw commitments","11,392"
"SRC046","149","4","FINANCIERE ASTEK*","1","332","delayed draw commitments","330"
"SRC046","149","4","FINANCIERE ASTEK*","3","497","Total unfunded commitments","330"
"SRC046","149","4","FINANCIERE ASTEK*","4","771","and delayed draw commitments","330"
"SRC046","149","5","Forterro Group AB (fka Yellow Castle AB)*","1","332","delayed draw commitments","31,449"
"SRC046","149","5","Forterro Group AB (fka Yellow Castle AB)*","3","497","Total unfunded commitments","31,449"
"SRC046","149","5","Forterro Group AB (fka Yellow Castle AB)*","4","771","and delayed draw commitments","31,449"
"SRC046","149","6","Funecap Holding*","1","332","delayed draw commitments","49,750"
"SRC046","149","6","Funecap Holding*","3","497","Total unfunded commitments","49,750"
"SRC046","149","6","Funecap Holding*","4","771","and delayed draw commitments","49,750"
"SRC046","149","7","G&A Partners Holding Company II, LLC","1","332","delayed draw commitments","4,296"
"SRC046","149","7","G&A Partners Holding Company II, LLC","3","497","Total unfunded commitments","4,296"
"SRC046","149","7","G&A Partners Holding Company II, LLC","4","771","and delayed draw commitments","4,296"
"SRC046","149","8","Galway Borrower LLC","1","332","delayed draw commitments","5,673"
"SRC046","149","8","Galway Borrower LLC","2","408","Less: funded commitments","(524)"
"SRC046","149","8","Galway Borrower LLC","3","497","Total unfunded commitments","5,149"
"SRC046","149","8","Galway Borrower LLC","4","771","and delayed draw commitments","5,149"
"SRC046","149","9","Gannett Holdings, LLC","1","332","delayed draw commitments","8,795"
"SRC046","149","9","Gannett Holdings, LLC","3","497","Total unfunded commitments","8,795"
"SRC046","149","9","Gannett Holdings, LLC","4","771","and delayed draw commitments","8,795"
"SRC046","149","10","GAT-Airline Ground Support Inc","1","332","delayed draw commitments","3,662"
"SRC046","149","10","GAT-Airline Ground Support Inc","2","408","Less: funded commitments","(635)"
"SRC046","149","10","GAT-Airline Ground Support Inc","3","497","Total unfunded commitments","3,027"
"SRC046","149","10","GAT-Airline Ground Support Inc","4","771","and delayed draw commitments","3,027"
"SRC046","149","11","Gateway US Holdings, Inc.","1","332","delayed draw commitments","6,629"
"SRC046","149","11","Gateway US Holdings, Inc.","3","497","Total unfunded commitments","6,629"
"SRC046","149","11","Gateway US Holdings, Inc.","4","771","and delayed draw commitments","6,629"
"SRC046","149","12","GC Waves Holdings, Inc.","1","332","delayed draw commitments","37,696"
"SRC046","149","12","GC Waves Holdings, Inc.","3","497","Total unfunded commitments","37,696"
"SRC046","149","12","GC Waves Holdings, Inc.","4","771","and delayed draw commitments","37,696"
"SRC046","149","13","Genius Bidco LLC","1","332","delayed draw commitments","2,861"
"SRC046","149","13","Genius Bidco LLC","2","408","Less: funded commitments","(155)"
"SRC046","149","13","Genius Bidco LLC","3","497","Total unfunded commitments","2,706"
"SRC046","149","13","Genius Bidco LLC","4","771","and delayed draw commitments","2,706"
"SRC046","149","14","Geotechnical Merger Sub, Inc.","1","332","delayed draw commitments","22,096"
"SRC046","149","14","Geotechnical Merger Sub, Inc.","2","408","Less: funded commitments","(2,185)"
"SRC046","149","14","Geotechnical Merger Sub, Inc.","3","497","Total unfunded commitments","19,911"
"SRC046","149","14","Geotechnical Merger Sub, Inc.","4","771","and delayed draw commitments","19,911"
"SRC046","149","15","Goldeneye Parent, LLC","1","332","delayed draw commitments","12,774"
"SRC046","149","15","Goldeneye Parent, LLC","3","497","Total unfunded commitments","12,774"
"SRC046","149","15","Goldeneye Parent, LLC","4","771","and delayed draw commitments","12,774"
"SRC046","149","16","Green Grass Foods, Inc.","1","332","delayed draw commitments","1,250"
"SRC046","149","16","Green Grass Foods, Inc.","3","497","Total unfunded commitments","1,250"
"SRC046","149","16","Green Grass Foods, Inc.","4","771","and delayed draw commitments","1,250"
"SRC046","149","17","GSP Midco LLC","1","332","delayed draw commitments","26,000"
"SRC046","149","17","GSP Midco LLC","3","497","Total unfunded commitments","26,000"
"SRC046","149","17","GSP Midco LLC","4","771","and delayed draw commitments","26,000"
"SRC046","149","18","Hanger, Inc.","1","332","delayed draw commitments","1,356"
"SRC046","149","18","Hanger, Inc.","3","497","Total unfunded commitments","1,356"
"SRC046","149","18","Hanger, Inc.","4","771","and delayed draw commitments","1,356"
"SRC046","149","19","Heartbeat BidCo GmbH*","1","332","delayed draw commitments","3,811"
"SRC046","149","19","Heartbeat BidCo GmbH*","3","497","Total unfunded commitments","3,811"
"SRC046","149","19","Heartbeat BidCo GmbH*","4","771","and delayed draw commitments","3,811"
"SRC046","149","20","HEF Safety Ultimate Holdings, LLC","1","332","delayed draw commitments","1,790"
"SRC046","149","20","HEF Safety Ultimate Holdings, LLC","3","497","Total unfunded commitments","1,790"
"SRC046","149","20","HEF Safety Ultimate Holdings, LLC","4","771","and delayed draw commitments","1,790"
"SRC046","149","21","Higginbotham Insurance Agency, Inc.","1","332","delayed draw commitments","38,070"
"SRC046","149","21","Higginbotham Insurance Agency, Inc.","3","497","Total unfunded commitments","38,070"
"SRC046","149","21","Higginbotham Insurance Agency, Inc.","4","771","and delayed draw commitments","38,070"
"SRC046","149","22","Howardsimon LLC","1","332","delayed draw commitments","39,628"
"SRC046","149","22","Howardsimon LLC","3","497","Total unfunded commitments","39,628"
"SRC046","149","22","Howardsimon LLC","4","771","and delayed draw commitments","39,628"
"SRC046","149","23","Husky Holdings LLC","1","332","delayed draw commitments","5,000"
"SRC046","149","23","Husky Holdings LLC","3","497","Total unfunded commitments","5,000"
"SRC046","149","23","Husky Holdings LLC","4","771","and delayed draw commitments","5,000"
"SRC046","149","24","Hyperion Refinance Sarl 118,800","3","497","Total unfunded commitments","118,800"
"SRC046","149","24","Hyperion Refinance Sarl 118,800","4","771","and delayed draw commitments","118,800"
"SRC046","149","25","Ichor Management Limited*","1","332","delayed draw commitments","1,991"
"SRC046","149","25","Ichor Management Limited*","2","408","Less: funded commitments","(1,712)"
"SRC046","149","25","Ichor Management Limited*","3","497","Total unfunded commitments","279"
"SRC046","149","25","Ichor Management Limited*","4","771","and delayed draw commitments","279"
"SRC046","149","26","Ideal Components Acquisition, LLC","1","332","delayed draw commitments","10,077"
"SRC046","149","26","Ideal Components Acquisition, LLC","2","408","Less: funded commitments","(611)"
"SRC046","149","26","Ideal Components Acquisition, LLC","3","497","Total unfunded commitments","9,466"
"SRC046","149","26","Ideal Components Acquisition, LLC","4","771","and delayed draw commitments","9,466"
"SRC046","149","27","International Schools Partnership Limited*","1","332","delayed draw commitments","57,784"
"SRC046","149","27","International Schools Partnership Limited*","3","497","Total unfunded commitments","57,784"
"SRC046","149","27","International Schools Partnership Limited*","4","771","and delayed draw commitments","57,784"
"SRC046","149","28","Investment Company 24 Bidco Limited*","1","332","delayed draw commitments","12,490"
"SRC046","149","28","Investment Company 24 Bidco Limited*","3","497","Total unfunded commitments","12,490"
"SRC046","149","28","Investment Company 24 Bidco Limited*","4","771","and delayed draw commitments","12,490"
"SRC046","149","29","IOTA HOLDINGS 3","1","332","delayed draw commitments","8,250"
"SRC046","149","29","IOTA HOLDINGS 3","2","408","Less: funded commitments","(2,178)"
"SRC046","149","29","IOTA HOLDINGS 3","3","497","Total unfunded commitments","6,072"
"SRC046","149","29","IOTA HOLDINGS 3","4","771","and delayed draw commitments","6,072"
"SRC046","149","30","IQN Holding Corp.","1","332","delayed draw commitments","4,224"
"SRC046","149","30","IQN Holding Corp.","2","408","Less: funded commitments","(2,746)"
"SRC046","149","30","IQN Holding Corp.","3","497","Total unfunded commitments","1,478"
"SRC046","149","30","IQN Holding Corp.","4","771","and delayed draw commitments","1,478"
"SRC046","149","31","IRIS Specialty Acquisition LLC","1","332","delayed draw commitments","68,046"
"SRC046","149","31","IRIS Specialty Acquisition LLC","3","497","Total unfunded commitments","68,046"
"SRC046","149","31","IRIS Specialty Acquisition LLC","4","771","and delayed draw commitments","68,046"
"SRC046","149","32","Ironhorse Purchaser, LLC","1","332","delayed draw commitments","483"
"SRC046","149","32","Ironhorse Purchaser, LLC","3","497","Total unfunded commitments","483"
"SRC046","149","32","Ironhorse Purchaser, LLC","4","771","and delayed draw commitments","483"
"SRC046","149","33","IW Buyer LLC","1","332","delayed draw commitments","3,146"
"SRC046","149","33","IW Buyer LLC","2","408","Less: funded commitments","(899)"
"SRC046","149","33","IW Buyer LLC","3","497","Total unfunded commitments","2,247"
"SRC046","149","33","IW Buyer LLC","4","771","and delayed draw commitments","2,247"
"SRC046","150","1","Janus Bidco Limited* $","1","335","delayed draw commitments","21,373"
"SRC046","150","1","Janus Bidco Limited* $","3","501","Total unfunded commitments","21,373"
"SRC046","150","1","Janus Bidco Limited* $","4","767","delayed draw commitments","21,373"
"SRC046","150","2","Jazz AH Holdco, LLC","1","335","delayed draw commitments","800"
"SRC046","150","2","Jazz AH Holdco, LLC","2","412","Less: funded commitments","(240)"
"SRC046","150","2","Jazz AH Holdco, LLC","3","501","Total unfunded commitments","560"
"SRC046","150","2","Jazz AH Holdco, LLC","4","767","delayed draw commitments","560"
"SRC046","150","3","Jensen Hughes, Inc","1","335","delayed draw commitments","31,706"
"SRC046","150","3","Jensen Hughes, Inc","3","501","Total unfunded commitments","31,706"
"SRC046","150","3","Jensen Hughes, Inc","4","767","delayed draw commitments","31,706"
"SRC046","150","4","JEPPESEN HOLDINGS, LLC","1","335","delayed draw commitments","10,037"
"SRC046","150","4","JEPPESEN HOLDINGS, LLC","3","501","Total unfunded commitments","10,037"
"SRC046","150","4","JEPPESEN HOLDINGS, LLC","4","767","delayed draw commitments","10,037"
"SRC046","150","5","K Hovnanian Enterprises Inc 125,000","3","501","Total unfunded commitments","125,000"
"SRC046","150","5","K Hovnanian Enterprises Inc 125,000","4","767","delayed draw commitments","125,000"
"SRC046","150","6","Kairos Intermediateco AB*","1","335","delayed draw commitments","31,342"
"SRC046","150","6","Kairos Intermediateco AB*","3","501","Total unfunded commitments","31,342"
"SRC046","150","6","Kairos Intermediateco AB*","4","767","delayed draw commitments","31,342"
"SRC046","150","7","Kaman Corp","1","335","delayed draw commitments","3,273"
"SRC046","150","7","Kaman Corp","3","501","Total unfunded commitments","3,273"
"SRC046","150","7","Kaman Corp","4","767","delayed draw commitments","3,273"
"SRC046","150","8","Kaseya Inc","1","335","delayed draw commitments","2,500"
"SRC046","150","8","Kaseya Inc","3","501","Total unfunded commitments","2,500"
"SRC046","150","8","Kaseya Inc","4","767","delayed draw commitments","2,500"
"SRC046","150","9","Kite Bidco Inc.","1","335","delayed draw commitments","15,212"
"SRC046","150","9","Kite Bidco Inc.","3","501","Total unfunded commitments","15,212"
"SRC046","150","9","Kite Bidco Inc.","4","767","delayed draw commitments","15,212"
"SRC046","150","10","Koala Investment Holdings, Inc.","1","335","delayed draw commitments","26,578"
"SRC046","150","10","Koala Investment Holdings, Inc.","3","501","Total unfunded commitments","26,578"
"SRC046","150","10","Koala Investment Holdings, Inc.","4","767","delayed draw commitments","26,578"
"SRC046","150","11","Legacy Merger Sub, LLC","1","335","delayed draw commitments","23,333"
"SRC046","150","11","Legacy Merger Sub, LLC","3","501","Total unfunded commitments","23,333"
"SRC046","150","11","Legacy Merger Sub, LLC","4","767","delayed draw commitments","23,333"
"SRC046","150","12","Legends Hospitality Holding Company, LLC","1","335","delayed draw commitments","12,507"
"SRC046","150","12","Legends Hospitality Holding Company, LLC","2","412","Less: funded commitments","(3,746)"
"SRC046","150","12","Legends Hospitality Holding Company, LLC","3","501","Total unfunded commitments","8,761"
"SRC046","150","12","Legends Hospitality Holding Company, LLC","4","767","delayed draw commitments","8,761"
"SRC046","150","13","LHS Borrower LLC","1","335","delayed draw commitments","20,118"
"SRC046","150","13","LHS Borrower LLC","2","412","Less: funded commitments","(2,414)"
"SRC046","150","13","LHS Borrower LLC","3","501","Total unfunded commitments","17,704"
"SRC046","150","13","LHS Borrower LLC","4","767","delayed draw commitments","17,704"
"SRC046","150","14","Lindstrom, LLC","1","335","delayed draw commitments","10,000"
"SRC046","150","14","Lindstrom, LLC","2","412","Less: funded commitments","(3,665)"
"SRC046","150","14","Lindstrom, LLC","3","501","Total unfunded commitments","6,335"
"SRC046","150","14","Lindstrom, LLC","4","767","delayed draw commitments","6,335"
"SRC046","150","15","Lotus Topco Inc.","1","335","delayed draw commitments","6,765"
"SRC046","150","15","Lotus Topco Inc.","3","501","Total unfunded commitments","6,765"
"SRC046","150","15","Lotus Topco Inc.","4","767","delayed draw commitments","6,765"
"SRC046","150","16","M&M OPCO, LLC","1","335","delayed draw commitments","476"
"SRC046","150","16","M&M OPCO, LLC","3","501","Total unfunded commitments","476"
"SRC046","150","16","M&M OPCO, LLC","4","767","delayed draw commitments","476"
"SRC046","150","17","Madonna Bidco Limited*","1","335","delayed draw commitments","6,218"
"SRC046","150","17","Madonna Bidco Limited*","3","501","Total unfunded commitments","6,218"
"SRC046","150","17","Madonna Bidco Limited*","4","767","delayed draw commitments","6,218"
"SRC046","150","18","Mari Events Midco LLC","1","335","delayed draw commitments","13,942"
"SRC046","150","18","Mari Events Midco LLC","3","501","Total unfunded commitments","13,942"
"SRC046","150","18","Mari Events Midco LLC","4","767","delayed draw commitments","13,942"
"SRC046","150","19","Material Holdings, LLC","1","335","delayed draw commitments","644"
"SRC046","150","19","Material Holdings, LLC","3","501","Total unfunded commitments","644"
"SRC046","150","19","Material Holdings, LLC","4","767","delayed draw commitments","644"
"SRC046","150","20","MetaTiedot Midco S.a.r.l.","1","335","delayed draw commitments","10,675"
"SRC046","150","20","MetaTiedot Midco S.a.r.l.","2","412","Less: funded commitments","(5,038)"
"SRC046","150","20","MetaTiedot Midco S.a.r.l.","3","501","Total unfunded commitments","5,637"
"SRC046","150","20","MetaTiedot Midco S.a.r.l.","4","767","delayed draw commitments","5,637"
"SRC046","150","21","MGP Holdings III Corp.","1","335","delayed draw commitments","4,074"
"SRC046","150","21","MGP Holdings III Corp.","2","412","Less: funded commitments","(218)"
"SRC046","150","21","MGP Holdings III Corp.","3","501","Total unfunded commitments","3,856"
"SRC046","150","21","MGP Holdings III Corp.","4","767","delayed draw commitments","3,856"
"SRC046","150","22","Mobile Communications America, Inc.","1","335","delayed draw commitments","4,863"
"SRC046","150","22","Mobile Communications America, Inc.","2","412","Less: funded commitments","(272)"
"SRC046","150","22","Mobile Communications America, Inc.","3","501","Total unfunded commitments","4,591"
"SRC046","150","22","Mobile Communications America, Inc.","4","767","delayed draw commitments","4,591"
"SRC046","150","23","Mount Olympus Bidco Limited","1","335","delayed draw commitments","1,097"
"SRC046","150","23","Mount Olympus Bidco Limited","3","501","Total unfunded commitments","1,097"
"SRC046","150","23","Mount Olympus Bidco Limited","4","767","delayed draw commitments","1,097"
"SRC046","150","24","mPulse Mobile, Inc.","1","335","delayed draw commitments","7,692"
"SRC046","150","24","mPulse Mobile, Inc.","3","501","Total unfunded commitments","7,692"
"SRC046","150","24","mPulse Mobile, Inc.","4","767","delayed draw commitments","7,692"
"SRC046","150","25","MRO Holdings, Inc. 102,698","3","501","Total unfunded commitments","102,698"
"SRC046","150","25","MRO Holdings, Inc. 102,698","4","767","delayed draw commitments","102,698"
"SRC046","150","26","MRO Parent Corporation","1","335","delayed draw commitments","4,444"
"SRC046","150","26","MRO Parent Corporation","3","501","Total unfunded commitments","4,444"
"SRC046","150","26","MRO Parent Corporation","4","767","delayed draw commitments","4,444"
"SRC046","150","27","Neinor DMP BidCo, S.A.U.*","1","335","delayed draw commitments","33,901"
"SRC046","150","27","Neinor DMP BidCo, S.A.U.*","3","501","Total unfunded commitments","33,901"
"SRC046","150","27","Neinor DMP BidCo, S.A.U.*","4","767","delayed draw commitments","33,901"
"SRC046","150","28","North American Rail Solutions LLC","1","335","delayed draw commitments","3,750"
"SRC046","150","28","North American Rail Solutions LLC","2","412","Less: funded commitments","(264)"
"SRC046","150","28","North American Rail Solutions LLC","3","501","Total unfunded commitments","3,486"
"SRC046","150","28","North American Rail Solutions LLC","4","767","delayed draw commitments","3,486"
"SRC046","150","29","North American Rail Solutions LLC*","1","335","delayed draw commitments","6,800"
"SRC046","150","29","North American Rail Solutions LLC*","3","501","Total unfunded commitments","6,800"
"SRC046","150","29","North American Rail Solutions LLC*","4","767","delayed draw commitments","6,800"
"SRC046","150","30","North Haven RI Buyer, LLC","1","335","delayed draw commitments","8,437"
"SRC046","150","30","North Haven RI Buyer, LLC","2","412","Less: funded commitments","(1,000)"
"SRC046","150","30","North Haven RI Buyer, LLC","3","501","Total unfunded commitments","7,437"
"SRC046","150","30","North Haven RI Buyer, LLC","4","767","delayed draw commitments","7,437"
"SRC046","150","31","Pty Ltd/Novotech Holdings USA LLC","1","335","delayed draw commitments","5,286"
"SRC046","150","31","Pty Ltd/Novotech Holdings USA LLC","3","501","Total unfunded commitments","5,286"
"SRC046","150","31","Pty Ltd/Novotech Holdings USA LLC","4","767","delayed draw commitments","5,286"
"SRC046","151","1","NPPI Buyer, LLC $","1","332","delayed draw commitments","9,211"
"SRC046","151","1","NPPI Buyer, LLC $","3","497","Total unfunded commitments","9,211"
"SRC046","151","1","NPPI Buyer, LLC $","4","771","and delayed draw commitments","9,211"
"SRC046","151","2","Olympus Terminals Holdco II LLC","1","332","delayed draw commitments","22,000"
"SRC046","151","2","Olympus Terminals Holdco II LLC","3","497","Total unfunded commitments","22,000"
"SRC046","151","2","Olympus Terminals Holdco II LLC","4","771","and delayed draw commitments","22,000"
"SRC046","151","3","OMEGA II AB*","1","332","delayed draw commitments","19,376"
"SRC046","151","3","OMEGA II AB*","3","497","Total unfunded commitments","19,376"
"SRC046","151","3","OMEGA II AB*","4","771","and delayed draw commitments","19,376"
"SRC046","151","4","OMH-Healthedge Holdings, Inc.","1","332","delayed draw commitments","37,896"
"SRC046","151","4","OMH-Healthedge Holdings, Inc.","3","497","Total unfunded commitments","37,896"
"SRC046","151","4","OMH-Healthedge Holdings, Inc.","4","771","and delayed draw commitments","37,896"
"SRC046","151","5","One Call Corporation (fka Opal Acquisition, Inc.)","1","332","delayed draw commitments","19,868"
"SRC046","151","5","One Call Corporation (fka Opal Acquisition, Inc.)","3","497","Total unfunded commitments","19,868"
"SRC046","151","5","One Call Corporation (fka Opal Acquisition, Inc.)","4","771","and delayed draw commitments","19,868"
"SRC046","151","6","One Silver Serve, LLC","1","332","delayed draw commitments","11,200"
"SRC046","151","6","One Silver Serve, LLC","2","412","Less: funded commitments","(3,312)"
"SRC046","151","6","One Silver Serve, LLC","3","497","Total unfunded commitments","7,888"
"SRC046","151","6","One Silver Serve, LLC","4","771","and delayed draw commitments","7,888"
"SRC046","151","7","Orthrus Ltd*","1","332","delayed draw commitments","5,029"
"SRC046","151","7","Orthrus Ltd*","3","497","Total unfunded commitments","5,029"
"SRC046","151","7","Orthrus Ltd*","4","771","and delayed draw commitments","5,029"
"SRC046","151","8","Pai Middle Tier, LLC","1","332","delayed draw commitments","5,250"
"SRC046","151","8","Pai Middle Tier, LLC","2","412","Less: funded commitments","(750)"
"SRC046","151","8","Pai Middle Tier, LLC","3","497","Total unfunded commitments","4,500"
"SRC046","151","8","Pai Middle Tier, LLC","4","771","and delayed draw commitments","4,500"
"SRC046","151","9","Paisley Bidco Limited*","1","332","delayed draw commitments","11,089"
"SRC046","151","9","Paisley Bidco Limited*","3","497","Total unfunded commitments","11,089"
"SRC046","151","9","Paisley Bidco Limited*","4","771","and delayed draw commitments","11,089"
"SRC046","151","10","Parfums Holding Company, Inc.","1","332","delayed draw commitments","10,268"
"SRC046","151","10","Parfums Holding Company, Inc.","3","497","Total unfunded commitments","10,268"
"SRC046","151","10","Parfums Holding Company, Inc.","4","771","and delayed draw commitments","10,268"
"SRC046","151","11","PARS Group LLC","1","332","delayed draw commitments","952"
"SRC046","151","11","PARS Group LLC","3","497","Total unfunded commitments","952"
"SRC046","151","12","Patriot Foods Buyer, Inc.","1","332","delayed draw commitments","2,590"
"SRC046","151","12","Patriot Foods Buyer, Inc.","2","412","Less: funded commitments","(298)"
"SRC046","151","12","Patriot Foods Buyer, Inc.","3","497","Total unfunded commitments","2,292"
"SRC046","151","12","Patriot Foods Buyer, Inc.","4","771","and delayed draw commitments","2,292"
"SRC046","151","13","Patriot Growth Insurance Services, LLC","1","332","delayed draw commitments","2,311"
"SRC046","151","13","Patriot Growth Insurance Services, LLC","3","497","Total unfunded commitments","2,311"
"SRC046","151","13","Patriot Growth Insurance Services, LLC","4","771","and delayed draw commitments","2,311"
"SRC046","151","14","Pinnacle Buyer LLC","1","332","delayed draw commitments","2,742"
"SRC046","151","14","Pinnacle Buyer LLC","3","497","Total unfunded commitments","2,742"
"SRC046","151","14","Pinnacle Buyer LLC","4","771","and delayed draw commitments","2,742"
"SRC046","151","15","PMA Parent Holdings, LLC","1","332","delayed draw commitments","987"
"SRC046","151","15","PMA Parent Holdings, LLC","3","497","Total unfunded commitments","987"
"SRC046","151","15","PMA Parent Holdings, LLC","4","771","and delayed draw commitments","987"
"SRC046","151","16","Poly-Wood, LLC","1","332","delayed draw commitments","46,091"
"SRC046","151","16","Poly-Wood, LLC","3","497","Total unfunded commitments","46,091"
"SRC046","151","16","Poly-Wood, LLC","4","771","and delayed draw commitments","46,091"
"SRC046","151","17","PROJECT CARDINAL ACQUISITION, LLC","1","332","delayed draw commitments","8,947"
"SRC046","151","17","PROJECT CARDINAL ACQUISITION, LLC","3","497","Total unfunded commitments","8,947"
"SRC046","151","17","PROJECT CARDINAL ACQUISITION, LLC","4","771","and delayed draw commitments","8,947"
"SRC046","151","18","Protein For Pets Opco, LLC","1","332","delayed draw commitments","4,717"
"SRC046","151","18","Protein For Pets Opco, LLC","2","412","Less: funded commitments","(943)"
"SRC046","151","18","Protein For Pets Opco, LLC","3","497","Total unfunded commitments","3,774"
"SRC046","151","18","Protein For Pets Opco, LLC","4","771","and delayed draw commitments","3,774"
"SRC046","151","19","Pye-Barker Fire & Safety LLC","1","332","delayed draw commitments","1,950"
"SRC046","151","19","Pye-Barker Fire & Safety LLC","3","497","Total unfunded commitments","1,950"
"SRC046","151","19","Pye-Barker Fire & Safety LLC","4","771","and delayed draw commitments","1,950"
"SRC046","151","20","QBS Parent, Inc.","1","332","delayed draw commitments","40,867"
"SRC046","151","20","QBS Parent, Inc.","2","412","Less: funded commitments","(1,741)"
"SRC046","151","20","QBS Parent, Inc.","3","497","Total unfunded commitments","39,126"
"SRC046","151","20","QBS Parent, Inc.","4","771","and delayed draw commitments","39,126"
"SRC046","151","21","QTS Project Ram","1","332","delayed draw commitments","33,808"
"SRC046","151","21","QTS Project Ram","3","497","Total unfunded commitments","33,808"
"SRC046","151","22","R.F. Fager Company, LLC","1","332","delayed draw commitments","1,260"
"SRC046","151","22","R.F. Fager Company, LLC","2","412","Less: funded commitments","(169)"
"SRC046","151","22","R.F. Fager Company, LLC","3","497","Total unfunded commitments","1,091"
"SRC046","151","22","R.F. Fager Company, LLC","4","771","and delayed draw commitments","1,091"
"SRC046","151","23","Radiate Holdco, LLC","1","332","delayed draw commitments","408"
"SRC046","151","23","Radiate Holdco, LLC","3","497","Total unfunded commitments","408"
"SRC046","151","23","Radiate Holdco, LLC","4","771","and delayed draw commitments","408"
"SRC046","151","24","Rarebreed Veterinary Partners, Inc.","1","332","delayed draw commitments","8,501"
"SRC046","151","24","Rarebreed Veterinary Partners, Inc.","3","497","Total unfunded commitments","8,501"
"SRC046","151","24","Rarebreed Veterinary Partners, Inc.","4","771","and delayed draw commitments","8,501"
"SRC046","151","25","Relativity ODA LLC","1","332","delayed draw commitments","2,500"
"SRC046","151","25","Relativity ODA LLC","3","497","Total unfunded commitments","2,500"
"SRC046","151","25","Relativity ODA LLC","4","771","and delayed draw commitments","2,500"
"SRC046","151","26","Reliable Doors, LLC","1","332","delayed draw commitments","1,164"
"SRC046","151","26","Reliable Doors, LLC","3","497","Total unfunded commitments","1,164"
"SRC046","151","26","Reliable Doors, LLC","4","771","and delayed draw commitments","1,164"
"SRC046","151","27","Rialto Management Group, LLC","1","332","delayed draw commitments","3,588"
"SRC046","151","27","Rialto Management Group, LLC","3","497","Total unfunded commitments","3,588"
"SRC046","151","27","Rialto Management Group, LLC","4","771","and delayed draw commitments","3,588"
"SRC046","151","28","RoC Holdco LLC","1","332","delayed draw commitments","4,390"
"SRC046","151","28","RoC Holdco LLC","3","497","Total unfunded commitments","4,390"
"SRC046","151","28","RoC Holdco LLC","4","771","and delayed draw commitments","4,390"
"SRC046","151","29","Rochester Midland Corporation","1","332","delayed draw commitments","16,417"
"SRC046","151","29","Rochester Midland Corporation","2","412","Less: funded commitments","(159)"
"SRC046","151","29","Rochester Midland Corporation","3","497","Total unfunded commitments","16,258"
"SRC046","151","29","Rochester Midland Corporation","4","771","and delayed draw commitments","16,258"
"SRC046","151","30","Rocket Bidco Limited*","1","332","delayed draw commitments","33,200"
"SRC046","151","30","Rocket Bidco Limited*","3","497","Total unfunded commitments","33,200"
"SRC046","151","30","Rocket Bidco Limited*","4","771","and delayed draw commitments","33,200"
"SRC046","152","1","Rocket Youth Brands Holdco LLC $","1","337","draw loan commitments","10,698"
"SRC046","152","1","Rocket Youth Brands Holdco LLC $","3","509","Total unfunded commitments","10,698"
"SRC046","152","1","Rocket Youth Brands Holdco LLC $","4","767","and delayed draw commitments","10,698"
"SRC046","152","2","Runway Bidco, LLC","1","337","draw loan commitments","62,292"
"SRC046","152","2","Runway Bidco, LLC","3","509","Total unfunded commitments","62,292"
"SRC046","152","2","Runway Bidco, LLC","4","767","and delayed draw commitments","62,292"
"SRC046","152","3","Russell Investments US Institutional Holdco Inc","1","337","draw loan commitments","9,900"
"SRC046","152","3","Russell Investments US Institutional Holdco Inc","3","509","Total unfunded commitments","9,900"
"SRC046","152","3","Russell Investments US Institutional Holdco Inc","4","767","and delayed draw commitments","9,900"
"SRC046","152","4","Saber Parent Holdings Corp","1","337","draw loan commitments","69,512"
"SRC046","152","4","Saber Parent Holdings Corp","3","509","Total unfunded commitments","69,512"
"SRC046","152","4","Saber Parent Holdings Corp","4","767","and delayed draw commitments","69,512"
"SRC046","152","5","SG Acquisition, Inc.","1","337","draw loan commitments","5,757"
"SRC046","152","5","SG Acquisition, Inc.","3","509","Total unfunded commitments","5,757"
"SRC046","152","5","SG Acquisition, Inc.","4","767","and delayed draw commitments","5,757"
"SRC046","152","6","Sigma Irish Acquico Limited","1","337","draw loan commitments","16,576"
"SRC046","152","6","Sigma Irish Acquico Limited","3","509","Total unfunded commitments","16,576"
"SRC046","152","6","Sigma Irish Acquico Limited","4","767","and delayed draw commitments","16,576"
"SRC046","152","7","Silk Holdings III Corp.","1","337","draw loan commitments","15,175"
"SRC046","152","7","Silk Holdings III Corp.","2","424","Less: funded commitments","(3,035)"
"SRC046","152","7","Silk Holdings III Corp.","3","509","Total unfunded commitments","12,140"
"SRC046","152","7","Silk Holdings III Corp.","4","767","and delayed draw commitments","12,140"
"SRC046","152","8","Smith Topco, Inc.","1","337","draw loan commitments","1,692"
"SRC046","152","8","Smith Topco, Inc.","3","509","Total unfunded commitments","1,692"
"SRC046","152","8","Smith Topco, Inc.","4","767","and delayed draw commitments","1,692"
"SRC046","152","9","Space Finco, Inc.","1","337","draw loan commitments","27,000"
"SRC046","152","9","Space Finco, Inc.","3","509","Total unfunded commitments","27,000"
"SRC046","152","9","Space Finco, Inc.","4","767","and delayed draw commitments","27,000"
"SRC046","152","10","Spark Purchaser, Inc.","1","337","draw loan commitments","1,351"
"SRC046","152","10","Spark Purchaser, Inc.","3","509","Total unfunded commitments","1,351"
"SRC046","152","10","Spark Purchaser, Inc.","4","767","and delayed draw commitments","1,351"
"SRC046","152","11","SPARKLE BIDCO LIMITED*","1","337","draw loan commitments","26,066"
"SRC046","152","11","SPARKLE BIDCO LIMITED*","3","509","Total unfunded commitments","26,066"
"SRC046","152","11","SPARKLE BIDCO LIMITED*","4","767","and delayed draw commitments","26,066"
"SRC046","152","12","Spruce Bidco II Inc.","1","337","draw loan commitments","26,335"
"SRC046","152","12","Spruce Bidco II Inc.","3","509","Total unfunded commitments","26,335"
"SRC046","152","12","Spruce Bidco II Inc.","4","767","and delayed draw commitments","26,335"
"SRC046","152","13","SRP Eagle Buyer Inc.","1","337","draw loan commitments","24,706"
"SRC046","152","13","SRP Eagle Buyer Inc.","3","509","Total unfunded commitments","24,706"
"SRC046","152","13","SRP Eagle Buyer Inc.","4","767","and delayed draw commitments","24,706"
"SRC046","152","14","SupplyHouse LLC","1","337","draw loan commitments","20,000"
"SRC046","152","14","SupplyHouse LLC","3","509","Total unfunded commitments","20,000"
"SRC046","152","14","SupplyHouse LLC","4","767","and delayed draw commitments","20,000"
"SRC046","152","15","TerSera Therapeutics LLC","1","337","draw loan commitments","1,395"
"SRC046","152","15","TerSera Therapeutics LLC","3","509","Total unfunded commitments","1,395"
"SRC046","152","15","TerSera Therapeutics LLC","4","767","and delayed draw commitments","1,395"
"SRC046","152","16","Thg Acquisition, LLC","1","337","draw loan commitments","24,232"
"SRC046","152","16","Thg Acquisition, LLC","2","424","Less: funded commitments","(1,317)"
"SRC046","152","16","Thg Acquisition, LLC","3","509","Total unfunded commitments","22,915"
"SRC046","152","16","Thg Acquisition, LLC","4","767","and delayed draw commitments","22,915"
"SRC046","152","17","TI Intermediate Holdings, LLC","1","337","draw loan commitments","397"
"SRC046","152","17","TI Intermediate Holdings, LLC","3","509","Total unfunded commitments","397"
"SRC046","152","17","TI Intermediate Holdings, LLC","4","767","and delayed draw commitments","397"
"SRC046","152","18","TITAN BW BORROWER L.P.","1","337","draw loan commitments","50,402"
"SRC046","152","18","TITAN BW BORROWER L.P.","3","509","Total unfunded commitments","50,402"
"SRC046","152","18","TITAN BW BORROWER L.P.","4","767","and delayed draw commitments","50,402"
"SRC046","152","19","Merger Sub, Inc.)","1","337","draw loan commitments","6,757"
"SRC046","152","19","Merger Sub, Inc.)","3","509","Total unfunded commitments","6,757"
"SRC046","152","19","Merger Sub, Inc.)","4","767","and delayed draw commitments","6,757"
"SRC046","152","20","Traffic Management Solutions, LLC","1","337","draw loan commitments","6,456"
"SRC046","152","20","Traffic Management Solutions, LLC","3","509","Total unfunded commitments","6,456"
"SRC046","152","20","Traffic Management Solutions, LLC","4","767","and delayed draw commitments","6,456"
"SRC046","152","21","Trench Plate Rental Co.","1","337","draw loan commitments","4,545"
"SRC046","152","21","Trench Plate Rental Co.","2","424","Less: funded commitments","(2,636)"
"SRC046","152","21","Trench Plate Rental Co.","3","509","Total unfunded commitments","1,909"
"SRC046","152","21","Trench Plate Rental Co.","4","767","and delayed draw commitments","1,909"
"SRC046","152","22","Tribe Bidco Limited*","1","337","draw loan commitments","36,090"
"SRC046","152","22","Tribe Bidco Limited*","2","424","Less: funded commitments","(274)"
"SRC046","152","22","Tribe Bidco Limited*","3","509","Total unfunded commitments","35,816"
"SRC046","152","22","Tribe Bidco Limited*","4","767","and delayed draw commitments","35,816"
"SRC046","152","23","Truck-Lite Co., LLC","1","337","draw loan commitments","79,354"
"SRC046","152","23","Truck-Lite Co., LLC","3","509","Total unfunded commitments","79,354"
"SRC046","152","23","Truck-Lite Co., LLC","4","767","and delayed draw commitments","79,354"
"SRC046","152","24","Truist Insurance Holdings, LLC","1","337","draw loan commitments","24,868"
"SRC046","152","24","Truist Insurance Holdings, LLC","3","509","Total unfunded commitments","24,868"
"SRC046","152","24","Truist Insurance Holdings, LLC","4","767","and delayed draw commitments","24,868"
"SRC046","152","25","TS Investors, LLC","1","337","draw loan commitments","2,693"
"SRC046","152","25","TS Investors, LLC","3","509","Total unfunded commitments","2,693"
"SRC046","152","25","TS Investors, LLC","4","767","and delayed draw commitments","2,693"
"SRC046","152","26","Tulip Bidco Limited*","1","337","draw loan commitments","196,535"
"SRC046","152","26","Tulip Bidco Limited*","3","509","Total unfunded commitments","196,535"
"SRC046","152","26","Tulip Bidco Limited*","4","767","and delayed draw commitments","196,535"
"SRC046","152","27","TZ Buyer LLC","1","337","draw loan commitments","606"
"SRC046","152","27","TZ Buyer LLC","2","424","Less: funded commitments","(394)"
"SRC046","152","27","TZ Buyer LLC","3","509","Total unfunded commitments","212"
"SRC046","152","27","TZ Buyer LLC","4","767","and delayed draw commitments","212"
"SRC046","153","1","Uft Buyer LLC","1","337","draw loan commitments","34,172"
"SRC046","153","1","Uft Buyer LLC","4","509","Total unfunded commitments","34,172"
"SRC046","153","1","Uft Buyer LLC","6","769","and delayed draw commitments","34,172"
"SRC046","153","2","Uniguest Holdings, Inc","1","337","draw loan commitments","23,349"
"SRC046","153","2","Uniguest Holdings, Inc","4","509","Total unfunded commitments","23,349"
"SRC046","153","2","Uniguest Holdings, Inc","6","769","and delayed draw commitments","23,349"
"SRC046","153","3","US Fertility Enterprises, LLC","1","337","draw loan commitments","2,434"
"SRC046","153","3","US Fertility Enterprises, LLC","4","509","Total unfunded commitments","2,434"
"SRC046","153","3","US Fertility Enterprises, LLC","6","769","and delayed draw commitments","2,434"
"SRC046","153","4","USA DeBusk LLC","1","337","draw loan commitments","6,840"
"SRC046","153","4","USA DeBusk LLC","2","422","Less: funded commitments","(1,802)"
"SRC046","153","4","USA DeBusk LLC","4","509","Total unfunded commitments","5,038"
"SRC046","153","4","USA DeBusk LLC","6","769","and delayed draw commitments","5,038"
"SRC046","153","5","Vamos Bidco, Inc.","1","337","draw loan commitments","36,199"
"SRC046","153","5","Vamos Bidco, Inc.","4","509","Total unfunded commitments","36,199"
"SRC046","153","5","Vamos Bidco, Inc.","6","769","and delayed draw commitments","36,199"
"SRC046","153","6","Vantage Specialty Chemicals Holdings, Inc.","1","337","draw loan commitments","4,824"
"SRC046","153","6","Vantage Specialty Chemicals Holdings, Inc.","4","509","Total unfunded commitments","4,824"
"SRC046","153","6","Vantage Specialty Chemicals Holdings, Inc.","6","769","and delayed draw commitments","4,824"
"SRC046","153","7","Vensure Employer Services, Inc.","1","337","draw loan commitments","2,547"
"SRC046","153","7","Vensure Employer Services, Inc.","4","509","Total unfunded commitments","2,547"
"SRC046","153","7","Vensure Employer Services, Inc.","6","769","and delayed draw commitments","2,547"
"SRC046","153","8","Victors Purchaser, LLC","1","337","draw loan commitments","48,313"
"SRC046","153","8","Victors Purchaser, LLC","2","422","Less: funded commitments","(2,193)"
"SRC046","153","8","Victors Purchaser, LLC","4","509","Total unfunded commitments","46,120"
"SRC046","153","8","Victors Purchaser, LLC","6","769","and delayed draw commitments","46,120"
"SRC046","153","9","Village Pet Care, LLC","1","337","draw loan commitments","3,327"
"SRC046","153","9","Village Pet Care, LLC","2","422","Less: funded commitments","(365)"
"SRC046","153","9","Village Pet Care, LLC","4","509","Total unfunded commitments","2,962"
"SRC046","153","9","Village Pet Care, LLC","6","769","and delayed draw commitments","2,962"
"SRC046","153","10","Violin Finco Guernsey Limited*","1","337","draw loan commitments","7,173"
"SRC046","153","10","Violin Finco Guernsey Limited*","4","509","Total unfunded commitments","7,173"
"SRC046","153","10","Violin Finco Guernsey Limited*","6","769","and delayed draw commitments","7,173"
"SRC046","153","11","Volunteer AcquisitionCo, LLC","1","337","draw loan commitments","758"
"SRC046","153","11","Volunteer AcquisitionCo, LLC","4","509","Total unfunded commitments","758"
"SRC046","153","11","Volunteer AcquisitionCo, LLC","6","769","and delayed draw commitments","758"
"SRC046","153","12","Vybond Buyer, LLC","1","337","draw loan commitments","14,000"
"SRC046","153","12","Vybond Buyer, LLC","4","509","Total unfunded commitments","14,000"
"SRC046","153","12","Vybond Buyer, LLC","6","769","and delayed draw commitments","14,000"
"SRC046","153","13","WC ORS Buyer, Inc.","1","337","draw loan commitments","14,346"
"SRC046","153","13","WC ORS Buyer, Inc.","2","422","Less: funded commitments","(2,582)"
"SRC046","153","13","WC ORS Buyer, Inc.","4","509","Total unfunded commitments","11,764"
"SRC046","153","13","WC ORS Buyer, Inc.","6","769","and delayed draw commitments","11,764"
"SRC046","153","14","Wealth Enhancement Group, LLC","1","337","draw loan commitments","12,500"
"SRC046","153","14","Wealth Enhancement Group, LLC","4","509","Total unfunded commitments","12,500"
"SRC046","153","14","Wealth Enhancement Group, LLC","6","769","and delayed draw commitments","12,500"
"SRC046","153","15","WH BorrowerCo, LLC","1","337","draw loan commitments","12,271"
"SRC046","153","15","WH BorrowerCo, LLC","2","422","Less: funded commitments","(1,048)"
"SRC046","153","15","WH BorrowerCo, LLC","4","509","Total unfunded commitments","11,223"
"SRC046","153","15","WH BorrowerCo, LLC","6","769","and delayed draw commitments","11,223"
"SRC046","153","16","Wisdom Purchaser, LLC","1","337","draw loan commitments","5,156"
"SRC046","153","16","Wisdom Purchaser, LLC","4","509","Total unfunded commitments","5,156"
"SRC046","153","16","Wisdom Purchaser, LLC","6","769","and delayed draw commitments","5,156"
"SRC046","153","17","Zafin Labs Americas Incorporated","1","337","draw loan commitments","2,500"
"SRC046","153","17","Zafin Labs Americas Incorporated","4","509","Total unfunded commitments","2,500"
"SRC046","153","17","Zafin Labs Americas Incorporated","6","769","and delayed draw commitments","2,500"
"SRC046","153","18","Zendesk, Inc.","1","337","draw loan commitments","13,400"
"SRC046","153","18","Zendesk, Inc.","4","509","Total unfunded commitments","13,400"
"SRC046","153","18","Zendesk, Inc.","6","769","and delayed draw commitments","13,400"
"SRC046","153","19","Zeus Company LLC","1","337","draw loan commitments","12,566"
"SRC046","153","19","Zeus Company LLC","4","509","Total unfunded commitments","12,566"
"SRC046","153","19","Zeus Company LLC","5","683","other covenant restrictions","5,027"
"SRC046","153","19","Zeus Company LLC","6","769","and delayed draw commitments","7,539"
"SRC046","153","20","Total $ 3,874,828","2","422","Less: funded commitments","(172,106)"
"SRC046","153","20","Total $ 3,874,828","4","509","Total unfunded commitments","3,702,722"
"SRC046","153","20","Total $ 3,874,828","5","683","other covenant restrictions","44,972"
"SRC046","153","20","Total $ 3,874,828","6","769","and delayed draw commitments","3,635,794"
"SRC046","155","1","Aerospace & Defense $","1","352","Lien - Secured Debt","779,778"
"SRC046","155","1","Aerospace & Defense $","5","762","Total","779,778"
"SRC046","155","2","Air Freight & Logistics","1","352","Lien - Secured Debt","14,789"
"SRC046","155","2","Air Freight & Logistics","5","762","Total","14,789"
"SRC046","155","3","Automobile Components","1","352","Lien - Secured Debt","266,253"
"SRC046","155","3","Automobile Components","5","762","Total","266,253"
"SRC046","155","4","Banks","1","352","Lien - Secured Debt","232,892"
"SRC046","155","4","Banks","5","762","Total","268,008"
"SRC046","155","5","Beverages","1","352","Lien - Secured Debt","39,702"
"SRC046","155","5","Beverages","5","762","Total","39,702"
"SRC046","155","6","Building Products","1","352","Lien - Secured Debt","515,434"
"SRC046","155","6","Building Products","5","762","Total","515,434"
"SRC046","155","7","Capital Markets","1","352","Lien - Secured Debt","468,162"
"SRC046","155","7","Capital Markets","5","762","Total","468,162"
"SRC046","155","8","Chemicals","1","352","Lien - Secured Debt","168,728"
"SRC046","155","8","Chemicals","4","691","Common Equity","100"
"SRC046","155","8","Chemicals","5","762","Total","168,828"
"SRC046","155","9","Commercial Services & Supplies","1","352","Lien - Secured Debt","1,444,984"
"SRC046","155","9","Commercial Services & Supplies","2","435","Second Lien - Secured Debt","33,700"
"SRC046","155","9","Commercial Services & Supplies","3","611","Preferred Equity","51"
"SRC046","155","9","Commercial Services & Supplies","5","762","Total","1,478,735"
"SRC046","155","10","Communications Equipment","1","352","Lien - Secured Debt","271,507"
"SRC046","155","10","Communications Equipment","4","691","Common Equity","3,465"
"SRC046","155","10","Communications Equipment","5","762","Total","274,972"
"SRC046","155","11","Construction & Engineering","1","352","Lien - Secured Debt","327,209"
"SRC046","155","11","Construction & Engineering","4","691","Common Equity","151"
"SRC046","155","11","Construction & Engineering","5","762","Total","327,360"
"SRC046","155","12","Construction Materials","1","352","Lien - Secured Debt","25,155"
"SRC046","155","12","Construction Materials","5","762","Total","25,155"
"SRC046","155","13","Consumer Staples Distribution & Retail","1","352","Lien - Secured Debt","444,406"
"SRC046","155","13","Consumer Staples Distribution & Retail","5","762","Total","444,406"
"SRC046","155","14","Containers & Packaging","1","352","Lien - Secured Debt","179,159"
"SRC046","155","14","Containers & Packaging","5","762","Total","179,159"
"SRC046","155","15","Distributors","1","352","Lien - Secured Debt","59,475"
"SRC046","155","15","Distributors","5","762","Total","59,475"
"SRC046","155","16","Diversified Consumer Services","1","352","Lien - Secured Debt","1,014,561"
"SRC046","155","16","Diversified Consumer Services","5","762","Total","1,014,561"
"SRC046","155","17","Diversified REITs","1","352","Lien - Secured Debt","30,559"
"SRC046","155","17","Diversified REITs","5","762","Total","30,559"
"SRC046","155","18","Diversified Telecommunication Services","1","352","Lien - Secured Debt","306,093"
"SRC046","155","18","Diversified Telecommunication Services","5","762","Total","306,093"
"SRC046","155","19","Electric Utilities","1","352","Lien - Secured Debt","199,982"
"SRC046","155","19","Electric Utilities","5","762","Total","199,982"
"SRC046","155","20","Electrical Equipment","1","352","Lien - Secured Debt","25,592"
"SRC046","155","20","Electrical Equipment","5","762","Total","25,592"
"SRC046","155","21","Electronic Equipment, Instruments & Components","1","352","Lien - Secured Debt","98,555"
"SRC046","155","21","Electronic Equipment, Instruments & Components","5","762","Total","98,555"
"SRC046","155","22","Energy Equipment & Services","1","352","Lien - Secured Debt","46,991"
"SRC046","155","22","Energy Equipment & Services","5","762","Total","46,991"
"SRC046","155","23","Entertainment","1","352","Lien - Secured Debt","193,087"
"SRC046","155","23","Entertainment","5","762","Total","193,087"
"SRC046","155","24","Financial Services","1","352","Lien - Secured Debt","1,640,089"
"SRC046","155","24","Financial Services","3","611","Preferred Equity","5,940"
"SRC046","155","24","Financial Services","5","762","Total","1,646,029"
"SRC046","155","25","Food Products","1","352","Lien - Secured Debt","39,955"
"SRC046","155","25","Food Products","4","691","Common Equity","125"
"SRC046","155","25","Food Products","5","762","Total","40,080"
"SRC046","155","26","Gas Utilities","1","352","Lien - Secured Debt","30,466"
"SRC046","155","26","Gas Utilities","5","762","Total","30,466"
"SRC046","155","27","Ground Transportation","1","352","Lien - Secured Debt","155,644"
"SRC046","155","27","Ground Transportation","5","762","Total","155,644"
"SRC046","156","1","Health Care Equipment & Supplies $","1","344","Lien - Secured Debt","264,480"
"SRC046","156","1","Health Care Equipment & Supplies $","6","748","Total","264,480"
"SRC046","156","2","Health Care Providers & Services","1","344","Lien - Secured Debt","1,757,490"
"SRC046","156","2","Health Care Providers & Services","6","748","Total","1,757,490"
"SRC046","156","3","Health Care Technology","1","344","Lien - Secured Debt","585,670"
"SRC046","156","3","Health Care Technology","6","748","Total","585,670"
"SRC046","156","4","Hotels, Restaurants & Leisure","1","344","Lien - Secured Debt","991,567"
"SRC046","156","4","Hotels, Restaurants & Leisure","3","515","Unsecured Debt","10,398"
"SRC046","156","4","Hotels, Restaurants & Leisure","6","748","Total","1,001,965"
"SRC046","156","5","Household Durables","1","344","Lien - Secured Debt","199,316"
"SRC046","156","5","Household Durables","6","748","Total","199,316"
"SRC046","156","6","Household Products","1","344","Lien - Secured Debt","107,384"
"SRC046","156","6","Household Products","5","694","Common Equity","100"
"SRC046","156","6","Household Products","6","748","Total","107,484"
"SRC046","156","7","Independent Power & Renewable Electricity Producers","1","344","Lien - Secured Debt","28,554"
"SRC046","156","7","Independent Power & Renewable Electricity Producers","3","515","Unsecured Debt","30"
"SRC046","156","7","Independent Power & Renewable Electricity Producers","6","748","Total","28,584"
"SRC046","156","8","Industrial Conglomerates","5","694","Common Equity","90"
"SRC046","156","8","Industrial Conglomerates","6","748","Total","90"
"SRC046","156","9","Insurance","1","344","Lien - Secured Debt","1,107,209"
"SRC046","156","9","Insurance","4","606","Preferred Equity","49"
"SRC046","156","9","Insurance","6","748","Total","1,107,258"
"SRC046","156","10","Interactive Media & Services","1","344","Lien - Secured Debt","316,178"
"SRC046","156","10","Interactive Media & Services","6","748","Total","316,178"
"SRC046","156","11","IT Services","1","344","Lien - Secured Debt","296,248"
"SRC046","156","11","IT Services","5","694","Common Equity","77"
"SRC046","156","11","IT Services","6","748","Total","296,325"
"SRC046","156","12","Leisure Products","1","344","Lien - Secured Debt","183,095"
"SRC046","156","12","Leisure Products","6","748","Total","183,095"
"SRC046","156","13","Life Sciences Tools & Services","1","344","Lien - Secured Debt","376,176"
"SRC046","156","13","Life Sciences Tools & Services","6","748","Total","376,176"
"SRC046","156","14","Machinery","1","344","Lien - Secured Debt","429,837"
"SRC046","156","14","Machinery","6","748","Total","429,837"
"SRC046","156","15","Media","1","344","Lien - Secured Debt","866,811"
"SRC046","156","15","Media","6","748","Total","866,811"
"SRC046","156","16","Multi-Utilities","1","344","Lien - Secured Debt","30,976"
"SRC046","156","16","Multi-Utilities","6","748","Total","30,976"
"SRC046","156","17","Oil, Gas & Consumable Fuels","1","344","Lien - Secured Debt","127,265"
"SRC046","156","17","Oil, Gas & Consumable Fuels","6","748","Total","127,265"
"SRC046","156","18","Paper & Forest Products","1","344","Lien - Secured Debt","26,844"
"SRC046","156","18","Paper & Forest Products","6","748","Total","26,844"
"SRC046","156","19","Personal Care Products","1","344","Lien - Secured Debt","550,420"
"SRC046","156","19","Personal Care Products","5","694","Common Equity","33"
"SRC046","156","19","Personal Care Products","6","748","Total","550,453"
"SRC046","156","20","Pharmaceuticals","1","344","Lien - Secured Debt","558,012"
"SRC046","156","20","Pharmaceuticals","4","606","Preferred Equity","215"
"SRC046","156","20","Pharmaceuticals","5","694","Common Equity","103"
"SRC046","156","20","Pharmaceuticals","6","748","Total","558,330"
"SRC046","156","21","Professional Services","1","344","Lien - Secured Debt","1,100,940"
"SRC046","156","21","Professional Services","6","748","Total","1,100,940"
"SRC046","156","22","Real Estate Management & Development","1","344","Lien - Secured Debt","66,780"
"SRC046","156","22","Real Estate Management & Development","6","748","Total","66,780"
"SRC046","156","23","Semiconductors & Semiconductor Equipment","1","344","Lien - Secured Debt","24,969"
"SRC046","156","23","Semiconductors & Semiconductor Equipment","6","748","Total","24,969"
"SRC046","156","24","Software","1","344","Lien - Secured Debt","3,301,633"
"SRC046","156","24","Software","6","748","Total","3,301,633"
"SRC046","156","25","Specialty Retail","1","344","Lien - Secured Debt","418,487"
"SRC046","156","25","Specialty Retail","6","748","Total","418,487"
"SRC046","156","26","Technology Hardware, Storage & Peripherals","1","344","Lien - Secured Debt","471,529"
"SRC046","156","26","Technology Hardware, Storage & Peripherals","5","694","Common Equity","13,750"
"SRC046","156","26","Technology Hardware, Storage & Peripherals","6","748","Total","485,279"
"SRC046","156","27","Textiles, Apparel & Luxury Goods","1","344","Lien - Secured Debt","375,963"
"SRC046","156","27","Textiles, Apparel & Luxury Goods","6","748","Total","375,963"
"SRC046","156","28","Trading Companies & Distributors","1","344","Lien - Secured Debt","191,890"
"SRC046","156","28","Trading Companies & Distributors","5","694","Common Equity","90"
"SRC046","156","28","Trading Companies & Distributors","6","748","Total","191,980"
"SRC046","156","29","Transportation Infrastructure","1","344","Lien - Secured Debt","442,279"
"SRC046","156","29","Transportation Infrastructure","6","748","Total","442,279"
"SRC046","156","30","Wireless Telecommunication Services","1","344","Lien - Secured Debt","93,633"
"SRC046","156","30","Wireless Telecommunication Services","6","748","Total","93,633"
"SRC046","156","31","Total $ 24,310,842","2","429","Second Lien - Secured Debt","33,700"
"SRC046","156","31","Total $ 24,310,842","3","515","Unsecured Debt","45,544"
"SRC046","156","31","Total $ 24,310,842","4","606","Preferred Equity","6,255"
"SRC046","156","31","Total $ 24,310,842","5","694","Common Equity","18,084"
"SRC046","156","31","Total $ 24,310,842","6","748","Total","24,414,425"
"SRC046","157","1","Aerospace & Defense $","1","323","Lien - Secured Debt","780,305"
"SRC046","157","1","Aerospace & Defense $","4","706","Total","780,305"
"SRC046","157","1","Aerospace & Defense $","5","773","% of Net Assets","5.3%"
"SRC046","157","2","Air Freight & Logistics","1","323","Lien - Secured Debt","14,888"
"SRC046","157","2","Air Freight & Logistics","4","706","Total","14,888"
"SRC046","157","2","Air Freight & Logistics","5","773","% of Net Assets","0.1%"
"SRC046","157","3","Automobile Components","1","323","Lien - Secured Debt","265,223"
"SRC046","157","3","Automobile Components","4","706","Total","265,223"
"SRC046","157","3","Automobile Components","5","773","% of Net Assets","1.8%"
"SRC046","157","4","Banks","1","323","Lien - Secured Debt","235,975"
"SRC046","157","4","Banks","4","706","Total","271,052"
"SRC046","157","4","Banks","5","773","% of Net Assets","1.8%"
"SRC046","157","5","Beverages","1","323","Lien - Secured Debt","40,027"
"SRC046","157","5","Beverages","4","706","Total","40,027"
"SRC046","157","5","Beverages","5","773","% of Net Assets","0.3%"
"SRC046","157","6","Building Products","1","323","Lien - Secured Debt","516,956"
"SRC046","157","6","Building Products","4","706","Total","516,956"
"SRC046","157","6","Building Products","5","773","% of Net Assets","3.5%"
"SRC046","157","7","Capital Markets","1","323","Lien - Secured Debt","474,987"
"SRC046","157","7","Capital Markets","4","706","Total","474,987"
"SRC046","157","7","Capital Markets","5","773","% of Net Assets","3.2%"
"SRC046","157","8","Chemicals","1","323","Lien - Secured Debt","149,200"
"SRC046","157","8","Chemicals","3","646","Common Equity","126"
"SRC046","157","8","Chemicals","4","706","Total","149,326"
"SRC046","157","8","Chemicals","5","773","% of Net Assets","1.0%"
"SRC046","157","9","Commercial Services & Supplies","1","323","Lien - Secured Debt","1,455,724"
"SRC046","157","9","Commercial Services & Supplies","2","573","Preferred Equity","49"
"SRC046","157","9","Commercial Services & Supplies","3","646","Common Equity","28"
"SRC046","157","9","Commercial Services & Supplies","4","706","Total","1,461,036"
"SRC046","157","9","Commercial Services & Supplies","5","773","% of Net Assets","9.9%"
"SRC046","157","10","Communications Equipment","1","323","Lien - Secured Debt","268,612"
"SRC046","157","10","Communications Equipment","3","646","Common Equity","1,193"
"SRC046","157","10","Communications Equipment","4","706","Total","269,805"
"SRC046","157","10","Communications Equipment","5","773","% of Net Assets","1.8%"
"SRC046","157","11","Construction & Engineering","1","323","Lien - Secured Debt","329,697"
"SRC046","157","11","Construction & Engineering","3","646","Common Equity","138"
"SRC046","157","11","Construction & Engineering","4","706","Total","329,835"
"SRC046","157","11","Construction & Engineering","5","773","% of Net Assets","2.2%"
"SRC046","157","12","Construction Materials","1","323","Lien - Secured Debt","25,075"
"SRC046","157","12","Construction Materials","4","706","Total","25,075"
"SRC046","157","12","Construction Materials","5","773","% of Net Assets","0.2%"
"SRC046","157","13","Consumer Staples Distribution & Retail","1","323","Lien - Secured Debt","460,169"
"SRC046","157","13","Consumer Staples Distribution & Retail","4","706","Total","460,169"
"SRC046","157","13","Consumer Staples Distribution & Retail","5","773","% of Net Assets","3.1%"
"SRC046","157","14","Containers & Packaging","1","323","Lien - Secured Debt","175,687"
"SRC046","157","14","Containers & Packaging","4","706","Total","175,687"
"SRC046","157","14","Containers & Packaging","5","773","% of Net Assets","1.2%"
"SRC046","157","15","Distributors","1","323","Lien - Secured Debt","59,451"
"SRC046","157","15","Distributors","4","706","Total","59,451"
"SRC046","157","15","Distributors","5","773","% of Net Assets","0.4%"
"SRC046","157","16","Diversified Consumer Services","1","323","Lien - Secured Debt","1,021,121"
"SRC046","157","16","Diversified Consumer Services","4","706","Total","1,021,121"
"SRC046","157","16","Diversified Consumer Services","5","773","% of Net Assets","6.9%"
"SRC046","157","17","Diversified REITs","1","323","Lien - Secured Debt","30,672"
"SRC046","157","17","Diversified REITs","4","706","Total","30,672"
"SRC046","157","17","Diversified REITs","5","773","% of Net Assets","0.2%"
"SRC046","157","18","Diversified Telecommunication Services","1","323","Lien - Secured Debt","295,215"
"SRC046","157","18","Diversified Telecommunication Services","4","706","Total","295,215"
"SRC046","157","18","Diversified Telecommunication Services","5","773","% of Net Assets","2.0%"
"SRC046","157","19","Electric Utilities","1","323","Lien - Secured Debt","201,273"
"SRC046","157","19","Electric Utilities","4","706","Total","201,273"
"SRC046","157","19","Electric Utilities","5","773","% of Net Assets","1.4%"
"SRC046","157","20","Electrical Equipment","1","323","Lien - Secured Debt","25,850"
"SRC046","157","20","Electrical Equipment","4","706","Total","25,850"
"SRC046","157","20","Electrical Equipment","5","773","% of Net Assets","0.2%"
"SRC046","157","21","Electronic Equipment, Instruments & Components","1","323","Lien - Secured Debt","67,037"
"SRC046","157","21","Electronic Equipment, Instruments & Components","4","706","Total","67,037"
"SRC046","157","21","Electronic Equipment, Instruments & Components","5","773","% of Net Assets","0.5%"
"SRC046","157","22","Energy Equipment & Services","1","323","Lien - Secured Debt","47,251"
"SRC046","157","22","Energy Equipment & Services","4","706","Total","47,251"
"SRC046","157","22","Energy Equipment & Services","5","773","% of Net Assets","0.3%"
"SRC046","157","23","Entertainment","1","323","Lien - Secured Debt","192,589"
"SRC046","157","23","Entertainment","4","706","Total","192,589"
"SRC046","157","23","Entertainment","5","773","% of Net Assets","1.3%"
"SRC046","157","24","Financial Services","1","323","Lien - Secured Debt","1,683,766"
"SRC046","157","24","Financial Services","2","573","Preferred Equity","7,115"
"SRC046","157","24","Financial Services","4","706","Total","1,690,881"
"SRC046","157","24","Financial Services","5","773","% of Net Assets","11.4%"
"SRC046","157","25","Food Products","1","323","Lien - Secured Debt","40,208"
"SRC046","157","25","Food Products","3","646","Common Equity","92"
"SRC046","157","25","Food Products","4","706","Total","40,300"
"SRC046","157","25","Food Products","5","773","% of Net Assets","0.3%"
"SRC046","157","26","Gas Utilities","1","323","Lien - Secured Debt","30,313"
"SRC046","157","26","Gas Utilities","4","706","Total","30,313"
"SRC046","157","26","Gas Utilities","5","773","% of Net Assets","0.2%"
"SRC046","157","27","Ground Transportation","1","323","Lien - Secured Debt","153,962"
"SRC046","157","27","Ground Transportation","4","706","Total","153,962"
"SRC046","157","27","Ground Transportation","5","773","% of Net Assets","1.0%"
"SRC046","158","1","Health Care Equipment & Supplies $","1","316","First Lien - Secured Debt","263,925"
"SRC046","158","1","Health Care Equipment & Supplies $","6","705","Total","263,925"
"SRC046","158","1","Health Care Equipment & Supplies $","7","773","% of Net Assets","1.8%"
"SRC046","158","2","Health Care Providers & Services","1","316","First Lien - Secured Debt","1,732,905"
"SRC046","158","2","Health Care Providers & Services","6","705","Total","1,732,905"
"SRC046","158","2","Health Care Providers & Services","7","773","% of Net Assets","11.7%"
"SRC046","158","3","Health Care Technology","1","316","First Lien - Secured Debt","587,582"
"SRC046","158","3","Health Care Technology","6","705","Total","587,582"
"SRC046","158","3","Health Care Technology","7","773","% of Net Assets","4.0%"
"SRC046","158","4","Hotels, Restaurants & Leisure","1","316","First Lien - Secured Debt","1,008,465"
"SRC046","158","4","Hotels, Restaurants & Leisure","3","469","Unsecured Debt","10,418"
"SRC046","158","4","Hotels, Restaurants & Leisure","6","705","Total","1,018,883"
"SRC046","158","4","Hotels, Restaurants & Leisure","7","773","% of Net Assets","6.9%"
"SRC046","158","5","Household Durables","1","316","First Lien - Secured Debt","201,715"
"SRC046","158","5","Household Durables","6","705","Total","201,715"
"SRC046","158","5","Household Durables","7","773","% of Net Assets","1.4%"
"SRC046","158","6","Household Products","1","316","First Lien - Secured Debt","107,885"
"SRC046","158","6","Household Products","5","650","Common Equity","119"
"SRC046","158","6","Household Products","6","705","Total","108,004"
"SRC046","158","6","Household Products","7","773","% of Net Assets","0.7%"
"SRC046","158","7","Independent Power & Renewable Electricity Producers","1","316","First Lien - Secured Debt","28,707"
"SRC046","158","7","Independent Power & Renewable Electricity Producers","3","469","Unsecured Debt","30"
"SRC046","158","7","Independent Power & Renewable Electricity Producers","6","705","Total","28,737"
"SRC046","158","7","Independent Power & Renewable Electricity Producers","7","773","% of Net Assets","0.2%"
"SRC046","158","8","Industrial Conglomerates","5","650","Common Equity","112"
"SRC046","158","8","Industrial Conglomerates","6","705","Total","112"
"SRC046","158","8","Industrial Conglomerates","7","773","% of Net Assets","0.0%"
"SRC046","158","9","Insurance","1","316","First Lien - Secured Debt","1,111,724"
"SRC046","158","9","Insurance","4","561","Preferred Equity","49"
"SRC046","158","9","Insurance","6","705","Total","1,111,773"
"SRC046","158","9","Insurance","7","773","% of Net Assets","7.5%"
"SRC046","158","10","Interactive Media & Services","1","316","First Lien - Secured Debt","335,382"
"SRC046","158","10","Interactive Media & Services","6","705","Total","335,382"
"SRC046","158","10","Interactive Media & Services","7","773","% of Net Assets","2.3%"
"SRC046","158","11","IT Services","1","316","First Lien - Secured Debt","305,013"
"SRC046","158","11","IT Services","5","650","Common Equity","48"
"SRC046","158","11","IT Services","6","705","Total","305,061"
"SRC046","158","11","IT Services","7","773","% of Net Assets","2.1%"
"SRC046","158","12","Leisure Products","1","316","First Lien - Secured Debt","184,484"
"SRC046","158","12","Leisure Products","6","705","Total","184,484"
"SRC046","158","12","Leisure Products","7","773","% of Net Assets","1.2%"
"SRC046","158","13","Life Sciences Tools & Services","1","316","First Lien - Secured Debt","375,184"
"SRC046","158","13","Life Sciences Tools & Services","6","705","Total","375,184"
"SRC046","158","13","Life Sciences Tools & Services","7","773","% of Net Assets","2.5%"
"SRC046","158","14","Machinery","1","316","First Lien - Secured Debt","429,693"
"SRC046","158","14","Machinery","6","705","Total","429,693"
"SRC046","158","14","Machinery","7","773","% of Net Assets","2.9%"
"SRC046","158","15","Media","1","316","First Lien - Secured Debt","887,940"
"SRC046","158","15","Media","6","705","Total","887,940"
"SRC046","158","15","Media","7","773","% of Net Assets","6.0%"
"SRC046","158","16","Multi-Utilities","1","316","First Lien - Secured Debt","25,530"
"SRC046","158","16","Multi-Utilities","6","705","Total","25,530"
"SRC046","158","16","Multi-Utilities","7","773","% of Net Assets","0.2%"
"SRC046","158","17","Oil, Gas & Consumable Fuels","1","316","First Lien - Secured Debt","126,151"
"SRC046","158","17","Oil, Gas & Consumable Fuels","6","705","Total","126,151"
"SRC046","158","17","Oil, Gas & Consumable Fuels","7","773","% of Net Assets","0.9%"
"SRC046","158","18","Paper & Forest Products","1","316","First Lien - Secured Debt","22,472"
"SRC046","158","18","Paper & Forest Products","6","705","Total","22,472"
"SRC046","158","18","Paper & Forest Products","7","773","% of Net Assets","0.2%"
"SRC046","158","19","Personal Care Products","1","316","First Lien - Secured Debt","551,171"
"SRC046","158","19","Personal Care Products","6","705","Total","551,171"
"SRC046","158","19","Personal Care Products","7","773","% of Net Assets","3.7%"
"SRC046","158","20","Pharmaceuticals","1","316","First Lien - Secured Debt","560,191"
"SRC046","158","20","Pharmaceuticals","4","561","Preferred Equity","180"
"SRC046","158","20","Pharmaceuticals","5","650","Common Equity","228"
"SRC046","158","20","Pharmaceuticals","6","705","Total","560,599"
"SRC046","158","20","Pharmaceuticals","7","773","% of Net Assets","3.8%"
"SRC046","158","21","Professional Services","1","316","First Lien - Secured Debt","1,119,483"
"SRC046","158","21","Professional Services","6","705","Total","1,119,483"
"SRC046","158","21","Professional Services","7","773","% of Net Assets","7.6%"
"SRC046","158","22","Real Estate Management & Development","1","316","First Lien - Secured Debt","66,160"
"SRC046","158","22","Real Estate Management & Development","6","705","Total","66,160"
"SRC046","158","22","Real Estate Management & Development","7","773","% of Net Assets","0.4%"
"SRC046","158","23","Semiconductors & Semiconductor Equipment","1","316","First Lien - Secured Debt","25,000"
"SRC046","158","23","Semiconductors & Semiconductor Equipment","6","705","Total","25,000"
"SRC046","158","23","Semiconductors & Semiconductor Equipment","7","773","% of Net Assets","0.2%"
"SRC046","158","24","Software","1","316","First Lien - Secured Debt","3,322,016"
"SRC046","158","24","Software","6","705","Total","3,322,016"
"SRC046","158","24","Software","7","773","% of Net Assets","22.5%"
"SRC046","158","25","Specialty Retail","1","316","First Lien - Secured Debt","434,273"
"SRC046","158","25","Specialty Retail","6","705","Total","434,273"
"SRC046","158","25","Specialty Retail","7","773","% of Net Assets","2.9%"
"SRC046","158","26","Technology Hardware, Storage & Peripherals","1","316","First Lien - Secured Debt","470,999"
"SRC046","158","26","Technology Hardware, Storage & Peripherals","5","650","Common Equity","13,749"
"SRC046","158","26","Technology Hardware, Storage & Peripherals","6","705","Total","484,748"
"SRC046","158","26","Technology Hardware, Storage & Peripherals","7","773","% of Net Assets","3.3%"
"SRC046","158","27","Textiles, Apparel & Luxury Goods","1","316","First Lien - Secured Debt","375,679"
"SRC046","158","27","Textiles, Apparel & Luxury Goods","6","705","Total","375,679"
"SRC046","158","27","Textiles, Apparel & Luxury Goods","7","773","% of Net Assets","2.5%"
"SRC046","158","28","Trading Companies & Distributors","1","316","First Lien - Secured Debt","192,184"
"SRC046","158","28","Trading Companies & Distributors","5","650","Common Equity","160"
"SRC046","158","28","Trading Companies & Distributors","6","705","Total","192,344"
"SRC046","158","28","Trading Companies & Distributors","7","773","% of Net Assets","1.3%"
"SRC046","158","29","Transportation Infrastructure","1","316","First Lien - Secured Debt","453,571"
"SRC046","158","29","Transportation Infrastructure","6","705","Total","453,571"
"SRC046","158","29","Transportation Infrastructure","7","773","% of Net Assets","3.1%"
"SRC046","158","30","Wireless Telecommunication Services","1","316","First Lien - Secured Debt","94,765"
"SRC046","158","30","Wireless Telecommunication Services","6","705","Total","94,765"
"SRC046","158","30","Wireless Telecommunication Services","7","773","% of Net Assets","0.7%"
"SRC046","158","31","Total $ 24,441,482","2","400","Second Lien - Secured Debt","5,235"
"SRC046","158","31","Total $ 24,441,482","3","469","Unsecured Debt","45,525"
"SRC046","158","31","Total $ 24,441,482","4","561","Preferred Equity","7,393"
"SRC046","158","31","Total $ 24,441,482","5","650","Common Equity","15,993"
"SRC046","158","31","Total $ 24,441,482","6","705","Total","24,515,628"
"SRC046","158","31","Total $ 24,441,482","7","773","% of Net Assets","166.0%"
"SRC046","158","32","% of Net Assets","1","316","First Lien - Secured Debt","165.5%"
"SRC046","158","32","% of Net Assets","2","400","Second Lien - Secured Debt","0.0%"
"SRC046","158","32","% of Net Assets","3","469","Unsecured Debt","0.3%"
"SRC046","158","32","% of Net Assets","4","561","Preferred Equity","0.1%"
"SRC046","158","32","% of Net Assets","5","650","Common Equity","0.1%"
"SRC046","158","32","% of Net Assets","6","705","Total","166.0%"
"SRC046","162","1","Dynasty Acquisition Co., Inc. First Lien Secured Debt - Term Loan S+225, 0.00% Floor 10/31/2031 $","1","562","Par/Shares(3)","5,000"
"SRC046","162","1","Dynasty Acquisition Co., Inc. First Lien Secured Debt - Term Loan S+225, 0.00% Floor 10/31/2031 $","2","629","Cost(29)","4,994"
"SRC046","162","1","Dynasty Acquisition Co., Inc. First Lien Secured Debt - Term Loan S+225, 0.00% Floor 10/31/2031 $","3","692","Fair Value(1)(30)","5,029"
"SRC046","162","2","Ovation Parent Inc First Lien Secured Debt - Term Loan S+350, 0.75% Floor 4/21/2031","1","562","Par/Shares(3)","9,975"
"SRC046","162","2","Ovation Parent Inc First Lien Secured Debt - Term Loan S+350, 0.75% Floor 4/21/2031","2","629","Cost(29)","9,952"
"SRC046","162","2","Ovation Parent Inc First Lien Secured Debt - Term Loan S+350, 0.75% Floor 4/21/2031","3","692","Fair Value(1)(30)","10,056"
"SRC046","162","2","Ovation Parent Inc First Lien Secured Debt - Term Loan S+350, 0.75% Floor 4/21/2031","4","722","","(15)"
"SRC046","162","3","MRO Holdings, Inc. First Lien Secured Debt - Term Loan S+500, 0.50% Floor 12/17/2030","1","562","Par/Shares(3)","90,330"
"SRC046","162","3","MRO Holdings, Inc. First Lien Secured Debt - Term Loan S+500, 0.50% Floor 12/17/2030","2","629","Cost(29)","89,203"
"SRC046","162","3","MRO Holdings, Inc. First Lien Secured Debt - Term Loan S+500, 0.50% Floor 12/17/2030","3","692","Fair Value(1)(30)","91,008"
"SRC046","162","4","Signia Aerospace, LLC First Lien Secured Debt - Term Loan S+300, 0.50% Floor 12/11/2031","1","562","Par/Shares(3)","5,815"
"SRC046","162","4","Signia Aerospace, LLC First Lien Secured Debt - Term Loan S+300, 0.50% Floor 12/11/2031","2","629","Cost(29)","5,801"
"SRC046","162","4","Signia Aerospace, LLC First Lien Secured Debt - Term Loan S+300, 0.50% Floor 12/11/2031","3","692","Fair Value(1)(30)","5,826"
"SRC046","162","4","Signia Aerospace, LLC First Lien Secured Debt - Term Loan S+300, 0.50% Floor 12/11/2031","4","722","","(15)"
"SRC046","162","5","First Lien Secured Debt - Delayed Draw S+300, 0.50% Floor 12/11/2031","2","629","Cost(29)","(1)"
"SRC046","162","6","Transdigm Inc. First Lien Secured Debt - Term Loan S+250, 0.00% Floor 1/19/2032","1","562","Par/Shares(3)","2,826"
"SRC046","162","6","Transdigm Inc. First Lien Secured Debt - Term Loan S+250, 0.00% Floor 1/19/2032","2","629","Cost(29)","2,819"
"SRC046","162","6","Transdigm Inc. First Lien Secured Debt - Term Loan S+250, 0.00% Floor 1/19/2032","3","692","Fair Value(1)(30)","2,835"
"SRC046","162","7","Total Aerospace &","2","629","Cost(29)","112,768"
"SRC046","162","7","Total Aerospace &","3","692","Fair Value(1)(30)","114,754"
"SRC046","162","8","Wand Newco 3, Inc. First Lien Secured Debt - Term Loan S+325, 0.00% Floor 1/30/2031 $","1","562","Par/Shares(3)","23,449"
"SRC046","162","8","Wand Newco 3, Inc. First Lien Secured Debt - Term Loan S+325, 0.00% Floor 1/30/2031 $","2","629","Cost(29)","23,413"
"SRC046","162","8","Wand Newco 3, Inc. First Lien Secured Debt - Term Loan S+325, 0.00% Floor 1/30/2031 $","3","692","Fair Value(1)(30)","23,575"
"SRC046","162","8","Wand Newco 3, Inc. First Lien Secured Debt - Term Loan S+325, 0.00% Floor 1/30/2031 $","4","722","","(14)"
"SRC046","162","9","Truck-Lite Co., LLC First Lien Secured Debt - Term Loan S+575, 0.75% Floor 2/13/2031","1","562","Par/Shares(3)","146,890"
"SRC046","162","9","Truck-Lite Co., LLC First Lien Secured Debt - Term Loan S+575, 0.75% Floor 2/13/2031","2","629","Cost(29)","143,880"
"SRC046","162","9","Truck-Lite Co., LLC First Lien Secured Debt - Term Loan S+575, 0.75% Floor 2/13/2031","3","692","Fair Value(1)(30)","145,583"
"SRC046","162","10","First Lien Secured Debt - Delayed Draw S+575, 0.75% Floor 2/13/2031","2","629","Cost(29)","(316)"
"SRC046","162","10","First Lien Secured Debt - Delayed Draw S+575, 0.75% Floor 2/13/2031","3","692","Fair Value(1)(30)","(142)"
"SRC046","162","11","First Lien Secured Debt - Revolver S+575, 0.75% Floor 2/13/2030","2","629","Cost(29)","(309)"
"SRC046","162","11","First Lien Secured Debt - Revolver S+575, 0.75% Floor 2/13/2030","3","692","Fair Value(1)(30)","(147)"
"SRC046","162","12","Mavis Tire Express Services TopCo, L.P. First Lien Secured Debt - Term Loan S+350, 0.75% Floor 5/4/2028","1","562","Par/Shares(3)","24,489"
"SRC046","162","12","Mavis Tire Express Services TopCo, L.P. First Lien Secured Debt - Term Loan S+350, 0.75% Floor 5/4/2028","2","629","Cost(29)","24,510"
"SRC046","162","12","Mavis Tire Express Services TopCo, L.P. First Lien Secured Debt - Term Loan S+350, 0.75% Floor 5/4/2028","3","692","Fair Value(1)(30)","24,683"
"SRC046","162","12","Mavis Tire Express Services TopCo, L.P. First Lien Secured Debt - Term Loan S+350, 0.75% Floor 5/4/2028","4","722","","(14)"
"SRC046","162","13","Total Automobile Components","2","629","Cost(29)","191,178"
"SRC046","162","13","Total Automobile Components","3","692","Fair Value(1)(30)","193,552"
"SRC046","163","1","G&A Partners Holding Company II, LLC First Lien Secured Debt - Term Loan S+550, 0.75% Floor 3/1/2031 $","1","558","Par/Shares(3)","16,116"
"SRC046","163","1","G&A Partners Holding Company II, LLC First Lien Secured Debt - Term Loan S+550, 0.75% Floor 3/1/2031 $","2","627","Cost(29)","15,821"
"SRC046","163","1","G&A Partners Holding Company II, LLC First Lien Secured Debt - Term Loan S+550, 0.75% Floor 3/1/2031 $","3","696","Fair Value(1)(30)","15,834"
"SRC046","163","2","First Lien Secured Debt - Delayed Draw S+550, 0.75% Floor 3/1/2031","1","558","Par/Shares(3)","631"
"SRC046","163","2","First Lien Secured Debt - Delayed Draw S+550, 0.75% Floor 3/1/2031","2","627","Cost(29)","586"
"SRC046","163","2","First Lien Secured Debt - Delayed Draw S+550, 0.75% Floor 3/1/2031","3","696","Fair Value(1)(30)","507"
"SRC046","163","3","First Lien Secured Debt - Revolver S+550, 0.75% Floor 3/1/2030","2","627","Cost(29)","(30)"
"SRC046","163","3","First Lien Secured Debt - Revolver S+550, 0.75% Floor 3/1/2030","3","696","Fair Value(1)(30)","(31)"
"SRC046","163","4","Total","2","627","Cost(29)","16,377"
"SRC046","163","4","Total","3","696","Fair Value(1)(30)","16,310"
"SRC046","163","5","Azurity Pharmaceuticals, Inc. First Lien Secured Debt - Term Loan S+673, 0.75% Floor 9/20/2027 $","1","558","Par/Shares(3)","43,767"
"SRC046","163","5","Azurity Pharmaceuticals, Inc. First Lien Secured Debt - Term Loan S+673, 0.75% Floor 9/20/2027 $","2","627","Cost(29)","42,869"
"SRC046","163","5","Azurity Pharmaceuticals, Inc. First Lien Secured Debt - Term Loan S+673, 0.75% Floor 9/20/2027 $","3","696","Fair Value(1)(30)","42,891"
"SRC046","163","5","Azurity Pharmaceuticals, Inc. First Lien Secured Debt - Term Loan S+673, 0.75% Floor 9/20/2027 $","4","726","","(15)"
"SRC046","163","6","Total Biotechnology","2","627","Cost(29)","42,869"
"SRC046","163","6","Total Biotechnology","3","696","Fair Value(1)(30)","42,891"
"SRC046","163","7","Chariot Buyer LLC First Lien Secured Debt - Term Loan S+325, 0.50% Floor 11/3/2028 $","1","558","Par/Shares(3)","20,779"
"SRC046","163","7","Chariot Buyer LLC First Lien Secured Debt - Term Loan S+325, 0.50% Floor 11/3/2028 $","2","627","Cost(29)","20,745"
"SRC046","163","7","Chariot Buyer LLC First Lien Secured Debt - Term Loan S+325, 0.50% Floor 11/3/2028 $","3","696","Fair Value(1)(30)","20,928"
"SRC046","163","7","Chariot Buyer LLC First Lien Secured Debt - Term Loan S+325, 0.50% Floor 11/3/2028 $","4","726","","(14)"
"SRC046","163","8","Kodiak BP, LLC First Lien Secured Debt - Term Loan S+375, 0.00% Floor 12/4/2031","1","558","Par/Shares(3)","40,300"
"SRC046","163","8","Kodiak BP, LLC First Lien Secured Debt - Term Loan S+375, 0.00% Floor 12/4/2031","2","627","Cost(29)","40,098"
"SRC046","163","8","Kodiak BP, LLC First Lien Secured Debt - Term Loan S+375, 0.00% Floor 12/4/2031","3","696","Fair Value(1)(30)","40,380"
"SRC046","163","8","Kodiak BP, LLC First Lien Secured Debt - Term Loan S+375, 0.00% Floor 12/4/2031","4","726","","(15)"
"SRC046","163","9","Omnimax International, LLC First Lien Secured Debt - Term Loan S+575, 1.00% Floor 12/6/2030","1","558","Par/Shares(3)","30,561"
"SRC046","163","9","Omnimax International, LLC First Lien Secured Debt - Term Loan S+575, 1.00% Floor 12/6/2030","2","627","Cost(29)","29,956"
"SRC046","163","9","Omnimax International, LLC First Lien Secured Debt - Term Loan S+575, 1.00% Floor 12/6/2030","3","696","Fair Value(1)(30)","29,950"
"SRC046","163","10","First Lien Secured Debt - Delayed Draw S+575, 1.00% Floor 12/6/2030","2","627","Cost(29)","(93)"
"SRC046","163","10","First Lien Secured Debt - Delayed Draw S+575, 1.00% Floor 12/6/2030","3","696","Fair Value(1)(30)","(94)"
"SRC046","163","11","Reliable Doors, LLC First Lien Secured Debt - Term Loan S+625, 1.00% Floor 10/4/2028","1","558","Par/Shares(3)","6,233"
"SRC046","163","11","Reliable Doors, LLC First Lien Secured Debt - Term Loan S+625, 1.00% Floor 10/4/2028","2","627","Cost(29)","6,134"
"SRC046","163","11","Reliable Doors, LLC First Lien Secured Debt - Term Loan S+625, 1.00% Floor 10/4/2028","3","696","Fair Value(1)(30)","6,233"
"SRC046","163","12","First Lien Secured Debt - Delayed Draw S+625, 1.00% Floor 10/4/2028","1","558","Par/Shares(3)","2,114"
"SRC046","163","12","First Lien Secured Debt - Delayed Draw S+625, 1.00% Floor 10/4/2028","2","627","Cost(29)","2,073"
"SRC046","163","12","First Lien Secured Debt - Delayed Draw S+625, 1.00% Floor 10/4/2028","3","696","Fair Value(1)(30)","2,114"
"SRC046","163","13","First Lien Secured Debt - Revolver S+625, 1.00% Floor 10/4/2028","1","558","Par/Shares(3)","114"
"SRC046","163","13","First Lien Secured Debt - Revolver S+625, 1.00% Floor 10/4/2028","2","627","Cost(29)","105"
"SRC046","163","13","First Lien Secured Debt - Revolver S+625, 1.00% Floor 10/4/2028","3","696","Fair Value(1)(30)","114"
"SRC046","164","1","R.F. Fager Company, LLC First Lien Secured Debt - Term Loan S+525, 1.00% Floor 3/4/2030","1","558","Par/Shares(3)","3,102"
"SRC046","164","1","R.F. Fager Company, LLC First Lien Secured Debt - Term Loan S+525, 1.00% Floor 3/4/2030","2","627","Cost(29)","3,039"
"SRC046","164","1","R.F. Fager Company, LLC First Lien Secured Debt - Term Loan S+525, 1.00% Floor 3/4/2030","3","696","Fair Value(1)(30)","3,047"
"SRC046","164","2","First Lien Secured Debt - Delayed Draw S+525, 1.00% Floor 3/4/2030","2","627","Cost(29)","(10)"
"SRC046","164","2","First Lien Secured Debt - Delayed Draw S+525, 1.00% Floor 3/4/2030","3","696","Fair Value(1)(30)","(18)"
"SRC046","164","3","First Lien Secured Debt - Revolver S+525, 1.00% Floor 3/4/2030","2","627","Cost(29)","(16)"
"SRC046","164","3","First Lien Secured Debt - Revolver S+525, 1.00% Floor 3/4/2030","3","696","Fair Value(1)(30)","(15)"
"SRC046","164","4","LBM Acquisition, LLC First Lien Secured Debt - Term Loan S+385, 0.75% Floor 12/17/2027","1","558","Par/Shares(3)","43,336"
"SRC046","164","4","LBM Acquisition, LLC First Lien Secured Debt - Term Loan S+385, 0.75% Floor 12/17/2027","2","627","Cost(29)","43,015"
"SRC046","164","4","LBM Acquisition, LLC First Lien Secured Debt - Term Loan S+385, 0.75% Floor 12/17/2027","3","696","Fair Value(1)(30)","43,499"
"SRC046","164","4","LBM Acquisition, LLC First Lien Secured Debt - Term Loan S+385, 0.75% Floor 12/17/2027","4","726","","(14)"
"SRC046","164","5","VC GB Holdings I Corp First Lien Secured Debt - Term Loan S+350, 0.50% Floor 7/21/2028","1","558","Par/Shares(3)","19,086"
"SRC046","164","5","VC GB Holdings I Corp First Lien Secured Debt - Term Loan S+350, 0.50% Floor 7/21/2028","2","627","Cost(29)","19,036"
"SRC046","164","5","VC GB Holdings I Corp First Lien Secured Debt - Term Loan S+350, 0.50% Floor 7/21/2028","3","696","Fair Value(1)(30)","19,120"
"SRC046","164","5","VC GB Holdings I Corp First Lien Secured Debt - Term Loan S+350, 0.50% Floor 7/21/2028","4","726","","(15)"
"SRC046","164","6","Total Building","2","627","Cost(29)","164,082"
"SRC046","164","6","Total Building","3","696","Fair Value(1)(30)","165,258"
"SRC046","164","7","Arrowhead Holdco Company First Lien Secured Debt - Term Loan PIK) 8/31/2028 $","1","558","Par/Shares(3)","10,134"
"SRC046","164","7","Arrowhead Holdco Company First Lien Secured Debt - Term Loan PIK) 8/31/2028 $","2","627","Cost(29)","10,134"
"SRC046","164","7","Arrowhead Holdco Company First Lien Secured Debt - Term Loan PIK) 8/31/2028 $","3","696","Fair Value(1)(30)","8,740"
"SRC046","164","8","Dragon Buyer Inc First Lien Secured Debt - Term Loan S+325, 0.00% Floor 9/30/2031","1","558","Par/Shares(3)","6,368"
"SRC046","164","8","Dragon Buyer Inc First Lien Secured Debt - Term Loan S+325, 0.00% Floor 9/30/2031","2","627","Cost(29)","6,337"
"SRC046","164","8","Dragon Buyer Inc First Lien Secured Debt - Term Loan S+325, 0.00% Floor 9/30/2031","3","696","Fair Value(1)(30)","6,390"
"SRC046","164","8","Dragon Buyer Inc First Lien Secured Debt - Term Loan S+325, 0.00% Floor 9/30/2031","4","726","","(15)"
"SRC046","164","9","The Edelman Financial Center, LLC First Lien Secured Debt - Term Loan S+300, 0.00% Floor 4/7/2028","1","558","Par/Shares(3)","37,570"
"SRC046","164","9","The Edelman Financial Center, LLC First Lien Secured Debt - Term Loan S+300, 0.00% Floor 4/7/2028","2","627","Cost(29)","37,584"
"SRC046","164","9","The Edelman Financial Center, LLC First Lien Secured Debt - Term Loan S+300, 0.00% Floor 4/7/2028","3","696","Fair Value(1)(30)","37,858"
"SRC046","164","9","The Edelman Financial Center, LLC First Lien Secured Debt - Term Loan S+300, 0.00% Floor 4/7/2028","4","726","","(14)"
"SRC046","164","10","Focus Financial Partners, LLC First Lien Secured Debt - Term Loan S+325, 0.00% Floor 9/15/2031","1","558","Par/Shares(3)","29,799"
"SRC046","164","10","Focus Financial Partners, LLC First Lien Secured Debt - Term Loan S+325, 0.00% Floor 9/15/2031","2","627","Cost(29)","29,726"
"SRC046","164","10","Focus Financial Partners, LLC First Lien Secured Debt - Term Loan S+325, 0.00% Floor 9/15/2031","3","696","Fair Value(1)(30)","30,110"
"SRC046","164","10","Focus Financial Partners, LLC First Lien Secured Debt - Term Loan S+325, 0.00% Floor 9/15/2031","4","726","","(14)"
"SRC046","164","11","First Lien Secured Debt - Delayed Draw S+325, 0.00% Floor 9/15/2031","4","726","","(28)"
"SRC046","164","12","Rialto Management Group, LLC First Lien Secured Debt - Term Loan S+500, 0.75% Floor 12/5/2030","1","558","Par/Shares(3)","70,567"
"SRC046","164","12","Rialto Management Group, LLC First Lien Secured Debt - Term Loan S+500, 0.75% Floor 12/5/2030","2","627","Cost(29)","69,869"
"SRC046","164","12","Rialto Management Group, LLC First Lien Secured Debt - Term Loan S+500, 0.75% Floor 12/5/2030","3","696","Fair Value(1)(30)","69,861"
"SRC046","164","13","First Lien Secured Debt - Revolver S+500, 0.75% Floor 12/5/2030","2","627","Cost(29)","(24)"
"SRC046","164","13","First Lien Secured Debt - Revolver S+500, 0.75% Floor 12/5/2030","3","696","Fair Value(1)(30)","(24)"
"SRC046","164","14","Kane Bidco Limited First Lien Secured Debt - Corporate Bond SONIA+635, 0.00% Floor 2/15/2028 £","1","558","Par/Shares(3)","69,000"
"SRC046","164","14","Kane Bidco Limited First Lien Secured Debt - Corporate Bond SONIA+635, 0.00% Floor 2/15/2028 £","2","627","Cost(29)","86,473"
"SRC046","164","14","Kane Bidco Limited First Lien Secured Debt - Corporate Bond SONIA+635, 0.00% Floor 2/15/2028 £","3","696","Fair Value(1)(30)","86,869"
"SRC046","164","15","First Lien Secured Debt - Corporate Bond 6.50% 2/15/2027 £","1","558","Par/Shares(3)","2,000"
"SRC046","164","15","First Lien Secured Debt - Corporate Bond 6.50% 2/15/2027 £","2","627","Cost(29)","2,387"
"SRC046","164","15","First Lien Secured Debt - Corporate Bond 6.50% 2/15/2027 £","3","696","Fair Value(1)(30)","2,512"
"SRC046","164","16","First Lien Secured Debt - Corporate Bond 5.00% 2/15/2027 €","1","558","Par/Shares(3)","1,000"
"SRC046","164","16","First Lien Secured Debt - Corporate Bond 5.00% 2/15/2027 €","2","627","Cost(29)","1,088"
"SRC046","164","16","First Lien Secured Debt - Corporate Bond 5.00% 2/15/2027 €","3","696","Fair Value(1)(30)","1,039"
"SRC046","164","17","Total Capital","2","627","Cost(29)","243,574"
"SRC046","164","17","Total Capital","3","696","Fair Value(1)(30)","243,355"
"SRC046","165","1","LSF11 A5 HoldCo LLC First Lien Secured Debt - Term Loan S+361, 0.50% Floor 10/15/2028 $","1","563","Par/Shares(3)","37,485"
"SRC046","165","1","LSF11 A5 HoldCo LLC First Lien Secured Debt - Term Loan S+361, 0.50% Floor 10/15/2028 $","2","632","Cost(29)","37,259"
"SRC046","165","1","LSF11 A5 HoldCo LLC First Lien Secured Debt - Term Loan S+361, 0.50% Floor 10/15/2028 $","3","701","Fair Value(1)(30)","37,763"
"SRC046","165","1","LSF11 A5 HoldCo LLC First Lien Secured Debt - Term Loan S+361, 0.50% Floor 10/15/2028 $","4","727","","(14)"
"SRC046","165","2","Heubach Holdings USA LLC First Lien Secured Debt - Term Loan S+1026, 1.00% Floor 4/30/2024","1","563","Par/Shares(3)","1,657"
"SRC046","165","2","Heubach Holdings USA LLC First Lien Secured Debt - Term Loan S+1026, 1.00% Floor 4/30/2024","2","632","Cost(29)","1,457"
"SRC046","165","2","Heubach Holdings USA LLC First Lien Secured Debt - Term Loan S+1026, 1.00% Floor 4/30/2024","3","701","Fair Value(1)(30)","828"
"SRC046","165","3","SK Neptune Husky Group Sarl First Lien Secured Debt - Term Loan S+715, 0.50% Floor 1/3/2029","1","563","Par/Shares(3)","9,588"
"SRC046","165","3","SK Neptune Husky Group Sarl First Lien Secured Debt - Term Loan S+715, 0.50% Floor 1/3/2029","2","632","Cost(29)","9,545"
"SRC046","165","4","RMC Topco LLC Common Equity - Equity Unit N/A N/A 100","2","632","Cost(29)","100"
"SRC046","165","4","RMC Topco LLC Common Equity - Equity Unit N/A N/A 100","3","701","Fair Value(1)(30)","118"
"SRC046","165","5","Rochester Midland Corporation First Lien Secured Debt - Term Loan S+625, 1.00% Floor 8/1/2029","1","563","Par/Shares(3)","4,913"
"SRC046","165","5","Rochester Midland Corporation First Lien Secured Debt - Term Loan S+625, 1.00% Floor 8/1/2029","2","632","Cost(29)","4,812"
"SRC046","165","5","Rochester Midland Corporation First Lien Secured Debt - Term Loan S+625, 1.00% Floor 8/1/2029","3","701","Fair Value(1)(30)","4,950"
"SRC046","165","6","First Lien Secured Debt - Delayed Draw S+600, 1.00% Floor 8/1/2029","1","563","Par/Shares(3)","739"
"SRC046","165","6","First Lien Secured Debt - Delayed Draw S+600, 1.00% Floor 8/1/2029","2","632","Cost(29)","606"
"SRC046","165","6","First Lien Secured Debt - Delayed Draw S+600, 1.00% Floor 8/1/2029","3","701","Fair Value(1)(30)","744"
"SRC046","165","7","First Lien Secured Debt - Revolver S+600, 1.00% Floor 8/1/2029","2","632","Cost(29)","(38)"
"SRC046","165","8","Solenis Holding Limited First Lien Secured Debt - Term Loan S+326, 0.50% Floor 6/20/2031","1","563","Par/Shares(3)","27,948"
"SRC046","165","8","Solenis Holding Limited First Lien Secured Debt - Term Loan S+326, 0.50% Floor 6/20/2031","2","632","Cost(29)","27,450"
"SRC046","165","8","Solenis Holding Limited First Lien Secured Debt - Term Loan S+326, 0.50% Floor 6/20/2031","3","701","Fair Value(1)(30)","28,070"
"SRC046","165","8","Solenis Holding Limited First Lien Secured Debt - Term Loan S+326, 0.50% Floor 6/20/2031","4","727","","(15)"
"SRC046","165","9","Vita Global FinCo Limited First Lien Secured Debt - Term Loan SONIA+710, 0.00% Floor 7/6/2027 £","1","563","Par/Shares(3)","16,471"
"SRC046","165","9","Vita Global FinCo Limited First Lien Secured Debt - Term Loan SONIA+710, 0.00% Floor 7/6/2027 £","2","632","Cost(29)","22,335"
"SRC046","165","9","Vita Global FinCo Limited First Lien Secured Debt - Term Loan SONIA+710, 0.00% Floor 7/6/2027 £","3","701","Fair Value(1)(30)","18,558"
"SRC046","165","10","Total Chemicals","2","632","Cost(29)","103,526"
"SRC046","165","10","Total Chemicals","3","701","Fair Value(1)(30)","91,031"
"SRC046","165","11","Allied Universal Holdco LLC First Lien Secured Debt - Term Loan S+385, 0.50% Floor 5/12/2028 $","1","563","Par/Shares(3)","29,215"
"SRC046","165","11","Allied Universal Holdco LLC First Lien Secured Debt - Term Loan S+385, 0.50% Floor 5/12/2028 $","2","632","Cost(29)","29,148"
"SRC046","165","11","Allied Universal Holdco LLC First Lien Secured Debt - Term Loan S+385, 0.50% Floor 5/12/2028 $","3","701","Fair Value(1)(30)","29,346"
"SRC046","165","11","Allied Universal Holdco LLC First Lien Secured Debt - Term Loan S+385, 0.50% Floor 5/12/2028 $","4","727","","(14)"
"SRC046","165","12","GBT US III LLC First Lien Secured Debt - Term Loan S+300, 0.00% Floor 7/25/2031","1","563","Par/Shares(3)","20,000"
"SRC046","165","12","GBT US III LLC First Lien Secured Debt - Term Loan S+300, 0.00% Floor 7/25/2031","2","632","Cost(29)","19,952"
"SRC046","165","12","GBT US III LLC First Lien Secured Debt - Term Loan S+300, 0.00% Floor 7/25/2031","3","701","Fair Value(1)(30)","20,123"
"SRC046","165","13","ACP Avenu Buyer, LLC First Lien Secured Debt - Term Loan S+525, 1.00% Floor 10/2/2029","1","563","Par/Shares(3)","6,188"
"SRC046","165","13","ACP Avenu Buyer, LLC First Lien Secured Debt - Term Loan S+525, 1.00% Floor 10/2/2029","2","632","Cost(29)","6,044"
"SRC046","165","13","ACP Avenu Buyer, LLC First Lien Secured Debt - Term Loan S+525, 1.00% Floor 10/2/2029","3","701","Fair Value(1)(30)","6,095"
"SRC046","165","14","First Lien Secured Debt - Delayed Draw S+525, 1.00% Floor 10/2/2029","1","563","Par/Shares(3)","1,091"
"SRC046","165","14","First Lien Secured Debt - Delayed Draw S+525, 1.00% Floor 10/2/2029","2","632","Cost(29)","1,049"
"SRC046","165","14","First Lien Secured Debt - Delayed Draw S+525, 1.00% Floor 10/2/2029","3","701","Fair Value(1)(30)","1,051"
"SRC046","165","15","First Lien Secured Debt - Revolver S+525, 1.00% Floor 10/2/2029","1","563","Par/Shares(3)","238"
"SRC046","165","15","First Lien Secured Debt - Revolver S+525, 1.00% Floor 10/2/2029","2","632","Cost(29)","215"
"SRC046","165","15","First Lien Secured Debt - Revolver S+525, 1.00% Floor 10/2/2029","3","701","Fair Value(1)(30)","222"
"SRC046","166","1","BDO USA, P.A. First Lien Secured Debt - Term Loan S+500, 2.00% Floor 8/31/2028","1","559","Par/Shares(3)","194,276"
"SRC046","166","1","BDO USA, P.A. First Lien Secured Debt - Term Loan S+500, 2.00% Floor 8/31/2028","2","628","Cost(29)","191,245"
"SRC046","166","1","BDO USA, P.A. First Lien Secured Debt - Term Loan S+500, 2.00% Floor 8/31/2028","3","696","Fair Value(1)(30)","194,277"
"SRC046","166","2","IQN Holding Corp. First Lien Secured Debt - Term Loan S+525, 0.75% Floor 5/2/2029","1","559","Par/Shares(3)","64,119"
"SRC046","166","2","IQN Holding Corp. First Lien Secured Debt - Term Loan S+525, 0.75% Floor 5/2/2029","2","628","Cost(29)","63,700"
"SRC046","166","2","IQN Holding Corp. First Lien Secured Debt - Term Loan S+525, 0.75% Floor 5/2/2029","3","696","Fair Value(1)(30)","64,119"
"SRC046","166","3","First Lien Secured Debt - Revolver S+525, 0.75% Floor 5/2/2028","1","559","Par/Shares(3)","2,011"
"SRC046","166","3","First Lien Secured Debt - Revolver S+525, 0.75% Floor 5/2/2028","2","628","Cost(29)","1,982"
"SRC046","166","3","First Lien Secured Debt - Revolver S+525, 0.75% Floor 5/2/2028","3","696","Fair Value(1)(30)","2,011"
"SRC046","166","4","Bingo Group Buyer, Inc. First Lien Secured Debt - Term Loan S+500, 1.00% Floor 7/10/2031","1","559","Par/Shares(3)","17,523"
"SRC046","166","4","Bingo Group Buyer, Inc. First Lien Secured Debt - Term Loan S+500, 1.00% Floor 7/10/2031","2","628","Cost(29)","17,315"
"SRC046","166","4","Bingo Group Buyer, Inc. First Lien Secured Debt - Term Loan S+500, 1.00% Floor 7/10/2031","3","696","Fair Value(1)(30)","17,348"
"SRC046","166","5","First Lien Secured Debt - Delayed Draw S+500, 1.00% Floor 7/10/2031","2","628","Cost(29)","(31)"
"SRC046","166","5","First Lien Secured Debt - Delayed Draw S+500, 1.00% Floor 7/10/2031","3","696","Fair Value(1)(30)","(54)"
"SRC046","166","6","First Lien Secured Debt - Revolver S+500, 1.00% Floor 7/10/2031","1","559","Par/Shares(3)","63"
"SRC046","166","6","First Lien Secured Debt - Revolver S+500, 1.00% Floor 7/10/2031","2","628","Cost(29)","39"
"SRC046","166","6","First Lien Secured Debt - Revolver S+500, 1.00% Floor 7/10/2031","3","696","Fair Value(1)(30)","42"
"SRC046","166","7","Central Parent Inc First Lien Secured Debt - Term Loan S+325, 0.00% Floor 7/6/2029","1","559","Par/Shares(3)","15,960"
"SRC046","166","7","Central Parent Inc First Lien Secured Debt - Term Loan S+325, 0.00% Floor 7/6/2029","2","628","Cost(29)","15,929"
"SRC046","166","7","Central Parent Inc First Lien Secured Debt - Term Loan S+325, 0.00% Floor 7/6/2029","3","696","Fair Value(1)(30)","15,769"
"SRC046","166","8","AVSC Holding Corp. First Lien Secured Debt - Term Loan S+500, 0.75% Floor 12/5/2031","1","559","Par/Shares(3)","202,349"
"SRC046","166","8","AVSC Holding Corp. First Lien Secured Debt - Term Loan S+500, 0.75% Floor 12/5/2031","2","628","Cost(29)","198,341"
"SRC046","166","8","AVSC Holding Corp. First Lien Secured Debt - Term Loan S+500, 0.75% Floor 12/5/2031","3","696","Fair Value(1)(30)","198,302"
"SRC046","166","9","First Lien Secured Debt - Revolver S+500, 0.75% Floor 12/5/2029","2","628","Cost(29)","(427)"
"SRC046","166","9","First Lien Secured Debt - Revolver S+500, 0.75% Floor 12/5/2029","3","696","Fair Value(1)(30)","(433)"
"SRC046","166","10","Fortis Fire & Safety Holdings LP Common Equity - Equity Unit N/A N/A","1","559","Par/Shares(3)","9"
"SRC046","166","10","Fortis Fire & Safety Holdings LP Common Equity - Equity Unit N/A N/A","2","628","Cost(29)","90"
"SRC046","166","10","Fortis Fire & Safety Holdings LP Common Equity - Equity Unit N/A N/A","3","696","Fair Value(1)(30)","108"
"SRC046","166","11","Garda World Security Corporation First Lien Secured Debt - Term Loan S+350, 0.00% Floor 2/1/2029","1","559","Par/Shares(3)","18,722"
"SRC046","166","11","Garda World Security Corporation First Lien Secured Debt - Term Loan S+350, 0.00% Floor 2/1/2029","2","628","Cost(29)","18,682"
"SRC046","166","11","Garda World Security Corporation First Lien Secured Debt - Term Loan S+350, 0.00% Floor 2/1/2029","3","696","Fair Value(1)(30)","18,828"
"SRC046","166","12","Heritage Environmental Services, Inc. First Lien Secured Debt - Term Loan S+525, 0.75% Floor 1/31/2031","1","559","Par/Shares(3)","87,983"
"SRC046","166","12","Heritage Environmental Services, Inc. First Lien Secured Debt - Term Loan S+525, 0.75% Floor 1/31/2031","2","628","Cost(29)","86,787"
"SRC046","166","12","Heritage Environmental Services, Inc. First Lien Secured Debt - Term Loan S+525, 0.75% Floor 1/31/2031","3","696","Fair Value(1)(30)","88,642"
"SRC046","166","13","First Lien Secured Debt - Term Loan S+500, 0.75% Floor 1/31/2031","1","559","Par/Shares(3)","11,762"
"SRC046","166","13","First Lien Secured Debt - Term Loan S+500, 0.75% Floor 1/31/2031","2","628","Cost(29)","11,705"
"SRC046","166","13","First Lien Secured Debt - Term Loan S+500, 0.75% Floor 1/31/2031","3","696","Fair Value(1)(30)","11,703"
"SRC046","166","14","First Lien Secured Debt - Delayed Draw S+500, 0.75% Floor 1/31/2031","2","628","Cost(29)","(30)"
"SRC046","166","14","First Lien Secured Debt - Delayed Draw S+500, 0.75% Floor 1/31/2031","3","696","Fair Value(1)(30)","(31)"
"SRC046","166","15","First Lien Secured Debt - Revolver S+500, 0.75% Floor 1/31/2030","2","628","Cost(29)","(5)"
"SRC046","166","16","First Lien Secured Debt - Revolver S+550, 4.50% Floor 1/31/2030","2","628","Cost(29)","(155)"
"SRC046","167","1","Mount Olympus Bidco Limited First Lien Secured Debt - Term Loan S+575, 0.50% Floor 8/9/2029","1","562","Par/Shares(3)","13,705"
"SRC046","167","1","Mount Olympus Bidco Limited First Lien Secured Debt - Term Loan S+575, 0.50% Floor 8/9/2029","2","631","Cost(29)","13,419"
"SRC046","167","1","Mount Olympus Bidco Limited First Lien Secured Debt - Term Loan S+575, 0.50% Floor 8/9/2029","3","700","Fair Value(1)(30)","13,431"
"SRC046","167","2","First Lien Secured Debt - Delayed Draw S+575, 0.50% Floor 8/9/2029","1","562","Par/Shares(3)","4,760"
"SRC046","167","2","First Lien Secured Debt - Delayed Draw S+575, 0.50% Floor 8/9/2029","2","631","Cost(29)","4,738"
"SRC046","167","2","First Lien Secured Debt - Delayed Draw S+575, 0.50% Floor 8/9/2029","3","700","Fair Value(1)(30)","4,665"
"SRC046","167","3","First Lien Secured Debt - Delayed Draw S+650, 0.50% Floor 8/9/2029","1","562","Par/Shares(3)","568"
"SRC046","167","3","First Lien Secured Debt - Delayed Draw S+650, 0.50% Floor 8/9/2029","2","631","Cost(29)","538"
"SRC046","167","3","First Lien Secured Debt - Delayed Draw S+650, 0.50% Floor 8/9/2029","3","700","Fair Value(1)(30)","528"
"SRC046","167","4","Ironhorse Purchaser, LLC First Lien Secured Debt - Term Loan S+676, 1.00% Floor 9/30/2027","1","562","Par/Shares(3)","3,037"
"SRC046","167","4","Ironhorse Purchaser, LLC First Lien Secured Debt - Term Loan S+676, 1.00% Floor 9/30/2027","2","631","Cost(29)","2,990"
"SRC046","167","4","Ironhorse Purchaser, LLC First Lien Secured Debt - Term Loan S+676, 1.00% Floor 9/30/2027","3","700","Fair Value(1)(30)","2,976"
"SRC046","167","5","First Lien Secured Debt - Delayed Draw S+676, 1.00% Floor 9/30/2027","2","631","Cost(29)","(21)"
"SRC046","167","5","First Lien Secured Debt - Delayed Draw S+676, 1.00% Floor 9/30/2027","3","700","Fair Value(1)(30)","(29)"
"SRC046","167","6","First Lien Secured Debt - Revolver S+676, 1.00% Floor 9/30/2027","1","562","Par/Shares(3)","157"
"SRC046","167","6","First Lien Secured Debt - Revolver S+676, 1.00% Floor 9/30/2027","2","631","Cost(29)","150"
"SRC046","167","6","First Lien Secured Debt - Revolver S+676, 1.00% Floor 9/30/2027","3","700","Fair Value(1)(30)","147"
"SRC046","167","7","Profile Products LLC First Lien Secured Debt - Term Loan S+585, 0.75% Floor 11/12/2027","1","562","Par/Shares(3)","4,863"
"SRC046","167","7","Profile Products LLC First Lien Secured Debt - Term Loan S+585, 0.75% Floor 11/12/2027","2","631","Cost(29)","4,863"
"SRC046","167","7","Profile Products LLC First Lien Secured Debt - Term Loan S+585, 0.75% Floor 11/12/2027","3","700","Fair Value(1)(30)","4,863"
"SRC046","167","8","Ichnaea UK Bidco Limited First Lien Secured Debt - Term Loan SONIA+600, 0.00% Floor 10/5/2029 £","1","562","Par/Shares(3)","31,000"
"SRC046","167","8","Ichnaea UK Bidco Limited First Lien Secured Debt - Term Loan SONIA+600, 0.00% Floor 10/5/2029 £","2","631","Cost(29)","36,687"
"SRC046","167","8","Ichnaea UK Bidco Limited First Lien Secured Debt - Term Loan SONIA+600, 0.00% Floor 10/5/2029 £","3","700","Fair Value(1)(30)","38,809"
"SRC046","167","9","R. R. Donnelley & Sons Company First Lien Secured Debt - Term Loan S+475, 0.75% Floor 8/8/2029","1","562","Par/Shares(3)","175,560"
"SRC046","167","9","R. R. Donnelley & Sons Company First Lien Secured Debt - Term Loan S+475, 0.75% Floor 8/8/2029","2","631","Cost(29)","170,623"
"SRC046","167","9","R. R. Donnelley & Sons Company First Lien Secured Debt - Term Loan S+475, 0.75% Floor 8/8/2029","3","700","Fair Value(1)(30)","172,049"
"SRC046","167","10","North Haven RI Buyer, LLC First Lien Secured Debt - Term Loan S+500, 1.00% Floor 3/29/2030","1","562","Par/Shares(3)","11,910"
"SRC046","167","10","North Haven RI Buyer, LLC First Lien Secured Debt - Term Loan S+500, 1.00% Floor 3/29/2030","2","631","Cost(29)","11,695"
"SRC046","167","10","North Haven RI Buyer, LLC First Lien Secured Debt - Term Loan S+500, 1.00% Floor 3/29/2030","3","700","Fair Value(1)(30)","11,692"
"SRC046","167","11","First Lien Secured Debt - Delayed Draw S+500, 1.00% Floor 3/29/2030","1","562","Par/Shares(3)","1,390"
"SRC046","167","11","First Lien Secured Debt - Delayed Draw S+500, 1.00% Floor 3/29/2030","2","631","Cost(29)","1,350"
"SRC046","167","11","First Lien Secured Debt - Delayed Draw S+500, 1.00% Floor 3/29/2030","3","700","Fair Value(1)(30)","1,335"
"SRC046","167","12","First Lien Secured Debt - Revolver S+500, 1.00% Floor 3/29/2030","1","562","Par/Shares(3)","1,500"
"SRC046","167","12","First Lien Secured Debt - Revolver S+500, 1.00% Floor 3/29/2030","2","631","Cost(29)","1,456"
"SRC046","167","12","First Lien Secured Debt - Revolver S+500, 1.00% Floor 3/29/2030","3","700","Fair Value(1)(30)","1,455"
"SRC046","167","13","HEF Safety Ultimate Holdings, LLC First Lien Secured Debt - Term Loan S+525, 1.00% Floor 11/19/2029","1","562","Par/Shares(3)","10,539"
"SRC046","167","13","HEF Safety Ultimate Holdings, LLC First Lien Secured Debt - Term Loan S+525, 1.00% Floor 11/19/2029","2","631","Cost(29)","10,313"
"SRC046","167","13","HEF Safety Ultimate Holdings, LLC First Lien Secured Debt - Term Loan S+525, 1.00% Floor 11/19/2029","3","700","Fair Value(1)(30)","10,539"
"SRC046","167","14","First Lien Secured Debt - Delayed Draw S+575, 1.00% Floor 11/19/2029","2","631","Cost(29)","(30)"
"SRC046","167","15","First Lien Secured Debt - Revolver S+525, 1.00% Floor 11/17/2029","1","562","Par/Shares(3)","687"
"SRC046","167","15","First Lien Secured Debt - Revolver S+525, 1.00% Floor 11/17/2029","2","631","Cost(29)","657"
"SRC046","167","15","First Lien Secured Debt - Revolver S+525, 1.00% Floor 11/17/2029","3","700","Fair Value(1)(30)","687"
"SRC046","167","16","CI (Quercus) Intermediate Holdings, LLC First Lien Secured Debt - Term Loan S+515, 0.75% Floor 6/6/2031","1","562","Par/Shares(3)","17,284"
"SRC046","167","16","CI (Quercus) Intermediate Holdings, LLC First Lien Secured Debt - Term Loan S+515, 0.75% Floor 6/6/2031","2","631","Cost(29)","17,116"
"SRC046","167","16","CI (Quercus) Intermediate Holdings, LLC First Lien Secured Debt - Term Loan S+515, 0.75% Floor 6/6/2031","3","700","Fair Value(1)(30)","16,985"
"SRC046","167","17","First Lien Secured Debt - Revolver S+515, 0.75% Floor 6/6/2031","1","562","Par/Shares(3)","189"
"SRC046","167","17","First Lien Secured Debt - Revolver S+515, 0.75% Floor 6/6/2031","2","631","Cost(29)","157"
"SRC046","167","17","First Lien Secured Debt - Revolver S+515, 0.75% Floor 6/6/2031","3","700","Fair Value(1)(30)","149"
"SRC046","168","1","Smith Topco, Inc. First Lien Secured Debt - Term Loan S+550, 1.00% Floor 11/6/2029","1","558","Par/Shares(3)","13,175"
"SRC046","168","1","Smith Topco, Inc. First Lien Secured Debt - Term Loan S+550, 1.00% Floor 11/6/2029","2","627","Cost(29)","12,922"
"SRC046","168","1","Smith Topco, Inc. First Lien Secured Debt - Term Loan S+550, 1.00% Floor 11/6/2029","3","696","Fair Value(1)(30)","13,175"
"SRC046","168","2","First Lien Secured Debt - Revolver S+600, 1.00% Floor 11/6/2029","2","627","Cost(29)","(31)"
"SRC046","168","3","Auctane, Inc. First Lien Secured Debt - Term Loan S+585, 0.75% Floor 10/5/2028","1","558","Par/Shares(3)","31,606"
"SRC046","168","3","Auctane, Inc. First Lien Secured Debt - Term Loan S+585, 0.75% Floor 10/5/2028","2","627","Cost(29)","31,225"
"SRC046","168","3","Auctane, Inc. First Lien Secured Debt - Term Loan S+585, 0.75% Floor 10/5/2028","3","696","Fair Value(1)(30)","31,606"
"SRC046","168","4","SumUp Holdings Luxembourg S.a.r.l. First Lien Secured Debt - Delayed Draw E+661, 1.50% Floor 5/23/2031 €","1","558","Par/Shares(3)","40,000"
"SRC046","168","4","SumUp Holdings Luxembourg S.a.r.l. First Lien Secured Debt - Delayed Draw E+661, 1.50% Floor 5/23/2031 €","2","627","Cost(29)","42,883"
"SRC046","168","4","SumUp Holdings Luxembourg S.a.r.l. First Lien Secured Debt - Delayed Draw E+661, 1.50% Floor 5/23/2031 €","3","696","Fair Value(1)(30)","40,657"
"SRC046","168","4","SumUp Holdings Luxembourg S.a.r.l. First Lien Secured Debt - Delayed Draw E+661, 1.50% Floor 5/23/2031 €","4","726","","8)"
"SRC046","168","5","TZ Buyer LLC First Lien Secured Debt - Term Loan S+610, 0.75% Floor 8/14/2028","1","558","Par/Shares(3)","19,750"
"SRC046","168","5","TZ Buyer LLC First Lien Secured Debt - Term Loan S+610, 0.75% Floor 8/14/2028","2","627","Cost(29)","19,127"
"SRC046","168","5","TZ Buyer LLC First Lien Secured Debt - Term Loan S+610, 0.75% Floor 8/14/2028","3","696","Fair Value(1)(30)","19,404"
"SRC046","168","6","First Lien Secured Debt - Term Loan S+635, 0.75% Floor 8/14/2028","1","558","Par/Shares(3)","17,603"
"SRC046","168","6","First Lien Secured Debt - Term Loan S+635, 0.75% Floor 8/14/2028","2","627","Cost(29)","17,306"
"SRC046","168","6","First Lien Secured Debt - Term Loan S+635, 0.75% Floor 8/14/2028","3","696","Fair Value(1)(30)","17,295"
"SRC046","168","7","First Lien Secured Debt - Delayed Draw S+610, 0.75% Floor 8/14/2028","1","558","Par/Shares(3)","49,476"
"SRC046","168","7","First Lien Secured Debt - Delayed Draw S+610, 0.75% Floor 8/14/2028","2","627","Cost(29)","48,647"
"SRC046","168","7","First Lien Secured Debt - Delayed Draw S+610, 0.75% Floor 8/14/2028","3","696","Fair Value(1)(30)","48,611"
"SRC046","168","8","First Lien Secured Debt - Delayed Draw S+635, 0.75% Floor 8/12/2028","1","558","Par/Shares(3)","4,576"
"SRC046","168","8","First Lien Secured Debt - Delayed Draw S+635, 0.75% Floor 8/12/2028","2","627","Cost(29)","4,511"
"SRC046","168","8","First Lien Secured Debt - Delayed Draw S+635, 0.75% Floor 8/12/2028","3","696","Fair Value(1)(30)","4,496"
"SRC046","168","9","First Lien Secured Debt - Delayed Draw S+585, 0.75% Floor 8/14/2028","1","558","Par/Shares(3)","1,737"
"SRC046","168","9","First Lien Secured Debt - Delayed Draw S+585, 0.75% Floor 8/14/2028","2","627","Cost(29)","1,694"
"SRC046","168","9","First Lien Secured Debt - Delayed Draw S+585, 0.75% Floor 8/14/2028","3","696","Fair Value(1)(30)","1,707"
"SRC046","168","10","First Lien Secured Debt - Revolver S+635, 0.75% Floor 8/14/2028","1","558","Par/Shares(3)","182"
"SRC046","168","10","First Lien Secured Debt - Revolver S+635, 0.75% Floor 8/14/2028","2","627","Cost(29)","172"
"SRC046","168","10","First Lien Secured Debt - Revolver S+635, 0.75% Floor 8/14/2028","3","696","Fair Value(1)(30)","171"
"SRC046","168","11","TZ Parent LLC Common Equity - Equity Unit N/A N/A 50","2","627","Cost(29)","50"
"SRC046","168","11","TZ Parent LLC Common Equity - Equity Unit N/A N/A 50","3","696","Fair Value(1)(30)","94"
"SRC046","168","12","Vortex Opco LLC First Lien Secured Debt - Term Loan S+425, 0.50% Floor 12/17/2028","1","558","Par/Shares(3)","35,177"
"SRC046","168","12","Vortex Opco LLC First Lien Secured Debt - Term Loan S+425, 0.50% Floor 12/17/2028","2","627","Cost(29)","35,079"
"SRC046","168","12","Vortex Opco LLC First Lien Secured Debt - Term Loan S+425, 0.50% Floor 12/17/2028","3","696","Fair Value(1)(30)","22,355"
"SRC046","168","13","First Lien Secured Debt - Term Loan S+625, 0.50% Floor 4/30/2030","1","558","Par/Shares(3)","8,380"
"SRC046","168","13","First Lien Secured Debt - Term Loan S+625, 0.50% Floor 4/30/2030","2","627","Cost(29)","8,117"
"SRC046","168","13","First Lien Secured Debt - Term Loan S+625, 0.50% Floor 4/30/2030","3","696","Fair Value(1)(30)","8,694"
"SRC046","168","14","USA DeBusk LLC First Lien Secured Debt - Term Loan S+525, 0.75% Floor 4/30/2031","1","558","Par/Shares(3)","13,249"
"SRC046","168","14","USA DeBusk LLC First Lien Secured Debt - Term Loan S+525, 0.75% Floor 4/30/2031","2","627","Cost(29)","13,064"
"SRC046","168","14","USA DeBusk LLC First Lien Secured Debt - Term Loan S+525, 0.75% Floor 4/30/2031","3","696","Fair Value(1)(30)","13,080"
"SRC046","168","15","First Lien Secured Debt - Delayed Draw S+525, 0.75% Floor 4/30/2031","1","558","Par/Shares(3)","550"
"SRC046","168","15","First Lien Secured Debt - Delayed Draw S+525, 0.75% Floor 4/30/2031","2","627","Cost(29)","513"
"SRC046","168","15","First Lien Secured Debt - Delayed Draw S+525, 0.75% Floor 4/30/2031","3","696","Fair Value(1)(30)","487"
"SRC046","168","16","First Lien Secured Debt - Revolver S+525, 0.75% Floor 4/30/2030","1","558","Par/Shares(3)","550"
"SRC046","168","16","First Lien Secured Debt - Revolver S+525, 0.75% Floor 4/30/2030","2","627","Cost(29)","525"
"SRC046","168","16","First Lien Secured Debt - Revolver S+525, 0.75% Floor 4/30/2030","3","696","Fair Value(1)(30)","527"
"SRC046","168","16","First Lien Secured Debt - Revolver S+525, 0.75% Floor 4/30/2030","4","726","","28)"
"SRC046","168","17","Total Commercial Services &","2","627","Cost(29)","1,174,080"
"SRC046","168","17","Total Commercial Services &","3","696","Fair Value(1)(30)","1,170,108"
"SRC046","169","1","Commscope, LLC First Lien Secured Debt - Term Loan S+550, 2.00% Floor 12/17/2029 $","1","562","Par/Shares(3)","90,000"
"SRC046","169","1","Commscope, LLC First Lien Secured Debt - Term Loan S+550, 2.00% Floor 12/17/2029 $","2","631","Cost(29)","88,913"
"SRC046","169","1","Commscope, LLC First Lien Secured Debt - Term Loan S+550, 2.00% Floor 12/17/2029 $","3","700","Fair Value(1)(30)","91,294"
"SRC046","169","2","First Lien Secured Debt - Corporate Bond 9.50% 12/15/2031","1","562","Par/Shares(3)","11,000"
"SRC046","169","2","First Lien Secured Debt - Corporate Bond 9.50% 12/15/2031","2","631","Cost(29)","10,757"
"SRC046","169","2","First Lien Secured Debt - Corporate Bond 9.50% 12/15/2031","3","700","Fair Value(1)(30)","11,416"
"SRC046","169","2","First Lien Secured Debt - Corporate Bond 9.50% 12/15/2031","4","726","","(8)"
"SRC046","169","3","Mobile Communications America, Inc. First Lien Secured Debt - Term Loan S+550, 1.00% Floor 10/16/2029","1","562","Par/Shares(3)","8,340"
"SRC046","169","3","Mobile Communications America, Inc. First Lien Secured Debt - Term Loan S+550, 1.00% Floor 10/16/2029","2","631","Cost(29)","8,163"
"SRC046","169","3","Mobile Communications America, Inc. First Lien Secured Debt - Term Loan S+550, 1.00% Floor 10/16/2029","3","700","Fair Value(1)(30)","8,319"
"SRC046","169","4","First Lien Secured Debt - Delayed Draw S+600, 1.00% Floor 10/16/2029","1","562","Par/Shares(3)","518"
"SRC046","169","4","First Lien Secured Debt - Delayed Draw S+600, 1.00% Floor 10/16/2029","2","631","Cost(29)","487"
"SRC046","169","4","First Lien Secured Debt - Delayed Draw S+600, 1.00% Floor 10/16/2029","3","700","Fair Value(1)(30)","511"
"SRC046","169","4","First Lien Secured Debt - Delayed Draw S+600, 1.00% Floor 10/16/2029","4","726","","28)"
"SRC046","169","5","First Lien Secured Debt - Revolver S+525, 1.00% Floor 10/16/2029","1","562","Par/Shares(3)","340"
"SRC046","169","5","First Lien Secured Debt - Revolver S+525, 1.00% Floor 10/16/2029","2","631","Cost(29)","312"
"SRC046","169","5","First Lien Secured Debt - Revolver S+525, 1.00% Floor 10/16/2029","3","700","Fair Value(1)(30)","336"
"SRC046","169","6","MLN US Holdco LLC First Lien Secured Debt - Term Loan 11.13% 10/18/2027","1","562","Par/Shares(3)","6,395"
"SRC046","169","6","MLN US Holdco LLC First Lien Secured Debt - Term Loan 11.13% 10/18/2027","2","631","Cost(29)","6,244"
"SRC046","169","6","MLN US Holdco LLC First Lien Secured Debt - Term Loan 11.13% 10/18/2027","3","700","Fair Value(1)(30)","4,668"
"SRC046","169","7","Second Lien Secured Debt - Term Loan 11.39% 10/18/2027","1","562","Par/Shares(3)","38,156"
"SRC046","169","7","Second Lien Secured Debt - Term Loan 11.39% 10/18/2027","2","631","Cost(29)","36,810"
"SRC046","169","7","Second Lien Secured Debt - Term Loan 11.39% 10/18/2027","3","700","Fair Value(1)(30)","5,723"
"SRC046","169","8","Total Communications Equipment","2","631","Cost(29)","151,686"
"SRC046","169","8","Total Communications Equipment","3","700","Fair Value(1)(30)","122,267"
"SRC046","169","9","American Restoration Holdings, LLC First Lien Secured Debt - Term Loan S+500, 1.00% Floor 7/24/2030 $","1","562","Par/Shares(3)","6,463"
"SRC046","169","9","American Restoration Holdings, LLC First Lien Secured Debt - Term Loan S+500, 1.00% Floor 7/24/2030 $","2","631","Cost(29)","6,341"
"SRC046","169","9","American Restoration Holdings, LLC First Lien Secured Debt - Term Loan S+500, 1.00% Floor 7/24/2030 $","3","700","Fair Value(1)(30)","6,350"
"SRC046","169","10","First Lien Secured Debt - Delayed Draw S+500, 1.00% Floor 7/24/2030","1","562","Par/Shares(3)","5,222"
"SRC046","169","10","First Lien Secured Debt - Delayed Draw S+500, 1.00% Floor 7/24/2030","2","631","Cost(29)","5,110"
"SRC046","169","10","First Lien Secured Debt - Delayed Draw S+500, 1.00% Floor 7/24/2030","3","700","Fair Value(1)(30)","5,105"
"SRC046","169","11","First Lien Secured Debt - Revolver S+500, 1.00% Floor 7/24/2030","1","562","Par/Shares(3)","389"
"SRC046","169","11","First Lien Secured Debt - Revolver S+500, 1.00% Floor 7/24/2030","2","631","Cost(29)","356"
"SRC046","169","11","First Lien Secured Debt - Revolver S+500, 1.00% Floor 7/24/2030","3","700","Fair Value(1)(30)","358"
"SRC046","169","12","Project Ardent Bidco Limited First Lien Secured Debt - Term Loan SONIA+550, 0.00% Floor 11/12/2031 £","1","562","Par/Shares(3)","163,000"
"SRC046","169","12","Project Ardent Bidco Limited First Lien Secured Debt - Term Loan SONIA+550, 0.00% Floor 11/12/2031 £","2","631","Cost(29)","203,705"
"SRC046","169","12","Project Ardent Bidco Limited First Lien Secured Debt - Term Loan SONIA+550, 0.00% Floor 11/12/2031 £","3","700","Fair Value(1)(30)","199,978"
"SRC046","169","13","Arcosa, Inc. First Lien Secured Debt - Term Loan S+225, 0.00% Floor 8/12/2031","1","562","Par/Shares(3)","7,500"
"SRC046","169","13","Arcosa, Inc. First Lien Secured Debt - Term Loan S+225, 0.00% Floor 8/12/2031","2","631","Cost(29)","7,500"
"SRC046","169","13","Arcosa, Inc. First Lien Secured Debt - Term Loan S+225, 0.00% Floor 8/12/2031","3","700","Fair Value(1)(30)","7,570"
"SRC046","169","14","Cube A&D Buyer Inc First Lien Secured Debt - Term Loan S+350, 0.00% Floor 10/17/2031","1","562","Par/Shares(3)","14,000"
"SRC046","169","14","Cube A&D Buyer Inc First Lien Secured Debt - Term Loan S+350, 0.00% Floor 10/17/2031","2","631","Cost(29)","13,991"
"SRC046","169","14","Cube A&D Buyer Inc First Lien Secured Debt - Term Loan S+350, 0.00% Floor 10/17/2031","3","700","Fair Value(1)(30)","14,111"
"SRC046","169","15","Construction Partners, Inc. First Lien Secured Debt - Term Loan S+250, 0.00% Floor 11/3/2031","1","562","Par/Shares(3)","7,000"
"SRC046","169","15","Construction Partners, Inc. First Lien Secured Debt - Term Loan S+250, 0.00% Floor 11/3/2031","2","631","Cost(29)","6,983"
"SRC046","169","15","Construction Partners, Inc. First Lien Secured Debt - Term Loan S+250, 0.00% Floor 11/3/2031","3","700","Fair Value(1)(30)","7,048"
"SRC046","170","1","Pave America Interco, LLC First Lien Secured Debt - Term Loan S+675, 1.00% Floor 2/7/2028","1","562","Par/Shares(3)","36,910"
"SRC046","170","1","Pave America Interco, LLC First Lien Secured Debt - Term Loan S+675, 1.00% Floor 2/7/2028","2","631","Cost(29)","36,097"
"SRC046","170","1","Pave America Interco, LLC First Lien Secured Debt - Term Loan S+675, 1.00% Floor 2/7/2028","3","700","Fair Value(1)(30)","36,356"
"SRC046","170","2","First Lien Secured Debt - Delayed Draw S+675, 1.00% Floor 2/7/2028","1","562","Par/Shares(3)","3,373"
"SRC046","170","2","First Lien Secured Debt - Delayed Draw S+675, 1.00% Floor 2/7/2028","2","631","Cost(29)","3,305"
"SRC046","170","2","First Lien Secured Debt - Delayed Draw S+675, 1.00% Floor 2/7/2028","3","700","Fair Value(1)(30)","3,322"
"SRC046","170","3","First Lien Secured Debt - Revolver S+675, 1.00% Floor 2/7/2028","1","562","Par/Shares(3)","2,350"
"SRC046","170","3","First Lien Secured Debt - Revolver S+675, 1.00% Floor 2/7/2028","2","631","Cost(29)","2,278"
"SRC046","170","3","First Lien Secured Debt - Revolver S+675, 1.00% Floor 2/7/2028","3","700","Fair Value(1)(30)","2,282"
"SRC046","170","4","Traffic Management Solutions, LLC First Lien Secured Debt - Term Loan S+500, 1.00% Floor 11/26/2030","1","562","Par/Shares(3)","7,379"
"SRC046","170","4","Traffic Management Solutions, LLC First Lien Secured Debt - Term Loan S+500, 1.00% Floor 11/26/2030","2","631","Cost(29)","7,270"
"SRC046","170","4","Traffic Management Solutions, LLC First Lien Secured Debt - Term Loan S+500, 1.00% Floor 11/26/2030","3","700","Fair Value(1)(30)","7,268"
"SRC046","170","5","First Lien Secured Debt - Delayed Draw S+500, 1.00% Floor 11/26/2030","2","631","Cost(29)","(45)"
"SRC046","170","5","First Lien Secured Debt - Delayed Draw S+500, 1.00% Floor 11/26/2030","3","700","Fair Value(1)(30)","(46)"
"SRC046","170","6","First Lien Secured Debt - Revolver S+500, 1.00% Floor 11/26/2030","1","562","Par/Shares(3)","121"
"SRC046","170","6","First Lien Secured Debt - Revolver S+500, 1.00% Floor 11/26/2030","2","631","Cost(29)","100"
"SRC046","170","6","First Lien Secured Debt - Revolver S+500, 1.00% Floor 11/26/2030","3","700","Fair Value(1)(30)","100"
"SRC046","170","7","Trench Plate Rental Co. First Lien Secured Debt - Term Loan S+560, 1.00% Floor 12/3/2026","1","562","Par/Shares(3)","44,318"
"SRC046","170","7","Trench Plate Rental Co. First Lien Secured Debt - Term Loan S+560, 1.00% Floor 12/3/2026","2","631","Cost(29)","43,974"
"SRC046","170","7","Trench Plate Rental Co. First Lien Secured Debt - Term Loan S+560, 1.00% Floor 12/3/2026","3","700","Fair Value(1)(30)","43,543"
"SRC046","170","8","First Lien Secured Debt - Revolver S+560, 1.00% Floor 12/3/2026","1","562","Par/Shares(3)","3,568"
"SRC046","170","8","First Lien Secured Debt - Revolver S+560, 1.00% Floor 12/3/2026","2","631","Cost(29)","3,538"
"SRC046","170","8","First Lien Secured Debt - Revolver S+560, 1.00% Floor 12/3/2026","3","700","Fair Value(1)(30)","3,489"
"SRC046","170","9","Trench Safety Solutions Holdings, LLC Common Equity - Equity Unit N/A N/A 331","2","631","Cost(29)","50"
"SRC046","170","9","Trench Safety Solutions Holdings, LLC Common Equity - Equity Unit N/A N/A 331","3","700","Fair Value(1)(30)","32"
"SRC046","170","10","Total Construction & Engineering","2","631","Cost(29)","340,553"
"SRC046","170","10","Total Construction & Engineering","3","700","Fair Value(1)(30)","336,866"
"SRC046","170","11","Hobbs & Associates LLC/VA First Lien Secured Debt - Term Loan S+325, 0.00% Floor 7/23/2031 $","1","562","Par/Shares(3)","17,273"
"SRC046","170","11","Hobbs & Associates LLC/VA First Lien Secured Debt - Term Loan S+325, 0.00% Floor 7/23/2031 $","2","631","Cost(29)","17,251"
"SRC046","170","11","Hobbs & Associates LLC/VA First Lien Secured Debt - Term Loan S+325, 0.00% Floor 7/23/2031 $","3","700","Fair Value(1)(30)","17,389"
"SRC046","170","12","First Lien Secured Debt - Delayed Draw S+325, 0.00% Floor 7/23/2031","1","562","Par/Shares(3)","1,178"
"SRC046","170","12","First Lien Secured Debt - Delayed Draw S+325, 0.00% Floor 7/23/2031","2","631","Cost(29)","1,179"
"SRC046","170","12","First Lien Secured Debt - Delayed Draw S+325, 0.00% Floor 7/23/2031","3","700","Fair Value(1)(30)","1,186"
"SRC046","170","13","Volunteer AcquisitionCo, LLC First Lien Secured Debt - Term Loan S+650, 1.00% Floor 9/1/2029","1","562","Par/Shares(3)","5,131"
"SRC046","170","13","Volunteer AcquisitionCo, LLC First Lien Secured Debt - Term Loan S+650, 1.00% Floor 9/1/2029","2","631","Cost(29)","5,024"
"SRC046","170","13","Volunteer AcquisitionCo, LLC First Lien Secured Debt - Term Loan S+650, 1.00% Floor 9/1/2029","3","700","Fair Value(1)(30)","5,002"
"SRC046","170","14","First Lien Secured Debt - Delayed Draw S+650, 1.00% Floor 9/1/2029","1","562","Par/Shares(3)","378"
"SRC046","170","14","First Lien Secured Debt - Delayed Draw S+650, 1.00% Floor 9/1/2029","2","631","Cost(29)","370"
"SRC046","170","14","First Lien Secured Debt - Delayed Draw S+650, 1.00% Floor 9/1/2029","3","700","Fair Value(1)(30)","368"
"SRC046","170","15","First Lien Secured Debt - Revolver S+500, 1.00% Floor 9/1/2029","2","631","Cost(29)","(15)"
"SRC046","170","15","First Lien Secured Debt - Revolver S+500, 1.00% Floor 9/1/2029","3","700","Fair Value(1)(30)","(19)"
"SRC046","170","16","Total Construction Materials","2","631","Cost(29)","23,809"
"SRC046","170","16","Total Construction Materials","3","700","Fair Value(1)(30)","23,926"
"SRC046","171","1","LendingTree, Inc. First Lien Secured Debt - Term Loan S+575,","1","402","Interest Rate(12)","1.50%"
"SRC046","171","1","LendingTree, Inc. First Lien Secured Debt - Term Loan S+575,","2","559","Par/Shares(3)","54,424"
"SRC046","171","1","LendingTree, Inc. First Lien Secured Debt - Term Loan S+575,","3","628","Cost(29)","53,168"
"SRC046","171","1","LendingTree, Inc. First Lien Secured Debt - Term Loan S+575,","4","696","Fair Value(1)(30)","54,424"
"SRC046","171","2","First Lien Secured Debt - Delayed Draw S+575,","1","402","Interest Rate(12)","1.50%"
"SRC046","171","2","First Lien Secured Debt - Delayed Draw S+575,","3","628","Cost(29)","(316)"
"SRC046","171","3","Bellis Acquisition Company PLC First Lien Secured Debt - Term Loan SONIA+603,","1","402","Interest Rate(12)","0.00%"
"SRC046","171","3","Bellis Acquisition Company PLC First Lien Secured Debt - Term Loan SONIA+603,","2","559","Par/Shares(3)","97,403"
"SRC046","171","3","Bellis Acquisition Company PLC First Lien Secured Debt - Term Loan SONIA+603,","3","628","Cost(29)","114,725"
"SRC046","171","3","Bellis Acquisition Company PLC First Lien Secured Debt - Term Loan SONIA+603,","4","696","Fair Value(1)(30)","121,939"
"SRC046","171","4","First Lien Secured Debt - Term Loan E+400,","1","402","Interest Rate(12)","0.00%"
"SRC046","171","4","First Lien Secured Debt - Term Loan E+400,","2","559","Par/Shares(3)","5,000"
"SRC046","171","4","First Lien Secured Debt - Term Loan E+400,","3","628","Cost(29)","5,275"
"SRC046","171","4","First Lien Secured Debt - Term Loan E+400,","4","696","Fair Value(1)(30)","5,073"
"SRC046","171","5","PHOENIX YW BUYER, INC. First Lien Secured Debt - Term Loan S+500,","1","402","Interest Rate(12)","1.00%"
"SRC046","171","5","PHOENIX YW BUYER, INC. First Lien Secured Debt - Term Loan S+500,","2","559","Par/Shares(3)","12,206"
"SRC046","171","5","PHOENIX YW BUYER, INC. First Lien Secured Debt - Term Loan S+500,","3","628","Cost(29)","11,952"
"SRC046","171","5","PHOENIX YW BUYER, INC. First Lien Secured Debt - Term Loan S+500,","4","696","Fair Value(1)(30)","11,962"
"SRC046","171","6","First Lien Secured Debt - Revolver S+500,","1","402","Interest Rate(12)","1.00%"
"SRC046","171","6","First Lien Secured Debt - Revolver S+500,","3","628","Cost(29)","(35)"
"SRC046","171","6","First Lien Secured Debt - Revolver S+500,","4","696","Fair Value(1)(30)","(34)"
"SRC046","171","7","Patriot Foods Buyer, Inc. First Lien Secured Debt - Term Loan S+575,","1","402","Interest Rate(12)","1.00%"
"SRC046","171","7","Patriot Foods Buyer, Inc. First Lien Secured Debt - Term Loan S+575,","2","559","Par/Shares(3)","6,518"
"SRC046","171","7","Patriot Foods Buyer, Inc. First Lien Secured Debt - Term Loan S+575,","3","628","Cost(29)","6,404"
"SRC046","171","7","Patriot Foods Buyer, Inc. First Lien Secured Debt - Term Loan S+575,","4","696","Fair Value(1)(30)","6,453"
"SRC046","171","8","First Lien Secured Debt - Delayed Draw S+600,","1","402","Interest Rate(12)","1.00%"
"SRC046","171","8","First Lien Secured Debt - Delayed Draw S+600,","3","628","Cost(29)","(21)"
"SRC046","171","8","First Lien Secured Debt - Delayed Draw S+600,","4","696","Fair Value(1)(30)","(25)"
"SRC046","171","9","First Lien Secured Debt - Revolver S+600,","1","402","Interest Rate(12)","1.00%"
"SRC046","171","9","First Lien Secured Debt - Revolver S+600,","3","628","Cost(29)","(16)"
"SRC046","171","9","First Lien Secured Debt - Revolver S+600,","4","696","Fair Value(1)(30)","(9)"
"SRC046","171","10","Protein For Pets Opco, LLC First Lien Secured Debt - Term Loan S+525,","1","402","Interest Rate(12)","1.00%"
"SRC046","171","10","Protein For Pets Opco, LLC First Lien Secured Debt - Term Loan S+525,","2","559","Par/Shares(3)","45,057"
"SRC046","171","10","Protein For Pets Opco, LLC First Lien Secured Debt - Term Loan S+525,","3","628","Cost(29)","44,236"
"SRC046","171","10","Protein For Pets Opco, LLC First Lien Secured Debt - Term Loan S+525,","4","696","Fair Value(1)(30)","44,268"
"SRC046","171","11","First Lien Secured Debt - Revolver S+525,","1","402","Interest Rate(12)","1.00%"
"SRC046","171","11","First Lien Secured Debt - Revolver S+525,","3","628","Cost(29)","(83)"
"SRC046","171","11","First Lien Secured Debt - Revolver S+525,","4","696","Fair Value(1)(30)","(83)"
"SRC046","171","12","Corporation First Lien Secured Debt - Term Loan S+500,","1","402","Interest Rate(12)","0.00%"
"SRC046","171","12","Corporation First Lien Secured Debt - Term Loan S+500,","2","559","Par/Shares(3)","160,000"
"SRC046","171","12","Corporation First Lien Secured Debt - Term Loan S+500,","3","628","Cost(29)","157,635"
"SRC046","171","12","Corporation First Lien Secured Debt - Term Loan S+500,","4","696","Fair Value(1)(30)","157,600"
"SRC046","172","1","Ardagh Metal Packaging Finance plc First Lien Secured Debt - Term Loan E+450, 1.00% Floor 9/24/2029 €","1","558","Par/Shares(3)","59,921"
"SRC046","172","1","Ardagh Metal Packaging Finance plc First Lien Secured Debt - Term Loan E+450, 1.00% Floor 9/24/2029 €","2","627","Cost(29)","66,493"
"SRC046","172","1","Ardagh Metal Packaging Finance plc First Lien Secured Debt - Term Loan E+450, 1.00% Floor 9/24/2029 €","3","696","Fair Value(1)(30)","61,603"
"SRC046","172","2","Berlin Packaging L.L.C. First Lien Secured Debt - Term Loan S+350, 0.00% Floor 6/7/2031","1","558","Par/Shares(3)","20,958"
"SRC046","172","2","Berlin Packaging L.L.C. First Lien Secured Debt - Term Loan S+350, 0.00% Floor 6/7/2031","2","627","Cost(29)","20,980"
"SRC046","172","2","Berlin Packaging L.L.C. First Lien Secured Debt - Term Loan S+350, 0.00% Floor 6/7/2031","3","696","Fair Value(1)(30)","21,104"
"SRC046","172","2","Berlin Packaging L.L.C. First Lien Secured Debt - Term Loan S+350, 0.00% Floor 6/7/2031","4","726","","(14)"
"SRC046","172","3","Bp Purchaser LLC First Lien Secured Debt - Term Loan S+576, 0.75% Floor 12/11/2028","1","558","Par/Shares(3)","7,313"
"SRC046","172","3","Bp Purchaser LLC First Lien Secured Debt - Term Loan S+576, 0.75% Floor 12/11/2028","2","627","Cost(29)","7,313"
"SRC046","172","3","Bp Purchaser LLC First Lien Secured Debt - Term Loan S+576, 0.75% Floor 12/11/2028","3","696","Fair Value(1)(30)","6,654"
"SRC046","172","4","Trident TPI Holdings, Inc. First Lien Secured Debt - Term Loan S+375, 0.50% Floor 9/15/2028","1","558","Par/Shares(3)","42,286"
"SRC046","172","4","Trident TPI Holdings, Inc. First Lien Secured Debt - Term Loan S+375, 0.50% Floor 9/15/2028","2","627","Cost(29)","42,252"
"SRC046","172","4","Trident TPI Holdings, Inc. First Lien Secured Debt - Term Loan S+375, 0.50% Floor 9/15/2028","3","696","Fair Value(1)(30)","42,718"
"SRC046","172","4","Trident TPI Holdings, Inc. First Lien Secured Debt - Term Loan S+375, 0.50% Floor 9/15/2028","4","726","","(14)"
"SRC046","172","5","Total Containers & Packaging","2","627","Cost(29)","137,038"
"SRC046","172","5","Total Containers & Packaging","3","696","Fair Value(1)(30)","132,079"
"SRC046","172","6","WC ORS Buyer, Inc. First Lien Secured Debt - Term Loan S+500, 0.75% Floor 8/7/2031 $","1","558","Par/Shares(3)","75,129"
"SRC046","172","6","WC ORS Buyer, Inc. First Lien Secured Debt - Term Loan S+500, 0.75% Floor 8/7/2031 $","2","627","Cost(29)","74,047"
"SRC046","172","6","WC ORS Buyer, Inc. First Lien Secured Debt - Term Loan S+500, 0.75% Floor 8/7/2031 $","3","696","Fair Value(1)(30)","74,002"
"SRC046","172","7","First Lien Secured Debt - Delayed Draw S+500, 0.75% Floor 8/7/2031","2","627","Cost(29)","(102)"
"SRC046","172","7","First Lien Secured Debt - Delayed Draw S+500, 0.75% Floor 8/7/2031","3","696","Fair Value(1)(30)","(215)"
"SRC046","172","8","First Lien Secured Debt - Revolver S+500, 0.75% Floor 8/7/2031","1","558","Par/Shares(3)","3,730"
"SRC046","172","8","First Lien Secured Debt - Revolver S+500, 0.75% Floor 8/7/2031","2","627","Cost(29)","3,526"
"SRC046","172","8","First Lien Secured Debt - Revolver S+500, 0.75% Floor 8/7/2031","3","696","Fair Value(1)(30)","3,515"
"SRC046","172","9","WC ORS Holdings, L.P. Common Equity - Limited Partnership N/A N/A 90,443","2","627","Cost(29)","90"
"SRC046","172","9","WC ORS Holdings, L.P. Common Equity - Limited Partnership N/A N/A 90,443","3","696","Fair Value(1)(30)","93"
"SRC046","172","10","AMCP Clean Acqusition Company, LLC First Lien Secured Debt - Term Loan S+475, 0.50% Floor 6/15/2028","1","558","Par/Shares(3)","94,288"
"SRC046","172","10","AMCP Clean Acqusition Company, LLC First Lien Secured Debt - Term Loan S+475, 0.50% Floor 6/15/2028","2","627","Cost(29)","93,102"
"SRC046","172","10","AMCP Clean Acqusition Company, LLC First Lien Secured Debt - Term Loan S+475, 0.50% Floor 6/15/2028","3","696","Fair Value(1)(30)","94,641"
"SRC046","172","11","First Lien Secured Debt - Delayed Draw S+475, 0.50% Floor 6/15/2028","1","558","Par/Shares(3)","3,040"
"SRC046","172","11","First Lien Secured Debt - Delayed Draw S+475, 0.50% Floor 6/15/2028","2","627","Cost(29)","3,025"
"SRC046","172","11","First Lien Secured Debt - Delayed Draw S+475, 0.50% Floor 6/15/2028","3","696","Fair Value(1)(30)","3,051"
"SRC046","172","12","Total Distributors","2","627","Cost(29)","173,688"
"SRC046","172","12","Total Distributors","3","696","Fair Value(1)(30)","175,087"
"SRC046","172","13","Eagle Purchaser, Inc. First Lien Secured Debt - Term Loan S+675, 1.00% Floor 3/22/2030 $","1","558","Par/Shares(3)","20,167"
"SRC046","172","13","Eagle Purchaser, Inc. First Lien Secured Debt - Term Loan S+675, 1.00% Floor 3/22/2030 $","2","627","Cost(29)","19,675"
"SRC046","172","13","Eagle Purchaser, Inc. First Lien Secured Debt - Term Loan S+675, 1.00% Floor 3/22/2030 $","3","696","Fair Value(1)(30)","20,066"
"SRC046","172","14","First Lien Secured Debt - Delayed Draw S+675, 1.00% Floor 3/22/2030","1","558","Par/Shares(3)","2,813"
"SRC046","172","14","First Lien Secured Debt - Delayed Draw S+675, 1.00% Floor 3/22/2030","2","627","Cost(29)","2,749"
"SRC046","172","14","First Lien Secured Debt - Delayed Draw S+675, 1.00% Floor 3/22/2030","3","696","Fair Value(1)(30)","2,785"
"SRC046","172","15","First Lien Secured Debt - Revolver S+675, 1.00% Floor 3/22/2029","1","558","Par/Shares(3)","3,947"
"SRC046","172","15","First Lien Secured Debt - Revolver S+675, 1.00% Floor 3/22/2029","2","627","Cost(29)","3,859"
"SRC046","172","15","First Lien Secured Debt - Revolver S+675, 1.00% Floor 3/22/2029","3","696","Fair Value(1)(30)","3,888"
"SRC046","173","1","Aurelia Netherlands Midco 2 B.V. First Lien Secured Debt - Term Loan E+586, 0.00% Floor 5/29/2031 €","1","558","Par/Shares(3)","99,299"
"SRC046","173","1","Aurelia Netherlands Midco 2 B.V. First Lien Secured Debt - Term Loan E+586, 0.00% Floor 5/29/2031 €","2","627","Cost(29)","105,775"
"SRC046","173","1","Aurelia Netherlands Midco 2 B.V. First Lien Secured Debt - Term Loan E+586, 0.00% Floor 5/29/2031 €","3","696","Fair Value(1)(30)","101,831"
"SRC046","173","2","Lernen US Finco LLC First Lien Secured Debt - Term Loan S+400, 0.50% Floor 10/27/2031","1","558","Par/Shares(3)","7,500"
"SRC046","173","2","Lernen US Finco LLC First Lien Secured Debt - Term Loan S+400, 0.50% Floor 10/27/2031","2","627","Cost(29)","7,463"
"SRC046","173","2","Lernen US Finco LLC First Lien Secured Debt - Term Loan S+400, 0.50% Floor 10/27/2031","3","696","Fair Value(1)(30)","7,594"
"SRC046","173","3","Excelligence Learning Corporation First Lien Secured Debt - Term Loan S+575, 1.00% Floor 1/18/2030","1","558","Par/Shares(3)","84,798"
"SRC046","173","3","Excelligence Learning Corporation First Lien Secured Debt - Term Loan S+575, 1.00% Floor 1/18/2030","2","627","Cost(29)","83,305"
"SRC046","173","3","Excelligence Learning Corporation First Lien Secured Debt - Term Loan S+575, 1.00% Floor 1/18/2030","3","696","Fair Value(1)(30)","83,950"
"SRC046","173","4","First Lien Secured Debt - Revolver P+575, 1.00% Floor 1/18/2030","1","558","Par/Shares(3)","814"
"SRC046","173","4","First Lien Secured Debt - Revolver P+575, 1.00% Floor 1/18/2030","2","627","Cost(29)","584"
"SRC046","173","4","First Lien Secured Debt - Revolver P+575, 1.00% Floor 1/18/2030","3","696","Fair Value(1)(30)","678"
"SRC046","173","5","Vermont Aus Pty Ltd First Lien Secured Debt - Term Loan BBSW+575, 0.75% Floor 3/23/2028 A$","1","558","Par/Shares(3)","157,535"
"SRC046","173","5","Vermont Aus Pty Ltd First Lien Secured Debt - Term Loan BBSW+575, 0.75% Floor 3/23/2028 A$","2","627","Cost(29)","106,887"
"SRC046","173","5","Vermont Aus Pty Ltd First Lien Secured Debt - Term Loan BBSW+575, 0.75% Floor 3/23/2028 A$","3","696","Fair Value(1)(30)","97,019"
"SRC046","173","6","International Schools Partnership Limited First Lien Secured Debt - Delayed Draw E+525, 0.00% Floor 7/6/2028 €","2","627","Cost(29)","(1,373)"
"SRC046","173","6","International Schools Partnership Limited First Lien Secured Debt - Delayed Draw E+525, 0.00% Floor 7/6/2028 €","3","696","Fair Value(1)(30)","(1,373)"
"SRC046","173","7","One Silver Serve, LLC First Lien Secured Debt - Term Loan S+510, 1.00% Floor 12/18/2028","1","558","Par/Shares(3)","21,102"
"SRC046","173","7","One Silver Serve, LLC First Lien Secured Debt - Term Loan S+510, 1.00% Floor 12/18/2028","2","627","Cost(29)","20,926"
"SRC046","173","7","One Silver Serve, LLC First Lien Secured Debt - Term Loan S+510, 1.00% Floor 12/18/2028","3","696","Fair Value(1)(30)","20,891"
"SRC046","173","8","First Lien Secured Debt - Delayed Draw S+535, 1.00% Floor 12/18/2028","1","558","Par/Shares(3)","12,766"
"SRC046","173","8","First Lien Secured Debt - Delayed Draw S+535, 1.00% Floor 12/18/2028","2","627","Cost(29)","12,599"
"SRC046","173","8","First Lien Secured Debt - Delayed Draw S+535, 1.00% Floor 12/18/2028","3","696","Fair Value(1)(30)","12,575"
"SRC046","173","9","First Lien Secured Debt - Revolver S+535, 1.00% Floor 12/18/2028","2","627","Cost(29)","(39)"
"SRC046","173","9","First Lien Secured Debt - Revolver S+535, 1.00% Floor 12/18/2028","3","696","Fair Value(1)(30)","(48)"
"SRC046","173","10","WH BorrowerCo, LLC First Lien Secured Debt - Term Loan S+500, 1.00% Floor 8/1/2030","1","558","Par/Shares(3)","25,827"
"SRC046","173","10","WH BorrowerCo, LLC First Lien Secured Debt - Term Loan S+500, 1.00% Floor 8/1/2030","2","627","Cost(29)","25,460"
"SRC046","173","10","WH BorrowerCo, LLC First Lien Secured Debt - Term Loan S+500, 1.00% Floor 8/1/2030","3","696","Fair Value(1)(30)","25,440"
"SRC046","173","11","First Lien Secured Debt - Delayed Draw S+500, 1.00% Floor 8/1/2030","2","627","Cost(29)","(205)"
"SRC046","173","11","First Lien Secured Debt - Delayed Draw S+500, 1.00% Floor 8/1/2030","3","696","Fair Value(1)(30)","(220)"
"SRC046","173","12","First Lien Secured Debt - Revolver S+500, 1.00% Floor 8/1/2030","1","558","Par/Shares(3)","2,201"
"SRC046","173","12","First Lien Secured Debt - Revolver S+500, 1.00% Floor 8/1/2030","2","627","Cost(29)","2,138"
"SRC046","173","12","First Lien Secured Debt - Revolver S+500, 1.00% Floor 8/1/2030","3","696","Fair Value(1)(30)","2,133"
"SRC046","173","13","Total Diversified Consumer","2","627","Cost(29)","389,803"
"SRC046","173","13","Total Diversified Consumer","3","696","Fair Value(1)(30)","377,209"
"SRC046","173","14","Congruex Group LLC First Lien Secured Debt - Term Loan PIK) 5/3/2029 $","1","558","Par/Shares(3)","29,847"
"SRC046","173","14","Congruex Group LLC First Lien Secured Debt - Term Loan PIK) 5/3/2029 $","2","627","Cost(29)","29,330"
"SRC046","173","14","Congruex Group LLC First Lien Secured Debt - Term Loan PIK) 5/3/2029 $","3","696","Fair Value(1)(30)","23,225"
"SRC046","173","15","BGIF IV Fearless Utility Services, Inc. First Lien Secured Debt - Term Loan S+500, 0.50% Floor 6/9/2031","1","558","Par/Shares(3)","135,058"
"SRC046","173","15","BGIF IV Fearless Utility Services, Inc. First Lien Secured Debt - Term Loan S+500, 0.50% Floor 6/9/2031","2","627","Cost(29)","133,787"
"SRC046","173","15","BGIF IV Fearless Utility Services, Inc. First Lien Secured Debt - Term Loan S+500, 0.50% Floor 6/9/2031","3","696","Fair Value(1)(30)","133,708"
"SRC046","173","16","First Lien Secured Debt - Delayed Draw S+500, 0.50% Floor 6/9/2031","2","627","Cost(29)","(226)"
"SRC046","173","16","First Lien Secured Debt - Delayed Draw S+500, 0.50% Floor 6/9/2031","3","696","Fair Value(1)(30)","(491)"
"SRC046","173","17","First Lien Secured Debt - Revolver S+500, 0.50% Floor 6/7/2030","2","627","Cost(29)","(214)"
"SRC046","173","17","First Lien Secured Debt - Revolver S+500, 0.50% Floor 6/7/2030","3","696","Fair Value(1)(30)","(235)"
"SRC046","174","1","Thunder Generation Funding LLC First Lien Secured Debt - Term Loan S+300, 0.00% Floor 10/3/2031","1","558","Par/Shares(3)","29,925"
"SRC046","174","1","Thunder Generation Funding LLC First Lien Secured Debt - Term Loan S+300, 0.00% Floor 10/3/2031","2","627","Cost(29)","29,814"
"SRC046","174","1","Thunder Generation Funding LLC First Lien Secured Debt - Term Loan S+300, 0.00% Floor 10/3/2031","3","696","Fair Value(1)(30)","30,158"
"SRC046","174","1","Thunder Generation Funding LLC First Lien Secured Debt - Term Loan S+300, 0.00% Floor 10/3/2031","4","726","","(15)"
"SRC046","174","2","Brookfield WEC Holdings Inc. First Lien Secured Debt - Term Loan S+225, 0.00% Floor 1/27/2031","1","558","Par/Shares(3)","9,975"
"SRC046","174","2","Brookfield WEC Holdings Inc. First Lien Secured Debt - Term Loan S+225, 0.00% Floor 1/27/2031","2","627","Cost(29)","9,984"
"SRC046","174","2","Brookfield WEC Holdings Inc. First Lien Secured Debt - Term Loan S+225, 0.00% Floor 1/27/2031","3","696","Fair Value(1)(30)","9,995"
"SRC046","174","2","Brookfield WEC Holdings Inc. First Lien Secured Debt - Term Loan S+225, 0.00% Floor 1/27/2031","4","726","","(14)"
"SRC046","174","3","Total Electric","2","627","Cost(29)","202,475"
"SRC046","174","3","Total Electric","3","696","Fair Value(1)(30)","196,360"
"SRC046","174","4","CPI Buyer, LLC First Lien Secured Debt - Term Loan S+576, 0.75% Floor 11/1/2028 $","1","558","Par/Shares(3)","30,748"
"SRC046","174","4","CPI Buyer, LLC First Lien Secured Debt - Term Loan S+576, 0.75% Floor 11/1/2028 $","2","627","Cost(29)","30,748"
"SRC046","174","4","CPI Buyer, LLC First Lien Secured Debt - Term Loan S+576, 0.75% Floor 11/1/2028 $","3","696","Fair Value(1)(30)","30,440"
"SRC046","174","5","First Lien Secured Debt - Delayed Draw S+576, 0.75% Floor 11/1/2028","1","558","Par/Shares(3)","4,109"
"SRC046","174","5","First Lien Secured Debt - Delayed Draw S+576, 0.75% Floor 11/1/2028","2","627","Cost(29)","4,102"
"SRC046","174","5","First Lien Secured Debt - Delayed Draw S+576, 0.75% Floor 11/1/2028","3","696","Fair Value(1)(30)","4,062"
"SRC046","174","6","First Lien Secured Debt - Revolver S+576, 0.75% Floor 10/30/2026","3","696","Fair Value(1)(30)","(33)"
"SRC046","174","7","IW Buyer LLC First Lien Secured Debt - Term Loan S+500, 1.00% Floor 6/28/2029","1","558","Par/Shares(3)","20,165"
"SRC046","174","7","IW Buyer LLC First Lien Secured Debt - Term Loan S+500, 1.00% Floor 6/28/2029","2","627","Cost(29)","19,777"
"SRC046","174","7","IW Buyer LLC First Lien Secured Debt - Term Loan S+500, 1.00% Floor 6/28/2029","3","696","Fair Value(1)(30)","19,964"
"SRC046","174","8","First Lien Secured Debt - Revolver S+500, 1.00% Floor 6/28/2029","2","627","Cost(29)","(71)"
"SRC046","174","8","First Lien Secured Debt - Revolver S+500, 1.00% Floor 6/28/2029","3","696","Fair Value(1)(30)","(31)"
"SRC046","174","9","Ruler Bidco S.A R.L. First Lien Secured Debt - Term Loan E+550, 0.00% Floor 4/29/2030 €","1","558","Par/Shares(3)","28,282"
"SRC046","174","9","Ruler Bidco S.A R.L. First Lien Secured Debt - Term Loan E+550, 0.00% Floor 4/29/2030 €","2","627","Cost(29)","30,333"
"SRC046","174","9","Ruler Bidco S.A R.L. First Lien Secured Debt - Term Loan E+550, 0.00% Floor 4/29/2030 €","3","696","Fair Value(1)(30)","28,857"
"SRC046","174","10","First Lien Secured Debt - Term Loan S+550, 0.50% Floor 4/29/2030","1","558","Par/Shares(3)","11,498"
"SRC046","174","10","First Lien Secured Debt - Term Loan S+550, 0.50% Floor 4/29/2030","2","627","Cost(29)","11,214"
"SRC046","174","10","First Lien Secured Debt - Term Loan S+550, 0.50% Floor 4/29/2030","3","696","Fair Value(1)(30)","11,412"
"SRC046","174","11","First Lien Secured Debt - Delayed Draw E+650, 0.00% Floor 4/29/2030 €","1","558","Par/Shares(3)","11,200"
"SRC046","174","11","First Lien Secured Debt - Delayed Draw E+650, 0.00% Floor 4/29/2030 €","2","627","Cost(29)","12,078"
"SRC046","174","11","First Lien Secured Debt - Delayed Draw E+650, 0.00% Floor 4/29/2030 €","3","696","Fair Value(1)(30)","11,427"
"SRC046","174","12","First Lien Secured Debt - Delayed Draw E+500, 0.00% Floor 4/29/2030 €","1","558","Par/Shares(3)","4,990"
"SRC046","174","12","First Lien Secured Debt - Delayed Draw E+500, 0.00% Floor 4/29/2030 €","2","627","Cost(29)","5,506"
"SRC046","174","12","First Lien Secured Debt - Delayed Draw E+500, 0.00% Floor 4/29/2030 €","3","696","Fair Value(1)(30)","4,978"
"SRC046","174","12","First Lien Secured Debt - Delayed Draw E+500, 0.00% Floor 4/29/2030 €","4","726","","(28)"
"SRC046","174","13","Total Electrical Equipment","2","627","Cost(29)","113,687"
"SRC046","174","13","Total Electrical Equipment","3","696","Fair Value(1)(30)","111,076"
"SRC046","174","14","Lsf12 Crown US Commercial Bidco, LLC First Lien Secured Debt - Term Loan S+425, 0.00% Floor 12/2/2031 $","1","558","Par/Shares(3)","7,320"
"SRC046","174","14","Lsf12 Crown US Commercial Bidco, LLC First Lien Secured Debt - Term Loan S+425, 0.00% Floor 12/2/2031 $","2","627","Cost(29)","7,246"
"SRC046","174","14","Lsf12 Crown US Commercial Bidco, LLC First Lien Secured Debt - Term Loan S+425, 0.00% Floor 12/2/2031 $","3","696","Fair Value(1)(30)","7,320"
"SRC046","174","14","Lsf12 Crown US Commercial Bidco, LLC First Lien Secured Debt - Term Loan S+425, 0.00% Floor 12/2/2031 $","4","726","","(14)"
"SRC046","174","15","Lightning Power, LLC First Lien Secured Debt - Term Loan S+325, 0.00% Floor 8/18/2031","1","558","Par/Shares(3)","11,471"
"SRC046","174","15","Lightning Power, LLC First Lien Secured Debt - Term Loan S+325, 0.00% Floor 8/18/2031","2","627","Cost(29)","11,419"
"SRC046","174","15","Lightning Power, LLC First Lien Secured Debt - Term Loan S+325, 0.00% Floor 8/18/2031","3","696","Fair Value(1)(30)","11,616"
"SRC046","174","16","Madison Safety & Flow LLC First Lien Secured Debt - Term Loan S+325, 0.00% Floor 9/26/2031","1","558","Par/Shares(3)","8,978"
"SRC046","174","16","Madison Safety & Flow LLC First Lien Secured Debt - Term Loan S+325, 0.00% Floor 9/26/2031","2","627","Cost(29)","8,987"
"SRC046","174","16","Madison Safety & Flow LLC First Lien Secured Debt - Term Loan S+325, 0.00% Floor 9/26/2031","3","696","Fair Value(1)(30)","9,054"
"SRC046","174","16","Madison Safety & Flow LLC First Lien Secured Debt - Term Loan S+325, 0.00% Floor 9/26/2031","4","726","","(14)"
"SRC046","174","17","Total Electronic Equipment, Instruments & Components","2","627","Cost(29)","27,652"
"SRC046","174","17","Total Electronic Equipment, Instruments & Components","3","696","Fair Value(1)(30)","27,990"
"SRC046","175","1","Camin Cargo Control Holdings, Inc. First Lien Secured Debt - Term Loan S+550, 1.00% Floor 12/7/2029 $","1","553","Par/Shares(3)","31,223"
"SRC046","175","1","Camin Cargo Control Holdings, Inc. First Lien Secured Debt - Term Loan S+550, 1.00% Floor 12/7/2029 $","2","618","Cost(29)","30,615"
"SRC046","175","1","Camin Cargo Control Holdings, Inc. First Lien Secured Debt - Term Loan S+550, 1.00% Floor 12/7/2029 $","3","690","Fair Value(1)(30)","30,855"
"SRC046","175","2","Draw S+600, 1.00% Floor 12/7/2029","2","618","Cost(29)","(44)"
"SRC046","175","2","Draw S+600, 1.00% Floor 12/7/2029","3","690","Fair Value(1)(30)","(56)"
"SRC046","175","3","First Lien Secured Debt - Revolver P+550, 1.00% Floor 12/7/2029","1","553","Par/Shares(3)","2,618"
"SRC046","175","3","First Lien Secured Debt - Revolver P+550, 1.00% Floor 12/7/2029","2","618","Cost(29)","2,528"
"SRC046","175","3","First Lien Secured Debt - Revolver P+550, 1.00% Floor 12/7/2029","3","690","Fair Value(1)(30)","2,562"
"SRC046","175","4","Total Energy Equipment &","2","618","Cost(29)","33,099"
"SRC046","175","4","Total Energy Equipment &","3","690","Fair Value(1)(30)","33,361"
"SRC046","175","5","Jewel Purchaser, Inc. First Lien Secured Debt - Term Loan S+560, 0.50% Floor 7/1/2027 $","1","553","Par/Shares(3)","87,577"
"SRC046","175","5","Jewel Purchaser, Inc. First Lien Secured Debt - Term Loan S+560, 0.50% Floor 7/1/2027 $","2","618","Cost(29)","86,002"
"SRC046","175","5","Jewel Purchaser, Inc. First Lien Secured Debt - Term Loan S+560, 0.50% Floor 7/1/2027 $","3","690","Fair Value(1)(30)","87,577"
"SRC046","175","6","Total Entertainment","2","618","Cost(29)","86,002"
"SRC046","175","6","Total Entertainment","3","690","Fair Value(1)(30)","87,577"
"SRC046","175","7","Eclipse Buyer, Inc. First Lien Secured Debt - Term Loan S+475, 0.50% Floor 9/8/2031 $","1","553","Par/Shares(3)","22,738"
"SRC046","175","7","Eclipse Buyer, Inc. First Lien Secured Debt - Term Loan S+475, 0.50% Floor 9/8/2031 $","2","618","Cost(29)","22,517"
"SRC046","175","7","Eclipse Buyer, Inc. First Lien Secured Debt - Term Loan S+475, 0.50% Floor 9/8/2031 $","3","690","Fair Value(1)(30)","22,511"
"SRC046","175","8","Draw S+475, 0.50% Floor 9/8/2031","2","618","Cost(29)","(19)"
"SRC046","175","8","Draw S+475, 0.50% Floor 9/8/2031","3","690","Fair Value(1)(30)","(39)"
"SRC046","175","9","First Lien Secured Debt - Revolver S+475, 0.50% Floor 9/8/2031","2","618","Cost(29)","(19)"
"SRC046","175","9","First Lien Secured Debt - Revolver S+475, 0.50% Floor 9/8/2031","3","690","Fair Value(1)(30)","(20)"
"SRC046","175","10","Eclipse Topco, Inc. Preferred Equity - Preferred Stocks N/A N/A 6,302,250","2","618","Cost(29)","5,940"
"SRC046","175","10","Eclipse Topco, Inc. Preferred Equity - Preferred Stocks N/A N/A 6,302,250","3","690","Fair Value(1)(30)","6,176"
"SRC046","175","11","Actium Midco 3 First Lien Secured Debt - Term Loan SONIA+525, 0.00% Floor 8/30/2031 £","1","553","Par/Shares(3)","35,254"
"SRC046","175","11","Actium Midco 3 First Lien Secured Debt - Term Loan SONIA+525, 0.00% Floor 8/30/2031 £","2","618","Cost(29)","45,403"
"SRC046","175","11","Actium Midco 3 First Lien Secured Debt - Term Loan SONIA+525, 0.00% Floor 8/30/2031 £","3","690","Fair Value(1)(30)","44,025"
"SRC046","175","12","First Lien Secured Debt - Term Loan S+525, 0.00% Floor 8/30/2031","1","553","Par/Shares(3)","41,610"
"SRC046","175","12","First Lien Secured Debt - Term Loan S+525, 0.00% Floor 8/30/2031","2","618","Cost(29)","40,778"
"SRC046","175","12","First Lien Secured Debt - Term Loan S+525, 0.00% Floor 8/30/2031","3","690","Fair Value(1)(30)","41,506"
"SRC046","175","13","First Lien Secured Debt - Term Loan E+525, 0.00% Floor 8/30/2031 €","1","553","Par/Shares(3)","18,790"
"SRC046","175","13","First Lien Secured Debt - Term Loan E+525, 0.00% Floor 8/30/2031 €","2","618","Cost(29)","20,355"
"SRC046","175","13","First Lien Secured Debt - Term Loan E+525, 0.00% Floor 8/30/2031 €","3","690","Fair Value(1)(30)","19,318"
"SRC046","175","14","Draw SONIA+525, 0.00% Floor 8/30/2031 £","2","618","Cost(29)","(225)"
"SRC046","175","14","Draw SONIA+525, 0.00% Floor 8/30/2031 £","3","690","Fair Value(1)(30)","(112)"
"SRC046","175","15","Chrysaor Bidco Sarl First Lien Secured Debt - Term Loan S+350, 0.50% Floor 7/17/2031","1","553","Par/Shares(3)","6,052"
"SRC046","175","15","Chrysaor Bidco Sarl First Lien Secured Debt - Term Loan S+350, 0.50% Floor 7/17/2031","2","618","Cost(29)","6,052"
"SRC046","175","15","Chrysaor Bidco Sarl First Lien Secured Debt - Term Loan S+350, 0.50% Floor 7/17/2031","3","690","Fair Value(1)(30)","6,111"
"SRC046","176","1","Ascensus Holdings, Inc. First Lien Secured Debt - Term Loan S+300,","1","399","N/A","0.00%"
"SRC046","176","1","Ascensus Holdings, Inc. First Lien Secured Debt - Term Loan S+300,","2","557","100 Shares","41,560"
"SRC046","176","1","Ascensus Holdings, Inc. First Lien Secured Debt - Term Loan S+300,","3","629","101","41,309"
"SRC046","176","1","Ascensus Holdings, Inc. First Lien Secured Debt - Term Loan S+300,","4","694","","41,975"
"SRC046","176","1","Ascensus Holdings, Inc. First Lien Secured Debt - Term Loan S+300,","5","724","101 (4)(31)","(14)"
"SRC046","176","2","GTCR Everest Borrower, LLC First Lien Secured Debt - Term Loan S+275,","1","399","N/A","0.00%"
"SRC046","176","2","GTCR Everest Borrower, LLC First Lien Secured Debt - Term Loan S+275,","2","557","100 Shares","8,000"
"SRC046","176","2","GTCR Everest Borrower, LLC First Lien Secured Debt - Term Loan S+275,","3","629","101","7,981"
"SRC046","176","2","GTCR Everest Borrower, LLC First Lien Secured Debt - Term Loan S+275,","4","694","","8,042"
"SRC046","176","2","GTCR Everest Borrower, LLC First Lien Secured Debt - Term Loan S+275,","5","724","101 (4)(31)","(15)"
"SRC046","176","3","Crete PA Holdco, LLC First Lien Secured Debt - Term Loan S+500,","1","399","N/A","1.00%"
"SRC046","176","3","Crete PA Holdco, LLC First Lien Secured Debt - Term Loan S+500,","2","557","100 Shares","23,256"
"SRC046","176","3","Crete PA Holdco, LLC First Lien Secured Debt - Term Loan S+500,","3","629","101","23,141"
"SRC046","176","3","Crete PA Holdco, LLC First Lien Secured Debt - Term Loan S+500,","4","694","","23,140"
"SRC046","176","4","First Lien Secured Debt - Delayed Draw S+500,","1","399","N/A","1.00%"
"SRC046","176","4","First Lien Secured Debt - Delayed Draw S+500,","3","629","101","(57)"
"SRC046","176","4","First Lien Secured Debt - Delayed Draw S+500,","4","694","","(58)"
"SRC046","176","5","First Lien Secured Debt - Revolver S+500,","1","399","N/A","1.00%"
"SRC046","176","5","First Lien Secured Debt - Revolver S+500,","3","629","101","(17)"
"SRC046","176","5","First Lien Secured Debt - Revolver S+500,","4","694","","(17)"
"SRC046","176","6","Dechra Finance US LLC First Lien Secured Debt - Term Loan S+325,","1","399","N/A","0.00%"
"SRC046","176","6","Dechra Finance US LLC First Lien Secured Debt - Term Loan S+325,","2","557","100 Shares","9,000"
"SRC046","176","6","Dechra Finance US LLC First Lien Secured Debt - Term Loan S+325,","3","629","101","8,978"
"SRC046","176","6","Dechra Finance US LLC First Lien Secured Debt - Term Loan S+325,","4","694","","9,053"
"SRC046","176","7","Violin Finco Guernsey Limited First Lien Secured Debt - Term Loan SONIA+550,","1","399","N/A","0.00%"
"SRC046","176","7","Violin Finco Guernsey Limited First Lien Secured Debt - Term Loan SONIA+550,","2","557","100 Shares","79,678"
"SRC046","176","7","Violin Finco Guernsey Limited First Lien Secured Debt - Term Loan SONIA+550,","3","629","101","100,123"
"SRC046","176","7","Violin Finco Guernsey Limited First Lien Secured Debt - Term Loan SONIA+550,","4","694","","98,752"
"SRC046","176","8","First Lien Secured Debt - Delayed Draw SONIA+550,","1","399","N/A","0.00%"
"SRC046","176","8","First Lien Secured Debt - Delayed Draw SONIA+550,","3","629","101","(31)"
"SRC046","176","8","First Lien Secured Debt - Delayed Draw SONIA+550,","4","694","","(67)"
"SRC046","176","8","First Lien Secured Debt - Delayed Draw SONIA+550,","5","724","101 (4)(31)","28)"
"SRC046","176","9","GC Waves Holdings, Inc. First Lien Secured Debt - Term Loan S+475,","1","399","N/A","0.75%"
"SRC046","176","9","GC Waves Holdings, Inc. First Lien Secured Debt - Term Loan S+475,","2","557","100 Shares","63,530"
"SRC046","176","9","GC Waves Holdings, Inc. First Lien Secured Debt - Term Loan S+475,","3","629","101","63,453"
"SRC046","176","9","GC Waves Holdings, Inc. First Lien Secured Debt - Term Loan S+475,","4","694","","63,276"
"SRC046","176","10","First Lien Secured Debt - Delayed Draw S+475,","1","399","N/A","0.75%"
"SRC046","176","10","First Lien Secured Debt - Delayed Draw S+475,","2","557","100 Shares","4,031"
"SRC046","176","10","First Lien Secured Debt - Delayed Draw S+475,","3","629","101","3,850"
"SRC046","176","10","First Lien Secured Debt - Delayed Draw S+475,","4","694","","3,897"
"SRC046","176","11","First Lien Secured Debt - Revolver S+475,","1","399","N/A","0.75%"
"SRC046","176","11","First Lien Secured Debt - Revolver S+475,","3","629","101","(3)"
"SRC046","176","11","First Lien Secured Debt - Revolver S+475,","4","694","","(11)"
"SRC046","176","12","PEX Holdings LLC First Lien Secured Debt - Term Loan S+275,","1","399","N/A","0.00%"
"SRC046","176","12","PEX Holdings LLC First Lien Secured Debt - Term Loan S+275,","2","557","100 Shares","15,357"
"SRC046","176","12","PEX Holdings LLC First Lien Secured Debt - Term Loan S+275,","3","629","101","15,319"
"SRC046","176","12","PEX Holdings LLC First Lien Secured Debt - Term Loan S+275,","4","694","","15,453"
"SRC046","176","12","PEX Holdings LLC First Lien Secured Debt - Term Loan S+275,","5","724","101 (4)(31)","(15)"
"SRC046","176","13","Madonna Bidco Limited First Lien Secured Debt - Term Loan SONIA+525,","1","399","N/A","0.00%"
"SRC046","176","13","Madonna Bidco Limited First Lien Secured Debt - Term Loan SONIA+525,","2","557","100 Shares","23,819"
"SRC046","176","13","Madonna Bidco Limited First Lien Secured Debt - Term Loan SONIA+525,","3","629","101","30,300"
"SRC046","176","13","Madonna Bidco Limited First Lien Secured Debt - Term Loan SONIA+525,","4","694","","29,223"
"SRC046","176","14","First Lien Secured Debt - Delayed Draw SONIA+525,","1","399","N/A","0.00%"
"SRC046","176","14","First Lien Secured Debt - Delayed Draw SONIA+525,","3","629","101","(62)"
"SRC046","176","14","First Lien Secured Debt - Delayed Draw SONIA+525,","4","694","","(61)"
"SRC046","177","1","Jensen Hughes, Inc First Lien Secured Debt - Term Loan S+500, 0.75% Floor 9/1/2031","1","558","Par/Shares(3)","78,054"
"SRC046","177","1","Jensen Hughes, Inc First Lien Secured Debt - Term Loan S+500, 0.75% Floor 9/1/2031","2","627","Cost(29)","76,923"
"SRC046","177","1","Jensen Hughes, Inc First Lien Secured Debt - Term Loan S+500, 0.75% Floor 9/1/2031","3","696","Fair Value(1)(30)","76,883"
"SRC046","177","2","First Lien Secured Debt - Delayed Draw S+500, 0.75% Floor 9/1/2031","2","627","Cost(29)","(157)"
"SRC046","177","2","First Lien Secured Debt - Delayed Draw S+500, 0.75% Floor 9/1/2031","3","696","Fair Value(1)(30)","(407)"
"SRC046","177","3","First Lien Secured Debt - Revolver S+500, 0.75% Floor 9/1/2031","2","627","Cost(29)","(126)"
"SRC046","177","3","First Lien Secured Debt - Revolver S+500, 0.75% Floor 9/1/2031","3","696","Fair Value(1)(30)","(132)"
"SRC046","177","4","Evoriel First Lien Secured Debt - Term Loan E+525, 0.00% Floor 4/2/2031 €","1","558","Par/Shares(3)","43,574"
"SRC046","177","4","Evoriel First Lien Secured Debt - Term Loan E+525, 0.00% Floor 4/2/2031 €","2","627","Cost(29)","46,057"
"SRC046","177","4","Evoriel First Lien Secured Debt - Term Loan E+525, 0.00% Floor 4/2/2031 €","3","696","Fair Value(1)(30)","44,572"
"SRC046","177","5","First Lien Secured Debt - Delayed Draw E+525, 0.00% Floor 4/2/2031 €","1","558","Par/Shares(3)","7,470"
"SRC046","177","5","First Lien Secured Debt - Delayed Draw E+525, 0.00% Floor 4/2/2031 €","2","627","Cost(29)","8,414"
"SRC046","177","5","First Lien Secured Debt - Delayed Draw E+525, 0.00% Floor 4/2/2031 €","3","696","Fair Value(1)(30)","7,447"
"SRC046","177","5","First Lien Secured Debt - Delayed Draw E+525, 0.00% Floor 4/2/2031 €","4","726","","(28)"
"SRC046","177","6","Orthrus Ltd First Lien Secured Debt - Term Loan S+625, 1.00% Floor 12/5/2031","1","558","Par/Shares(3)","42,268"
"SRC046","177","6","Orthrus Ltd First Lien Secured Debt - Term Loan S+625, 1.00% Floor 12/5/2031","2","627","Cost(29)","41,634"
"SRC046","177","6","Orthrus Ltd First Lien Secured Debt - Term Loan S+625, 1.00% Floor 12/5/2031","3","696","Fair Value(1)(30)","41,634"
"SRC046","177","7","First Lien Secured Debt - Term Loan SONIA+625, 0.00% Floor 12/5/2031 £","1","558","Par/Shares(3)","17,915"
"SRC046","177","7","First Lien Secured Debt - Term Loan SONIA+625, 0.00% Floor 12/5/2031 £","2","627","Cost(29)","22,502"
"SRC046","177","7","First Lien Secured Debt - Term Loan SONIA+625, 0.00% Floor 12/5/2031 £","3","696","Fair Value(1)(30)","22,091"
"SRC046","177","8","First Lien Secured Debt - Term Loan E+625, 0.00% Floor 12/5/2031 €","1","558","Par/Shares(3)","15,998"
"SRC046","177","8","First Lien Secured Debt - Term Loan E+625, 0.00% Floor 12/5/2031 €","2","627","Cost(29)","16,679"
"SRC046","177","8","First Lien Secured Debt - Term Loan E+625, 0.00% Floor 12/5/2031 €","3","696","Fair Value(1)(30)","16,323"
"SRC046","177","9","First Lien Secured Debt - Delayed Draw SONIA+625, 0.00% Floor 12/5/2031 £","2","627","Cost(29)","(239)"
"SRC046","177","9","First Lien Secured Debt - Delayed Draw SONIA+625, 0.00% Floor 12/5/2031 £","3","696","Fair Value(1)(30)","(235)"
"SRC046","177","10","Hurricane Cleanco Limited First Lien Secured Debt - Term Loan 12.50% (includes 6.25% PIK) 11/21/2029 £","1","558","Par/Shares(3)","50,024"
"SRC046","177","10","Hurricane Cleanco Limited First Lien Secured Debt - Term Loan 12.50% (includes 6.25% PIK) 11/21/2029 £","2","627","Cost(29)","59,258"
"SRC046","177","10","Hurricane Cleanco Limited First Lien Secured Debt - Term Loan 12.50% (includes 6.25% PIK) 11/21/2029 £","3","696","Fair Value(1)(30)","61,059"
"SRC046","177","11","Paisley Bidco Limited First Lien Secured Debt - Term Loan SONIA+475, 0.00% Floor 5/7/2031 £","1","558","Par/Shares(3)","83,858"
"SRC046","177","11","Paisley Bidco Limited First Lien Secured Debt - Term Loan SONIA+475, 0.00% Floor 5/7/2031 £","2","627","Cost(29)","104,170"
"SRC046","177","11","Paisley Bidco Limited First Lien Secured Debt - Term Loan SONIA+475, 0.00% Floor 5/7/2031 £","3","696","Fair Value(1)(30)","104,194"
"SRC046","177","12","First Lien Secured Debt - Term Loan E+475, 0.00% Floor 5/7/2031 €","1","558","Par/Shares(3)","28,797"
"SRC046","177","12","First Lien Secured Debt - Term Loan E+475, 0.00% Floor 5/7/2031 €","2","627","Cost(29)","30,762"
"SRC046","177","12","First Lien Secured Debt - Term Loan E+475, 0.00% Floor 5/7/2031 €","3","696","Fair Value(1)(30)","29,606"
"SRC046","177","13","First Lien Secured Debt - Delayed Draw SONIA+525, 0.00% Floor 5/7/2031 £","1","558","Par/Shares(3)","3,813"
"SRC046","177","13","First Lien Secured Debt - Delayed Draw SONIA+525, 0.00% Floor 5/7/2031 £","2","627","Cost(29)","4,690"
"SRC046","177","13","First Lien Secured Debt - Delayed Draw SONIA+525, 0.00% Floor 5/7/2031 £","3","696","Fair Value(1)(30)","4,720"
"SRC046","177","13","First Lien Secured Debt - Delayed Draw SONIA+525, 0.00% Floor 5/7/2031 £","4","726","","(28)"
"SRC046","177","14","PMA Parent Holdings, LLC First Lien Secured Debt - Term Loan S+550, 0.75% Floor 1/31/2031","1","558","Par/Shares(3)","14,013"
"SRC046","177","14","PMA Parent Holdings, LLC First Lien Secured Debt - Term Loan S+550, 0.75% Floor 1/31/2031","2","627","Cost(29)","13,869"
"SRC046","177","14","PMA Parent Holdings, LLC First Lien Secured Debt - Term Loan S+550, 0.75% Floor 1/31/2031","3","696","Fair Value(1)(30)","13,865"
"SRC046","177","15","First Lien Secured Debt - Revolver S+550, 0.75% Floor 1/31/2031","2","627","Cost(29)","(10)"
"SRC046","177","15","First Lien Secured Debt - Revolver S+550, 0.75% Floor 1/31/2031","3","696","Fair Value(1)(30)","(10)"
"SRC046","177","16","Stretto, Inc. First Lien Secured Debt - Term Loan S+600, 1.00% Floor 10/13/2028","1","558","Par/Shares(3)","125,933"
"SRC046","177","16","Stretto, Inc. First Lien Secured Debt - Term Loan S+600, 1.00% Floor 10/13/2028","2","627","Cost(29)","123,913"
"SRC046","177","16","Stretto, Inc. First Lien Secured Debt - Term Loan S+600, 1.00% Floor 10/13/2028","3","696","Fair Value(1)(30)","125,303"
"SRC046","178","1","Howardsimon LLC First Lien Secured Debt - Term Loan S+475, 0.75% Floor 12/13/2030","1","558","Par/Shares(3)","21,176"
"SRC046","178","1","Howardsimon LLC First Lien Secured Debt - Term Loan S+475, 0.75% Floor 12/13/2030","2","627","Cost(29)","21,124"
"SRC046","178","1","Howardsimon LLC First Lien Secured Debt - Term Loan S+475, 0.75% Floor 12/13/2030","3","696","Fair Value(1)(30)","21,124"
"SRC046","178","2","First Lien Secured Debt - Delayed Draw S+475, 0.75% Floor 12/13/2030","1","558","Par/Shares(3)","12,000"
"SRC046","178","2","First Lien Secured Debt - Delayed Draw S+475, 0.75% Floor 12/13/2030","2","627","Cost(29)","11,887"
"SRC046","178","2","First Lien Secured Debt - Delayed Draw S+475, 0.75% Floor 12/13/2030","3","696","Fair Value(1)(30)","11,922"
"SRC046","178","3","First Lien Secured Debt - Revolver S+475, 0.75% Floor 12/13/2030","2","627","Cost(29)","(9)"
"SRC046","178","3","First Lien Secured Debt - Revolver S+475, 0.75% Floor 12/13/2030","3","696","Fair Value(1)(30)","(9)"
"SRC046","178","4","RE Closing Buyer Corp. First Lien Secured Debt - Term Loan S+525, 1.00% Floor 9/27/2031","1","558","Par/Shares(3)","114,713"
"SRC046","178","4","RE Closing Buyer Corp. First Lien Secured Debt - Term Loan S+525, 1.00% Floor 9/27/2031","2","627","Cost(29)","112,493"
"SRC046","178","4","RE Closing Buyer Corp. First Lien Secured Debt - Term Loan S+525, 1.00% Floor 9/27/2031","3","696","Fair Value(1)(30)","112,418"
"SRC046","178","5","NPPI Buyer, LLC First Lien Secured Debt - Term Loan S+500, 1.00% Floor 8/20/2029","1","558","Par/Shares(3)","25,725"
"SRC046","178","5","NPPI Buyer, LLC First Lien Secured Debt - Term Loan S+500, 1.00% Floor 8/20/2029","2","627","Cost(29)","25,362"
"SRC046","178","5","NPPI Buyer, LLC First Lien Secured Debt - Term Loan S+500, 1.00% Floor 8/20/2029","3","696","Fair Value(1)(30)","25,339"
"SRC046","178","6","First Lien Secured Debt - Delayed Draw S+525, 1.00% Floor 8/20/2029","2","627","Cost(29)","(43)"
"SRC046","178","6","First Lien Secured Debt - Delayed Draw S+525, 1.00% Floor 8/20/2029","3","696","Fair Value(1)(30)","(83)"
"SRC046","178","7","First Lien Secured Debt - Revolver S+525, 1.00% Floor 8/20/2029","2","627","Cost(29)","(55)"
"SRC046","178","7","First Lien Secured Debt - Revolver S+525, 1.00% Floor 8/20/2029","3","696","Fair Value(1)(30)","(55)"
"SRC046","178","8","VEPF VII Holdings, L.P. First Lien Secured Debt - Term Loan S+450, 0.00% Floor 2/28/2028","1","558","Par/Shares(3)","19,776"
"SRC046","178","8","VEPF VII Holdings, L.P. First Lien Secured Debt - Term Loan S+450, 0.00% Floor 2/28/2028","2","627","Cost(29)","19,715"
"SRC046","178","8","VEPF VII Holdings, L.P. First Lien Secured Debt - Term Loan S+450, 0.00% Floor 2/28/2028","3","696","Fair Value(1)(30)","20,037"
"SRC046","178","9","Total Financial","2","627","Cost(29)","1,173,980"
"SRC046","178","9","Total Financial","3","696","Fair Value(1)(30)","1,169,780"
"SRC046","178","10","Pluto Holdco Limited First Lien Secured Debt - Term Loan 7.32% PIK 6/9/2025 €","1","558","Par/Shares(3)","12,976"
"SRC046","178","10","Pluto Holdco Limited First Lien Secured Debt - Term Loan 7.32% PIK 6/9/2025 €","2","627","Cost(29)","14,018"
"SRC046","178","10","Pluto Holdco Limited First Lien Secured Debt - Term Loan 7.32% PIK 6/9/2025 €","3","696","Fair Value(1)(30)","13,408"
"SRC046","178","11","Total Financing","2","627","Cost(29)","14,018"
"SRC046","178","11","Total Financing","3","696","Fair Value(1)(30)","13,408"
"SRC046","178","12","Green Grass Foods, Inc. First Lien Secured Debt - Term Loan S+625, 1.00% Floor 12/26/2029 $","1","558","Par/Shares(3)","3,713"
"SRC046","178","12","Green Grass Foods, Inc. First Lien Secured Debt - Term Loan S+625, 1.00% Floor 12/26/2029 $","2","627","Cost(29)","3,648"
"SRC046","178","12","Green Grass Foods, Inc. First Lien Secured Debt - Term Loan S+625, 1.00% Floor 12/26/2029 $","3","696","Fair Value(1)(30)","3,703"
"SRC046","178","13","First Lien Secured Debt - Revolver S+650, 1.00% Floor 12/26/2029","2","627","Cost(29)","(21)"
"SRC046","178","13","First Lien Secured Debt - Revolver S+650, 1.00% Floor 12/26/2029","3","696","Fair Value(1)(30)","(3)"
"SRC046","178","14","Nutpods Holdings, Inc. Common Equity - Stock N/A N/A 125","2","627","Cost(29)","125"
"SRC046","178","14","Nutpods Holdings, Inc. Common Equity - Stock N/A N/A 125","3","696","Fair Value(1)(30)","153"
"SRC046","178","15","Total Food","2","627","Cost(29)","3,752"
"SRC046","178","15","Total Food","3","696","Fair Value(1)(30)","3,853"
"SRC046","179","1","Channelside AcquisitionCo, Inc. First Lien Secured Debt - Term Loan S+475,","1","403","Interest Rate(12)","0.75%"
"SRC046","179","1","Channelside AcquisitionCo, Inc. First Lien Secured Debt - Term Loan S+475,","3","558","Par/Shares(3)","39,929"
"SRC046","179","1","Channelside AcquisitionCo, Inc. First Lien Secured Debt - Term Loan S+475,","4","629","Cost(29)","39,224"
"SRC046","179","1","Channelside AcquisitionCo, Inc. First Lien Secured Debt - Term Loan S+475,","5","696","Fair Value(1)(30)","39,829"
"SRC046","179","2","First Lien Secured Debt - Delayed Draw S+475,","1","403","Interest Rate(12)","0.75%"
"SRC046","179","2","First Lien Secured Debt - Delayed Draw S+475,","4","629","Cost(29)","(21)"
"SRC046","179","2","First Lien Secured Debt - Delayed Draw S+475,","5","696","Fair Value(1)(30)","(11)"
"SRC046","179","3","First Lien Secured Debt - Revolver S+475,","1","403","Interest Rate(12)","0.75%"
"SRC046","179","3","First Lien Secured Debt - Revolver S+475,","4","629","Cost(29)","(2)"
"SRC046","179","3","First Lien Secured Debt - Revolver S+475,","5","696","Fair Value(1)(30)","(10)"
"SRC046","179","4","First Student Bidco Inc. First Lien Secured Debt - Term Loan S+250,","1","403","Interest Rate(12)","0.50%"
"SRC046","179","4","First Student Bidco Inc. First Lien Secured Debt - Term Loan S+250,","3","558","Par/Shares(3)","4,408"
"SRC046","179","4","First Student Bidco Inc. First Lien Secured Debt - Term Loan S+250,","4","629","Cost(29)","4,414"
"SRC046","179","4","First Student Bidco Inc. First Lien Secured Debt - Term Loan S+250,","5","696","Fair Value(1)(30)","4,422"
"SRC046","179","4","First Student Bidco Inc. First Lien Secured Debt - Term Loan S+250,","6","726","","(15)"
"SRC046","179","5","Genesee & Wyoming Inc. First Lien Secured Debt - Term Loan S+175,","1","403","Interest Rate(12)","0.00%"
"SRC046","179","5","Genesee & Wyoming Inc. First Lien Secured Debt - Term Loan S+175,","3","558","Par/Shares(3)","4,988"
"SRC046","179","5","Genesee & Wyoming Inc. First Lien Secured Debt - Term Loan S+175,","4","629","Cost(29)","4,988"
"SRC046","179","5","Genesee & Wyoming Inc. First Lien Secured Debt - Term Loan S+175,","5","696","Fair Value(1)(30)","4,984"
"SRC046","179","5","Genesee & Wyoming Inc. First Lien Secured Debt - Term Loan S+175,","6","726","","(15)"
"SRC046","179","6","Olympus Terminals Holdco II LLC First Lien Secured Debt - Term Loan S+525,","1","403","Interest Rate(12)","0.75%"
"SRC046","179","6","Olympus Terminals Holdco II LLC First Lien Secured Debt - Term Loan S+525,","3","558","Par/Shares(3)","37,255"
"SRC046","179","6","Olympus Terminals Holdco II LLC First Lien Secured Debt - Term Loan S+525,","4","629","Cost(29)","36,515"
"SRC046","179","6","Olympus Terminals Holdco II LLC First Lien Secured Debt - Term Loan S+525,","5","696","Fair Value(1)(30)","36,510"
"SRC046","179","7","First Lien Secured Debt - Delayed Draw S+525,","1","403","Interest Rate(12)","0.75%"
"SRC046","179","7","First Lien Secured Debt - Delayed Draw S+525,","4","629","Cost(29)","(119)"
"SRC046","179","7","First Lien Secured Debt - Delayed Draw S+525,","5","696","Fair Value(1)(30)","(120)"
"SRC046","179","8","First Lien Secured Debt - Revolver S+525,","1","403","Interest Rate(12)","0.75%"
"SRC046","179","8","First Lien Secured Debt - Revolver S+525,","4","629","Cost(29)","(199)"
"SRC046","179","8","First Lien Secured Debt - Revolver S+525,","5","696","Fair Value(1)(30)","(200)"
"SRC046","179","9","S+460","2","427","","1.00%"
"SRC046","179","10","TI Intermediate Holdings, LLC First Lien Secured Debt - Term Loan","3","558","Par/Shares(3)","7,352"
"SRC046","179","10","TI Intermediate Holdings, LLC First Lien Secured Debt - Term Loan","4","629","Cost(29)","7,352"
"SRC046","179","10","TI Intermediate Holdings, LLC First Lien Secured Debt - Term Loan","5","696","Fair Value(1)(30)","4,080"
"SRC046","179","11","Heartbeat BidCo GmbH First Lien Secured Debt - Term Loan E+650,","1","403","Interest Rate(12)","0.50%"
"SRC046","179","11","Heartbeat BidCo GmbH First Lien Secured Debt - Term Loan E+650,","3","558","Par/Shares(3)","20,000"
"SRC046","179","11","Heartbeat BidCo GmbH First Lien Secured Debt - Term Loan E+650,","4","629","Cost(29)","21,460"
"SRC046","179","11","Heartbeat BidCo GmbH First Lien Secured Debt - Term Loan E+650,","5","696","Fair Value(1)(30)","20,613"
"SRC046","179","12","Medline Borrower LP First Lien Secured Debt - Term Loan S+225,","1","403","Interest Rate(12)","0.50%"
"SRC046","179","12","Medline Borrower LP First Lien Secured Debt - Term Loan S+225,","3","558","Par/Shares(3)","29,935"
"SRC046","179","12","Medline Borrower LP First Lien Secured Debt - Term Loan S+225,","4","629","Cost(29)","29,970"
"SRC046","179","12","Medline Borrower LP First Lien Secured Debt - Term Loan S+225,","5","696","Fair Value(1)(30)","30,075"
"SRC046","179","12","Medline Borrower LP First Lien Secured Debt - Term Loan S+225,","6","726","","(14)"
"SRC046","179","13","Resonetics, LLC First Lien Secured Debt - Term Loan S+325,","1","403","Interest Rate(12)","0.75%"
"SRC046","179","13","Resonetics, LLC First Lien Secured Debt - Term Loan S+325,","3","558","Par/Shares(3)","9,975"
"SRC046","179","13","Resonetics, LLC First Lien Secured Debt - Term Loan S+325,","4","629","Cost(29)","9,963"
"SRC046","179","13","Resonetics, LLC First Lien Secured Debt - Term Loan S+325,","5","696","Fair Value(1)(30)","10,051"
"SRC046","179","13","Resonetics, LLC First Lien Secured Debt - Term Loan S+325,","6","726","","(14)"
"SRC046","179","14","TerSera Therapeutics LLC First Lien Secured Debt - Term Loan S+575,","1","403","Interest Rate(12)","1.00%"
"SRC046","179","14","TerSera Therapeutics LLC First Lien Secured Debt - Term Loan S+575,","3","558","Par/Shares(3)","16,750"
"SRC046","179","14","TerSera Therapeutics LLC First Lien Secured Debt - Term Loan S+575,","4","629","Cost(29)","16,433"
"SRC046","179","14","TerSera Therapeutics LLC First Lien Secured Debt - Term Loan S+575,","5","696","Fair Value(1)(30)","16,750"
"SRC046","179","15","First Lien Secured Debt - Revolver S+675,","1","403","Interest Rate(12)","1.00%"
"SRC046","179","15","First Lien Secured Debt - Revolver S+675,","4","629","Cost(29)","(24)"
"SRC046","180","1","Treace Medical Concepts, Inc. First Lien Secured Debt - Term Loan S+610, 1.00% Floor 4/1/2027","1","560","Par/Shares(3)","7,292"
"SRC046","180","1","Treace Medical Concepts, Inc. First Lien Secured Debt - Term Loan S+610, 1.00% Floor 4/1/2027","2","631","Cost(29)","7,273"
"SRC046","180","1","Treace Medical Concepts, Inc. First Lien Secured Debt - Term Loan S+610, 1.00% Floor 4/1/2027","3","700","Fair Value(1)(30)","7,219"
"SRC046","180","2","First Lien Secured Debt - Delayed Draw S+610, 1.00% Floor 4/1/2027","3","700","Fair Value(1)(30)","(44)"
"SRC046","180","3","First Lien Secured Debt - Revolver S+410, 1.00% Floor 4/1/2027","1","560","Par/Shares(3)","200"
"SRC046","180","3","First Lien Secured Debt - Revolver S+410, 1.00% Floor 4/1/2027","2","631","Cost(29)","200"
"SRC046","180","3","First Lien Secured Debt - Revolver S+410, 1.00% Floor 4/1/2027","3","700","Fair Value(1)(30)","185"
"SRC046","180","4","Zest Acquisition Corp. First Lien Secured Debt - Term Loan S+551, 0.00% Floor 2/8/2028","1","560","Par/Shares(3)","20,838"
"SRC046","180","4","Zest Acquisition Corp. First Lien Secured Debt - Term Loan S+551, 0.00% Floor 2/8/2028","2","631","Cost(29)","20,637"
"SRC046","180","4","Zest Acquisition Corp. First Lien Secured Debt - Term Loan S+551, 0.00% Floor 2/8/2028","3","700","Fair Value(1)(30)","21,099"
"SRC046","180","5","Zeus Company LLC First Lien Secured Debt - Term Loan S+550, 0.75% Floor 2/28/2031","1","560","Par/Shares(3)","53,763"
"SRC046","180","5","Zeus Company LLC First Lien Secured Debt - Term Loan S+550, 0.75% Floor 2/28/2031","2","631","Cost(29)","53,026"
"SRC046","180","5","Zeus Company LLC First Lien Secured Debt - Term Loan S+550, 0.75% Floor 2/28/2031","3","700","Fair Value(1)(30)","54,300"
"SRC046","180","6","First Lien Secured Debt - Delayed Draw S+550, 0.75% Floor 2/28/2031","1","560","Par/Shares(3)","3,518"
"SRC046","180","6","First Lien Secured Debt - Delayed Draw S+550, 0.75% Floor 2/28/2031","2","631","Cost(29)","3,428"
"SRC046","180","6","First Lien Secured Debt - Delayed Draw S+550, 0.75% Floor 2/28/2031","3","700","Fair Value(1)(30)","3,554"
"SRC046","180","7","First Lien Secured Debt - Revolver S+550, 0.75% Floor 2/28/2030","2","631","Cost(29)","(98)"
"SRC046","180","8","Total Health Care Equipment &","2","631","Cost(29)","162,268"
"SRC046","180","8","Total Health Care Equipment &","3","700","Fair Value(1)(30)","163,802"
"SRC046","180","9","Advarra Holdings, Inc. First Lien Secured Debt - Term Loan S+450, 0.75% Floor 9/13/2031 $","1","560","Par/Shares(3)","134,261"
"SRC046","180","9","Advarra Holdings, Inc. First Lien Secured Debt - Term Loan S+450, 0.75% Floor 9/13/2031 $","2","631","Cost(29)","133,611"
"SRC046","180","9","Advarra Holdings, Inc. First Lien Secured Debt - Term Loan S+450, 0.75% Floor 9/13/2031 $","3","700","Fair Value(1)(30)","133,590"
"SRC046","180","10","First Lien Secured Debt - Term Loan S+450, 1.00% Floor 9/15/2031","1","560","Par/Shares(3)","54,001"
"SRC046","180","10","First Lien Secured Debt - Term Loan S+450, 1.00% Floor 9/15/2031","2","631","Cost(29)","53,739"
"SRC046","180","10","First Lien Secured Debt - Term Loan S+450, 1.00% Floor 9/15/2031","3","700","Fair Value(1)(30)","53,731"
"SRC046","180","11","First Lien Secured Debt - Delayed Draw S+450, 0.75% Floor 9/15/2031","2","631","Cost(29)","(30)"
"SRC046","180","11","First Lien Secured Debt - Delayed Draw S+450, 0.75% Floor 9/15/2031","3","700","Fair Value(1)(30)","(62)"
"SRC046","180","12","ACI Group Holdings, Inc. First Lien Secured Debt - Term Loan S+285, 0.75% Floor 8/2/2028","1","560","Par/Shares(3)","4,924"
"SRC046","180","12","ACI Group Holdings, Inc. First Lien Secured Debt - Term Loan S+285, 0.75% Floor 8/2/2028","2","631","Cost(29)","4,924"
"SRC046","180","12","ACI Group Holdings, Inc. First Lien Secured Debt - Term Loan S+285, 0.75% Floor 8/2/2028","3","700","Fair Value(1)(30)","4,850"
"SRC046","180","13","All Star Recruiting Locums, LLC First Lien Secured Debt - Term Loan S+550, 1.00% Floor 5/1/2030","1","560","Par/Shares(3)","6,922"
"SRC046","180","13","All Star Recruiting Locums, LLC First Lien Secured Debt - Term Loan S+550, 1.00% Floor 5/1/2030","2","631","Cost(29)","6,795"
"SRC046","180","13","All Star Recruiting Locums, LLC First Lien Secured Debt - Term Loan S+550, 1.00% Floor 5/1/2030","3","700","Fair Value(1)(30)","6,887"
"SRC046","180","14","First Lien Secured Debt - Delayed Draw S+550, 1.00% Floor 5/1/2030","2","631","Cost(29)","(16)"
"SRC046","180","14","First Lien Secured Debt - Delayed Draw S+550, 1.00% Floor 5/1/2030","3","700","Fair Value(1)(30)","(9)"
"SRC046","180","15","First Lien Secured Debt - Revolver S+550, 1.00% Floor 5/1/2030","1","560","Par/Shares(3)","217"
"SRC046","180","15","First Lien Secured Debt - Revolver S+550, 1.00% Floor 5/1/2030","2","631","Cost(29)","194"
"SRC046","180","15","First Lien Secured Debt - Revolver S+550, 1.00% Floor 5/1/2030","3","700","Fair Value(1)(30)","211"
"SRC046","180","16","LLC First Lien Secured Debt - Term Loan S+525, 0.75% Floor 10/31/2030","1","560","Par/Shares(3)","78,029"
"SRC046","180","16","LLC First Lien Secured Debt - Term Loan S+525, 0.75% Floor 10/31/2030","2","631","Cost(29)","77,002"
"SRC046","180","16","LLC First Lien Secured Debt - Term Loan S+525, 0.75% Floor 10/31/2030","3","700","Fair Value(1)(30)","78,029"
"SRC046","180","17","First Lien Secured Debt - Delayed Draw S+525, 0.75% Floor 10/31/2030","1","560","Par/Shares(3)","14,310"
"SRC046","180","17","First Lien Secured Debt - Delayed Draw S+525, 0.75% Floor 10/31/2030","2","631","Cost(29)","14,108"
"SRC046","180","17","First Lien Secured Debt - Delayed Draw S+525, 0.75% Floor 10/31/2030","3","700","Fair Value(1)(30)","14,310"
"SRC046","181","1","Athenahealth Group Inc. First Lien Secured Debt - Term Loan S+325, 0.50% Floor 2/15/2029","1","563","Par/Shares(3)","51,433"
"SRC046","181","1","Athenahealth Group Inc. First Lien Secured Debt - Term Loan S+325, 0.50% Floor 2/15/2029","2","632","Cost(29)","50,787"
"SRC046","181","1","Athenahealth Group Inc. First Lien Secured Debt - Term Loan S+325, 0.50% Floor 2/15/2029","3","701","Fair Value(1)(30)","51,662"
"SRC046","181","2","Acentra Holdings, LLC First Lien Secured Debt - Term Loan S+550, 0.50% Floor 12/17/2029","1","563","Par/Shares(3)","37,705"
"SRC046","181","2","Acentra Holdings, LLC First Lien Secured Debt - Term Loan S+550, 0.50% Floor 12/17/2029","2","632","Cost(29)","36,776"
"SRC046","181","2","Acentra Holdings, LLC First Lien Secured Debt - Term Loan S+550, 0.50% Floor 12/17/2029","3","701","Fair Value(1)(30)","37,328"
"SRC046","181","3","First Lien Secured Debt - Term Loan S+575, 0.50% Floor 12/17/2028","1","563","Par/Shares(3)","2,935"
"SRC046","181","3","First Lien Secured Debt - Term Loan S+575, 0.50% Floor 12/17/2028","2","632","Cost(29)","2,885"
"SRC046","181","3","First Lien Secured Debt - Term Loan S+575, 0.50% Floor 12/17/2028","3","701","Fair Value(1)(30)","2,920"
"SRC046","181","4","First Lien Secured Debt - Delayed Draw S+550, 0.50% Floor 12/17/2029","2","632","Cost(29)","(48)"
"SRC046","181","4","First Lien Secured Debt - Delayed Draw S+550, 0.50% Floor 12/17/2029","3","701","Fair Value(1)(30)","(74)"
"SRC046","181","5","First Lien Secured Debt - Revolver S+550, 0.50% Floor 12/17/2029","1","563","Par/Shares(3)","427"
"SRC046","181","5","First Lien Secured Debt - Revolver S+550, 0.50% Floor 12/17/2029","2","632","Cost(29)","342"
"SRC046","181","5","First Lien Secured Debt - Revolver S+550, 0.50% Floor 12/17/2029","3","701","Fair Value(1)(30)","387"
"SRC046","181","6","Concentra Health Services Inc First Lien Secured Debt - Term Loan S+225, 0.00% Floor 7/26/2031","1","563","Par/Shares(3)","7,481"
"SRC046","181","6","Concentra Health Services Inc First Lien Secured Debt - Term Loan S+225, 0.00% Floor 7/26/2031","2","632","Cost(29)","7,472"
"SRC046","181","6","Concentra Health Services Inc First Lien Secured Debt - Term Loan S+225, 0.00% Floor 7/26/2031","3","701","Fair Value(1)(30)","7,547"
"SRC046","181","7","Coretrust Purchasing Group LLC First Lien Secured Debt - Term Loan S+525, 0.75% Floor 10/1/2029","1","563","Par/Shares(3)","37,611"
"SRC046","181","7","Coretrust Purchasing Group LLC First Lien Secured Debt - Term Loan S+525, 0.75% Floor 10/1/2029","2","632","Cost(29)","36,836"
"SRC046","181","7","Coretrust Purchasing Group LLC First Lien Secured Debt - Term Loan S+525, 0.75% Floor 10/1/2029","3","701","Fair Value(1)(30)","37,235"
"SRC046","181","8","First Lien Secured Debt - Delayed Draw S+525, 0.75% Floor 10/1/2029","2","632","Cost(29)","(77)"
"SRC046","181","8","First Lien Secured Debt - Delayed Draw S+525, 0.75% Floor 10/1/2029","3","701","Fair Value(1)(30)","(79)"
"SRC046","181","9","First Lien Secured Debt - Revolver S+525, 0.75% Floor 10/1/2029","2","632","Cost(29)","(97)"
"SRC046","181","9","First Lien Secured Debt - Revolver S+525, 0.75% Floor 10/1/2029","3","701","Fair Value(1)(30)","(47)"
"SRC046","181","10","Coding Solutions Acquisition Inc First Lien Secured Debt - Term Loan S+500, 0.75% Floor 8/7/2031","1","563","Par/Shares(3)","36,069"
"SRC046","181","10","Coding Solutions Acquisition Inc First Lien Secured Debt - Term Loan S+500, 0.75% Floor 8/7/2031","2","632","Cost(29)","35,592"
"SRC046","181","10","Coding Solutions Acquisition Inc First Lien Secured Debt - Term Loan S+500, 0.75% Floor 8/7/2031","3","701","Fair Value(1)(30)","35,527"
"SRC046","181","11","First Lien Secured Debt - Delayed Draw S+500, 0.75% Floor 8/7/2031","2","632","Cost(29)","(71)"
"SRC046","181","11","First Lien Secured Debt - Delayed Draw S+500, 0.75% Floor 8/7/2031","3","701","Fair Value(1)(30)","(82)"
"SRC046","181","12","First Lien Secured Debt - Revolver S+500, 0.75% Floor 8/7/2031","1","563","Par/Shares(3)","3,006"
"SRC046","181","12","First Lien Secured Debt - Revolver S+500, 0.75% Floor 8/7/2031","2","632","Cost(29)","2,957"
"SRC046","181","12","First Lien Secured Debt - Revolver S+500, 0.75% Floor 8/7/2031","3","701","Fair Value(1)(30)","2,954"
"SRC046","181","13","DCA Investment Holding LLC First Lien Secured Debt - Term Loan S+641, 0.75% Floor 4/3/2028","1","563","Par/Shares(3)","2,424"
"SRC046","181","13","DCA Investment Holding LLC First Lien Secured Debt - Term Loan S+641, 0.75% Floor 4/3/2028","2","632","Cost(29)","2,424"
"SRC046","181","13","DCA Investment Holding LLC First Lien Secured Debt - Term Loan S+641, 0.75% Floor 4/3/2028","3","701","Fair Value(1)(30)","2,352"
"SRC046","181","14","ERC Topco Holdings, LLC First Lien Secured Debt - Term Loan PIK) 11/9/2028","1","563","Par/Shares(3)","35,308"
"SRC046","181","14","ERC Topco Holdings, LLC First Lien Secured Debt - Term Loan PIK) 11/9/2028","2","632","Cost(29)","35,308"
"SRC046","181","14","ERC Topco Holdings, LLC First Lien Secured Debt - Term Loan PIK) 11/9/2028","3","701","Fair Value(1)(30)","13,505"
"SRC046","181","15","First Lien Secured Debt - Term Loan 11.12% PIK 11/10/2028","1","563","Par/Shares(3)","882"
"SRC046","181","15","First Lien Secured Debt - Term Loan 11.12% PIK 11/10/2028","2","632","Cost(29)","882"
"SRC046","181","15","First Lien Secured Debt - Term Loan 11.12% PIK 11/10/2028","3","701","Fair Value(1)(30)","338"
"SRC046","181","16","First Lien Secured Debt - Term Loan 11.12% PIK 11/10/2027","1","563","Par/Shares(3)","19"
"SRC046","181","16","First Lien Secured Debt - Term Loan 11.12% PIK 11/10/2027","2","632","Cost(29)","19"
"SRC046","181","16","First Lien Secured Debt - Term Loan 11.12% PIK 11/10/2027","3","701","Fair Value(1)(30)","7"
"SRC046","181","17","First Lien Secured Debt - Revolver PIK) 11/10/2027","1","563","Par/Shares(3)","2,412"
"SRC046","181","17","First Lien Secured Debt - Revolver PIK) 11/10/2027","2","632","Cost(29)","2,404"
"SRC046","181","17","First Lien Secured Debt - Revolver PIK) 11/10/2027","3","701","Fair Value(1)(30)","439"
"SRC046","182","1","Ensemble RCM, LLC First Lien Secured Debt - Term Loan S+300, 0.00% Floor 8/1/2029","1","558","Par/Shares(3)","31,485"
"SRC046","182","1","Ensemble RCM, LLC First Lien Secured Debt - Term Loan S+300, 0.00% Floor 8/1/2029","2","627","Cost(29)","31,375"
"SRC046","182","1","Ensemble RCM, LLC First Lien Secured Debt - Term Loan S+300, 0.00% Floor 8/1/2029","3","696","Fair Value(1)(30)","31,755"
"SRC046","182","2","Electron BidCo Inc. First Lien Secured Debt - Term Loan S+275, 0.50% Floor 11/1/2028","1","558","Par/Shares(3)","4,974"
"SRC046","182","2","Electron BidCo Inc. First Lien Secured Debt - Term Loan S+275, 0.50% Floor 11/1/2028","2","627","Cost(29)","4,977"
"SRC046","182","2","Electron BidCo Inc. First Lien Secured Debt - Term Loan S+275, 0.50% Floor 11/1/2028","3","696","Fair Value(1)(30)","4,999"
"SRC046","182","2","Electron BidCo Inc. First Lien Secured Debt - Term Loan S+275, 0.50% Floor 11/1/2028","4","726","","(14)"
"SRC046","182","3","EHC Holdings Holdco Limited First Lien Secured Debt - Term Loan SONIA+575, 0.00% Floor 9/30/2031 £","1","558","Par/Shares(3)","48,000"
"SRC046","182","3","EHC Holdings Holdco Limited First Lien Secured Debt - Term Loan SONIA+575, 0.00% Floor 9/30/2031 £","2","627","Cost(29)","62,925"
"SRC046","182","3","EHC Holdings Holdco Limited First Lien Secured Debt - Term Loan SONIA+575, 0.00% Floor 9/30/2031 £","3","696","Fair Value(1)(30)","58,889"
"SRC046","182","4","First Lien Secured Debt - Delayed Draw SONIA+575, 0.00% Floor 9/30/2031 £","1","558","Par/Shares(3)","2,400"
"SRC046","182","4","First Lien Secured Debt - Delayed Draw SONIA+575, 0.00% Floor 9/30/2031 £","2","627","Cost(29)","2,236"
"SRC046","182","4","First Lien Secured Debt - Delayed Draw SONIA+575, 0.00% Floor 9/30/2031 £","3","696","Fair Value(1)(30)","2,404"
"SRC046","182","4","First Lien Secured Debt - Delayed Draw SONIA+575, 0.00% Floor 9/30/2031 £","4","726","","8)"
"SRC046","182","5","Gainwell Acquisition Corp. First Lien Secured Debt - Term Loan S+410, 0.75% Floor 10/1/2027","1","558","Par/Shares(3)","57,210"
"SRC046","182","5","Gainwell Acquisition Corp. First Lien Secured Debt - Term Loan S+410, 0.75% Floor 10/1/2027","2","627","Cost(29)","55,652"
"SRC046","182","5","Gainwell Acquisition Corp. First Lien Secured Debt - Term Loan S+410, 0.75% Floor 10/1/2027","3","696","Fair Value(1)(30)","55,558"
"SRC046","182","5","Gainwell Acquisition Corp. First Lien Secured Debt - Term Loan S+410, 0.75% Floor 10/1/2027","4","726","","(15)"
"SRC046","182","6","Gateway US Holdings, Inc. First Lien Secured Debt - Term Loan S+475, 0.75% Floor 9/22/2028","1","558","Par/Shares(3)","64,583"
"SRC046","182","6","Gateway US Holdings, Inc. First Lien Secured Debt - Term Loan S+475, 0.75% Floor 9/22/2028","2","627","Cost(29)","64,278"
"SRC046","182","6","Gateway US Holdings, Inc. First Lien Secured Debt - Term Loan S+475, 0.75% Floor 9/22/2028","3","696","Fair Value(1)(30)","64,260"
"SRC046","182","7","First Lien Secured Debt - Delayed Draw S+475, 0.75% Floor 9/22/2026","1","558","Par/Shares(3)","14,837"
"SRC046","182","7","First Lien Secured Debt - Delayed Draw S+475, 0.75% Floor 9/22/2026","2","627","Cost(29)","14,837"
"SRC046","182","7","First Lien Secured Debt - Delayed Draw S+475, 0.75% Floor 9/22/2026","3","696","Fair Value(1)(30)","14,763"
"SRC046","182","8","First Lien Secured Debt - Term Loan S+490, 0.75% Floor 9/22/2028","1","558","Par/Shares(3)","5,346"
"SRC046","182","8","First Lien Secured Debt - Term Loan S+490, 0.75% Floor 9/22/2028","2","627","Cost(29)","5,267"
"SRC046","182","8","First Lien Secured Debt - Term Loan S+490, 0.75% Floor 9/22/2028","3","696","Fair Value(1)(30)","5,319"
"SRC046","182","9","First Lien Secured Debt - Delayed Draw S+475, 0.75% Floor 9/22/2026","1","558","Par/Shares(3)","6,942"
"SRC046","182","9","First Lien Secured Debt - Delayed Draw S+475, 0.75% Floor 9/22/2026","2","627","Cost(29)","6,877"
"SRC046","182","9","First Lien Secured Debt - Delayed Draw S+475, 0.75% Floor 9/22/2026","3","696","Fair Value(1)(30)","6,908"
"SRC046","182","10","First Lien Secured Debt - Delayed Draw S+475, 0.75% Floor 11/14/2026","3","696","Fair Value(1)(30)","(21)"
"SRC046","182","11","First Lien Secured Debt - Revolver S+650, 0.75% Floor 9/22/2026","2","627","Cost(29)","(10)"
"SRC046","182","11","First Lien Secured Debt - Revolver S+650, 0.75% Floor 9/22/2026","3","696","Fair Value(1)(30)","(13)"
"SRC046","182","12","Hanger, Inc. First Lien Secured Debt - Term Loan S+350, 0.00% Floor 10/23/2031","1","558","Par/Shares(3)","18,605"
"SRC046","182","12","Hanger, Inc. First Lien Secured Debt - Term Loan S+350, 0.00% Floor 10/23/2031","2","627","Cost(29)","18,548"
"SRC046","182","12","Hanger, Inc. First Lien Secured Debt - Term Loan S+350, 0.00% Floor 10/23/2031","3","696","Fair Value(1)(30)","18,811"
"SRC046","182","12","Hanger, Inc. First Lien Secured Debt - Term Loan S+350, 0.00% Floor 10/23/2031","4","726","","(14)"
"SRC046","182","13","First Lien Secured Debt - Delayed Draw S+350, 0.00% Floor 10/23/2031","2","627","Cost(29)","(7)"
"SRC046","182","14","Lotus Topco Inc. First Lien Secured Debt - Term Loan S+475, 1.00% Floor 6/7/2030","1","558","Par/Shares(3)","11,706"
"SRC046","182","14","Lotus Topco Inc. First Lien Secured Debt - Term Loan S+475, 1.00% Floor 6/7/2030","2","627","Cost(29)","11,543"
"SRC046","182","14","Lotus Topco Inc. First Lien Secured Debt - Term Loan S+475, 1.00% Floor 6/7/2030","3","696","Fair Value(1)(30)","11,530"
"SRC046","182","15","First Lien Secured Debt - Delayed Draw S+475, 1.00% Floor 6/7/2030","2","627","Cost(29)","(40)"
"SRC046","182","15","First Lien Secured Debt - Delayed Draw S+475, 1.00% Floor 6/7/2030","3","696","Fair Value(1)(30)","(88)"
"SRC046","182","16","First Lien Secured Debt - Revolver S+475, 1.00% Floor 6/7/2030","2","627","Cost(29)","(32)"
"SRC046","182","16","First Lien Secured Debt - Revolver S+475, 1.00% Floor 6/7/2030","3","696","Fair Value(1)(30)","(35)"
"SRC046","182","17","OMH-Healthedge Holdings, Inc. First Lien Secured Debt - Term Loan S+600, 1.00% Floor 10/8/2029","1","558","Par/Shares(3)","107,459"
"SRC046","182","17","OMH-Healthedge Holdings, Inc. First Lien Secured Debt - Term Loan S+600, 1.00% Floor 10/8/2029","2","627","Cost(29)","105,189"
"SRC046","182","17","OMH-Healthedge Holdings, Inc. First Lien Secured Debt - Term Loan S+600, 1.00% Floor 10/8/2029","3","696","Fair Value(1)(30)","107,459"
"SRC046","182","18","First Lien Secured Debt - Revolver S+600, 1.00% Floor 10/8/2029","2","627","Cost(29)","(234)"
"SRC046","183","1","Phoenix Newco, Inc. First Lien Secured Debt - Term Loan S+300, 0.50% Floor 11/15/2028","1","563","Par/Shares(3)","19,568"
"SRC046","183","1","Phoenix Newco, Inc. First Lien Secured Debt - Term Loan S+300, 0.50% Floor 11/15/2028","2","632","Cost(29)","19,550"
"SRC046","183","1","Phoenix Newco, Inc. First Lien Secured Debt - Term Loan S+300, 0.50% Floor 11/15/2028","3","700","Fair Value(1)(30)","19,727"
"SRC046","183","1","Phoenix Newco, Inc. First Lien Secured Debt - Term Loan S+300, 0.50% Floor 11/15/2028","4","727","","(14)"
"SRC046","183","2","Practice Plus Group Holdings Limited First Lien Secured Debt - Term Loan SONIA+625, 0.50% Floor 11/19/2029 £","1","563","Par/Shares(3)","10,000"
"SRC046","183","2","Practice Plus Group Holdings Limited First Lien Secured Debt - Term Loan SONIA+625, 0.50% Floor 11/19/2029 £","2","632","Cost(29)","11,647"
"SRC046","183","2","Practice Plus Group Holdings Limited First Lien Secured Debt - Term Loan SONIA+625, 0.50% Floor 11/19/2029 £","3","700","Fair Value(1)(30)","12,237"
"SRC046","183","3","First Lien Secured Debt - Term Loan SONIA+650, 0.50% Floor 11/19/2029 £","1","563","Par/Shares(3)","5,000"
"SRC046","183","3","First Lien Secured Debt - Term Loan SONIA+650, 0.50% Floor 11/19/2029 £","2","632","Cost(29)","6,180"
"SRC046","183","3","First Lien Secured Debt - Term Loan SONIA+650, 0.50% Floor 11/19/2029 £","3","700","Fair Value(1)(30)","6,119"
"SRC046","183","4","PPL Acquisition LLC First Lien Secured Debt - Term Loan S+635, 0.75% Floor 7/1/2028","1","563","Par/Shares(3)","8,388"
"SRC046","183","4","PPL Acquisition LLC First Lien Secured Debt - Term Loan S+635, 0.75% Floor 7/1/2028","2","632","Cost(29)","8,228"
"SRC046","183","4","PPL Acquisition LLC First Lien Secured Debt - Term Loan S+635, 0.75% Floor 7/1/2028","3","700","Fair Value(1)(30)","8,095"
"SRC046","183","5","First Lien Secured Debt - Revolver S+635, 0.75% Floor 7/1/2028","2","632","Cost(29)","(12)"
"SRC046","183","5","First Lien Secured Debt - Revolver S+635, 0.75% Floor 7/1/2028","3","700","Fair Value(1)(30)","(35)"
"SRC046","183","6","PPL Equity LP Preferred Equity - Preferred Stocks N/A N/A 50,000","2","632","Cost(29)","50"
"SRC046","183","6","PPL Equity LP Preferred Equity - Preferred Stocks N/A N/A 50,000","3","700","Fair Value(1)(30)","50"
"SRC046","183","7","Preferred Equity - Equity Unit N/A N/A 50,000","2","632","Cost(29)","50"
"SRC046","183","8","Smile Brands Inc. First Lien Secured Debt - Term Loan PIK) 10/12/2027","1","563","Par/Shares(3)","7,561"
"SRC046","183","8","Smile Brands Inc. First Lien Secured Debt - Term Loan PIK) 10/12/2027","2","632","Cost(29)","7,561"
"SRC046","183","8","Smile Brands Inc. First Lien Secured Debt - Term Loan PIK) 10/12/2027","3","700","Fair Value(1)(30)","6,918"
"SRC046","183","9","Southern Veterinary Partners, LLC First Lien Secured Debt - Term Loan S+325, 0.00% Floor 12/4/2031","1","563","Par/Shares(3)","25,000"
"SRC046","183","9","Southern Veterinary Partners, LLC First Lien Secured Debt - Term Loan S+325, 0.00% Floor 12/4/2031","2","632","Cost(29)","24,876"
"SRC046","183","9","Southern Veterinary Partners, LLC First Lien Secured Debt - Term Loan S+325, 0.00% Floor 12/4/2031","3","700","Fair Value(1)(30)","25,208"
"SRC046","183","9","Southern Veterinary Partners, LLC First Lien Secured Debt - Term Loan S+325, 0.00% Floor 12/4/2031","4","727","","(15)"
"SRC046","183","10","TS Investors, LLC First Lien Secured Debt - Term Loan S+560, 1.00% Floor 5/4/2029","1","563","Par/Shares(3)","7,668"
"SRC046","183","10","TS Investors, LLC First Lien Secured Debt - Term Loan S+560, 1.00% Floor 5/4/2029","2","632","Cost(29)","7,486"
"SRC046","183","10","TS Investors, LLC First Lien Secured Debt - Term Loan S+560, 1.00% Floor 5/4/2029","3","700","Fair Value(1)(30)","7,572"
"SRC046","183","11","First Lien Secured Debt - Term Loan S+660, 1.00% Floor 5/4/2029","1","563","Par/Shares(3)","7,609"
"SRC046","183","11","First Lien Secured Debt - Term Loan S+660, 1.00% Floor 5/4/2029","2","632","Cost(29)","7,505"
"SRC046","183","11","First Lien Secured Debt - Term Loan S+660, 1.00% Floor 5/4/2029","3","700","Fair Value(1)(30)","7,514"
"SRC046","183","12","First Lien Secured Debt - Delayed Draw S+560, 1.00% Floor 5/4/2029","1","563","Par/Shares(3)","440"
"SRC046","183","12","First Lien Secured Debt - Delayed Draw S+560, 1.00% Floor 5/4/2029","2","632","Cost(29)","419"
"SRC046","183","12","First Lien Secured Debt - Delayed Draw S+560, 1.00% Floor 5/4/2029","3","700","Fair Value(1)(30)","421"
"SRC046","183","13","First Lien Secured Debt - Delayed Draw S+560, 1.00% Floor 11/4/2025","2","632","Cost(29)","(16)"
"SRC046","183","13","First Lien Secured Debt - Delayed Draw S+560, 1.00% Floor 11/4/2025","3","700","Fair Value(1)(30)","(29)"
"SRC046","183","14","First Lien Secured Debt - Revolver S+560, 1.00% Floor 5/4/2029","2","632","Cost(29)","(16)"
"SRC046","183","14","First Lien Secured Debt - Revolver S+560, 1.00% Floor 5/4/2029","3","700","Fair Value(1)(30)","(9)"
"SRC046","183","15","Tivity Health, Inc. First Lien Secured Debt - Term Loan S+500, 0.75% Floor 6/28/2029","1","563","Par/Shares(3)","112,423"
"SRC046","183","15","Tivity Health, Inc. First Lien Secured Debt - Term Loan S+500, 0.75% Floor 6/28/2029","2","632","Cost(29)","111,196"
"SRC046","183","15","Tivity Health, Inc. First Lien Secured Debt - Term Loan S+500, 0.75% Floor 6/28/2029","3","700","Fair Value(1)(30)","112,985"
"SRC046","183","16","Vizient, Inc. First Lien Secured Debt - Term Loan S+200, 0.50% Floor 8/1/2031","1","563","Par/Shares(3)","6,239"
"SRC046","183","16","Vizient, Inc. First Lien Secured Debt - Term Loan S+200, 0.50% Floor 8/1/2031","2","632","Cost(29)","6,224"
"SRC046","183","16","Vizient, Inc. First Lien Secured Debt - Term Loan S+200, 0.50% Floor 8/1/2031","3","700","Fair Value(1)(30)","6,295"
"SRC046","183","16","Vizient, Inc. First Lien Secured Debt - Term Loan S+200, 0.50% Floor 8/1/2031","4","727","","(14)"
"SRC046","183","17","Total Health Care Providers & Services","2","632","Cost(29)","1,099,027"
"SRC046","183","17","Total Health Care Providers & Services","3","700","Fair Value(1)(30)","1,079,022"
"SRC046","184","1","eResearchTechnology, Inc. First Lien Secured Debt - Term Loan S+400, 1.00% Floor 2/4/2027 $","1","558","Par/Shares(3)","19,768"
"SRC046","184","1","eResearchTechnology, Inc. First Lien Secured Debt - Term Loan S+400, 1.00% Floor 2/4/2027 $","2","621","Cost(29)","19,386"
"SRC046","184","1","eResearchTechnology, Inc. First Lien Secured Debt - Term Loan S+400, 1.00% Floor 2/4/2027 $","3","693","Fair Value(1)(30)","19,915"
"SRC046","184","1","eResearchTechnology, Inc. First Lien Secured Debt - Term Loan S+400, 1.00% Floor 2/4/2027 $","4","721","","(14)"
"SRC046","184","2","Imprivata, Inc. First Lien Secured Debt - Term Loan S+350, 0.50% Floor 12/1/2027","1","558","Par/Shares(3)","11,909"
"SRC046","184","2","Imprivata, Inc. First Lien Secured Debt - Term Loan S+350, 0.50% Floor 12/1/2027","2","621","Cost(29)","11,957"
"SRC046","184","2","Imprivata, Inc. First Lien Secured Debt - Term Loan S+350, 0.50% Floor 12/1/2027","3","693","Fair Value(1)(30)","12,005"
"SRC046","184","2","Imprivata, Inc. First Lien Secured Debt - Term Loan S+350, 0.50% Floor 12/1/2027","4","721","","(15)"
"SRC046","184","3","Holdings USA LLC First Lien Secured Debt - Term Loan S+525, 0.00% Floor 6/27/2031","1","558","Par/Shares(3)","42,857"
"SRC046","184","3","Holdings USA LLC First Lien Secured Debt - Term Loan S+525, 0.00% Floor 6/27/2031","2","621","Cost(29)","42,349"
"SRC046","184","3","Holdings USA LLC First Lien Secured Debt - Term Loan S+525, 0.00% Floor 6/27/2031","3","693","Fair Value(1)(30)","42,351"
"SRC046","184","4","First Lien Secured Debt - Delayed Draw S+525, 0.00% Floor 6/27/2031","1","558","Par/Shares(3)","500"
"SRC046","184","4","First Lien Secured Debt - Delayed Draw S+525, 0.00% Floor 6/27/2031","2","621","Cost(29)","417"
"SRC046","184","4","First Lien Secured Debt - Delayed Draw S+525, 0.00% Floor 6/27/2031","3","693","Fair Value(1)(30)","416"
"SRC046","184","5","Azalea TopCo, Inc. First Lien Secured Debt - Term Loan S+325, 0.00% Floor 4/30/2031","1","558","Par/Shares(3)","4,627"
"SRC046","184","5","Azalea TopCo, Inc. First Lien Secured Debt - Term Loan S+325, 0.00% Floor 4/30/2031","2","621","Cost(29)","4,632"
"SRC046","184","5","Azalea TopCo, Inc. First Lien Secured Debt - Term Loan S+325, 0.00% Floor 4/30/2031","3","693","Fair Value(1)(30)","4,646"
"SRC046","184","5","Azalea TopCo, Inc. First Lien Secured Debt - Term Loan S+325, 0.00% Floor 4/30/2031","4","721","","(14)"
"SRC046","184","6","Project Ruby Ultimate Parent Corp. First Lien Secured Debt - Term Loan S+300, 0.00% Floor 3/10/2028","1","558","Par/Shares(3)","41,790"
"SRC046","184","6","Project Ruby Ultimate Parent Corp. First Lien Secured Debt - Term Loan S+300, 0.00% Floor 3/10/2028","2","621","Cost(29)","41,620"
"SRC046","184","6","Project Ruby Ultimate Parent Corp. First Lien Secured Debt - Term Loan S+300, 0.00% Floor 3/10/2028","3","693","Fair Value(1)(30)","42,038"
"SRC046","184","6","Project Ruby Ultimate Parent Corp. First Lien Secured Debt - Term Loan S+300, 0.00% Floor 3/10/2028","4","721","","(15)"
"SRC046","184","7","Total Health Care Technology","2","621","Cost(29)","120,361"
"SRC046","184","7","Total Health Care Technology","3","693","Fair Value(1)(30)","121,371"
"SRC046","184","8","Bally's Corp First Lien Secured Debt - Term Loan S+325, 0.50% Floor 10/2/2028 $","1","558","Par/Shares(3)","496"
"SRC046","184","8","Bally's Corp First Lien Secured Debt - Term Loan S+325, 0.50% Floor 10/2/2028 $","2","621","Cost(29)","480"
"SRC046","184","8","Bally's Corp First Lien Secured Debt - Term Loan S+325, 0.50% Floor 10/2/2028 $","3","693","Fair Value(1)(30)","470"
"SRC046","184","9","Caesars Entertainment, Inc. First Lien Secured Debt - Term Loan S+225, 0.50% Floor 2/6/2031","1","558","Par/Shares(3)","7,462"
"SRC046","184","9","Caesars Entertainment, Inc. First Lien Secured Debt - Term Loan S+225, 0.50% Floor 2/6/2031","2","621","Cost(29)","7,446"
"SRC046","184","9","Caesars Entertainment, Inc. First Lien Secured Debt - Term Loan S+225, 0.50% Floor 2/6/2031","3","693","Fair Value(1)(30)","7,488"
"SRC046","184","10","Delivery Hero Finco Germany GmbH First Lien Secured Debt - Term Loan K+500, 0.50% Floor 12/12/2029 (cid:2820) 194,831,194","2","621","Cost(29)","138,676"
"SRC046","184","10","Delivery Hero Finco Germany GmbH First Lien Secured Debt - Term Loan K+500, 0.50% Floor 12/12/2029 (cid:2820) 194,831,194","3","693","Fair Value(1)(30)","133,668"
"SRC046","184","11","Delivery Hero SE Unsecured Debt - Convertible Bond 3.37% 2/21/2030 €","1","558","Par/Shares(3)","100"
"SRC046","184","11","Delivery Hero SE Unsecured Debt - Convertible Bond 3.37% 2/21/2030 €","2","621","Cost(29)","96"
"SRC046","184","11","Delivery Hero SE Unsecured Debt - Convertible Bond 3.37% 2/21/2030 €","3","693","Fair Value(1)(30)","103"
"SRC046","184","12","Delta 2 First Lien Secured Debt - Term Loan S+200, 0.50% Floor 9/30/2031","1","558","Par/Shares(3)","3,333"
"SRC046","184","12","Delta 2 First Lien Secured Debt - Term Loan S+200, 0.50% Floor 9/30/2031","2","621","Cost(29)","3,333"
"SRC046","184","12","Delta 2 First Lien Secured Debt - Term Loan S+200, 0.50% Floor 9/30/2031","3","693","Fair Value(1)(30)","3,346"
"SRC046","184","13","First Lien Secured Debt - Term Loan S+200, 0.50% Floor 9/10/2031","1","558","Par/Shares(3)","1,667"
"SRC046","184","13","First Lien Secured Debt - Term Loan S+200, 0.50% Floor 9/10/2031","2","621","Cost(29)","1,667"
"SRC046","184","13","First Lien Secured Debt - Term Loan S+200, 0.50% Floor 9/10/2031","3","693","Fair Value(1)(30)","1,673"
"SRC046","185","1","Joker Holdco 3 S.a r.l. First Lien Secured Debt - Term Loan E+611, 0.00% Floor 4/19/2031 €","1","558","Par/Shares(3)","137,000"
"SRC046","185","1","Joker Holdco 3 S.a r.l. First Lien Secured Debt - Term Loan E+611, 0.00% Floor 4/19/2031 €","2","629","Cost(29)","143,261"
"SRC046","185","1","Joker Holdco 3 S.a r.l. First Lien Secured Debt - Term Loan E+611, 0.00% Floor 4/19/2031 €","3","700","Fair Value(1)(30)","140,847"
"SRC046","185","2","Life Time, Inc. First Lien Secured Debt - Term Loan S+250, 0.00% Floor 11/5/2031","1","558","Par/Shares(3)","12,000"
"SRC046","185","2","Life Time, Inc. First Lien Secured Debt - Term Loan S+250, 0.00% Floor 11/5/2031","2","629","Cost(29)","11,970"
"SRC046","185","2","Life Time, Inc. First Lien Secured Debt - Term Loan S+250, 0.00% Floor 11/5/2031","3","700","Fair Value(1)(30)","12,064"
"SRC046","185","3","Nottingham Forest Football Club Limited First Lien Secured Debt - Term Loan 8.75% 12/20/2027 £","1","558","Par/Shares(3)","25,000"
"SRC046","185","3","Nottingham Forest Football Club Limited First Lien Secured Debt - Term Loan 8.75% 12/20/2027 £","2","629","Cost(29)","31,136"
"SRC046","185","3","Nottingham Forest Football Club Limited First Lien Secured Debt - Term Loan 8.75% 12/20/2027 £","3","700","Fair Value(1)(30)","30,985"
"SRC046","185","4","PARS Group LLC First Lien Secured Debt - Term Loan S+685, 1.50% Floor 4/3/2028","1","558","Par/Shares(3)","8,794"
"SRC046","185","4","PARS Group LLC First Lien Secured Debt - Term Loan S+685, 1.50% Floor 4/3/2028","2","629","Cost(29)","8,707"
"SRC046","185","4","PARS Group LLC First Lien Secured Debt - Term Loan S+685, 1.50% Floor 4/3/2028","3","700","Fair Value(1)(30)","8,662"
"SRC046","185","5","First Lien Secured Debt - Delayed Draw S+685, 1.50% Floor 4/3/2028","3","700","Fair Value(1)(30)","(14)"
"SRC046","185","6","Playa Resorts Holding B.V. First Lien Secured Debt - Term Loan S+275, 0.50% Floor 1/5/2029","1","558","Par/Shares(3)","4,975"
"SRC046","185","6","Playa Resorts Holding B.V. First Lien Secured Debt - Term Loan S+275, 0.50% Floor 1/5/2029","2","629","Cost(29)","4,980"
"SRC046","185","6","Playa Resorts Holding B.V. First Lien Secured Debt - Term Loan S+275, 0.50% Floor 1/5/2029","3","700","Fair Value(1)(30)","4,985"
"SRC046","185","7","Scientific Games Holdings LP First Lien Secured Debt - Term Loan S+300, 0.50% Floor 4/4/2029","1","558","Par/Shares(3)","18,927"
"SRC046","185","7","Scientific Games Holdings LP First Lien Secured Debt - Term Loan S+300, 0.50% Floor 4/4/2029","2","629","Cost(29)","18,922"
"SRC046","185","7","Scientific Games Holdings LP First Lien Secured Debt - Term Loan S+300, 0.50% Floor 4/4/2029","3","700","Fair Value(1)(30)","18,996"
"SRC046","185","8","CircusTrix Holdings LLC First Lien Secured Debt - Term Loan S+650, 1.00% Floor 7/18/2028","1","558","Par/Shares(3)","12,423"
"SRC046","185","8","CircusTrix Holdings LLC First Lien Secured Debt - Term Loan S+650, 1.00% Floor 7/18/2028","2","629","Cost(29)","12,186"
"SRC046","185","8","CircusTrix Holdings LLC First Lien Secured Debt - Term Loan S+650, 1.00% Floor 7/18/2028","3","700","Fair Value(1)(30)","12,423"
"SRC046","185","9","First Lien Secured Debt - Delayed Draw S+650, 1.00% Floor 7/18/2028","1","558","Par/Shares(3)","1,284"
"SRC046","185","9","First Lien Secured Debt - Delayed Draw S+650, 1.00% Floor 7/18/2028","2","629","Cost(29)","1,257"
"SRC046","185","9","First Lien Secured Debt - Delayed Draw S+650, 1.00% Floor 7/18/2028","3","700","Fair Value(1)(30)","1,284"
"SRC046","185","10","First Lien Secured Debt - Revolver S+650, 1.00% Floor 7/18/2028","1","558","Par/Shares(3)","806"
"SRC046","185","10","First Lien Secured Debt - Revolver S+650, 1.00% Floor 7/18/2028","2","629","Cost(29)","792"
"SRC046","185","10","First Lien Secured Debt - Revolver S+650, 1.00% Floor 7/18/2028","3","700","Fair Value(1)(30)","806"
"SRC046","185","11","Sports Invest Holdings Ltd. First Lien Secured Debt - Term Loan 10.50% 10/3/2029 £","1","558","Par/Shares(3)","25,000"
"SRC046","185","11","Sports Invest Holdings Ltd. First Lien Secured Debt - Term Loan 10.50% 10/3/2029 £","2","629","Cost(29)","32,183"
"SRC046","185","11","Sports Invest Holdings Ltd. First Lien Secured Debt - Term Loan 10.50% 10/3/2029 £","3","700","Fair Value(1)(30)","30,437"
"SRC046","185","12","Total Hotels, Restaurants &","2","629","Cost(29)","417,092"
"SRC046","185","12","Total Hotels, Restaurants &","3","700","Fair Value(1)(30)","408,223"
"SRC046","185","13","Ergotron Acquisition, LLC First Lien Secured Debt - Term Loan S+536, 0.75% Floor 7/6/2028 $","1","558","Par/Shares(3)","8,930"
"SRC046","185","13","Ergotron Acquisition, LLC First Lien Secured Debt - Term Loan S+536, 0.75% Floor 7/6/2028 $","2","629","Cost(29)","8,813"
"SRC046","185","13","Ergotron Acquisition, LLC First Lien Secured Debt - Term Loan S+536, 0.75% Floor 7/6/2028 $","3","700","Fair Value(1)(30)","8,930"
"SRC046","185","14","Ergotron Investments, LLC Common Equity - Equity Unit N/A N/A 500","2","629","Cost(29)","50"
"SRC046","185","14","Ergotron Investments, LLC Common Equity - Equity Unit N/A N/A 500","3","700","Fair Value(1)(30)","65"
"SRC046","186","1","K Hovnanian Enterprises Inc First Lien Secured Debt - Revolver S+450, 3.00% Floor 6/30/2026","1","562","Par/Shares(3)","5,600"
"SRC046","186","1","K Hovnanian Enterprises Inc First Lien Secured Debt - Revolver S+450, 3.00% Floor 6/30/2026","2","631","Cost(29)","3,259"
"SRC046","186","1","K Hovnanian Enterprises Inc First Lien Secured Debt - Revolver S+450, 3.00% Floor 6/30/2026","3","700","Fair Value(1)(30)","3,500"
"SRC046","186","1","K Hovnanian Enterprises Inc First Lien Secured Debt - Revolver S+450, 3.00% Floor 6/30/2026","4","726","","8)"
"SRC046","186","2","First Lien Secured Debt - Corporate Bond 11.75% 9/30/2029","1","562","Par/Shares(3)","1,950"
"SRC046","186","2","First Lien Secured Debt - Corporate Bond 11.75% 9/30/2029","2","631","Cost(29)","1,905"
"SRC046","186","2","First Lien Secured Debt - Corporate Bond 11.75% 9/30/2029","3","700","Fair Value(1)(30)","2,131"
"SRC046","186","3","First Lien Secured Debt - Corporate Bond 8.00% 9/30/2028","1","562","Par/Shares(3)","2,000"
"SRC046","186","3","First Lien Secured Debt - Corporate Bond 8.00% 9/30/2028","2","631","Cost(29)","1,984"
"SRC046","186","3","First Lien Secured Debt - Corporate Bond 8.00% 9/30/2028","3","700","Fair Value(1)(30)","2,033"
"SRC046","186","4","Poly-Wood, LLC First Lien Secured Debt - Term Loan S+575, 1.00% Floor 3/20/2030","1","562","Par/Shares(3)","121,987"
"SRC046","186","4","Poly-Wood, LLC First Lien Secured Debt - Term Loan S+575, 1.00% Floor 3/20/2030","2","631","Cost(29)","119,512"
"SRC046","186","4","Poly-Wood, LLC First Lien Secured Debt - Term Loan S+575, 1.00% Floor 3/20/2030","3","700","Fair Value(1)(30)","121,987"
"SRC046","186","5","First Lien Secured Debt - Delayed Draw S+575, 1.00% Floor 3/20/2030","2","631","Cost(29)","(226)"
"SRC046","186","6","First Lien Secured Debt - Revolver S+575, 1.00% Floor 3/20/2030","2","631","Cost(29)","(452)"
"SRC046","186","7","Weber-Stephen Products LLC First Lien Secured Debt - Term Loan S+325, 0.75% Floor 10/30/2027","1","562","Par/Shares(3)","10,694"
"SRC046","186","7","Weber-Stephen Products LLC First Lien Secured Debt - Term Loan S+325, 0.75% Floor 10/30/2027","2","631","Cost(29)","10,160"
"SRC046","186","7","Weber-Stephen Products LLC First Lien Secured Debt - Term Loan S+325, 0.75% Floor 10/30/2027","3","700","Fair Value(1)(30)","10,678"
"SRC046","186","7","Weber-Stephen Products LLC First Lien Secured Debt - Term Loan S+325, 0.75% Floor 10/30/2027","4","726","","(14)"
"SRC046","186","8","Total Household Durables","2","631","Cost(29)","145,005"
"SRC046","186","8","Total Household Durables","3","700","Fair Value(1)(30)","149,324"
"SRC046","186","9","Peer Holding III B.V. First Lien Secured Debt - Term Loan S+300, 0.00% Floor 7/1/2031 $","1","562","Par/Shares(3)","7,648"
"SRC046","186","9","Peer Holding III B.V. First Lien Secured Debt - Term Loan S+300, 0.00% Floor 7/1/2031 $","2","631","Cost(29)","7,648"
"SRC046","186","9","Peer Holding III B.V. First Lien Secured Debt - Term Loan S+300, 0.00% Floor 7/1/2031 $","3","700","Fair Value(1)(30)","7,701"
"SRC046","186","10","Jazz AH Holdco, LLC First Lien Secured Debt - Term Loan S+510, 0.75% Floor 4/3/2028","1","562","Par/Shares(3)","7,038"
"SRC046","186","10","Jazz AH Holdco, LLC First Lien Secured Debt - Term Loan S+510, 0.75% Floor 4/3/2028","2","631","Cost(29)","7,038"
"SRC046","186","10","Jazz AH Holdco, LLC First Lien Secured Debt - Term Loan S+510, 0.75% Floor 4/3/2028","3","700","Fair Value(1)(30)","6,903"
"SRC046","186","11","First Lien Secured Debt - Delayed Draw S+510, 0.75% Floor 4/3/2028","1","562","Par/Shares(3)","119"
"SRC046","186","11","First Lien Secured Debt - Delayed Draw S+510, 0.75% Floor 4/3/2028","2","631","Cost(29)","119"
"SRC046","186","11","First Lien Secured Debt - Delayed Draw S+510, 0.75% Floor 4/3/2028","3","700","Fair Value(1)(30)","117"
"SRC046","186","12","First Lien Secured Debt - Revolver S+510, 0.75% Floor 4/3/2028","1","562","Par/Shares(3)","240"
"SRC046","186","12","First Lien Secured Debt - Revolver S+510, 0.75% Floor 4/3/2028","2","631","Cost(29)","233"
"SRC046","186","12","First Lien Secured Debt - Revolver S+510, 0.75% Floor 4/3/2028","3","700","Fair Value(1)(30)","225"
"SRC046","186","13","Ardagh Group S.A. First Lien Secured Debt - Term Loan 8.88% 7/2/2029 €","1","562","Par/Shares(3)","99,000"
"SRC046","186","13","Ardagh Group S.A. First Lien Secured Debt - Term Loan 8.88% 7/2/2029 €","2","631","Cost(29)","105,154"
"SRC046","186","13","Ardagh Group S.A. First Lien Secured Debt - Term Loan 8.88% 7/2/2029 €","3","700","Fair Value(1)(30)","101,524"
"SRC046","186","14","Total Household Products","2","631","Cost(29)","120,192"
"SRC046","186","14","Total Household Products","3","700","Fair Value(1)(30)","116,470"
"SRC046","187","1","Calpine Corporation First Lien Secured Debt - Term Loan S+175, 0.00% Floor 1/31/2031 $","1","558","Par/Shares(3)","4,987"
"SRC046","187","1","Calpine Corporation First Lien Secured Debt - Term Loan S+175, 0.00% Floor 1/31/2031 $","2","627","Cost(29)","4,992"
"SRC046","187","1","Calpine Corporation First Lien Secured Debt - Term Loan S+175, 0.00% Floor 1/31/2031 $","3","696","Fair Value(1)(30)","4,979"
"SRC046","187","1","Calpine Corporation First Lien Secured Debt - Term Loan S+175, 0.00% Floor 1/31/2031 $","4","726","","(14)"
"SRC046","187","2","Esdec Solar Group B.V. First Lien Secured Debt - Term Loan E+625, 0.50% Floor 8/30/2028 €","1","558","Par/Shares(3)","48,141"
"SRC046","187","2","Esdec Solar Group B.V. First Lien Secured Debt - Term Loan E+625, 0.50% Floor 8/30/2028 €","2","627","Cost(29)","53,209"
"SRC046","187","2","Esdec Solar Group B.V. First Lien Secured Debt - Term Loan E+625, 0.50% Floor 8/30/2028 €","3","696","Fair Value(1)(30)","45,378"
"SRC046","187","3","First Lien Secured Debt - Delayed Draw E+611, 0.50% Floor 8/30/2028 €","1","558","Par/Shares(3)","15,194"
"SRC046","187","3","First Lien Secured Debt - Delayed Draw E+611, 0.50% Floor 8/30/2028 €","2","627","Cost(29)","16,777"
"SRC046","187","3","First Lien Secured Debt - Delayed Draw E+611, 0.50% Floor 8/30/2028 €","3","696","Fair Value(1)(30)","14,224"
"SRC046","187","3","First Lien Secured Debt - Delayed Draw E+611, 0.50% Floor 8/30/2028 €","4","726","","(28)"
"SRC046","187","4","Total Independent Power & Renewable Electricity Producers","2","627","Cost(29)","74,978"
"SRC046","187","4","Total Independent Power & Renewable Electricity Producers","3","696","Fair Value(1)(30)","64,581"
"SRC046","187","5","Alera Group, Inc. First Lien Secured Debt - Term Loan S+535, 0.75% Floor 10/2/2028 $","1","558","Par/Shares(3)","25,709"
"SRC046","187","5","Alera Group, Inc. First Lien Secured Debt - Term Loan S+535, 0.75% Floor 10/2/2028 $","2","627","Cost(29)","25,319"
"SRC046","187","5","Alera Group, Inc. First Lien Secured Debt - Term Loan S+535, 0.75% Floor 10/2/2028 $","3","696","Fair Value(1)(30)","25,709"
"SRC046","187","6","First Lien Secured Debt - Delayed Draw S+585, 0.75% Floor 10/2/2028","1","558","Par/Shares(3)","37,361"
"SRC046","187","6","First Lien Secured Debt - Delayed Draw S+585, 0.75% Floor 10/2/2028","2","627","Cost(29)","37,135"
"SRC046","187","6","First Lien Secured Debt - Delayed Draw S+585, 0.75% Floor 10/2/2028","3","696","Fair Value(1)(30)","37,734"
"SRC046","187","7","First Lien Secured Debt - Delayed Draw S+535, 0.75% Floor 10/2/2028","1","558","Par/Shares(3)","29,738"
"SRC046","187","7","First Lien Secured Debt - Delayed Draw S+535, 0.75% Floor 10/2/2028","2","627","Cost(29)","29,323"
"SRC046","187","7","First Lien Secured Debt - Delayed Draw S+535, 0.75% Floor 10/2/2028","3","696","Fair Value(1)(30)","29,738"
"SRC046","187","8","Alliant Holdings Intermediate, LLC First Lien Secured Debt - Term Loan S+275, 0.00% Floor 9/19/2031","1","558","Par/Shares(3)","18,953"
"SRC046","187","8","Alliant Holdings Intermediate, LLC First Lien Secured Debt - Term Loan S+275, 0.00% Floor 9/19/2031","2","627","Cost(29)","18,918"
"SRC046","187","8","Alliant Holdings Intermediate, LLC First Lien Secured Debt - Term Loan S+275, 0.00% Floor 9/19/2031","3","696","Fair Value(1)(30)","19,025"
"SRC046","187","8","Alliant Holdings Intermediate, LLC First Lien Secured Debt - Term Loan S+275, 0.00% Floor 9/19/2031","4","726","","(14)"
"SRC046","187","9","AssuredPartners, Inc. First Lien Secured Debt - Term Loan S+350, 0.50% Floor 2/14/2031","1","558","Par/Shares(3)","34,575"
"SRC046","187","9","AssuredPartners, Inc. First Lien Secured Debt - Term Loan S+350, 0.50% Floor 2/14/2031","2","627","Cost(29)","34,534"
"SRC046","187","9","AssuredPartners, Inc. First Lien Secured Debt - Term Loan S+350, 0.50% Floor 2/14/2031","3","696","Fair Value(1)(30)","34,689"
"SRC046","187","9","AssuredPartners, Inc. First Lien Secured Debt - Term Loan S+350, 0.50% Floor 2/14/2031","4","726","","(14)"
"SRC046","187","10","Asurion, LLC First Lien Secured Debt - Term Loan S+336, 0.00% Floor 7/31/2027","1","558","Par/Shares(3)","34,978"
"SRC046","187","10","Asurion, LLC First Lien Secured Debt - Term Loan S+336, 0.00% Floor 7/31/2027","2","627","Cost(29)","34,815"
"SRC046","187","10","Asurion, LLC First Lien Secured Debt - Term Loan S+336, 0.00% Floor 7/31/2027","3","696","Fair Value(1)(30)","34,942"
"SRC046","187","10","Asurion, LLC First Lien Secured Debt - Term Loan S+336, 0.00% Floor 7/31/2027","4","726","","(14)"
"SRC046","187","11","First Lien Secured Debt - Term Loan S+336, 0.00% Floor 12/23/2026","1","558","Par/Shares(3)","8,085"
"SRC046","187","11","First Lien Secured Debt - Term Loan S+336, 0.00% Floor 12/23/2026","2","627","Cost(29)","8,042"
"SRC046","187","11","First Lien Secured Debt - Term Loan S+336, 0.00% Floor 12/23/2026","3","696","Fair Value(1)(30)","8,089"
"SRC046","187","11","First Lien Secured Debt - Term Loan S+336, 0.00% Floor 12/23/2026","4","726","","(14)"
"SRC046","187","12","BroadStreet Partners, Inc. First Lien Secured Debt - Term Loan S+300, 0.00% Floor 6/13/2031","1","558","Par/Shares(3)","9,975"
"SRC046","187","12","BroadStreet Partners, Inc. First Lien Secured Debt - Term Loan S+300, 0.00% Floor 6/13/2031","2","627","Cost(29)","9,987"
"SRC046","187","12","BroadStreet Partners, Inc. First Lien Secured Debt - Term Loan S+300, 0.00% Floor 6/13/2031","3","696","Fair Value(1)(30)","10,021"
"SRC046","187","12","BroadStreet Partners, Inc. First Lien Secured Debt - Term Loan S+300, 0.00% Floor 6/13/2031","4","726","","(14)"
"SRC046","187","13","Galway Borrower LLC First Lien Secured Debt - Term Loan S+450, 0.75% Floor 9/29/2028","1","558","Par/Shares(3)","33,994"
"SRC046","187","13","Galway Borrower LLC First Lien Secured Debt - Term Loan S+450, 0.75% Floor 9/29/2028","2","627","Cost(29)","33,684"
"SRC046","187","13","Galway Borrower LLC First Lien Secured Debt - Term Loan S+450, 0.75% Floor 9/29/2028","3","696","Fair Value(1)(30)","34,079"
"SRC046","187","14","First Lien Secured Debt - Delayed Draw S+450, 0.75% Floor 9/29/2028","1","558","Par/Shares(3)","700"
"SRC046","187","14","First Lien Secured Debt - Delayed Draw S+450, 0.75% Floor 9/29/2028","2","627","Cost(29)","680"
"SRC046","187","14","First Lien Secured Debt - Delayed Draw S+450, 0.75% Floor 9/29/2028","3","696","Fair Value(1)(30)","702"
"SRC046","187","15","First Lien Secured Debt - Revolver S+450, 0.75% Floor 9/29/2028","1","558","Par/Shares(3)","251"
"SRC046","187","15","First Lien Secured Debt - Revolver S+450, 0.75% Floor 9/29/2028","2","627","Cost(29)","224"
"SRC046","187","15","First Lien Secured Debt - Revolver S+450, 0.75% Floor 9/29/2028","3","696","Fair Value(1)(30)","251"
"SRC046","188","1","HIG Intermediate, Inc. Preferred Equity - Preferred Stocks N/A N/A 50,000","2","627","Cost(29)","49"
"SRC046","188","1","HIG Intermediate, Inc. Preferred Equity - Preferred Stocks N/A N/A 50,000","3","698","Fair Value(1)(30)","49"
"SRC046","188","2","Higginbotham Insurance Agency, Inc. First Lien Secured Debt - Term Loan S+450, 1.00% Floor 11/24/2028","1","560","Par/Shares(3)","122,959"
"SRC046","188","2","Higginbotham Insurance Agency, Inc. First Lien Secured Debt - Term Loan S+450, 1.00% Floor 11/24/2028","2","627","Cost(29)","122,767"
"SRC046","188","2","Higginbotham Insurance Agency, Inc. First Lien Secured Debt - Term Loan S+450, 1.00% Floor 11/24/2028","3","698","Fair Value(1)(30)","122,959"
"SRC046","188","3","First Lien Secured Debt - Delayed Draw S+475, 1.00% Floor 11/24/2028","1","560","Par/Shares(3)","6,649"
"SRC046","188","3","First Lien Secured Debt - Delayed Draw S+475, 1.00% Floor 11/24/2028","2","627","Cost(29)","6,513"
"SRC046","188","3","First Lien Secured Debt - Delayed Draw S+475, 1.00% Floor 11/24/2028","3","698","Fair Value(1)(30)","6,649"
"SRC046","188","4","Thg Acquisition, LLC First Lien Secured Debt - Term Loan S+475, 0.75% Floor 10/31/2031","1","560","Par/Shares(3)","89,928"
"SRC046","188","4","Thg Acquisition, LLC First Lien Secured Debt - Term Loan S+475, 0.75% Floor 10/31/2031","2","627","Cost(29)","89,059"
"SRC046","188","4","Thg Acquisition, LLC First Lien Secured Debt - Term Loan S+475, 0.75% Floor 10/31/2031","3","698","Fair Value(1)(30)","89,029"
"SRC046","188","5","First Lien Secured Debt - Delayed Draw S+475, 0.75% Floor 10/31/2031","2","627","Cost(29)","(97)"
"SRC046","188","5","First Lien Secured Debt - Delayed Draw S+475, 0.75% Floor 10/31/2031","3","698","Fair Value(1)(30)","(100)"
"SRC046","188","6","First Lien Secured Debt - Revolver S+475, 0.75% Floor 10/31/2031","1","560","Par/Shares(3)","745"
"SRC046","188","6","First Lien Secured Debt - Revolver S+475, 0.75% Floor 10/31/2031","2","627","Cost(29)","648"
"SRC046","188","6","First Lien Secured Debt - Revolver S+475, 0.75% Floor 10/31/2031","3","698","Fair Value(1)(30)","644"
"SRC046","188","7","Hyperion Refinance Sarl First Lien Secured Debt - Term Loan S+300, 0.50% Floor 2/15/2031","1","560","Par/Shares(3)","47,184"
"SRC046","188","7","Hyperion Refinance Sarl First Lien Secured Debt - Term Loan S+300, 0.50% Floor 2/15/2031","2","627","Cost(29)","47,007"
"SRC046","188","7","Hyperion Refinance Sarl First Lien Secured Debt - Term Loan S+300, 0.50% Floor 2/15/2031","3","698","Fair Value(1)(30)","47,565"
"SRC046","188","8","First Lien Secured Debt - Delayed Draw S+475, 0.50% Floor 2/15/2031","1","560","Par/Shares(3)","66,000"
"SRC046","188","8","First Lien Secured Debt - Delayed Draw S+475, 0.50% Floor 2/15/2031","2","627","Cost(29)","64,003"
"SRC046","188","8","First Lien Secured Debt - Delayed Draw S+475, 0.50% Floor 2/15/2031","3","698","Fair Value(1)(30)","64,900"
"SRC046","188","9","Hub International Limited First Lien Secured Debt - Term Loan S+275, 0.00% Floor 6/20/2030","1","560","Par/Shares(3)","4,963"
"SRC046","188","9","Hub International Limited First Lien Secured Debt - Term Loan S+275, 0.00% Floor 6/20/2030","2","627","Cost(29)","4,979"
"SRC046","188","9","Hub International Limited First Lien Secured Debt - Term Loan S+275, 0.00% Floor 6/20/2030","3","698","Fair Value(1)(30)","4,999"
"SRC046","188","10","Patriot Growth Insurance Services, LLC First Lien Secured Debt - Term Loan S+500, 0.75% Floor 10/16/2028","1","560","Par/Shares(3)","31,815"
"SRC046","188","10","Patriot Growth Insurance Services, LLC First Lien Secured Debt - Term Loan S+500, 0.75% Floor 10/16/2028","2","627","Cost(29)","31,815"
"SRC046","188","10","Patriot Growth Insurance Services, LLC First Lien Secured Debt - Term Loan S+500, 0.75% Floor 10/16/2028","3","698","Fair Value(1)(30)","31,815"
"SRC046","188","11","First Lien Secured Debt - Delayed Draw S+500, 0.75% Floor 10/16/2028","1","560","Par/Shares(3)","4,216"
"SRC046","188","11","First Lien Secured Debt - Delayed Draw S+500, 0.75% Floor 10/16/2028","2","627","Cost(29)","4,164"
"SRC046","188","11","First Lien Secured Debt - Delayed Draw S+500, 0.75% Floor 10/16/2028","3","698","Fair Value(1)(30)","4,216"
"SRC046","188","12","First Lien Secured Debt - Revolver S+500, 0.75% Floor 10/16/2028","1","560","Par/Shares(3)","1,156"
"SRC046","188","12","First Lien Secured Debt - Revolver S+500, 0.75% Floor 10/16/2028","2","627","Cost(29)","1,156"
"SRC046","188","12","First Lien Secured Debt - Revolver S+500, 0.75% Floor 10/16/2028","3","698","Fair Value(1)(30)","1,156"
"SRC046","188","13","Accession Risk Management Group, Inc. First Lien Secured Debt - Term Loan S+490, 0.75% Floor 11/1/2029","1","560","Par/Shares(3)","51,122"
"SRC046","188","13","Accession Risk Management Group, Inc. First Lien Secured Debt - Term Loan S+490, 0.75% Floor 11/1/2029","2","627","Cost(29)","51,013"
"SRC046","188","13","Accession Risk Management Group, Inc. First Lien Secured Debt - Term Loan S+490, 0.75% Floor 11/1/2029","3","698","Fair Value(1)(30)","50,984"
"SRC046","188","14","First Lien Secured Debt - Term Loan S+475, 0.75% Floor 11/1/2029","1","560","Par/Shares(3)","6,940"
"SRC046","188","14","First Lien Secured Debt - Term Loan S+475, 0.75% Floor 11/1/2029","2","627","Cost(29)","6,916"
"SRC046","188","14","First Lien Secured Debt - Term Loan S+475, 0.75% Floor 11/1/2029","3","698","Fair Value(1)(30)","6,922"
"SRC046","188","15","First Lien Secured Debt - Delayed Draw S+475, 0.75% Floor 11/1/2029","2","627","Cost(29)","19"
"SRC046","188","15","First Lien Secured Debt - Delayed Draw S+475, 0.75% Floor 11/1/2029","3","698","Fair Value(1)(30)","(62)"
"SRC046","188","16","First Lien Secured Debt - Revolver S+490, 0.75% Floor 11/1/2029","2","627","Cost(29)","(3)"
"SRC046","188","16","First Lien Secured Debt - Revolver S+490, 0.75% Floor 11/1/2029","3","698","Fair Value(1)(30)","(2)"
"SRC046","188","17","First Lien Secured Debt - Revolver S+475, 0.75% Floor 11/1/2029","3","698","Fair Value(1)(30)","(8)"
"SRC046","189","1","SG Acquisition, Inc. First Lien Secured Debt - Term Loan S+475, 0.75% Floor 4/3/2030","1","558","Par/Shares(3)","94,366"
"SRC046","189","1","SG Acquisition, Inc. First Lien Secured Debt - Term Loan S+475, 0.75% Floor 4/3/2030","2","627","Cost(29)","93,123"
"SRC046","189","1","SG Acquisition, Inc. First Lien Secured Debt - Term Loan S+475, 0.75% Floor 4/3/2030","3","696","Fair Value(1)(30)","94,365"
"SRC046","189","2","First Lien Secured Debt - Revolver S+500, 0.75% Floor 4/3/2030","2","627","Cost(29)","(51)"
"SRC046","189","3","Inc. First Lien Secured Debt - Term Loan S+300, 0.00% Floor 7/31/2031","1","558","Par/Shares(3)","9,975"
"SRC046","189","3","Inc. First Lien Secured Debt - Term Loan S+300, 0.00% Floor 7/31/2031","2","627","Cost(29)","9,951"
"SRC046","189","3","Inc. First Lien Secured Debt - Term Loan S+300, 0.00% Floor 7/31/2031","3","696","Fair Value(1)(30)","10,047"
"SRC046","189","4","Truist Insurance Holdings, LLC First Lien Secured Debt - Term Loan S+275, 0.00% Floor 5/6/2031","1","558","Par/Shares(3)","8,149"
"SRC046","189","4","Truist Insurance Holdings, LLC First Lien Secured Debt - Term Loan S+275, 0.00% Floor 5/6/2031","2","627","Cost(29)","8,135"
"SRC046","189","4","Truist Insurance Holdings, LLC First Lien Secured Debt - Term Loan S+275, 0.00% Floor 5/6/2031","3","696","Fair Value(1)(30)","8,186"
"SRC046","189","4","Truist Insurance Holdings, LLC First Lien Secured Debt - Term Loan S+275, 0.00% Floor 5/6/2031","4","726","","(15)"
"SRC046","189","5","First Lien Secured Debt - Revolver S+351, 0.00% Floor 5/6/2029","2","627","Cost(29)","(489)"
"SRC046","189","5","First Lien Secured Debt - Revolver S+351, 0.00% Floor 5/6/2029","3","696","Fair Value(1)(30)","(435)"
"SRC046","189","6","Total Insurance","2","627","Cost(29)","773,338"
"SRC046","189","6","Total Insurance","3","696","Fair Value(1)(30)","778,857"
"SRC046","189","7","Anaplan, Inc. First Lien Secured Debt - Term Loan S+525, 0.75% Floor 6/21/2029 $","1","558","Par/Shares(3)","159,692"
"SRC046","189","7","Anaplan, Inc. First Lien Secured Debt - Term Loan S+525, 0.75% Floor 6/21/2029 $","2","627","Cost(29)","157,461"
"SRC046","189","7","Anaplan, Inc. First Lien Secured Debt - Term Loan S+525, 0.75% Floor 6/21/2029 $","3","696","Fair Value(1)(30)","159,293"
"SRC046","189","8","First Lien Secured Debt - Revolver S+575, 0.75% Floor 6/21/2028","2","627","Cost(29)","(106)"
"SRC046","189","8","First Lien Secured Debt - Revolver S+575, 0.75% Floor 6/21/2028","3","696","Fair Value(1)(30)","(23)"
"SRC046","189","9","FINANCIERE ASTEK First Lien Secured Debt - Term Loan E+650, 0.00% Floor 4/25/2031 €","1","558","Par/Shares(3)","50,293"
"SRC046","189","9","FINANCIERE ASTEK First Lien Secured Debt - Term Loan E+650, 0.00% Floor 4/25/2031 €","2","627","Cost(29)","52,578"
"SRC046","189","9","FINANCIERE ASTEK First Lien Secured Debt - Term Loan E+650, 0.00% Floor 4/25/2031 €","3","696","Fair Value(1)(30)","51,315"
"SRC046","189","10","First Lien Secured Debt - Delayed Draw E+650, 0.00% Floor 4/25/2031 €","1","558","Par/Shares(3)","14,758"
"SRC046","189","10","First Lien Secured Debt - Delayed Draw E+650, 0.00% Floor 4/25/2031 €","2","627","Cost(29)","15,574"
"SRC046","189","10","First Lien Secured Debt - Delayed Draw E+650, 0.00% Floor 4/25/2031 €","3","696","Fair Value(1)(30)","14,962"
"SRC046","189","10","First Lien Secured Debt - Delayed Draw E+650, 0.00% Floor 4/25/2031 €","4","726","","(28)"
"SRC046","189","11","Greeneden U.S. Holdings II, LLC First Lien Secured Debt - Term Loan S+300, 0.75% Floor 12/1/2027","1","558","Par/Shares(3)","18,760"
"SRC046","189","11","Greeneden U.S. Holdings II, LLC First Lien Secured Debt - Term Loan S+300, 0.75% Floor 12/1/2027","2","627","Cost(29)","18,760"
"SRC046","189","11","Greeneden U.S. Holdings II, LLC First Lien Secured Debt - Term Loan S+300, 0.75% Floor 12/1/2027","3","696","Fair Value(1)(30)","18,942"
"SRC046","189","11","Greeneden U.S. Holdings II, LLC First Lien Secured Debt - Term Loan S+300, 0.75% Floor 12/1/2027","4","726","","(14)"
"SRC046","189","12","Peraton Corp. First Lien Secured Debt - Term Loan S+385, 0.75% Floor 2/1/2028","1","558","Par/Shares(3)","37,338"
"SRC046","189","12","Peraton Corp. First Lien Secured Debt - Term Loan S+385, 0.75% Floor 2/1/2028","2","627","Cost(29)","37,180"
"SRC046","189","12","Peraton Corp. First Lien Secured Debt - Term Loan S+385, 0.75% Floor 2/1/2028","3","696","Fair Value(1)(30)","34,837"
"SRC046","189","12","Peraton Corp. First Lien Secured Debt - Term Loan S+385, 0.75% Floor 2/1/2028","4","726","","(14)"
"SRC046","189","13","Sysnet North America, Inc. First Lien Secured Debt - Term Loan S+500, 0.75% Floor 8/6/2030","1","558","Par/Shares(3)","21,000"
"SRC046","189","13","Sysnet North America, Inc. First Lien Secured Debt - Term Loan S+500, 0.75% Floor 8/6/2030","2","627","Cost(29)","20,701"
"SRC046","189","13","Sysnet North America, Inc. First Lien Secured Debt - Term Loan S+500, 0.75% Floor 8/6/2030","3","696","Fair Value(1)(30)","20,685"
"SRC046","189","14","First Lien Secured Debt - Revolver S+500, 0.75% Floor 8/6/2030","1","558","Par/Shares(3)","2,105"
"SRC046","189","14","First Lien Secured Debt - Revolver S+500, 0.75% Floor 8/6/2030","2","627","Cost(29)","2,050"
"SRC046","189","14","First Lien Secured Debt - Revolver S+500, 0.75% Floor 8/6/2030","3","696","Fair Value(1)(30)","2,046"
"SRC046","190","1","Vensure Employer Services, Inc. First Lien Secured Debt - Term Loan S+500,","1","402","Interest Rate(12)","0.50%"
"SRC046","190","1","Vensure Employer Services, Inc. First Lien Secured Debt - Term Loan S+500,","2","552","Par/Shares(3)","126,956"
"SRC046","190","1","Vensure Employer Services, Inc. First Lien Secured Debt - Term Loan S+500,","3","610","Cost(29)","125,720"
"SRC046","190","1","Vensure Employer Services, Inc. First Lien Secured Debt - Term Loan S+500,","4","682","Fair Value(1)(30)","125,686"
"SRC046","190","2","First Lien Secured Debt - Delayed Draw S+500,","1","402","Interest Rate(12)","0.50%"
"SRC046","190","2","First Lien Secured Debt - Delayed Draw S+500,","2","552","Par/Shares(3)","8,018"
"SRC046","190","2","First Lien Secured Debt - Delayed Draw S+500,","3","610","Cost(29)","7,805"
"SRC046","190","2","First Lien Secured Debt - Delayed Draw S+500,","4","682","Fair Value(1)(30)","7,657"
"SRC046","190","3","Investment Company 24 Bidco Limited First Lien Secured Debt - Term Loan SONIA+515,","1","402","Interest Rate(12)","0.00%"
"SRC046","190","3","Investment Company 24 Bidco Limited First Lien Secured Debt - Term Loan SONIA+515,","2","552","Par/Shares(3)","6,559"
"SRC046","190","3","Investment Company 24 Bidco Limited First Lien Secured Debt - Term Loan SONIA+515,","3","610","Cost(29)","7,663"
"SRC046","190","3","Investment Company 24 Bidco Limited First Lien Secured Debt - Term Loan SONIA+515,","4","682","Fair Value(1)(30)","8,150"
"SRC046","190","4","First Lien Secured Debt - Term Loan E+515,","1","402","Interest Rate(12)","0.00%"
"SRC046","190","4","First Lien Secured Debt - Term Loan E+515,","2","552","Par/Shares(3)","4,029"
"SRC046","190","4","First Lien Secured Debt - Term Loan E+515,","3","610","Cost(29)","3,978"
"SRC046","190","4","First Lien Secured Debt - Term Loan E+515,","4","682","Fair Value(1)(30)","4,143"
"SRC046","190","5","First Lien Secured Debt - Delayed Draw SONIA+575,","1","402","Interest Rate(12)","0.00%"
"SRC046","190","5","First Lien Secured Debt - Delayed Draw SONIA+575,","2","552","Par/Shares(3)","1,377"
"SRC046","190","5","First Lien Secured Debt - Delayed Draw SONIA+575,","3","610","Cost(29)","1,348"
"SRC046","190","5","First Lien Secured Debt - Delayed Draw SONIA+575,","4","682","Fair Value(1)(30)","1,415"
"SRC046","190","6","First Lien Secured Debt - Delayed Draw SONIA+651,","1","402","Interest Rate(12)","0.00%"
"SRC046","190","6","First Lien Secured Debt - Delayed Draw SONIA+651,","2","552","Par/Shares(3)","872"
"SRC046","190","6","First Lien Secured Debt - Delayed Draw SONIA+651,","3","610","Cost(29)","767"
"SRC046","190","6","First Lien Secured Debt - Delayed Draw SONIA+651,","4","682","Fair Value(1)(30)","856"
"SRC046","190","7","First Lien Secured Debt - Delayed Draw E+575,","1","402","Interest Rate(12)","0.00%"
"SRC046","190","7","First Lien Secured Debt - Delayed Draw E+575,","3","610","Cost(29)","425"
"SRC046","190","7","First Lien Secured Debt - Delayed Draw E+575,","4","682","Fair Value(1)(30)","(43)"
"SRC046","190","8","Virtusa Corporation First Lien Secured Debt - Term Loan S+325,","1","402","Interest Rate(12)","0.75%"
"SRC046","190","8","Virtusa Corporation First Lien Secured Debt - Term Loan S+325,","2","552","Par/Shares(3)","12,780"
"SRC046","190","8","Virtusa Corporation First Lien Secured Debt - Term Loan S+325,","3","610","Cost(29)","12,794"
"SRC046","190","8","Virtusa Corporation First Lien Secured Debt - Term Loan S+325,","4","682","Fair Value(1)(30)","12,886"
"SRC046","190","8","Virtusa Corporation First Lien Secured Debt - Term Loan S+325,","5","712","","(14)"
"SRC046","190","9","Neutron Holdings, Inc. First Lien Secured Debt - Term Loan","1","402","Interest Rate(12)","10.00%"
"SRC046","190","9","Neutron Holdings, Inc. First Lien Secured Debt - Term Loan","2","552","Par/Shares(3)","75,000"
"SRC046","190","9","Neutron Holdings, Inc. First Lien Secured Debt - Term Loan","3","610","Cost(29)","74,069"
"SRC046","190","9","Neutron Holdings, Inc. First Lien Secured Debt - Term Loan","4","682","Fair Value(1)(30)","75,375"
"SRC046","190","10","Peloton Interactive, Inc. First Lien Secured Debt - Term Loan S+600,","1","402","Interest Rate(12)","0.00%"
"SRC046","190","10","Peloton Interactive, Inc. First Lien Secured Debt - Term Loan S+600,","2","552","Par/Shares(3)","72,884"
"SRC046","190","10","Peloton Interactive, Inc. First Lien Secured Debt - Term Loan S+600,","3","610","Cost(29)","72,222"
"SRC046","190","10","Peloton Interactive, Inc. First Lien Secured Debt - Term Loan S+600,","4","682","Fair Value(1)(30)","74,736"
"SRC046","190","11","Varsity Brands, LLC First Lien Secured Debt - Term Loan S+375,","1","402","Interest Rate(12)","0.00%"
"SRC046","190","11","Varsity Brands, LLC First Lien Secured Debt - Term Loan S+375,","2","552","Par/Shares(3)","43,000"
"SRC046","190","11","Varsity Brands, LLC First Lien Secured Debt - Term Loan S+375,","3","610","Cost(29)","42,815"
"SRC046","190","11","Varsity Brands, LLC First Lien Secured Debt - Term Loan S+375,","4","682","Fair Value(1)(30)","43,103"
"SRC046","190","11","Varsity Brands, LLC First Lien Secured Debt - Term Loan S+375,","5","712","","(15)"
"SRC046","190","12","Curia Global, Inc. First Lien Secured Debt - Term Loan S+385,","1","402","Interest Rate(12)","0.75%"
"SRC046","190","12","Curia Global, Inc. First Lien Secured Debt - Term Loan S+385,","2","552","Par/Shares(3)","81,936"
"SRC046","190","12","Curia Global, Inc. First Lien Secured Debt - Term Loan S+385,","3","610","Cost(29)","78,543"
"SRC046","190","12","Curia Global, Inc. First Lien Secured Debt - Term Loan S+385,","4","682","Fair Value(1)(30)","78,564"
"SRC046","190","12","Curia Global, Inc. First Lien Secured Debt - Term Loan S+385,","5","712","","(15)"
"SRC046","191","1","Alliance Laundry Systems LLC First Lien Secured Debt - Term Loan S+350, 0.00% Floor 8/19/2031 $","1","559","Par/Shares(3)","9,000"
"SRC046","191","1","Alliance Laundry Systems LLC First Lien Secured Debt - Term Loan S+350, 0.00% Floor 8/19/2031 $","2","628","Cost(29)","8,996"
"SRC046","191","1","Alliance Laundry Systems LLC First Lien Secured Debt - Term Loan S+350, 0.00% Floor 8/19/2031 $","3","697","Fair Value(1)(30)","9,072"
"SRC046","191","1","Alliance Laundry Systems LLC First Lien Secured Debt - Term Loan S+350, 0.00% Floor 8/19/2031 $","4","727","","(14)"
"SRC046","191","2","LSF12 Donnelly Bidco, LLC First Lien Secured Debt - Term Loan S+650, 1.00% Floor 10/2/2029","1","559","Par/Shares(3)","14,813"
"SRC046","191","2","LSF12 Donnelly Bidco, LLC First Lien Secured Debt - Term Loan S+650, 1.00% Floor 10/2/2029","2","628","Cost(29)","14,500"
"SRC046","191","2","LSF12 Donnelly Bidco, LLC First Lien Secured Debt - Term Loan S+650, 1.00% Floor 10/2/2029","3","697","Fair Value(1)(30)","14,561"
"SRC046","191","3","Charter Next Generation, Inc. First Lien Secured Debt - Term Loan S+300, 0.75% Floor 11/29/2030","1","559","Par/Shares(3)","16,121"
"SRC046","191","3","Charter Next Generation, Inc. First Lien Secured Debt - Term Loan S+300, 0.75% Floor 11/29/2030","2","628","Cost(29)","16,153"
"SRC046","191","3","Charter Next Generation, Inc. First Lien Secured Debt - Term Loan S+300, 0.75% Floor 11/29/2030","3","697","Fair Value(1)(30)","16,228"
"SRC046","191","3","Charter Next Generation, Inc. First Lien Secured Debt - Term Loan S+300, 0.75% Floor 11/29/2030","4","727","","(14)"
"SRC046","191","4","Engineered Machinery Holdings, Inc. First Lien Secured Debt - Term Loan S+401, 0.75% Floor 5/19/2028","1","559","Par/Shares(3)","19,763"
"SRC046","191","4","Engineered Machinery Holdings, Inc. First Lien Secured Debt - Term Loan S+401, 0.75% Floor 5/19/2028","2","628","Cost(29)","19,680"
"SRC046","191","4","Engineered Machinery Holdings, Inc. First Lien Secured Debt - Term Loan S+401, 0.75% Floor 5/19/2028","3","697","Fair Value(1)(30)","19,941"
"SRC046","191","4","Engineered Machinery Holdings, Inc. First Lien Secured Debt - Term Loan S+401, 0.75% Floor 5/19/2028","4","727","","(15)"
"SRC046","191","5","Titan Acquisition Ltd of Canada First Lien Secured Debt - Term Loan S+450, 0.00% Floor 2/15/2029","1","559","Par/Shares(3)","40,234"
"SRC046","191","5","Titan Acquisition Ltd of Canada First Lien Secured Debt - Term Loan S+450, 0.00% Floor 2/15/2029","2","628","Cost(29)","39,757"
"SRC046","191","5","Titan Acquisition Ltd of Canada First Lien Secured Debt - Term Loan S+450, 0.00% Floor 2/15/2029","3","697","Fair Value(1)(30)","40,625"
"SRC046","191","6","JPW Industries Holding Corporation First Lien Secured Debt - Term Loan S+588, 2.00% Floor 11/22/2028","1","559","Par/Shares(3)","115,830"
"SRC046","191","6","JPW Industries Holding Corporation First Lien Secured Debt - Term Loan S+588, 2.00% Floor 11/22/2028","2","628","Cost(29)","113,452"
"SRC046","191","6","JPW Industries Holding Corporation First Lien Secured Debt - Term Loan S+588, 2.00% Floor 11/22/2028","3","697","Fair Value(1)(30)","114,961"
"SRC046","191","7","Pro Mach Group, Inc. First Lien Secured Debt - Term Loan S+350, 1.00% Floor 8/31/2028","1","559","Par/Shares(3)","30,816"
"SRC046","191","7","Pro Mach Group, Inc. First Lien Secured Debt - Term Loan S+350, 1.00% Floor 8/31/2028","2","628","Cost(29)","30,900"
"SRC046","191","7","Pro Mach Group, Inc. First Lien Secured Debt - Term Loan S+350, 1.00% Floor 8/31/2028","3","697","Fair Value(1)(30)","31,123"
"SRC046","191","7","Pro Mach Group, Inc. First Lien Secured Debt - Term Loan S+350, 1.00% Floor 8/31/2028","4","727","","(14)"
"SRC046","191","8","Total Machinery","2","628","Cost(29)","243,438"
"SRC046","191","8","Total Machinery","3","697","Fair Value(1)(30)","246,511"
"SRC046","191","9","MGP Holdings III Corp. First Lien Secured Debt - Term Loan S+525, 1.00% Floor 3/1/2030 $","1","559","Par/Shares(3)","19,616"
"SRC046","191","9","MGP Holdings III Corp. First Lien Secured Debt - Term Loan S+525, 1.00% Floor 3/1/2030 $","2","628","Cost(29)","19,265"
"SRC046","191","9","MGP Holdings III Corp. First Lien Secured Debt - Term Loan S+525, 1.00% Floor 3/1/2030 $","3","697","Fair Value(1)(30)","19,322"
"SRC046","191","10","First Lien Secured Debt - Delayed Draw S+525, 1.00% Floor 3/1/2030","1","559","Par/Shares(3)","6,087"
"SRC046","191","10","First Lien Secured Debt - Delayed Draw S+525, 1.00% Floor 3/1/2030","2","628","Cost(29)","5,982"
"SRC046","191","10","First Lien Secured Debt - Delayed Draw S+525, 1.00% Floor 3/1/2030","3","697","Fair Value(1)(30)","5,963"
"SRC046","191","11","First Lien Secured Debt - Revolver P+525, 1.00% Floor 3/1/2030","1","559","Par/Shares(3)","458"
"SRC046","191","11","First Lien Secured Debt - Revolver P+525, 1.00% Floor 3/1/2030","2","628","Cost(29)","424"
"SRC046","191","11","First Lien Secured Debt - Revolver P+525, 1.00% Floor 3/1/2030","3","697","Fair Value(1)(30)","429"
"SRC046","191","12","Total Marine Transportation","2","628","Cost(29)","25,671"
"SRC046","191","12","Total Marine Transportation","3","697","Fair Value(1)(30)","25,714"
"SRC046","191","13","Accelerate36 Holdings, LLC First Lien Secured Debt - Term Loan S+626, 1.00% Floor 2/11/2027 $","1","559","Par/Shares(3)","68,972"
"SRC046","191","13","Accelerate36 Holdings, LLC First Lien Secured Debt - Term Loan S+626, 1.00% Floor 2/11/2027 $","2","628","Cost(29)","68,972"
"SRC046","191","13","Accelerate36 Holdings, LLC First Lien Secured Debt - Term Loan S+626, 1.00% Floor 2/11/2027 $","3","697","Fair Value(1)(30)","68,283"
"SRC046","191","14","First Lien Secured Debt - Revolver S+576, 1.00% Floor 2/11/2027","1","559","Par/Shares(3)","24,956"
"SRC046","191","14","First Lien Secured Debt - Revolver S+576, 1.00% Floor 2/11/2027","2","628","Cost(29)","24,956"
"SRC046","191","14","First Lien Secured Debt - Revolver S+576, 1.00% Floor 2/11/2027","3","697","Fair Value(1)(30)","24,497"
"SRC046","192","1","Advantage Sales & Marketing Inc. First Lien Secured Debt - Term Loan S+451, 0.75% Floor 10/28/2027","1","559","Par/Shares(3)","15,193"
"SRC046","192","1","Advantage Sales & Marketing Inc. First Lien Secured Debt - Term Loan S+451, 0.75% Floor 10/28/2027","2","628","Cost(29)","15,208"
"SRC046","192","1","Advantage Sales & Marketing Inc. First Lien Secured Debt - Term Loan S+451, 0.75% Floor 10/28/2027","3","697","Fair Value(1)(30)","15,171"
"SRC046","192","2","Associations Inc. First Lien Secured Debt - Term Loan S+675, 1.00% Floor 7/2/2028","1","559","Par/Shares(3)","17,429"
"SRC046","192","2","Associations Inc. First Lien Secured Debt - Term Loan S+675, 1.00% Floor 7/2/2028","2","628","Cost(29)","17,414"
"SRC046","192","2","Associations Inc. First Lien Secured Debt - Term Loan S+675, 1.00% Floor 7/2/2028","3","697","Fair Value(1)(30)","17,473"
"SRC046","192","3","First Lien Secured Debt - Delayed Draw S+650, 1.00% Floor 7/2/2028","1","559","Par/Shares(3)","226"
"SRC046","192","3","First Lien Secured Debt - Delayed Draw S+650, 1.00% Floor 7/2/2028","2","628","Cost(29)","225"
"SRC046","192","3","First Lien Secured Debt - Delayed Draw S+650, 1.00% Floor 7/2/2028","3","697","Fair Value(1)(30)","227"
"SRC046","192","4","First Lien Secured Debt - Revolver S+675, 1.00% Floor 7/2/2028","1","559","Par/Shares(3)","543"
"SRC046","192","4","First Lien Secured Debt - Revolver S+675, 1.00% Floor 7/2/2028","2","628","Cost(29)","542"
"SRC046","192","4","First Lien Secured Debt - Revolver S+675, 1.00% Floor 7/2/2028","3","697","Fair Value(1)(30)","544"
"SRC046","192","5","CSC Holdings, LLC First Lien Secured Debt - Term Loan S+450, 0.00% Floor 1/18/2028","1","559","Par/Shares(3)","116,355"
"SRC046","192","5","CSC Holdings, LLC First Lien Secured Debt - Term Loan S+450, 0.00% Floor 1/18/2028","2","628","Cost(29)","112,729"
"SRC046","192","5","CSC Holdings, LLC First Lien Secured Debt - Term Loan S+450, 0.00% Floor 1/18/2028","3","697","Fair Value(1)(30)","114,383"
"SRC046","192","6","First Lien Secured Debt - Term Loan L+250, 0.00% Floor 4/15/2027","1","559","Par/Shares(3)","15,000"
"SRC046","192","6","First Lien Secured Debt - Term Loan L+250, 0.00% Floor 4/15/2027","2","628","Cost(29)","14,065"
"SRC046","192","6","First Lien Secured Debt - Term Loan L+250, 0.00% Floor 4/15/2027","3","697","Fair Value(1)(30)","13,875"
"SRC046","192","6","First Lien Secured Debt - Term Loan L+250, 0.00% Floor 4/15/2027","4","727","","(8)"
"SRC046","192","7","First Lien Secured Debt - Revolver S+225, 0.00% Floor 7/13/2027","1","559","Par/Shares(3)","81"
"SRC046","192","7","First Lien Secured Debt - Revolver S+225, 0.00% Floor 7/13/2027","2","628","Cost(29)","62"
"SRC046","192","7","First Lien Secured Debt - Revolver S+225, 0.00% Floor 7/13/2027","3","697","Fair Value(1)(30)","73"
"SRC046","192","8","Charter Communications Operating, LLC First Lien Secured Debt - Term Loan S+225, 0.00% Floor 12/15/2031","1","559","Par/Shares(3)","20,000"
"SRC046","192","8","Charter Communications Operating, LLC First Lien Secured Debt - Term Loan S+225, 0.00% Floor 12/15/2031","2","628","Cost(29)","19,950"
"SRC046","192","8","Charter Communications Operating, LLC First Lien Secured Debt - Term Loan S+225, 0.00% Floor 12/15/2031","3","697","Fair Value(1)(30)","19,981"
"SRC046","192","9","Clear Channel International B.V. First Lien Secured Debt - Term Loan S+225, 5.25% Floor 8/5/2027","1","559","Par/Shares(3)","30,000"
"SRC046","192","9","Clear Channel International B.V. First Lien Secured Debt - Term Loan S+225, 5.25% Floor 8/5/2027","2","628","Cost(29)","29,726"
"SRC046","192","9","Clear Channel International B.V. First Lien Secured Debt - Term Loan S+225, 5.25% Floor 8/5/2027","3","697","Fair Value(1)(30)","29,925"
"SRC046","192","10","EchoStar Corporation First Lien Secured Debt - Corporate Bond 10.75% 11/30/2029","1","559","Par/Shares(3)","72,552"
"SRC046","192","10","EchoStar Corporation First Lien Secured Debt - Corporate Bond 10.75% 11/30/2029","2","628","Cost(29)","73,313"
"SRC046","192","10","EchoStar Corporation First Lien Secured Debt - Corporate Bond 10.75% 11/30/2029","3","697","Fair Value(1)(30)","78,108"
"SRC046","192","10","EchoStar Corporation First Lien Secured Debt - Corporate Bond 10.75% 11/30/2029","4","727","","(8)"
"SRC046","192","11","Secured Debt - Corporate Bond 6.75% 11/30/2030","1","559","Par/Shares(3)","99"
"SRC046","192","11","Secured Debt - Corporate Bond 6.75% 11/30/2030","2","628","Cost(29)","98"
"SRC046","192","11","Secured Debt - Corporate Bond 6.75% 11/30/2030","3","697","Fair Value(1)(30)","90"
"SRC046","192","11","Secured Debt - Corporate Bond 6.75% 11/30/2030","4","727","","(8)"
"SRC046","192","12","Secured Debt - Corporate Bond 3.88% 11/30/2030","1","559","Par/Shares(3)","80"
"SRC046","192","12","Secured Debt - Corporate Bond 3.88% 11/30/2030","2","628","Cost(29)","80"
"SRC046","192","12","Secured Debt - Corporate Bond 3.88% 11/30/2030","3","697","Fair Value(1)(30)","85"
"SRC046","192","12","Secured Debt - Corporate Bond 3.88% 11/30/2030","4","727","","(8)"
"SRC046","192","13","M&M OPCO, LLC First Lien Secured Debt - Term Loan S+810, 1.00% Floor 4/7/2029","1","559","Par/Shares(3)","9,357"
"SRC046","192","13","M&M OPCO, LLC First Lien Secured Debt - Term Loan S+810, 1.00% Floor 4/7/2029","2","628","Cost(29)","9,137"
"SRC046","192","13","M&M OPCO, LLC First Lien Secured Debt - Term Loan S+810, 1.00% Floor 4/7/2029","3","697","Fair Value(1)(30)","9,170"
"SRC046","192","14","First Lien Secured Debt - Revolver S+810, 1.00% Floor 4/7/2029","2","628","Cost(29)","(5)"
"SRC046","192","14","First Lien Secured Debt - Revolver S+810, 1.00% Floor 4/7/2029","3","697","Fair Value(1)(30)","(5)"
"SRC046","192","15","Gannett Co., Inc. Bond 6.00% 12/1/2031","1","559","Par/Shares(3)","500"
"SRC046","192","15","Gannett Co., Inc. Bond 6.00% 12/1/2031","2","628","Cost(29)","528"
"SRC046","192","15","Gannett Co., Inc. Bond 6.00% 12/1/2031","3","697","Fair Value(1)(30)","665"
"SRC046","192","16","Gannett Holdings, LLC First Lien Secured Debt - Term Loan S+500, 1.50% Floor 10/15/2029","1","559","Par/Shares(3)","211,385"
"SRC046","192","16","Gannett Holdings, LLC First Lien Secured Debt - Term Loan S+500, 1.50% Floor 10/15/2029","2","628","Cost(29)","208,324"
"SRC046","192","16","Gannett Holdings, LLC First Lien Secured Debt - Term Loan S+500, 1.50% Floor 10/15/2029","3","697","Fair Value(1)(30)","208,214"
"SRC046","192","17","First Lien Secured Debt - Delayed Draw S+500, 1.50% Floor 10/15/2029","2","628","Cost(29)","(62)"
"SRC046","192","17","First Lien Secured Debt - Delayed Draw S+500, 1.50% Floor 10/15/2029","3","697","Fair Value(1)(30)","(65)"
"SRC046","193","1","Material Holdings, LLC First Lien Secured Debt - Term Loan PIK) 8/19/2027","1","562","Par/Shares(3)","6,375"
"SRC046","193","1","Material Holdings, LLC First Lien Secured Debt - Term Loan PIK) 8/19/2027","2","631","Cost(29)","6,375"
"SRC046","193","1","Material Holdings, LLC First Lien Secured Debt - Term Loan PIK) 8/19/2027","3","700","Fair Value(1)(30)","5,642"
"SRC046","193","2","First Lien Secured Debt - Term Loan 10.43% PIK 8/19/2027","1","562","Par/Shares(3)","1,576"
"SRC046","193","2","First Lien Secured Debt - Term Loan 10.43% PIK 8/19/2027","2","631","Cost(29)","1,576"
"SRC046","193","3","McGraw-Hill Education, Inc. First Lien Secured Debt - Term Loan S+400, 0.50% Floor 8/6/2031","1","562","Par/Shares(3)","27,883"
"SRC046","193","3","McGraw-Hill Education, Inc. First Lien Secured Debt - Term Loan S+400, 0.50% Floor 8/6/2031","2","631","Cost(29)","27,306"
"SRC046","193","3","McGraw-Hill Education, Inc. First Lien Secured Debt - Term Loan S+400, 0.50% Floor 8/6/2031","3","700","Fair Value(1)(30)","28,234"
"SRC046","193","3","McGraw-Hill Education, Inc. First Lien Secured Debt - Term Loan S+400, 0.50% Floor 8/6/2031","4","726","","(15)"
"SRC046","193","4","Total","2","631","Cost(29)","630,519"
"SRC046","193","4","Total","3","700","Fair Value(1)(30)","634,570"
"SRC046","193","5","AL GCX Holdings, LLC First Lien Secured Debt - Term Loan S+275, 0.50% Floor 5/17/2029 $","1","562","Par/Shares(3)","5,000"
"SRC046","193","5","AL GCX Holdings, LLC First Lien Secured Debt - Term Loan S+275, 0.50% Floor 5/17/2029 $","2","631","Cost(29)","5,024"
"SRC046","193","5","AL GCX Holdings, LLC First Lien Secured Debt - Term Loan S+275, 0.50% Floor 5/17/2029 $","3","700","Fair Value(1)(30)","5,040"
"SRC046","193","5","AL GCX Holdings, LLC First Lien Secured Debt - Term Loan S+275, 0.50% Floor 5/17/2029 $","4","726","","(14)"
"SRC046","193","6","BIP Pipeco Holdings LLC First Lien Secured Debt - Term Loan S+225, 0.00% Floor 12/6/2030","1","562","Par/Shares(3)","9,617"
"SRC046","193","6","BIP Pipeco Holdings LLC First Lien Secured Debt - Term Loan S+225, 0.00% Floor 12/6/2030","2","631","Cost(29)","9,649"
"SRC046","193","6","BIP Pipeco Holdings LLC First Lien Secured Debt - Term Loan S+225, 0.00% Floor 12/6/2030","3","700","Fair Value(1)(30)","9,663"
"SRC046","193","6","BIP Pipeco Holdings LLC First Lien Secured Debt - Term Loan S+225, 0.00% Floor 12/6/2030","4","726","","(14)"
"SRC046","193","7","GIP Pilot Acquisition Partners, L.P. First Lien Secured Debt - Term Loan S+250, 0.00% Floor 10/4/2030","1","562","Par/Shares(3)","1,980"
"SRC046","193","7","GIP Pilot Acquisition Partners, L.P. First Lien Secured Debt - Term Loan S+250, 0.00% Floor 10/4/2030","2","631","Cost(29)","1,993"
"SRC046","193","7","GIP Pilot Acquisition Partners, L.P. First Lien Secured Debt - Term Loan S+250, 0.00% Floor 10/4/2030","3","700","Fair Value(1)(30)","1,995"
"SRC046","193","7","GIP Pilot Acquisition Partners, L.P. First Lien Secured Debt - Term Loan S+250, 0.00% Floor 10/4/2030","4","726","","(15)"
"SRC046","193","8","WhiteWater DBR HoldCo LLC First Lien Secured Debt - Term Loan S+225, 0.00% Floor 3/3/2031","1","562","Par/Shares(3)","6,280"
"SRC046","193","8","WhiteWater DBR HoldCo LLC First Lien Secured Debt - Term Loan S+225, 0.00% Floor 3/3/2031","2","631","Cost(29)","6,307"
"SRC046","193","8","WhiteWater DBR HoldCo LLC First Lien Secured Debt - Term Loan S+225, 0.00% Floor 3/3/2031","3","700","Fair Value(1)(30)","6,325"
"SRC046","193","8","WhiteWater DBR HoldCo LLC First Lien Secured Debt - Term Loan S+225, 0.00% Floor 3/3/2031","4","726","","(15)"
"SRC046","193","9","Total Oil, Gas & Consumable","2","631","Cost(29)","22,973"
"SRC046","193","9","Total Oil, Gas & Consumable","3","700","Fair Value(1)(30)","23,023"
"SRC046","193","10","Amika OpCo LLC First Lien Secured Debt - Term Loan S+575, 0.75% Floor 7/1/2029 $","1","562","Par/Shares(3)","34,650"
"SRC046","193","10","Amika OpCo LLC First Lien Secured Debt - Term Loan S+575, 0.75% Floor 7/1/2029 $","2","631","Cost(29)","34,061"
"SRC046","193","10","Amika OpCo LLC First Lien Secured Debt - Term Loan S+575, 0.75% Floor 7/1/2029 $","3","700","Fair Value(1)(30)","34,910"
"SRC046","193","11","First Lien Secured Debt - Term Loan S+525, 0.75% Floor 7/1/2029","1","562","Par/Shares(3)","7,891"
"SRC046","193","11","First Lien Secured Debt - Term Loan S+525, 0.75% Floor 7/1/2029","2","631","Cost(29)","7,775"
"SRC046","193","11","First Lien Secured Debt - Term Loan S+525, 0.75% Floor 7/1/2029","3","700","Fair Value(1)(30)","7,871"
"SRC046","193","12","First Lien Secured Debt - Revolver S+550, 0.75% Floor 7/1/2028","2","631","Cost(29)","(20)"
"SRC046","193","12","First Lien Secured Debt - Revolver S+550, 0.75% Floor 7/1/2028","3","700","Fair Value(1)(30)","(4)"
"SRC046","193","13","Ishtar Co-Invest-B LP Common Equity - Stock N/A N/A 39","2","631","Cost(29)","22"
"SRC046","193","14","Oshun Co-Invest-B LP Common Equity - Stock N/A N/A 11","2","631","Cost(29)","11"
"SRC046","194","1","KDC/ONE Development Corporation, Inc. First Lien Secured Debt - Term Loan S+400,","1","403","Interest Rate(12)","0.00%"
"SRC046","194","1","KDC/ONE Development Corporation, Inc. First Lien Secured Debt - Term Loan S+400,","2","555","Par/Shares(3)","36,295"
"SRC046","194","1","KDC/ONE Development Corporation, Inc. First Lien Secured Debt - Term Loan S+400,","3","630","Cost(29)","35,872"
"SRC046","194","1","KDC/ONE Development Corporation, Inc. First Lien Secured Debt - Term Loan S+400,","4","698","Fair Value(1)(30)","36,584"
"SRC046","194","1","KDC/ONE Development Corporation, Inc. First Lien Secured Debt - Term Loan S+400,","5","727","","(14)"
"SRC046","194","2","Parfums Holding Company, Inc. First Lien Secured Debt - Term Loan S+525,","1","403","Interest Rate(12)","1.00%"
"SRC046","194","2","Parfums Holding Company, Inc. First Lien Secured Debt - Term Loan S+525,","2","555","Par/Shares(3)","164,742"
"SRC046","194","2","Parfums Holding Company, Inc. First Lien Secured Debt - Term Loan S+525,","3","630","Cost(29)","163,201"
"SRC046","194","2","Parfums Holding Company, Inc. First Lien Secured Debt - Term Loan S+525,","4","698","Fair Value(1)(30)","163,094"
"SRC046","194","3","First Lien Secured Debt - Revolver S+500,","1","403","Interest Rate(12)","1.00%"
"SRC046","194","3","First Lien Secured Debt - Revolver S+500,","3","630","Cost(29)","(92)"
"SRC046","194","3","First Lien Secured Debt - Revolver S+500,","4","698","Fair Value(1)(30)","(103)"
"SRC046","194","4","RoC Holdco LLC First Lien Secured Debt - Term Loan S+600,","1","403","Interest Rate(12)","1.00%"
"SRC046","194","4","RoC Holdco LLC First Lien Secured Debt - Term Loan S+600,","2","555","Par/Shares(3)","25,418"
"SRC046","194","4","RoC Holdco LLC First Lien Secured Debt - Term Loan S+600,","3","630","Cost(29)","24,953"
"SRC046","194","4","RoC Holdco LLC First Lien Secured Debt - Term Loan S+600,","4","698","Fair Value(1)(30)","24,973"
"SRC046","194","5","First Lien Secured Debt - Revolver S+600,","1","403","Interest Rate(12)","1.00%"
"SRC046","194","5","First Lien Secured Debt - Revolver S+600,","3","630","Cost(29)","(76)"
"SRC046","194","5","First Lien Secured Debt - Revolver S+600,","4","698","Fair Value(1)(30)","(77)"
"SRC046","194","6","Preferred Equity - Equity Unit","2","555","116 Shares","1,176"
"SRC046","194","6","Preferred Equity - Equity Unit","3","630","116","1"
"SRC046","194","6","Preferred Equity - Equity Unit","4","698","124","28"
"SRC046","194","7","Alcresta Therapeutics Inc. First Lien Secured Debt - Term Loan S+575,","1","403","N/A","1.00%"
"SRC046","194","7","Alcresta Therapeutics Inc. First Lien Secured Debt - Term Loan S+575,","2","555","116 Shares","4,499"
"SRC046","194","7","Alcresta Therapeutics Inc. First Lien Secured Debt - Term Loan S+575,","3","630","116","4,418"
"SRC046","194","7","Alcresta Therapeutics Inc. First Lien Secured Debt - Term Loan S+575,","4","698","124","4,432"
"SRC046","194","8","First Lien Secured Debt - Delayed Draw S+575,","1","403","N/A","1.00%"
"SRC046","194","8","First Lien Secured Debt - Delayed Draw S+575,","3","630","116","(76)"
"SRC046","194","8","First Lien Secured Debt - Delayed Draw S+575,","4","698","124","(65)"
"SRC046","194","9","First Lien Secured Debt - Revolver S+575,","1","403","N/A","1.00%"
"SRC046","194","9","First Lien Secured Debt - Revolver S+575,","3","630","116","(15)"
"SRC046","194","9","First Lien Secured Debt - Revolver S+575,","4","698","124","(13)"
"SRC046","194","10","Bausch Health Companies Inc. First Lien Secured Debt - Term Loan S+535,","1","403","N/A","0.50%"
"SRC046","194","10","Bausch Health Companies Inc. First Lien Secured Debt - Term Loan S+535,","2","555","116 Shares","153,179"
"SRC046","194","10","Bausch Health Companies Inc. First Lien Secured Debt - Term Loan S+535,","3","630","116","144,063"
"SRC046","194","10","Bausch Health Companies Inc. First Lien Secured Debt - Term Loan S+535,","4","698","124","149,925"
"SRC046","194","11","First Lien Secured Debt - Corporate Bond","1","403","N/A","5.50%"
"SRC046","194","11","First Lien Secured Debt - Corporate Bond","2","555","116 Shares","791"
"SRC046","194","11","First Lien Secured Debt - Corporate Bond","3","630","116","749"
"SRC046","194","11","First Lien Secured Debt - Corporate Bond","4","698","124","771"
"SRC046","194","11","First Lien Secured Debt - Corporate Bond","5","727","(4)(9)(31)","(8)"
"SRC046","194","12","Creek Parent, Inc. First Lien Secured Debt - Term Loan S+525,","1","403","N/A","0.75%"
"SRC046","194","12","Creek Parent, Inc. First Lien Secured Debt - Term Loan S+525,","2","555","116 Shares","202,397"
"SRC046","194","12","Creek Parent, Inc. First Lien Secured Debt - Term Loan S+525,","3","630","116","198,874"
"SRC046","194","12","Creek Parent, Inc. First Lien Secured Debt - Term Loan S+525,","4","698","124","198,855"
"SRC046","194","13","First Lien Secured Debt - Revolver S+525,","1","403","N/A","0.75%"
"SRC046","194","13","First Lien Secured Debt - Revolver S+525,","3","630","116","(507)"
"SRC046","194","13","First Lien Secured Debt - Revolver S+525,","4","698","124","(509)"
"SRC046","195","1","Financiere Mendel SASU First Lien Secured Debt - Term Loan S+325, 0.00% Floor 11/8/2030","1","558","Par/Shares(3)","4,953"
"SRC046","195","1","Financiere Mendel SASU First Lien Secured Debt - Term Loan S+325, 0.00% Floor 11/8/2030","2","627","Cost(29)","4,910"
"SRC046","195","1","Financiere Mendel SASU First Lien Secured Debt - Term Loan S+325, 0.00% Floor 11/8/2030","3","696","Fair Value(1)(30)","4,992"
"SRC046","195","2","LSCS Holdings, Inc. First Lien Secured Debt - Term Loan S+461, 0.50% Floor 12/16/2028","1","558","Par/Shares(3)","24,484"
"SRC046","195","2","LSCS Holdings, Inc. First Lien Secured Debt - Term Loan S+461, 0.50% Floor 12/16/2028","2","627","Cost(29)","24,278"
"SRC046","195","2","LSCS Holdings, Inc. First Lien Secured Debt - Term Loan S+461, 0.50% Floor 12/16/2028","3","696","Fair Value(1)(30)","24,682"
"SRC046","195","2","LSCS Holdings, Inc. First Lien Secured Debt - Term Loan S+461, 0.50% Floor 12/16/2028","4","726","","(14)"
"SRC046","195","3","ExactCare Parent, Inc. First Lien Secured Debt - Term Loan S+550, 1.00% Floor 11/5/2029","1","558","Par/Shares(3)","40,269"
"SRC046","195","3","ExactCare Parent, Inc. First Lien Secured Debt - Term Loan S+550, 1.00% Floor 11/5/2029","2","627","Cost(29)","39,325"
"SRC046","195","3","ExactCare Parent, Inc. First Lien Secured Debt - Term Loan S+550, 1.00% Floor 11/5/2029","3","696","Fair Value(1)(30)","40,068"
"SRC046","195","4","First Lien Secured Debt - Revolver S+650, 1.00% Floor 11/5/2029","2","627","Cost(29)","(99)"
"SRC046","195","4","First Lien Secured Debt - Revolver S+650, 1.00% Floor 11/5/2029","3","696","Fair Value(1)(30)","(22)"
"SRC046","195","5","Rarebreed Veterinary Partners, Inc. First Lien Secured Debt - Term Loan S+525, 1.00% Floor 4/18/2030","1","558","Par/Shares(3)","15,041"
"SRC046","195","5","Rarebreed Veterinary Partners, Inc. First Lien Secured Debt - Term Loan S+525, 1.00% Floor 4/18/2030","2","627","Cost(29)","14,767"
"SRC046","195","5","Rarebreed Veterinary Partners, Inc. First Lien Secured Debt - Term Loan S+525, 1.00% Floor 4/18/2030","3","696","Fair Value(1)(30)","14,740"
"SRC046","195","6","First Lien Secured Debt - Delayed Draw S+525, 1.00% Floor 4/18/2030","1","558","Par/Shares(3)","12,695"
"SRC046","195","6","First Lien Secured Debt - Delayed Draw S+525, 1.00% Floor 4/18/2030","2","627","Cost(29)","12,451"
"SRC046","195","6","First Lien Secured Debt - Delayed Draw S+525, 1.00% Floor 4/18/2030","3","696","Fair Value(1)(30)","11,970"
"SRC046","195","7","First Lien Secured Debt - Revolver S+525, 1.00% Floor 4/18/2030","2","627","Cost(29)","(103)"
"SRC046","195","7","First Lien Secured Debt - Revolver S+525, 1.00% Floor 4/18/2030","3","696","Fair Value(1)(30)","(116)"
"SRC046","195","8","Total Pharmaceuticals","2","627","Cost(29)","443,152"
"SRC046","195","8","Total Pharmaceuticals","3","696","Fair Value(1)(30)","449,862"
"SRC046","195","9","EAB Global, Inc. First Lien Secured Debt - Term Loan S+325, 0.50% Floor 8/16/2028 $","1","558","Par/Shares(3)","56,144"
"SRC046","195","9","EAB Global, Inc. First Lien Secured Debt - Term Loan S+325, 0.50% Floor 8/16/2028 $","2","627","Cost(29)","56,036"
"SRC046","195","9","EAB Global, Inc. First Lien Secured Debt - Term Loan S+325, 0.50% Floor 8/16/2028 $","3","696","Fair Value(1)(30)","56,432"
"SRC046","195","9","EAB Global, Inc. First Lien Secured Debt - Term Loan S+325, 0.50% Floor 8/16/2028 $","4","726","","(14)"
"SRC046","195","10","Kite Bidco Inc. First Lien Secured Debt - Term Loan S+500, 0.00% Floor 9/20/2031","1","558","Par/Shares(3)","61,788"
"SRC046","195","10","Kite Bidco Inc. First Lien Secured Debt - Term Loan S+500, 0.00% Floor 9/20/2031","2","627","Cost(29)","60,869"
"SRC046","195","10","Kite Bidco Inc. First Lien Secured Debt - Term Loan S+500, 0.00% Floor 9/20/2031","3","696","Fair Value(1)(30)","60,861"
"SRC046","195","11","First Lien Secured Debt - Delayed Draw S+500, 0.00% Floor 9/20/2031","2","627","Cost(29)","(113)"
"SRC046","195","11","First Lien Secured Debt - Delayed Draw S+500, 0.00% Floor 9/20/2031","3","696","Fair Value(1)(30)","(114)"
"SRC046","195","12","Deerfield Dakota Holding, LLC First Lien Secured Debt - Term Loan S+375, 1.00% Floor 4/9/2027","1","558","Par/Shares(3)","2,496"
"SRC046","195","12","Deerfield Dakota Holding, LLC First Lien Secured Debt - Term Loan S+375, 1.00% Floor 4/9/2027","2","627","Cost(29)","2,468"
"SRC046","195","12","Deerfield Dakota Holding, LLC First Lien Secured Debt - Term Loan S+375, 1.00% Floor 4/9/2027","3","696","Fair Value(1)(30)","2,447"
"SRC046","195","12","Deerfield Dakota Holding, LLC First Lien Secured Debt - Term Loan S+375, 1.00% Floor 4/9/2027","4","726","","(15)"
"SRC046","195","13","LLC First Lien Secured Debt - Term Loan PIK) 8/22/2031","1","558","Par/Shares(3)","98,668"
"SRC046","195","13","LLC First Lien Secured Debt - Term Loan PIK) 8/22/2031","2","627","Cost(29)","96,791"
"SRC046","195","13","LLC First Lien Secured Debt - Term Loan PIK) 8/22/2031","3","696","Fair Value(1)(30)","97,682"
"SRC046","195","14","First Lien Secured Debt - Delayed Draw S+500, 0.75% Floor 8/22/2031","2","627","Cost(29)","(55)"
"SRC046","195","14","First Lien Secured Debt - Delayed Draw S+500, 0.75% Floor 8/22/2031","3","696","Fair Value(1)(30)","(58)"
"SRC046","195","15","First Lien Secured Debt - Revolver S+500, 0.75% Floor 8/22/2030","1","558","Par/Shares(3)","1,153"
"SRC046","195","15","First Lien Secured Debt - Revolver S+500, 0.75% Floor 8/22/2030","2","627","Cost(29)","936"
"SRC046","195","15","First Lien Secured Debt - Revolver S+500, 0.75% Floor 8/22/2030","3","696","Fair Value(1)(30)","1,037"
"SRC046","196","1","Speed Midco 3 S.A R.L. First Lien Secured Debt - Term Loan E+495, 0.00% Floor 5/16/2029 €","1","559","Par/Shares(3)","115,020"
"SRC046","196","1","Speed Midco 3 S.A R.L. First Lien Secured Debt - Term Loan E+495, 0.00% Floor 5/16/2029 €","2","628","Cost(29)","123,134"
"SRC046","196","1","Speed Midco 3 S.A R.L. First Lien Secured Debt - Term Loan E+495, 0.00% Floor 5/16/2029 €","3","696","Fair Value(1)(30)","120,335"
"SRC046","196","2","First Lien Secured Debt - Term Loan S+495, 0.00% Floor 5/16/2029","1","559","Par/Shares(3)","54,980"
"SRC046","196","2","First Lien Secured Debt - Term Loan S+495, 0.00% Floor 5/16/2029","2","628","Cost(29)","54,980"
"SRC046","196","2","First Lien Secured Debt - Term Loan S+495, 0.00% Floor 5/16/2029","3","696","Fair Value(1)(30)","55,255"
"SRC046","196","3","First Lien Secured Debt - Term Loan SONIA+495, 0.00% Floor 5/16/2029 £","1","559","Par/Shares(3)","31,767"
"SRC046","196","3","First Lien Secured Debt - Term Loan SONIA+495, 0.00% Floor 5/16/2029 £","2","628","Cost(29)","40,229"
"SRC046","196","3","First Lien Secured Debt - Term Loan SONIA+495, 0.00% Floor 5/16/2029 £","3","696","Fair Value(1)(30)","40,167"
"SRC046","196","4","Total Professional","2","628","Cost(29)","435,275"
"SRC046","196","4","Total Professional","3","696","Fair Value(1)(30)","434,044"
"SRC046","196","5","Polyphase Elevator Holding Company First Lien Secured Debt - Term Loan PIK) 6/23/2027 $","1","559","Par/Shares(3)","3,554"
"SRC046","196","5","Polyphase Elevator Holding Company First Lien Secured Debt - Term Loan PIK) 6/23/2027 $","2","628","Cost(29)","3,554"
"SRC046","196","5","Polyphase Elevator Holding Company First Lien Secured Debt - Term Loan PIK) 6/23/2027 $","3","696","Fair Value(1)(30)","3,119"
"SRC046","196","6","Pritchard Industries, LLC First Lien Secured Debt - Term Loan S+600, 0.75% Floor 10/13/2027","1","559","Par/Shares(3)","6,321"
"SRC046","196","6","Pritchard Industries, LLC First Lien Secured Debt - Term Loan S+600, 0.75% Floor 10/13/2027","2","628","Cost(29)","6,321"
"SRC046","196","6","Pritchard Industries, LLC First Lien Secured Debt - Term Loan S+600, 0.75% Floor 10/13/2027","3","696","Fair Value(1)(30)","6,273"
"SRC046","196","7","Redfin Corporation First Lien Secured Debt - Term Loan S+575, 1.50% Floor 10/20/2028","1","559","Par/Shares(3)","62,706"
"SRC046","196","7","Redfin Corporation First Lien Secured Debt - Term Loan S+575, 1.50% Floor 10/20/2028","2","628","Cost(29)","61,058"
"SRC046","196","7","Redfin Corporation First Lien Secured Debt - Term Loan S+575, 1.50% Floor 10/20/2028","3","696","Fair Value(1)(30)","61,295"
"SRC046","196","8","First Lien Secured Debt - Delayed Draw S+575, 1.50% Floor 10/20/2028","1","559","Par/Shares(3)","63,024"
"SRC046","196","8","First Lien Secured Debt - Delayed Draw S+575, 1.50% Floor 10/20/2028","2","628","Cost(29)","61,383"
"SRC046","196","8","First Lien Secured Debt - Delayed Draw S+575, 1.50% Floor 10/20/2028","3","696","Fair Value(1)(30)","61,606"
"SRC046","196","9","Total Real Estate Management & Development","2","628","Cost(29)","132,316"
"SRC046","196","9","Total Real Estate Management & Development","3","696","Fair Value(1)(30)","132,293"
"SRC046","196","10","Accela, Inc. First Lien Secured Debt - Term Loan S+600, 0.75% Floor 9/3/2030 $","1","559","Par/Shares(3)","18,286"
"SRC046","196","10","Accela, Inc. First Lien Secured Debt - Term Loan S+600, 0.75% Floor 9/3/2030 $","2","628","Cost(29)","17,970"
"SRC046","196","10","Accela, Inc. First Lien Secured Debt - Term Loan S+600, 0.75% Floor 9/3/2030 $","3","696","Fair Value(1)(30)","18,286"
"SRC046","196","11","First Lien Secured Debt - Revolver S+600, 0.75% Floor 9/3/2030","2","628","Cost(29)","(28)"
"SRC046","196","12","Armstrong Bidco Limited First Lien Secured Debt - Term Loan SONIA+525, 0.00% Floor 6/28/2029 £","1","559","Par/Shares(3)","27,600"
"SRC046","196","12","Armstrong Bidco Limited First Lien Secured Debt - Term Loan SONIA+525, 0.00% Floor 6/28/2029 £","2","628","Cost(29)","33,041"
"SRC046","196","12","Armstrong Bidco Limited First Lien Secured Debt - Term Loan SONIA+525, 0.00% Floor 6/28/2029 £","3","696","Fair Value(1)(30)","33,948"
"SRC046","196","13","First Lien Secured Debt - Delayed Draw SONIA+525, 0.00% Floor 6/28/2029 £","1","559","Par/Shares(3)","14,400"
"SRC046","196","13","First Lien Secured Debt - Delayed Draw SONIA+525, 0.00% Floor 6/28/2029 £","2","628","Cost(29)","17,257"
"SRC046","196","13","First Lien Secured Debt - Delayed Draw SONIA+525, 0.00% Floor 6/28/2029 £","3","696","Fair Value(1)(30)","17,712"
"SRC046","197","1","Azurite Intermediate Holdings, Inc. First Lien Secured Debt - Term Loan S+650,","1","402","Interest Rate(12)","0.75%"
"SRC046","197","1","Azurite Intermediate Holdings, Inc. First Lien Secured Debt - Term Loan S+650,","2","559","Par/Shares(3)","20,144"
"SRC046","197","1","Azurite Intermediate Holdings, Inc. First Lien Secured Debt - Term Loan S+650,","3","628","Cost(29)","19,865"
"SRC046","197","1","Azurite Intermediate Holdings, Inc. First Lien Secured Debt - Term Loan S+650,","4","696","Fair Value(1)(30)","20,094"
"SRC046","197","2","First Lien Secured Debt - Delayed Draw S+650,","1","402","Interest Rate(12)","0.75%"
"SRC046","197","2","First Lien Secured Debt - Delayed Draw S+650,","2","559","Par/Shares(3)","45,781"
"SRC046","197","2","First Lien Secured Debt - Delayed Draw S+650,","3","628","Cost(29)","45,158"
"SRC046","197","2","First Lien Secured Debt - Delayed Draw S+650,","4","696","Fair Value(1)(30)","45,667"
"SRC046","197","3","First Lien Secured Debt - Revolver S+650,","1","402","Interest Rate(12)","0.75%"
"SRC046","197","3","First Lien Secured Debt - Revolver S+650,","3","628","Cost(29)","(98)"
"SRC046","197","3","First Lien Secured Debt - Revolver S+650,","4","696","Fair Value(1)(30)","(18)"
"SRC046","197","4","Avalara, Inc. First Lien Secured Debt - Term Loan S+625,","1","402","Interest Rate(12)","0.75%"
"SRC046","197","4","Avalara, Inc. First Lien Secured Debt - Term Loan S+625,","2","559","Par/Shares(3)","136,364"
"SRC046","197","4","Avalara, Inc. First Lien Secured Debt - Term Loan S+625,","3","628","Cost(29)","133,941"
"SRC046","197","4","Avalara, Inc. First Lien Secured Debt - Term Loan S+625,","4","696","Fair Value(1)(30)","136,364"
"SRC046","197","5","First Lien Secured Debt - Revolver S+625,","1","402","Interest Rate(12)","0.75%"
"SRC046","197","5","First Lien Secured Debt - Revolver S+625,","3","628","Cost(29)","(218)"
"SRC046","197","6","Artifact Bidco, Inc. First Lien Secured Debt - Term Loan S+450,","1","402","Interest Rate(12)","0.50%"
"SRC046","197","6","Artifact Bidco, Inc. First Lien Secured Debt - Term Loan S+450,","2","559","Par/Shares(3)","63,399"
"SRC046","197","6","Artifact Bidco, Inc. First Lien Secured Debt - Term Loan S+450,","3","628","Cost(29)","62,793"
"SRC046","197","6","Artifact Bidco, Inc. First Lien Secured Debt - Term Loan S+450,","4","696","Fair Value(1)(30)","63,399"
"SRC046","197","7","First Lien Secured Debt - Delayed Draw S+450,","1","402","Interest Rate(12)","0.50%"
"SRC046","197","7","First Lien Secured Debt - Delayed Draw S+450,","3","628","Cost(29)","(73)"
"SRC046","197","8","First Lien Secured Debt - Revolver S+450,","1","402","Interest Rate(12)","0.50%"
"SRC046","197","8","First Lien Secured Debt - Revolver S+450,","3","628","Cost(29)","(103)"
"SRC046","197","9","A&V Holdings Midco, LLC First Lien Secured Debt - Term Loan S+500,","1","402","Interest Rate(12)","0.00%"
"SRC046","197","9","A&V Holdings Midco, LLC First Lien Secured Debt - Term Loan S+500,","2","559","Par/Shares(3)","176,041"
"SRC046","197","9","A&V Holdings Midco, LLC First Lien Secured Debt - Term Loan S+500,","3","628","Cost(29)","173,552"
"SRC046","197","9","A&V Holdings Midco, LLC First Lien Secured Debt - Term Loan S+500,","4","696","Fair Value(1)(30)","173,523"
"SRC046","197","10","First Lien Secured Debt - Delayed Draw S+500,","1","402","Interest Rate(12)","0.00%"
"SRC046","197","10","First Lien Secured Debt - Delayed Draw S+500,","3","628","Cost(29)","(246)"
"SRC046","197","10","First Lien Secured Debt - Delayed Draw S+500,","4","696","Fair Value(1)(30)","(510)"
"SRC046","197","11","First Lien Secured Debt - Revolver S+500,","1","402","Interest Rate(12)","0.00%"
"SRC046","197","12","Boxer Parent Company Inc. First Lien Secured Debt - Term Loan S+375,","1","402","Interest Rate(12)","0.00%"
"SRC046","197","12","Boxer Parent Company Inc. First Lien Secured Debt - Term Loan S+375,","2","559","Par/Shares(3)","33,327"
"SRC046","197","12","Boxer Parent Company Inc. First Lien Secured Debt - Term Loan S+375,","3","628","Cost(29)","33,275"
"SRC046","197","12","Boxer Parent Company Inc. First Lien Secured Debt - Term Loan S+375,","4","696","Fair Value(1)(30)","33,644"
"SRC046","197","13","Certinia Inc First Lien Secured Debt - Term Loan S+525,","1","402","Interest Rate(12)","1.00%"
"SRC046","197","13","Certinia Inc First Lien Secured Debt - Term Loan S+525,","2","559","Par/Shares(3)","60,627"
"SRC046","197","13","Certinia Inc First Lien Secured Debt - Term Loan S+525,","3","628","Cost(29)","59,579"
"SRC046","197","13","Certinia Inc First Lien Secured Debt - Term Loan S+525,","4","696","Fair Value(1)(30)","60,021"
"SRC046","197","14","First Lien Secured Debt - Revolver S+725,","1","402","Interest Rate(12)","1.00%"
"SRC046","197","14","First Lien Secured Debt - Revolver S+725,","3","628","Cost(29)","(93)"
"SRC046","197","14","First Lien Secured Debt - Revolver S+725,","4","696","Fair Value(1)(30)","(40)"
"SRC046","197","15","1475 Holdings, LLC First Lien Secured Debt - Term Loan S+575,","1","402","Interest Rate(12)","0.75%"
"SRC046","197","15","1475 Holdings, LLC First Lien Secured Debt - Term Loan S+575,","2","559","Par/Shares(3)","3,929"
"SRC046","197","15","1475 Holdings, LLC First Lien Secured Debt - Term Loan S+575,","3","628","Cost(29)","3,859"
"SRC046","197","15","1475 Holdings, LLC First Lien Secured Debt - Term Loan S+575,","4","696","Fair Value(1)(30)","3,872"
"SRC046","197","16","First Lien Secured Debt - Revolver S+575,","1","402","Interest Rate(12)","0.75%"
"SRC046","197","16","First Lien Secured Debt - Revolver S+575,","3","628","Cost(29)","(18)"
"SRC046","197","16","First Lien Secured Debt - Revolver S+575,","4","696","Fair Value(1)(30)","(15)"
"SRC046","198","1","Cloud Software Group, Inc. First Lien Secured Debt - Term Loan S+350, 0.50% Floor 3/30/2029","1","559","Par/Shares(3)","33,255"
"SRC046","198","1","Cloud Software Group, Inc. First Lien Secured Debt - Term Loan S+350, 0.50% Floor 3/30/2029","2","628","Cost(29)","31,527"
"SRC046","198","1","Cloud Software Group, Inc. First Lien Secured Debt - Term Loan S+350, 0.50% Floor 3/30/2029","3","696","Fair Value(1)(30)","33,395"
"SRC046","198","1","Cloud Software Group, Inc. First Lien Secured Debt - Term Loan S+350, 0.50% Floor 3/30/2029","4","727","","(15)"
"SRC046","198","2","First Lien Secured Debt - Term Loan S+375, 0.50% Floor 3/21/2031","1","559","Par/Shares(3)","25,242"
"SRC046","198","2","First Lien Secured Debt - Term Loan S+375, 0.50% Floor 3/21/2031","2","628","Cost(29)","25,168"
"SRC046","198","2","First Lien Secured Debt - Term Loan S+375, 0.50% Floor 3/21/2031","3","696","Fair Value(1)(30)","25,355"
"SRC046","198","2","First Lien Secured Debt - Term Loan S+375, 0.50% Floor 3/21/2031","4","727","","(15)"
"SRC046","198","3","Clover Holdings 2, LLC First Lien Secured Debt - Term Loan S+400, 0.00% Floor 11/1/2031","1","559","Par/Shares(3)","25,000"
"SRC046","198","3","Clover Holdings 2, LLC First Lien Secured Debt - Term Loan S+400, 0.00% Floor 11/1/2031","2","628","Cost(29)","24,752"
"SRC046","198","3","Clover Holdings 2, LLC First Lien Secured Debt - Term Loan S+400, 0.00% Floor 11/1/2031","3","696","Fair Value(1)(30)","25,313"
"SRC046","198","3","Clover Holdings 2, LLC First Lien Secured Debt - Term Loan S+400, 0.00% Floor 11/1/2031","4","727","","(14)"
"SRC046","198","4","Coupa Software Incorporated First Lien Secured Debt - Term Loan S+550, 0.75% Floor 2/27/2030","1","559","Par/Shares(3)","55,008"
"SRC046","198","4","Coupa Software Incorporated First Lien Secured Debt - Term Loan S+550, 0.75% Floor 2/27/2030","2","628","Cost(29)","53,896"
"SRC046","198","4","Coupa Software Incorporated First Lien Secured Debt - Term Loan S+550, 0.75% Floor 2/27/2030","3","696","Fair Value(1)(30)","55,008"
"SRC046","198","5","First Lien Secured Debt - Delayed Draw S+550, 0.75% Floor 2/27/2030","2","628","Cost(29)","(46)"
"SRC046","198","6","First Lien Secured Debt - Revolver S+550, 0.75% Floor 2/27/2029","2","628","Cost(29)","(66)"
"SRC046","198","6","First Lien Secured Debt - Revolver S+550, 0.75% Floor 2/27/2029","3","696","Fair Value(1)(30)","(19)"
"SRC046","198","7","Databricks, Inc. First Lien Secured Debt - Term Loan S+450, 0.00% Floor 4/4/2029","1","559","Par/Shares(3)","123,226"
"SRC046","198","7","Databricks, Inc. First Lien Secured Debt - Term Loan S+450, 0.00% Floor 4/4/2029","2","628","Cost(29)","122,609"
"SRC046","198","7","Databricks, Inc. First Lien Secured Debt - Term Loan S+450, 0.00% Floor 4/4/2029","3","696","Fair Value(1)(30)","123,535"
"SRC046","198","7","Databricks, Inc. First Lien Secured Debt - Term Loan S+450, 0.00% Floor 4/4/2029","4","727","","(14)"
"SRC046","198","8","First Lien Secured Debt - Delayed Draw S+450, 0.00% Floor 1/19/2031","2","628","Cost(29)","(136)"
"SRC046","198","8","First Lien Secured Debt - Delayed Draw S+450, 0.00% Floor 1/19/2031","4","727","","(28)"
"SRC046","198","9","Dcert Buyer, Inc. First Lien Secured Debt - Term Loan S+400, 0.00% Floor 10/16/2026","1","559","Par/Shares(3)","45,067"
"SRC046","198","9","Dcert Buyer, Inc. First Lien Secured Debt - Term Loan S+400, 0.00% Floor 10/16/2026","2","628","Cost(29)","44,845"
"SRC046","198","9","Dcert Buyer, Inc. First Lien Secured Debt - Term Loan S+400, 0.00% Floor 10/16/2026","3","696","Fair Value(1)(30)","43,409"
"SRC046","198","9","Dcert Buyer, Inc. First Lien Secured Debt - Term Loan S+400, 0.00% Floor 10/16/2026","4","727","","(14)"
"SRC046","198","10","Disco Parent, LLC First Lien Secured Debt - Term Loan S+750, 1.00% Floor 3/30/2029","1","559","Par/Shares(3)","25,032"
"SRC046","198","10","Disco Parent, LLC First Lien Secured Debt - Term Loan S+750, 1.00% Floor 3/30/2029","2","628","Cost(29)","24,547"
"SRC046","198","10","Disco Parent, LLC First Lien Secured Debt - Term Loan S+750, 1.00% Floor 3/30/2029","3","696","Fair Value(1)(30)","25,345"
"SRC046","198","11","First Lien Secured Debt - Revolver S+750, 1.00% Floor 3/30/2029","2","628","Cost(29)","(38)"
"SRC046","198","12","Everbridge Holdings, LLC First Lien Secured Debt - Term Loan S+500, 0.75% Floor 7/2/2031","1","559","Par/Shares(3)","61,481"
"SRC046","198","12","Everbridge Holdings, LLC First Lien Secured Debt - Term Loan S+500, 0.75% Floor 7/2/2031","2","628","Cost(29)","61,189"
"SRC046","198","12","Everbridge Holdings, LLC First Lien Secured Debt - Term Loan S+500, 0.75% Floor 7/2/2031","3","696","Fair Value(1)(30)","61,789"
"SRC046","198","13","First Lien Secured Debt - Delayed Draw S+500, 0.75% Floor 7/2/2031","1","559","Par/Shares(3)","6,025"
"SRC046","198","13","First Lien Secured Debt - Delayed Draw S+500, 0.75% Floor 7/2/2031","2","628","Cost(29)","5,989"
"SRC046","198","13","First Lien Secured Debt - Delayed Draw S+500, 0.75% Floor 7/2/2031","3","696","Fair Value(1)(30)","6,055"
"SRC046","198","14","First Lien Secured Debt - Revolver S+500, 0.75% Floor 7/2/2031","2","628","Cost(29)","(29)"
"SRC046","199","1","Flexera Software LLC First Lien Secured Debt - Term Loan S+300, 0.75% Floor 3/3/2028","1","560","Par/Shares(3)","25,452"
"SRC046","199","1","Flexera Software LLC First Lien Secured Debt - Term Loan S+300, 0.75% Floor 3/3/2028","2","631","Cost(29)","25,441"
"SRC046","199","1","Flexera Software LLC First Lien Secured Debt - Term Loan S+300, 0.75% Floor 3/3/2028","3","700","Fair Value(1)(30)","25,655"
"SRC046","199","1","Flexera Software LLC First Lien Secured Debt - Term Loan S+300, 0.75% Floor 3/3/2028","4","726","","(15)"
"SRC046","199","2","Evergreen IX Borrower 223, LLC First Lien Secured Debt - Term Loan S+475, 0.75% Floor 9/30/2030","1","560","Par/Shares(3)","122,797"
"SRC046","199","2","Evergreen IX Borrower 223, LLC First Lien Secured Debt - Term Loan S+475, 0.75% Floor 9/30/2030","2","631","Cost(29)","120,520"
"SRC046","199","2","Evergreen IX Borrower 223, LLC First Lien Secured Debt - Term Loan S+475, 0.75% Floor 9/30/2030","3","700","Fair Value(1)(30)","121,569"
"SRC046","199","3","First Lien Secured Debt - Revolver S+475, 0.75% Floor 10/1/2029","2","631","Cost(29)","(200)"
"SRC046","199","3","First Lien Secured Debt - Revolver S+475, 0.75% Floor 10/1/2029","3","700","Fair Value(1)(30)","(101)"
"SRC046","199","4","Genius Bidco LLC First Lien Secured Debt - Term Loan S+525, 1.00% Floor 5/1/2030","1","560","Par/Shares(3)","4,616"
"SRC046","199","4","Genius Bidco LLC First Lien Secured Debt - Term Loan S+525, 1.00% Floor 5/1/2030","2","631","Cost(29)","4,531"
"SRC046","199","4","Genius Bidco LLC First Lien Secured Debt - Term Loan S+525, 1.00% Floor 5/1/2030","3","700","Fair Value(1)(30)","4,535"
"SRC046","199","5","First Lien Secured Debt - Delayed Draw S+525, 1.00% Floor 5/1/2030","2","631","Cost(29)","(15)"
"SRC046","199","5","First Lien Secured Debt - Delayed Draw S+525, 1.00% Floor 5/1/2030","3","700","Fair Value(1)(30)","(30)"
"SRC046","199","6","First Lien Secured Debt - Revolver S+525, 1.00% Floor 5/1/2030","2","631","Cost(29)","(21)"
"SRC046","199","6","First Lien Secured Debt - Revolver S+525, 1.00% Floor 5/1/2030","3","700","Fair Value(1)(30)","(20)"
"SRC046","199","7","Common Equity - Equity Unit N/A N/A 773","2","631","Cost(29)","77"
"SRC046","199","7","Common Equity - Equity Unit N/A N/A 773","3","700","Fair Value(1)(30)","68"
"SRC046","199","8","G Treasury SS LLC First Lien Secured Debt - Term Loan S+550, 1.00% Floor 6/29/2029","1","560","Par/Shares(3)","8,571"
"SRC046","199","8","G Treasury SS LLC First Lien Secured Debt - Term Loan S+550, 1.00% Floor 6/29/2029","2","631","Cost(29)","8,434"
"SRC046","199","8","G Treasury SS LLC First Lien Secured Debt - Term Loan S+550, 1.00% Floor 6/29/2029","3","700","Fair Value(1)(30)","8,443"
"SRC046","199","9","First Lien Secured Debt - Delayed Draw S+550, 1.00% Floor 6/29/2029","1","560","Par/Shares(3)","4,489"
"SRC046","199","9","First Lien Secured Debt - Delayed Draw S+550, 1.00% Floor 6/29/2029","2","631","Cost(29)","4,454"
"SRC046","199","9","First Lien Secured Debt - Delayed Draw S+550, 1.00% Floor 6/29/2029","3","700","Fair Value(1)(30)","4,421"
"SRC046","199","10","First Lien Secured Debt - Delayed Draw S+525, 1.00% Floor 12/31/2025","2","631","Cost(29)","(27)"
"SRC046","199","10","First Lien Secured Debt - Delayed Draw S+525, 1.00% Floor 12/31/2025","3","700","Fair Value(1)(30)","(72)"
"SRC046","199","11","First Lien Secured Debt - Revolver S+550, 1.00% Floor 6/29/2029","2","631","Cost(29)","(32)"
"SRC046","199","11","First Lien Secured Debt - Revolver S+550, 1.00% Floor 6/29/2029","3","700","Fair Value(1)(30)","(32)"
"SRC046","199","12","Homecare Software Solutions LLC First Lien Secured Debt - Term Loan PIK) 6/14/2031","1","560","Par/Shares(3)","75,384"
"SRC046","199","12","Homecare Software Solutions LLC First Lien Secured Debt - Term Loan PIK) 6/14/2031","2","631","Cost(29)","74,655"
"SRC046","199","12","Homecare Software Solutions LLC First Lien Secured Debt - Term Loan PIK) 6/14/2031","3","700","Fair Value(1)(30)","74,631"
"SRC046","199","13","Delta Topco, Inc. First Lien Secured Debt - Term Loan S+350, 0.00% Floor 11/30/2029","1","560","Par/Shares(3)","23,392"
"SRC046","199","13","Delta Topco, Inc. First Lien Secured Debt - Term Loan S+350, 0.00% Floor 11/30/2029","2","631","Cost(29)","23,365"
"SRC046","199","13","Delta Topco, Inc. First Lien Secured Debt - Term Loan S+350, 0.00% Floor 11/30/2029","3","700","Fair Value(1)(30)","23,604"
"SRC046","199","13","Delta Topco, Inc. First Lien Secured Debt - Term Loan S+350, 0.00% Floor 11/30/2029","4","726","","(16)"
"SRC046","199","14","Ichor Management Limited First Lien Secured Debt - Term Loan S+550, 1.00% Floor 12/8/2029","1","560","Par/Shares(3)","9,186"
"SRC046","199","14","Ichor Management Limited First Lien Secured Debt - Term Loan S+550, 1.00% Floor 12/8/2029","2","631","Cost(29)","8,987"
"SRC046","199","14","Ichor Management Limited First Lien Secured Debt - Term Loan S+550, 1.00% Floor 12/8/2029","3","700","Fair Value(1)(30)","8,864"
"SRC046","199","15","First Lien Secured Debt - Delayed Draw SONIA+550, 1.00% Floor 12/7/2029 £","2","631","Cost(29)","(40)"
"SRC046","199","15","First Lien Secured Debt - Delayed Draw SONIA+550, 1.00% Floor 12/7/2029 £","3","700","Fair Value(1)(30)","(135)"
"SRC046","199","15","First Lien Secured Debt - Delayed Draw SONIA+550, 1.00% Floor 12/7/2029 £","4","726","","28)"
"SRC046","199","16","First Lien Secured Debt - Revolver SONIA+550, 1.00% Floor 12/7/2029 £","1","560","Par/Shares(3)","1,477"
"SRC046","199","16","First Lien Secured Debt - Revolver SONIA+550, 1.00% Floor 12/7/2029 £","2","631","Cost(29)","1,814"
"SRC046","199","16","First Lien Secured Debt - Revolver SONIA+550, 1.00% Floor 12/7/2029 £","3","700","Fair Value(1)(30)","1,784"
"SRC046","200","1","Janus Bidco Limited First Lien Secured Debt - Term Loan S+600, 0.00% Floor 4/25/2031","1","553","Par/Shares(3)","68,523"
"SRC046","200","1","Janus Bidco Limited First Lien Secured Debt - Term Loan S+600, 0.00% Floor 4/25/2031","2","618","Cost(29)","66,918"
"SRC046","200","1","Janus Bidco Limited First Lien Secured Debt - Term Loan S+600, 0.00% Floor 4/25/2031","3","682","Fair Value(1)(30)","67,153"
"SRC046","200","2","First Lien Secured Debt - Term Loan SONIA+600, 0.00% Floor 4/25/2031 £","1","553","Par/Shares(3)","3,083"
"SRC046","200","2","First Lien Secured Debt - Term Loan SONIA+600, 0.00% Floor 4/25/2031 £","2","618","Cost(29)","3,772"
"SRC046","200","2","First Lien Secured Debt - Term Loan SONIA+600, 0.00% Floor 4/25/2031 £","3","682","Fair Value(1)(30)","3,783"
"SRC046","200","3","First Lien Secured Debt - Delayed Draw SONIA+600, 0.00% Floor 4/5/2031 £","2","618","Cost(29)","(207)"
"SRC046","200","3","First Lien Secured Debt - Delayed Draw SONIA+600, 0.00% Floor 4/5/2031 £","3","682","Fair Value(1)(30)","(397)"
"SRC046","200","4","Project Boost Purchaser, LLC First Lien Secured Debt - Term Loan S+350, 0.00% Floor 7/16/2031","1","553","Par/Shares(3)","9,000"
"SRC046","200","4","Project Boost Purchaser, LLC First Lien Secured Debt - Term Loan S+350, 0.00% Floor 7/16/2031","2","618","Cost(29)","9,002"
"SRC046","200","4","Project Boost Purchaser, LLC First Lien Secured Debt - Term Loan S+350, 0.00% Floor 7/16/2031","3","682","Fair Value(1)(30)","9,075"
"SRC046","200","4","Project Boost Purchaser, LLC First Lien Secured Debt - Term Loan S+350, 0.00% Floor 7/16/2031","4","712","","(15)"
"SRC046","200","5","Medallia, Inc. First Lien Secured Debt - Term Loan S+660 (Includes 4.00% PIK) 10/29/2028","1","553","Par/Shares(3)","39,616"
"SRC046","200","5","Medallia, Inc. First Lien Secured Debt - Term Loan S+660 (Includes 4.00% PIK) 10/29/2028","2","618","Cost(29)","39,065"
"SRC046","200","5","Medallia, Inc. First Lien Secured Debt - Term Loan S+660 (Includes 4.00% PIK) 10/29/2028","3","682","Fair Value(1)(30)","34,367"
"SRC046","200","6","MetaTiedot MidcoS.àr.l. First Lien Secured Debt - Term Loan E+550, 0.75% Floor 11/27/2031 €","1","553","Par/Shares(3)","21,178"
"SRC046","200","6","MetaTiedot MidcoS.àr.l. First Lien Secured Debt - Term Loan E+550, 0.75% Floor 11/27/2031 €","2","618","Cost(29)","22,043"
"SRC046","200","6","MetaTiedot MidcoS.àr.l. First Lien Secured Debt - Term Loan E+550, 0.75% Floor 11/27/2031 €","3","682","Fair Value(1)(30)","21,608"
"SRC046","200","7","First Lien Secured Debt - Term Loan S+550, 0.75% Floor 11/27/2031","1","553","Par/Shares(3)","15,859"
"SRC046","200","7","First Lien Secured Debt - Term Loan S+550, 0.75% Floor 11/27/2031","2","618","Cost(29)","15,624"
"SRC046","200","7","First Lien Secured Debt - Term Loan S+550, 0.75% Floor 11/27/2031","3","682","Fair Value(1)(30)","15,622"
"SRC046","200","8","First Lien Secured Debt - Delayed Draw E+550, 0.75% Floor 11/27/2031 €","1","553","Par/Shares(3)","171"
"SRC046","200","8","First Lien Secured Debt - Delayed Draw E+550, 0.75% Floor 11/27/2031 €","2","618","Cost(29)","128"
"SRC046","200","8","First Lien Secured Debt - Delayed Draw E+550, 0.75% Floor 11/27/2031 €","3","682","Fair Value(1)(30)","74"
"SRC046","200","9","First Lien Secured Debt - Revolver E+550, 0.75% Floor 11/27/2030 €","1","553","Par/Shares(3)","673"
"SRC046","200","9","First Lien Secured Debt - Revolver E+550, 0.75% Floor 11/27/2030 €","2","618","Cost(29)","668"
"SRC046","200","9","First Lien Secured Debt - Revolver E+550, 0.75% Floor 11/27/2030 €","3","682","Fair Value(1)(30)","655"
"SRC046","200","10","First Lien Secured Debt - Revolver S+550, 0.75% Floor 11/27/2030","2","618","Cost(29)","(24)"
"SRC046","200","10","First Lien Secured Debt - Revolver S+550, 0.75% Floor 11/27/2030","3","682","Fair Value(1)(30)","(24)"
"SRC046","200","11","Mitchell International, Inc. First Lien Secured Debt - Term Loan S+325, 0.50% Floor 6/17/2031","1","553","Par/Shares(3)","35,910"
"SRC046","200","11","Mitchell International, Inc. First Lien Secured Debt - Term Loan S+325, 0.50% Floor 6/17/2031","2","618","Cost(29)","35,733"
"SRC046","200","11","Mitchell International, Inc. First Lien Secured Debt - Term Loan S+325, 0.50% Floor 6/17/2031","3","682","Fair Value(1)(30)","35,974"
"SRC046","200","11","Mitchell International, Inc. First Lien Secured Debt - Term Loan S+325, 0.50% Floor 6/17/2031","4","712","","(14)"
"SRC046","200","12","Crewline Buyer, Inc. First Lien Secured Debt - Term Loan S+675, 1.00% Floor 11/8/2030","1","553","Par/Shares(3)","66,900"
"SRC046","200","12","Crewline Buyer, Inc. First Lien Secured Debt - Term Loan S+675, 1.00% Floor 11/8/2030","2","618","Cost(29)","65,358"
"SRC046","200","12","Crewline Buyer, Inc. First Lien Secured Debt - Term Loan S+675, 1.00% Floor 11/8/2030","3","682","Fair Value(1)(30)","66,900"
"SRC046","200","13","First Lien Secured Debt - Revolver S+675, 1.00% Floor 11/8/2030","2","618","Cost(29)","(92)"
"SRC046","200","14","Blitz 24-34 GmbH First Lien Secured Debt - Term Loan S+600, 1.00% Floor 5/3/2031","1","553","Par/Shares(3)","47,664"
"SRC046","200","14","Blitz 24-34 GmbH First Lien Secured Debt - Term Loan S+600, 1.00% Floor 5/3/2031","2","618","Cost(29)","47,218"
"SRC046","200","14","Blitz 24-34 GmbH First Lien Secured Debt - Term Loan S+600, 1.00% Floor 5/3/2031","3","682","Fair Value(1)(30)","47,187"
"SRC046","200","15","First Lien Secured Debt - Delayed Draw S+600, 1.00% Floor 5/3/2030","2","618","Cost(29)","(32)"
"SRC046","200","15","First Lien Secured Debt - Delayed Draw S+600, 1.00% Floor 5/3/2030","3","682","Fair Value(1)(30)","(71)"
"SRC046","200","16","Ping Identity Holding Corp. First Lien Secured Debt - Term Loan S+475, 0.75% Floor 10/17/2029","1","553","Par/Shares(3)","38,588"
"SRC046","200","16","Ping Identity Holding Corp. First Lien Secured Debt - Term Loan S+475, 0.75% Floor 10/17/2029","2","618","Cost(29)","38,155"
"SRC046","200","16","Ping Identity Holding Corp. First Lien Secured Debt - Term Loan S+475, 0.75% Floor 10/17/2029","3","682","Fair Value(1)(30)","38,588"
"SRC046","200","17","First Lien Secured Debt - Revolver S+475, 0.75% Floor 10/17/2028","2","618","Cost(29)","(36)"
"SRC046","201","1","Inc. First Lien Secured Debt - Term Loan S+325, 0.50% Floor 10/28/2030","1","558","Par/Shares(3)","12,500"
"SRC046","201","1","Inc. First Lien Secured Debt - Term Loan S+325, 0.50% Floor 10/28/2030","2","629","Cost(29)","12,468"
"SRC046","201","1","Inc. First Lien Secured Debt - Term Loan S+325, 0.50% Floor 10/28/2030","3","696","Fair Value(1)(30)","12,595"
"SRC046","201","1","Inc. First Lien Secured Debt - Term Loan S+325, 0.50% Floor 10/28/2030","4","726","","(14)"
"SRC046","201","2","QBS Parent, Inc. First Lien Secured Debt - Term Loan S+475, 0.75% Floor 11/7/2031","1","558","Par/Shares(3)","126,629"
"SRC046","201","2","QBS Parent, Inc. First Lien Secured Debt - Term Loan S+475, 0.75% Floor 11/7/2031","2","629","Cost(29)","126,006"
"SRC046","201","2","QBS Parent, Inc. First Lien Secured Debt - Term Loan S+475, 0.75% Floor 11/7/2031","3","696","Fair Value(1)(30)","125,996"
"SRC046","201","3","First Lien Secured Debt - Revolver S+475, 0.75% Floor 11/7/2031","2","629","Cost(29)","(65)"
"SRC046","201","3","First Lien Secured Debt - Revolver S+475, 0.75% Floor 11/7/2031","3","696","Fair Value(1)(30)","(67)"
"SRC046","201","4","RealPage, Inc. First Lien Secured Debt - Term Loan S+375, 0.50% Floor 4/24/2028","1","558","Par/Shares(3)","10,000"
"SRC046","201","4","RealPage, Inc. First Lien Secured Debt - Term Loan S+375, 0.50% Floor 4/24/2028","2","629","Cost(29)","9,949"
"SRC046","201","4","RealPage, Inc. First Lien Secured Debt - Term Loan S+375, 0.50% Floor 4/24/2028","3","696","Fair Value(1)(30)","10,059"
"SRC046","201","4","RealPage, Inc. First Lien Secured Debt - Term Loan S+375, 0.50% Floor 4/24/2028","4","726","","(15)"
"SRC046","201","5","Relativity ODA LLC First Lien Secured Debt - Term Loan S+610, 1.00% Floor 5/12/2027","1","558","Par/Shares(3)","29,262"
"SRC046","201","5","Relativity ODA LLC First Lien Secured Debt - Term Loan S+610, 1.00% Floor 5/12/2027","2","629","Cost(29)","28,659"
"SRC046","201","5","Relativity ODA LLC First Lien Secured Debt - Term Loan S+610, 1.00% Floor 5/12/2027","3","696","Fair Value(1)(30)","29,116"
"SRC046","201","6","Polaris Newco, LLC First Lien Secured Debt - Term Loan S+426, 0.50% Floor 6/2/2028","1","558","Par/Shares(3)","8,338"
"SRC046","201","6","Polaris Newco, LLC First Lien Secured Debt - Term Loan S+426, 0.50% Floor 6/2/2028","2","629","Cost(29)","8,208"
"SRC046","201","6","Polaris Newco, LLC First Lien Secured Debt - Term Loan S+426, 0.50% Floor 6/2/2028","3","696","Fair Value(1)(30)","8,363"
"SRC046","201","6","Polaris Newco, LLC First Lien Secured Debt - Term Loan S+426, 0.50% Floor 6/2/2028","4","726","","(15)"
"SRC046","201","7","Polaris Newco, LLC First Lien Secured Debt - Term Loan S+426, 0.50% Floor 6/2/2028","1","558","Par/Shares(3)","39,018"
"SRC046","201","7","Polaris Newco, LLC First Lien Secured Debt - Term Loan S+426, 0.50% Floor 6/2/2028","2","629","Cost(29)","38,956"
"SRC046","201","7","Polaris Newco, LLC First Lien Secured Debt - Term Loan S+426, 0.50% Floor 6/2/2028","3","696","Fair Value(1)(30)","39,136"
"SRC046","201","7","Polaris Newco, LLC First Lien Secured Debt - Term Loan S+426, 0.50% Floor 6/2/2028","4","726","","(15)"
"SRC046","201","8","Spark Purchaser, Inc. First Lien Secured Debt - Term Loan S+550, 0.75% Floor 4/1/2031","1","558","Par/Shares(3)","8,627"
"SRC046","201","8","Spark Purchaser, Inc. First Lien Secured Debt - Term Loan S+550, 0.75% Floor 4/1/2031","2","629","Cost(29)","8,466"
"SRC046","201","8","Spark Purchaser, Inc. First Lien Secured Debt - Term Loan S+550, 0.75% Floor 4/1/2031","3","696","Fair Value(1)(30)","8,562"
"SRC046","201","9","First Lien Secured Debt - Revolver S+550, 0.75% Floor 4/1/2030","2","629","Cost(29)","(24)"
"SRC046","201","9","First Lien Secured Debt - Revolver S+550, 0.75% Floor 4/1/2030","3","696","Fair Value(1)(30)","(10)"
"SRC046","201","10","UKG Inc. First Lien Secured Debt - Term Loan S+300, 0.00% Floor 2/10/2031","1","558","Par/Shares(3)","10,715"
"SRC046","201","10","UKG Inc. First Lien Secured Debt - Term Loan S+300, 0.00% Floor 2/10/2031","2","629","Cost(29)","10,733"
"SRC046","201","10","UKG Inc. First Lien Secured Debt - Term Loan S+300, 0.00% Floor 2/10/2031","3","696","Fair Value(1)(30)","10,803"
"SRC046","201","10","UKG Inc. First Lien Secured Debt - Term Loan S+300, 0.00% Floor 2/10/2031","4","726","","(15)"
"SRC046","201","11","Uniguest Holdings, Inc First Lien Secured Debt - Term Loan S+500, 1.00% Floor 11/27/2030","1","558","Par/Shares(3)","48,651"
"SRC046","201","11","Uniguest Holdings, Inc First Lien Secured Debt - Term Loan S+500, 1.00% Floor 11/27/2030","2","629","Cost(29)","47,929"
"SRC046","201","11","Uniguest Holdings, Inc First Lien Secured Debt - Term Loan S+500, 1.00% Floor 11/27/2030","3","696","Fair Value(1)(30)","47,920"
"SRC046","201","12","Draw S+500, 1.00% Floor 11/27/2030","2","629","Cost(29)","(138)"
"SRC046","201","12","Draw S+500, 1.00% Floor 11/27/2030","3","696","Fair Value(1)(30)","(140)"
"SRC046","201","13","First Lien Secured Debt - Revolver S+500, 1.00% Floor 11/27/2030","2","629","Cost(29)","(68)"
"SRC046","201","13","First Lien Secured Debt - Revolver S+500, 1.00% Floor 11/27/2030","3","696","Fair Value(1)(30)","(69)"
"SRC046","202","1","VS Buyer, LLC First Lien Secured Debt - Term Loan S+275, 0.00% Floor 4/12/2031","1","559","Par/Shares(3)","16,627"
"SRC046","202","1","VS Buyer, LLC First Lien Secured Debt - Term Loan S+275, 0.00% Floor 4/12/2031","2","628","Cost(29)","16,623"
"SRC046","202","1","VS Buyer, LLC First Lien Secured Debt - Term Loan S+275, 0.00% Floor 4/12/2031","3","696","Fair Value(1)(30)","16,772"
"SRC046","202","1","VS Buyer, LLC First Lien Secured Debt - Term Loan S+275, 0.00% Floor 4/12/2031","4","727","","(14)"
"SRC046","202","2","Cotiviti, Inc. First Lien Secured Debt - Term Loan S+275, 0.00% Floor 5/1/2031","1","559","Par/Shares(3)","39,725"
"SRC046","202","2","Cotiviti, Inc. First Lien Secured Debt - Term Loan S+275, 0.00% Floor 5/1/2031","2","628","Cost(29)","39,597"
"SRC046","202","2","Cotiviti, Inc. First Lien Secured Debt - Term Loan S+275, 0.00% Floor 5/1/2031","3","696","Fair Value(1)(30)","39,998"
"SRC046","202","2","Cotiviti, Inc. First Lien Secured Debt - Term Loan S+275, 0.00% Floor 5/1/2031","4","727","","(14)"
"SRC046","202","3","Navicure, Inc. First Lien Secured Debt - Term Loan S+225, 0.00% Floor 10/22/2029","1","559","Par/Shares(3)","11,933"
"SRC046","202","3","Navicure, Inc. First Lien Secured Debt - Term Loan S+225, 0.00% Floor 10/22/2029","2","628","Cost(29)","11,919"
"SRC046","202","3","Navicure, Inc. First Lien Secured Debt - Term Loan S+225, 0.00% Floor 10/22/2029","3","696","Fair Value(1)(30)","12,003"
"SRC046","202","4","Zendesk, Inc. First Lien Secured Debt - Term Loan S+500, 0.75% Floor 11/22/2028","1","559","Par/Shares(3)","145,404"
"SRC046","202","4","Zendesk, Inc. First Lien Secured Debt - Term Loan S+500, 0.75% Floor 11/22/2028","2","628","Cost(29)","143,393"
"SRC046","202","4","Zendesk, Inc. First Lien Secured Debt - Term Loan S+500, 0.75% Floor 11/22/2028","3","696","Fair Value(1)(30)","145,040"
"SRC046","202","5","First Lien Secured Debt - Delayed Draw S+500, 0.75% Floor 11/22/2028","2","628","Cost(29)","(233)"
"SRC046","202","5","First Lien Secured Debt - Delayed Draw S+500, 0.75% Floor 11/22/2028","3","696","Fair Value(1)(30)","(89)"
"SRC046","202","6","First Lien Secured Debt - Revolver S+500, 0.75% Floor 11/22/2028","2","628","Cost(29)","(191)"
"SRC046","202","6","First Lien Secured Debt - Revolver S+500, 0.75% Floor 11/22/2028","3","696","Fair Value(1)(30)","(37)"
"SRC046","202","7","Total","2","628","Cost(29)","2,111,043"
"SRC046","202","7","Total","3","696","Fair Value(1)(30)","2,124,761"
"SRC046","202","8","Alpine Acquisition Corp II First Lien Secured Debt - Term Loan PIK) 11/30/2029 $","1","559","Par/Shares(3)","7,133"
"SRC046","202","8","Alpine Acquisition Corp II First Lien Secured Debt - Term Loan PIK) 11/30/2029 $","2","628","Cost(29)","7,133"
"SRC046","202","8","Alpine Acquisition Corp II First Lien Secured Debt - Term Loan PIK) 11/30/2029 $","3","696","Fair Value(1)(30)","5,706"
"SRC046","202","9","Total Special Purpose","2","628","Cost(29)","7,133"
"SRC046","202","9","Total Special Purpose","3","696","Fair Value(1)(30)","5,706"
"SRC046","202","10","EG Global Finance PLC First Lien Secured Debt - Corporate Bond S+750, 0.50% Floor 11/30/2028 $","1","559","Par/Shares(3)","118,022"
"SRC046","202","10","EG Global Finance PLC First Lien Secured Debt - Corporate Bond S+750, 0.50% Floor 11/30/2028 $","2","628","Cost(29)","114,261"
"SRC046","202","10","EG Global Finance PLC First Lien Secured Debt - Corporate Bond S+750, 0.50% Floor 11/30/2028 $","3","696","Fair Value(1)(30)","123,628"
"SRC046","202","11","EG Group Limited First Lien Secured Debt - Term Loan S+425, 0.00% Floor 2/7/2028","1","559","Par/Shares(3)","9,505"
"SRC046","202","11","EG Group Limited First Lien Secured Debt - Term Loan S+425, 0.00% Floor 2/7/2028","2","628","Cost(29)","9,444"
"SRC046","202","11","EG Group Limited First Lien Secured Debt - Term Loan S+425, 0.00% Floor 2/7/2028","3","696","Fair Value(1)(30)","9,603"
"SRC046","202","12","Altern Marketing, LLC First Lien Secured Debt - Term Loan S+500, 2.00% Floor 6/13/2028","1","559","Par/Shares(3)","75,235"
"SRC046","202","12","Altern Marketing, LLC First Lien Secured Debt - Term Loan S+500, 2.00% Floor 6/13/2028","2","628","Cost(29)","74,462"
"SRC046","202","12","Altern Marketing, LLC First Lien Secured Debt - Term Loan S+500, 2.00% Floor 6/13/2028","3","696","Fair Value(1)(30)","75,235"
"SRC046","202","13","First Lien Secured Debt - Revolver S+600, 2.00% Floor 6/13/2028","2","628","Cost(29)","(132)"
"SRC046","203","1","PetSmart LLC First Lien Secured Debt - Term Loan S+385, 0.75% Floor 2/11/2028","1","557","Par/Shares(3)","9,675"
"SRC046","203","1","PetSmart LLC First Lien Secured Debt - Term Loan S+385, 0.75% Floor 2/11/2028","2","629","Cost(29)","9,678"
"SRC046","203","1","PetSmart LLC First Lien Secured Debt - Term Loan S+385, 0.75% Floor 2/11/2028","3","694","Fair Value(1)(30)","9,655"
"SRC046","203","1","PetSmart LLC First Lien Secured Debt - Term Loan S+385, 0.75% Floor 2/11/2028","4","720","","(14)"
"SRC046","203","2","S&S Holdings LLC First Lien Secured Debt - Term Loan S+500, 0.50% Floor 9/20/2031","1","557","Par/Shares(3)","39,900"
"SRC046","203","2","S&S Holdings LLC First Lien Secured Debt - Term Loan S+500, 0.50% Floor 9/20/2031","2","629","Cost(29)","39,313"
"SRC046","203","2","S&S Holdings LLC First Lien Secured Debt - Term Loan S+500, 0.50% Floor 9/20/2031","3","694","Fair Value(1)(30)","39,888"
"SRC046","203","2","S&S Holdings LLC First Lien Secured Debt - Term Loan S+500, 0.50% Floor 9/20/2031","4","720","","(14)"
"SRC046","203","3","The Men's Wearhouse, LLC First Lien Secured Debt - Term Loan S+650, 0.00% Floor 2/26/2029","1","557","Par/Shares(3)","85,479"
"SRC046","203","3","The Men's Wearhouse, LLC First Lien Secured Debt - Term Loan S+650, 0.00% Floor 2/26/2029","2","629","Cost(29)","83,370"
"SRC046","203","3","The Men's Wearhouse, LLC First Lien Secured Debt - Term Loan S+650, 0.00% Floor 2/26/2029","3","694","Fair Value(1)(30)","85,550"
"SRC046","203","3","The Men's Wearhouse, LLC First Lien Secured Debt - Term Loan S+650, 0.00% Floor 2/26/2029","4","720","","(15)"
"SRC046","203","4","Village Pet Care, LLC First Lien Secured Debt - Term Loan S+650, 1.00% Floor 9/22/2029","1","557","Par/Shares(3)","909"
"SRC046","203","4","Village Pet Care, LLC First Lien Secured Debt - Term Loan S+650, 1.00% Floor 9/22/2029","2","629","Cost(29)","894"
"SRC046","203","4","Village Pet Care, LLC First Lien Secured Debt - Term Loan S+650, 1.00% Floor 9/22/2029","3","694","Fair Value(1)(30)","900"
"SRC046","203","5","Draw S+650, 1.00% Floor 9/22/2029","1","557","Par/Shares(3)","545"
"SRC046","203","5","Draw S+650, 1.00% Floor 9/22/2029","2","629","Cost(29)","512"
"SRC046","203","5","Draw S+650, 1.00% Floor 9/22/2029","3","694","Fair Value(1)(30)","509"
"SRC046","203","6","First Lien Secured Debt - Revolver P+650, 1.00% Floor 9/22/2029","1","557","Par/Shares(3)","364"
"SRC046","203","6","First Lien Secured Debt - Revolver P+650, 1.00% Floor 9/22/2029","2","629","Cost(29)","356"
"SRC046","203","6","First Lien Secured Debt - Revolver P+650, 1.00% Floor 9/22/2029","3","694","Fair Value(1)(30)","359"
"SRC046","203","7","Total Specialty","2","629","Cost(29)","332,158"
"SRC046","203","7","Total Specialty","3","694","Fair Value(1)(30)","345,327"
"SRC046","203","8","Biamp First Lien Secured Debt - Term Loan S+500, 1.00% Floor 4/30/2030 $","1","557","Par/Shares(3)","43,670"
"SRC046","203","8","Biamp First Lien Secured Debt - Term Loan S+500, 1.00% Floor 4/30/2030 $","2","629","Cost(29)","42,871"
"SRC046","203","8","Biamp First Lien Secured Debt - Term Loan S+500, 1.00% Floor 4/30/2030 $","3","694","Fair Value(1)(30)","42,486"
"SRC046","203","9","First Lien Secured Debt - Revolver S+500, 1.00% Floor 4/30/2030","2","629","Cost(29)","(107)"
"SRC046","203","9","First Lien Secured Debt - Revolver S+500, 1.00% Floor 4/30/2030","3","694","Fair Value(1)(30)","(163)"
"SRC046","203","10","DTI Holdco, Inc. First Lien Secured Debt - Term Loan S+475, 0.75% Floor 4/26/2029","1","557","Par/Shares(3)","11,939"
"SRC046","203","10","DTI Holdco, Inc. First Lien Secured Debt - Term Loan S+475, 0.75% Floor 4/26/2029","2","629","Cost(29)","11,911"
"SRC046","203","10","DTI Holdco, Inc. First Lien Secured Debt - Term Loan S+475, 0.75% Floor 4/26/2029","3","694","Fair Value(1)(30)","12,051"
"SRC046","203","10","DTI Holdco, Inc. First Lien Secured Debt - Term Loan S+475, 0.75% Floor 4/26/2029","4","720","","(14)"
"SRC046","203","11","Yellow Castle AB First Lien Secured Debt - Term Loan E+475 (Includes 5.00% PIK) 7/7/2029 €","1","557","Par/Shares(3)","9,802"
"SRC046","203","11","Yellow Castle AB First Lien Secured Debt - Term Loan E+475 (Includes 5.00% PIK) 7/7/2029 €","2","629","Cost(29)","9,792"
"SRC046","203","11","Yellow Castle AB First Lien Secured Debt - Term Loan E+475 (Includes 5.00% PIK) 7/7/2029 €","3","694","Fair Value(1)(30)","10,128"
"SRC046","203","12","First Lien Secured Debt - Term Loan SARON+475 (Includes 5.00% PIK) 7/7/2029 (cid:245)","1","557","Par/Shares(3)","3,296"
"SRC046","203","12","First Lien Secured Debt - Term Loan SARON+475 (Includes 5.00% PIK) 7/7/2029 (cid:245)","2","629","Cost(29)","3,327"
"SRC046","203","12","First Lien Secured Debt - Term Loan SARON+475 (Includes 5.00% PIK) 7/7/2029 (cid:245)","3","694","Fair Value(1)(30)","3,622"
"SRC046","203","13","First Lien Secured Debt - Term Loan STIBOR+475 (Inlcudes 5.00% PIK) 7/7/2029 kr","1","557","Par/Shares(3)","34,792"
"SRC046","203","13","First Lien Secured Debt - Term Loan STIBOR+475 (Inlcudes 5.00% PIK) 7/7/2029 kr","2","629","Cost(29)","3,245"
"SRC046","203","13","First Lien Secured Debt - Term Loan STIBOR+475 (Inlcudes 5.00% PIK) 7/7/2029 kr","3","694","Fair Value(1)(30)","3,137"
"SRC046","203","14","Draw E+475, 0.00% Floor 7/9/2029 €","1","557","Par/Shares(3)","4,873"
"SRC046","203","14","Draw E+475, 0.00% Floor 7/9/2029 €","2","629","Cost(29)","4,996"
"SRC046","203","14","Draw E+475, 0.00% Floor 7/9/2029 €","3","694","Fair Value(1)(30)","4,943"
"SRC046","204","1","Elements Finco Limited First Lien Secured Debt - Term Loan SONIA+500, 0.00% Floor 12/19/2031 £","1","558","Par/Shares(3)","32,000"
"SRC046","204","1","Elements Finco Limited First Lien Secured Debt - Term Loan SONIA+500, 0.00% Floor 12/19/2031 £","2","627","Cost(29)","39,838"
"SRC046","204","1","Elements Finco Limited First Lien Secured Debt - Term Loan SONIA+500, 0.00% Floor 12/19/2031 £","3","696","Fair Value(1)(30)","39,660"
"SRC046","204","2","Runway Bidco, LLC First Lien Secured Debt - Term Loan S+500, 1.50% Floor 12/17/2031","1","558","Par/Shares(3)","167,149"
"SRC046","204","2","Runway Bidco, LLC First Lien Secured Debt - Term Loan S+500, 1.50% Floor 12/17/2031","2","627","Cost(29)","165,487"
"SRC046","204","2","Runway Bidco, LLC First Lien Secured Debt - Term Loan S+500, 1.50% Floor 12/17/2031","3","696","Fair Value(1)(30)","165,478"
"SRC046","204","3","First Lien Secured Debt - Delayed Draw S+500, 0.50% Floor 12/17/2031","2","627","Cost(29)","(206)"
"SRC046","204","3","First Lien Secured Debt - Delayed Draw S+500, 0.50% Floor 12/17/2031","3","696","Fair Value(1)(30)","(208)"
"SRC046","204","4","First Lien Secured Debt - Revolver S+500, 0.50% Floor 12/17/2031","2","627","Cost(29)","(206)"
"SRC046","204","4","First Lien Secured Debt - Revolver S+500, 0.50% Floor 12/17/2031","3","696","Fair Value(1)(30)","(208)"
"SRC046","204","5","VICTORS PURCHASER, LLC First Lien Secured Debt - Term Loan S+475, 0.50% Floor 8/15/2031","1","558","Par/Shares(3)","79,322"
"SRC046","204","5","VICTORS PURCHASER, LLC First Lien Secured Debt - Term Loan S+475, 0.50% Floor 8/15/2031","2","627","Cost(29)","78,560"
"SRC046","204","5","VICTORS PURCHASER, LLC First Lien Secured Debt - Term Loan S+475, 0.50% Floor 8/15/2031","3","696","Fair Value(1)(30)","79,322"
"SRC046","204","6","First Lien Secured Debt - Delayed Draw S+475, 0.50% Floor 8/15/2031","2","627","Cost(29)","(89)"
"SRC046","204","7","First Lien Secured Debt - Revolver S+550, 0.50% Floor 8/15/2031","2","627","Cost(29)","(84)"
"SRC046","204","8","First Lien Secured Debt - Revolver S+550, 0.50% Floor 8/15/2031 C$","1","558","Par/Shares(3)","2,266"
"SRC046","204","8","First Lien Secured Debt - Revolver S+550, 0.50% Floor 8/15/2031 C$","2","627","Cost(29)","1,618"
"SRC046","204","8","First Lien Secured Debt - Revolver S+550, 0.50% Floor 8/15/2031 C$","3","696","Fair Value(1)(30)","1,577"
"SRC046","204","9","Total Technology Hardware, Storage & Peripherals","2","627","Cost(29)","360,953"
"SRC046","204","9","Total Technology Hardware, Storage & Peripherals","3","696","Fair Value(1)(30)","361,825"
"SRC046","204","10","ABG Intermediate Holdings 2 LLC First Lien Secured Debt - Term Loan S+225, 0.00% Floor 12/21/2028 $","1","558","Par/Shares(3)","41,868"
"SRC046","204","10","ABG Intermediate Holdings 2 LLC First Lien Secured Debt - Term Loan S+225, 0.00% Floor 12/21/2028 $","2","627","Cost(29)","41,706"
"SRC046","204","10","ABG Intermediate Holdings 2 LLC First Lien Secured Debt - Term Loan S+225, 0.00% Floor 12/21/2028 $","3","696","Fair Value(1)(30)","42,083"
"SRC046","204","10","ABG Intermediate Holdings 2 LLC First Lien Secured Debt - Term Loan S+225, 0.00% Floor 12/21/2028 $","4","726","","(14)"
"SRC046","204","11","Made in Italy 2 S.P.A. First Lien Secured Debt - Corporate Bond E+690, 0.00% Floor 10/17/2030 €","1","558","Par/Shares(3)","74,500"
"SRC046","204","11","Made in Italy 2 S.P.A. First Lien Secured Debt - Corporate Bond E+690, 0.00% Floor 10/17/2030 €","2","627","Cost(29)","77,046"
"SRC046","204","11","Made in Italy 2 S.P.A. First Lien Secured Debt - Corporate Bond E+690, 0.00% Floor 10/17/2030 €","3","696","Fair Value(1)(30)","75,049"
"SRC046","204","12","IBG Borrower LLC First Lien Secured Debt - Term Loan S+615, 1.00% Floor 8/22/2029","1","558","Par/Shares(3)","113,964"
"SRC046","204","12","IBG Borrower LLC First Lien Secured Debt - Term Loan S+615, 1.00% Floor 8/22/2029","2","627","Cost(29)","112,554"
"SRC046","204","12","IBG Borrower LLC First Lien Secured Debt - Term Loan S+615, 1.00% Floor 8/22/2029","3","696","Fair Value(1)(30)","112,824"
"SRC046","204","13","Total Textiles, Apparel & Luxury","2","627","Cost(29)","231,306"
"SRC046","204","13","Total Textiles, Apparel & Luxury","3","696","Fair Value(1)(30)","229,956"
"SRC046","204","14","Fire Flow Intermediate Corporation First Lien Secured Debt - Term Loan S+500, 0.75% Floor 7/10/2031 $","1","558","Par/Shares(3)","196,000"
"SRC046","204","14","Fire Flow Intermediate Corporation First Lien Secured Debt - Term Loan S+500, 0.75% Floor 7/10/2031 $","2","627","Cost(29)","194,136"
"SRC046","204","14","Fire Flow Intermediate Corporation First Lien Secured Debt - Term Loan S+500, 0.75% Floor 7/10/2031 $","3","696","Fair Value(1)(30)","195,020"
"SRC046","204","15","Foundation Building Materials, Inc. First Lien Secured Debt - Term Loan S+400, 0.00% Floor 1/29/2031","1","558","Par/Shares(3)","14,762"
"SRC046","204","15","Foundation Building Materials, Inc. First Lien Secured Debt - Term Loan S+400, 0.00% Floor 1/29/2031","2","627","Cost(29)","14,668"
"SRC046","204","15","Foundation Building Materials, Inc. First Lien Secured Debt - Term Loan S+400, 0.00% Floor 1/29/2031","3","696","Fair Value(1)(30)","14,569"
"SRC046","204","16","First Lien Secured Debt - Term Loan S+325, 0.50% Floor 1/31/2028","1","558","Par/Shares(3)","7,220"
"SRC046","204","16","First Lien Secured Debt - Term Loan S+325, 0.50% Floor 1/31/2028","2","627","Cost(29)","7,061"
"SRC046","204","16","First Lien Secured Debt - Term Loan S+325, 0.50% Floor 1/31/2028","3","696","Fair Value(1)(30)","7,128"
"SRC046","204","16","First Lien Secured Debt - Term Loan S+325, 0.50% Floor 1/31/2028","4","726","","(15)"
"SRC046","204","17","Total Trading Companies & Distributors","2","627","Cost(29)","215,865"
"SRC046","204","17","Total Trading Companies & Distributors","3","696","Fair Value(1)(30)","216,717"
"SRC046","205","1","AGI-CFI Holdings, Inc. First Lien Secured Debt - Term Loan S+600, 0.75% Floor 6/11/2027 $","1","562","Par/Shares(3)","9,750"
"SRC046","205","1","AGI-CFI Holdings, Inc. First Lien Secured Debt - Term Loan S+600, 0.75% Floor 6/11/2027 $","2","627","Cost(29)","9,640"
"SRC046","205","1","AGI-CFI Holdings, Inc. First Lien Secured Debt - Term Loan S+600, 0.75% Floor 6/11/2027 $","3","696","Fair Value(1)(30)","9,750"
"SRC046","205","2","First Lien Secured Debt - Term Loan S+575, 0.75% Floor 6/11/2027","1","562","Par/Shares(3)","7,292"
"SRC046","205","2","First Lien Secured Debt - Term Loan S+575, 0.75% Floor 6/11/2027","2","627","Cost(29)","7,292"
"SRC046","205","2","First Lien Secured Debt - Term Loan S+575, 0.75% Floor 6/11/2027","3","696","Fair Value(1)(30)","7,292"
"SRC046","205","3","GAT-Airline Ground Support Inc First Lien Secured Debt - Term Loan S+550, 1.00% Floor 5/9/2029","1","562","Par/Shares(3)","15,162"
"SRC046","205","3","GAT-Airline Ground Support Inc First Lien Secured Debt - Term Loan S+550, 1.00% Floor 5/9/2029","2","627","Cost(29)","14,958"
"SRC046","205","3","GAT-Airline Ground Support Inc First Lien Secured Debt - Term Loan S+550, 1.00% Floor 5/9/2029","3","696","Fair Value(1)(30)","15,010"
"SRC046","205","4","First Lien Secured Debt - Delayed Draw S+550, 1.00% Floor 5/9/2029","1","562","Par/Shares(3)","951"
"SRC046","205","4","First Lien Secured Debt - Delayed Draw S+550, 1.00% Floor 5/9/2029","2","627","Cost(29)","929"
"SRC046","205","4","First Lien Secured Debt - Delayed Draw S+550, 1.00% Floor 5/9/2029","3","696","Fair Value(1)(30)","927"
"SRC046","205","5","First Lien Secured Debt - Revolver S+550, 1.00% Floor 5/9/2029","2","627","Cost(29)","(31)"
"SRC046","205","5","First Lien Secured Debt - Revolver S+550, 1.00% Floor 5/9/2029","3","696","Fair Value(1)(30)","(24)"
"SRC046","205","6","Geotechnical Merger Sub, Inc. First Lien Secured Debt - Term Loan S+475, 0.75% Floor 10/15/2031","1","562","Par/Shares(3)","67,411"
"SRC046","205","6","Geotechnical Merger Sub, Inc. First Lien Secured Debt - Term Loan S+475, 0.75% Floor 10/15/2031","2","627","Cost(29)","66,751"
"SRC046","205","6","Geotechnical Merger Sub, Inc. First Lien Secured Debt - Term Loan S+475, 0.75% Floor 10/15/2031","3","696","Fair Value(1)(30)","66,736"
"SRC046","205","7","First Lien Secured Debt - Delayed Draw S+475, 0.75% Floor 10/15/2031","2","627","Cost(29)","(121)"
"SRC046","205","7","First Lien Secured Debt - Delayed Draw S+475, 0.75% Floor 10/15/2031","3","696","Fair Value(1)(30)","(125)"
"SRC046","205","8","First Lien Secured Debt - Revolver S+475, 0.75% Floor 10/15/2031","1","562","Par/Shares(3)","3,121"
"SRC046","205","8","First Lien Secured Debt - Revolver S+475, 0.75% Floor 10/15/2031","2","627","Cost(29)","3,031"
"SRC046","205","8","First Lien Secured Debt - Revolver S+475, 0.75% Floor 10/15/2031","3","696","Fair Value(1)(30)","3,027"
"SRC046","205","9","Total Transportation Infrastructure","2","627","Cost(29)","102,449"
"SRC046","205","9","Total Transportation Infrastructure","3","696","Fair Value(1)(30)","102,593"
"SRC046","205","10","Total Investments before Cash Equivalents","2","627","Cost(29)","14,609,338"
"SRC046","205","10","Total Investments before Cash Equivalents","3","696","Fair Value(1)(30)","14,555,535"
"SRC046","205","11","Goldman Sachs Financial Square Government Fund Institutional N/A N/A","1","562","Par/Shares(3)","154,584"
"SRC046","205","11","Goldman Sachs Financial Square Government Fund Institutional N/A N/A","2","627","Cost(29)","154,584"
"SRC046","205","11","Goldman Sachs Financial Square Government Fund Institutional N/A N/A","3","696","Fair Value(1)(30)","154,584"
"SRC046","205","12","Total Investments after Cash Equivalents","2","627","Cost(29)","14,763,922"
"SRC046","205","12","Total Investments after Cash Equivalents","3","696","Fair Value(1)(30)","14,710,119"
"SRC046","206","1","Interest rate swap (a) 6.90% S+270 4/13/2029 $","1","632","Amount","325,000"
"SRC046","206","1","Interest rate swap (a) 6.90% S+270 4/13/2029 $","5","739","Footnote Reference","5"
"SRC046","206","2","Interest rate swap (a) 6.70% S+280 7/29/2031 $","1","632","Amount","300,000"
"SRC046","206","2","Interest rate swap (a) 6.70% S+280 7/29/2031 $","5","739","Footnote Reference","5"
"SRC046","206","3","Interest rate swap (a) 4.02% 3-month SOFR 12/21/2025 $","1","632","Amount","62,000"
"SRC046","206","3","Interest rate swap (a) 4.02% 3-month SOFR 12/21/2025 $","5","739","Footnote Reference","5"
"SRC046","206","4","Interest rate swap (a) 3.97% 3-month SOFR 1/19/2026 $","1","632","Amount","38,000"
"SRC046","206","4","Interest rate swap (a) 3.97% 3-month SOFR 1/19/2026 $","5","739","Footnote Reference","5"
"SRC046","206","5","Interest rate swap (a) 3.67% 3-month SOFR 12/21/2027 €","1","632","Amount","82,000"
"SRC046","206","5","Interest rate swap (a) 3.67% 3-month SOFR 12/21/2027 €","5","739","Footnote Reference","5"
"SRC046","206","6","Interest rate swap (a) 3.65% 3-month SOFR 1/19/2028 $","1","632","Amount","18,000"
"SRC046","206","6","Interest rate swap (a) 3.65% 3-month SOFR 1/19/2028 $","5","739","Footnote Reference","5"
"SRC046","206","7","Interest rate swap (b) 7.02% ESTR+372 9/28/2026 $","1","632","Amount","90,000"
"SRC046","206","7","Interest rate swap (b) 7.02% ESTR+372 9/28/2026 $","5","739","Footnote Reference","5"
"SRC046","206","8","Interest rate swap (a) 6.90% S+271 4/13/2029 $","1","632","Amount","325,000"
"SRC046","206","8","Interest rate swap (a) 6.90% S+271 4/13/2029 $","5","739","Footnote Reference","5"
"SRC046","206","9","Interest rate swap (a) 5.86% S+267 4/13/2029 $","1","632","Amount","350,000"
"SRC046","206","9","Interest rate swap (a) 5.86% S+267 4/13/2029 $","5","739","Footnote Reference","5"
"SRC046","206","10","Interest rate swap (a) 6.70% S+280 7/29/2031 $","1","632","Amount","300,000"
"SRC046","206","10","Interest rate swap (a) 6.70% S+280 7/29/2031 $","5","739","Footnote Reference","5"
"SRC046","206","11","Interest rate swap (a) 8.54% S+418 9/28/2026 $","1","632","Amount","226,000"
"SRC046","206","11","Interest rate swap (a) 8.54% S+418 9/28/2026 $","5","739","Footnote Reference","5"
"SRC046","206","12","Interest rate swap (a) 8.62% S+456 9/28/2028 $","1","632","Amount","325,000"
"SRC046","206","12","Interest rate swap (a) 8.62% S+456 9/28/2028 $","5","739","Footnote Reference","5"
"SRC046","206","13","Interest rate swap (a) 6.35% S+238 7/29/2031 $","1","632","Amount","400,000"
"SRC046","206","13","Interest rate swap (a) 6.35% S+238 7/29/2031 $","5","739","Footnote Reference","5"
"SRC046","206","14","Currency swap (c) S+45.5 KRW-CD 91D 5/12/2026 $","1","632","Amount","81,450"
"SRC046","206","14","Currency swap (c) S+45.5 KRW-CD 91D 5/12/2026 $","5","739","Footnote Reference","5"
"SRC046","206","15","Currency swap (c) S+46.4 KRW-CD 91D 5/12/2026 $","1","632","Amount","60,988"
"SRC046","206","15","Currency swap (c) S+46.4 KRW-CD 91D 5/12/2026 $","5","739","Footnote Reference","5"
"SRC046","206","16","(a) Bears interest at a rate determined by three-month SOFR. The interest rate locked two business days prior to settlement of the interest rate swaps. The three-month SOFR","1","632","Amount","4.31%"
"SRC046","206","16","(a) Bears interest at a rate determined by three-month SOFR. The interest rate locked two business days prior to settlement of the interest rate swaps. The three-month SOFR","3","699","","31,"
"SRC046","206","16","(a) Bears interest at a rate determined by three-month SOFR. The interest rate locked two business days prior to settlement of the interest rate swaps. The three-month SOFR","4","720","","2024."
"SRC046","206","17","(b) Bears interest at a rate determined by 1 day Euro Short Term Rate. The interest rate locked two business days prior to settlement of the interest rate swaps. The 1 day Euro","3","699","","2.91%"
"SRC046","206","17","(b) Bears interest at a rate determined by 1 day Euro Short Term Rate. The interest rate locked two business days prior to settlement of the interest rate swaps. The 1 day Euro","6","757","","31, 2024."
"SRC046","206","18","Foreign currency forward contract 3/19/2025 $ 102,620 A$","2","653","","161,453"
"SRC046","206","18","Foreign currency forward contract 3/19/2025 $ 102,620 A$","6","757","","5"
"SRC046","206","19","Foreign currency forward contract 3/19/2025 5,005 (cid:245)","2","653","","4,427"
"SRC046","206","19","Foreign currency forward contract 3/19/2025 5,005 (cid:245)","6","757","","5"
"SRC046","206","20","Foreign currency forward contract 3/19/2025 964,926 €","2","653","","913,932"
"SRC046","206","20","Foreign currency forward contract 3/19/2025 964,926 €","6","757","","5"
"SRC046","206","21","Foreign currency forward contract 3/19/2025 1,130,403 £","2","653","","890,468"
"SRC046","206","21","Foreign currency forward contract 3/19/2025 1,130,403 £","6","757","","5"
"SRC046","206","22","Foreign currency forward contract 3/19/2025 3,305 Skr","2","653","","36,103"
"SRC046","206","22","Foreign currency forward contract 3/19/2025 3,305 Skr","6","757","","5"
"SRC046","206","23","Foreign currency forward contract 3/19/2025 1,921 C$","2","653","","2,720"
"SRC046","206","23","Foreign currency forward contract 3/19/2025 1,921 C$","6","757","","5"
"SRC046","208","1","1475 Holdings, LLC $","1","311","draw loan commitments","1,071"
"SRC046","208","1","1475 Holdings, LLC $","3","475","Total unfunded commitments","1,071"
"SRC046","208","1","1475 Holdings, LLC $","4","771","and delayed draw commitments","1,071"
"SRC046","208","2","A&V Holdings Midco, LLC","1","311","draw loan commitments","57,227"
"SRC046","208","2","A&V Holdings Midco, LLC","3","475","Total unfunded commitments","57,227"
"SRC046","208","2","A&V Holdings Midco, LLC","4","771","and delayed draw commitments","57,227"
"SRC046","208","3","Accela, Inc.","1","311","draw loan commitments","1,714"
"SRC046","208","3","Accela, Inc.","3","475","Total unfunded commitments","1,714"
"SRC046","208","3","Accela, Inc.","4","771","and delayed draw commitments","1,714"
"SRC046","208","4","Accelerate360 Holdings, LLC","1","311","draw loan commitments","45,960"
"SRC046","208","4","Accelerate360 Holdings, LLC","2","392","Less: funded commitments","(24,956)"
"SRC046","208","4","Accelerate360 Holdings, LLC","3","475","Total unfunded commitments","21,004"
"SRC046","208","4","Accelerate360 Holdings, LLC","4","771","and delayed draw commitments","21,004"
"SRC046","208","5","Accession Risk Management Group, Inc.","1","311","draw loan commitments","26,802"
"SRC046","208","5","Accession Risk Management Group, Inc.","3","475","Total unfunded commitments","26,802"
"SRC046","208","5","Accession Risk Management Group, Inc.","4","771","and delayed draw commitments","26,802"
"SRC046","208","6","LLC)","1","311","draw loan commitments","11,450"
"SRC046","208","6","LLC)","2","392","Less: funded commitments","(427)"
"SRC046","208","6","LLC)","3","475","Total unfunded commitments","11,023"
"SRC046","208","6","LLC)","4","771","and delayed draw commitments","11,023"
"SRC046","208","7","ACP Avenu Buyer, LLC","1","311","draw loan commitments","2,654"
"SRC046","208","7","ACP Avenu Buyer, LLC","2","392","Less: funded commitments","(238)"
"SRC046","208","7","ACP Avenu Buyer, LLC","3","475","Total unfunded commitments","2,415"
"SRC046","208","7","ACP Avenu Buyer, LLC","4","771","and delayed draw commitments","833"
"SRC046","208","8","Actium Midco 3 (UK) Limited*","1","311","draw loan commitments","22,490"
"SRC046","208","8","Actium Midco 3 (UK) Limited*","3","475","Total unfunded commitments","22,490"
"SRC046","208","8","Actium Midco 3 (UK) Limited*","4","771","and delayed draw commitments","22,490"
"SRC046","208","9","Advarra Holdings, Inc.","1","311","draw loan commitments","12,380"
"SRC046","208","9","Advarra Holdings, Inc.","3","475","Total unfunded commitments","12,380"
"SRC046","208","9","Advarra Holdings, Inc.","4","771","and delayed draw commitments","12,380"
"SRC046","208","10","Alcresta Therapeutics Inc.","1","311","draw loan commitments","5,232"
"SRC046","208","10","Alcresta Therapeutics Inc.","3","475","Total unfunded commitments","5,232"
"SRC046","208","10","Alcresta Therapeutics Inc.","4","771","and delayed draw commitments","5,232"
"SRC046","208","11","Alera Group, Inc.","1","311","draw loan commitments","2,113"
"SRC046","208","11","Alera Group, Inc.","3","475","Total unfunded commitments","2,113"
"SRC046","208","11","Alera Group, Inc.","4","771","and delayed draw commitments","2,113"
"SRC046","208","12","All Star Recruiting Locums, LLC","1","311","draw loan commitments","3,043"
"SRC046","208","12","All Star Recruiting Locums, LLC","2","392","Less: funded commitments","(217)"
"SRC046","208","12","All Star Recruiting Locums, LLC","3","475","Total unfunded commitments","2,826"
"SRC046","208","12","All Star Recruiting Locums, LLC","4","771","and delayed draw commitments","2,826"
"SRC046","208","13","Altern Marketing, LLC","1","311","draw loan commitments","9,800"
"SRC046","208","13","Altern Marketing, LLC","3","475","Total unfunded commitments","9,800"
"SRC046","208","13","Altern Marketing, LLC","4","771","and delayed draw commitments","9,800"
"SRC046","208","14","AMCP Clean Acqusition Company, LLC","1","311","draw loan commitments","34,960"
"SRC046","208","14","AMCP Clean Acqusition Company, LLC","3","475","Total unfunded commitments","34,960"
"SRC046","208","14","AMCP Clean Acqusition Company, LLC","4","771","and delayed draw commitments","34,960"
"SRC046","208","15","American Restoration Holdings, LLC","1","311","draw loan commitments","3,285"
"SRC046","208","15","American Restoration Holdings, LLC","2","392","Less: funded commitments","(389)"
"SRC046","208","15","American Restoration Holdings, LLC","3","475","Total unfunded commitments","2,896"
"SRC046","208","15","American Restoration Holdings, LLC","4","771","and delayed draw commitments","2,896"
"SRC046","208","16","Shared Services, LLC)","1","311","draw loan commitments","1,617"
"SRC046","208","16","Shared Services, LLC)","3","475","Total unfunded commitments","1,617"
"SRC046","208","16","Shared Services, LLC)","4","771","and delayed draw commitments","1,617"
"SRC046","208","17","Anaplan, Inc.","1","311","draw loan commitments","9,073"
"SRC046","208","17","Anaplan, Inc.","3","475","Total unfunded commitments","9,073"
"SRC046","208","17","Anaplan, Inc.","4","771","and delayed draw commitments","9,073"
"SRC046","208","18","Artifact Bidco, Inc.","1","311","draw loan commitments","26,601"
"SRC046","208","18","Artifact Bidco, Inc.","3","475","Total unfunded commitments","26,601"
"SRC046","208","18","Artifact Bidco, Inc.","4","771","and delayed draw commitments","26,601"
"SRC046","208","19","Associations Inc.","1","311","draw loan commitments","2,213"
"SRC046","208","19","Associations Inc.","2","392","Less: funded commitments","(543)"
"SRC046","208","19","Associations Inc.","3","475","Total unfunded commitments","1,671"
"SRC046","208","19","Associations Inc.","4","771","and delayed draw commitments","1,671"
"SRC046","208","20","Avalara, Inc.","1","311","draw loan commitments","13,636"
"SRC046","208","20","Avalara, Inc.","3","475","Total unfunded commitments","13,636"
"SRC046","208","20","Avalara, Inc.","4","771","and delayed draw commitments","13,636"
"SRC046","208","21","AVSC Holding Corp.","1","311","draw loan commitments","21,651"
"SRC046","208","21","AVSC Holding Corp.","3","475","Total unfunded commitments","21,651"
"SRC046","208","21","AVSC Holding Corp.","4","771","and delayed draw commitments","21,651"
"SRC046","208","22","Azurite Intermediate Holdings, Inc.","1","311","draw loan commitments","7,325"
"SRC046","208","22","Azurite Intermediate Holdings, Inc.","3","475","Total unfunded commitments","7,325"
"SRC046","208","22","Azurite Intermediate Holdings, Inc.","4","771","and delayed draw commitments","7,325"
"SRC046","208","23","BGIF IV Fearless Utility Services, Inc.","1","311","draw loan commitments","72,604"
"SRC046","208","23","BGIF IV Fearless Utility Services, Inc.","3","475","Total unfunded commitments","72,604"
"SRC046","208","23","BGIF IV Fearless Utility Services, Inc.","4","771","and delayed draw commitments","72,604"
"SRC046","208","24","Biamp","1","311","draw loan commitments","6,000"
"SRC046","208","24","Biamp","3","475","Total unfunded commitments","6,000"
"SRC046","208","24","Biamp","4","771","and delayed draw commitments","6,000"
"SRC046","208","25","Bingo Group Buyer, Inc.","1","311","draw loan commitments","7,433"
"SRC046","208","25","Bingo Group Buyer, Inc.","2","392","Less: funded commitments","(63)"
"SRC046","208","25","Bingo Group Buyer, Inc.","3","475","Total unfunded commitments","7,370"
"SRC046","208","25","Bingo Group Buyer, Inc.","4","771","and delayed draw commitments","7,370"
"SRC046","208","26","Blitz 24-34 GmbH","1","311","draw loan commitments","7,097"
"SRC046","208","26","Blitz 24-34 GmbH","3","475","Total unfunded commitments","7,097"
"SRC046","208","26","Blitz 24-34 GmbH","4","771","and delayed draw commitments","7,097"
"SRC046","208","27","Camin Cargo Control Holdings, Inc.","1","311","draw loan commitments","9,462"
"SRC046","208","27","Camin Cargo Control Holdings, Inc.","2","392","Less: funded commitments","(2,618)"
"SRC046","208","27","Camin Cargo Control Holdings, Inc.","3","475","Total unfunded commitments","6,844"
"SRC046","208","27","Camin Cargo Control Holdings, Inc.","4","771","and delayed draw commitments","6,844"
"SRC046","208","28","Certinia Inc (FinancialForce.com)","1","311","draw loan commitments","4,039"
"SRC046","208","28","Certinia Inc (FinancialForce.com)","3","475","Total unfunded commitments","4,039"
"SRC046","208","28","Certinia Inc (FinancialForce.com)","4","771","and delayed draw commitments","4,039"
"SRC046","208","29","Acquisition, Inc.)","1","311","draw loan commitments","8,464"
"SRC046","208","29","Acquisition, Inc.)","3","475","Total unfunded commitments","8,464"
"SRC046","208","29","Acquisition, Inc.)","4","771","and delayed draw commitments","8,464"
"SRC046","208","30","Chrysaor Bidco Sarl","1","311","draw loan commitments","448"
"SRC046","208","30","Chrysaor Bidco Sarl","3","475","Total unfunded commitments","448"
"SRC046","208","30","Chrysaor Bidco Sarl","4","771","and delayed draw commitments","448"
"SRC046","209","1","CI (Quercus) Intermediate Holdings, LLC $","1","310","draw loan commitments","2,273"
"SRC046","209","1","CI (Quercus) Intermediate Holdings, LLC $","2","390","Less: funded commitments","(189)"
"SRC046","209","1","CI (Quercus) Intermediate Holdings, LLC $","3","476","Total unfunded commitments","2,083"
"SRC046","209","1","CI (Quercus) Intermediate Holdings, LLC $","5","771","","2,083"
"SRC046","209","2","CircusTrix Holdings LLC","1","310","draw loan commitments","1,129"
"SRC046","209","2","CircusTrix Holdings LLC","2","390","Less: funded commitments","(806)"
"SRC046","209","2","CircusTrix Holdings LLC","3","476","Total unfunded commitments","323"
"SRC046","209","2","CircusTrix Holdings LLC","5","771","","323"
"SRC046","209","3","Coding Solutions Acquisition Inc","1","310","draw loan commitments","8,931"
"SRC046","209","3","Coding Solutions Acquisition Inc","2","390","Less: funded commitments","(3,006)"
"SRC046","209","3","Coding Solutions Acquisition Inc","3","476","Total unfunded commitments","5,926"
"SRC046","209","3","Coding Solutions Acquisition Inc","5","771","","5,926"
"SRC046","209","4","Enterprises LLC)","1","310","draw loan commitments","12,632"
"SRC046","209","4","Enterprises LLC)","3","476","Total unfunded commitments","12,632"
"SRC046","209","4","Enterprises LLC)","5","771","","12,632"
"SRC046","209","5","Coupa Software Incorporated","1","310","draw loan commitments","8,716"
"SRC046","209","5","Coupa Software Incorporated","3","476","Total unfunded commitments","8,716"
"SRC046","209","5","Coupa Software Incorporated","5","771","","8,716"
"SRC046","209","6","CPI Buyer, LLC","1","310","draw loan commitments","3,981"
"SRC046","209","6","CPI Buyer, LLC","3","476","Total unfunded commitments","3,981"
"SRC046","209","6","CPI Buyer, LLC","5","771","","3,981"
"SRC046","209","7","Creek Parent, Inc.","1","310","draw loan commitments","29,103"
"SRC046","209","7","Creek Parent, Inc.","3","476","Total unfunded commitments","29,103"
"SRC046","209","7","Creek Parent, Inc.","5","771","","29,103"
"SRC046","209","8","Crete PA Holdco, LLC","1","310","draw loan commitments","26,744"
"SRC046","209","8","Crete PA Holdco, LLC","3","476","Total unfunded commitments","26,744"
"SRC046","209","8","Crete PA Holdco, LLC","5","771","","26,744"
"SRC046","209","9","Crewline Buyer, Inc.","1","310","draw loan commitments","4,365"
"SRC046","209","9","Crewline Buyer, Inc.","3","476","Total unfunded commitments","4,365"
"SRC046","209","9","Crewline Buyer, Inc.","5","771","","4,365"
"SRC046","209","10","CSC Holdings, LLC","1","310","draw loan commitments","100"
"SRC046","209","10","CSC Holdings, LLC","2","390","Less: funded commitments","(81)"
"SRC046","209","10","CSC Holdings, LLC","3","476","Total unfunded commitments","19"
"SRC046","209","10","CSC Holdings, LLC","5","771","","19"
"SRC046","209","11","Databricks, Inc.","1","310","draw loan commitments","27,274"
"SRC046","209","11","Databricks, Inc.","3","476","Total unfunded commitments","27,274"
"SRC046","209","11","Databricks, Inc.","5","771","","27,274"
"SRC046","209","12","Disco Parent, LLC","1","310","draw loan commitments","2,139"
"SRC046","209","12","Disco Parent, LLC","3","476","Total unfunded commitments","2,139"
"SRC046","209","12","Disco Parent, LLC","5","771","","2,139"
"SRC046","209","13","Eagle Purchaser, Inc.","1","310","draw loan commitments","6,632"
"SRC046","209","13","Eagle Purchaser, Inc.","2","390","Less: funded commitments","(3,947)"
"SRC046","209","13","Eagle Purchaser, Inc.","3","476","Total unfunded commitments","2,684"
"SRC046","209","13","Eagle Purchaser, Inc.","4","655","or other covenant restrictions","(2,684)"
"SRC046","209","14","Eclipse Buyer, Inc.","1","310","draw loan commitments","5,809"
"SRC046","209","14","Eclipse Buyer, Inc.","3","476","Total unfunded commitments","5,809"
"SRC046","209","14","Eclipse Buyer, Inc.","5","771","","5,809"
"SRC046","209","15","EHC Holdings Holdco Limited*","1","310","draw loan commitments","27,041"
"SRC046","209","15","EHC Holdings Holdco Limited*","3","476","Total unfunded commitments","27,041"
"SRC046","209","15","EHC Holdings Holdco Limited*","5","771","","27,041"
"SRC046","209","16","ERC Topco Holdings, LLC","1","310","draw loan commitments","3,195"
"SRC046","209","16","ERC Topco Holdings, LLC","2","390","Less: funded commitments","(2,412)"
"SRC046","209","16","ERC Topco Holdings, LLC","3","476","Total unfunded commitments","783"
"SRC046","209","16","ERC Topco Holdings, LLC","5","771","","783"
"SRC046","209","17","Esdec Solar Group B.V. (Enstall Group B.V.)*","1","310","draw loan commitments","1,094"
"SRC046","209","17","Esdec Solar Group B.V. (Enstall Group B.V.)*","3","476","Total unfunded commitments","1,094"
"SRC046","209","17","Esdec Solar Group B.V. (Enstall Group B.V.)*","4","655","or other covenant restrictions","(1,094)"
"SRC046","209","18","Everbridge Holdings, LLC","1","310","draw loan commitments","15,493"
"SRC046","209","18","Everbridge Holdings, LLC","3","476","Total unfunded commitments","15,493"
"SRC046","209","18","Everbridge Holdings, LLC","5","771","","15,493"
"SRC046","209","19","Evergreen IX Borrower 2023, LLC","1","310","draw loan commitments","10,071"
"SRC046","209","19","Evergreen IX Borrower 2023, LLC","3","476","Total unfunded commitments","10,071"
"SRC046","209","19","Evergreen IX Borrower 2023, LLC","5","771","","10,071"
"SRC046","209","20","Evoriel*","1","310","draw loan commitments","15,475"
"SRC046","209","20","Evoriel*","3","476","Total unfunded commitments","15,475"
"SRC046","209","20","Evoriel*","5","771","","15,475"
"SRC046","209","21","ExactCare Parent, Inc.","1","310","draw loan commitments","4,426"
"SRC046","209","21","ExactCare Parent, Inc.","3","476","Total unfunded commitments","4,426"
"SRC046","209","21","ExactCare Parent, Inc.","5","771","","4,426"
"SRC046","209","22","Excelligence Learning Corporation","1","310","draw loan commitments","13,562"
"SRC046","209","22","Excelligence Learning Corporation","2","390","Less: funded commitments","(814)"
"SRC046","209","22","Excelligence Learning Corporation","3","476","Total unfunded commitments","12,748"
"SRC046","209","22","Excelligence Learning Corporation","5","771","","12,748"
"SRC046","209","23","FINANCIERE ASTEK*","1","310","draw loan commitments","6,370"
"SRC046","209","23","FINANCIERE ASTEK*","3","476","Total unfunded commitments","6,370"
"SRC046","209","23","FINANCIERE ASTEK*","5","771","","6,370"
"SRC046","209","24","Focus Financial Partners, LLC","1","310","draw loan commitments","3,201"
"SRC046","209","24","Focus Financial Partners, LLC","3","476","Total unfunded commitments","3,201"
"SRC046","209","24","Focus Financial Partners, LLC","5","771","","3,201"
"SRC046","209","25","G Treasury SS LLC","1","310","draw loan commitments","6,929"
"SRC046","209","25","G Treasury SS LLC","3","476","Total unfunded commitments","6,929"
"SRC046","209","25","G Treasury SS LLC","5","771","","6,929"
"SRC046","209","26","G&A Partners Holding Company II, LLC","1","310","draw loan commitments","8,169"
"SRC046","209","26","G&A Partners Holding Company II, LLC","3","476","Total unfunded commitments","8,169"
"SRC046","209","26","G&A Partners Holding Company II, LLC","4","655","or other covenant restrictions","(6,408)"
"SRC046","209","26","G&A Partners Holding Company II, LLC","5","771","","1,761"
"SRC046","209","27","Galway Borrower LLC","1","310","draw loan commitments","6,303"
"SRC046","209","27","Galway Borrower LLC","2","390","Less: funded commitments","(251)"
"SRC046","209","27","Galway Borrower LLC","3","476","Total unfunded commitments","6,052"
"SRC046","209","27","Galway Borrower LLC","5","771","","6,052"
"SRC046","209","28","Gannett Holdings, LLC","1","310","draw loan commitments","12,944"
"SRC046","209","28","Gannett Holdings, LLC","3","476","Total unfunded commitments","12,944"
"SRC046","209","28","Gannett Holdings, LLC","5","771","","12,944"
"SRC046","209","29","GAT-Airline Ground Support Inc","1","310","draw loan commitments","3,810"
"SRC046","209","29","GAT-Airline Ground Support Inc","3","476","Total unfunded commitments","3,810"
"SRC046","209","29","GAT-Airline Ground Support Inc","5","771","","3,810"
"SRC046","209","30","Gateway US Holdings, Inc.","1","310","draw loan commitments","6,929"
"SRC046","209","30","Gateway US Holdings, Inc.","3","476","Total unfunded commitments","6,929"
"SRC046","209","30","Gateway US Holdings, Inc.","5","771","","6,929"
"SRC046","209","31","GC Waves Holdings, Inc.","1","310","draw loan commitments","32,269"
"SRC046","209","31","GC Waves Holdings, Inc.","3","476","Total unfunded commitments","32,269"
"SRC046","209","31","GC Waves Holdings, Inc.","5","771","","32,269"
"SRC046","210","1","Genius Bidco LLC $","1","311","draw loan commitments","2,861"
"SRC046","210","1","Genius Bidco LLC $","3","475","Total unfunded commitments","2,861"
"SRC046","210","1","Genius Bidco LLC $","4","655","or other covenant restrictions","(1,701)"
"SRC046","210","1","Genius Bidco LLC $","5","771","delayed draw commitments","1,160"
"SRC046","210","2","Geotechnical Merger Sub, Inc.","1","311","draw loan commitments","34,329"
"SRC046","210","2","Geotechnical Merger Sub, Inc.","2","388","Less: funded commitments","(3,121)"
"SRC046","210","2","Geotechnical Merger Sub, Inc.","3","475","Total unfunded commitments","31,209"
"SRC046","210","2","Geotechnical Merger Sub, Inc.","5","771","delayed draw commitments","31,209"
"SRC046","210","3","Green Grass Foods, Inc.","1","311","draw loan commitments","1,250"
"SRC046","210","3","Green Grass Foods, Inc.","3","475","Total unfunded commitments","1,250"
"SRC046","210","3","Green Grass Foods, Inc.","5","771","delayed draw commitments","1,250"
"SRC046","210","4","Hanger, Inc.","1","311","draw loan commitments","2,395"
"SRC046","210","4","Hanger, Inc.","3","475","Total unfunded commitments","2,395"
"SRC046","210","4","Hanger, Inc.","5","771","delayed draw commitments","2,395"
"SRC046","210","5","HEF Safety Ultimate Holdings, LLC","1","311","draw loan commitments","4,355"
"SRC046","210","5","HEF Safety Ultimate Holdings, LLC","2","388","Less: funded commitments","(687)"
"SRC046","210","5","HEF Safety Ultimate Holdings, LLC","3","475","Total unfunded commitments","3,668"
"SRC046","210","5","HEF Safety Ultimate Holdings, LLC","5","771","delayed draw commitments","3,668"
"SRC046","210","6","Heritage Environmental Services, Inc.","1","311","draw loan commitments","19,444"
"SRC046","210","6","Heritage Environmental Services, Inc.","3","475","Total unfunded commitments","19,444"
"SRC046","210","6","Heritage Environmental Services, Inc.","5","771","delayed draw commitments","19,444"
"SRC046","210","7","Higginbotham Insurance Agency, Inc.","1","311","draw loan commitments","16,318"
"SRC046","210","7","Higginbotham Insurance Agency, Inc.","3","475","Total unfunded commitments","16,318"
"SRC046","210","7","Higginbotham Insurance Agency, Inc.","5","771","delayed draw commitments","16,318"
"SRC046","210","8","Hobbs & Associates LLC/VA","1","311","draw loan commitments","545"
"SRC046","210","8","Hobbs & Associates LLC/VA","3","475","Total unfunded commitments","545"
"SRC046","210","8","Hobbs & Associates LLC/VA","5","771","delayed draw commitments","545"
"SRC046","210","9","Howardsimon LLC","1","311","draw loan commitments","22,824"
"SRC046","210","9","Howardsimon LLC","3","475","Total unfunded commitments","22,824"
"SRC046","210","9","Howardsimon LLC","5","771","delayed draw commitments","22,824"
"SRC046","210","10","Hyperion Refinance Sarl 154,000","3","475","Total unfunded commitments","154,000"
"SRC046","210","10","Hyperion Refinance Sarl 154,000","5","771","delayed draw commitments","154,000"
"SRC046","210","11","Ichor Management Limited*","1","311","draw loan commitments","5,701"
"SRC046","210","11","Ichor Management Limited*","2","388","Less: funded commitments","(1,849)"
"SRC046","210","11","Ichor Management Limited*","3","475","Total unfunded commitments","3,852"
"SRC046","210","11","Ichor Management Limited*","4","655","or other covenant restrictions","(3,852)"
"SRC046","210","12","International Schools Partnership Limited* 109,800","3","475","Total unfunded commitments","109,800"
"SRC046","210","12","International Schools Partnership Limited* 109,800","5","771","delayed draw commitments","109,800"
"SRC046","210","13","Investment Company 24 Bidco Limited*","1","311","draw loan commitments","11,009"
"SRC046","210","13","Investment Company 24 Bidco Limited*","3","475","Total unfunded commitments","11,009"
"SRC046","210","13","Investment Company 24 Bidco Limited*","5","771","delayed draw commitments","11,009"
"SRC046","210","14","IQN Holding Corp.","1","311","draw loan commitments","5,134"
"SRC046","210","14","IQN Holding Corp.","2","388","Less: funded commitments","(2,011)"
"SRC046","210","14","IQN Holding Corp.","3","475","Total unfunded commitments","3,123"
"SRC046","210","14","IQN Holding Corp.","5","771","delayed draw commitments","3,123"
"SRC046","210","15","Ironhorse Purchaser, LLC","1","311","draw loan commitments","1,932"
"SRC046","210","15","Ironhorse Purchaser, LLC","2","388","Less: funded commitments","(157)"
"SRC046","210","15","Ironhorse Purchaser, LLC","3","475","Total unfunded commitments","1,775"
"SRC046","210","15","Ironhorse Purchaser, LLC","5","771","delayed draw commitments","1,775"
"SRC046","210","16","IW Buyer LLC","1","311","draw loan commitments","3,146"
"SRC046","210","16","IW Buyer LLC","3","475","Total unfunded commitments","3,146"
"SRC046","210","16","IW Buyer LLC","5","771","delayed draw commitments","3,146"
"SRC046","210","17","Janus Bidco Limited*","1","311","draw loan commitments","19,850"
"SRC046","210","17","Janus Bidco Limited*","3","475","Total unfunded commitments","19,850"
"SRC046","210","17","Janus Bidco Limited*","5","771","delayed draw commitments","19,850"
"SRC046","210","18","Jazz AH Holdco, LLC","1","311","draw loan commitments","800"
"SRC046","210","18","Jazz AH Holdco, LLC","2","388","Less: funded commitments","(240)"
"SRC046","210","18","Jazz AH Holdco, LLC","3","475","Total unfunded commitments","560"
"SRC046","210","18","Jazz AH Holdco, LLC","5","771","delayed draw commitments","560"
"SRC046","210","19","Jensen Hughes, Inc","1","311","draw loan commitments","35,946"
"SRC046","210","19","Jensen Hughes, Inc","3","475","Total unfunded commitments","35,946"
"SRC046","210","19","Jensen Hughes, Inc","5","771","delayed draw commitments","35,946"
"SRC046","210","20","K Hovnanian Enterprises Inc","1","311","draw loan commitments","70,000"
"SRC046","210","20","K Hovnanian Enterprises Inc","2","388","Less: funded commitments","(5,600)"
"SRC046","210","20","K Hovnanian Enterprises Inc","3","475","Total unfunded commitments","64,400"
"SRC046","210","20","K Hovnanian Enterprises Inc","5","771","delayed draw commitments","64,400"
"SRC046","210","21","Kite Bidco Inc.","1","311","draw loan commitments","15,212"
"SRC046","210","21","Kite Bidco Inc.","3","475","Total unfunded commitments","15,212"
"SRC046","210","21","Kite Bidco Inc.","5","771","delayed draw commitments","15,212"
"SRC046","210","22","Legends Hospitality Holding Company, LLC","1","311","draw loan commitments","17,291"
"SRC046","210","22","Legends Hospitality Holding Company, LLC","2","388","Less: funded commitments","(1,153)"
"SRC046","210","22","Legends Hospitality Holding Company, LLC","3","475","Total unfunded commitments","16,138"
"SRC046","210","22","Legends Hospitality Holding Company, LLC","5","771","delayed draw commitments","16,138"
"SRC046","210","23","LendingTree, Inc.","1","311","draw loan commitments","23,535"
"SRC046","210","23","LendingTree, Inc.","3","475","Total unfunded commitments","23,535"
"SRC046","210","23","LendingTree, Inc.","5","771","delayed draw commitments","23,535"
"SRC046","210","24","Lotus Topco Inc.","1","311","draw loan commitments","8,235"
"SRC046","210","24","Lotus Topco Inc.","3","475","Total unfunded commitments","8,235"
"SRC046","210","24","Lotus Topco Inc.","5","771","delayed draw commitments","8,235"
"SRC046","210","25","M&M OPCO, LLC","1","311","draw loan commitments","238"
"SRC046","210","25","M&M OPCO, LLC","3","475","Total unfunded commitments","238"
"SRC046","210","25","M&M OPCO, LLC","5","771","delayed draw commitments","238"
"SRC046","210","26","Madonna Bidco Limited*","1","311","draw loan commitments","6,086"
"SRC046","210","26","Madonna Bidco Limited*","3","475","Total unfunded commitments","6,086"
"SRC046","210","26","Madonna Bidco Limited*","5","771","delayed draw commitments","6,086"
"SRC046","210","27","MetaTiedot MidcoS.àr.l.","1","311","draw loan commitments","1,631"
"SRC046","210","27","MetaTiedot MidcoS.àr.l.","3","475","Total unfunded commitments","1,631"
"SRC046","210","27","MetaTiedot MidcoS.àr.l.","5","771","delayed draw commitments","1,631"
"SRC046","210","28","MetaTiedot MidcoS.àr.l.*","1","311","draw loan commitments","9,592"
"SRC046","210","28","MetaTiedot MidcoS.àr.l.*","2","388","Less: funded commitments","(697)"
"SRC046","210","28","MetaTiedot MidcoS.àr.l.*","3","475","Total unfunded commitments","8,895"
"SRC046","210","28","MetaTiedot MidcoS.àr.l.*","5","771","delayed draw commitments","8,895"
"SRC046","210","29","MGP Holdings III Corp.","1","311","draw loan commitments","4,114"
"SRC046","210","29","MGP Holdings III Corp.","2","388","Less: funded commitments","(458)"
"SRC046","210","29","MGP Holdings III Corp.","3","475","Total unfunded commitments","3,656"
"SRC046","210","29","MGP Holdings III Corp.","5","771","delayed draw commitments","3,656"
"SRC046","210","30","Mobile Communications America, Inc.","1","311","draw loan commitments","3,556"
"SRC046","210","30","Mobile Communications America, Inc.","2","388","Less: funded commitments","(340)"
"SRC046","210","30","Mobile Communications America, Inc.","3","475","Total unfunded commitments","3,216"
"SRC046","210","30","Mobile Communications America, Inc.","5","771","delayed draw commitments","3,216"
"SRC046","210","31","Mount Olympus Bidco Limited","1","311","draw loan commitments","1,447"
"SRC046","210","31","Mount Olympus Bidco Limited","3","475","Total unfunded commitments","1,447"
"SRC046","210","31","Mount Olympus Bidco Limited","5","771","delayed draw commitments","1,447"
"SRC046","210","32","North Haven RI Buyer, LLC","1","311","draw loan commitments","4,100"
"SRC046","210","32","North Haven RI Buyer, LLC","2","388","Less: funded commitments","(1,500)"
"SRC046","210","32","North Haven RI Buyer, LLC","3","475","Total unfunded commitments","2,600"
"SRC046","210","32","North Haven RI Buyer, LLC","4","655","or other covenant restrictions","(1,600)"
"SRC046","210","32","North Haven RI Buyer, LLC","5","771","delayed draw commitments","1,000"
"SRC046","211","1","LLC $","1","311","draw loan commitments","6,643"
"SRC046","211","1","LLC $","3","475","Total unfunded commitments","6,643"
"SRC046","211","1","LLC $","4","771","delayed draw commitments","6,643"
"SRC046","211","2","NPPI Buyer, LLC","1","311","draw loan commitments","9,211"
"SRC046","211","2","NPPI Buyer, LLC","3","475","Total unfunded commitments","9,211"
"SRC046","211","2","NPPI Buyer, LLC","4","771","delayed draw commitments","9,211"
"SRC046","211","3","Olympus Terminals Holdco II LLC","1","311","draw loan commitments","22,000"
"SRC046","211","3","Olympus Terminals Holdco II LLC","3","475","Total unfunded commitments","22,000"
"SRC046","211","3","Olympus Terminals Holdco II LLC","4","771","delayed draw commitments","22,000"
"SRC046","211","4","OMH-Healthedge Holdings, Inc.","1","311","draw loan commitments","11,729"
"SRC046","211","4","OMH-Healthedge Holdings, Inc.","3","475","Total unfunded commitments","11,729"
"SRC046","211","4","OMH-Healthedge Holdings, Inc.","4","771","delayed draw commitments","11,729"
"SRC046","211","5","Omnimax International, LLC","1","311","draw loan commitments","9,439"
"SRC046","211","5","Omnimax International, LLC","3","475","Total unfunded commitments","9,439"
"SRC046","211","5","Omnimax International, LLC","4","771","delayed draw commitments","9,439"
"SRC046","211","6","One Silver Serve, LLC","1","311","draw loan commitments","11,199"
"SRC046","211","6","One Silver Serve, LLC","3","475","Total unfunded commitments","11,199"
"SRC046","211","6","One Silver Serve, LLC","4","771","delayed draw commitments","11,199"
"SRC046","211","7","Orthrus Ltd*","1","311","draw loan commitments","10,429"
"SRC046","211","7","Orthrus Ltd*","3","475","Total unfunded commitments","10,429"
"SRC046","211","7","Orthrus Ltd*","4","771","delayed draw commitments","10,429"
"SRC046","211","8","Paisley Bidco Limited*","1","311","draw loan commitments","2,348"
"SRC046","211","8","Paisley Bidco Limited*","3","475","Total unfunded commitments","2,348"
"SRC046","211","8","Paisley Bidco Limited*","4","771","delayed draw commitments","2,348"
"SRC046","211","9","Parfums Holding Company, Inc.","1","311","draw loan commitments","10,268"
"SRC046","211","9","Parfums Holding Company, Inc.","3","475","Total unfunded commitments","10,268"
"SRC046","211","9","Parfums Holding Company, Inc.","4","771","delayed draw commitments","10,268"
"SRC046","211","10","PARS Group LLC","1","311","draw loan commitments","952"
"SRC046","211","10","PARS Group LLC","3","475","Total unfunded commitments","952"
"SRC046","211","11","Patriot Foods Buyer, Inc.","1","311","draw loan commitments","3,416"
"SRC046","211","11","Patriot Foods Buyer, Inc.","3","475","Total unfunded commitments","3,416"
"SRC046","211","11","Patriot Foods Buyer, Inc.","4","771","delayed draw commitments","3,416"
"SRC046","211","12","Patriot Growth Insurance Services, LLC","1","311","draw loan commitments","4,087"
"SRC046","211","12","Patriot Growth Insurance Services, LLC","2","385","Less: funded commitments","(1,156)"
"SRC046","211","12","Patriot Growth Insurance Services, LLC","3","475","Total unfunded commitments","2,932"
"SRC046","211","12","Patriot Growth Insurance Services, LLC","4","771","delayed draw commitments","2,932"
"SRC046","211","13","Partners Interco, LLC)","1","311","draw loan commitments","3,418"
"SRC046","211","13","Partners Interco, LLC)","2","385","Less: funded commitments","(2,350)"
"SRC046","211","13","Partners Interco, LLC)","3","475","Total unfunded commitments","1,068"
"SRC046","211","13","Partners Interco, LLC)","4","771","delayed draw commitments","1,068"
"SRC046","211","14","PHOENIX YW BUYER, INC.","1","311","draw loan commitments","1,705"
"SRC046","211","14","PHOENIX YW BUYER, INC.","3","475","Total unfunded commitments","1,705"
"SRC046","211","14","PHOENIX YW BUYER, INC.","4","771","delayed draw commitments","1,705"
"SRC046","211","15","Ping Identity Holding Corp.","1","311","draw loan commitments","3,868"
"SRC046","211","15","Ping Identity Holding Corp.","3","475","Total unfunded commitments","3,868"
"SRC046","211","15","Ping Identity Holding Corp.","4","771","delayed draw commitments","3,868"
"SRC046","211","16","PMA Parent Holdings, LLC","1","311","draw loan commitments","987"
"SRC046","211","16","PMA Parent Holdings, LLC","3","475","Total unfunded commitments","987"
"SRC046","211","16","PMA Parent Holdings, LLC","4","771","delayed draw commitments","987"
"SRC046","211","17","Poly-Wood, LLC","1","311","draw loan commitments","46,091"
"SRC046","211","17","Poly-Wood, LLC","3","475","Total unfunded commitments","46,091"
"SRC046","211","17","Poly-Wood, LLC","4","771","delayed draw commitments","46,091"
"SRC046","211","18","PPL Acquisition LLC","1","311","draw loan commitments","1,000"
"SRC046","211","18","PPL Acquisition LLC","3","475","Total unfunded commitments","1,000"
"SRC046","211","18","PPL Acquisition LLC","4","771","delayed draw commitments","1,000"
"SRC046","211","19","Protein For Pets Opco, LLC","1","311","draw loan commitments","4,717"
"SRC046","211","19","Protein For Pets Opco, LLC","3","475","Total unfunded commitments","4,717"
"SRC046","211","19","Protein For Pets Opco, LLC","4","771","delayed draw commitments","4,717"
"SRC046","211","20","QBS Parent, Inc.","1","311","draw loan commitments","13,371"
"SRC046","211","20","QBS Parent, Inc.","3","475","Total unfunded commitments","13,371"
"SRC046","211","20","QBS Parent, Inc.","4","771","delayed draw commitments","13,371"
"SRC046","211","21","Quikrete Holdings, Inc. 300,000","3","475","Total unfunded commitments","300,000"
"SRC046","211","21","Quikrete Holdings, Inc. 300,000","4","771","delayed draw commitments","300,000"
"SRC046","211","22","R.F. Fager Company, LLC","1","311","draw loan commitments","1,875"
"SRC046","211","22","R.F. Fager Company, LLC","3","475","Total unfunded commitments","1,875"
"SRC046","211","22","R.F. Fager Company, LLC","4","771","delayed draw commitments","1,875"
"SRC046","211","23","Rarebreed Veterinary Partners, Inc.","1","311","draw loan commitments","29,355"
"SRC046","211","23","Rarebreed Veterinary Partners, Inc.","3","475","Total unfunded commitments","29,355"
"SRC046","211","23","Rarebreed Veterinary Partners, Inc.","4","771","delayed draw commitments","29,355"
"SRC046","211","24","Reliable Doors, LLC","1","311","draw loan commitments","1,560"
"SRC046","211","24","Reliable Doors, LLC","2","385","Less: funded commitments","(114)"
"SRC046","211","24","Reliable Doors, LLC","3","475","Total unfunded commitments","1,446"
"SRC046","211","24","Reliable Doors, LLC","4","771","delayed draw commitments","1,446"
"SRC046","211","25","Rialto Management Group, LLC","1","311","draw loan commitments","2,433"
"SRC046","211","25","Rialto Management Group, LLC","3","475","Total unfunded commitments","2,433"
"SRC046","211","25","Rialto Management Group, LLC","4","771","delayed draw commitments","2,433"
"SRC046","211","26","RoC Holdco LLC","1","311","draw loan commitments","4,390"
"SRC046","211","26","RoC Holdco LLC","3","475","Total unfunded commitments","4,390"
"SRC046","211","26","RoC Holdco LLC","4","771","delayed draw commitments","4,390"
"SRC046","211","27","Rochester Midland Corporation","1","311","draw loan commitments","14,155"
"SRC046","211","27","Rochester Midland Corporation","3","475","Total unfunded commitments","14,155"
"SRC046","211","27","Rochester Midland Corporation","4","771","delayed draw commitments","14,155"
"SRC046","211","28","Ruler Bidco S.A R.L.*","1","311","draw loan commitments","7,527"
"SRC046","211","28","Ruler Bidco S.A R.L.*","3","475","Total unfunded commitments","7,527"
"SRC046","211","28","Ruler Bidco S.A R.L.*","4","771","delayed draw commitments","7,527"
"SRC046","211","29","Runway Bidco, LLC","1","311","draw loan commitments","62,292"
"SRC046","211","29","Runway Bidco, LLC","3","475","Total unfunded commitments","62,292"
"SRC046","211","29","Runway Bidco, LLC","4","771","delayed draw commitments","62,292"
"SRC046","211","30","SG Acquisition, Inc.","1","311","draw loan commitments","5,757"
"SRC046","211","30","SG Acquisition, Inc.","3","475","Total unfunded commitments","5,757"
"SRC046","211","30","SG Acquisition, Inc.","4","771","delayed draw commitments","5,757"
"SRC046","212","1","Signia Aerospace, LLC $","1","311","draw loan commitments","485"
"SRC046","212","1","Signia Aerospace, LLC $","3","472","Total unfunded commitments","485"
"SRC046","212","1","Signia Aerospace, LLC $","5","771","delayed draw commitments","485"
"SRC046","212","2","Smith Topco, Inc.","1","311","draw loan commitments","1,692"
"SRC046","212","2","Smith Topco, Inc.","3","472","Total unfunded commitments","1,692"
"SRC046","212","2","Smith Topco, Inc.","5","771","delayed draw commitments","1,692"
"SRC046","212","3","Spark Purchaser, Inc.","1","311","draw loan commitments","1,351"
"SRC046","212","3","Spark Purchaser, Inc.","3","472","Total unfunded commitments","1,351"
"SRC046","212","3","Spark Purchaser, Inc.","5","771","delayed draw commitments","1,351"
"SRC046","212","4","SumUp Holdings Luxembourg S.a.r.l.*","1","311","draw loan commitments","10,358"
"SRC046","212","4","SumUp Holdings Luxembourg S.a.r.l.*","3","472","Total unfunded commitments","10,358"
"SRC046","212","4","SumUp Holdings Luxembourg S.a.r.l.*","5","771","delayed draw commitments","10,358"
"SRC046","212","5","Sysnet North America, Inc.","1","311","draw loan commitments","3,947"
"SRC046","212","5","Sysnet North America, Inc.","2","388","Less: funded commitments","(2,105)"
"SRC046","212","5","Sysnet North America, Inc.","3","472","Total unfunded commitments","1,842"
"SRC046","212","5","Sysnet North America, Inc.","5","771","delayed draw commitments","1,842"
"SRC046","212","6","TerSera Therapeutics LLC","1","311","draw loan commitments","1,395"
"SRC046","212","6","TerSera Therapeutics LLC","3","472","Total unfunded commitments","1,395"
"SRC046","212","6","TerSera Therapeutics LLC","5","771","delayed draw commitments","1,395"
"SRC046","212","7","Thg Acquisition, LLC","1","311","draw loan commitments","30,072"
"SRC046","212","7","Thg Acquisition, LLC","2","388","Less: funded commitments","(745)"
"SRC046","212","7","Thg Acquisition, LLC","3","472","Total unfunded commitments","29,327"
"SRC046","212","7","Thg Acquisition, LLC","5","771","delayed draw commitments","29,327"
"SRC046","212","8","Traffic Management Solutions, LLC","1","311","draw loan commitments","7,621"
"SRC046","212","8","Traffic Management Solutions, LLC","2","388","Less: funded commitments","(121)"
"SRC046","212","8","Traffic Management Solutions, LLC","3","472","Total unfunded commitments","7,500"
"SRC046","212","8","Traffic Management Solutions, LLC","5","771","delayed draw commitments","7,500"
"SRC046","212","9","Treace Medical Concepts, Inc.","1","311","draw loan commitments","5,875"
"SRC046","212","9","Treace Medical Concepts, Inc.","2","388","Less: funded commitments","(200)"
"SRC046","212","9","Treace Medical Concepts, Inc.","3","472","Total unfunded commitments","5,675"
"SRC046","212","9","Treace Medical Concepts, Inc.","5","771","delayed draw commitments","5,675"
"SRC046","212","10","Trench Plate Rental Co.","1","311","draw loan commitments","4,545"
"SRC046","212","10","Trench Plate Rental Co.","2","388","Less: funded commitments","(3,568)"
"SRC046","212","10","Trench Plate Rental Co.","3","472","Total unfunded commitments","977"
"SRC046","212","10","Trench Plate Rental Co.","5","771","delayed draw commitments","977"
"SRC046","212","11","Truck-Lite Co., LLC","1","311","draw loan commitments","32,000"
"SRC046","212","11","Truck-Lite Co., LLC","3","472","Total unfunded commitments","32,000"
"SRC046","212","11","Truck-Lite Co., LLC","5","771","delayed draw commitments","32,000"
"SRC046","212","12","Truist Insurance Holdings, LLC","1","311","draw loan commitments","24,868"
"SRC046","212","12","Truist Insurance Holdings, LLC","3","472","Total unfunded commitments","24,868"
"SRC046","212","12","Truist Insurance Holdings, LLC","5","771","delayed draw commitments","24,868"
"SRC046","212","13","TS Investors, LLC","1","311","draw loan commitments","4,125"
"SRC046","212","13","TS Investors, LLC","3","472","Total unfunded commitments","4,125"
"SRC046","212","13","TS Investors, LLC","5","771","delayed draw commitments","4,125"
"SRC046","212","14","TZ Buyer LLC","1","311","draw loan commitments","606"
"SRC046","212","14","TZ Buyer LLC","2","388","Less: funded commitments","(182)"
"SRC046","212","14","TZ Buyer LLC","3","472","Total unfunded commitments","424"
"SRC046","212","14","TZ Buyer LLC","5","771","delayed draw commitments","424"
"SRC046","212","15","Uniguest Holdings, Inc","1","311","draw loan commitments","23,349"
"SRC046","212","15","Uniguest Holdings, Inc","3","472","Total unfunded commitments","23,349"
"SRC046","212","15","Uniguest Holdings, Inc","5","771","delayed draw commitments","23,349"
"SRC046","212","16","USA DeBusk LLC","1","311","draw loan commitments","6,168"
"SRC046","212","16","USA DeBusk LLC","2","388","Less: funded commitments","(550)"
"SRC046","212","16","USA DeBusk LLC","3","472","Total unfunded commitments","5,618"
"SRC046","212","16","USA DeBusk LLC","5","771","delayed draw commitments","5,618"
"SRC046","212","17","Vensure Employer Services, Inc.","1","311","draw loan commitments","28,026"
"SRC046","212","17","Vensure Employer Services, Inc.","3","472","Total unfunded commitments","28,026"
"SRC046","212","17","Vensure Employer Services, Inc.","5","771","delayed draw commitments","28,026"
"SRC046","212","18","VICTORS PURCHASER, LLC","1","311","draw loan commitments","27,760"
"SRC046","212","18","VICTORS PURCHASER, LLC","3","472","Total unfunded commitments","27,760"
"SRC046","212","18","VICTORS PURCHASER, LLC","5","771","delayed draw commitments","27,760"
"SRC046","212","19","VICTORS PURCHASER, LLC*","1","311","draw loan commitments","1,877"
"SRC046","212","19","VICTORS PURCHASER, LLC*","2","388","Less: funded commitments","(1,577)"
"SRC046","212","19","VICTORS PURCHASER, LLC*","3","472","Total unfunded commitments","300"
"SRC046","212","19","VICTORS PURCHASER, LLC*","5","771","delayed draw commitments","300"
"SRC046","212","20","Village Pet Care, LLC","1","311","draw loan commitments","3,545"
"SRC046","212","20","Village Pet Care, LLC","2","388","Less: funded commitments","(364)"
"SRC046","212","20","Village Pet Care, LLC","3","472","Total unfunded commitments","3,182"
"SRC046","212","20","Village Pet Care, LLC","5","771","delayed draw commitments","3,182"
"SRC046","212","21","Violin Finco Guernsey Limited*","1","311","draw loan commitments","6,662"
"SRC046","212","21","Violin Finco Guernsey Limited*","3","472","Total unfunded commitments","6,662"
"SRC046","212","21","Violin Finco Guernsey Limited*","5","771","delayed draw commitments","6,662"
"SRC046","212","22","Volunteer AcquisitionCo, LLC","1","311","draw loan commitments","758"
"SRC046","212","22","Volunteer AcquisitionCo, LLC","3","472","Total unfunded commitments","758"
"SRC046","212","22","Volunteer AcquisitionCo, LLC","5","771","delayed draw commitments","758"
"SRC046","212","23","WC ORS Buyer, Inc.","1","311","draw loan commitments","28,692"
"SRC046","212","23","WC ORS Buyer, Inc.","2","388","Less: funded commitments","(3,730)"
"SRC046","212","23","WC ORS Buyer, Inc.","3","472","Total unfunded commitments","24,962"
"SRC046","212","23","WC ORS Buyer, Inc.","5","771","delayed draw commitments","24,962"
"SRC046","212","24","WH BorrowerCo, LLC","1","311","draw loan commitments","19,173"
"SRC046","212","24","WH BorrowerCo, LLC","2","388","Less: funded commitments","(2,201)"
"SRC046","212","24","WH BorrowerCo, LLC","3","472","Total unfunded commitments","16,972"
"SRC046","212","24","WH BorrowerCo, LLC","4","650","or other covenant restrictions","(14,662)"
"SRC046","212","24","WH BorrowerCo, LLC","5","771","delayed draw commitments","2,310"
"SRC046","212","25","Yellow Castle AB*","1","311","draw loan commitments","36,848"
"SRC046","212","25","Yellow Castle AB*","3","472","Total unfunded commitments","36,848"
"SRC046","212","25","Yellow Castle AB*","5","771","delayed draw commitments","36,848"
"SRC046","212","26","Zendesk, Inc.","1","311","draw loan commitments","50,138"
"SRC046","212","26","Zendesk, Inc.","3","472","Total unfunded commitments","50,138"
"SRC046","212","26","Zendesk, Inc.","5","771","delayed draw commitments","50,138"
"SRC046","212","27","Zeus Company LLC","1","311","draw loan commitments","14,074"
"SRC046","212","27","Zeus Company LLC","3","472","Total unfunded commitments","14,074"
"SRC046","212","27","Zeus Company LLC","5","771","delayed draw commitments","14,074"
"SRC046","212","28","Total $ 2,353,861","2","388","Less: funded commitments","(77,731)"
"SRC046","212","28","Total $ 2,353,861","3","472","Total unfunded commitments","2,276,130"
"SRC046","212","28","Total $ 2,353,861","4","650","or other covenant restrictions","(34,536)"
"SRC046","212","28","Total $ 2,353,861","5","771","delayed draw commitments","2,241,594"
"SRC046","213","1","Aerospace & Defense $","1","344","Lien - Secured Debt","112,768"
"SRC046","213","1","Aerospace & Defense $","5","762","Total","112,768"
"SRC046","213","2","Automobile Components","1","344","Lien - Secured Debt","191,178"
"SRC046","213","2","Automobile Components","5","762","Total","191,178"
"SRC046","213","3","Banks","1","344","Lien - Secured Debt","16,377"
"SRC046","213","3","Banks","5","762","Total","16,377"
"SRC046","213","4","Biotechnology","1","344","Lien - Secured Debt","42,869"
"SRC046","213","4","Biotechnology","5","762","Total","42,869"
"SRC046","213","5","Building Products","1","344","Lien - Secured Debt","164,082"
"SRC046","213","5","Building Products","5","762","Total","164,082"
"SRC046","213","6","Capital Markets","1","344","Lien - Secured Debt","243,574"
"SRC046","213","6","Capital Markets","5","762","Total","243,574"
"SRC046","213","7","Chemicals","1","344","Lien - Secured Debt","103,426"
"SRC046","213","7","Chemicals","4","689","Common Equity","100"
"SRC046","213","7","Chemicals","5","762","Total","103,526"
"SRC046","213","8","Commercial Services & Supplies","1","344","Lien - Secured Debt","1,173,940"
"SRC046","213","8","Commercial Services & Supplies","4","689","Common Equity","140"
"SRC046","213","8","Commercial Services & Supplies","5","762","Total","1,174,080"
"SRC046","213","9","Communications Equipment","1","344","Lien - Secured Debt","114,876"
"SRC046","213","9","Communications Equipment","2","422","Second Lien - Secured Debt","36,810"
"SRC046","213","9","Communications Equipment","5","762","Total","151,686"
"SRC046","213","10","Construction & Engineering","1","344","Lien - Secured Debt","340,503"
"SRC046","213","10","Construction & Engineering","4","689","Common Equity","50"
"SRC046","213","10","Construction & Engineering","5","762","Total","340,553"
"SRC046","213","11","Construction Materials","1","344","Lien - Secured Debt","23,809"
"SRC046","213","11","Construction Materials","5","762","Total","23,809"
"SRC046","213","12","Consumer Finance","1","344","Lien - Secured Debt","52,852"
"SRC046","213","12","Consumer Finance","5","762","Total","52,852"
"SRC046","213","13","Consumer Staples Distribution & Retail","1","344","Lien - Secured Debt","340,072"
"SRC046","213","13","Consumer Staples Distribution & Retail","5","762","Total","340,072"
"SRC046","213","14","Containers & Packaging","1","344","Lien - Secured Debt","137,038"
"SRC046","213","14","Containers & Packaging","5","762","Total","137,038"
"SRC046","213","15","Distributors","1","344","Lien - Secured Debt","173,598"
"SRC046","213","15","Distributors","4","689","Common Equity","90"
"SRC046","213","15","Distributors","5","762","Total","173,688"
"SRC046","213","16","Diversified Consumer Services","1","344","Lien - Secured Debt","389,803"
"SRC046","213","16","Diversified Consumer Services","5","762","Total","389,803"
"SRC046","213","17","Electric Utilities","1","344","Lien - Secured Debt","202,475"
"SRC046","213","17","Electric Utilities","5","762","Total","202,475"
"SRC046","213","18","Electrical Equipment","1","344","Lien - Secured Debt","113,687"
"SRC046","213","18","Electrical Equipment","5","762","Total","113,687"
"SRC046","213","19","Electronic Equipment, Instruments & Components","1","344","Lien - Secured Debt","27,652"
"SRC046","213","19","Electronic Equipment, Instruments & Components","5","762","Total","27,652"
"SRC046","213","20","Energy Equipment & Services","1","344","Lien - Secured Debt","33,099"
"SRC046","213","20","Energy Equipment & Services","5","762","Total","33,099"
"SRC046","213","21","Entertainment","1","344","Lien - Secured Debt","86,002"
"SRC046","213","21","Entertainment","5","762","Total","86,002"
"SRC046","213","22","Financial Services","1","344","Lien - Secured Debt","1,167,939"
"SRC046","213","22","Financial Services","3","595","Preferred Equity","5,940"
"SRC046","213","22","Financial Services","4","689","Common Equity","101"
"SRC046","213","22","Financial Services","5","762","Total","1,173,980"
"SRC046","213","23","Financing","1","344","Lien - Secured Debt","14,018"
"SRC046","213","23","Financing","5","762","Total","14,018"
"SRC046","213","24","Food Products","1","344","Lien - Secured Debt","3,627"
"SRC046","213","24","Food Products","4","689","Common Equity","125"
"SRC046","213","24","Food Products","5","762","Total","3,752"
"SRC046","213","25","Ground Transportation","1","344","Lien - Secured Debt","92,152"
"SRC046","213","25","Ground Transportation","5","762","Total","92,152"
"SRC046","213","26","Health Care Equipment & Supplies","1","344","Lien - Secured Debt","162,268"
"SRC046","213","26","Health Care Equipment & Supplies","5","762","Total","162,268"
"SRC046","213","27","Health Care Providers & Services","1","344","Lien - Secured Debt","1,098,927"
"SRC046","213","27","Health Care Providers & Services","3","595","Preferred Equity","100"
"SRC046","213","27","Health Care Providers & Services","5","762","Total","1,099,027"
"SRC046","213","28","Health Care Technology","1","344","Lien - Secured Debt","120,361"
"SRC046","213","28","Health Care Technology","5","762","Total","120,361"
"SRC046","214","1","Hotels, Restaurants & Leisure $","1","344","Lien - Secured Debt","416,996"
"SRC046","214","1","Hotels, Restaurants & Leisure $","3","529","","96"
"SRC046","214","1","Hotels, Restaurants & Leisure $","6","762","Total","417,092"
"SRC046","214","2","Household Durables","1","344","Lien - Secured Debt","144,955"
"SRC046","214","2","Household Durables","5","700","Common Equity","50"
"SRC046","214","2","Household Durables","6","762","Total","145,005"
"SRC046","214","3","Household Products","1","344","Lien - Secured Debt","120,192"
"SRC046","214","3","Household Products","6","762","Total","120,192"
"SRC046","214","4","Independent Power & Renewable Electricity Producers","1","344","Lien - Secured Debt","74,978"
"SRC046","214","4","Independent Power & Renewable Electricity Producers","6","762","Total","74,978"
"SRC046","214","5","Insurance","1","344","Lien - Secured Debt","773,289"
"SRC046","214","5","Insurance","4","614","Preferred Equity","49"
"SRC046","214","5","Insurance","6","762","Total","773,338"
"SRC046","214","6","IT Services","1","344","Lien - Secured Debt","464,698"
"SRC046","214","6","IT Services","6","762","Total","464,698"
"SRC046","214","7","Leisure Products","1","344","Lien - Secured Debt","189,106"
"SRC046","214","7","Leisure Products","6","762","Total","189,106"
"SRC046","214","8","Life Sciences Tools & Services","1","344","Lien - Secured Debt","78,543"
"SRC046","214","8","Life Sciences Tools & Services","6","762","Total","78,543"
"SRC046","214","9","Machinery","1","344","Lien - Secured Debt","243,438"
"SRC046","214","9","Machinery","6","762","Total","243,438"
"SRC046","214","10","Marine Transportation","1","344","Lien - Secured Debt","25,671"
"SRC046","214","10","Marine Transportation","6","762","Total","25,671"
"SRC046","214","11","Media","1","344","Lien - Secured Debt","630,519"
"SRC046","214","11","Media","6","762","Total","630,519"
"SRC046","214","12","Oil, Gas & Consumable Fuels","1","344","Lien - Secured Debt","22,973"
"SRC046","214","12","Oil, Gas & Consumable Fuels","6","762","Total","22,973"
"SRC046","214","13","Personal Care Products","1","344","Lien - Secured Debt","265,674"
"SRC046","214","13","Personal Care Products","5","700","Common Equity","33"
"SRC046","214","13","Personal Care Products","6","762","Total","265,707"
"SRC046","214","14","Pharmaceuticals","1","344","Lien - Secured Debt","443,035"
"SRC046","214","14","Pharmaceuticals","4","614","Preferred Equity","117"
"SRC046","214","14","Pharmaceuticals","6","762","Total","443,152"
"SRC046","214","15","Professional Services","1","344","Lien - Secured Debt","435,275"
"SRC046","214","15","Professional Services","6","762","Total","435,275"
"SRC046","214","16","Real Estate Management & Development","1","344","Lien - Secured Debt","132,316"
"SRC046","214","16","Real Estate Management & Development","6","762","Total","132,316"
"SRC046","214","17","Software","1","344","Lien - Secured Debt","2,110,966"
"SRC046","214","17","Software","5","700","Common Equity","77"
"SRC046","214","17","Software","6","762","Total","2,111,043"
"SRC046","214","18","Special Purpose Entity","1","344","Lien - Secured Debt","7,133"
"SRC046","214","18","Special Purpose Entity","6","762","Total","7,133"
"SRC046","214","19","Specialty Retail","1","344","Lien - Secured Debt","332,158"
"SRC046","214","19","Specialty Retail","6","762","Total","332,158"
"SRC046","214","20","Technology Hardware, Storage & Peripherals","1","344","Lien - Secured Debt","360,953"
"SRC046","214","20","Technology Hardware, Storage & Peripherals","6","762","Total","360,953"
"SRC046","214","21","Textiles, Apparel & Luxury Goods","1","344","Lien - Secured Debt","231,306"
"SRC046","214","21","Textiles, Apparel & Luxury Goods","6","762","Total","231,306"
"SRC046","214","22","Trading Companies & Distributors","1","344","Lien - Secured Debt","215,865"
"SRC046","214","22","Trading Companies & Distributors","6","762","Total","215,865"
"SRC046","214","23","Transportation Infrastructure","1","344","Lien - Secured Debt","102,449"
"SRC046","214","23","Transportation Infrastructure","6","762","Total","102,449"
"SRC046","214","24","Total $ 14,565,460","2","427","Second Lien - Secured Debt","36,810"
"SRC046","214","24","Total $ 14,565,460","3","529","","96"
"SRC046","214","24","Total $ 14,565,460","4","614","Preferred Equity","6,206"
"SRC046","214","24","Total $ 14,565,460","5","700","Common Equity","766"
"SRC046","214","24","Total $ 14,565,460","6","762","Total","14,609,338"
"SRC046","215","1","Aerospace & Defense $","1","321","Secured Debt","114,754"
"SRC046","215","1","Aerospace & Defense $","4","686","Total","114,754"
"SRC046","215","1","Aerospace & Defense $","5","773","% of Net Assets","1.2%"
"SRC046","215","2","Automobile Components","1","321","Secured Debt","193,552"
"SRC046","215","2","Automobile Components","4","686","Total","193,552"
"SRC046","215","2","Automobile Components","5","773","% of Net Assets","2.0%"
"SRC046","215","3","Banks","1","321","Secured Debt","16,310"
"SRC046","215","3","Banks","4","686","Total","16,310"
"SRC046","215","3","Banks","5","773","% of Net Assets","0.2%"
"SRC046","215","4","Biotechnology","1","321","Secured Debt","42,891"
"SRC046","215","4","Biotechnology","4","686","Total","42,891"
"SRC046","215","4","Biotechnology","5","773","% of Net Assets","0.4%"
"SRC046","215","5","Building Products","1","321","Secured Debt","165,258"
"SRC046","215","5","Building Products","4","686","Total","165,258"
"SRC046","215","5","Building Products","5","773","% of Net Assets","1.7%"
"SRC046","215","6","Capital Markets","1","321","Secured Debt","243,355"
"SRC046","215","6","Capital Markets","4","686","Total","243,355"
"SRC046","215","6","Capital Markets","5","773","% of Net Assets","2.5%"
"SRC046","215","7","Chemicals","1","321","Secured Debt","90,913"
"SRC046","215","7","Chemicals","3","640","Common Equity","118"
"SRC046","215","7","Chemicals","4","686","Total","91,031"
"SRC046","215","7","Chemicals","5","773","% of Net Assets","1.0%"
"SRC046","215","8","Commercial Services & Supplies","1","321","Secured Debt","1,169,906"
"SRC046","215","8","Commercial Services & Supplies","3","640","Common Equity","202"
"SRC046","215","8","Commercial Services & Supplies","4","686","Total","1,170,108"
"SRC046","215","8","Commercial Services & Supplies","5","773","% of Net Assets","12.3%"
"SRC046","215","9","Communications Equipment","1","321","Secured Debt","116,544"
"SRC046","215","9","Communications Equipment","4","686","Total","122,267"
"SRC046","215","9","Communications Equipment","5","773","% of Net Assets","1.3%"
"SRC046","215","10","Construction & Engineering","1","321","Secured Debt","336,834"
"SRC046","215","10","Construction & Engineering","3","640","Common Equity","32"
"SRC046","215","10","Construction & Engineering","4","686","Total","336,866"
"SRC046","215","10","Construction & Engineering","5","773","% of Net Assets","3.5%"
"SRC046","215","11","Construction Materials","1","321","Secured Debt","23,926"
"SRC046","215","11","Construction Materials","4","686","Total","23,926"
"SRC046","215","11","Construction Materials","5","773","% of Net Assets","0.3%"
"SRC046","215","12","Consumer Finance","1","321","Secured Debt","54,424"
"SRC046","215","12","Consumer Finance","4","686","Total","54,424"
"SRC046","215","12","Consumer Finance","5","773","% of Net Assets","0.6%"
"SRC046","215","13","Consumer Staples Distribution & Retail","1","321","Secured Debt","347,144"
"SRC046","215","13","Consumer Staples Distribution & Retail","4","686","Total","347,144"
"SRC046","215","13","Consumer Staples Distribution & Retail","5","773","% of Net Assets","3.6%"
"SRC046","215","14","Containers & Packaging","1","321","Secured Debt","132,079"
"SRC046","215","14","Containers & Packaging","4","686","Total","132,079"
"SRC046","215","14","Containers & Packaging","5","773","% of Net Assets","1.4%"
"SRC046","215","15","Distributors","1","321","Secured Debt","174,994"
"SRC046","215","15","Distributors","3","640","Common Equity","93"
"SRC046","215","15","Distributors","4","686","Total","175,087"
"SRC046","215","15","Distributors","5","773","% of Net Assets","1.8%"
"SRC046","215","16","Diversified Consumer Services","1","321","Secured Debt","377,209"
"SRC046","215","16","Diversified Consumer Services","4","686","Total","377,209"
"SRC046","215","16","Diversified Consumer Services","5","773","% of Net Assets","4.0%"
"SRC046","215","17","Electric Utilities","1","321","Secured Debt","196,360"
"SRC046","215","17","Electric Utilities","4","686","Total","196,360"
"SRC046","215","17","Electric Utilities","5","773","% of Net Assets","2.1%"
"SRC046","215","18","Electrical Equipment","1","321","Secured Debt","111,076"
"SRC046","215","18","Electrical Equipment","4","686","Total","111,076"
"SRC046","215","18","Electrical Equipment","5","773","% of Net Assets","1.2%"
"SRC046","215","19","Electronic Equipment, Instruments & Components","1","321","Secured Debt","27,990"
"SRC046","215","19","Electronic Equipment, Instruments & Components","4","686","Total","27,990"
"SRC046","215","19","Electronic Equipment, Instruments & Components","5","773","% of Net Assets","0.3%"
"SRC046","215","20","Energy Equipment & Services","1","321","Secured Debt","33,361"
"SRC046","215","20","Energy Equipment & Services","4","686","Total","33,361"
"SRC046","215","20","Energy Equipment & Services","5","773","% of Net Assets","0.3%"
"SRC046","215","21","Entertainment","1","321","Secured Debt","87,577"
"SRC046","215","21","Entertainment","4","686","Total","87,577"
"SRC046","215","21","Entertainment","5","773","% of Net Assets","0.9%"
"SRC046","215","22","Financial Services","1","321","Secured Debt","1,163,503"
"SRC046","215","22","Financial Services","2","565","Preferred Equity","6,176"
"SRC046","215","22","Financial Services","3","640","Common Equity","101"
"SRC046","215","22","Financial Services","4","686","Total","1,169,780"
"SRC046","215","22","Financial Services","5","773","% of Net Assets","12.3%"
"SRC046","215","23","Financing","1","321","Secured Debt","13,408"
"SRC046","215","23","Financing","4","686","Total","13,408"
"SRC046","215","23","Financing","5","773","% of Net Assets","0.1%"
"SRC046","215","24","Food Products","1","321","Secured Debt","3,700"
"SRC046","215","24","Food Products","3","640","Common Equity","153"
"SRC046","215","24","Food Products","4","686","Total","3,853"
"SRC046","215","24","Food Products","5","773","% of Net Assets","0.0%"
"SRC046","215","25","Ground Transportation","1","321","Secured Debt","89,484"
"SRC046","215","25","Ground Transportation","4","686","Total","89,484"
"SRC046","215","25","Ground Transportation","5","773","% of Net Assets","0.9%"
"SRC046","215","26","Health Care Equipment & Supplies","1","321","Secured Debt","163,802"
"SRC046","215","26","Health Care Equipment & Supplies","4","686","Total","163,802"
"SRC046","215","26","Health Care Equipment & Supplies","5","773","% of Net Assets","1.7%"
"SRC046","215","27","Health Care Providers & Services","1","321","Secured Debt","1,078,972"
"SRC046","215","27","Health Care Providers & Services","2","565","Preferred Equity","50"
"SRC046","215","27","Health Care Providers & Services","4","686","Total","1,079,022"
"SRC046","215","27","Health Care Providers & Services","5","773","% of Net Assets","11.3%"
"SRC046","215","28","Health Care Technology","1","321","Secured Debt","121,371"
"SRC046","215","28","Health Care Technology","4","686","Total","121,371"
"SRC046","215","28","Health Care Technology","5","773","% of Net Assets","1.3%"
"SRC046","216","1","Hotels, Restaurants & Leisure $","1","323","First Lien - Secured Debt","408,120"
"SRC046","216","1","Hotels, Restaurants & Leisure $","3","483","Unsecured Debt","103"
"SRC046","216","1","Hotels, Restaurants & Leisure $","6","683","Total","408,223"
"SRC046","216","1","Hotels, Restaurants & Leisure $","7","773","% of Net Assets","4.3%"
"SRC046","216","2","Household Durables","1","323","First Lien - Secured Debt","149,259"
"SRC046","216","2","Household Durables","5","636","Common Equity","65"
"SRC046","216","2","Household Durables","6","683","Total","149,324"
"SRC046","216","2","Household Durables","7","773","% of Net Assets","1.6%"
"SRC046","216","3","Household Products","1","323","First Lien - Secured Debt","116,470"
"SRC046","216","3","Household Products","6","683","Total","116,470"
"SRC046","216","3","Household Products","7","773","% of Net Assets","1.2%"
"SRC046","216","4","Independent Power & Renewable Electricity Producers","1","323","First Lien - Secured Debt","64,581"
"SRC046","216","4","Independent Power & Renewable Electricity Producers","6","683","Total","64,581"
"SRC046","216","4","Independent Power & Renewable Electricity Producers","7","773","% of Net Assets","0.7%"
"SRC046","216","5","Insurance","1","323","First Lien - Secured Debt","778,808"
"SRC046","216","5","Insurance","4","559","Preferred Equity","49"
"SRC046","216","5","Insurance","6","683","Total","778,857"
"SRC046","216","5","Insurance","7","773","% of Net Assets","8.2%"
"SRC046","216","6","IT Services","1","323","First Lien - Secured Debt","462,807"
"SRC046","216","6","IT Services","6","683","Total","462,807"
"SRC046","216","6","IT Services","7","773","% of Net Assets","4.8%"
"SRC046","216","7","Leisure Products","1","323","First Lien - Secured Debt","193,214"
"SRC046","216","7","Leisure Products","6","683","Total","193,214"
"SRC046","216","7","Leisure Products","7","773","% of Net Assets","2.0%"
"SRC046","216","8","Life Sciences Tools & Services","1","323","First Lien - Secured Debt","78,564"
"SRC046","216","8","Life Sciences Tools & Services","6","683","Total","78,564"
"SRC046","216","8","Life Sciences Tools & Services","7","773","% of Net Assets","0.8%"
"SRC046","216","9","Machinery","1","323","First Lien - Secured Debt","246,511"
"SRC046","216","9","Machinery","6","683","Total","246,511"
"SRC046","216","9","Machinery","7","773","% of Net Assets","2.6%"
"SRC046","216","10","Marine Transportation","1","323","First Lien - Secured Debt","25,714"
"SRC046","216","10","Marine Transportation","6","683","Total","25,714"
"SRC046","216","10","Marine Transportation","7","773","% of Net Assets","0.3%"
"SRC046","216","11","Media","1","323","First Lien - Secured Debt","634,570"
"SRC046","216","11","Media","6","683","Total","634,570"
"SRC046","216","11","Media","7","773","% of Net Assets","6.6%"
"SRC046","216","12","Oil, Gas & Consumable Fuels","1","323","First Lien - Secured Debt","23,023"
"SRC046","216","12","Oil, Gas & Consumable Fuels","6","683","Total","23,023"
"SRC046","216","12","Oil, Gas & Consumable Fuels","7","773","% of Net Assets","0.2%"
"SRC046","216","13","Personal Care Products","1","323","First Lien - Secured Debt","267,248"
"SRC046","216","13","Personal Care Products","6","683","Total","267,248"
"SRC046","216","13","Personal Care Products","7","773","% of Net Assets","2.8%"
"SRC046","216","14","Pharmaceuticals","1","323","First Lien - Secured Debt","449,710"
"SRC046","216","14","Pharmaceuticals","4","559","Preferred Equity","152"
"SRC046","216","14","Pharmaceuticals","6","683","Total","449,862"
"SRC046","216","14","Pharmaceuticals","7","773","% of Net Assets","4.7%"
"SRC046","216","15","Professional Services","1","323","First Lien - Secured Debt","434,044"
"SRC046","216","15","Professional Services","6","683","Total","434,044"
"SRC046","216","15","Professional Services","7","773","% of Net Assets","4.5%"
"SRC046","216","16","Real Estate Management & Development","1","323","First Lien - Secured Debt","132,293"
"SRC046","216","16","Real Estate Management & Development","6","683","Total","132,293"
"SRC046","216","16","Real Estate Management & Development","7","773","% of Net Assets","1.4%"
"SRC046","216","17","Software","1","323","First Lien - Secured Debt","2,124,693"
"SRC046","216","17","Software","5","636","Common Equity","68"
"SRC046","216","17","Software","6","683","Total","2,124,761"
"SRC046","216","17","Software","7","773","% of Net Assets","22.3%"
"SRC046","216","18","Special Purpose Entity","1","323","First Lien - Secured Debt","5,706"
"SRC046","216","18","Special Purpose Entity","6","683","Total","5,706"
"SRC046","216","18","Special Purpose Entity","7","773","% of Net Assets","0.1%"
"SRC046","216","19","Specialty Retail","1","323","First Lien - Secured Debt","345,327"
"SRC046","216","19","Specialty Retail","6","683","Total","345,327"
"SRC046","216","19","Specialty Retail","7","773","% of Net Assets","3.6%"
"SRC046","216","20","Technology Hardware, Storage & Peripherals","1","323","First Lien - Secured Debt","361,825"
"SRC046","216","20","Technology Hardware, Storage & Peripherals","6","683","Total","361,825"
"SRC046","216","20","Technology Hardware, Storage & Peripherals","7","773","% of Net Assets","3.8%"
"SRC046","216","21","Textiles, Apparel & Luxury Goods","1","323","First Lien - Secured Debt","229,956"
"SRC046","216","21","Textiles, Apparel & Luxury Goods","6","683","Total","229,956"
"SRC046","216","21","Textiles, Apparel & Luxury Goods","7","773","% of Net Assets","2.4%"
"SRC046","216","22","Trading Companies & Distributors","1","323","First Lien - Secured Debt","216,717"
"SRC046","216","22","Trading Companies & Distributors","6","683","Total","216,717"
"SRC046","216","22","Trading Companies & Distributors","7","773","% of Net Assets","2.3%"
"SRC046","216","23","Transportation Infrastructure","1","323","First Lien - Secured Debt","102,593"
"SRC046","216","23","Transportation Infrastructure","6","683","Total","102,593"
"SRC046","216","23","Transportation Infrastructure","7","773","% of Net Assets","1.1%"
"SRC046","216","24","Total $ 14,542,450","2","405","Second Lien - Secured Debt","5,723"
"SRC046","216","24","Total $ 14,542,450","3","483","Unsecured Debt","103"
"SRC046","216","24","Total $ 14,542,450","4","559","Preferred Equity","6,427"
"SRC046","216","24","Total $ 14,542,450","5","636","Common Equity","832"
"SRC046","216","24","Total $ 14,542,450","6","683","Total","14,555,535"
"SRC046","216","24","Total $ 14,542,450","7","773","% of Net Assets","152.5%"
"SRC046","216","25","% of Net Assets","1","323","First Lien - Secured Debt","152.3%"
"SRC046","216","25","% of Net Assets","2","405","Second Lien - Secured Debt","0.1%"
"SRC046","216","25","% of Net Assets","3","483","Unsecured Debt","0.0%"
"SRC046","216","25","% of Net Assets","4","559","Preferred Equity","0.1%"
"SRC046","216","25","% of Net Assets","5","636","Common Equity","0.0%"
"SRC046","216","25","% of Net Assets","6","683","Total","152.5%"
