"file_id","source_page","row_index","source_row_label","column_index","column_x","source_column_label","value_raw"
"SRC042","1","1","OF","1","65","","1934"
"SRC042","1","2","‘ TRANSITION","4","324","","13"
"SRC042","1","3","OF","1","65","","1934"
"SRC042","1","4","Common","2","180","","$0.001"
"SRC042","1","5","Indicate by","4","324","","405"
"SRC042","1","6","Indicate by","4","324","","13"
"SRC042","1","7","Indicate by","2","180","","(1)"
"SRC042","1","7","Indicate by","5","361","","13"
"SRC042","1","7","Indicate by","6","496","","1934"
"SRC042","1","8","preceding","1","65","","12"
"SRC042","1","8","preceding","5","361","","(2)"
"SRC042","1","9","Indicate by","6","496","","405"
"SRC042","1","10","(§232.405","2","180","","12"
"SRC042","1","11","reporting under","3","225","","(15"
"SRC042","1","12","As of June","1","65","","30, 2025,"
"SRC042","1","12","As of June","5","361","","$0.001"
"SRC042","1","13","the Registrant","1","65","","$6,968"
"SRC042","1","14","The number","3","225","","18, 2026"
"SRC042","2","1","Item","1","90","","1."
"SRC042","2","1","Item","2","509","","6"
"SRC042","2","2","Item","2","509","","31"
"SRC042","2","3","Item","2","509","","141"
"SRC042","2","4","Item","2","509","","141"
"SRC042","2","5","Item","1","90","","2."
"SRC042","2","5","Item","2","509","","143"
"SRC042","2","6","Item","1","90","","3."
"SRC042","2","6","Item","2","509","","143"
"SRC042","2","7","Item","1","90","","4."
"SRC042","2","7","Item","2","509","","143"
"SRC042","2","8","Item","1","90","","5."
"SRC042","2","9","Item","1","90","","6."
"SRC042","2","9","Item","2","509","","147"
"SRC042","2","10","Item","1","90","","7."
"SRC042","2","11","Item","2","509","","162"
"SRC042","2","12","Item","1","90","","8."
"SRC042","2","12","Item","2","509","","164"
"SRC042","2","13","Item","1","90","","9."
"SRC042","2","14","Item","2","509","","293"
"SRC042","2","15","Item","2","509","","294"
"SRC042","2","16","Item","2","509","","294"
"SRC042","2","17","Item","1","90","","10."
"SRC042","2","17","Item","2","509","","295"
"SRC042","2","18","Item","1","90","","11."
"SRC042","2","18","Item","2","509","","303"
"SRC042","2","19","Item","1","90","","12."
"SRC042","2","20","Item","1","90","","13."
"SRC042","2","20","Item","2","509","","306"
"SRC042","2","21","Item","1","90","","14."
"SRC042","2","21","Item","2","509","","308"
"SRC042","2","22","Item","1","90","","15."
"SRC042","2","22","Item","2","509","","310"
"SRC042","2","23","Item","1","90","","16."
"SRC042","2","23","Item","2","509","","315"
"SRC042","2","24","SIGNATURES","2","509","","316"
"SRC042","10","1","located at","1","111","Blackstone Private Administrator and","345"
"SRC042","10","2","Blackstone","2","378","credit and insurance, credit platform,","$1.3"
"SRC042","10","3","in offices","2","378","credit and insurance, credit platform,","439"
"SRC042","10","4","includes","1","111","Blackstone’s investing. Blackstone","127"
"SRC042","10","5","Blackstone","2","378","credit and insurance, credit platform,","24"
"SRC042","11","1","focused on North America had over","1","217","including growing","$1.5"
"SRC042","11","2","published by Preqin as of December","1","217","including growing","31,"
"SRC042","11","3","2025 private credit markets financed","1","217","role of traditional","214"
"SRC042","11","4","the publicly syndicated markets, which","2","295","financial institutions","42 (16%"
"SRC042","20","1","As of December","1","157","","31,"
"SRC042","20","1","As of December","2","172","","2025,"
"SRC042","20","1","As of December","3","348","","$14.2"
"SRC042","20","2","As of December","1","157","","31,"
"SRC042","20","2","As of December","2","172","","2025,"
"SRC042","20","3","aggregate principal amount","2","172","","$1.8"
"SRC042","20","4","See the Consolidated","3","348","","31, 2025"
"SRC042","24","1","(the “Incentive Fee Cap”). The Incentive Fee Cap for","2","436","","17.5%"
"SRC042","24","2","0%","1","288","","100%"
"SRC042","24","2","0%","2","436","","17.5%"
"SRC042","26","1","the Investment Advisory Agreement or the Sub-Advisory","2","376","Advisory Agreements notice. The decision","60"
"SRC042","26","2","automatically terminate within the meaning of the","1","275","may terminate upon 60 days’","1940"
"SRC042","28","1","in Section","3","161","","1940"
"SRC042","28","2","is made,","4","255","","70%"
"SRC042","28","3","described","2","133","","(2)"
"SRC042","28","3","described","3","161","","(3)"
"SRC042","29","1","investments, so","1","132","Temporary can consist","70%"
"SRC042","29","2","Warrants.","2","180","Investments. Pending of cash, cash","1940"
"SRC042","29","3","purchase shares","2","180","Investments. Pending of cash, cash","25%"
"SRC042","29","4","coverage, as defined","2","180","Investments. Pending of cash, cash","1940"
"SRC042","29","5","September 25,","1","132","Temporary can consist","2018,"
"SRC042","29","6","Section 61(a)(2)","2","180","Investments. Pending of cash, cash","1940"
"SRC042","29","7","amounts up to","1","132","Temporary can consist","5%"
"SRC042","30","1","Other. We will be periodically examined","2","397","and certain","1940"
"SRC042","30","2","voting securities of a company is defined","2","397","and certain","67%"
"SRC042","30","3","shares present at a meeting if more than","1","229","certain affiliates","50%"
"SRC042","30","4","represented by proxy, or (ii) more than","1","229","certain affiliates","50%"
"SRC042","32","1","so that, at the end of each quarter of each taxable year of the Company (a) at","2","408","and (4)","50%"
"SRC042","32","2","10% of the outstanding voting securities of such issuer, and (b) not more than","1","378","Partnership”);","25%"
"SRC042","32","3","distributes in each taxable year to its shareholders, provided that it distributes","2","408","and (4)","90%"
"SRC042","32","4","must distribute during each calendar year an amount at least equal to the sum","2","408","and (4)","98%"
"SRC042","48","1","be regulated","4","290","","1940"
"SRC042","48","2","automatically","4","290","","1, 2022."
"SRC042","49","1","Any control shares of the Company acquired before","2","341","including","1, 2022"
"SRC042","49","2","Share Statute; however, any further acquisitions on or after","2","341","including","1, 2022"
"SRC042","49","3","asserting a claim arising pursuant to any provision of Title","1","304","which have the 1940","12"
"SRC042","49","4","securities laws of the United States, including, without","2","341","held that Act. Additionally,","1940"
"SRC042","78","1","financial institutions only in amounts such that our asset","2","473","non-qualifying","1940"
"SRC042","78","2","immediately after each such issuance. The 1940 Act currently","2","473","non-qualifying","150%"
"SRC042","80","1","means that we are not limited by the","1","221","non-diversified","1940"
"SRC042","80","2","securities of a single issuer. Under the","1","221","non-diversified","1940"
"SRC042","80","3","of the total assets of such company and","2","288","investment company","10%"
"SRC042","84","1","Shareholder","1","129","","(1)"
"SRC042","84","1","Shareholder","2","264","","-30.09%"
"SRC042","84","1","Shareholder","3","306","","-18.36%"
"SRC042","84","1","Shareholder","4","370","","-6.62%"
"SRC042","84","1","Shareholder","6","429","","5.11%"
"SRC042","84","1","Shareholder","7","487","","16.85%"
"SRC042","84","2","(1) Based on (i)","1","129","","$14.7"
"SRC042","84","2","(1) Based on (i)","2","264","","31, 2025,"
"SRC042","84","2","(1) Based on (i)","8","508","","31,"
"SRC042","84","3","2025, (iii) $6.2","2","264","","31, 2025"
"SRC042","84","4","amortization","8","508","","5.1%"
"SRC042","84","5","as of December","1","129","","31, 2025."
"SRC042","84","6","Based on","2","264","","$8.1"
"SRC042","84","6","Based on","5","407","","31, 2025"
"SRC042","84","7","discounts), and","4","370","","5.1%"
"SRC042","84","8","portfolio at fair","5","407","","2.82%"
"SRC042","84","9","interest payments","2","264","","7."
"SRC042","84","10","include various","4","370","We expect We may","1940"
"SRC042","84","11","Among","2","264","our net investment equity and","1940"
"SRC042","146","1","NYSE on","2","163","","28, 2021."
"SRC042","146","2","share at,","5","289","","24, 2026,"
"SRC042","146","3","Common","3","221","","$23.84"
"SRC042","146","3","Common","7","419","","11.44%"
"SRC042","146","4","reported","3","221","","2025."
"SRC042","146","5","coverage","3","221","","1940"
"SRC042","146","6","The","9","498","","31,"
"SRC042","146","7","February","1","109","Date Declared","26, 2025"
"SRC042","146","7","February","3","221","","31, 2025"
"SRC042","146","7","February","6","356","Payment Date","2025"
"SRC042","146","7","February","7","419","Per Share Amount","0.7700"
"SRC042","146","7","February","8","482","","175,421"
"SRC042","146","8","May 7, 2025","3","221","","30, 2025"
"SRC042","146","8","May 7, 2025","6","356","Payment Date","2025"
"SRC042","146","8","May 7, 2025","7","419","Per Share Amount","0.7700"
"SRC042","146","8","May 7, 2025","8","482","","177,007"
"SRC042","146","9","August 6,","1","109","Date Declared","2025"
"SRC042","146","9","August 6,","4","252","Record Date","30, 2025"
"SRC042","146","9","August 6,","6","356","Payment Date","24, 2025"
"SRC042","146","9","August 6,","7","419","Per Share Amount","0.7700"
"SRC042","146","9","August 6,","8","482","","177,837"
"SRC042","146","10","November","1","109","Date Declared","10, 2025"
"SRC042","146","10","November","3","221","","31,"
"SRC042","146","10","November","4","252","Record Date","2025"
"SRC042","146","10","November","6","356","Payment Date","23, 2026"
"SRC042","146","10","November","7","419","Per Share Amount","0.7700"
"SRC042","146","10","November","8","482","","178,616"
"SRC042","146","11","Total distributions","7","419","Per Share Amount","3.0800"
"SRC042","146","11","Total distributions","8","482","","708,881"
"SRC042","146","12","to shareholders","9","498","Total Amount","31,"
"SRC042","147","1","legal and regulatory requirements and","3","308","","2026"
"SRC042","147","2","that any specific number of Common","5","387","","2026"
"SRC042","147","2","that any specific number of Common","7","487","","2026"
"SRC042","147","3","For the Year Ended December 31,","1","218","","2025"
"SRC042","147","4","First Quarter ...........................","2","269","Net Asset Value (1)","$27.39"
"SRC042","147","4","First Quarter ...........................","3","308","High","$34.50"
"SRC042","147","4","First Quarter ...........................","4","340","Low","$31.30"
"SRC042","147","4","First Quarter ...........................","5","387","Asset Value (2)","26.0%"
"SRC042","147","4","First Quarter ...........................","6","443","Asset Value (2)","14.3%"
"SRC042","147","4","First Quarter ...........................","7","487","Dividend Per Share (3)","$0.77"
"SRC042","147","5","Second Quarter .........................","2","269","Net Asset Value (1)","$27.33"
"SRC042","147","5","Second Quarter .........................","3","308","High","$32.74"
"SRC042","147","5","Second Quarter .........................","4","340","Low","$26.88"
"SRC042","147","5","Second Quarter .........................","5","387","Asset Value (2)","19.8%"
"SRC042","147","5","Second Quarter .........................","7","487","Dividend Per Share (3)","$0.77"
"SRC042","147","6","Third Quarter ..........................","2","269","Net Asset Value (1)","$27.15"
"SRC042","147","6","Third Quarter ..........................","3","308","High","$32.55"
"SRC042","147","6","Third Quarter ..........................","4","340","Low","$26.07"
"SRC042","147","6","Third Quarter ..........................","5","387","Asset Value (2)","19.9%"
"SRC042","147","6","Third Quarter ..........................","7","487","Dividend Per Share (3)","$0.77"
"SRC042","147","7","Fourth Quarter .........................","2","269","Net Asset Value (1)","$26.92"
"SRC042","147","7","Fourth Quarter .........................","3","308","High","$28.39"
"SRC042","147","7","Fourth Quarter .........................","4","340","Low","$25.02"
"SRC042","147","7","Fourth Quarter .........................","5","387","Asset Value (2)","5.5%"
"SRC042","147","7","Fourth Quarter .........................","7","487","Dividend Per Share (3)","$0.77"
"SRC042","147","8","For the Year Ended December 31,","1","218","","2024"
"SRC042","147","9","First Quarter ...........................","2","269","Net Asset Value (1)","$26.87"
"SRC042","147","9","First Quarter ...........................","3","308","High","$31.42"
"SRC042","147","9","First Quarter ...........................","4","340","Low","$27.87"
"SRC042","147","9","First Quarter ...........................","5","387","Asset Value (2)","16.9%"
"SRC042","147","9","First Quarter ...........................","6","443","Asset Value (2)","3.7%"
"SRC042","147","9","First Quarter ...........................","7","487","Dividend Per Share (3)","$0.77"
"SRC042","147","10","Second Quarter .........................","2","269","Net Asset Value (1)","$27.19"
"SRC042","147","10","Second Quarter .........................","3","308","High","$32.50"
"SRC042","147","10","Second Quarter .........................","4","340","Low","$30.45"
"SRC042","147","10","Second Quarter .........................","5","387","Asset Value (2)","19.5%"
"SRC042","147","10","Second Quarter .........................","6","443","Asset Value (2)","12.0%"
"SRC042","147","10","Second Quarter .........................","7","487","Dividend Per Share (3)","$0.77"
"SRC042","147","11","Third Quarter ..........................","2","269","Net Asset Value (1)","$27.27"
"SRC042","147","11","Third Quarter ..........................","3","308","High","$31.59"
"SRC042","147","11","Third Quarter ..........................","4","340","Low","$28.75"
"SRC042","147","11","Third Quarter ..........................","5","387","Asset Value (2)","15.8%"
"SRC042","147","11","Third Quarter ..........................","6","443","Asset Value (2)","5.4%"
"SRC042","147","11","Third Quarter ..........................","7","487","Dividend Per Share (3)","$0.77"
"SRC042","147","12","Fourth Quarter .........................","2","269","Net Asset Value (1)","$27.39"
"SRC042","147","12","Fourth Quarter .........................","3","308","High","$33.27"
"SRC042","147","12","Fourth Quarter .........................","4","340","Low","$29.25"
"SRC042","147","12","Fourth Quarter .........................","5","387","Asset Value (2)","21.5%"
"SRC042","147","12","Fourth Quarter .........................","6","443","Asset Value (2)","6.8%"
"SRC042","147","12","Fourth Quarter .........................","7","487","Dividend Per Share (3)","$0.77"
"SRC042","147","13","For the Year Ended December 31,","1","218","","2023"
"SRC042","147","14","First Quarter ...........................","2","269","Net Asset Value (1)","$26.10"
"SRC042","147","14","First Quarter ...........................","3","308","High","$26.25"
"SRC042","147","14","First Quarter ...........................","4","340","Low","$22.26"
"SRC042","147","14","First Quarter ...........................","5","387","Asset Value (2)","0.6%"
"SRC042","147","14","First Quarter ...........................","7","487","Dividend Per Share (3)","$0.70"
"SRC042","147","15","Second Quarter .........................","2","269","Net Asset Value (1)","$26.30"
"SRC042","147","15","Second Quarter .........................","3","308","High","$27.51"
"SRC042","147","15","Second Quarter .........................","4","340","Low","$23.95"
"SRC042","147","15","Second Quarter .........................","5","387","Asset Value (2)","4.6%"
"SRC042","147","15","Second Quarter .........................","7","487","Dividend Per Share (3)","$0.70"
"SRC042","147","16","Third Quarter ..........................","2","269","Net Asset Value (1)","$26.54"
"SRC042","147","16","Third Quarter ..........................","3","308","High","$28.77"
"SRC042","147","16","Third Quarter ..........................","4","340","Low","$26.67"
"SRC042","147","16","Third Quarter ..........................","5","387","Asset Value (2)","8.4%"
"SRC042","147","16","Third Quarter ..........................","6","443","Asset Value (2)","0.5%"
"SRC042","147","16","Third Quarter ..........................","7","487","Dividend Per Share (3)","$0.77"
"SRC042","147","17","Fourth Quarter .........................","2","269","Net Asset Value (1)","$26.66"
"SRC042","147","17","Fourth Quarter .........................","3","308","High","$28.63"
"SRC042","147","17","Fourth Quarter .........................","4","340","Low","$26.06"
"SRC042","147","17","Fourth Quarter .........................","5","387","Asset Value (2)","7.4%"
"SRC042","147","17","Fourth Quarter .........................","7","487","Dividend Per Share (3)","$0.77"
"SRC042","147","18","For the Year Ended December 31,","1","218","","2022"
"SRC042","147","19","First Quarter ...........................","2","269","Net Asset Value (1)","$26.13"
"SRC042","147","19","First Quarter ...........................","3","308","High","$31.75"
"SRC042","147","19","First Quarter ...........................","4","340","Low","$27.88"
"SRC042","147","19","First Quarter ...........................","5","387","Asset Value (2)","21.5%"
"SRC042","147","19","First Quarter ...........................","6","443","Asset Value (2)","6.7%"
"SRC042","147","19","First Quarter ...........................","7","487","Dividend Per Share (3)","$0.78"
"SRC042","147","20","Second Quarter .........................","2","269","Net Asset Value (1)","$25.89"
"SRC042","147","20","Second Quarter .........................","3","308","High","$28.99"
"SRC042","147","20","Second Quarter .........................","4","340","Low","$23.30"
"SRC042","147","20","Second Quarter .........................","5","387","Asset Value (2)","12.0%"
"SRC042","147","20","Second Quarter .........................","7","487","Dividend Per Share (3)","$0.73"
"SRC042","147","21","Third Quarter ..........................","2","269","Net Asset Value (1)","$25.76"
"SRC042","147","21","Third Quarter ..........................","3","308","High","$25.24"
"SRC042","147","21","Third Quarter ..........................","4","340","Low","$22.11"
"SRC042","147","21","Third Quarter ..........................","7","487","Dividend Per Share (3)","$0.80"
"SRC042","147","22","Fourth Quarter .........................","2","269","Net Asset Value (1)","$25.93"
"SRC042","147","22","Fourth Quarter .........................","3","308","High","$24.68"
"SRC042","147","22","Fourth Quarter .........................","4","340","Low","$22.35"
"SRC042","147","22","Fourth Quarter .........................","7","487","Dividend Per Share (3)","$0.60"
"SRC042","149","1","between 2025 and 2024. For the","3","333","and 2024 items","2023"
"SRC042","149","2","for the year ended December 31,","1","203","10-K generally","2024,"
"SRC042","149","3","and notes thereto in Part II, Item","1","203","10-K generally","8"
"SRC042","151","1","investment commitments (including $966.7 million of which","3","454","","31,"
"SRC042","151","2","$3,471.9 million of which was first lien debt, $106.5 million","3","454","","$4.9"
"SRC042","151","3","As","3","454","cost unless","31,"
"SRC042","151","4","Total investments, beginning of period ..... $13,193,219","2","386","2024","9,934,159"
"SRC042","151","4","Total investments, beginning of period ..... $13,193,219","3","454","2023","9,657,872"
"SRC042","151","5","New investments purchased ..............","1","317","2025","3,269,203"
"SRC042","151","5","New investments purchased ..............","2","386","2024","3,942,742"
"SRC042","151","5","New investments purchased ..............","3","454","2023","1,483,303"
"SRC042","151","6","Payment-in-kind interest capitalized .......","1","317","2025","101,088"
"SRC042","151","6","Payment-in-kind interest capitalized .......","2","386","2024","82,958"
"SRC042","151","6","Payment-in-kind interest capitalized .......","3","454","2023","51,558"
"SRC042","151","7","Net accretion of discount on investments ...","1","317","2025","53,363"
"SRC042","151","7","Net accretion of discount on investments ...","2","386","2024","39,856"
"SRC042","151","7","Net accretion of discount on investments ...","3","454","2023","52,865"
"SRC042","151","8","Net realized gain (loss) on investments .....","2","386","2024","(18,977)"
"SRC042","151","8","Net realized gain (loss) on investments .....","3","454","2023","(6,205)"
"SRC042","151","9","Investments sold or repaid ...............","1","317","2025","(2,228,916)"
"SRC042","151","9","Investments sold or repaid ...............","2","386","2024","(787,519)"
"SRC042","151","9","Investments sold or repaid ...............","3","454","2023","(1,305,234)"
"SRC042","151","10","Total investments, end of period ......... $14,387,967","2","386","2024","$13,193,219"
"SRC042","151","10","Total investments, end of period ......... $14,387,967","3","454","2023","9,934,159"
"SRC042","152","1","As of","3","466","2023","31,"
"SRC042","152","2","2025","2","397","2024","2024"
"SRC042","152","2","2025","3","466","2023","2023"
"SRC042","152","3","First lien debt ...................... $ 3,191,940","2","397","2024","3,868,764"
"SRC042","152","3","First lien debt ...................... $ 3,191,940","3","466","2023","1,481,290"
"SRC042","152","4","Second lien debt ................... 106,436","2","397","2024","73,958"
"SRC042","152","5","Unsecured debt ....................","2","397","2024","22,334"
"SRC042","152","5","Unsecured debt ....................","3","466","2023","10,231"
"SRC042","152","6","Equity ...........................","1","323","2025","4,883"
"SRC042","152","6","Equity ...........................","2","397","2024","10,161"
"SRC042","152","6","Equity ...........................","3","466","2023","3,915"
"SRC042","152","7","Total ............................ $ 3,303,259","2","397","2024","3,975,217"
"SRC042","152","7","Total ............................ $ 3,303,259","3","466","2023","1,495,436"
"SRC042","152","8","First lien debt ...................... $ (2,209,425)","2","397","2024","(786,756)"
"SRC042","152","8","First lien debt ...................... $ (2,209,425)","3","466","2023","(1,231,702)"
"SRC042","152","9","Second lien debt ...................","1","323","2025","(3,462)"
"SRC042","152","9","Second lien debt ...................","2","397","2024","(271)"
"SRC042","152","9","Second lien debt ...................","3","466","2023","(7,351)"
"SRC042","152","10","Unsecured debt ....................","1","323","2025","(1,953)"
"SRC042","152","11","Equity ........................... (14,076)","2","397","2024","(492)"
"SRC042","152","11","Equity ........................... (14,076)","3","466","2023","(66,181)"
"SRC042","152","12","Total ............................ $ (2,228,916)","2","397","2024","(787,519)"
"SRC042","152","12","Total ............................ $ (2,228,916)","3","466","2023","(1,305,234)"
"SRC042","152","13","portfolio companies ...............","1","323","2025","64"
"SRC042","152","13","portfolio companies ...............","2","397","2024","95"
"SRC042","152","13","portfolio companies ...............","3","466","2023","29"
"SRC042","152","14","amount ......................... $","1","323","2025","31,163"
"SRC042","152","14","amount ......................... $","2","397","2024","30,579"
"SRC042","152","14","amount ......................... $","3","466","2023","29,322"
"SRC042","152","15","investments .....................","1","323","2025","9.0%"
"SRC042","152","15","investments .....................","2","397","2024","9.8%"
"SRC042","152","15","investments .....................","3","466","2023","12.0%"
"SRC042","152","16","fully sold or paid down ............","1","323","2025","10.2%"
"SRC042","152","16","fully sold or paid down ............","2","397","2024","11.9%"
"SRC042","152","16","fully sold or paid down ............","3","466","2023","11.1%"
"SRC042","152","17","Number of portfolio companies .......","1","323","2025","316"
"SRC042","152","17","Number of portfolio companies .......","2","397","2024","276"
"SRC042","152","17","Number of portfolio companies .......","3","466","2023","196"
"SRC042","152","18","investments, at amortized cost (1)(2) ...","1","323","2025","9.5%"
"SRC042","152","18","investments, at amortized cost (1)(2) ...","2","397","2024","10.3%"
"SRC042","152","18","investments, at amortized cost (1)(2) ...","3","466","2023","11.8%"
"SRC042","152","19","investments, at fair value (1)(2) .......","1","323","2025","9.6%"
"SRC042","152","19","investments, at fair value (1)(2) .......","2","397","2024","10.4%"
"SRC042","152","19","investments, at fair value (1)(2) .......","3","466","2023","12.0%"
"SRC042","152","20","Average loan to value (LTV) (3) .......","1","323","2025","50.5%"
"SRC042","152","20","Average loan to value (LTV) (3) .......","2","397","2024","46.0%"
"SRC042","152","20","Average loan to value (LTV) (3) .......","3","466","2023","48.2%"
"SRC042","152","21","rate (5) ..........................","1","323","2025","99.6%"
"SRC042","152","21","rate (5) ..........................","2","397","2024","99.8%"
"SRC042","152","21","rate (5) ..........................","3","466","2023","99.9%"
"SRC042","152","22","investments bearing a fixed rate (5) ...","1","323","2025","0.4%"
"SRC042","152","22","investments bearing a fixed rate (5) ...","2","397","2024","0.2%"
"SRC042","152","22","investments bearing a fixed rate (5) ...","3","466","2023","0.1%"
"SRC042","152","23","amortized cost (4)(6) ...............","1","323","2025","0.6%"
"SRC042","152","23","amortized cost (4)(6) ...............","2","397","2024","0.3%"
"SRC042","152","23","amortized cost (4)(6) ...............","3","466","2023","0.0%"
"SRC042","153","1","(4) Amount rounds to less than 0.1% for December 31,","1","294","current total","2023."
"SRC042","153","2","(5) As a percentage of total fair value of performing","5","452","each respective loan tranche","2025, 2024"
"SRC042","153","3","2023, performing debt investments bearing a floating","4","396","","98.8%"
"SRC042","153","4","and less than 0.1% of total investments at fair value","3","379","through","31, 2025,"
"SRC042","153","4","and less than 0.1% of total investments at fair value","4","396","","2024"
"SRC042","153","4","and less than 0.1% of total investments at fair value","5","452","each respective loan tranche","2023,"
"SRC042","153","5","$829 million and $786 million, respectively, and weighted","4","396","","$219"
"SRC042","153","6","For additional information on our investments, see","2","333","company adjusted amount.","8."
"SRC042","153","7","Data—Notes to Consolidated Financial Statements—Note","1","294","available portfolio normalized or","4."
"SRC042","153","8","Total investment income ...................","2","333","2025","$1,418,954"
"SRC042","153","8","Total investment income ...................","3","379","","$1,326,901"
"SRC042","153","8","Total investment income ...................","5","452","2023","$1,143,517"
"SRC042","153","9","Total expenses before tax expense ...........","2","333","2025","662,908"
"SRC042","153","9","Total expenses before tax expense ...........","4","396","2024","604,782"
"SRC042","153","9","Total expenses before tax expense ...........","5","452","2023","472,817"
"SRC042","153","10","Net investment income before tax expense .....","2","333","2025","756,046"
"SRC042","153","10","Net investment income before tax expense .....","4","396","2024","722,119"
"SRC042","153","10","Net investment income before tax expense .....","5","452","2023","670,700"
"SRC042","153","11","Excise and other tax expense ...............","2","333","2025","16,104"
"SRC042","153","11","Excise and other tax expense ...............","4","396","2024","14,524"
"SRC042","153","11","Excise and other tax expense ...............","5","452","2023","16,795"
"SRC042","153","12","Net investment income after tax expense ......","2","333","2025","739,942"
"SRC042","153","12","Net investment income after tax expense ......","4","396","2024","707,595"
"SRC042","153","12","Net investment income after tax expense ......","5","452","2023","653,905"
"SRC042","153","13","benefit ...............................","2","333","2025","(153,696)"
"SRC042","153","13","benefit ...............................","4","396","2024","(13,485)"
"SRC042","153","13","benefit ...............................","5","452","2023","(54,573)"
"SRC042","153","14","Net realized gain (loss), net of tax expense .....","2","333","2025","(22,791)"
"SRC042","153","14","Net realized gain (loss), net of tax expense .....","4","396","2024","(13)"
"SRC042","153","14","Net realized gain (loss), net of tax expense .....","5","452","2023","12,619"
"SRC042","153","15","from operations .......................","2","333","2025","563,455"
"SRC042","153","15","from operations .......................","4","396","2024","694,097"
"SRC042","153","15","from operations .......................","5","452","2023","611,951"
"SRC042","154","1","Interest income ..........................","3","333","2025","$1,311,703"
"SRC042","154","1","Interest income ..........................","4","380","","$1,240,343"
"SRC042","154","1","Interest income ..........................","6","457","2023","$1,089,044"
"SRC042","154","2","Payment-in-kind interest","3","333","2025","103,180"
"SRC042","154","2","Payment-in-kind interest","5","409","2024","82,652"
"SRC042","154","2","Payment-in-kind interest","6","457","2023","47,076"
"SRC042","154","3","Dividend income .........................","3","333","2025","1,068"
"SRC042","154","3","Dividend income .........................","5","409","2024","243"
"SRC042","154","3","Dividend income .........................","6","457","2023","387"
"SRC042","154","4","Other income ............................","3","333","2025","3,003"
"SRC042","154","4","Other income ............................","5","409","2024","3,663"
"SRC042","154","4","Other income ............................","6","457","2023","7,010"
"SRC042","154","5","Total investment income","3","333","2025","$1,418,954"
"SRC042","154","5","Total investment income","4","380","","$1,326,901"
"SRC042","154","5","Total investment income","6","457","2023","$1,143,517"
"SRC042","154","6","Total investment income","5","409","2024","31, 2025,"
"SRC042","154","7","$92.1 million, or 7%, compared","3","333","2025","31, 2024."
"SRC042","154","8","to the year ended December 31,","1","197","","2024."
"SRC042","154","8","to the year ended December 31,","5","409","2024","19%"
"SRC042","154","8","to the year ended December 31,","6","457","2023","$13,439.3"
"SRC042","154","9","for the year ended December 31,","1","197","","2025,"
"SRC042","154","9","for the year ended December 31,","2","278","","$11,334.5"
"SRC042","154","9","for the year ended December 31,","6","457","2023","31,"
"SRC042","154","10","Additionally, for the year","2","278","","31, 2025,"
"SRC042","154","10","Additionally, for the year","3","333","2025","$24.4"
"SRC042","154","11","discounts, etc.) as compared to","1","197","","$4.7"
"SRC042","154","12","For the years ended December","1","197","","31,"
"SRC042","154","12","For the years ended December","2","278","","2024,"
"SRC042","154","13","7.3% and 6.2% of total investment","4","380","","13.9%"
"SRC042","154","13","7.3% and 6.2% of total investment","5","409","2024","11.7%"
"SRC042","154","14","December 31, 2025. Despite gradual","3","333","","2025,"
"SRC042","154","15","U.S. Federal Reserve held interest","2","278","rates.","2026"
"SRC042","155","1","Interest expense .............................","1","343","2025","$381,641"
"SRC042","155","1","Interest expense .............................","2","369","2024","$326,133"
"SRC042","155","1","Interest expense .............................","3","444","2023","$266,420"
"SRC042","155","2","Management fees ............................","1","343","2025","140,001"
"SRC042","155","2","Management fees ............................","3","444","2023","98,122"
"SRC042","155","3","Income based incentive fees ...................","1","343","2025","126,673"
"SRC042","155","3","Income based incentive fees ...................","3","444","2023","134,230"
"SRC042","155","4","Capital gains based incentive fees ...............","3","444","2023","(5,506)"
"SRC042","155","5","Professional fees ............................","1","343","2025","4,911"
"SRC042","155","5","Professional fees ............................","3","444","2023","6,077"
"SRC042","155","6","Board of Trustees’ fees .......................","1","343","2025","1,170"
"SRC042","155","7","Administrative service expenses ................","1","343","2025","3,494"
"SRC042","155","7","Administrative service expenses ................","3","444","2023","2,250"
"SRC042","155","8","Other general and administrative expenses ........","1","343","2025","5,018"
"SRC042","155","8","Other general and administrative expenses ........","3","444","2023","6,115"
"SRC042","155","9","Total expenses before tax expense .............","1","343","2025","662,908"
"SRC042","155","9","Total expenses before tax expense .............","3","444","2023","508,615"
"SRC042","155","10","Management fees waived .....................","3","444","2023","(20,194)"
"SRC042","155","11","Incentive fees waived ........................","3","444","2023","(15,604)"
"SRC042","155","12","Net expenses before tax expense ..............","1","343","2025","662,908"
"SRC042","155","12","Net expenses before tax expense ..............","3","444","2023","472,817"
"SRC042","155","13","Net investment income before tax expense ......","1","343","2025","756,046"
"SRC042","155","13","Net investment income before tax expense ......","3","444","2023","670,700"
"SRC042","155","14","Excise and other tax expense ..................","1","343","2025","16,104"
"SRC042","155","14","Excise and other tax expense ..................","3","444","2023","16,795"
"SRC042","155","15","Net investment income after tax expense .......","1","343","2025","$739,942"
"SRC042","155","15","Net investment income after tax expense .......","2","369","2024","$707,595"
"SRC042","155","15","Net investment income after tax expense .......","3","444","2023","$653,905"
"SRC042","155","16","Income based incentive fees decreased to $126.7 million for the","3","444","2025, an increase","31, 2025"
"SRC042","155","17","of $23.4 million, or 16%, compared to the year ended December 31,","1","343","","2024,"
"SRC042","155","18","Cap, which limits the total incentive fee payable to the Adviser for","3","444","2025, an increase","31, 2025."
"SRC042","155","19","Pre-incentive fee net investment income increased to $866.6 million","3","444","2025, an increase","31,"
"SRC042","157","1","instruments ................................","1","353","","(3,086)"
"SRC042","157","1","instruments ................................","2","408","","2,401"
"SRC042","157","2","assets and liabilities in foreign currencies ........","1","353","","852"
"SRC042","157","2","assets and liabilities in foreign currencies ........","2","408","","(48)"
"SRC042","157","2","assets and liabilities in foreign currencies ........","3","458","","(3,732)"
"SRC042","157","3","Income tax (provision) benefit ...................","1","353","","(2,321)"
"SRC042","157","3","Income tax (provision) benefit ...................","2","408","","(1,656)"
"SRC042","157","4","For","3","458","","31,"
"SRC042","157","5","Net realized gain (loss) on investments .......... $","1","353","","10"
"SRC042","157","6","Net realized gain (loss) on derivative instruments ..","1","353","","(8,836)"
"SRC042","157","6","Net realized gain (loss) on derivative instruments ..","2","408","","8,784"
"SRC042","157","7","transactions .............................. (13,420)","2","408","","10,179"
"SRC042","157","7","transactions .............................. (13,420)","3","458","","18,824"
"SRC042","157","8","Current tax expense on realized gains ............","1","353","","(545)"
"SRC042","157","9","Net realized gain (loss), net of tax expense ...... $(22,791)","2","408","","(13)"
"SRC042","157","9","Net realized gain (loss), net of tax expense ...... $(22,791)","3","458","","$12,619"
"SRC042","158","1","For the year ended December 31,","1","229","","2025,"
"SRC042","158","1","For the year ended December 31,","6","431","","$22.8"
"SRC042","158","2","In addition, we recognized losses","1","229","","$8.8"
"SRC042","158","3","To facilitate public issuances of debt","4","349","","2022,"
"SRC042","158","4","statement with the SEC that was effective","5","377","","2025,"
"SRC042","158","5","statement with the SEC that is effective","6","431","","2028."
"SRC042","158","6","securities to be issued pursuant to the","5","377","","2025"
"SRC042","158","7","the registration statement filed in July","1","229","","2025"
"SRC042","158","8","As of December 31, 2025 and December","2","255","","31,"
"SRC042","158","8","As of December 31, 2025 and December","3","285","","2024,"
"SRC042","158","9","requirements, contractual and regulatory","7","447","","1940"
"SRC042","158","10","indebtedness) to total indebtedness plus","6","431","","31,"
"SRC042","158","10","indebtedness) to total indebtedness plus","7","447","","2025"
"SRC042","158","11","December 31, 2024, we had an aggregate","3","285","","$8.1"
"SRC042","158","11","December 31, 2024, we had an aggregate","4","349","","$7.1"
"SRC042","158","12","respectively, and our asset coverage ratio","2","255","","177.1%"
"SRC042","158","13","sufficient borrowing capacity within the","1","229","","150%"
"SRC042","158","14","Cash and cash equivalents (excluding","5","377","","31, 2025,"
"SRC042","158","15","$2.4 billion of unused capacity under our","7","447","","$2.3"
"SRC042","158","16","near term. Additionally, we held $107.1","3","285","","1"
"SRC042","158","16","near term. Additionally, we held $107.1","4","349","","2"
"SRC042","158","16","near term. Additionally, we held $107.1","7","447","","31,"
"SRC042","165","1","As of December","2","136","","31,"
"SRC042","165","2","were at floating","6","479","","31, 2025,"
"SRC042","165","3","Up","1","124","borrowing","300"
"SRC042","165","3","Up","3","278","thousands): Interest Income","430,132"
"SRC042","165","3","Up","5","443","Net Income","337,251"
"SRC042","165","4","Up","1","124","borrowing","200"
"SRC042","165","4","Up","3","278","thousands): Interest Income","286,754"
"SRC042","165","4","Up","5","443","Net Income","224,834"
"SRC042","165","5","Up","1","124","borrowing","100"
"SRC042","165","5","Up","3","278","thousands): Interest Income","143,377"
"SRC042","165","5","Up","5","443","Net Income","112,417"
"SRC042","165","6","Down","2","136","structure)","100"
"SRC042","165","6","Down","4","365","Interest Expense","30,960"
"SRC042","165","7","Down","2","136","structure)","200"
"SRC042","165","7","Down","4","365","Interest Expense","61,920"
"SRC042","165","8","Down","2","136","structure)","300"
"SRC042","165","8","Down","4","365","Interest Expense","92,881"
"SRC042","165","9","(1) Excludes","3","278","thousands): Interest Income","8."
"SRC042","165","10","to Consolidated","3","278","thousands): Interest Income","3."
"SRC042","166","1","Report of Independent Registered Public Accounting Firm (PCAOB","2","369","","34)"
"SRC042","166","1","Report of Independent Registered Public Accounting Firm (PCAOB","5","510","","165"
"SRC042","166","2","Consolidated Statements of Assets and Liabilities as of December 31,","1","351","","2025"
"SRC042","166","2","Consolidated Statements of Assets and Liabilities as of December 31,","4","432","","31, 2024"
"SRC042","166","2","Consolidated Statements of Assets and Liabilities as of December 31,","5","510","","168"
"SRC042","166","3","Consolidated Statements of Operations for the years ended December","1","351","","31,"
"SRC042","166","3","Consolidated Statements of Operations for the years ended December","2","369","","2025,"
"SRC042","166","3","Consolidated Statements of Operations for the years ended December","3","393","","2024"
"SRC042","166","3","Consolidated Statements of Operations for the years ended December","4","432","","2023"
"SRC042","166","3","Consolidated Statements of Operations for the years ended December","5","510","","169"
"SRC042","166","4","Consolidated Statements of Changes in Net Assets for the years ended","3","393","","31, 2025,"
"SRC042","166","4","Consolidated Statements of Changes in Net Assets for the years ended","4","432","","2024"
"SRC042","166","4","Consolidated Statements of Changes in Net Assets for the years ended","5","510","","170"
"SRC042","166","5","Consolidated Statements of Cash Flows for the years ended December","1","351","","31,"
"SRC042","166","5","Consolidated Statements of Cash Flows for the years ended December","2","369","","2025,"
"SRC042","166","5","Consolidated Statements of Cash Flows for the years ended December","3","393","","2024"
"SRC042","166","5","Consolidated Statements of Cash Flows for the years ended December","4","432","","2023"
"SRC042","166","5","Consolidated Statements of Cash Flows for the years ended December","5","510","","171"
"SRC042","166","6","Consolidated Schedules of Investments as of December 31, 2025 and","3","393","","31, 2024"
"SRC042","166","6","Consolidated Schedules of Investments as of December 31, 2025 and","5","510","","173"
"SRC042","166","7","Notes to Consolidated Financial Statements ...................................................","5","510","","246"
"SRC042","169","1","subsidiaries","2","246","Financial control","31,"
"SRC042","169","1","subsidiaries","3","272","Reporting over financial","2025,"
"SRC042","169","2","over financial","2","246","Financial control","31, 2025,"
"SRC042","169","3","Framework","1","118","on Internal have audited","(2013)"
"SRC042","169","4","of the Company","2","246","Financial control","25,"
"SRC042","169","4","of the Company","3","272","Reporting over financial","2026,"
"SRC042","169","5","includes those","2","246","accounting","(1)"
"SRC042","169","6","accurately","4","432","control over financial","(2)"
"SRC042","169","7","only in accordance","4","432","control over financial","(3)"
"SRC042","169","8","February 25,","1","118","","2026"
"SRC042","170","1","$13,166,677, respectively) ....................................... $14,167,499","2","496","December 31,","$13,063,171"
"SRC042","170","2","respectively) .................................................","1","434","December 31,","39,795"
"SRC042","170","2","respectively) .................................................","2","496","December 31,","29,347"
"SRC042","170","3","respectively) ..................................................... 14,207,294","2","496","December 31,","13,092,518"
"SRC042","170","4","Cash and cash equivalents (restricted cash of $89,406 and $2,499, respectively) ..","1","434","December 31,","289,605"
"SRC042","170","4","Cash and cash equivalents (restricted cash of $89,406 and $2,499, respectively) ..","2","496","December 31,","229,606"
"SRC042","170","5","Interest receivable from non-controlled/non-affiliated investments .............","1","434","December 31,","105,695"
"SRC042","170","5","Interest receivable from non-controlled/non-affiliated investments .............","2","496","December 31,","112,046"
"SRC042","170","6","Interest receivable from non-controlled/affiliated investments ................","1","434","December 31,","10"
"SRC042","170","6","Interest receivable from non-controlled/affiliated investments ................","2","496","December 31,","6"
"SRC042","170","7","Receivable from broker ...............................................","1","434","December 31,","11,286"
"SRC042","170","7","Receivable from broker ...............................................","2","496","December 31,","4,807"
"SRC042","170","8","Deferred financing costs ..............................................","1","434","December 31,","19,753"
"SRC042","170","8","Deferred financing costs ..............................................","2","496","December 31,","21,865"
"SRC042","170","9","Receivable for investments ............................................","1","434","December 31,","3,187"
"SRC042","170","9","Receivable for investments ............................................","2","496","December 31,","2,976"
"SRC042","170","10","Receivable for shares sold .............................................","2","496","December 31,","4,405"
"SRC042","170","11","Derivative assets at fair value (Note 6) ...................................","1","434","December 31,","19,633"
"SRC042","170","11","Derivative assets at fair value (Note 6) ...................................","2","496","December 31,","3,995"
"SRC042","170","12","Total assets ........................................................ $14,656,463","2","496","December 31,","$13,472,224"
"SRC042","170","13","respectively) ..................................................... $ 8,080,129","2","496","December 31,","7,056,091"
"SRC042","170","14","Payable for investments ..............................................","1","434","December 31,","2,172"
"SRC042","170","14","Payable for investments ..............................................","2","496","December 31,","19,277"
"SRC042","170","15","Due to affiliates .....................................................","1","434","December 31,","4,817"
"SRC042","170","15","Due to affiliates .....................................................","2","496","December 31,","7,112"
"SRC042","170","16","Management fees payable (Note 3) ......................................","1","434","December 31,","36,141"
"SRC042","170","16","Management fees payable (Note 3) ......................................","2","496","December 31,","32,305"
"SRC042","170","17","Income based incentive fees payable (Note 3) .............................","1","434","December 31,","26,400"
"SRC042","170","17","Income based incentive fees payable (Note 3) .............................","2","496","December 31,","38,708"
"SRC042","170","18","Interest payable .....................................................","1","434","December 31,","61,952"
"SRC042","170","18","Interest payable .....................................................","2","496","December 31,","53,958"
"SRC042","170","19","Distribution payable (Note 9) ..........................................","1","434","December 31,","178,616"
"SRC042","170","19","Distribution payable (Note 9) ..........................................","2","496","December 31,","170,751"
"SRC042","170","20","Board of Trustees’ fees payable ........................................","1","434","December 31,","289"
"SRC042","170","20","Board of Trustees’ fees payable ........................................","2","496","December 31,","289"
"SRC042","170","21","Accrued expenses and other liabilities ...................................","1","434","December 31,","20,772"
"SRC042","170","21","Accrued expenses and other liabilities ...................................","2","496","December 31,","17,212"
"SRC042","170","22","Total liabilities ..................................................... 8,411,288","2","496","December 31,","7,395,703"
"SRC042","170","23","221,892,184 shares issued and outstanding, respectively) ..................","1","434","December 31,","232"
"SRC042","170","23","221,892,184 shares issued and outstanding, respectively) ..................","2","496","December 31,","222"
"SRC042","170","24","Additional paid in capital ............................................. 6,047,750","2","496","December 31,","5,749,762"
"SRC042","170","25","Distributable earnings (loss) ...........................................","1","434","December 31,","197,193"
"SRC042","170","25","Distributable earnings (loss) ...........................................","2","496","December 31,","326,537"
"SRC042","170","26","Total net assets ..................................................... 6,245,175","2","496","December 31,","6,076,521"
"SRC042","170","27","Total liabilities and net assets ......................................... $14,656,463","2","496","December 31,","$13,472,224"
"SRC042","170","28","NET ASSET VALUE PER SHARE ................................... $","1","434","December 31,","26.92"
"SRC042","170","28","NET ASSET VALUE PER SHARE ................................... $","2","496","December 31,","27.39"
"SRC042","171","1","Interest income ......................................................... $ 1,310,299","2","449","2024","1,239,915"
"SRC042","171","1","Interest income ......................................................... $ 1,310,299","3","500","2023","1,089,044"
"SRC042","171","2","Payment-in-kind interest income ...........................................","1","394","2025","101,389"
"SRC042","171","2","Payment-in-kind interest income ...........................................","2","449","2024","81,388"
"SRC042","171","2","Payment-in-kind interest income ...........................................","3","500","2023","47,076"
"SRC042","171","3","Dividend income .......................................................","1","394","2025","1,068"
"SRC042","171","3","Dividend income .......................................................","2","449","2024","243"
"SRC042","171","3","Dividend income .......................................................","3","500","2023","387"
"SRC042","171","4","Other income ..........................................................","1","394","2025","3,003"
"SRC042","171","4","Other income ..........................................................","2","449","2024","3,663"
"SRC042","171","4","Other income ..........................................................","3","500","2023","7,010"
"SRC042","171","5","Interest income .........................................................","1","394","2025","1,404"
"SRC042","171","5","Interest income .........................................................","2","449","2024","428"
"SRC042","171","6","Payment-in-kind interest income ...........................................","1","394","2025","1,791"
"SRC042","171","6","Payment-in-kind interest income ...........................................","2","449","2024","1,264"
"SRC042","171","7","Total investment income .................................................... 1,418,954","2","449","2024","1,326,901"
"SRC042","171","7","Total investment income .................................................... 1,418,954","3","500","2023","1,143,517"
"SRC042","171","8","Interest expense ........................................................","1","394","2025","381,641"
"SRC042","171","8","Interest expense ........................................................","2","449","2024","326,133"
"SRC042","171","8","Interest expense ........................................................","3","500","2023","266,420"
"SRC042","171","9","Management fees (Note 3) ................................................","1","394","2025","140,001"
"SRC042","171","9","Management fees (Note 3) ................................................","2","449","2024","116,616"
"SRC042","171","9","Management fees (Note 3) ................................................","3","500","2023","98,122"
"SRC042","171","10","Income based incentive fees (Note 3) .......................................","1","394","2025","126,673"
"SRC042","171","10","Income based incentive fees (Note 3) .......................................","2","449","2024","150,096"
"SRC042","171","10","Income based incentive fees (Note 3) .......................................","3","500","2023","134,230"
"SRC042","171","11","Capital gains based incentive fees (Note 3) ...................................","3","500","2023","(5,506)"
"SRC042","171","12","Professional fees .......................................................","1","394","2025","4,911"
"SRC042","171","12","Professional fees .......................................................","2","449","2024","4,654"
"SRC042","171","12","Professional fees .......................................................","3","500","2023","6,077"
"SRC042","171","13","Board of Trustees’ fees ..................................................","1","394","2025","1,170"
"SRC042","171","13","Board of Trustees’ fees ..................................................","2","449","2024","1,086"
"SRC042","171","13","Board of Trustees’ fees ..................................................","3","500","2023","907"
"SRC042","171","14","Administrative service expenses (Note 3) ....................................","1","394","2025","3,494"
"SRC042","171","14","Administrative service expenses (Note 3) ....................................","2","449","2024","2,643"
"SRC042","171","14","Administrative service expenses (Note 3) ....................................","3","500","2023","2,250"
"SRC042","171","15","Other general and administrative expenses ...................................","1","394","2025","5,018"
"SRC042","171","15","Other general and administrative expenses ...................................","2","449","2024","3,554"
"SRC042","171","15","Other general and administrative expenses ...................................","3","500","2023","6,115"
"SRC042","171","16","Total expenses before tax expense ............................................","1","394","2025","662,908"
"SRC042","171","16","Total expenses before tax expense ............................................","2","449","2024","604,782"
"SRC042","171","16","Total expenses before tax expense ............................................","3","500","2023","508,615"
"SRC042","171","17","Management fees waived (Note 3) .........................................","3","500","2023","(20,194)"
"SRC042","171","18","Incentive fees waived (Note 3) ............................................","3","500","2023","(15,604)"
"SRC042","171","19","Net expenses before tax expense ..............................................","1","394","2025","662,908"
"SRC042","171","19","Net expenses before tax expense ..............................................","2","449","2024","604,782"
"SRC042","171","19","Net expenses before tax expense ..............................................","3","500","2023","472,817"
"SRC042","171","20","Net investment income before tax expense .....................................","1","394","2025","756,046"
"SRC042","171","20","Net investment income before tax expense .....................................","2","449","2024","722,119"
"SRC042","171","20","Net investment income before tax expense .....................................","3","500","2023","670,700"
"SRC042","171","21","Excise and other tax expense ..............................................","1","394","2025","16,104"
"SRC042","171","21","Excise and other tax expense ..............................................","2","449","2024","14,524"
"SRC042","171","21","Excise and other tax expense ..............................................","3","500","2023","16,795"
"SRC042","171","22","Net investment income after tax expense .......................................","1","394","2025","739,942"
"SRC042","171","22","Net investment income after tax expense .......................................","2","449","2024","707,595"
"SRC042","171","22","Net investment income after tax expense .......................................","3","500","2023","653,905"
"SRC042","171","23","Non-controlled/non-affiliated investments ...................................","1","394","2025","(147,579)"
"SRC042","171","23","Non-controlled/non-affiliated investments ...................................","2","449","2024","(11,241)"
"SRC042","171","23","Non-controlled/non-affiliated investments ...................................","3","500","2023","(36,685)"
"SRC042","171","24","Non-controlled/affiliated investments .......................................","1","394","2025","(1,562)"
"SRC042","171","24","Non-controlled/affiliated investments .......................................","2","449","2024","(2,941)"
"SRC042","171","24","Non-controlled/affiliated investments .......................................","3","500","2023","(14,156)"
"SRC042","171","25","Derivative instruments (Note 6) ............................................","1","394","2025","(3,086)"
"SRC042","171","25","Derivative instruments (Note 6) ............................................","2","449","2024","2,401"
"SRC042","171","26","Translation of assets and liabilities in foreign currencies ........................","1","394","2025","852"
"SRC042","171","26","Translation of assets and liabilities in foreign currencies ........................","2","449","2024","(48)"
"SRC042","171","26","Translation of assets and liabilities in foreign currencies ........................","3","500","2023","(3,732)"
"SRC042","171","27","Income tax (provision) benefit .............................................","1","394","2025","(2,321)"
"SRC042","171","27","Income tax (provision) benefit .............................................","2","449","2024","(1,656)"
"SRC042","171","28","benefit .................................................................","1","394","2025","(153,696)"
"SRC042","171","28","benefit .................................................................","2","449","2024","(13,485)"
"SRC042","171","28","benefit .................................................................","3","500","2023","(54,573)"
"SRC042","171","29","Non-controlled/non-affiliated investments ................................... $","1","394","2025","10"
"SRC042","171","29","Non-controlled/non-affiliated investments ................................... $","2","449","2024","(18,976)"
"SRC042","171","29","Non-controlled/non-affiliated investments ................................... $","3","500","2023","(14,488)"
"SRC042","171","30","Non-controlled/affiliated investments .......................................","3","500","2023","8,283"
"SRC042","171","31","Derivative instruments (Note 6) ............................................","1","394","2025","(8,836)"
"SRC042","171","31","Derivative instruments (Note 6) ............................................","2","449","2024","8,784"
"SRC042","171","32","Foreign currency transactions .............................................","1","394","2025","(13,420)"
"SRC042","171","32","Foreign currency transactions .............................................","2","449","2024","10,179"
"SRC042","171","32","Foreign currency transactions .............................................","3","500","2023","18,824"
"SRC042","171","33","Current tax expense on realized gains .......................................","1","394","2025","(545)"
"SRC042","171","34","Net realized gain (loss), net of tax expense ......................................","1","394","2025","(22,791)"
"SRC042","171","34","Net realized gain (loss), net of tax expense ......................................","2","449","2024","(13)"
"SRC042","171","34","Net realized gain (loss), net of tax expense ......................................","3","500","2023","12,619"
"SRC042","171","35","Net realized and change in unrealized gain (loss) ................................","1","394","2025","(176,487)"
"SRC042","171","35","Net realized and change in unrealized gain (loss) ................................","2","449","2024","(13,498)"
"SRC042","171","35","Net realized and change in unrealized gain (loss) ................................","3","500","2023","(41,954)"
"SRC042","171","36","Net increase (decrease) in net assets resulting from operations .................... $","1","394","2025","563,455"
"SRC042","171","36","Net increase (decrease) in net assets resulting from operations .................... $","2","449","2024","694,097"
"SRC042","171","36","Net increase (decrease) in net assets resulting from operations .................... $","3","500","2023","611,951"
"SRC042","171","37","Net investment income per share (basic and diluted) ........................... $","1","394","2025","3.23"
"SRC042","171","37","Net investment income per share (basic and diluted) ........................... $","2","449","2024","3.51"
"SRC042","171","37","Net investment income per share (basic and diluted) ........................... $","3","500","2023","3.90"
"SRC042","171","38","Earnings (loss) per share (basic and diluted) .................................. $","1","394","2025","2.46"
"SRC042","171","38","Earnings (loss) per share (basic and diluted) .................................. $","2","449","2024","3.45"
"SRC042","171","38","Earnings (loss) per share (basic and diluted) .................................. $","3","500","2023","3.65"
"SRC042","171","39","Weighted average shares outstanding (basic and diluted) ........................ 229,162,028","2","449","2024","201,372,008"
"SRC042","171","39","Weighted average shares outstanding (basic and diluted) ........................ 229,162,028","3","500","2023","167,615,433"
"SRC042","172","1","Balance, December 31, 2022 ....................... $160","2","382","Paid in Capital","$4,033,113"
"SRC042","172","1","Balance, December 31, 2022 ....................... $160","3","435","Earnings (Loss)","125,693"
"SRC042","172","1","Balance, December 31, 2022 ....................... $160","4","493","Total Net Assets","$4,158,966"
"SRC042","172","2","underwriting costs ..............................","1","339","Amount","25"
"SRC042","172","2","underwriting costs ..............................","2","382","Paid in Capital","665,235"
"SRC042","172","2","underwriting costs ..............................","4","493","Total Net Assets","665,260"
"SRC042","172","3","Reinvestment of dividends ..........................","1","339","Amount","1"
"SRC042","172","3","Reinvestment of dividends ..........................","2","382","Paid in Capital","20,650"
"SRC042","172","3","Reinvestment of dividends ..........................","4","493","Total Net Assets","20,651"
"SRC042","172","4","Net investment income after tax expense ..............","3","435","Earnings (Loss)","653,905"
"SRC042","172","4","Net investment income after tax expense ..............","4","493","Total Net Assets","653,905"
"SRC042","172","5","of income tax (provision) benefit ...................","3","435","Earnings (Loss)","(54,573)"
"SRC042","172","5","of income tax (provision) benefit ...................","4","493","Total Net Assets","(54,573)"
"SRC042","172","6","Net realized gain (loss), net of tax expense .............","3","435","Earnings (Loss)","12,619"
"SRC042","172","6","Net realized gain (loss), net of tax expense .............","4","493","Total Net Assets","12,619"
"SRC042","172","7","income .......................................","3","435","Earnings (Loss)","(504,787)"
"SRC042","172","7","income .......................................","4","493","Total Net Assets","(504,787)"
"SRC042","172","8","with GAAP ....................................","2","382","Paid in Capital","(17,171)"
"SRC042","172","8","with GAAP ....................................","3","435","Earnings (Loss)","17,171"
"SRC042","172","9","Balance, December 31, 2023 .......................","1","339","Amount","186"
"SRC042","172","9","Balance, December 31, 2023 .......................","2","382","Paid in Capital","4,701,827"
"SRC042","172","9","Balance, December 31, 2023 .......................","3","435","Earnings (Loss)","250,028"
"SRC042","172","9","Balance, December 31, 2023 .......................","4","493","Total Net Assets","4,952,041"
"SRC042","172","10","underwriting costs ..............................","1","339","Amount","35"
"SRC042","172","10","underwriting costs ..............................","2","382","Paid in Capital","1,041,397"
"SRC042","172","10","underwriting costs ..............................","4","493","Total Net Assets","1,041,432"
"SRC042","172","11","Reinvestment of dividends ..........................","1","339","Amount","1"
"SRC042","172","11","Reinvestment of dividends ..........................","2","382","Paid in Capital","21,062"
"SRC042","172","11","Reinvestment of dividends ..........................","4","493","Total Net Assets","21,063"
"SRC042","172","12","Net investment income after tax expense ..............","3","435","Earnings (Loss)","707,595"
"SRC042","172","12","Net investment income after tax expense ..............","4","493","Total Net Assets","707,595"
"SRC042","172","13","of income tax (provision) benefit ...................","3","435","Earnings (Loss)","(13,485)"
"SRC042","172","13","of income tax (provision) benefit ...................","4","493","Total Net Assets","(13,485)"
"SRC042","172","14","Net realized gain (loss), net of tax expense .............","3","435","Earnings (Loss)","(13)"
"SRC042","172","14","Net realized gain (loss), net of tax expense .............","4","493","Total Net Assets","(13)"
"SRC042","172","15","income .......................................","3","435","Earnings (Loss)","(632,112)"
"SRC042","172","15","income .......................................","4","493","Total Net Assets","(632,112)"
"SRC042","172","16","with GAAP ....................................","2","382","Paid in Capital","(14,524)"
"SRC042","172","16","with GAAP ....................................","3","435","Earnings (Loss)","14,524"
"SRC042","172","17","Balance, December 31, 2024 .......................","1","339","Amount","222"
"SRC042","172","17","Balance, December 31, 2024 .......................","2","382","Paid in Capital","5,749,762"
"SRC042","172","17","Balance, December 31, 2024 .......................","3","435","Earnings (Loss)","326,537"
"SRC042","172","17","Balance, December 31, 2024 .......................","4","493","Total Net Assets","6,076,521"
"SRC042","172","18","underwriting costs ..............................","1","339","Amount","9"
"SRC042","172","18","underwriting costs ..............................","2","382","Paid in Capital","291,032"
"SRC042","172","18","underwriting costs ..............................","4","493","Total Net Assets","291,041"
"SRC042","172","19","Reinvestment of dividends ..........................","1","339","Amount","1"
"SRC042","172","19","Reinvestment of dividends ..........................","2","382","Paid in Capital","23,038"
"SRC042","172","19","Reinvestment of dividends ..........................","4","493","Total Net Assets","23,039"
"SRC042","172","20","Net investment income after tax expense ..............","3","435","Earnings (Loss)","739,942"
"SRC042","172","20","Net investment income after tax expense ..............","4","493","Total Net Assets","739,942"
"SRC042","172","21","of income tax (provision) benefit ...................","3","435","Earnings (Loss)","(153,696)"
"SRC042","172","21","of income tax (provision) benefit ...................","4","493","Total Net Assets","(153,696)"
"SRC042","172","22","Net realized gain (loss), net of tax expense .............","3","435","Earnings (Loss)","(22,791)"
"SRC042","172","22","Net realized gain (loss), net of tax expense .............","4","493","Total Net Assets","(22,791)"
"SRC042","172","23","income .......................................","3","435","Earnings (Loss)","(708,881)"
"SRC042","172","23","income .......................................","4","493","Total Net Assets","(708,881)"
"SRC042","172","24","with GAAP ....................................","2","382","Paid in Capital","(16,082)"
"SRC042","172","24","with GAAP ....................................","3","435","Earnings (Loss)","16,082"
"SRC042","172","25","Balance, December 31, 2025 ....................... $232","2","382","Paid in Capital","$6,047,750"
"SRC042","172","25","Balance, December 31, 2025 ....................... $232","3","435","Earnings (Loss)","197,193"
"SRC042","172","25","Balance, December 31, 2025 ....................... $232","4","493","Total Net Assets","$6,245,175"
"SRC042","173","1","investments ........................................","1","382","","149,141"
"SRC042","173","1","investments ........................................","2","440","","14,182"
"SRC042","173","1","investments ........................................","3","497","","50,841"
"SRC042","173","2","derivative instruments ................................","1","382","","3,086"
"SRC042","173","2","derivative instruments ................................","2","440","","(2,401)"
"SRC042","173","3","translation of assets and liabilities in foreign currencies .....","1","382","","(852)"
"SRC042","173","3","translation of assets and liabilities in foreign currencies .....","2","440","","(567)"
"SRC042","173","3","translation of assets and liabilities in foreign currencies .....","3","497","","3,732"
"SRC042","173","4","Net realized (gain) loss on investments ....................","1","382","","(10)"
"SRC042","173","4","Net realized (gain) loss on investments ....................","2","440","","18,976"
"SRC042","173","4","Net realized (gain) loss on investments ....................","3","497","","6,205"
"SRC042","173","5","Net change due to hedging activity ........................","1","382","","(780)"
"SRC042","173","5","Net change due to hedging activity ........................","2","440","","(851)"
"SRC042","173","6","Net realized (gain) loss on foreign currency transactions .......","1","382","","13,420"
"SRC042","173","7","Net accretion of discount and amortization of premium ........","1","382","","(53,363)"
"SRC042","173","7","Net accretion of discount and amortization of premium ........","2","440","","(39,856)"
"SRC042","173","7","Net accretion of discount and amortization of premium ........","3","497","","(52,865)"
"SRC042","173","8","Payment-in-kind interest capitalized ....................... (101,088)","2","440","","(82,958)"
"SRC042","173","8","Payment-in-kind interest capitalized ....................... (101,088)","3","497","","(51,558)"
"SRC042","173","9","Amortization of deferred financing costs ...................","1","382","","5,684"
"SRC042","173","9","Amortization of deferred financing costs ...................","2","440","","6,101"
"SRC042","173","9","Amortization of deferred financing costs ...................","3","497","","5,471"
"SRC042","173","10","(including premiums and discounts) .....................","1","382","","15,238"
"SRC042","173","10","(including premiums and discounts) .....................","2","440","","9,899"
"SRC042","173","10","(including premiums and discounts) .....................","3","497","","9,336"
"SRC042","173","11","Purchases of investments ............................... (3,269,203)","2","440","","(3,942,742)"
"SRC042","173","11","Purchases of investments ............................... (3,269,203)","3","497","","(1,483,303)"
"SRC042","173","12","Proceeds from sale of investments and principal repayments ... 2,228,916","2","440","","787,519"
"SRC042","173","12","Proceeds from sale of investments and principal repayments ... 2,228,916","3","497","","1,305,234"
"SRC042","173","13","Interest receivable .....................................","1","382","","6,347"
"SRC042","173","13","Interest receivable .....................................","2","440","","(18,476)"
"SRC042","173","13","Interest receivable .....................................","3","497","","4,298"
"SRC042","173","14","Receivable for investments ..............................","1","382","","(211)"
"SRC042","173","14","Receivable for investments ..............................","2","440","","(1,681)"
"SRC042","173","14","Receivable for investments ..............................","3","497","","47,974"
"SRC042","173","15","Derivative instruments, net ..............................","1","382","","4,360"
"SRC042","173","15","Derivative instruments, net ..............................","2","440","","(3,995)"
"SRC042","173","16","Receivable from broker .................................","1","382","","(6,479)"
"SRC042","173","16","Receivable from broker .................................","2","440","","(4,807)"
"SRC042","173","17","Payable for investments ................................","1","382","","(17,105)"
"SRC042","173","17","Payable for investments ................................","2","440","","10,711"
"SRC042","173","17","Payable for investments ................................","3","497","","(11,707)"
"SRC042","173","18","Due to affiliates .......................................","1","382","","(2,295)"
"SRC042","173","18","Due to affiliates .......................................","2","440","","(1,813)"
"SRC042","173","18","Due to affiliates .......................................","3","497","","(1,884)"
"SRC042","173","19","Management fees payable ...............................","1","382","","3,836"
"SRC042","173","19","Management fees payable ...............................","2","440","","9,271"
"SRC042","173","19","Management fees payable ...............................","3","497","","4,439"
"SRC042","173","20","Income based incentive fees payable ......................","1","382","","(12,308)"
"SRC042","173","20","Income based incentive fees payable ......................","2","440","","4,335"
"SRC042","173","20","Income based incentive fees payable ......................","3","497","","9,600"
"SRC042","173","21","Capital gains based incentive fees payable ..................","3","497","","(5,506)"
"SRC042","173","22","Interest payable .......................................","1","382","","7,994"
"SRC042","173","22","Interest payable .......................................","2","440","","14,078"
"SRC042","173","22","Interest payable .......................................","3","497","","(5,409)"
"SRC042","173","23","Accrued expenses and other liabilities .....................","1","382","","3,560"
"SRC042","173","23","Accrued expenses and other liabilities .....................","2","440","","4,684"
"SRC042","173","23","Accrued expenses and other liabilities .....................","3","497","","11,966"
"SRC042","173","24","Net cash provided by (used in) operating activities ............. (458,657)","2","440","","(2,526,294)"
"SRC042","173","24","Net cash provided by (used in) operating activities ............. (458,657)","3","497","","458,815"
"SRC042","174","1","Borrowings on debt .................................... $","1","376","2025","2,843,708"
"SRC042","174","1","Borrowings on debt .................................... $","2","434","2024","3,616,061"
"SRC042","174","1","Borrowings on debt .................................... $","3","492","2023","1,440,343"
"SRC042","174","2","Repayments on debt ................................... (1,923,231)","2","434","2024","(1,450,983)"
"SRC042","174","2","Repayments on debt ................................... (1,923,231)","3","492","2023","(2,091,209)"
"SRC042","174","3","Deferred financing costs paid ............................","1","376","2025","(3,558)"
"SRC042","174","3","Deferred financing costs paid ............................","2","434","2024","(11,493)"
"SRC042","174","3","Deferred financing costs paid ............................","3","492","2023","(8,589)"
"SRC042","174","4","Debt issuance costs paid ................................","1","376","2025","(3,780)"
"SRC042","174","4","Debt issuance costs paid ................................","2","434","2024","(5,156)"
"SRC042","174","5","Dividends paid in cash .................................","1","376","2025","(677,978)"
"SRC042","174","5","Dividends paid in cash .................................","2","434","2024","(583,351)"
"SRC042","174","5","Dividends paid in cash .................................","3","492","2023","(437,966)"
"SRC042","174","6","underwriting costs ...................................","1","376","2025","295,447"
"SRC042","174","6","underwriting costs ...................................","2","434","2024","1,037,027"
"SRC042","174","6","underwriting costs ...................................","3","492","2023","665,260"
"SRC042","174","7","Net cash provided by (used in) financing activities .............","1","376","2025","530,608"
"SRC042","174","7","Net cash provided by (used in) financing activities .............","2","434","2024","2,602,105"
"SRC042","174","7","Net cash provided by (used in) financing activities .............","3","492","2023","(432,161)"
"SRC042","174","8","Net increase (decrease) in cash and cash equivalents ...........","1","376","2025","71,951"
"SRC042","174","8","Net increase (decrease) in cash and cash equivalents ...........","2","434","2024","75,811"
"SRC042","174","8","Net increase (decrease) in cash and cash equivalents ...........","3","492","2023","26,654"
"SRC042","174","9","equivalents .............................................","1","376","2025","(11,952)"
"SRC042","174","9","equivalents .............................................","2","434","2024","(1,062)"
"SRC042","174","9","equivalents .............................................","3","492","2023","(3,069)"
"SRC042","174","10","period .................................................","1","376","2025","229,606"
"SRC042","174","10","period .................................................","2","434","2024","154,857"
"SRC042","174","10","period .................................................","3","492","2023","131,272"
"SRC042","174","11","period ................................................ $","1","376","2025","289,605"
"SRC042","174","11","period ................................................ $","2","434","2024","229,606"
"SRC042","174","11","period ................................................ $","3","492","2023","154,857"
"SRC042","174","12","Interest paid during the period ............................... $","1","376","2025","353,478"
"SRC042","174","12","Interest paid during the period ............................... $","2","434","2024","297,469"
"SRC042","174","12","Interest paid during the period ............................... $","3","492","2023","256,478"
"SRC042","174","13","Distribution payable .......................................","1","376","2025","178,616"
"SRC042","174","13","Distribution payable .......................................","2","434","2024","170,751"
"SRC042","174","13","Distribution payable .......................................","3","492","2023","143,052"
"SRC042","174","14","Reinvestment of distributions during the period ..................","1","376","2025","23,039"
"SRC042","174","14","Reinvestment of distributions during the period ..................","2","434","2024","21,063"
"SRC042","174","14","Reinvestment of distributions during the period ..................","3","492","2023","20,651"
"SRC042","174","15","Accrued but unpaid debt issuance costs ........................","1","376","2025","525"
"SRC042","174","15","Accrued but unpaid debt issuance costs ........................","2","434","2024","1,075"
"SRC042","174","16","Receivable for shares sold ...................................","2","434","2024","4,405"
"SRC042","174","17","Excise and other taxes paid ..................................","1","376","2025","15,076"
"SRC042","174","17","Excise and other taxes paid ..................................","2","434","2024","11,430"
"SRC042","174","17","Excise and other taxes paid ..................................","3","492","2023","5,245"
"SRC042","175","1","LLC ........... (4)(11) SOFR+6.00% 9.82% 4/30/2024 3/18/2028 $","1","403","Amount/ Units (1)","46,833"
"SRC042","175","1","LLC ........... (4)(11) SOFR+6.00% 9.82% 4/30/2024 3/18/2028 $","2","439","Cost (3)","46,781"
"SRC042","175","1","LLC ........... (4)(11) SOFR+6.00% 9.82% 4/30/2024 3/18/2028 $","3","474","Fair Value","46,598"
"SRC042","175","1","LLC ........... (4)(11) SOFR+6.00% 9.82% 4/30/2024 3/18/2028 $","4","505","% of Net Assets","0.75%"
"SRC042","175","2","LLC ........... (4)(11) SOFR+6.00% 9.82% 3/17/2020 3/18/2028","1","403","Amount/ Units (1)","107,946"
"SRC042","175","2","LLC ........... (4)(11) SOFR+6.00% 9.82% 3/17/2020 3/18/2028","2","439","Cost (3)","107,869"
"SRC042","175","2","LLC ........... (4)(11) SOFR+6.00% 9.82% 3/17/2020 3/18/2028","3","474","Fair Value","107,406"
"SRC042","175","2","LLC ........... (4)(11) SOFR+6.00% 9.82% 3/17/2020 3/18/2028","4","505","% of Net Assets","1.72"
"SRC042","175","3","Inc. ............ (4)(10) SOFR+5.25% 9.07% 2/5/2020 12/27/2027","1","403","Amount/ Units (1)","261,290"
"SRC042","175","3","Inc. ............ (4)(10) SOFR+5.25% 9.07% 2/5/2020 12/27/2027","2","439","Cost (3)","260,279"
"SRC042","175","3","Inc. ............ (4)(10) SOFR+5.25% 9.07% 2/5/2020 12/27/2027","3","474","Fair Value","261,290"
"SRC042","175","3","Inc. ............ (4)(10) SOFR+5.25% 9.07% 2/5/2020 12/27/2027","4","505","% of Net Assets","4.18"
"SRC042","175","4","Inc. ............ (4)(5)(10) SOFR+5.25% 9.07% 1/10/2025 12/27/2027","1","403","Amount/ Units (1)","1,564"
"SRC042","175","4","Inc. ............ (4)(5)(10) SOFR+5.25% 9.07% 1/10/2025 12/27/2027","2","439","Cost (3)","1,554"
"SRC042","175","4","Inc. ............ (4)(5)(10) SOFR+5.25% 9.07% 1/10/2025 12/27/2027","3","474","Fair Value","1,564"
"SRC042","175","4","Inc. ............ (4)(5)(10) SOFR+5.25% 9.07% 1/10/2025 12/27/2027","4","505","% of Net Assets","0.03"
"SRC042","175","5","Holdings, LLC .. (4)(10) SOFR+4.75% 8.42% 10/31/2024 11/4/2031","1","403","Amount/ Units (1)","30,705"
"SRC042","175","5","Holdings, LLC .. (4)(10) SOFR+4.75% 8.42% 10/31/2024 11/4/2031","2","439","Cost (3)","30,449"
"SRC042","175","5","Holdings, LLC .. (4)(10) SOFR+4.75% 8.42% 10/31/2024 11/4/2031","3","474","Fair Value","30,705"
"SRC042","175","5","Holdings, LLC .. (4)(10) SOFR+4.75% 8.42% 10/31/2024 11/4/2031","4","505","% of Net Assets","0.49"
"SRC042","175","6","Holdings, LLC .. (4)(7)(10) SOFR+4.75% 8.42% 10/31/2024 11/4/2031","1","403","Amount/ Units (1)","4,458"
"SRC042","175","6","Holdings, LLC .. (4)(7)(10) SOFR+4.75% 8.42% 10/31/2024 11/4/2031","2","439","Cost (3)","4,392"
"SRC042","175","6","Holdings, LLC .. (4)(7)(10) SOFR+4.75% 8.42% 10/31/2024 11/4/2031","3","474","Fair Value","4,458"
"SRC042","175","6","Holdings, LLC .. (4)(7)(10) SOFR+4.75% 8.42% 10/31/2024 11/4/2031","4","505","% of Net Assets","0.07"
"SRC042","175","7","Holdings, Inc. ... (4)(5)(7)(10) SOFR+5.25% PIK) 1/9/2023 1/9/2030","1","403","Amount/ Units (1)","2,405"
"SRC042","175","7","Holdings, Inc. ... (4)(5)(7)(10) SOFR+5.25% PIK) 1/9/2023 1/9/2030","2","439","Cost (3)","2,361"
"SRC042","175","7","Holdings, Inc. ... (4)(5)(7)(10) SOFR+5.25% PIK) 1/9/2023 1/9/2030","3","474","Fair Value","2,355"
"SRC042","175","7","Holdings, Inc. ... (4)(5)(7)(10) SOFR+5.25% PIK) 1/9/2023 1/9/2030","4","505","% of Net Assets","0.04"
"SRC042","175","8","Holdings, Inc. ... (4)(5)(10) SOFR+5.25% PIK) 3/18/2025 1/9/2030","1","403","Amount/ Units (1)","354"
"SRC042","175","8","Holdings, Inc. ... (4)(5)(10) SOFR+5.25% PIK) 3/18/2025 1/9/2030","2","439","Cost (3)","351"
"SRC042","175","8","Holdings, Inc. ... (4)(5)(10) SOFR+5.25% PIK) 3/18/2025 1/9/2030","3","474","Fair Value","347"
"SRC042","175","8","Holdings, Inc. ... (4)(5)(10) SOFR+5.25% PIK) 3/18/2025 1/9/2030","4","505","% of Net Assets","0.01"
"SRC042","175","9","Holdings, Inc. ... (4)(5)(10) SOFR+5.00% 8.94% 7/7/2025 1/9/2030","1","403","Amount/ Units (1)","92"
"SRC042","175","9","Holdings, Inc. ... (4)(5)(10) SOFR+5.00% 8.94% 7/7/2025 1/9/2030","2","439","Cost (3)","92"
"SRC042","175","9","Holdings, Inc. ... (4)(5)(10) SOFR+5.00% 8.94% 7/7/2025 1/9/2030","3","474","Fair Value","90"
"SRC042","175","9","Holdings, Inc. ... (4)(5)(10) SOFR+5.00% 8.94% 7/7/2025 1/9/2030","4","505","% of Net Assets","0.00"
"SRC042","175","10","LLC ........... (4)(5)(7)(10) SOFR+4.75% 8.42% 3/28/2025 3/29/2032","1","403","Amount/ Units (1)","1,298"
"SRC042","175","10","LLC ........... (4)(5)(7)(10) SOFR+4.75% 8.42% 3/28/2025 3/29/2032","2","439","Cost (3)","1,285"
"SRC042","175","10","LLC ........... (4)(5)(7)(10) SOFR+4.75% 8.42% 3/28/2025 3/29/2032","3","474","Fair Value","1,291"
"SRC042","175","10","LLC ........... (4)(5)(7)(10) SOFR+4.75% 8.42% 3/28/2025 3/29/2032","4","505","% of Net Assets","0.02"
"SRC042","175","11","MAG DS Corp. .... (11) SOFR+5.50% 9.27% 4/1/2020 4/1/2027","1","403","Amount/ Units (1)","78,684"
"SRC042","175","11","MAG DS Corp. .... (11) SOFR+5.50% 9.27% 4/1/2020 4/1/2027","2","439","Cost (3)","77,251"
"SRC042","175","11","MAG DS Corp. .... (11) SOFR+5.50% 9.27% 4/1/2020 4/1/2027","3","474","Fair Value","78,610"
"SRC042","175","11","MAG DS Corp. .... (11) SOFR+5.50% 9.27% 4/1/2020 4/1/2027","4","505","% of Net Assets","1.26"
"SRC042","175","12","BuyCo, LLC .... (4)(7)(10) SOFR+6.00% 9.67% 12/5/2023 12/5/2030","1","403","Amount/ Units (1)","33,602"
"SRC042","175","12","BuyCo, LLC .... (4)(7)(10) SOFR+6.00% 9.67% 12/5/2023 12/5/2030","2","439","Cost (3)","32,936"
"SRC042","175","12","BuyCo, LLC .... (4)(7)(10) SOFR+6.00% 9.67% 12/5/2023 12/5/2030","3","474","Fair Value","33,308"
"SRC042","175","12","BuyCo, LLC .... (4)(7)(10) SOFR+6.00% 9.67% 12/5/2023 12/5/2030","4","505","% of Net Assets","0.53"
"SRC042","175","13","LLC ........... (4)(5)(10) SOFR+4.50% 8.22% 5/20/2025 5/20/2032","1","403","Amount/ Units (1)","2,147"
"SRC042","175","13","LLC ........... (4)(5)(10) SOFR+4.50% 8.22% 5/20/2025 5/20/2032","2","439","Cost (3)","2,132"
"SRC042","175","13","LLC ........... (4)(5)(10) SOFR+4.50% 8.22% 5/20/2025 5/20/2032","3","474","Fair Value","2,147"
"SRC042","175","13","LLC ........... (4)(5)(10) SOFR+4.50% 8.22% 5/20/2025 5/20/2032","4","505","% of Net Assets","0.03"
"SRC042","175","14","LLC ........... (4)(5)(7)(10) SOFR+4.50% 8.22% 5/20/2025 5/20/2032","1","403","Amount/ Units (1)","255"
"SRC042","175","14","LLC ........... (4)(5)(7)(10) SOFR+4.50% 8.22% 5/20/2025 5/20/2032","2","439","Cost (3)","251"
"SRC042","175","14","LLC ........... (4)(5)(7)(10) SOFR+4.50% 8.22% 5/20/2025 5/20/2032","3","474","Fair Value","255"
"SRC042","175","14","LLC ........... (4)(5)(7)(10) SOFR+4.50% 8.22% 5/20/2025 5/20/2032","4","505","% of Net Assets","0.00"
"SRC042","175","15","Inc. ............ (4)(10) SOFR+4.75% 8.57% 6/11/2021 6/11/2027","1","403","Amount/ Units (1)","93,442"
"SRC042","175","15","Inc. ............ (4)(10) SOFR+4.75% 8.57% 6/11/2021 6/11/2027","2","439","Cost (3)","92,974"
"SRC042","175","15","Inc. ............ (4)(10) SOFR+4.75% 8.57% 6/11/2021 6/11/2027","3","474","Fair Value","93,442"
"SRC042","175","15","Inc. ............ (4)(10) SOFR+4.75% 8.57% 6/11/2021 6/11/2027","4","505","% of Net Assets","1.50"
"SRC042","175","16","Inc. ............ (4)(5)(10) SOFR+4.75% 8.57% 3/19/2025 6/11/2027","1","403","Amount/ Units (1)","6,087"
"SRC042","175","16","Inc. ............ (4)(5)(10) SOFR+4.75% 8.57% 3/19/2025 6/11/2027","2","439","Cost (3)","6,068"
"SRC042","175","16","Inc. ............ (4)(5)(10) SOFR+4.75% 8.57% 3/19/2025 6/11/2027","3","474","Fair Value","6,087"
"SRC042","175","16","Inc. ............ (4)(5)(10) SOFR+4.75% 8.57% 3/19/2025 6/11/2027","4","505","% of Net Assets","0.10"
"SRC042","175","17","ENV Bidco, AB ... (4)(5)(6)(10) SOFR+5.00% 8.69% 12/12/2024 7/27/2029","1","403","Amount/ Units (1)","1,115"
"SRC042","175","17","ENV Bidco, AB ... (4)(5)(6)(10) SOFR+5.00% 8.69% 12/12/2024 7/27/2029","2","439","Cost (3)","1,103"
"SRC042","175","17","ENV Bidco, AB ... (4)(5)(6)(10) SOFR+5.00% 8.69% 12/12/2024 7/27/2029","3","474","Fair Value","1,115"
"SRC042","175","17","ENV Bidco, AB ... (4)(5)(6)(10) SOFR+5.00% 8.69% 12/12/2024 7/27/2029","4","505","% of Net Assets","0.02"
"SRC042","175","18","ENV Bidco, AB ... (4)(5)(6)(7)(8) E+5.00% 7.02% 12/12/2024 7/27/2029 EUR","1","403","Amount/ Units (1)","1,337"
"SRC042","175","18","ENV Bidco, AB ... (4)(5)(6)(7)(8) E+5.00% 7.02% 12/12/2024 7/27/2029 EUR","2","439","Cost (3)","1,355"
"SRC042","175","18","ENV Bidco, AB ... (4)(5)(6)(7)(8) E+5.00% 7.02% 12/12/2024 7/27/2029 EUR","3","474","Fair Value","1,567"
"SRC042","175","18","ENV Bidco, AB ... (4)(5)(6)(7)(8) E+5.00% 7.02% 12/12/2024 7/27/2029 EUR","4","505","% of Net Assets","0.03"
"SRC042","175","19","Inc. ............ (4)(11) SOFR+6.25% 10.24% 12/9/2019 12/9/2027","1","403","Amount/ Units (1)","138,170"
"SRC042","175","19","Inc. ............ (4)(11) SOFR+6.25% 10.24% 12/9/2019 12/9/2027","2","439","Cost (3)","137,787"
"SRC042","175","19","Inc. ............ (4)(11) SOFR+6.25% 10.24% 12/9/2019 12/9/2027","3","474","Fair Value","125,734"
"SRC042","175","19","Inc. ............ (4)(11) SOFR+6.25% 10.24% 12/9/2019 12/9/2027","4","505","% of Net Assets","2.01"
"SRC042","175","20","Inc. ............ (4)(11) SOFR+6.25% 10.24% 2/4/2022 12/9/2027","1","403","Amount/ Units (1)","3,944"
"SRC042","175","20","Inc. ............ (4)(11) SOFR+6.25% 10.24% 2/4/2022 12/9/2027","2","439","Cost (3)","3,909"
"SRC042","175","20","Inc. ............ (4)(11) SOFR+6.25% 10.24% 2/4/2022 12/9/2027","3","474","Fair Value","3,589"
"SRC042","175","20","Inc. ............ (4)(11) SOFR+6.25% 10.24% 2/4/2022 12/9/2027","4","505","% of Net Assets","0.06"
"SRC042","175","21","LLC ........... (4)(5)(7)(11) SOFR+6.25% 9.95% 12/30/2022 12/29/2028","1","403","Amount/ Units (1)","1,320"
"SRC042","175","21","LLC ........... (4)(5)(7)(11) SOFR+6.25% 9.95% 12/30/2022 12/29/2028","2","439","Cost (3)","1,301"
"SRC042","175","21","LLC ........... (4)(5)(7)(11) SOFR+6.25% 9.95% 12/30/2022 12/29/2028","3","474","Fair Value","1,260"
"SRC042","175","21","LLC ........... (4)(5)(7)(11) SOFR+6.25% 9.95% 12/30/2022 12/29/2028","4","505","% of Net Assets","0.02"
"SRC042","175","22","LLC ........... (4)(10) SOFR+5.75% 9.57% 12/13/2021 12/31/2028","1","403","Amount/ Units (1)","29,708"
"SRC042","175","22","LLC ........... (4)(10) SOFR+5.75% 9.57% 12/13/2021 12/31/2028","2","439","Cost (3)","29,455"
"SRC042","175","22","LLC ........... (4)(10) SOFR+5.75% 9.57% 12/13/2021 12/31/2028","3","474","Fair Value","27,628"
"SRC042","175","22","LLC ........... (4)(10) SOFR+5.75% 9.57% 12/13/2021 12/31/2028","4","505","% of Net Assets","0.44"
"SRC042","175","23","Network, LLC ... (4)(5)(11) SOFR+7.00% PIK 11/27/2024 5/27/2030","1","403","Amount/ Units (1)","2,097"
"SRC042","175","23","Network, LLC ... (4)(5)(11) SOFR+7.00% PIK 11/27/2024 5/27/2030","2","439","Cost (3)","2,096"
"SRC042","175","23","Network, LLC ... (4)(5)(11) SOFR+7.00% PIK 11/27/2024 5/27/2030","3","474","Fair Value","2,097"
"SRC042","175","23","Network, LLC ... (4)(5)(11) SOFR+7.00% PIK 11/27/2024 5/27/2030","4","505","% of Net Assets","0.03"
"SRC042","175","24","Network, LLC ... (4)(5)(11) SOFR+10.00% PIK 11/27/2024 11/27/2029","1","403","Amount/ Units (1)","697"
"SRC042","175","24","Network, LLC ... (4)(5)(11) SOFR+10.00% PIK 11/27/2024 11/27/2029","2","439","Cost (3)","689"
"SRC042","175","24","Network, LLC ... (4)(5)(11) SOFR+10.00% PIK 11/27/2024 11/27/2029","3","474","Fair Value","697"
"SRC042","175","24","Network, LLC ... (4)(5)(11) SOFR+10.00% PIK 11/27/2024 11/27/2029","4","505","% of Net Assets","0.01"
"SRC042","175","25","Network, LLC ... (4)(5)(7)(11) SOFR+10.50% PIK) 11/10/2025 11/27/2029","1","403","Amount/ Units (1)","162"
"SRC042","175","25","Network, LLC ... (4)(5)(7)(11) SOFR+10.50% PIK) 11/10/2025 11/27/2029","2","439","Cost (3)","162"
"SRC042","175","25","Network, LLC ... (4)(5)(7)(11) SOFR+10.50% PIK) 11/10/2025 11/27/2029","3","474","Fair Value","162"
"SRC042","175","25","Network, LLC ... (4)(5)(7)(11) SOFR+10.50% PIK) 11/10/2025 11/27/2029","4","505","% of Net Assets","0.00"
"SRC042","176","1","Group, AB ...... (5)(6)(8) E+5.43% 7.32% 6/20/2024 6/18/2029 EUR","1","400","Amount/ Units (1)","1,000"
"SRC042","176","1","Group, AB ...... (5)(6)(8) E+5.43% 7.32% 6/20/2024 6/18/2029 EUR","2","435","Cost (3)","1,066"
"SRC042","176","1","Group, AB ...... (5)(6)(8) E+5.43% 7.32% 6/20/2024 6/18/2029 EUR","3","471","Fair Value","1,179"
"SRC042","176","1","Group, AB ...... (5)(6)(8) E+5.43% 7.32% 6/20/2024 6/18/2029 EUR","4","505","% of Net Assets","0.02%"
"SRC042","176","2","Inc. ............ (4)(5)(6)(10) SOFR+4.75% 8.42% 5/6/2025 5/8/2030 $","1","400","Amount/ Units (1)","11,740"
"SRC042","176","2","Inc. ............ (4)(5)(6)(10) SOFR+4.75% 8.42% 5/6/2025 5/8/2030 $","2","435","Cost (3)","11,638"
"SRC042","176","2","Inc. ............ (4)(5)(6)(10) SOFR+4.75% 8.42% 5/6/2025 5/8/2030 $","3","471","Fair Value","11,740"
"SRC042","176","2","Inc. ............ (4)(5)(6)(10) SOFR+4.75% 8.42% 5/6/2025 5/8/2030 $","4","505","% of Net Assets","0.19"
"SRC042","176","3","Inc. ............ (4)(5)(6)(7)(10) SOFR+4.00% 7.69% 5/6/2025 5/8/2030","1","400","Amount/ Units (1)","6,848"
"SRC042","176","3","Inc. ............ (4)(5)(6)(7)(10) SOFR+4.00% 7.69% 5/6/2025 5/8/2030","2","435","Cost (3)","6,818"
"SRC042","176","3","Inc. ............ (4)(5)(6)(7)(10) SOFR+4.00% 7.69% 5/6/2025 5/8/2030","3","471","Fair Value","6,848"
"SRC042","176","3","Inc. ............ (4)(5)(6)(7)(10) SOFR+4.00% 7.69% 5/6/2025 5/8/2030","4","505","% of Net Assets","0.11"
"SRC042","176","4","MannKind Corp. ... (4)(6)(7)(14) SOFR+4.75% 8.53% 8/6/2025 8/6/2030","1","400","Amount/ Units (1)","138,898"
"SRC042","176","4","MannKind Corp. ... (4)(6)(7)(14) SOFR+4.75% 8.53% 8/6/2025 8/6/2030","2","435","Cost (3)","136,595"
"SRC042","176","4","MannKind Corp. ... (4)(6)(7)(14) SOFR+4.75% 8.53% 8/6/2025 8/6/2030","3","471","Fair Value","137,455"
"SRC042","176","4","MannKind Corp. ... (4)(6)(7)(14) SOFR+4.75% 8.53% 8/6/2025 8/6/2030","4","505","% of Net Assets","2.20"
"SRC042","176","5","LLC ........... (4)(11) SOFR+6.00% 9.82% 2/26/2021 2/26/2027","1","400","Amount/ Units (1)","52,464"
"SRC042","176","5","LLC ........... (4)(11) SOFR+6.00% 9.82% 2/26/2021 2/26/2027","2","435","Cost (3)","52,311"
"SRC042","176","5","LLC ........... (4)(11) SOFR+6.00% 9.82% 2/26/2021 2/26/2027","3","471","Fair Value","50,496"
"SRC042","176","5","LLC ........... (4)(11) SOFR+6.00% 9.82% 2/26/2021 2/26/2027","4","505","% of Net Assets","0.81"
"SRC042","176","6","LLC ........... (4)(5)(10) SOFR+6.00% 9.82% 2/25/2019 2/25/2027","1","400","Amount/ Units (1)","11,318"
"SRC042","176","6","LLC ........... (4)(5)(10) SOFR+6.00% 9.82% 2/25/2019 2/25/2027","2","435","Cost (3)","11,285"
"SRC042","176","6","LLC ........... (4)(5)(10) SOFR+6.00% 9.82% 2/25/2019 2/25/2027","3","471","Fair Value","10,469"
"SRC042","176","6","LLC ........... (4)(5)(10) SOFR+6.00% 9.82% 2/25/2019 2/25/2027","4","505","% of Net Assets","0.17"
"SRC042","176","7","LLC ........... (4)(10) SOFR+6.00% 9.82% 2/25/2019 2/25/2027","1","400","Amount/ Units (1)","77,867"
"SRC042","176","7","LLC ........... (4)(10) SOFR+6.00% 9.82% 2/25/2019 2/25/2027","2","435","Cost (3)","77,673"
"SRC042","176","7","LLC ........... (4)(10) SOFR+6.00% 9.82% 2/25/2019 2/25/2027","3","471","Fair Value","72,027"
"SRC042","176","7","LLC ........... (4)(10) SOFR+6.00% 9.82% 2/25/2019 2/25/2027","4","505","% of Net Assets","1.15"
"SRC042","176","8","LLC ........... (4)(10) SOFR+6.25% 10.09% 9/1/2021 9/1/2027","1","400","Amount/ Units (1)","14,902"
"SRC042","176","8","LLC ........... (4)(10) SOFR+6.25% 10.09% 9/1/2021 9/1/2027","2","435","Cost (3)","14,804"
"SRC042","176","8","LLC ........... (4)(10) SOFR+6.25% 10.09% 9/1/2021 9/1/2027","3","471","Fair Value","14,306"
"SRC042","176","8","LLC ........... (4)(10) SOFR+6.25% 10.09% 9/1/2021 9/1/2027","4","505","% of Net Assets","0.23"
"SRC042","176","9","Holdings, Inc. ... (4)(5)(11) SOFR+6.50% 10.32% 12/29/2020 12/29/2026","1","400","Amount/ Units (1)","52,750"
"SRC042","176","9","Holdings, Inc. ... (4)(5)(11) SOFR+6.50% 10.32% 12/29/2020 12/29/2026","2","435","Cost (3)","52,587"
"SRC042","176","9","Holdings, Inc. ... (4)(5)(11) SOFR+6.50% 10.32% 12/29/2020 12/29/2026","3","471","Fair Value","43,387"
"SRC042","176","9","Holdings, Inc. ... (4)(5)(11) SOFR+6.50% 10.32% 12/29/2020 12/29/2026","4","505","% of Net Assets","0.69"
"SRC042","176","10","Corp. .......... (4)(7)(10) SOFR+5.00% 8.67% 6/13/2024 6/13/2031","1","400","Amount/ Units (1)","39,719"
"SRC042","176","10","Corp. .......... (4)(7)(10) SOFR+5.00% 8.67% 6/13/2024 6/13/2031","2","435","Cost (3)","39,371"
"SRC042","176","10","Corp. .......... (4)(7)(10) SOFR+5.00% 8.67% 6/13/2024 6/13/2031","3","471","Fair Value","39,245"
"SRC042","176","10","Corp. .......... (4)(7)(10) SOFR+5.00% 8.67% 6/13/2024 6/13/2031","4","505","% of Net Assets","0.63"
"SRC042","176","11","Bazaarvoice, Inc. ... (4)(7)(8) SOFR+4.50% 8.09% 5/7/2021 5/7/2029","1","400","Amount/ Units (1)","238,337"
"SRC042","176","11","Bazaarvoice, Inc. ... (4)(7)(8) SOFR+4.50% 8.09% 5/7/2021 5/7/2029","2","435","Cost (3)","238,337"
"SRC042","176","11","Bazaarvoice, Inc. ... (4)(7)(8) SOFR+4.50% 8.09% 5/7/2021 5/7/2029","3","471","Fair Value","238,337"
"SRC042","176","11","Bazaarvoice, Inc. ... (4)(7)(8) SOFR+4.50% 8.09% 5/7/2021 5/7/2029","4","505","% of Net Assets","3.82"
"SRC042","176","12","CFS Brands, LLC .. (4)(7)(11) SOFR+5.00% 8.72% 12/20/2024 10/2/2030","1","400","Amount/ Units (1)","138,043"
"SRC042","176","12","CFS Brands, LLC .. (4)(7)(11) SOFR+5.00% 8.72% 12/20/2024 10/2/2030","2","435","Cost (3)","136,064"
"SRC042","176","12","CFS Brands, LLC .. (4)(7)(11) SOFR+5.00% 8.72% 12/20/2024 10/2/2030","3","471","Fair Value","138,043"
"SRC042","176","12","CFS Brands, LLC .. (4)(7)(11) SOFR+5.00% 8.72% 12/20/2024 10/2/2030","4","505","% of Net Assets","2.21"
"SRC042","176","13","Corp. .......... (4)(5)(7)(10) SOFR+4.50% 8.17% 4/17/2025 4/17/2032","1","400","Amount/ Units (1)","1,606"
"SRC042","176","13","Corp. .......... (4)(5)(7)(10) SOFR+4.50% 8.17% 4/17/2025 4/17/2032","2","435","Cost (3)","1,590"
"SRC042","176","13","Corp. .......... (4)(5)(7)(10) SOFR+4.50% 8.17% 4/17/2025 4/17/2032","3","471","Fair Value","1,605"
"SRC042","176","13","Corp. .......... (4)(5)(7)(10) SOFR+4.50% 8.17% 4/17/2025 4/17/2032","4","505","% of Net Assets","0.03"
"SRC042","176","14","ELK Bidco, Inc. ... (4)(5)(7)(9) SOFR+4.50% 8.50% 6/13/2025 6/14/2032","1","400","Amount/ Units (1)","17,942"
"SRC042","176","14","ELK Bidco, Inc. ... (4)(5)(7)(9) SOFR+4.50% 8.50% 6/13/2025 6/14/2032","2","435","Cost (3)","17,835"
"SRC042","176","14","ELK Bidco, Inc. ... (4)(5)(7)(9) SOFR+4.50% 8.50% 6/13/2025 6/14/2032","3","471","Fair Value","17,871"
"SRC042","176","14","ELK Bidco, Inc. ... (4)(5)(7)(9) SOFR+4.50% 8.50% 6/13/2025 6/14/2032","4","505","% of Net Assets","0.29"
"SRC042","176","15","Inc. ............ (4)(10) SOFR+4.50% 8.23% 3/13/2025 3/12/2032","1","400","Amount/ Units (1)","27,315"
"SRC042","176","15","Inc. ............ (4)(10) SOFR+4.50% 8.23% 3/13/2025 3/12/2032","2","435","Cost (3)","27,073"
"SRC042","176","15","Inc. ............ (4)(10) SOFR+4.50% 8.23% 3/13/2025 3/12/2032","3","471","Fair Value","27,315"
"SRC042","176","15","Inc. ............ (4)(10) SOFR+4.50% 8.23% 3/13/2025 3/12/2032","4","505","% of Net Assets","0.44"
"SRC042","176","16","Inc. ............ (4)(5)(7)(10) SOFR+4.50% 8.34% 3/13/2025 3/12/2032","1","400","Amount/ Units (1)","9,748"
"SRC042","176","16","Inc. ............ (4)(5)(7)(10) SOFR+4.50% 8.34% 3/13/2025 3/12/2032","2","435","Cost (3)","9,603"
"SRC042","176","16","Inc. ............ (4)(5)(7)(10) SOFR+4.50% 8.34% 3/13/2025 3/12/2032","3","471","Fair Value","9,715"
"SRC042","176","16","Inc. ............ (4)(5)(7)(10) SOFR+4.50% 8.34% 3/13/2025 3/12/2032","4","505","% of Net Assets","0.16"
"SRC042","176","17","LLC ........... (4)(11) SOFR+5.25% 9.18% 4/30/2025 11/17/2029","1","400","Amount/ Units (1)","57,536"
"SRC042","176","17","LLC ........... (4)(11) SOFR+5.25% 9.18% 4/30/2025 11/17/2029","2","435","Cost (3)","56,955"
"SRC042","176","17","LLC ........... (4)(11) SOFR+5.25% 9.18% 4/30/2025 11/17/2029","3","471","Fair Value","57,536"
"SRC042","176","17","LLC ........... (4)(11) SOFR+5.25% 9.18% 4/30/2025 11/17/2029","4","505","% of Net Assets","0.92"
"SRC042","176","18","LLC ........... (4)(5)(7)(11) SOFR+5.25% 9.37% 4/30/2025 11/17/2029","1","400","Amount/ Units (1)","18,692"
"SRC042","176","18","LLC ........... (4)(5)(7)(11) SOFR+5.25% 9.37% 4/30/2025 11/17/2029","2","435","Cost (3)","18,328"
"SRC042","176","18","LLC ........... (4)(5)(7)(11) SOFR+5.25% 9.37% 4/30/2025 11/17/2029","3","471","Fair Value","18,534"
"SRC042","176","18","LLC ........... (4)(5)(7)(11) SOFR+5.25% 9.37% 4/30/2025 11/17/2029","4","505","% of Net Assets","0.30"
"SRC042","176","19","Inc. ............ (4)(10) SOFR+5.00% 8.72% 8/27/2024 8/28/2030","1","400","Amount/ Units (1)","44,002"
"SRC042","176","19","Inc. ............ (4)(10) SOFR+5.00% 8.72% 8/27/2024 8/28/2030","2","435","Cost (3)","43,490"
"SRC042","176","19","Inc. ............ (4)(10) SOFR+5.00% 8.72% 8/27/2024 8/28/2030","3","471","Fair Value","42,792"
"SRC042","176","19","Inc. ............ (4)(10) SOFR+5.00% 8.72% 8/27/2024 8/28/2030","4","505","% of Net Assets","0.69"
"SRC042","176","20","Inc. ............ (4)(5)(7)(10) SOFR+5.00% 8.72% 8/27/2024 8/28/2030","1","400","Amount/ Units (1)","3,446"
"SRC042","176","20","Inc. ............ (4)(5)(7)(10) SOFR+5.00% 8.72% 8/27/2024 8/28/2030","2","435","Cost (3)","3,289"
"SRC042","176","20","Inc. ............ (4)(5)(7)(10) SOFR+5.00% 8.72% 8/27/2024 8/28/2030","3","471","Fair Value","3,069"
"SRC042","176","20","Inc. ............ (4)(5)(7)(10) SOFR+5.00% 8.72% 8/27/2024 8/28/2030","4","505","% of Net Assets","0.05"
"SRC042","176","21","LLC ........... (4)(10) SOFR+5.00% 8.67% 9/26/2024 9/30/2031","1","400","Amount/ Units (1)","24,570"
"SRC042","176","21","LLC ........... (4)(10) SOFR+5.00% 8.67% 9/26/2024 9/30/2031","2","435","Cost (3)","24,167"
"SRC042","176","21","LLC ........... (4)(10) SOFR+5.00% 8.67% 9/26/2024 9/30/2031","3","471","Fair Value","24,324"
"SRC042","176","21","LLC ........... (4)(10) SOFR+5.00% 8.67% 9/26/2024 9/30/2031","4","505","% of Net Assets","0.39"
"SRC042","176","22","LLC ........... (4)(5)(10) SOFR+4.50% 8.17% 1/2/2025 1/2/2032","1","400","Amount/ Units (1)","2,944"
"SRC042","176","22","LLC ........... (4)(5)(10) SOFR+4.50% 8.17% 1/2/2025 1/2/2032","2","435","Cost (3)","2,918"
"SRC042","176","22","LLC ........... (4)(5)(10) SOFR+4.50% 8.17% 1/2/2025 1/2/2032","3","471","Fair Value","2,944"
"SRC042","176","22","LLC ........... (4)(5)(10) SOFR+4.50% 8.17% 1/2/2025 1/2/2032","4","505","% of Net Assets","0.05"
"SRC042","176","23","LLC ........... (4)(5)(7)(10) SOFR+4.50% 8.19% 1/2/2025 1/2/2032","1","400","Amount/ Units (1)","15"
"SRC042","176","23","LLC ........... (4)(5)(7)(10) SOFR+4.50% 8.19% 1/2/2025 1/2/2032","2","435","Cost (3)","13"
"SRC042","176","23","LLC ........... (4)(5)(7)(10) SOFR+4.50% 8.19% 1/2/2025 1/2/2032","3","471","Fair Value","15"
"SRC042","176","23","LLC ........... (4)(5)(7)(10) SOFR+4.50% 8.19% 1/2/2025 1/2/2032","4","505","% of Net Assets","0.00"
"SRC042","177","1","LLC ........... (4)(5)(7)(10) SOFR+4.50% 8.17% 1/2/2025 1/2/2032 $","1","403","Amount/ Units (1)","72"
"SRC042","177","1","LLC ........... (4)(5)(7)(10) SOFR+4.50% 8.17% 1/2/2025 1/2/2032 $","2","439","Cost (3)","69"
"SRC042","177","1","LLC ........... (4)(5)(7)(10) SOFR+4.50% 8.17% 1/2/2025 1/2/2032 $","3","474","Fair Value","72"
"SRC042","177","1","LLC ........... (4)(5)(7)(10) SOFR+4.50% 8.17% 1/2/2025 1/2/2032 $","4","505","% of Net Assets","0.00%"
"SRC042","177","2","Iris Buyer, LLC .... (4)(11) SOFR+5.25% 9.09% 10/2/2023 10/2/2030","1","403","Amount/ Units (1)","25,196"
"SRC042","177","2","Iris Buyer, LLC .... (4)(11) SOFR+5.25% 9.09% 10/2/2023 10/2/2030","2","439","Cost (3)","24,726"
"SRC042","177","2","Iris Buyer, LLC .... (4)(11) SOFR+5.25% 9.09% 10/2/2023 10/2/2030","3","474","Fair Value","25,196"
"SRC042","177","2","Iris Buyer, LLC .... (4)(11) SOFR+5.25% 9.09% 10/2/2023 10/2/2030","4","505","% of Net Assets","0.40"
"SRC042","177","3","Iris Buyer, LLC .... (4)(5)(11) SOFR+5.25% 8.92% 10/2/2023 10/2/2030","1","403","Amount/ Units (1)","2,376"
"SRC042","177","3","Iris Buyer, LLC .... (4)(5)(11) SOFR+5.25% 8.92% 10/2/2023 10/2/2030","2","439","Cost (3)","2,339"
"SRC042","177","3","Iris Buyer, LLC .... (4)(5)(11) SOFR+5.25% 8.92% 10/2/2023 10/2/2030","3","474","Fair Value","2,376"
"SRC042","177","3","Iris Buyer, LLC .... (4)(5)(11) SOFR+5.25% 8.92% 10/2/2023 10/2/2030","4","505","% of Net Assets","0.04"
"SRC042","177","4","Iris Buyer, LLC .... (4)(5)(7)(11) SOFR+5.25% 8.92% 2/4/2025 10/2/2030","1","403","Amount/ Units (1)","3,667"
"SRC042","177","4","Iris Buyer, LLC .... (4)(5)(7)(11) SOFR+5.25% 8.92% 2/4/2025 10/2/2030","2","439","Cost (3)","3,549"
"SRC042","177","4","Iris Buyer, LLC .... (4)(5)(7)(11) SOFR+5.25% 8.92% 2/4/2025 10/2/2030","3","474","Fair Value","3,667"
"SRC042","177","4","Iris Buyer, LLC .... (4)(5)(7)(11) SOFR+5.25% 8.92% 2/4/2025 10/2/2030","4","505","% of Net Assets","0.06"
"SRC042","177","5","Iris Buyer, LLC .... (4)(5)(11) SOFR+5.25% 8.92% 8/19/2025 10/2/2030","1","403","Amount/ Units (1)","1,022"
"SRC042","177","5","Iris Buyer, LLC .... (4)(5)(11) SOFR+5.25% 8.92% 8/19/2025 10/2/2030","2","439","Cost (3)","1,012"
"SRC042","177","5","Iris Buyer, LLC .... (4)(5)(11) SOFR+5.25% 8.92% 8/19/2025 10/2/2030","3","474","Fair Value","1,022"
"SRC042","177","5","Iris Buyer, LLC .... (4)(5)(11) SOFR+5.25% 8.92% 8/19/2025 10/2/2030","4","505","% of Net Assets","0.02"
"SRC042","177","6","Holdco, Inc. ..... (4)(5)(7)(10) SOFR+4.68% 8.43% 8/20/2024 8/20/2031","1","403","Amount/ Units (1)","995"
"SRC042","177","6","Holdco, Inc. ..... (4)(5)(7)(10) SOFR+4.68% 8.43% 8/20/2024 8/20/2031","2","439","Cost (3)","980"
"SRC042","177","6","Holdco, Inc. ..... (4)(5)(7)(10) SOFR+4.68% 8.43% 8/20/2024 8/20/2031","3","474","Fair Value","995"
"SRC042","177","6","Holdco, Inc. ..... (4)(5)(7)(10) SOFR+4.68% 8.43% 8/20/2024 8/20/2031","4","505","% of Net Assets","0.02"
"SRC042","177","7","Holdco, Inc. ..... (4)(5)(7)(10) SOFR+4.68% 8.43% 8/20/2024 8/20/2030","1","403","Amount/ Units (1)","37"
"SRC042","177","7","Holdco, Inc. ..... (4)(5)(7)(10) SOFR+4.68% 8.43% 8/20/2024 8/20/2030","2","439","Cost (3)","36"
"SRC042","177","7","Holdco, Inc. ..... (4)(5)(7)(10) SOFR+4.68% 8.43% 8/20/2024 8/20/2030","3","474","Fair Value","37"
"SRC042","177","7","Holdco, Inc. ..... (4)(5)(7)(10) SOFR+4.68% 8.43% 8/20/2024 8/20/2030","4","505","% of Net Assets","0.00"
"SRC042","177","8","Java Buyer, Inc. .... (4)(10) SOFR+5.00% 8.94% 12/15/2021 12/15/2027","1","403","Amount/ Units (1)","4,129"
"SRC042","177","8","Java Buyer, Inc. .... (4)(10) SOFR+5.00% 8.94% 12/15/2021 12/15/2027","2","439","Cost (3)","4,104"
"SRC042","177","8","Java Buyer, Inc. .... (4)(10) SOFR+5.00% 8.94% 12/15/2021 12/15/2027","3","474","Fair Value","4,129"
"SRC042","177","8","Java Buyer, Inc. .... (4)(10) SOFR+5.00% 8.94% 12/15/2021 12/15/2027","4","505","% of Net Assets","0.07"
"SRC042","177","9","Java Buyer, Inc. .... (4)(5)(10) SOFR+5.00% 8.94% 12/15/2021 12/15/2027","1","403","Amount/ Units (1)","2,867"
"SRC042","177","9","Java Buyer, Inc. .... (4)(5)(10) SOFR+5.00% 8.94% 12/15/2021 12/15/2027","2","439","Cost (3)","2,852"
"SRC042","177","9","Java Buyer, Inc. .... (4)(5)(10) SOFR+5.00% 8.94% 12/15/2021 12/15/2027","3","474","Fair Value","2,867"
"SRC042","177","9","Java Buyer, Inc. .... (4)(5)(10) SOFR+5.00% 8.94% 12/15/2021 12/15/2027","4","505","% of Net Assets","0.05"
"SRC042","177","10","Java Buyer, Inc. .... (4)(5)(10) SOFR+5.00% 8.94% 11/9/2023 12/15/2027","1","403","Amount/ Units (1)","1,616"
"SRC042","177","10","Java Buyer, Inc. .... (4)(5)(10) SOFR+5.00% 8.94% 11/9/2023 12/15/2027","2","439","Cost (3)","1,593"
"SRC042","177","10","Java Buyer, Inc. .... (4)(5)(10) SOFR+5.00% 8.94% 11/9/2023 12/15/2027","3","474","Fair Value","1,616"
"SRC042","177","10","Java Buyer, Inc. .... (4)(5)(10) SOFR+5.00% 8.94% 11/9/2023 12/15/2027","4","505","% of Net Assets","0.03"
"SRC042","177","11","Java Buyer, Inc. .... (4)(5)(7)(10) SOFR+5.00% 8.67% 6/28/2024 12/15/2027","1","403","Amount/ Units (1)","2,426"
"SRC042","177","11","Java Buyer, Inc. .... (4)(5)(7)(10) SOFR+5.00% 8.67% 6/28/2024 12/15/2027","2","439","Cost (3)","2,406"
"SRC042","177","11","Java Buyer, Inc. .... (4)(5)(7)(10) SOFR+5.00% 8.67% 6/28/2024 12/15/2027","3","474","Fair Value","2,426"
"SRC042","177","11","Java Buyer, Inc. .... (4)(5)(7)(10) SOFR+5.00% 8.67% 6/28/2024 12/15/2027","4","505","% of Net Assets","0.04"
"SRC042","177","12","Java Buyer, Inc. .... (4)(5)(7)(10) SOFR+5.00% 8.82% 5/9/2025 12/15/2027","1","403","Amount/ Units (1)","1,493"
"SRC042","177","12","Java Buyer, Inc. .... (4)(5)(7)(10) SOFR+5.00% 8.82% 5/9/2025 12/15/2027","2","439","Cost (3)","1,474"
"SRC042","177","12","Java Buyer, Inc. .... (4)(5)(7)(10) SOFR+5.00% 8.82% 5/9/2025 12/15/2027","3","474","Fair Value","1,493"
"SRC042","177","12","Java Buyer, Inc. .... (4)(5)(7)(10) SOFR+5.00% 8.82% 5/9/2025 12/15/2027","4","505","% of Net Assets","0.02"
"SRC042","177","13","Inc. ............ (4)(10) SOFR+5.00% PIK) 12/17/2020 11/8/2031","1","403","Amount/ Units (1)","290,582"
"SRC042","177","13","Inc. ............ (4)(10) SOFR+5.00% PIK) 12/17/2020 11/8/2031","2","439","Cost (3)","288,360"
"SRC042","177","13","Inc. ............ (4)(10) SOFR+5.00% PIK) 12/17/2020 11/8/2031","3","474","Fair Value","290,582"
"SRC042","177","13","Inc. ............ (4)(10) SOFR+5.00% PIK) 12/17/2020 11/8/2031","4","505","% of Net Assets","4.65"
"SRC042","177","14","Inc. ............ (4)(5)(10) SOFR+5.00% PIK) 12/29/2021 11/8/2031","1","403","Amount/ Units (1)","5,018"
"SRC042","177","14","Inc. ............ (4)(5)(10) SOFR+5.00% PIK) 12/29/2021 11/8/2031","2","439","Cost (3)","4,975"
"SRC042","177","14","Inc. ............ (4)(5)(10) SOFR+5.00% PIK) 12/29/2021 11/8/2031","3","474","Fair Value","5,018"
"SRC042","177","14","Inc. ............ (4)(5)(10) SOFR+5.00% PIK) 12/29/2021 11/8/2031","4","505","% of Net Assets","0.08"
"SRC042","177","15","Inc. ............ (4)(7)(10) SOFR+5.00% PIK) 11/8/2024 11/8/2031","1","403","Amount/ Units (1)","31,958"
"SRC042","177","15","Inc. ............ (4)(7)(10) SOFR+5.00% PIK) 11/8/2024 11/8/2031","2","439","Cost (3)","31,669"
"SRC042","177","15","Inc. ............ (4)(7)(10) SOFR+5.00% PIK) 11/8/2024 11/8/2031","3","474","Fair Value","31,921"
"SRC042","177","15","Inc. ............ (4)(7)(10) SOFR+5.00% PIK) 11/8/2024 11/8/2031","4","505","% of Net Assets","0.51"
"SRC042","177","16","Buyer, Inc. ...... (4)(7)(10) SOFR+4.50% 8.32% 12/10/2021 12/10/2029","1","403","Amount/ Units (1)","9,713"
"SRC042","177","16","Buyer, Inc. ...... (4)(7)(10) SOFR+4.50% 8.32% 12/10/2021 12/10/2029","2","439","Cost (3)","9,632"
"SRC042","177","16","Buyer, Inc. ...... (4)(7)(10) SOFR+4.50% 8.32% 12/10/2021 12/10/2029","3","474","Fair Value","9,709"
"SRC042","177","16","Buyer, Inc. ...... (4)(7)(10) SOFR+4.50% 8.32% 12/10/2021 12/10/2029","4","505","% of Net Assets","0.16"
"SRC042","177","17","Inc. ............ (4)(10)(18) SOFR+5.50% 9.44% 10/19/2021 10/19/2028","1","403","Amount/ Units (1)","19,802"
"SRC042","177","17","Inc. ............ (4)(10)(18) SOFR+5.50% 9.44% 10/19/2021 10/19/2028","2","439","Cost (3)","19,644"
"SRC042","177","17","Inc. ............ (4)(10)(18) SOFR+5.50% 9.44% 10/19/2021 10/19/2028","3","474","Fair Value","17,228"
"SRC042","177","17","Inc. ............ (4)(10)(18) SOFR+5.50% 9.44% 10/19/2021 10/19/2028","4","505","% of Net Assets","0.28"
"SRC042","177","18","Inc. ............ (4)(5)(10)(18) SOFR+5.50% 9.53% 10/19/2021 10/19/2028","1","403","Amount/ Units (1)","2,280"
"SRC042","177","18","Inc. ............ (4)(5)(10)(18) SOFR+5.50% 9.53% 10/19/2021 10/19/2028","2","439","Cost (3)","2,263"
"SRC042","177","18","Inc. ............ (4)(5)(10)(18) SOFR+5.50% 9.53% 10/19/2021 10/19/2028","3","474","Fair Value","1,984"
"SRC042","177","18","Inc. ............ (4)(5)(10)(18) SOFR+5.50% 9.53% 10/19/2021 10/19/2028","4","505","% of Net Assets","0.03"
"SRC042","177","19","Ltd. ........... (4)(5)(6)(8) S+4.25% 8.22% 7/29/2025 11/7/2030 GBP","1","403","Amount/ Units (1)","4,812"
"SRC042","177","19","Ltd. ........... (4)(5)(6)(8) S+4.25% 8.22% 7/29/2025 11/7/2030 GBP","2","439","Cost (3)","6,360"
"SRC042","177","19","Ltd. ........... (4)(5)(6)(8) S+4.25% 8.22% 7/29/2025 11/7/2030 GBP","3","474","Fair Value","6,438"
"SRC042","177","19","Ltd. ........... (4)(5)(6)(8) S+4.25% 8.22% 7/29/2025 11/7/2030 GBP","4","505","% of Net Assets","0.10"
"SRC042","177","20","Buyer, Inc. ...... (4)(10)(18) SOFR+5.27% 8.99% 12/1/2021 12/1/2027","1","403","Amount/ Units (1)","10,804"
"SRC042","177","20","Buyer, Inc. ...... (4)(10)(18) SOFR+5.27% 8.99% 12/1/2021 12/1/2027","2","439","Cost (3)","10,734"
"SRC042","177","20","Buyer, Inc. ...... (4)(10)(18) SOFR+5.27% 8.99% 12/1/2021 12/1/2027","3","474","Fair Value","10,804"
"SRC042","177","20","Buyer, Inc. ...... (4)(10)(18) SOFR+5.27% 8.99% 12/1/2021 12/1/2027","4","505","% of Net Assets","0.17"
"SRC042","177","21","Buyer, Inc. ...... (4)(7)(11)(18) SOFR+4.75% 8.47% 12/1/2021 12/1/2027","1","403","Amount/ Units (1)","14,591"
"SRC042","177","21","Buyer, Inc. ...... (4)(7)(11)(18) SOFR+4.75% 8.47% 12/1/2021 12/1/2027","2","439","Cost (3)","14,458"
"SRC042","177","21","Buyer, Inc. ...... (4)(7)(11)(18) SOFR+4.75% 8.47% 12/1/2021 12/1/2027","3","474","Fair Value","14,591"
"SRC042","177","21","Buyer, Inc. ...... (4)(7)(11)(18) SOFR+4.75% 8.47% 12/1/2021 12/1/2027","4","505","% of Net Assets","0.23"
"SRC042","177","22","LLC ........... (4)(5)(7)(10) SOFR+4.25% 8.13% 5/22/2025 5/24/2032","1","403","Amount/ Units (1)","401"
"SRC042","177","22","LLC ........... (4)(5)(7)(10) SOFR+4.25% 8.13% 5/22/2025 5/24/2032","2","439","Cost (3)","397"
"SRC042","177","22","LLC ........... (4)(5)(7)(10) SOFR+4.25% 8.13% 5/22/2025 5/24/2032","3","474","Fair Value","398"
"SRC042","177","22","LLC ........... (4)(5)(7)(10) SOFR+4.25% 8.13% 5/22/2025 5/24/2032","4","505","% of Net Assets","0.01"
"SRC042","177","23","Corp. .......... (4)(10) SOFR+4.75% 9.20% 12/19/2025 12/19/2032","1","403","Amount/ Units (1)","15,000"
"SRC042","177","23","Corp. .......... (4)(10) SOFR+4.75% 9.20% 12/19/2025 12/19/2032","2","439","Cost (3)","14,851"
"SRC042","177","23","Corp. .......... (4)(10) SOFR+4.75% 9.20% 12/19/2025 12/19/2032","3","474","Fair Value","14,850"
"SRC042","177","23","Corp. .......... (4)(10) SOFR+4.75% 9.20% 12/19/2025 12/19/2032","4","505","% of Net Assets","0.24"
"SRC042","177","24","Corp. .......... (4)(5)(7)(10) SOFR+4.75% 9.23% 12/19/2025 12/19/2030","1","403","Amount/ Units (1)","227"
"SRC042","177","24","Corp. .......... (4)(5)(7)(10) SOFR+4.75% 9.23% 12/19/2025 12/19/2030","2","439","Cost (3)","160"
"SRC042","177","24","Corp. .......... (4)(5)(7)(10) SOFR+4.75% 9.23% 12/19/2025 12/19/2030","3","474","Fair Value","160"
"SRC042","177","24","Corp. .......... (4)(5)(7)(10) SOFR+4.75% 9.23% 12/19/2025 12/19/2030","4","505","% of Net Assets","0.00"
"SRC042","177","25","LLC ........... (4)(10) SOFR+5.25% PIK) 12/13/2024 12/15/2031","1","403","Amount/ Units (1)","25,988"
"SRC042","177","25","LLC ........... (4)(10) SOFR+5.25% PIK) 12/13/2024 12/15/2031","2","439","Cost (3)","25,769"
"SRC042","177","25","LLC ........... (4)(10) SOFR+5.25% PIK) 12/13/2024 12/15/2031","3","474","Fair Value","25,988"
"SRC042","177","25","LLC ........... (4)(10) SOFR+5.25% PIK) 12/13/2024 12/15/2031","4","505","% of Net Assets","0.42"
"SRC042","177","26","LLC ........... (4)(5)(7)(10) SOFR+4.75% 8.63% 12/13/2024 12/15/2031","1","403","Amount/ Units (1)","970"
"SRC042","177","26","LLC ........... (4)(5)(7)(10) SOFR+4.75% 8.63% 12/13/2024 12/15/2031","2","439","Cost (3)","940"
"SRC042","177","26","LLC ........... (4)(5)(7)(10) SOFR+4.75% 8.63% 12/13/2024 12/15/2031","3","474","Fair Value","970"
"SRC042","177","26","LLC ........... (4)(5)(7)(10) SOFR+4.75% 8.63% 12/13/2024 12/15/2031","4","505","% of Net Assets","0.02"
"SRC042","177","27","LLC ........... (4)(5)(7)(10) SOFR+4.75% 8.63% 12/13/2024 12/15/2031","1","403","Amount/ Units (1)","1,053"
"SRC042","177","27","LLC ........... (4)(5)(7)(10) SOFR+4.75% 8.63% 12/13/2024 12/15/2031","2","439","Cost (3)","1,013"
"SRC042","177","27","LLC ........... (4)(5)(7)(10) SOFR+4.75% 8.63% 12/13/2024 12/15/2031","3","474","Fair Value","1,053"
"SRC042","177","27","LLC ........... (4)(5)(7)(10) SOFR+4.75% 8.63% 12/13/2024 12/15/2031","4","505","% of Net Assets","0.02"
"SRC042","177","28","LLC ........... (4)(10) SOFR+5.00% 8.72% 6/20/2024 6/20/2030","1","403","Amount/ Units (1)","8,131"
"SRC042","177","28","LLC ........... (4)(10) SOFR+5.00% 8.72% 6/20/2024 6/20/2030","2","439","Cost (3)","8,071"
"SRC042","177","28","LLC ........... (4)(10) SOFR+5.00% 8.72% 6/20/2024 6/20/2030","3","474","Fair Value","8,131"
"SRC042","177","28","LLC ........... (4)(10) SOFR+5.00% 8.72% 6/20/2024 6/20/2030","4","505","% of Net Assets","0.13"
"SRC042","177","29","LLC ........... (4)(5)(7)(10) SOFR+5.00% 8.72% 6/20/2024 6/20/2030","1","403","Amount/ Units (1)","2,128"
"SRC042","177","29","LLC ........... (4)(5)(7)(10) SOFR+5.00% 8.72% 6/20/2024 6/20/2030","2","439","Cost (3)","2,101"
"SRC042","177","29","LLC ........... (4)(5)(7)(10) SOFR+5.00% 8.72% 6/20/2024 6/20/2030","3","474","Fair Value","2,128"
"SRC042","177","29","LLC ........... (4)(5)(7)(10) SOFR+5.00% 8.72% 6/20/2024 6/20/2030","4","505","% of Net Assets","0.03"
"SRC042","178","1","LLC ........... (4)(5)(7)(10) SOFR+4.75% 8.49% 7/17/2025 6/20/2030 $","1","403","Amount/ Units (1)","942"
"SRC042","178","1","LLC ........... (4)(5)(7)(10) SOFR+4.75% 8.49% 7/17/2025 6/20/2030 $","2","439","Cost (3)","932"
"SRC042","178","1","LLC ........... (4)(5)(7)(10) SOFR+4.75% 8.49% 7/17/2025 6/20/2030 $","3","474","Fair Value","938"
"SRC042","178","1","LLC ........... (4)(5)(7)(10) SOFR+4.75% 8.49% 7/17/2025 6/20/2030 $","4","505","% of Net Assets","0.02%"
"SRC042","178","2","Inc. ............ (4)(7)(10) SOFR+4.25% 8.14% 4/16/2025 4/16/2031","1","403","Amount/ Units (1)","27,626"
"SRC042","178","2","Inc. ............ (4)(7)(10) SOFR+4.25% 8.14% 4/16/2025 4/16/2031","2","439","Cost (3)","27,397"
"SRC042","178","2","Inc. ............ (4)(7)(10) SOFR+4.25% 8.14% 4/16/2025 4/16/2031","3","474","Fair Value","27,576"
"SRC042","178","2","Inc. ............ (4)(7)(10) SOFR+4.25% 8.14% 4/16/2025 4/16/2031","4","505","% of Net Assets","0.44"
"SRC042","178","3","LLC ........... (4)(10) SOFR+5.25% PIK) 7/31/2024 7/31/2031","1","403","Amount/ Units (1)","31,992"
"SRC042","178","3","LLC ........... (4)(10) SOFR+5.25% PIK) 7/31/2024 7/31/2031","2","439","Cost (3)","31,742"
"SRC042","178","3","LLC ........... (4)(10) SOFR+5.25% PIK) 7/31/2024 7/31/2031","3","474","Fair Value","31,992"
"SRC042","178","3","LLC ........... (4)(10) SOFR+5.25% PIK) 7/31/2024 7/31/2031","4","505","% of Net Assets","0.51"
"SRC042","178","4","LLC ........... (4)(5)(7)(10) SOFR+5.25% PIK) 7/31/2024 7/31/2031","1","403","Amount/ Units (1)","3,922"
"SRC042","178","4","LLC ........... (4)(5)(7)(10) SOFR+5.25% PIK) 7/31/2024 7/31/2031","2","439","Cost (3)","3,908"
"SRC042","178","4","LLC ........... (4)(5)(7)(10) SOFR+5.25% PIK) 7/31/2024 7/31/2031","3","474","Fair Value","3,922"
"SRC042","178","4","LLC ........... (4)(5)(7)(10) SOFR+5.25% PIK) 7/31/2024 7/31/2031","4","505","% of Net Assets","0.06"
"SRC042","178","5","II, LLC ........ (4)(5)(7)(10) SOFR+4.50% 8.17% 5/10/2024 5/10/2031","1","403","Amount/ Units (1)","6,190"
"SRC042","178","5","II, LLC ........ (4)(5)(7)(10) SOFR+4.50% 8.17% 5/10/2024 5/10/2031","2","439","Cost (3)","6,137"
"SRC042","178","5","II, LLC ........ (4)(5)(7)(10) SOFR+4.50% 8.17% 5/10/2024 5/10/2031","3","474","Fair Value","6,190"
"SRC042","178","5","II, LLC ........ (4)(5)(7)(10) SOFR+4.50% 8.17% 5/10/2024 5/10/2031","4","505","% of Net Assets","0.10"
"SRC042","178","6","Inc. ............ (4)(7)(10) SOFR+4.75% 8.69% 8/5/2024 8/5/2030","1","403","Amount/ Units (1)","64,451"
"SRC042","178","6","Inc. ............ (4)(7)(10) SOFR+4.75% 8.69% 8/5/2024 8/5/2030","2","439","Cost (3)","63,648"
"SRC042","178","6","Inc. ............ (4)(7)(10) SOFR+4.75% 8.69% 8/5/2024 8/5/2030","3","474","Fair Value","64,035"
"SRC042","178","6","Inc. ............ (4)(7)(10) SOFR+4.75% 8.69% 8/5/2024 8/5/2030","4","505","% of Net Assets","1.03"
"SRC042","178","7","TopCo IV, Inc. .. (4)(7)(11) SOFR+4.50% 8.10% 6/9/2023 12/31/2027","1","403","Amount/ Units (1)","36,950"
"SRC042","178","7","TopCo IV, Inc. .. (4)(7)(11) SOFR+4.50% 8.10% 6/9/2023 12/31/2027","2","439","Cost (3)","36,439"
"SRC042","178","7","TopCo IV, Inc. .. (4)(7)(11) SOFR+4.50% 8.10% 6/9/2023 12/31/2027","3","474","Fair Value","36,912"
"SRC042","178","7","TopCo IV, Inc. .. (4)(7)(11) SOFR+4.50% 8.10% 6/9/2023 12/31/2027","4","505","% of Net Assets","0.59"
"SRC042","178","8","TopCo IV, Inc. .. (4)(5)(11) SOFR+4.50% 8.10% 2/28/2025 12/31/2027","1","403","Amount/ Units (1)","2,888"
"SRC042","178","8","TopCo IV, Inc. .. (4)(5)(11) SOFR+4.50% 8.10% 2/28/2025 12/31/2027","2","439","Cost (3)","2,878"
"SRC042","178","8","TopCo IV, Inc. .. (4)(5)(11) SOFR+4.50% 8.10% 2/28/2025 12/31/2027","3","474","Fair Value","2,888"
"SRC042","178","8","TopCo IV, Inc. .. (4)(5)(11) SOFR+4.50% 8.10% 2/28/2025 12/31/2027","4","505","% of Net Assets","0.05"
"SRC042","178","9","Holding, LLC ... (4)(10) SOFR+5.25% PIK) 8/29/2025 8/27/2032","1","403","Amount/ Units (1)","14,348"
"SRC042","178","9","Holding, LLC ... (4)(10) SOFR+5.25% PIK) 8/29/2025 8/27/2032","2","439","Cost (3)","14,214"
"SRC042","178","9","Holding, LLC ... (4)(10) SOFR+5.25% PIK) 8/29/2025 8/27/2032","3","474","Fair Value","14,277"
"SRC042","178","9","Holding, LLC ... (4)(10) SOFR+5.25% PIK) 8/29/2025 8/27/2032","4","505","% of Net Assets","0.23"
"SRC042","178","10","Holding, LLC ... (4)(5)(7)(10) SOFR+5.25% PIK) 8/29/2025 8/27/2032","1","403","Amount/ Units (1)","2,572"
"SRC042","178","10","Holding, LLC ... (4)(5)(7)(10) SOFR+5.25% PIK) 8/29/2025 8/27/2032","2","439","Cost (3)","2,507"
"SRC042","178","10","Holding, LLC ... (4)(5)(7)(10) SOFR+5.25% PIK) 8/29/2025 8/27/2032","3","474","Fair Value","2,529"
"SRC042","178","10","Holding, LLC ... (4)(5)(7)(10) SOFR+5.25% PIK) 8/29/2025 8/27/2032","4","505","% of Net Assets","0.04"
"SRC042","178","11","Services, LLC ... (4)(5)(10) SOFR+5.50% 9.27% 10/21/2025 10/21/2031","1","403","Amount/ Units (1)","46,154"
"SRC042","178","11","Services, LLC ... (4)(5)(10) SOFR+5.50% 9.27% 10/21/2025 10/21/2031","2","439","Cost (3)","46,087"
"SRC042","178","11","Services, LLC ... (4)(5)(10) SOFR+5.50% 9.27% 10/21/2025 10/21/2031","3","474","Fair Value","46,154"
"SRC042","178","11","Services, LLC ... (4)(5)(10) SOFR+5.50% 9.27% 10/21/2025 10/21/2031","4","505","% of Net Assets","0.74"
"SRC042","178","12","Services, LLC ... (4)(5)(7)(10) SOFR+5.50% 9.27% 10/21/2025 10/21/2031","1","403","Amount/ Units (1)","769"
"SRC042","178","12","Services, LLC ... (4)(5)(7)(10) SOFR+5.50% 9.27% 10/21/2025 10/21/2031","2","439","Cost (3)","769"
"SRC042","178","12","Services, LLC ... (4)(5)(7)(10) SOFR+5.50% 9.27% 10/21/2025 10/21/2031","3","474","Fair Value","769"
"SRC042","178","12","Services, LLC ... (4)(5)(7)(10) SOFR+5.50% 9.27% 10/21/2025 10/21/2031","4","505","% of Net Assets","0.01"
"SRC042","178","13","LLC ........... (4)(5)(7)(10) SOFR+4.50% 8.17% 4/30/2025 5/5/2032","1","403","Amount/ Units (1)","1,493"
"SRC042","178","13","LLC ........... (4)(5)(7)(10) SOFR+4.50% 8.17% 4/30/2025 5/5/2032","2","439","Cost (3)","1,478"
"SRC042","178","13","LLC ........... (4)(5)(7)(10) SOFR+4.50% 8.17% 4/30/2025 5/5/2032","3","474","Fair Value","1,484"
"SRC042","178","13","LLC ........... (4)(5)(7)(10) SOFR+4.50% 8.17% 4/30/2025 5/5/2032","4","505","% of Net Assets","0.02"
"SRC042","178","14","LLC ........... (4)(7)(10) SOFR+5.25% 8.92% 9/30/2021 9/30/2028","1","403","Amount/ Units (1)","20,668"
"SRC042","178","14","LLC ........... (4)(7)(10) SOFR+5.25% 8.92% 9/30/2021 9/30/2028","2","439","Cost (3)","20,479"
"SRC042","178","14","LLC ........... (4)(7)(10) SOFR+5.25% 8.92% 9/30/2021 9/30/2028","3","474","Fair Value","20,668"
"SRC042","178","14","LLC ........... (4)(7)(10) SOFR+5.25% 8.92% 9/30/2021 9/30/2028","4","505","% of Net Assets","0.33"
"SRC042","178","15","LLC ........... (4)(5)(10) SOFR+5.25% 8.92% 3/20/2025 9/30/2028","1","403","Amount/ Units (1)","1,599"
"SRC042","178","15","LLC ........... (4)(5)(10) SOFR+5.25% 8.92% 3/20/2025 9/30/2028","2","439","Cost (3)","1,585"
"SRC042","178","15","LLC ........... (4)(5)(10) SOFR+5.25% 8.92% 3/20/2025 9/30/2028","3","474","Fair Value","1,599"
"SRC042","178","15","LLC ........... (4)(5)(10) SOFR+5.25% 8.92% 3/20/2025 9/30/2028","4","505","% of Net Assets","0.03"
"SRC042","178","16","LLC ........... (4)(10) SOFR+5.50% 9.48% 12/10/2021 12/11/2028","1","403","Amount/ Units (1)","7,493"
"SRC042","178","16","LLC ........... (4)(10) SOFR+5.50% 9.48% 12/10/2021 12/11/2028","2","439","Cost (3)","7,433"
"SRC042","178","16","LLC ........... (4)(10) SOFR+5.50% 9.48% 12/10/2021 12/11/2028","3","474","Fair Value","5,751"
"SRC042","178","16","LLC ........... (4)(10) SOFR+5.50% 9.48% 12/10/2021 12/11/2028","4","505","% of Net Assets","0.09"
"SRC042","178","17","Group, LLC ..... (4)(10) SOFR+5.75% 9.57% 11/1/2021 11/2/2026","1","403","Amount/ Units (1)","164,782"
"SRC042","178","17","Group, LLC ..... (4)(10) SOFR+5.75% 9.57% 11/1/2021 11/2/2026","2","439","Cost (3)","164,284"
"SRC042","178","17","Group, LLC ..... (4)(10) SOFR+5.75% 9.57% 11/1/2021 11/2/2026","3","474","Fair Value","160,663"
"SRC042","178","17","Group, LLC ..... (4)(10) SOFR+5.75% 9.57% 11/1/2021 11/2/2026","4","505","% of Net Assets","2.57"
"SRC042","178","18","Buyer, Inc. ...... (4)(5)(10) SOFR+7.00% PIK) 12/31/2021 6/23/2028","1","403","Amount/ Units (1)","5,025"
"SRC042","178","18","Buyer, Inc. ...... (4)(5)(10) SOFR+7.00% PIK) 12/31/2021 6/23/2028","2","439","Cost (3)","4,988"
"SRC042","178","18","Buyer, Inc. ...... (4)(5)(10) SOFR+7.00% PIK) 12/31/2021 6/23/2028","3","474","Fair Value","4,498"
"SRC042","178","18","Buyer, Inc. ...... (4)(5)(10) SOFR+7.00% PIK) 12/31/2021 6/23/2028","4","505","% of Net Assets","0.07"
"SRC042","178","19","Buyer, Inc. ...... (4)(5)(10) SOFR+7.25% PIK) 11/1/2022 6/23/2028","1","403","Amount/ Units (1)","1,606"
"SRC042","178","19","Buyer, Inc. ...... (4)(5)(10) SOFR+7.25% PIK) 11/1/2022 6/23/2028","2","439","Cost (3)","1,586"
"SRC042","178","19","Buyer, Inc. ...... (4)(5)(10) SOFR+7.25% PIK) 11/1/2022 6/23/2028","3","474","Fair Value","1,446"
"SRC042","178","19","Buyer, Inc. ...... (4)(5)(10) SOFR+7.25% PIK) 11/1/2022 6/23/2028","4","505","% of Net Assets","0.02"
"SRC042","178","20","Buyer, Inc. ...... (4)(5)(10) SOFR+7.00% PIK) 12/31/2021 6/23/2028","1","403","Amount/ Units (1)","1,617"
"SRC042","178","20","Buyer, Inc. ...... (4)(5)(10) SOFR+7.00% PIK) 12/31/2021 6/23/2028","2","439","Cost (3)","1,610"
"SRC042","178","20","Buyer, Inc. ...... (4)(5)(10) SOFR+7.00% PIK) 12/31/2021 6/23/2028","3","474","Fair Value","1,448"
"SRC042","178","20","Buyer, Inc. ...... (4)(5)(10) SOFR+7.00% PIK) 12/31/2021 6/23/2028","4","505","% of Net Assets","0.02"
"SRC042","179","1","Corp. .......... (4)(7)(11) SOFR+5.00% 8.84% 3/9/2021 3/9/2028 $","1","400","Amount/ Units (1)","13,489"
"SRC042","179","1","Corp. .......... (4)(7)(11) SOFR+5.00% 8.84% 3/9/2021 3/9/2028 $","2","435","Cost (3)","13,397"
"SRC042","179","1","Corp. .......... (4)(7)(11) SOFR+5.00% 8.84% 3/9/2021 3/9/2028 $","3","471","Fair Value","13,489"
"SRC042","179","1","Corp. .......... (4)(7)(11) SOFR+5.00% 8.84% 3/9/2021 3/9/2028 $","4","505","% of Net Assets","0.22%"
"SRC042","179","2","LLC ........... (4)(7)(10) SOFR+5.00% PIK) 4/9/2024 4/9/2030","1","400","Amount/ Units (1)","63,193"
"SRC042","179","2","LLC ........... (4)(7)(10) SOFR+5.00% PIK) 4/9/2024 4/9/2030","2","435","Cost (3)","63,080"
"SRC042","179","2","LLC ........... (4)(7)(10) SOFR+5.00% PIK) 4/9/2024 4/9/2030","3","471","Fair Value","63,193"
"SRC042","179","2","LLC ........... (4)(7)(10) SOFR+5.00% PIK) 4/9/2024 4/9/2030","4","505","% of Net Assets","1.01"
"SRC042","179","3","Corporation ..... (4)(11) SOFR+6.50% 10.44% 11/20/2018 11/13/2026","1","400","Amount/ Units (1)","47,053"
"SRC042","179","3","Corporation ..... (4)(11) SOFR+6.50% 10.44% 11/20/2018 11/13/2026","2","435","Cost (3)","47,008"
"SRC042","179","3","Corporation ..... (4)(11) SOFR+6.50% 10.44% 11/20/2018 11/13/2026","3","471","Fair Value","45,759"
"SRC042","179","3","Corporation ..... (4)(11) SOFR+6.50% 10.44% 11/20/2018 11/13/2026","4","505","% of Net Assets","0.73"
"SRC042","179","4","Holdings, LLC .. (4)(5)(11) SOFR+5.00% 8.97% 7/19/2024 7/24/2030","1","400","Amount/ Units (1)","4,579"
"SRC042","179","4","Holdings, LLC .. (4)(5)(11) SOFR+5.00% 8.97% 7/19/2024 7/24/2030","2","435","Cost (3)","4,509"
"SRC042","179","4","Holdings, LLC .. (4)(5)(11) SOFR+5.00% 8.97% 7/19/2024 7/24/2030","3","471","Fair Value","4,556"
"SRC042","179","4","Holdings, LLC .. (4)(5)(11) SOFR+5.00% 8.97% 7/19/2024 7/24/2030","4","505","% of Net Assets","0.07"
"SRC042","179","5","Holdings, LLC .. (4)(5)(11) SOFR+5.00% 8.92% 7/19/2024 7/24/2030","1","400","Amount/ Units (1)","1,363"
"SRC042","179","5","Holdings, LLC .. (4)(5)(11) SOFR+5.00% 8.92% 7/19/2024 7/24/2030","2","435","Cost (3)","1,343"
"SRC042","179","5","Holdings, LLC .. (4)(5)(11) SOFR+5.00% 8.92% 7/19/2024 7/24/2030","3","471","Fair Value","1,357"
"SRC042","179","5","Holdings, LLC .. (4)(5)(11) SOFR+5.00% 8.92% 7/19/2024 7/24/2030","4","505","% of Net Assets","0.02"
"SRC042","179","6","Holdings, LLC .. (4)(5)(7)(11) SOFR+5.00% 8.83% 7/19/2024 7/24/2030","1","400","Amount/ Units (1)","1,152"
"SRC042","179","6","Holdings, LLC .. (4)(5)(7)(11) SOFR+5.00% 8.83% 7/19/2024 7/24/2030","2","435","Cost (3)","1,128"
"SRC042","179","6","Holdings, LLC .. (4)(5)(7)(11) SOFR+5.00% 8.83% 7/19/2024 7/24/2030","3","471","Fair Value","1,143"
"SRC042","179","6","Holdings, LLC .. (4)(5)(7)(11) SOFR+5.00% 8.83% 7/19/2024 7/24/2030","4","505","% of Net Assets","0.02"
"SRC042","179","7","Holdings, LLC .. (4)(5)(11) SOFR+5.00% 8.97% 7/19/2024 7/24/2030","1","400","Amount/ Units (1)","3,532"
"SRC042","179","7","Holdings, LLC .. (4)(5)(11) SOFR+5.00% 8.97% 7/19/2024 7/24/2030","2","435","Cost (3)","3,478"
"SRC042","179","7","Holdings, LLC .. (4)(5)(11) SOFR+5.00% 8.97% 7/19/2024 7/24/2030","3","471","Fair Value","3,514"
"SRC042","179","7","Holdings, LLC .. (4)(5)(11) SOFR+5.00% 8.97% 7/19/2024 7/24/2030","4","505","% of Net Assets","0.06"
"SRC042","179","8","Holdings, LLC .. (4)(5)(7)(11) SOFR+5.00% 8.77% 2/19/2025 7/24/2030","1","400","Amount/ Units (1)","3,056"
"SRC042","179","8","Holdings, LLC .. (4)(5)(7)(11) SOFR+5.00% 8.77% 2/19/2025 7/24/2030","2","435","Cost (3)","3,007"
"SRC042","179","8","Holdings, LLC .. (4)(5)(7)(11) SOFR+5.00% 8.77% 2/19/2025 7/24/2030","3","471","Fair Value","3,014"
"SRC042","179","8","Holdings, LLC .. (4)(5)(7)(11) SOFR+5.00% 8.77% 2/19/2025 7/24/2030","4","505","% of Net Assets","0.05"
"SRC042","179","9","Holdings, LLC .. (4)(5)(11) SOFR+5.00% 8.77% 10/15/2025 7/24/2030","1","400","Amount/ Units (1)","590"
"SRC042","179","9","Holdings, LLC .. (4)(5)(11) SOFR+5.00% 8.77% 10/15/2025 7/24/2030","2","435","Cost (3)","584"
"SRC042","179","9","Holdings, LLC .. (4)(5)(11) SOFR+5.00% 8.77% 10/15/2025 7/24/2030","3","471","Fair Value","587"
"SRC042","179","9","Holdings, LLC .. (4)(5)(11) SOFR+5.00% 8.77% 10/15/2025 7/24/2030","4","505","% of Net Assets","0.01"
"SRC042","179","10","Inc. ............ (4)(10) SOFR+5.00% 8.69% 12/20/2024 4/30/2030","1","400","Amount/ Units (1)","80,225"
"SRC042","179","10","Inc. ............ (4)(10) SOFR+5.00% 8.69% 12/20/2024 4/30/2030","2","435","Cost (3)","79,641"
"SRC042","179","10","Inc. ............ (4)(10) SOFR+5.00% 8.69% 12/20/2024 4/30/2030","3","471","Fair Value","80,225"
"SRC042","179","10","Inc. ............ (4)(10) SOFR+5.00% 8.69% 12/20/2024 4/30/2030","4","505","% of Net Assets","1.28"
"SRC042","179","11","Group, Inc. ..... (4)(7)(10) SOFR+5.50% 9.46% 7/20/2021 7/20/2028","1","400","Amount/ Units (1)","283,227"
"SRC042","179","11","Group, Inc. ..... (4)(7)(10) SOFR+5.50% 9.46% 7/20/2021 7/20/2028","2","435","Cost (3)","282,196"
"SRC042","179","11","Group, Inc. ..... (4)(7)(10) SOFR+5.50% 9.46% 7/20/2021 7/20/2028","3","471","Fair Value","275,439"
"SRC042","179","11","Group, Inc. ..... (4)(7)(10) SOFR+5.50% 9.46% 7/20/2021 7/20/2028","4","505","% of Net Assets","4.41"
"SRC042","179","12","LLC ........... (4)(10) SOFR+5.00% 8.67% 5/31/2024 5/31/2031","1","400","Amount/ Units (1)","11,807"
"SRC042","179","12","LLC ........... (4)(10) SOFR+5.00% 8.67% 5/31/2024 5/31/2031","2","435","Cost (3)","11,717"
"SRC042","179","12","LLC ........... (4)(10) SOFR+5.00% 8.67% 5/31/2024 5/31/2031","3","471","Fair Value","11,748"
"SRC042","179","12","LLC ........... (4)(10) SOFR+5.00% 8.67% 5/31/2024 5/31/2031","4","505","% of Net Assets","0.19"
"SRC042","179","13","LLC ........... (4)(5)(7)(10) SOFR+5.00% 8.67% 5/31/2024 5/31/2031","1","400","Amount/ Units (1)","5,690"
"SRC042","179","13","LLC ........... (4)(5)(7)(10) SOFR+5.00% 8.67% 5/31/2024 5/31/2031","2","435","Cost (3)","5,621"
"SRC042","179","13","LLC ........... (4)(5)(7)(10) SOFR+5.00% 8.67% 5/31/2024 5/31/2031","3","471","Fair Value","5,634"
"SRC042","179","13","LLC ........... (4)(5)(7)(10) SOFR+5.00% 8.67% 5/31/2024 5/31/2031","4","505","% of Net Assets","0.09"
"SRC042","179","14","Ltd. ........... (4)(11) SOFR+5.50% 9.19% 3/27/2024 3/27/2030","1","400","Amount/ Units (1)","42,431"
"SRC042","179","14","Ltd. ........... (4)(11) SOFR+5.50% 9.19% 3/27/2024 3/27/2030","2","435","Cost (3)","41,832"
"SRC042","179","14","Ltd. ........... (4)(11) SOFR+5.50% 9.19% 3/27/2024 3/27/2030","3","471","Fair Value","42,431"
"SRC042","179","14","Ltd. ........... (4)(11) SOFR+5.50% 9.19% 3/27/2024 3/27/2030","4","505","% of Net Assets","0.68"
"SRC042","179","15","Ltd. ........... (4)(7)(11) SOFR+5.50% 9.44% 3/27/2024 3/27/2030","1","400","Amount/ Units (1)","10,713"
"SRC042","179","15","Ltd. ........... (4)(7)(11) SOFR+5.50% 9.44% 3/27/2024 3/27/2030","2","435","Cost (3)","10,435"
"SRC042","179","15","Ltd. ........... (4)(7)(11) SOFR+5.50% 9.44% 3/27/2024 3/27/2030","3","471","Fair Value","10,713"
"SRC042","179","15","Ltd. ........... (4)(7)(11) SOFR+5.50% 9.44% 3/27/2024 3/27/2030","4","505","% of Net Assets","0.17"
"SRC042","179","16","Ltd. ........... (4)(5)(11) S+5.50% 9.22% 9/18/2025 3/27/2030 GBP","1","400","Amount/ Units (1)","17,194"
"SRC042","179","16","Ltd. ........... (4)(5)(11) S+5.50% 9.22% 9/18/2025 3/27/2030 GBP","2","435","Cost (3)","22,858"
"SRC042","179","16","Ltd. ........... (4)(5)(11) S+5.50% 9.22% 9/18/2025 3/27/2030 GBP","3","471","Fair Value","23,176"
"SRC042","179","16","Ltd. ........... (4)(5)(11) S+5.50% 9.22% 9/18/2025 3/27/2030 GBP","4","505","% of Net Assets","0.37"
"SRC042","179","17","Holdings, LLC .. (4)(11) SOFR+6.25% 10.12% 7/18/2023 7/18/2029","1","400","Amount/ Units (1)","21,684"
"SRC042","179","17","Holdings, LLC .. (4)(11) SOFR+6.25% 10.12% 7/18/2023 7/18/2029","2","435","Cost (3)","21,364"
"SRC042","179","17","Holdings, LLC .. (4)(11) SOFR+6.25% 10.12% 7/18/2023 7/18/2029","3","471","Fair Value","20,112"
"SRC042","179","17","Holdings, LLC .. (4)(11) SOFR+6.25% 10.12% 7/18/2023 7/18/2029","4","505","% of Net Assets","0.32"
"SRC042","179","18","Holdings, LLC .. (4)(5)(7)(11) SOFR+6.25% 10.16% 7/18/2023 7/18/2029","1","400","Amount/ Units (1)","3,991"
"SRC042","179","18","Holdings, LLC .. (4)(5)(7)(11) SOFR+6.25% 10.16% 7/18/2023 7/18/2029","2","435","Cost (3)","3,942"
"SRC042","179","18","Holdings, LLC .. (4)(5)(7)(11) SOFR+6.25% 10.16% 7/18/2023 7/18/2029","3","471","Fair Value","3,702"
"SRC042","179","18","Holdings, LLC .. (4)(5)(7)(11) SOFR+6.25% 10.16% 7/18/2023 7/18/2029","4","505","% of Net Assets","0.06"
"SRC042","179","19","Holding Corp. ... (4)(7)(10) SOFR+5.00% 8.88% 6/17/2024 6/17/2031","1","400","Amount/ Units (1)","12,291"
"SRC042","179","19","Holding Corp. ... (4)(7)(10) SOFR+5.00% 8.88% 6/17/2024 6/17/2031","2","435","Cost (3)","12,180"
"SRC042","179","19","Holding Corp. ... (4)(7)(10) SOFR+5.00% 8.88% 6/17/2024 6/17/2031","3","471","Fair Value","12,148"
"SRC042","179","19","Holding Corp. ... (4)(7)(10) SOFR+5.00% 8.88% 6/17/2024 6/17/2031","4","505","% of Net Assets","0.19"
"SRC042","179","20","Corp. .......... (4)(11) SOFR+5.75% 9.57% 10/12/2021 6/30/2028","1","400","Amount/ Units (1)","22,045"
"SRC042","179","20","Corp. .......... (4)(11) SOFR+5.75% 9.57% 10/12/2021 6/30/2028","2","435","Cost (3)","21,951"
"SRC042","179","20","Corp. .......... (4)(11) SOFR+5.75% 9.57% 10/12/2021 6/30/2028","3","471","Fair Value","21,494"
"SRC042","179","20","Corp. .......... (4)(11) SOFR+5.75% 9.57% 10/12/2021 6/30/2028","4","505","% of Net Assets","0.34"
"SRC042","179","21","Metrodora S.L. .... (4)(5)(6)(8) E+4.25% 6.32% 8/7/2025 7/15/2032 EUR","1","400","Amount/ Units (1)","91"
"SRC042","179","21","Metrodora S.L. .... (4)(5)(6)(8) E+4.25% 6.32% 8/7/2025 7/15/2032 EUR","2","435","Cost (3)","105"
"SRC042","179","21","Metrodora S.L. .... (4)(5)(6)(8) E+4.25% 6.32% 8/7/2025 7/15/2032 EUR","3","471","Fair Value","106"
"SRC042","179","21","Metrodora S.L. .... (4)(5)(6)(8) E+4.25% 6.32% 8/7/2025 7/15/2032 EUR","4","505","% of Net Assets","0.00"
"SRC042","179","22","Metrodora S.L. .... (4)(5)(6)(8) E+4.25% 6.32% 8/7/2025 7/15/2032 EUR","1","400","Amount/ Units (1)","37"
"SRC042","179","22","Metrodora S.L. .... (4)(5)(6)(8) E+4.25% 6.32% 8/7/2025 7/15/2032 EUR","2","435","Cost (3)","43"
"SRC042","179","22","Metrodora S.L. .... (4)(5)(6)(8) E+4.25% 6.32% 8/7/2025 7/15/2032 EUR","3","471","Fair Value","43"
"SRC042","179","22","Metrodora S.L. .... (4)(5)(6)(8) E+4.25% 6.32% 8/7/2025 7/15/2032 EUR","4","505","% of Net Assets","0.00"
"SRC042","179","23","S.L. ........... (4)(5)(6)(8) E+4.25% 6.39% 8/7/2025 7/15/2032 EUR","1","400","Amount/ Units (1)","107"
"SRC042","179","23","S.L. ........... (4)(5)(6)(8) E+4.25% 6.39% 8/7/2025 7/15/2032 EUR","2","435","Cost (3)","123"
"SRC042","179","23","S.L. ........... (4)(5)(6)(8) E+4.25% 6.39% 8/7/2025 7/15/2032 EUR","3","471","Fair Value","124"
"SRC042","179","23","S.L. ........... (4)(5)(6)(8) E+4.25% 6.39% 8/7/2025 7/15/2032 EUR","4","505","% of Net Assets","0.00"
"SRC042","180","1","SAS ........... (4)(5)(6)(8) E+4.25% 6.33% 8/7/2025 7/15/2032 EUR","1","400","Amount/ Units (1)","235"
"SRC042","180","1","SAS ........... (4)(5)(6)(8) E+4.25% 6.33% 8/7/2025 7/15/2032 EUR","2","435","Cost (3)","271"
"SRC042","180","1","SAS ........... (4)(5)(6)(8) E+4.25% 6.33% 8/7/2025 7/15/2032 EUR","3","471","Fair Value","273"
"SRC042","180","1","SAS ........... (4)(5)(6)(8) E+4.25% 6.33% 8/7/2025 7/15/2032 EUR","4","505","% of Net Assets","0.00%"
"SRC042","180","2","LLC ........... (4)(7)(11) SOFR+4.75% 8.44% 12/18/2024 12/19/2031 $","1","400","Amount/ Units (1)","49,534"
"SRC042","180","2","LLC ........... (4)(7)(11) SOFR+4.75% 8.44% 12/18/2024 12/19/2031 $","2","435","Cost (3)","49,095"
"SRC042","180","2","LLC ........... (4)(7)(11) SOFR+4.75% 8.44% 12/18/2024 12/19/2031 $","3","471","Fair Value","49,124"
"SRC042","180","2","LLC ........... (4)(7)(11) SOFR+4.75% 8.44% 12/18/2024 12/19/2031 $","4","505","% of Net Assets","0.79"
"SRC042","180","3","Partners, LLC ... (4)(5)(7)(10) SOFR+4.75% 8.42% 7/1/2025 7/1/2032","1","400","Amount/ Units (1)","15,630"
"SRC042","180","3","Partners, LLC ... (4)(5)(7)(10) SOFR+4.75% 8.42% 7/1/2025 7/1/2032","2","435","Cost (3)","15,436"
"SRC042","180","3","Partners, LLC ... (4)(5)(7)(10) SOFR+4.75% 8.42% 7/1/2025 7/1/2032","3","471","Fair Value","15,476"
"SRC042","180","3","Partners, LLC ... (4)(5)(7)(10) SOFR+4.75% 8.42% 7/1/2025 7/1/2032","4","505","% of Net Assets","0.25"
"SRC042","180","4","Services Corp. ... (4)(11) SOFR+4.25% 8.07% 3/26/2021 3/27/2028","1","400","Amount/ Units (1)","32,436"
"SRC042","180","4","Services Corp. ... (4)(11) SOFR+4.25% 8.07% 3/26/2021 3/27/2028","2","435","Cost (3)","32,244"
"SRC042","180","4","Services Corp. ... (4)(11) SOFR+4.25% 8.07% 3/26/2021 3/27/2028","3","471","Fair Value","32,436"
"SRC042","180","4","Services Corp. ... (4)(11) SOFR+4.25% 8.07% 3/26/2021 3/27/2028","4","505","% of Net Assets","0.52"
"SRC042","180","5","Services Corp. ... (4)(11) SOFR+4.25% 8.07% 7/27/2023 3/27/2028","1","400","Amount/ Units (1)","35,077"
"SRC042","180","5","Services Corp. ... (4)(11) SOFR+4.25% 8.07% 7/27/2023 3/27/2028","2","435","Cost (3)","34,772"
"SRC042","180","5","Services Corp. ... (4)(11) SOFR+4.25% 8.07% 7/27/2023 3/27/2028","3","471","Fair Value","35,077"
"SRC042","180","5","Services Corp. ... (4)(11) SOFR+4.25% 8.07% 7/27/2023 3/27/2028","4","505","% of Net Assets","0.56"
"SRC042","180","6","Services Corp. ... (4)(11) SOFR+4.25% 8.02% 5/9/2024 3/27/2028","1","400","Amount/ Units (1)","82,455"
"SRC042","180","6","Services Corp. ... (4)(11) SOFR+4.25% 8.02% 5/9/2024 3/27/2028","2","435","Cost (3)","81,258"
"SRC042","180","6","Services Corp. ... (4)(11) SOFR+4.25% 8.02% 5/9/2024 3/27/2028","3","471","Fair Value","82,455"
"SRC042","180","6","Services Corp. ... (4)(11) SOFR+4.25% 8.02% 5/9/2024 3/27/2028","4","505","% of Net Assets","1.32"
"SRC042","180","7","Services Corp. ... (4)(5)(11) SOFR+4.25% 8.02% 5/9/2024 3/27/2028","1","400","Amount/ Units (1)","33,718"
"SRC042","180","7","Services Corp. ... (4)(5)(11) SOFR+4.25% 8.02% 5/9/2024 3/27/2028","2","435","Cost (3)","33,498"
"SRC042","180","7","Services Corp. ... (4)(5)(11) SOFR+4.25% 8.02% 5/9/2024 3/27/2028","3","471","Fair Value","33,718"
"SRC042","180","7","Services Corp. ... (4)(5)(11) SOFR+4.25% 8.02% 5/9/2024 3/27/2028","4","505","% of Net Assets","0.54"
"SRC042","180","8","Holdings, LLC .. (4)(7)(11) SOFR+4.75% 8.59% 8/17/2021 8/17/2031","1","400","Amount/ Units (1)","60,258"
"SRC042","180","8","Holdings, LLC .. (4)(7)(11) SOFR+4.75% 8.59% 8/17/2021 8/17/2031","2","435","Cost (3)","59,921"
"SRC042","180","8","Holdings, LLC .. (4)(7)(11) SOFR+4.75% 8.59% 8/17/2021 8/17/2031","3","471","Fair Value","60,254"
"SRC042","180","8","Holdings, LLC .. (4)(7)(11) SOFR+4.75% 8.59% 8/17/2021 8/17/2031","4","505","% of Net Assets","0.96"
"SRC042","180","9","Inc. ............ (4)(7)(10) SOFR+5.00% 8.67% 7/31/2025 7/31/2031","1","400","Amount/ Units (1)","22,394"
"SRC042","180","9","Inc. ............ (4)(7)(10) SOFR+5.00% 8.67% 7/31/2025 7/31/2031","2","435","Cost (3)","22,128"
"SRC042","180","9","Inc. ............ (4)(7)(10) SOFR+5.00% 8.67% 7/31/2025 7/31/2031","3","471","Fair Value","22,333"
"SRC042","180","9","Inc. ............ (4)(7)(10) SOFR+5.00% 8.67% 7/31/2025 7/31/2031","4","505","% of Net Assets","0.36"
"SRC042","180","10","LLC ........... (4)(7)(9) SOFR+4.50% 8.27% 12/3/2025 12/3/2031","1","400","Amount/ Units (1)","114,803"
"SRC042","180","10","LLC ........... (4)(7)(9) SOFR+4.50% 8.27% 12/3/2025 12/3/2031","2","435","Cost (3)","113,711"
"SRC042","180","10","LLC ........... (4)(7)(9) SOFR+4.50% 8.27% 12/3/2025 12/3/2031","3","471","Fair Value","114,102"
"SRC042","180","10","LLC ........... (4)(7)(9) SOFR+4.50% 8.27% 12/3/2025 12/3/2031","4","505","% of Net Assets","1.83"
"SRC042","180","11","LLC ........... (4)(5)(11) SOFR+6.00% 9.79% 12/23/2020 12/23/2026","1","400","Amount/ Units (1)","76,535"
"SRC042","180","11","LLC ........... (4)(5)(11) SOFR+6.00% 9.79% 12/23/2020 12/23/2026","2","435","Cost (3)","76,286"
"SRC042","180","11","LLC ........... (4)(5)(11) SOFR+6.00% 9.79% 12/23/2020 12/23/2026","3","471","Fair Value","76,535"
"SRC042","180","11","LLC ........... (4)(5)(11) SOFR+6.00% 9.79% 12/23/2020 12/23/2026","4","505","% of Net Assets","1.23"
"SRC042","180","12","LLC ........... (4)(5)(11) SOFR+6.00% 10.04% 12/23/2020 12/23/2026","1","400","Amount/ Units (1)","22,972"
"SRC042","180","12","LLC ........... (4)(5)(11) SOFR+6.00% 10.04% 12/23/2020 12/23/2026","2","435","Cost (3)","22,913"
"SRC042","180","12","LLC ........... (4)(5)(11) SOFR+6.00% 10.04% 12/23/2020 12/23/2026","3","471","Fair Value","22,972"
"SRC042","180","12","LLC ........... (4)(5)(11) SOFR+6.00% 10.04% 12/23/2020 12/23/2026","4","505","% of Net Assets","0.37"
"SRC042","180","13","LLC ........... (4)(5)(11) SOFR+6.00% 9.99% 12/23/2020 12/23/2026","1","400","Amount/ Units (1)","6,198"
"SRC042","180","13","LLC ........... (4)(5)(11) SOFR+6.00% 9.99% 12/23/2020 12/23/2026","2","435","Cost (3)","6,186"
"SRC042","180","13","LLC ........... (4)(5)(11) SOFR+6.00% 9.99% 12/23/2020 12/23/2026","3","471","Fair Value","6,198"
"SRC042","180","13","LLC ........... (4)(5)(11) SOFR+6.00% 9.99% 12/23/2020 12/23/2026","4","505","% of Net Assets","0.10"
"SRC042","180","14","Corp. .......... (4)(7)(10) SOFR+4.50% 8.32% 11/15/2024 11/17/2031","1","400","Amount/ Units (1)","28,386"
"SRC042","180","14","Corp. .......... (4)(7)(10) SOFR+4.50% 8.32% 11/15/2024 11/17/2031","2","435","Cost (3)","28,072"
"SRC042","180","14","Corp. .......... (4)(7)(10) SOFR+4.50% 8.32% 11/15/2024 11/17/2031","3","471","Fair Value","28,356"
"SRC042","180","14","Corp. .......... (4)(7)(10) SOFR+4.50% 8.32% 11/15/2024 11/17/2031","4","505","% of Net Assets","0.45"
"SRC042","180","15","LLC ........... (4)(5)(7)(10) SOFR+4.75% 8.42% 11/15/2024 7/20/2029","1","400","Amount/ Units (1)","9,676"
"SRC042","180","15","LLC ........... (4)(5)(7)(10) SOFR+4.75% 8.42% 11/15/2024 7/20/2029","2","435","Cost (3)","9,596"
"SRC042","180","15","LLC ........... (4)(5)(7)(10) SOFR+4.75% 8.42% 11/15/2024 7/20/2029","3","471","Fair Value","9,676"
"SRC042","180","15","LLC ........... (4)(5)(7)(10) SOFR+4.75% 8.42% 11/15/2024 7/20/2029","4","505","% of Net Assets","0.15"
"SRC042","180","16","LLC ........... (4)(7)(10) SOFR+4.75% 8.42% 9/2/2025 9/2/2032","1","400","Amount/ Units (1)","31,501"
"SRC042","180","16","LLC ........... (4)(7)(10) SOFR+4.75% 8.42% 9/2/2025 9/2/2032","2","435","Cost (3)","31,235"
"SRC042","180","16","LLC ........... (4)(7)(10) SOFR+4.75% 8.42% 9/2/2025 9/2/2032","3","471","Fair Value","31,143"
"SRC042","180","16","LLC ........... (4)(7)(10) SOFR+4.75% 8.42% 9/2/2025 9/2/2032","4","505","% of Net Assets","0.50"
"SRC042","180","17","Inc. ............ (4)(5)(7)(8) SOFR+5.50% 9.52% 9/2/2025 8/30/2032","1","400","Amount/ Units (1)","5,307"
"SRC042","180","17","Inc. ............ (4)(5)(7)(8) SOFR+5.50% 9.52% 9/2/2025 8/30/2032","2","435","Cost (3)","5,253"
"SRC042","180","17","Inc. ............ (4)(5)(7)(8) SOFR+5.50% 9.52% 9/2/2025 8/30/2032","3","471","Fair Value","5,246"
"SRC042","180","17","Inc. ............ (4)(5)(7)(8) SOFR+5.50% 9.52% 9/2/2025 8/30/2032","4","505","% of Net Assets","0.08"
"SRC042","180","18","Corp. .......... (4)(7)(10) SOFR+4.75% 8.62% 11/20/2023 11/20/2030","1","400","Amount/ Units (1)","25,429"
"SRC042","180","18","Corp. .......... (4)(7)(10) SOFR+4.75% 8.62% 11/20/2023 11/20/2030","2","435","Cost (3)","25,218"
"SRC042","180","18","Corp. .......... (4)(7)(10) SOFR+4.75% 8.62% 11/20/2023 11/20/2030","3","471","Fair Value","25,429"
"SRC042","180","18","Corp. .......... (4)(7)(10) SOFR+4.75% 8.62% 11/20/2023 11/20/2030","4","505","% of Net Assets","0.41"
"SRC042","180","19","LLC ........... (4)(6)(7)(9) SOFR+4.50% 8.17% 7/1/2024 7/1/2031","1","400","Amount/ Units (1)","66,840"
"SRC042","180","19","LLC ........... (4)(6)(7)(9) SOFR+4.50% 8.17% 7/1/2024 7/1/2031","2","435","Cost (3)","65,894"
"SRC042","180","19","LLC ........... (4)(6)(7)(9) SOFR+4.50% 8.17% 7/1/2024 7/1/2031","3","471","Fair Value","66,840"
"SRC042","180","19","LLC ........... (4)(6)(7)(9) SOFR+4.50% 8.17% 7/1/2024 7/1/2031","4","505","% of Net Assets","1.07"
"SRC042","180","20","LLC ........... (4)(5)(6)(9) E+4.50% 6.52% 7/1/2024 7/1/2031 EUR","1","400","Amount/ Units (1)","14,913"
"SRC042","180","20","LLC ........... (4)(5)(6)(9) E+4.50% 6.52% 7/1/2024 7/1/2031 EUR","2","435","Cost (3)","15,829"
"SRC042","180","20","LLC ........... (4)(5)(6)(9) E+4.50% 6.52% 7/1/2024 7/1/2031 EUR","3","471","Fair Value","17,526"
"SRC042","180","20","LLC ........... (4)(5)(6)(9) E+4.50% 6.52% 7/1/2024 7/1/2031 EUR","4","505","% of Net Assets","0.28"
"SRC042","180","21","LLC ........... (4)(5)(6)(9) E+4.50% 6.55% 7/1/2024 7/1/2030 EUR","1","400","Amount/ Units (1)","1,111"
"SRC042","180","21","LLC ........... (4)(5)(6)(9) E+4.50% 6.55% 7/1/2024 7/1/2030 EUR","2","435","Cost (3)","1,243"
"SRC042","180","21","LLC ........... (4)(5)(6)(9) E+4.50% 6.55% 7/1/2024 7/1/2030 EUR","3","471","Fair Value","1,306"
"SRC042","180","21","LLC ........... (4)(5)(6)(9) E+4.50% 6.55% 7/1/2024 7/1/2030 EUR","4","505","% of Net Assets","0.02"
"SRC042","181","1","Holdings, Inc. ... (4)(7)(11) SOFR+6.00% 9.79% 3/15/2024 3/15/2031 $","1","403","Amount/ Units (1)","26,460"
"SRC042","181","1","Holdings, Inc. ... (4)(7)(11) SOFR+6.00% 9.79% 3/15/2024 3/15/2031 $","2","439","Cost (3)","25,870"
"SRC042","181","1","Holdings, Inc. ... (4)(7)(11) SOFR+6.00% 9.79% 3/15/2024 3/15/2031 $","3","474","Fair Value","26,141"
"SRC042","181","1","Holdings, Inc. ... (4)(7)(11) SOFR+6.00% 9.79% 3/15/2024 3/15/2031 $","4","505","% of Net Assets","0.42%"
"SRC042","181","2","Capital, LLC .... (4)(5)(9) SOFR+4.25% 7.92% 11/18/2024 11/18/2031","1","403","Amount/ Units (1)","7,388"
"SRC042","181","2","Capital, LLC .... (4)(5)(9) SOFR+4.25% 7.92% 11/18/2024 11/18/2031","2","439","Cost (3)","7,326"
"SRC042","181","2","Capital, LLC .... (4)(5)(9) SOFR+4.25% 7.92% 11/18/2024 11/18/2031","3","474","Fair Value","7,388"
"SRC042","181","2","Capital, LLC .... (4)(5)(9) SOFR+4.25% 7.92% 11/18/2024 11/18/2031","4","505","% of Net Assets","0.12"
"SRC042","181","3","Capital, LLC .... (4)(5)(7)(9) SOFR+4.25% 7.92% 11/18/2024 11/18/2031","1","403","Amount/ Units (1)","1,012"
"SRC042","181","3","Capital, LLC .... (4)(5)(7)(9) SOFR+4.25% 7.92% 11/18/2024 11/18/2031","2","439","Cost (3)","981"
"SRC042","181","3","Capital, LLC .... (4)(5)(7)(9) SOFR+4.25% 7.92% 11/18/2024 11/18/2031","3","474","Fair Value","1,003"
"SRC042","181","3","Capital, LLC .... (4)(5)(7)(9) SOFR+4.25% 7.92% 11/18/2024 11/18/2031","4","505","% of Net Assets","0.02"
"SRC042","181","4","Parent, LLC ..... (4)(5)(10) SOFR+4.75% 8.47% 9/30/2024 9/30/2030","1","403","Amount/ Units (1)","18,039"
"SRC042","181","4","Parent, LLC ..... (4)(5)(10) SOFR+4.75% 8.47% 9/30/2024 9/30/2030","2","439","Cost (3)","17,825"
"SRC042","181","4","Parent, LLC ..... (4)(5)(10) SOFR+4.75% 8.47% 9/30/2024 9/30/2030","3","474","Fair Value","18,039"
"SRC042","181","4","Parent, LLC ..... (4)(5)(10) SOFR+4.75% 8.47% 9/30/2024 9/30/2030","4","505","% of Net Assets","0.29"
"SRC042","181","5","Parent, LLC ..... (4)(5)(7)(10) SOFR+4.75% 8.47% 9/30/2024 9/30/2030","1","403","Amount/ Units (1)","4,727"
"SRC042","181","5","Parent, LLC ..... (4)(5)(7)(10) SOFR+4.75% 8.47% 9/30/2024 9/30/2030","2","439","Cost (3)","4,692"
"SRC042","181","5","Parent, LLC ..... (4)(5)(7)(10) SOFR+4.75% 8.47% 9/30/2024 9/30/2030","3","474","Fair Value","4,727"
"SRC042","181","5","Parent, LLC ..... (4)(5)(7)(10) SOFR+4.75% 8.47% 9/30/2024 9/30/2030","4","505","% of Net Assets","0.08"
"SRC042","181","6","Parent, LLC ..... (4)(5)(7)(10) SOFR+4.75% 8.47% 9/30/2024 9/30/2030","1","403","Amount/ Units (1)","416"
"SRC042","181","6","Parent, LLC ..... (4)(5)(7)(10) SOFR+4.75% 8.47% 9/30/2024 9/30/2030","2","439","Cost (3)","289"
"SRC042","181","6","Parent, LLC ..... (4)(5)(7)(10) SOFR+4.75% 8.47% 9/30/2024 9/30/2030","3","474","Fair Value","350"
"SRC042","181","6","Parent, LLC ..... (4)(5)(7)(10) SOFR+4.75% 8.47% 9/30/2024 9/30/2030","4","505","% of Net Assets","0.01"
"SRC042","181","7","Harp Finco, Ltd. ... (4)(5)(6)(8) S+5.00% 8.72% 3/27/2025 3/27/2032 GBP","1","403","Amount/ Units (1)","14,508"
"SRC042","181","7","Harp Finco, Ltd. ... (4)(5)(6)(8) S+5.00% 8.72% 3/27/2025 3/27/2032 GBP","2","439","Cost (3)","18,455"
"SRC042","181","7","Harp Finco, Ltd. ... (4)(5)(6)(8) S+5.00% 8.72% 3/27/2025 3/27/2032 GBP","3","474","Fair Value","19,263"
"SRC042","181","7","Harp Finco, Ltd. ... (4)(5)(6)(8) S+5.00% 8.72% 3/27/2025 3/27/2032 GBP","4","505","% of Net Assets","0.31"
"SRC042","181","8","LLC ........... (4)(7)(10) SOFR+4.50% 7.99% 9/3/2025 9/1/2030","1","403","Amount/ Units (1)","7,877"
"SRC042","181","8","LLC ........... (4)(7)(10) SOFR+4.50% 7.99% 9/3/2025 9/1/2030","2","439","Cost (3)","7,746"
"SRC042","181","8","LLC ........... (4)(7)(10) SOFR+4.50% 7.99% 9/3/2025 9/1/2030","3","474","Fair Value","7,866"
"SRC042","181","8","LLC ........... (4)(7)(10) SOFR+4.50% 7.99% 9/3/2025 9/1/2030","4","505","% of Net Assets","0.13"
"SRC042","181","9","LLC ........... (4)(5)(7)(10) SOFR +4.50% 8.24% 11/15/2024 11/18/2031","1","403","Amount/ Units (1)","1,155"
"SRC042","181","9","LLC ........... (4)(5)(7)(10) SOFR +4.50% 8.24% 11/15/2024 11/18/2031","2","439","Cost (3)","1,144"
"SRC042","181","9","LLC ........... (4)(5)(7)(10) SOFR +4.50% 8.24% 11/15/2024 11/18/2031","3","474","Fair Value","1,155"
"SRC042","181","9","LLC ........... (4)(5)(7)(10) SOFR +4.50% 8.24% 11/15/2024 11/18/2031","4","505","% of Net Assets","0.02"
"SRC042","181","10","Inc. ............ (4)(10) SOFR +4.75% 8.59% 5/15/2024 6/30/2028","1","403","Amount/ Units (1)","19,505"
"SRC042","181","10","Inc. ............ (4)(10) SOFR +4.75% 8.59% 5/15/2024 6/30/2028","2","439","Cost (3)","19,335"
"SRC042","181","10","Inc. ............ (4)(10) SOFR +4.75% 8.59% 5/15/2024 6/30/2028","3","474","Fair Value","19,505"
"SRC042","181","10","Inc. ............ (4)(10) SOFR +4.75% 8.59% 5/15/2024 6/30/2028","4","505","% of Net Assets","0.31"
"SRC042","181","11","Inc. ............ (4)(5)(7)(10) SOFR +4.75% 8.47% 5/15/2024 3/31/2028","1","403","Amount/ Units (1)","265"
"SRC042","181","11","Inc. ............ (4)(5)(7)(10) SOFR +4.75% 8.47% 5/15/2024 3/31/2028","2","439","Cost (3)","257"
"SRC042","181","11","Inc. ............ (4)(5)(7)(10) SOFR +4.75% 8.47% 5/15/2024 3/31/2028","3","474","Fair Value","265"
"SRC042","181","11","Inc. ............ (4)(5)(7)(10) SOFR +4.75% 8.47% 5/15/2024 3/31/2028","4","505","% of Net Assets","0.00"
"SRC042","181","12","LLC ........... (4)(5)(7)(11) SOFR +5.00% 8.84% 9/29/2023 9/30/2030","1","403","Amount/ Units (1)","956"
"SRC042","181","12","LLC ........... (4)(5)(7)(11) SOFR +5.00% 8.84% 9/29/2023 9/30/2030","2","439","Cost (3)","938"
"SRC042","181","12","LLC ........... (4)(5)(7)(11) SOFR +5.00% 8.84% 9/29/2023 9/30/2030","3","474","Fair Value","956"
"SRC042","181","12","LLC ........... (4)(5)(7)(11) SOFR +5.00% 8.84% 9/29/2023 9/30/2030","4","505","% of Net Assets","0.02"
"SRC042","181","13","LLC ........... (4)(5)(11) E +5.00% 7.07% 9/29/2023 9/30/2030 EUR","1","403","Amount/ Units (1)","351"
"SRC042","181","13","LLC ........... (4)(5)(11) E +5.00% 7.07% 9/29/2023 9/30/2030 EUR","2","439","Cost (3)","364"
"SRC042","181","13","LLC ........... (4)(5)(11) E +5.00% 7.07% 9/29/2023 9/30/2030 EUR","3","474","Fair Value","412"
"SRC042","181","13","LLC ........... (4)(5)(11) E +5.00% 7.07% 9/29/2023 9/30/2030 EUR","4","505","% of Net Assets","0.01"
"SRC042","181","14","LLC ........... (4)(5)(11) SOFR +5.00% 8.84% 11/20/2024 9/30/2030","1","403","Amount/ Units (1)","106"
"SRC042","181","14","LLC ........... (4)(5)(11) SOFR +5.00% 8.84% 11/20/2024 9/30/2030","2","439","Cost (3)","103"
"SRC042","181","14","LLC ........... (4)(5)(11) SOFR +5.00% 8.84% 11/20/2024 9/30/2030","3","474","Fair Value","106"
"SRC042","181","14","LLC ........... (4)(5)(11) SOFR +5.00% 8.84% 11/20/2024 9/30/2030","4","505","% of Net Assets","0.00"
"SRC042","181","15","Buyer, LLC ..... (4)(10) SOFR +5.50% 9.32% 9/13/2021 9/13/2027","1","403","Amount/ Units (1)","21,065"
"SRC042","181","15","Buyer, LLC ..... (4)(10) SOFR +5.50% 9.32% 9/13/2021 9/13/2027","2","439","Cost (3)","20,946"
"SRC042","181","15","Buyer, LLC ..... (4)(10) SOFR +5.50% 9.32% 9/13/2021 9/13/2027","3","474","Fair Value","20,538"
"SRC042","181","15","Buyer, LLC ..... (4)(10) SOFR +5.50% 9.32% 9/13/2021 9/13/2027","4","505","% of Net Assets","0.33"
"SRC042","181","16","Buyer, LLC ..... (4)(10) SOFR +5.50% 9.56% 9/13/2021 9/13/2027","1","403","Amount/ Units (1)","5,335"
"SRC042","181","16","Buyer, LLC ..... (4)(10) SOFR +5.50% 9.56% 9/13/2021 9/13/2027","2","439","Cost (3)","5,309"
"SRC042","181","16","Buyer, LLC ..... (4)(10) SOFR +5.50% 9.56% 9/13/2021 9/13/2027","3","474","Fair Value","5,202"
"SRC042","181","16","Buyer, LLC ..... (4)(10) SOFR +5.50% 9.56% 9/13/2021 9/13/2027","4","505","% of Net Assets","0.08"
"SRC042","181","17","Zeus, LLC ........ (4)(10) SOFR +6.00% PIK) 2/28/2024 2/28/2031","1","403","Amount/ Units (1)","24,556"
"SRC042","181","17","Zeus, LLC ........ (4)(10) SOFR +6.00% PIK) 2/28/2024 2/28/2031","2","439","Cost (3)","24,289"
"SRC042","181","17","Zeus, LLC ........ (4)(10) SOFR +6.00% PIK) 2/28/2024 2/28/2031","3","474","Fair Value","23,021"
"SRC042","181","17","Zeus, LLC ........ (4)(10) SOFR +6.00% PIK) 2/28/2024 2/28/2031","4","505","% of Net Assets","0.37"
"SRC042","181","18","Zeus, LLC ........ (4)(5)(7)(10) SOFR +5.50% 9.17% 2/28/2024 2/28/2031","1","403","Amount/ Units (1)","2,270"
"SRC042","181","18","Zeus, LLC ........ (4)(5)(7)(10) SOFR +5.50% 9.17% 2/28/2024 2/28/2031","2","439","Cost (3)","2,197"
"SRC042","181","18","Zeus, LLC ........ (4)(5)(7)(10) SOFR +5.50% 9.17% 2/28/2024 2/28/2031","3","474","Fair Value","1,968"
"SRC042","181","18","Zeus, LLC ........ (4)(5)(7)(10) SOFR +5.50% 9.17% 2/28/2024 2/28/2031","4","505","% of Net Assets","0.03"
"SRC042","181","19","123Dentist, Inc. .... (4)(5)(6)(10) CA +5.00% 7.27% 8/10/2022 8/10/2029 CAD","1","403","Amount/ Units (1)","2,170"
"SRC042","181","19","123Dentist, Inc. .... (4)(5)(6)(10) CA +5.00% 7.27% 8/10/2022 8/10/2029 CAD","2","439","Cost (3)","1,671"
"SRC042","181","19","123Dentist, Inc. .... (4)(5)(6)(10) CA +5.00% 7.27% 8/10/2022 8/10/2029 CAD","3","474","Fair Value","1,581"
"SRC042","181","19","123Dentist, Inc. .... (4)(5)(6)(10) CA +5.00% 7.27% 8/10/2022 8/10/2029 CAD","4","505","% of Net Assets","0.03"
"SRC042","181","20","123Dentist, Inc. .... (4)(5)(6)(10) CA +5.00% 7.27% 8/9/2024 8/10/2029 CAD","1","403","Amount/ Units (1)","293"
"SRC042","181","20","123Dentist, Inc. .... (4)(5)(6)(10) CA +5.00% 7.27% 8/9/2024 8/10/2029 CAD","2","439","Cost (3)","214"
"SRC042","181","20","123Dentist, Inc. .... (4)(5)(6)(10) CA +5.00% 7.27% 8/9/2024 8/10/2029 CAD","3","474","Fair Value","213"
"SRC042","181","20","123Dentist, Inc. .... (4)(5)(6)(10) CA +5.00% 7.27% 8/9/2024 8/10/2029 CAD","4","505","% of Net Assets","0.00"
"SRC042","181","21","123Dentist, Inc. .... (4)(5)(6)(7)(10) CA +4.75% 7.02% 9/8/2025 8/10/2029 CAD","1","403","Amount/ Units (1)","7,192"
"SRC042","181","21","123Dentist, Inc. .... (4)(5)(6)(7)(10) CA +4.75% 7.02% 9/8/2025 8/10/2029 CAD","2","439","Cost (3)","5,026"
"SRC042","181","21","123Dentist, Inc. .... (4)(5)(6)(7)(10) CA +4.75% 7.02% 9/8/2025 8/10/2029 CAD","3","474","Fair Value","4,948"
"SRC042","181","21","123Dentist, Inc. .... (4)(5)(6)(7)(10) CA +4.75% 7.02% 9/8/2025 8/10/2029 CAD","4","505","% of Net Assets","0.08"
"SRC042","181","22","Holdings, Inc. ... (4)(10) SOFR +6.00% PIK) 7/7/2023 8/2/2028","1","403","Amount/ Units (1)","133,103"
"SRC042","181","22","Holdings, Inc. ... (4)(10) SOFR +6.00% PIK) 7/7/2023 8/2/2028","2","439","Cost (3)","132,031"
"SRC042","181","22","Holdings, Inc. ... (4)(10) SOFR +6.00% PIK) 7/7/2023 8/2/2028","3","474","Fair Value","106,482"
"SRC042","181","22","Holdings, Inc. ... (4)(10) SOFR +6.00% PIK) 7/7/2023 8/2/2028","4","505","% of Net Assets","1.71"
"SRC042","181","23","Holdings, Inc. ... (4)(5)(7)(10) SOFR +5.50% 9.27% 7/7/2023 8/2/2027","1","403","Amount/ Units (1)","11,451"
"SRC042","181","23","Holdings, Inc. ... (4)(5)(7)(10) SOFR +5.50% 9.27% 7/7/2023 8/2/2027","2","439","Cost (3)","11,390"
"SRC042","181","23","Holdings, Inc. ... (4)(5)(7)(10) SOFR +5.50% 9.27% 7/7/2023 8/2/2027","3","474","Fair Value","9,138"
"SRC042","181","23","Holdings, Inc. ... (4)(5)(7)(10) SOFR +5.50% 9.27% 7/7/2023 8/2/2027","4","505","% of Net Assets","0.15"
"SRC042","181","24","Holdings, LLC .. (4)(11) SOFR +6.25% 10.05% 5/7/2021 5/7/2027","1","403","Amount/ Units (1)","6,708"
"SRC042","181","24","Holdings, LLC .. (4)(11) SOFR +6.25% 10.05% 5/7/2021 5/7/2027","2","439","Cost (3)","6,678"
"SRC042","181","24","Holdings, LLC .. (4)(11) SOFR +6.25% 10.05% 5/7/2021 5/7/2027","3","474","Fair Value","6,708"
"SRC042","181","24","Holdings, LLC .. (4)(11) SOFR +6.25% 10.05% 5/7/2021 5/7/2027","4","505","% of Net Assets","0.11"
"SRC042","182","1","Holdings, LLC .. (4)(5)(11) SOFR +6.25% 9.95% 5/7/2021 5/7/2027 $","1","400","Amount/ Units (1)","1,608"
"SRC042","182","1","Holdings, LLC .. (4)(5)(11) SOFR +6.25% 9.95% 5/7/2021 5/7/2027 $","2","435","Cost (3)","1,602"
"SRC042","182","1","Holdings, LLC .. (4)(5)(11) SOFR +6.25% 9.95% 5/7/2021 5/7/2027 $","3","471","Fair Value","1,608"
"SRC042","182","1","Holdings, LLC .. (4)(5)(11) SOFR +6.25% 9.95% 5/7/2021 5/7/2027 $","4","505","% of Net Assets","0.03%"
"SRC042","182","2","Holdings, LLC .. (4)(5)(7)(11) SOFR +6.25% 9.95% 5/7/2021 5/7/2026","1","400","Amount/ Units (1)","186"
"SRC042","182","2","Holdings, LLC .. (4)(5)(7)(11) SOFR +6.25% 9.95% 5/7/2021 5/7/2026","2","435","Cost (3)","184"
"SRC042","182","2","Holdings, LLC .. (4)(5)(7)(11) SOFR +6.25% 9.95% 5/7/2021 5/7/2026","3","471","Fair Value","186"
"SRC042","182","2","Holdings, LLC .. (4)(5)(7)(11) SOFR +6.25% 9.95% 5/7/2021 5/7/2026","4","505","% of Net Assets","0.00"
"SRC042","182","3","Inc. ............ (4)(7)(10) SOFR +5.50% 9.62% 2/25/2022 2/25/2028","1","400","Amount/ Units (1)","5,487"
"SRC042","182","3","Inc. ............ (4)(7)(10) SOFR +5.50% 9.62% 2/25/2022 2/25/2028","2","435","Cost (3)","5,439"
"SRC042","182","3","Inc. ............ (4)(7)(10) SOFR +5.50% 9.62% 2/25/2022 2/25/2028","3","471","Fair Value","5,253"
"SRC042","182","3","Inc. ............ (4)(7)(10) SOFR +5.50% 9.62% 2/25/2022 2/25/2028","4","505","% of Net Assets","0.08"
"SRC042","182","4","Solutions, Inc. ... (4)(7)(11) SOFR +5.50% 9.32% 8/27/2025 8/27/2032","1","400","Amount/ Units (1)","23,799"
"SRC042","182","4","Solutions, Inc. ... (4)(7)(11) SOFR +5.50% 9.32% 8/27/2025 8/27/2032","2","435","Cost (3)","23,398"
"SRC042","182","4","Solutions, Inc. ... (4)(7)(11) SOFR +5.50% 9.32% 8/27/2025 8/27/2032","3","471","Fair Value","23,555"
"SRC042","182","4","Solutions, Inc. ... (4)(7)(11) SOFR +5.50% 9.32% 8/27/2025 8/27/2032","4","505","% of Net Assets","0.38"
"SRC042","182","5","Ltd. ........... (4)(5)(6)(11) CA +4.50% 7.12% 4/15/2021 4/14/2028 CAD","1","400","Amount/ Units (1)","29,022"
"SRC042","182","5","Ltd. ........... (4)(5)(6)(11) CA +4.50% 7.12% 4/15/2021 4/14/2028 CAD","2","435","Cost (3)","23,074"
"SRC042","182","5","Ltd. ........... (4)(5)(6)(11) CA +4.50% 7.12% 4/15/2021 4/14/2028 CAD","3","471","Fair Value","21,145"
"SRC042","182","5","Ltd. ........... (4)(5)(6)(11) CA +4.50% 7.12% 4/15/2021 4/14/2028 CAD","4","505","% of Net Assets","0.34"
"SRC042","182","6","Ltd. ........... (4)(5)(6)(7)(10) CA +4.50% 7.12% 4/15/2021 4/15/2027 CAD","1","400","Amount/ Units (1)","1,920"
"SRC042","182","6","Ltd. ........... (4)(5)(6)(7)(10) CA +4.50% 7.12% 4/15/2021 4/15/2027 CAD","2","435","Cost (3)","1,363"
"SRC042","182","6","Ltd. ........... (4)(5)(6)(7)(10) CA +4.50% 7.12% 4/15/2021 4/15/2027 CAD","3","471","Fair Value","1,399"
"SRC042","182","6","Ltd. ........... (4)(5)(6)(7)(10) CA +4.50% 7.12% 4/15/2021 4/15/2027 CAD","4","505","% of Net Assets","0.02"
"SRC042","182","7","Inc. ............ (4)(5)(10) SOFR +6.50% PIK) 12/21/2021 12/21/2028","1","400","Amount/ Units (1)","12,466"
"SRC042","182","7","Inc. ............ (4)(5)(10) SOFR +6.50% PIK) 12/21/2021 12/21/2028","2","435","Cost (3)","12,377"
"SRC042","182","7","Inc. ............ (4)(5)(10) SOFR +6.50% PIK) 12/21/2021 12/21/2028","3","471","Fair Value","10,035"
"SRC042","182","7","Inc. ............ (4)(5)(10) SOFR +6.50% PIK) 12/21/2021 12/21/2028","4","505","% of Net Assets","0.16"
"SRC042","182","8","Inc. ............ (4)(5)(7)(10) SOFR +4.75% 8.42% 6/26/2025 6/26/2032","1","400","Amount/ Units (1)","31,714"
"SRC042","182","8","Inc. ............ (4)(5)(7)(10) SOFR +4.75% 8.42% 6/26/2025 6/26/2032","2","435","Cost (3)","31,300"
"SRC042","182","8","Inc. ............ (4)(5)(7)(10) SOFR +4.75% 8.42% 6/26/2025 6/26/2032","3","471","Fair Value","31,454"
"SRC042","182","8","Inc. ............ (4)(5)(7)(10) SOFR +4.75% 8.42% 6/26/2025 6/26/2032","4","505","% of Net Assets","0.50"
"SRC042","182","9","Corp. .......... (4)(7)(10) SOFR +4.75% 8.61% 7/22/2024 7/22/2031","1","400","Amount/ Units (1)","12,003"
"SRC042","182","9","Corp. .......... (4)(7)(10) SOFR +4.75% 8.61% 7/22/2024 7/22/2031","2","435","Cost (3)","11,949"
"SRC042","182","9","Corp. .......... (4)(7)(10) SOFR +4.75% 8.61% 7/22/2024 7/22/2031","3","471","Fair Value","11,851"
"SRC042","182","9","Corp. .......... (4)(7)(10) SOFR +4.75% 8.61% 7/22/2024 7/22/2031","4","505","% of Net Assets","0.19"
"SRC042","182","10","Holdings, LLC .. (4)(10)(17) SOFR +6.41% 12.08% 3/12/2021 4/3/2028","1","400","Amount/ Units (1)","24,092"
"SRC042","182","10","Holdings, LLC .. (4)(10)(17) SOFR +6.41% 12.08% 3/12/2021 4/3/2028","2","435","Cost (3)","23,976"
"SRC042","182","10","Holdings, LLC .. (4)(10)(17) SOFR +6.41% 12.08% 3/12/2021 4/3/2028","3","471","Fair Value","20,358"
"SRC042","182","10","Holdings, LLC .. (4)(10)(17) SOFR +6.41% 12.08% 3/12/2021 4/3/2028","4","505","% of Net Assets","0.33"
"SRC042","182","11","Holdings, LLC .. (4)(5)(10)(17) SOFR +6.50% 12.17% 12/28/2022 4/3/2028","1","400","Amount/ Units (1)","975"
"SRC042","182","11","Holdings, LLC .. (4)(5)(10)(17) SOFR +6.50% 12.17% 12/28/2022 4/3/2028","2","435","Cost (3)","969"
"SRC042","182","11","Holdings, LLC .. (4)(5)(10)(17) SOFR +6.50% 12.17% 12/28/2022 4/3/2028","3","471","Fair Value","824"
"SRC042","182","11","Holdings, LLC .. (4)(5)(10)(17) SOFR +6.50% 12.17% 12/28/2022 4/3/2028","4","505","% of Net Assets","0.01"
"SRC042","182","12","Holdings, LLC .. (4)(5)(10)(17) SOFR +6.41% 12.08% 2/25/2022 4/3/2028","1","400","Amount/ Units (1)","8,014"
"SRC042","182","12","Holdings, LLC .. (4)(5)(10)(17) SOFR +6.41% 12.08% 2/25/2022 4/3/2028","2","435","Cost (3)","8,000"
"SRC042","182","12","Holdings, LLC .. (4)(5)(10)(17) SOFR +6.41% 12.08% 2/25/2022 4/3/2028","3","471","Fair Value","6,772"
"SRC042","182","12","Holdings, LLC .. (4)(5)(10)(17) SOFR +6.41% 12.08% 2/25/2022 4/3/2028","4","505","% of Net Assets","0.11"
"SRC042","182","13","LLC ........... (4)(7)(10) SOFR +4.75% 8.42% 9/18/2024 9/30/2028","1","400","Amount/ Units (1)","16,983"
"SRC042","182","13","LLC ........... (4)(7)(10) SOFR +4.75% 8.42% 9/18/2024 9/30/2028","2","435","Cost (3)","16,848"
"SRC042","182","13","LLC ........... (4)(7)(10) SOFR +4.75% 8.42% 9/18/2024 9/30/2028","3","471","Fair Value","16,956"
"SRC042","182","13","LLC ........... (4)(7)(10) SOFR +4.75% 8.42% 9/18/2024 9/30/2028","4","505","% of Net Assets","0.27"
"SRC042","182","14","Ventures, LLC ... (4)(7)(10) SOFR +5.50% 9.34% 4/29/2024 4/29/2030","1","400","Amount/ Units (1)","47,308"
"SRC042","182","14","Ventures, LLC ... (4)(7)(10) SOFR +5.50% 9.34% 4/29/2024 4/29/2030","2","435","Cost (3)","47,242"
"SRC042","182","14","Ventures, LLC ... (4)(7)(10) SOFR +5.50% 9.34% 4/29/2024 4/29/2030","3","471","Fair Value","46,496"
"SRC042","182","14","Ventures, LLC ... (4)(7)(10) SOFR +5.50% 9.34% 4/29/2024 4/29/2030","4","505","% of Net Assets","0.74"
"SRC042","182","15","LLC ........... (4)(11) SOFR +5.25% 9.07% 10/15/2020 4/15/2028","1","400","Amount/ Units (1)","126,345"
"SRC042","182","15","LLC ........... (4)(11) SOFR +5.25% 9.07% 10/15/2020 4/15/2028","2","435","Cost (3)","125,547"
"SRC042","182","15","LLC ........... (4)(11) SOFR +5.25% 9.07% 10/15/2020 4/15/2028","3","471","Fair Value","123,186"
"SRC042","182","15","LLC ........... (4)(11) SOFR +5.25% 9.07% 10/15/2020 4/15/2028","4","505","% of Net Assets","1.97"
"SRC042","182","16","Inc. ............ (4)(7)(10) SOFR +5.00% 8.72% 12/8/2023 12/6/2029","1","400","Amount/ Units (1)","10,214"
"SRC042","182","16","Inc. ............ (4)(7)(10) SOFR +5.00% 8.72% 12/8/2023 12/6/2029","2","435","Cost (3)","10,054"
"SRC042","182","16","Inc. ............ (4)(7)(10) SOFR +5.00% 8.72% 12/8/2023 12/6/2029","3","471","Fair Value","10,214"
"SRC042","182","16","Inc. ............ (4)(7)(10) SOFR +5.00% 8.72% 12/8/2023 12/6/2029","4","505","% of Net Assets","0.16"
"SRC042","182","17","Solutions, LLC .. (4)(10) SOFR +5.50% 9.22% 2/13/2024 2/13/2031","1","400","Amount/ Units (1)","22,928"
"SRC042","182","17","Solutions, LLC .. (4)(10) SOFR +5.50% 9.22% 2/13/2024 2/13/2031","2","435","Cost (3)","22,760"
"SRC042","182","17","Solutions, LLC .. (4)(10) SOFR +5.50% 9.22% 2/13/2024 2/13/2031","3","471","Fair Value","22,928"
"SRC042","182","17","Solutions, LLC .. (4)(10) SOFR +5.50% 9.22% 2/13/2024 2/13/2031","4","505","% of Net Assets","0.37"
"SRC042","182","18","Solutions, LLC .. (4)(5)(7)(10) SOFR +5.50% 9.22% 2/13/2024 2/13/2031","1","400","Amount/ Units (1)","4,519"
"SRC042","182","18","Solutions, LLC .. (4)(5)(7)(10) SOFR +5.50% 9.22% 2/13/2024 2/13/2031","2","435","Cost (3)","4,474"
"SRC042","182","18","Solutions, LLC .. (4)(5)(7)(10) SOFR +5.50% 9.22% 2/13/2024 2/13/2031","3","471","Fair Value","4,519"
"SRC042","182","18","Solutions, LLC .. (4)(5)(7)(10) SOFR +5.50% 9.22% 2/13/2024 2/13/2031","4","505","% of Net Assets","0.07"
"SRC042","182","19","Solutions, LLC .. (4)(5)(10) SOFR +5.50% 9.22% 2/13/2024 2/13/2031","1","400","Amount/ Units (1)","3,391"
"SRC042","182","19","Solutions, LLC .. (4)(5)(10) SOFR +5.50% 9.22% 2/13/2024 2/13/2031","2","435","Cost (3)","3,370"
"SRC042","182","19","Solutions, LLC .. (4)(5)(10) SOFR +5.50% 9.22% 2/13/2024 2/13/2031","3","471","Fair Value","3,391"
"SRC042","182","19","Solutions, LLC .. (4)(5)(10) SOFR +5.50% 9.22% 2/13/2024 2/13/2031","4","505","% of Net Assets","0.05"
"SRC042","182","20","Inc. ............ (4)(7)(9) SOFR +5.50% PIK) 7/16/2021 7/16/2030","1","400","Amount/ Units (1)","265,469"
"SRC042","182","20","Inc. ............ (4)(7)(9) SOFR +5.50% PIK) 7/16/2021 7/16/2030","2","435","Cost (3)","264,749"
"SRC042","182","20","Inc. ............ (4)(7)(9) SOFR +5.50% PIK) 7/16/2021 7/16/2030","3","471","Fair Value","225,532"
"SRC042","182","20","Inc. ............ (4)(7)(9) SOFR +5.50% PIK) 7/16/2021 7/16/2030","4","505","% of Net Assets","3.61"
"SRC042","182","21","Holdings, LLC .. (4)(10) SOFR +5.75% 9.57% 8/31/2022 8/31/2029","1","400","Amount/ Units (1)","1,957"
"SRC042","182","21","Holdings, LLC .. (4)(10) SOFR +5.75% 9.57% 8/31/2022 8/31/2029","2","435","Cost (3)","1,942"
"SRC042","182","21","Holdings, LLC .. (4)(10) SOFR +5.75% 9.57% 8/31/2022 8/31/2029","3","471","Fair Value","1,957"
"SRC042","182","21","Holdings, LLC .. (4)(10) SOFR +5.75% 9.57% 8/31/2022 8/31/2029","4","505","% of Net Assets","0.03"
"SRC042","182","22","Holdings, LLC .. (4)(5)(7)(10) SOFR +6.00% 9.82% 9/6/2023 8/31/2029","1","400","Amount/ Units (1)","218"
"SRC042","182","22","Holdings, LLC .. (4)(5)(7)(10) SOFR +6.00% 9.82% 9/6/2023 8/31/2029","2","435","Cost (3)","215"
"SRC042","182","22","Holdings, LLC .. (4)(5)(7)(10) SOFR +6.00% 9.82% 9/6/2023 8/31/2029","3","471","Fair Value","215"
"SRC042","182","22","Holdings, LLC .. (4)(5)(7)(10) SOFR +6.00% 9.82% 9/6/2023 8/31/2029","4","505","% of Net Assets","0.00"
"SRC042","182","23","LLC ........... (4)(10) SOFR +5.90% 9.84% 6/9/2023 12/23/2028","1","400","Amount/ Units (1)","10,639"
"SRC042","182","23","LLC ........... (4)(10) SOFR +5.90% 9.84% 6/9/2023 12/23/2028","2","435","Cost (3)","10,534"
"SRC042","182","23","LLC ........... (4)(10) SOFR +5.90% 9.84% 6/9/2023 12/23/2028","3","471","Fair Value","10,319"
"SRC042","182","23","LLC ........... (4)(10) SOFR +5.90% 9.84% 6/9/2023 12/23/2028","4","505","% of Net Assets","0.17"
"SRC042","182","24","LLC ........... (4)(5)(7)(10) SOFR +5.90% 9.84% 6/9/2023 12/23/2028","1","400","Amount/ Units (1)","2,574"
"SRC042","182","24","LLC ........... (4)(5)(7)(10) SOFR +5.90% 9.84% 6/9/2023 12/23/2028","2","435","Cost (3)","2,526"
"SRC042","182","24","LLC ........... (4)(5)(7)(10) SOFR +5.90% 9.84% 6/9/2023 12/23/2028","3","471","Fair Value","2,454"
"SRC042","182","24","LLC ........... (4)(5)(7)(10) SOFR +5.90% 9.84% 6/9/2023 12/23/2028","4","505","% of Net Assets","0.04"
"SRC042","183","1","Inc. ............ (4)(10) SOFR +6.50% PIK) 6/1/2021 6/1/2028 $","1","402","Amount/ Units (1)","354,710"
"SRC042","183","1","Inc. ............ (4)(10) SOFR +6.50% PIK) 6/1/2021 6/1/2028 $","2","439","Cost (3)","352,390"
"SRC042","183","1","Inc. ............ (4)(10) SOFR +6.50% PIK) 6/1/2021 6/1/2028 $","3","474","Fair Value","339,635"
"SRC042","183","1","Inc. ............ (4)(10) SOFR +6.50% PIK) 6/1/2021 6/1/2028 $","4","505","% of Net Assets","5.44%"
"SRC042","183","2","Inc. ............ (4)(5)(11) SOFR +5.00% 8.99% 8/26/2025 12/18/2029","1","402","Amount/ Units (1)","12,266"
"SRC042","183","2","Inc. ............ (4)(5)(11) SOFR +5.00% 8.99% 8/26/2025 12/18/2029","2","439","Cost (3)","12,131"
"SRC042","183","2","Inc. ............ (4)(5)(11) SOFR +5.00% 8.99% 8/26/2025 12/18/2029","3","474","Fair Value","12,143"
"SRC042","183","2","Inc. ............ (4)(5)(11) SOFR +5.00% 8.99% 8/26/2025 12/18/2029","4","505","% of Net Assets","0.19"
"SRC042","183","3","Inc. ............ (4)(5)(7)(8) SOFR +5.00% 8.99% 8/26/2025 12/18/2029","1","402","Amount/ Units (1)","111"
"SRC042","183","3","Inc. ............ (4)(5)(7)(8) SOFR +5.00% 8.99% 8/26/2025 12/18/2029","2","439","Cost (3)","104"
"SRC042","183","3","Inc. ............ (4)(5)(7)(8) SOFR +5.00% 8.99% 8/26/2025 12/18/2029","3","474","Fair Value","107"
"SRC042","183","3","Inc. ............ (4)(5)(7)(8) SOFR +5.00% 8.99% 8/26/2025 12/18/2029","4","505","% of Net Assets","0.00"
"SRC042","183","4","Services, LLC ... (4)(7)(10) SOFR +5.00% 8.67% 12/30/2021 1/2/2029","1","402","Amount/ Units (1)","2,894"
"SRC042","183","4","Services, LLC ... (4)(7)(10) SOFR +5.00% 8.67% 12/30/2021 1/2/2029","2","439","Cost (3)","2,871"
"SRC042","183","4","Services, LLC ... (4)(7)(10) SOFR +5.00% 8.67% 12/30/2021 1/2/2029","3","474","Fair Value","2,894"
"SRC042","183","4","Services, LLC ... (4)(7)(10) SOFR +5.00% 8.67% 12/30/2021 1/2/2029","4","505","% of Net Assets","0.05"
"SRC042","183","5","Services, LLC ... (4)(5)(7)(10) SOFR +5.00% 8.67% 4/25/2024 1/2/2029","1","402","Amount/ Units (1)","202"
"SRC042","183","5","Services, LLC ... (4)(5)(7)(10) SOFR +5.00% 8.67% 4/25/2024 1/2/2029","2","439","Cost (3)","198"
"SRC042","183","5","Services, LLC ... (4)(5)(7)(10) SOFR +5.00% 8.67% 4/25/2024 1/2/2029","3","474","Fair Value","202"
"SRC042","183","5","Services, LLC ... (4)(5)(7)(10) SOFR +5.00% 8.67% 4/25/2024 1/2/2029","4","505","% of Net Assets","0.00"
"SRC042","183","6","Partners, Inc. .... (4)(5)(6)(10) SOFR +5.75% 9.58% 3/16/2022 3/16/2028","1","402","Amount/ Units (1)","4,825"
"SRC042","183","6","Partners, Inc. .... (4)(5)(6)(10) SOFR +5.75% 9.58% 3/16/2022 3/16/2028","2","439","Cost (3)","4,790"
"SRC042","183","6","Partners, Inc. .... (4)(5)(6)(10) SOFR +5.75% 9.58% 3/16/2022 3/16/2028","3","474","Fair Value","4,596"
"SRC042","183","6","Partners, Inc. .... (4)(5)(6)(10) SOFR +5.75% 9.58% 3/16/2022 3/16/2028","4","505","% of Net Assets","0.07"
"SRC042","183","7","Partners, Inc. .... (4)(5)(6)(7)(10) CA +5.75% 8.31% 3/16/2022 3/16/2028 CAD","1","402","Amount/ Units (1)","4,825"
"SRC042","183","7","Partners, Inc. .... (4)(5)(6)(7)(10) CA +5.75% 8.31% 3/16/2022 3/16/2028 CAD","2","439","Cost (3)","3,725"
"SRC042","183","7","Partners, Inc. .... (4)(5)(6)(7)(10) CA +5.75% 8.31% 3/16/2022 3/16/2028 CAD","3","474","Fair Value","3,336"
"SRC042","183","7","Partners, Inc. .... (4)(5)(6)(7)(10) CA +5.75% 8.31% 3/16/2022 3/16/2028 CAD","4","505","% of Net Assets","0.05"
"SRC042","183","8","Partners, Inc. .... (4)(5)(6)(10) SOFR +5.75% 9.58% 3/16/2022 3/16/2028","1","402","Amount/ Units (1)","268"
"SRC042","183","8","Partners, Inc. .... (4)(5)(6)(10) SOFR +5.75% 9.58% 3/16/2022 3/16/2028","2","439","Cost (3)","268"
"SRC042","183","8","Partners, Inc. .... (4)(5)(6)(10) SOFR +5.75% 9.58% 3/16/2022 3/16/2028","3","474","Fair Value","255"
"SRC042","183","8","Partners, Inc. .... (4)(5)(6)(10) SOFR +5.75% 9.58% 3/16/2022 3/16/2028","4","505","% of Net Assets","0.00"
"SRC042","183","9","LLC ........... (4)(5)(10) SOFR +5.75% 9.63% 7/15/2022 7/15/2028","1","402","Amount/ Units (1)","1,073"
"SRC042","183","9","LLC ........... (4)(5)(10) SOFR +5.75% 9.63% 7/15/2022 7/15/2028","2","439","Cost (3)","1,064"
"SRC042","183","9","LLC ........... (4)(5)(10) SOFR +5.75% 9.63% 7/15/2022 7/15/2028","3","474","Fair Value","1,041"
"SRC042","183","9","LLC ........... (4)(5)(10) SOFR +5.75% 9.63% 7/15/2022 7/15/2028","4","505","% of Net Assets","0.02"
"SRC042","183","10","LLC ........... (4)(5)(10) SOFR +5.75% 9.60% 7/15/2022 7/15/2028","1","402","Amount/ Units (1)","1,472"
"SRC042","183","10","LLC ........... (4)(5)(10) SOFR +5.75% 9.60% 7/15/2022 7/15/2028","2","439","Cost (3)","1,461"
"SRC042","183","10","LLC ........... (4)(5)(10) SOFR +5.75% 9.60% 7/15/2022 7/15/2028","3","474","Fair Value","1,428"
"SRC042","183","10","LLC ........... (4)(5)(10) SOFR +5.75% 9.60% 7/15/2022 7/15/2028","4","505","% of Net Assets","0.02"
"SRC042","183","11","Healthcare, LP ... (4)(5)(9) SOFR +5.00% 8.67% 6/16/2022 6/18/2029","1","402","Amount/ Units (1)","2,060"
"SRC042","183","11","Healthcare, LP ... (4)(5)(9) SOFR +5.00% 8.67% 6/16/2022 6/18/2029","2","439","Cost (3)","2,060"
"SRC042","183","11","Healthcare, LP ... (4)(5)(9) SOFR +5.00% 8.67% 6/16/2022 6/18/2029","3","474","Fair Value","2,060"
"SRC042","183","11","Healthcare, LP ... (4)(5)(9) SOFR +5.00% 8.67% 6/16/2022 6/18/2029","4","505","% of Net Assets","0.03"
"SRC042","183","12","Healthcare, LP ... (4)(9) SOFR +5.00% 8.73% 3/22/2024 6/18/2029","1","402","Amount/ Units (1)","22,347"
"SRC042","183","12","Healthcare, LP ... (4)(9) SOFR +5.00% 8.73% 3/22/2024 6/18/2029","2","439","Cost (3)","22,237"
"SRC042","183","12","Healthcare, LP ... (4)(9) SOFR +5.00% 8.73% 3/22/2024 6/18/2029","3","474","Fair Value","22,347"
"SRC042","183","12","Healthcare, LP ... (4)(9) SOFR +5.00% 8.73% 3/22/2024 6/18/2029","4","505","% of Net Assets","0.36"
"SRC042","183","13","Healthcare, LP ... (4)(5)(7)(9) SOFR +5.00% 8.74% 3/22/2024 6/18/2029","1","402","Amount/ Units (1)","66,596"
"SRC042","183","13","Healthcare, LP ... (4)(5)(7)(9) SOFR +5.00% 8.74% 3/22/2024 6/18/2029","2","439","Cost (3)","66,061"
"SRC042","183","13","Healthcare, LP ... (4)(5)(7)(9) SOFR +5.00% 8.74% 3/22/2024 6/18/2029","3","474","Fair Value","66,596"
"SRC042","183","13","Healthcare, LP ... (4)(5)(7)(9) SOFR +5.00% 8.74% 3/22/2024 6/18/2029","4","505","% of Net Assets","1.07"
"SRC042","183","14","Healthcare, LP ... (4)(9) SOFR +5.00% 8.67% 9/22/2025 6/18/2029","1","402","Amount/ Units (1)","14,492"
"SRC042","183","14","Healthcare, LP ... (4)(9) SOFR +5.00% 8.67% 9/22/2025 6/18/2029","2","439","Cost (3)","14,391"
"SRC042","183","14","Healthcare, LP ... (4)(9) SOFR +5.00% 8.67% 9/22/2025 6/18/2029","3","474","Fair Value","14,492"
"SRC042","183","14","Healthcare, LP ... (4)(9) SOFR +5.00% 8.67% 9/22/2025 6/18/2029","4","505","% of Net Assets","0.23"
"SRC042","183","15","Holdco, LLC .... (4)(10) SOFR +5.25% 9.17% 11/18/2021 11/20/2028","1","402","Amount/ Units (1)","37,021"
"SRC042","183","15","Holdco, LLC .... (4)(10) SOFR +5.25% 9.17% 11/18/2021 11/20/2028","2","439","Cost (3)","36,762"
"SRC042","183","15","Holdco, LLC .... (4)(10) SOFR +5.25% 9.17% 11/18/2021 11/20/2028","3","474","Fair Value","37,021"
"SRC042","183","15","Holdco, LLC .... (4)(10) SOFR +5.25% 9.17% 11/18/2021 11/20/2028","4","505","% of Net Assets","0.59"
"SRC042","183","16","Holdco, LLC .... (4)(10) SOFR +5.25% 9.31% 11/18/2021 11/20/2028","1","402","Amount/ Units (1)","15,616"
"SRC042","183","16","Holdco, LLC .... (4)(10) SOFR +5.25% 9.31% 11/18/2021 11/20/2028","2","439","Cost (3)","15,544"
"SRC042","183","16","Holdco, LLC .... (4)(10) SOFR +5.25% 9.31% 11/18/2021 11/20/2028","3","474","Fair Value","15,616"
"SRC042","183","16","Holdco, LLC .... (4)(10) SOFR +5.25% 9.31% 11/18/2021 11/20/2028","4","505","% of Net Assets","0.25"
"SRC042","183","17","Holdco, LLC .... (4)(7)(10) SOFR +5.25% 9.17% 8/16/2023 11/20/2028","1","402","Amount/ Units (1)","47,649"
"SRC042","183","17","Holdco, LLC .... (4)(7)(10) SOFR +5.25% 9.17% 8/16/2023 11/20/2028","2","439","Cost (3)","47,223"
"SRC042","183","17","Holdco, LLC .... (4)(7)(10) SOFR +5.25% 9.17% 8/16/2023 11/20/2028","3","474","Fair Value","47,649"
"SRC042","183","17","Holdco, LLC .... (4)(7)(10) SOFR +5.25% 9.17% 8/16/2023 11/20/2028","4","505","% of Net Assets","0.76"
"SRC042","183","18","Holdco, LLC .... (4)(5)(10) SOFR +5.25% 9.02% 12/5/2022 11/20/2028","1","402","Amount/ Units (1)","83"
"SRC042","183","18","Holdco, LLC .... (4)(5)(10) SOFR +5.25% 9.02% 12/5/2022 11/20/2028","2","439","Cost (3)","83"
"SRC042","183","18","Holdco, LLC .... (4)(5)(10) SOFR +5.25% 9.02% 12/5/2022 11/20/2028","3","474","Fair Value","83"
"SRC042","183","18","Holdco, LLC .... (4)(5)(10) SOFR +5.25% 9.02% 12/5/2022 11/20/2028","4","505","% of Net Assets","0.00"
"SRC042","183","19","III, Inc. ......... (4)(5)(7)(10) SOFR +6.50% PIK) 8/2/2024 6/30/2029","1","402","Amount/ Units (1)","21,027"
"SRC042","183","19","III, Inc. ......... (4)(5)(7)(10) SOFR +6.50% PIK) 8/2/2024 6/30/2029","2","439","Cost (3)","21,027"
"SRC042","183","19","III, Inc. ......... (4)(5)(7)(10) SOFR +6.50% PIK) 8/2/2024 6/30/2029","3","474","Fair Value","21,027"
"SRC042","183","19","III, Inc. ......... (4)(5)(7)(10) SOFR +6.50% PIK) 8/2/2024 6/30/2029","4","505","% of Net Assets","0.34"
"SRC042","183","20","III, Inc. ......... (4)(5)(10)(17) 10.00% 10.00% PIK 8/2/2024 6/30/2030","1","402","Amount/ Units (1)","17,820"
"SRC042","183","20","III, Inc. ......... (4)(5)(10)(17) 10.00% 10.00% PIK 8/2/2024 6/30/2030","2","439","Cost (3)","6,354"
"SRC042","183","20","III, Inc. ......... (4)(5)(10)(17) 10.00% 10.00% PIK 8/2/2024 6/30/2030","3","474","Fair Value","7,484"
"SRC042","183","20","III, Inc. ......... (4)(5)(10)(17) 10.00% 10.00% PIK 8/2/2024 6/30/2030","4","505","% of Net Assets","0.12"
"SRC042","183","21","Systems, LLC ... (4)(5)(7)(9) SOFR +4.75% 8.57% 5/29/2025 5/29/2031","1","402","Amount/ Units (1)","31,885"
"SRC042","183","21","Systems, LLC ... (4)(5)(7)(9) SOFR +4.75% 8.57% 5/29/2025 5/29/2031","2","439","Cost (3)","31,695"
"SRC042","183","21","Systems, LLC ... (4)(5)(7)(9) SOFR +4.75% 8.57% 5/29/2025 5/29/2031","3","474","Fair Value","31,778"
"SRC042","183","21","Systems, LLC ... (4)(5)(7)(9) SOFR +4.75% 8.57% 5/29/2025 5/29/2031","4","505","% of Net Assets","0.51"
"SRC042","183","22","Inc. ............ (4)(5)(7)(9) SOFR +4.50% 8.22% 3/11/2025 3/11/2032","1","402","Amount/ Units (1)","1,500"
"SRC042","183","22","Inc. ............ (4)(5)(7)(9) SOFR +4.50% 8.22% 3/11/2025 3/11/2032","2","439","Cost (3)","1,488"
"SRC042","183","22","Inc. ............ (4)(5)(7)(9) SOFR +4.50% 8.22% 3/11/2025 3/11/2032","3","474","Fair Value","1,499"
"SRC042","183","22","Inc. ............ (4)(5)(7)(9) SOFR +4.50% 8.22% 3/11/2025 3/11/2032","4","505","% of Net Assets","0.02"
"SRC042","183","23","Inc. ............ (4)(5)(9) SOFR +4.50% 8.22% 3/11/2025 3/11/2032","1","402","Amount/ Units (1)","2,400"
"SRC042","183","23","Inc. ............ (4)(5)(9) SOFR +4.50% 8.22% 3/11/2025 3/11/2032","2","439","Cost (3)","2,388"
"SRC042","183","23","Inc. ............ (4)(5)(9) SOFR +4.50% 8.22% 3/11/2025 3/11/2032","3","474","Fair Value","2,400"
"SRC042","183","23","Inc. ............ (4)(5)(9) SOFR +4.50% 8.22% 3/11/2025 3/11/2032","4","505","% of Net Assets","0.04"
"SRC042","184","1","Inc. ............ (4)(5)(9) SOFR +4.50% 8.22% 5/16/2025 3/11/2032 $","1","400","Amount/ Units (1)","2,130"
"SRC042","184","1","Inc. ............ (4)(5)(9) SOFR +4.50% 8.22% 5/16/2025 3/11/2032 $","2","435","Cost (3)","2,120"
"SRC042","184","1","Inc. ............ (4)(5)(9) SOFR +4.50% 8.22% 5/16/2025 3/11/2032 $","3","471","Fair Value","2,130"
"SRC042","184","1","Inc. ............ (4)(5)(9) SOFR +4.50% 8.22% 5/16/2025 3/11/2032 $","4","505","% of Net Assets","0.03%"
"SRC042","184","2","Caerus US 1, Inc. .. (4)(5)(6)(10) SOFR +5.00% 8.67% 5/25/2022 5/25/2029","1","400","Amount/ Units (1)","11,169"
"SRC042","184","2","Caerus US 1, Inc. .. (4)(5)(6)(10) SOFR +5.00% 8.67% 5/25/2022 5/25/2029","2","435","Cost (3)","11,061"
"SRC042","184","2","Caerus US 1, Inc. .. (4)(5)(6)(10) SOFR +5.00% 8.67% 5/25/2022 5/25/2029","3","471","Fair Value","11,169"
"SRC042","184","2","Caerus US 1, Inc. .. (4)(5)(6)(10) SOFR +5.00% 8.67% 5/25/2022 5/25/2029","4","505","% of Net Assets","0.18"
"SRC042","184","3","Caerus US 1, Inc. .. (4)(5)(6)(10) SOFR +5.00% 8.67% 10/28/2022 5/25/2029","1","400","Amount/ Units (1)","2,154"
"SRC042","184","3","Caerus US 1, Inc. .. (4)(5)(6)(10) SOFR +5.00% 8.67% 10/28/2022 5/25/2029","2","435","Cost (3)","2,131"
"SRC042","184","3","Caerus US 1, Inc. .. (4)(5)(6)(10) SOFR +5.00% 8.67% 10/28/2022 5/25/2029","3","471","Fair Value","2,154"
"SRC042","184","3","Caerus US 1, Inc. .. (4)(5)(6)(10) SOFR +5.00% 8.67% 10/28/2022 5/25/2029","4","505","% of Net Assets","0.03"
"SRC042","184","4","Caerus US 1, Inc. .. (4)(5)(6)(10) SOFR +5.00% 8.67% 10/28/2022 5/25/2029","1","400","Amount/ Units (1)","315"
"SRC042","184","4","Caerus US 1, Inc. .. (4)(5)(6)(10) SOFR +5.00% 8.67% 10/28/2022 5/25/2029","2","435","Cost (3)","312"
"SRC042","184","4","Caerus US 1, Inc. .. (4)(5)(6)(10) SOFR +5.00% 8.67% 10/28/2022 5/25/2029","3","471","Fair Value","315"
"SRC042","184","4","Caerus US 1, Inc. .. (4)(5)(6)(10) SOFR +5.00% 8.67% 10/28/2022 5/25/2029","4","505","% of Net Assets","0.01"
"SRC042","184","5","Caerus US 1, Inc. .. (4)(6)(10) SOFR +5.00% 8.67% 3/27/2024 5/25/2029","1","400","Amount/ Units (1)","49,250"
"SRC042","184","5","Caerus US 1, Inc. .. (4)(6)(10) SOFR +5.00% 8.67% 3/27/2024 5/25/2029","2","435","Cost (3)","49,250"
"SRC042","184","5","Caerus US 1, Inc. .. (4)(6)(10) SOFR +5.00% 8.67% 3/27/2024 5/25/2029","3","471","Fair Value","49,250"
"SRC042","184","5","Caerus US 1, Inc. .. (4)(6)(10) SOFR +5.00% 8.67% 3/27/2024 5/25/2029","4","505","% of Net Assets","0.79"
"SRC042","184","6","Caerus US 1, Inc. .. (4)(5)(6)(7)(10) SOFR +5.00% 8.73% 5/25/2022 5/25/2029","1","400","Amount/ Units (1)","1,014"
"SRC042","184","6","Caerus US 1, Inc. .. (4)(5)(6)(7)(10) SOFR +5.00% 8.73% 5/25/2022 5/25/2029","2","435","Cost (3)","1,000"
"SRC042","184","6","Caerus US 1, Inc. .. (4)(5)(6)(7)(10) SOFR +5.00% 8.73% 5/25/2022 5/25/2029","3","471","Fair Value","1,014"
"SRC042","184","6","Caerus US 1, Inc. .. (4)(5)(6)(7)(10) SOFR +5.00% 8.73% 5/25/2022 5/25/2029","4","505","% of Net Assets","0.02"
"SRC042","184","7","LLC ........... (4)(10) SOFR +4.75% 8.52% 7/2/2024 10/4/2029","1","400","Amount/ Units (1)","19,758"
"SRC042","184","7","LLC ........... (4)(10) SOFR +4.75% 8.52% 7/2/2024 10/4/2029","2","435","Cost (3)","19,491"
"SRC042","184","7","LLC ........... (4)(10) SOFR +4.75% 8.52% 7/2/2024 10/4/2029","3","471","Fair Value","19,758"
"SRC042","184","7","LLC ........... (4)(10) SOFR +4.75% 8.52% 7/2/2024 10/4/2029","4","505","% of Net Assets","0.32"
"SRC042","184","8","Inc. ............ (4)(5)(7)(10) SOFR +4.50% 8.22% 4/2/2024 4/2/2031","1","400","Amount/ Units (1)","36,992"
"SRC042","184","8","Inc. ............ (4)(5)(7)(10) SOFR +4.50% 8.22% 4/2/2024 4/2/2031","2","435","Cost (3)","36,581"
"SRC042","184","8","Inc. ............ (4)(5)(7)(10) SOFR +4.50% 8.22% 4/2/2024 4/2/2031","3","471","Fair Value","36,949"
"SRC042","184","8","Inc. ............ (4)(5)(7)(10) SOFR +4.50% 8.22% 4/2/2024 4/2/2031","4","505","% of Net Assets","0.59"
"SRC042","184","9","Inc. ............ (4)(5)(10) SOFR +4.50% 8.22% 10/21/2025 4/2/2031","1","400","Amount/ Units (1)","21,855"
"SRC042","184","9","Inc. ............ (4)(5)(10) SOFR +4.50% 8.22% 10/21/2025 4/2/2031","2","435","Cost (3)","21,750"
"SRC042","184","9","Inc. ............ (4)(5)(10) SOFR +4.50% 8.22% 10/21/2025 4/2/2031","3","471","Fair Value","21,855"
"SRC042","184","9","Inc. ............ (4)(5)(10) SOFR +4.50% 8.22% 10/21/2025 4/2/2031","4","505","% of Net Assets","0.35"
"SRC042","184","10","Holdings, Inc. ... (4)(10) SOFR +6.09% 10.20% 3/1/2021 3/1/2028","1","400","Amount/ Units (1)","71,173"
"SRC042","184","10","Holdings, Inc. ... (4)(10) SOFR +6.09% 10.20% 3/1/2021 3/1/2028","2","435","Cost (3)","70,514"
"SRC042","184","10","Holdings, Inc. ... (4)(10) SOFR +6.09% 10.20% 3/1/2021 3/1/2028","3","471","Fair Value","71,173"
"SRC042","184","10","Holdings, Inc. ... (4)(10) SOFR +6.09% 10.20% 3/1/2021 3/1/2028","4","505","% of Net Assets","1.14"
"SRC042","184","11","Holdings, Inc. ... (4)(10) SOFR +6.09% 9.94% 3/1/2021 3/1/2028","1","400","Amount/ Units (1)","14,758"
"SRC042","184","11","Holdings, Inc. ... (4)(10) SOFR +6.09% 9.94% 3/1/2021 3/1/2028","2","435","Cost (3)","14,679"
"SRC042","184","11","Holdings, Inc. ... (4)(10) SOFR +6.09% 9.94% 3/1/2021 3/1/2028","3","471","Fair Value","14,758"
"SRC042","184","11","Holdings, Inc. ... (4)(10) SOFR +6.09% 9.94% 3/1/2021 3/1/2028","4","505","% of Net Assets","0.24"
"SRC042","184","12","Holdings, Inc. ... (4)(5)(10) SOFR +6.24% 10.25% 4/25/2025 3/1/2028","1","400","Amount/ Units (1)","17,647"
"SRC042","184","12","Holdings, Inc. ... (4)(5)(10) SOFR +6.24% 10.25% 4/25/2025 3/1/2028","2","435","Cost (3)","17,513"
"SRC042","184","12","Holdings, Inc. ... (4)(5)(10) SOFR +6.24% 10.25% 4/25/2025 3/1/2028","3","471","Fair Value","17,647"
"SRC042","184","12","Holdings, Inc. ... (4)(5)(10) SOFR +6.24% 10.25% 4/25/2025 3/1/2028","4","505","% of Net Assets","0.28"
"SRC042","184","13","Holdings, Inc. ... (4)(10) SOFR +5.00% 8.72% 8/30/2024 8/30/2031","1","400","Amount/ Units (1)","28,062"
"SRC042","184","13","Holdings, Inc. ... (4)(10) SOFR +5.00% 8.72% 8/30/2024 8/30/2031","2","435","Cost (3)","27,835"
"SRC042","184","13","Holdings, Inc. ... (4)(10) SOFR +5.00% 8.72% 8/30/2024 8/30/2031","3","471","Fair Value","28,062"
"SRC042","184","13","Holdings, Inc. ... (4)(10) SOFR +5.00% 8.72% 8/30/2024 8/30/2031","4","505","% of Net Assets","0.45"
"SRC042","184","14","Holdings, Inc. ... (4)(5)(7)(10) SOFR +5.00% 8.72% 8/30/2024 8/30/2031","1","400","Amount/ Units (1)","466"
"SRC042","184","14","Holdings, Inc. ... (4)(5)(7)(10) SOFR +5.00% 8.72% 8/30/2024 8/30/2031","2","435","Cost (3)","415"
"SRC042","184","14","Holdings, Inc. ... (4)(5)(7)(10) SOFR +5.00% 8.72% 8/30/2024 8/30/2031","3","471","Fair Value","407"
"SRC042","184","14","Holdings, Inc. ... (4)(5)(7)(10) SOFR +5.00% 8.72% 8/30/2024 8/30/2031","4","505","% of Net Assets","0.01"
"SRC042","184","15","Holdings, Inc. ... (4)(5)(7)(10) SOFR +4.75% 8.47% 8/5/2025 8/30/2031","1","400","Amount/ Units (1)","28,112"
"SRC042","184","15","Holdings, Inc. ... (4)(5)(7)(10) SOFR +4.75% 8.47% 8/5/2025 8/30/2031","2","435","Cost (3)","27,849"
"SRC042","184","15","Holdings, Inc. ... (4)(5)(7)(10) SOFR +4.75% 8.47% 8/5/2025 8/30/2031","3","471","Fair Value","28,112"
"SRC042","184","15","Holdings, Inc. ... (4)(5)(7)(10) SOFR +4.75% 8.47% 8/5/2025 8/30/2031","4","505","% of Net Assets","0.45"
"SRC042","184","16","Holdings, Inc. ... (4)(10) SOFR +4.75% 8.47% 7/10/2025 8/30/2031","1","400","Amount/ Units (1)","12,116"
"SRC042","184","16","Holdings, Inc. ... (4)(10) SOFR +4.75% 8.47% 7/10/2025 8/30/2031","2","435","Cost (3)","12,005"
"SRC042","184","16","Holdings, Inc. ... (4)(10) SOFR +4.75% 8.47% 7/10/2025 8/30/2031","3","471","Fair Value","12,116"
"SRC042","184","16","Holdings, Inc. ... (4)(10) SOFR +4.75% 8.47% 7/10/2025 8/30/2031","4","505","% of Net Assets","0.19"
"SRC042","184","17","Holdings, Inc. ... (4)(5)(7)(10) SOFR +4.75% 8.47% 7/10/2025 8/30/2031","1","400","Amount/ Units (1)","5,193"
"SRC042","184","17","Holdings, Inc. ... (4)(5)(7)(10) SOFR +4.75% 8.47% 7/10/2025 8/30/2031","2","435","Cost (3)","5,137"
"SRC042","184","17","Holdings, Inc. ... (4)(5)(7)(10) SOFR +4.75% 8.47% 7/10/2025 8/30/2031","3","471","Fair Value","5,193"
"SRC042","184","17","Holdings, Inc. ... (4)(5)(7)(10) SOFR +4.75% 8.47% 7/10/2025 8/30/2031","4","505","% of Net Assets","0.08"
"SRC042","184","18","Inc. ............ (4)(10) SOFR +4.75% 8.47% 1/15/2025 1/19/2032","1","400","Amount/ Units (1)","152,793"
"SRC042","184","18","Inc. ............ (4)(10) SOFR +4.75% 8.47% 1/15/2025 1/19/2032","2","435","Cost (3)","151,474"
"SRC042","184","18","Inc. ............ (4)(10) SOFR +4.75% 8.47% 1/15/2025 1/19/2032","3","471","Fair Value","152,793"
"SRC042","184","18","Inc. ............ (4)(10) SOFR +4.75% 8.47% 1/15/2025 1/19/2032","4","505","% of Net Assets","2.45"
"SRC042","184","19","Inc. ............ (4)(5)(7)(10) SOFR +4.75% 8.47% 1/15/2025 1/19/2032","1","400","Amount/ Units (1)","29,405"
"SRC042","184","19","Inc. ............ (4)(5)(7)(10) SOFR +4.75% 8.47% 1/15/2025 1/19/2032","2","435","Cost (3)","28,919"
"SRC042","184","19","Inc. ............ (4)(5)(7)(10) SOFR +4.75% 8.47% 1/15/2025 1/19/2032","3","471","Fair Value","29,261"
"SRC042","184","19","Inc. ............ (4)(5)(7)(10) SOFR +4.75% 8.47% 1/15/2025 1/19/2032","4","505","% of Net Assets","0.47"
"SRC042","184","20","LLC ........... (4)(7)(10) SOFR +6.00% 9.82% 10/29/2021 10/30/2028","1","400","Amount/ Units (1)","16,294"
"SRC042","184","20","LLC ........... (4)(7)(10) SOFR +6.00% 9.82% 10/29/2021 10/30/2028","2","435","Cost (3)","16,166"
"SRC042","184","20","LLC ........... (4)(7)(10) SOFR +6.00% 9.82% 10/29/2021 10/30/2028","3","471","Fair Value","16,294"
"SRC042","184","20","LLC ........... (4)(7)(10) SOFR +6.00% 9.82% 10/29/2021 10/30/2028","4","505","% of Net Assets","0.26"
"SRC042","184","21","Company, LLC .. (4)(10) SOFR +5.75% 9.66% 11/8/2023 11/8/2029","1","400","Amount/ Units (1)","102,693"
"SRC042","184","21","Company, LLC .. (4)(10) SOFR +5.75% 9.66% 11/8/2023 11/8/2029","2","435","Cost (3)","102,072"
"SRC042","184","21","Company, LLC .. (4)(10) SOFR +5.75% 9.66% 11/8/2023 11/8/2029","3","471","Fair Value","97,045"
"SRC042","184","21","Company, LLC .. (4)(10) SOFR +5.75% 9.66% 11/8/2023 11/8/2029","4","505","% of Net Assets","1.55"
"SRC042","184","22","Kona Buyer, LLC .. (4)(5)(7)(10) SOFR +4.50% 8.36% 7/23/2024 7/23/2031","1","400","Amount/ Units (1)","78"
"SRC042","184","22","Kona Buyer, LLC .. (4)(5)(7)(10) SOFR +4.50% 8.36% 7/23/2024 7/23/2031","2","435","Cost (3)","76"
"SRC042","184","22","Kona Buyer, LLC .. (4)(5)(7)(10) SOFR +4.50% 8.36% 7/23/2024 7/23/2031","3","471","Fair Value","73"
"SRC042","184","22","Kona Buyer, LLC .. (4)(5)(7)(10) SOFR +4.50% 8.36% 7/23/2024 7/23/2031","4","505","% of Net Assets","0.00"
"SRC042","184","23","Kona Buyer, LLC .. (4)(5)(10) SOFR +4.50% 8.36% 7/23/2024 7/23/2031","1","400","Amount/ Units (1)","1,034"
"SRC042","184","23","Kona Buyer, LLC .. (4)(5)(10) SOFR +4.50% 8.36% 7/23/2024 7/23/2031","2","435","Cost (3)","1,026"
"SRC042","184","23","Kona Buyer, LLC .. (4)(5)(10) SOFR +4.50% 8.36% 7/23/2024 7/23/2031","3","471","Fair Value","1,029"
"SRC042","184","23","Kona Buyer, LLC .. (4)(5)(10) SOFR +4.50% 8.36% 7/23/2024 7/23/2031","4","505","% of Net Assets","0.02"
"SRC042","184","24","Magic Bidco, Inc. .. (4)(10) SOFR +5.75% 9.47% 7/1/2024 7/1/2030","1","400","Amount/ Units (1)","25,679"
"SRC042","184","24","Magic Bidco, Inc. .. (4)(10) SOFR +5.75% 9.47% 7/1/2024 7/1/2030","2","435","Cost (3)","25,255"
"SRC042","184","24","Magic Bidco, Inc. .. (4)(10) SOFR +5.75% 9.47% 7/1/2024 7/1/2030","3","471","Fair Value","25,551"
"SRC042","184","24","Magic Bidco, Inc. .. (4)(10) SOFR +5.75% 9.47% 7/1/2024 7/1/2030","4","505","% of Net Assets","0.41"
"SRC042","184","25","Magic Bidco, Inc. .. (4)(5)(7)(10) SOFR +5.75% 9.47% 7/1/2024 7/1/2030","1","400","Amount/ Units (1)","3,342"
"SRC042","184","25","Magic Bidco, Inc. .. (4)(5)(7)(10) SOFR +5.75% 9.47% 7/1/2024 7/1/2030","2","435","Cost (3)","3,273"
"SRC042","184","25","Magic Bidco, Inc. .. (4)(5)(7)(10) SOFR +5.75% 9.47% 7/1/2024 7/1/2030","3","471","Fair Value","3,324"
"SRC042","184","25","Magic Bidco, Inc. .. (4)(5)(7)(10) SOFR +5.75% 9.47% 7/1/2024 7/1/2030","4","505","% of Net Assets","0.05"
"SRC042","184","26","Magic Bidco, Inc. .. (4)(5)(7)(10) SOFR +5.75% 9.47% 7/1/2024 7/1/2030","1","400","Amount/ Units (1)","1,291"
"SRC042","184","26","Magic Bidco, Inc. .. (4)(5)(7)(10) SOFR +5.75% 9.47% 7/1/2024 7/1/2030","2","435","Cost (3)","1,262"
"SRC042","184","26","Magic Bidco, Inc. .. (4)(5)(7)(10) SOFR +5.75% 9.47% 7/1/2024 7/1/2030","3","471","Fair Value","1,251"
"SRC042","184","26","Magic Bidco, Inc. .. (4)(5)(7)(10) SOFR +5.75% 9.47% 7/1/2024 7/1/2030","4","505","% of Net Assets","0.02"
"SRC042","184","27","Holdings, LLC .. (4)(5)(7)(10) SOFR +4.75% 8.47% 7/21/2025 7/21/2032","1","400","Amount/ Units (1)","4,090"
"SRC042","184","27","Holdings, LLC .. (4)(5)(7)(10) SOFR +4.75% 8.47% 7/21/2025 7/21/2032","2","435","Cost (3)","4,037"
"SRC042","184","27","Holdings, LLC .. (4)(5)(7)(10) SOFR +4.75% 8.47% 7/21/2025 7/21/2032","3","471","Fair Value","4,034"
"SRC042","184","27","Holdings, LLC .. (4)(5)(7)(10) SOFR +4.75% 8.47% 7/21/2025 7/21/2032","4","505","% of Net Assets","0.06"
"SRC042","184","28","Medicine, Inc. ... (4)(5)(7)(10) SOFR +4.75% PIK) 4/30/2025 4/30/2032","1","400","Amount/ Units (1)","8,971"
"SRC042","184","28","Medicine, Inc. ... (4)(5)(7)(10) SOFR +4.75% PIK) 4/30/2025 4/30/2032","2","435","Cost (3)","8,884"
"SRC042","184","28","Medicine, Inc. ... (4)(5)(7)(10) SOFR +4.75% PIK) 4/30/2025 4/30/2032","3","471","Fair Value","8,963"
"SRC042","184","28","Medicine, Inc. ... (4)(5)(7)(10) SOFR +4.75% PIK) 4/30/2025 4/30/2032","4","505","% of Net Assets","0.14"
"SRC042","184","29","Inc. ............ (4)(7)(10) SOFR+4.50% 8.17% 12/12/2024 8/31/2030","1","400","Amount/ Units (1)","6,860"
"SRC042","184","29","Inc. ............ (4)(7)(10) SOFR+4.50% 8.17% 12/12/2024 8/31/2030","2","435","Cost (3)","6,732"
"SRC042","184","29","Inc. ............ (4)(7)(10) SOFR+4.50% 8.17% 12/12/2024 8/31/2030","3","471","Fair Value","6,837"
"SRC042","184","29","Inc. ............ (4)(7)(10) SOFR+4.50% 8.17% 12/12/2024 8/31/2030","4","505","% of Net Assets","0.11"
"SRC042","185","1","Inc. ............ (4)(7)(10) SOFR+5.20% PIK) 8/23/2024 8/23/2031 $","1","403","Amount/ Units (1)","24,231"
"SRC042","185","1","Inc. ............ (4)(7)(10) SOFR+5.20% PIK) 8/23/2024 8/23/2031 $","2","439","Cost (3)","23,996"
"SRC042","185","1","Inc. ............ (4)(7)(10) SOFR+5.20% PIK) 8/23/2024 8/23/2031 $","3","474","Fair Value","24,215"
"SRC042","185","1","Inc. ............ (4)(7)(10) SOFR+5.20% PIK) 8/23/2024 8/23/2031 $","4","505","% of Net Assets","0.39%"
"SRC042","185","2","Inc. ............ (4)(5)(7)(9) SOFR+4.25% 7.97% 5/19/2025 5/19/2032","1","403","Amount/ Units (1)","2,332"
"SRC042","185","2","Inc. ............ (4)(5)(7)(9) SOFR+4.25% 7.97% 5/19/2025 5/19/2032","2","439","Cost (3)","2,319"
"SRC042","185","2","Inc. ............ (4)(5)(7)(9) SOFR+4.25% 7.97% 5/19/2025 5/19/2032","3","474","Fair Value","2,329"
"SRC042","185","2","Inc. ............ (4)(5)(7)(9) SOFR+4.25% 7.97% 5/19/2025 5/19/2032","4","505","% of Net Assets","0.04"
"SRC042","185","3","Corp. .......... (8) SOFR+2.75% 6.58% 7/18/2025 3/10/2028","1","403","Amount/ Units (1)","8,248"
"SRC042","185","3","Corp. .......... (8) SOFR+2.75% 6.58% 7/18/2025 3/10/2028","2","439","Cost (3)","8,248"
"SRC042","185","3","Corp. .......... (8) SOFR+2.75% 6.58% 7/18/2025 3/10/2028","3","474","Fair Value","8,280"
"SRC042","185","3","Corp. .......... (8) SOFR+2.75% 6.58% 7/18/2025 3/10/2028","4","505","% of Net Assets","0.13"
"SRC042","185","4","Corp. .......... (4)(9) SOFR+5.00% 9.04% 4/1/2022 4/2/2029","1","403","Amount/ Units (1)","9,379"
"SRC042","185","4","Corp. .......... (4)(9) SOFR+5.00% 9.04% 4/1/2022 4/2/2029","2","439","Cost (3)","9,316"
"SRC042","185","4","Corp. .......... (4)(9) SOFR+5.00% 9.04% 4/1/2022 4/2/2029","3","474","Fair Value","9,379"
"SRC042","185","4","Corp. .......... (4)(9) SOFR+5.00% 9.04% 4/1/2022 4/2/2029","4","505","% of Net Assets","0.15"
"SRC042","185","5","One, Ltd. ....... (4)(5)(7)(10) SOFR+4.75% 8.42% 10/16/2025 10/16/2031","1","403","Amount/ Units (1)","37,681"
"SRC042","185","5","One, Ltd. ....... (4)(5)(7)(10) SOFR+4.75% 8.42% 10/16/2025 10/16/2031","2","439","Cost (3)","37,241"
"SRC042","185","5","One, Ltd. ....... (4)(5)(7)(10) SOFR+4.75% 8.42% 10/16/2025 10/16/2031","3","474","Fair Value","37,225"
"SRC042","185","5","One, Ltd. ....... (4)(5)(7)(10) SOFR+4.75% 8.42% 10/16/2025 10/16/2031","4","505","% of Net Assets","0.60"
"SRC042","185","6","LLC ........... (4)(10) SOFR+5.00% 8.79% 6/17/2024 8/31/2029","1","403","Amount/ Units (1)","96,339"
"SRC042","185","6","LLC ........... (4)(10) SOFR+5.00% 8.79% 6/17/2024 8/31/2029","2","439","Cost (3)","95,935"
"SRC042","185","6","LLC ........... (4)(10) SOFR+5.00% 8.79% 6/17/2024 8/31/2029","3","474","Fair Value","95,857"
"SRC042","185","6","LLC ........... (4)(10) SOFR+5.00% 8.79% 6/17/2024 8/31/2029","4","505","% of Net Assets","1.53"
"SRC042","185","7","LLC ........... (4)(5)(7)(10) SOFR+5.00% 8.79% 6/17/2024 8/31/2029","1","403","Amount/ Units (1)","3,335"
"SRC042","185","7","LLC ........... (4)(5)(7)(10) SOFR+5.00% 8.79% 6/17/2024 8/31/2029","2","439","Cost (3)","3,205"
"SRC042","185","7","LLC ........... (4)(5)(7)(10) SOFR+5.00% 8.79% 6/17/2024 8/31/2029","3","474","Fair Value","3,172"
"SRC042","185","7","LLC ........... (4)(5)(7)(10) SOFR+5.00% 8.79% 6/17/2024 8/31/2029","4","505","% of Net Assets","0.05"
"SRC042","185","8","Beacon Dc, Ltd. ... (4)(6)(10) SOFR+4.75% 8.52% 12/4/2025 12/4/2032","1","403","Amount/ Units (1)","136,195"
"SRC042","185","8","Beacon Dc, Ltd. ... (4)(6)(10) SOFR+4.75% 8.52% 12/4/2025 12/4/2032","2","439","Cost (3)","134,175"
"SRC042","185","8","Beacon Dc, Ltd. ... (4)(6)(10) SOFR+4.75% 8.52% 12/4/2025 12/4/2032","3","474","Fair Value","134,152"
"SRC042","185","8","Beacon Dc, Ltd. ... (4)(6)(10) SOFR+4.75% 8.52% 12/4/2025 12/4/2032","4","505","% of Net Assets","2.15"
"SRC042","185","9","Beacon Dc, Ltd. ... (4)(5)(6)(7)(10) SOFR+4.75% 8.52% 12/4/2025 12/4/2032","1","403","Amount/ Units (1)","2,851"
"SRC042","185","9","Beacon Dc, Ltd. ... (4)(5)(6)(7)(10) SOFR+4.75% 8.52% 12/4/2025 12/4/2032","2","439","Cost (3)","2,544"
"SRC042","185","9","Beacon Dc, Ltd. ... (4)(5)(6)(7)(10) SOFR+4.75% 8.52% 12/4/2025 12/4/2032","3","474","Fair Value","2,530"
"SRC042","185","9","Beacon Dc, Ltd. ... (4)(5)(6)(7)(10) SOFR+4.75% 8.52% 12/4/2025 12/4/2032","4","505","% of Net Assets","0.04"
"SRC042","185","10","Inc.) ........... (4)(5)(8)(17)(18) 0.00% 0.00% 9/11/2023 9/13/2038","1","403","Amount/ Units (1)","9,566"
"SRC042","185","10","Inc.) ........... (4)(5)(8)(17)(18) 0.00% 0.00% 9/11/2023 9/13/2038","2","439","Cost (3)","1,397"
"SRC042","185","10","Inc.) ........... (4)(5)(8)(17)(18) 0.00% 0.00% 9/11/2023 9/13/2038","3","474","Fair Value","0"
"SRC042","185","10","Inc.) ........... (4)(5)(8)(17)(18) 0.00% 0.00% 9/11/2023 9/13/2038","4","505","% of Net Assets","0.00"
"SRC042","185","11","Inc.) ........... (4)(5)(8)(17)(18) 10.00% PIK 9/11/2023 9/12/2033","1","403","Amount/ Units (1)","6,729"
"SRC042","185","11","Inc.) ........... (4)(5)(8)(17)(18) 10.00% PIK 9/11/2023 9/12/2033","2","439","Cost (3)","5,559"
"SRC042","185","11","Inc.) ........... (4)(5)(8)(17)(18) 10.00% PIK 9/11/2023 9/12/2033","3","474","Fair Value","921"
"SRC042","185","11","Inc.) ........... (4)(5)(8)(17)(18) 10.00% PIK 9/11/2023 9/12/2033","4","505","% of Net Assets","0.01"
"SRC042","185","12","Partners Corp. ... (4)(10) SOFR+4.75% 8.42% 10/29/2021 10/29/2030","1","403","Amount/ Units (1)","14,285"
"SRC042","185","12","Partners Corp. ... (4)(10) SOFR+4.75% 8.42% 10/29/2021 10/29/2030","2","439","Cost (3)","14,197"
"SRC042","185","12","Partners Corp. ... (4)(10) SOFR+4.75% 8.42% 10/29/2021 10/29/2030","3","474","Fair Value","14,285"
"SRC042","185","12","Partners Corp. ... (4)(10) SOFR+4.75% 8.42% 10/29/2021 10/29/2030","4","505","% of Net Assets","0.23"
"SRC042","185","13","Partners Corp. ... (4)(10) SOFR+4.75% 8.42% 10/29/2021 10/29/2030","1","403","Amount/ Units (1)","4,735"
"SRC042","185","13","Partners Corp. ... (4)(10) SOFR+4.75% 8.42% 10/29/2021 10/29/2030","2","439","Cost (3)","4,697"
"SRC042","185","13","Partners Corp. ... (4)(10) SOFR+4.75% 8.42% 10/29/2021 10/29/2030","3","474","Fair Value","4,735"
"SRC042","185","13","Partners Corp. ... (4)(10) SOFR+4.75% 8.42% 10/29/2021 10/29/2030","4","505","% of Net Assets","0.08"
"SRC042","185","14","Partners Corp. ... (4)(10) SOFR+4.75% 8.42% 11/17/2023 10/29/2030","1","403","Amount/ Units (1)","6,822"
"SRC042","185","14","Partners Corp. ... (4)(10) SOFR+4.75% 8.42% 11/17/2023 10/29/2030","2","439","Cost (3)","6,744"
"SRC042","185","14","Partners Corp. ... (4)(10) SOFR+4.75% 8.42% 11/17/2023 10/29/2030","3","474","Fair Value","6,822"
"SRC042","185","14","Partners Corp. ... (4)(10) SOFR+4.75% 8.42% 11/17/2023 10/29/2030","4","505","% of Net Assets","0.11"
"SRC042","185","15","Partners Corp. ... (4)(5)(7)(10) SOFR+4.75% 8.42% 5/21/2024 10/29/2030","1","403","Amount/ Units (1)","5,570"
"SRC042","185","15","Partners Corp. ... (4)(5)(7)(10) SOFR+4.75% 8.42% 5/21/2024 10/29/2030","2","439","Cost (3)","5,507"
"SRC042","185","15","Partners Corp. ... (4)(5)(7)(10) SOFR+4.75% 8.42% 5/21/2024 10/29/2030","3","474","Fair Value","5,509"
"SRC042","185","15","Partners Corp. ... (4)(5)(7)(10) SOFR+4.75% 8.42% 5/21/2024 10/29/2030","4","505","% of Net Assets","0.09"
"SRC042","185","16","Partners Corp. ... (4)(5)(7)(10) SOFR+4.75% 8.42% 5/21/2024 10/29/2030","1","403","Amount/ Units (1)","4,164"
"SRC042","185","16","Partners Corp. ... (4)(5)(7)(10) SOFR+4.75% 8.42% 5/21/2024 10/29/2030","2","439","Cost (3)","4,140"
"SRC042","185","16","Partners Corp. ... (4)(5)(7)(10) SOFR+4.75% 8.42% 5/21/2024 10/29/2030","3","474","Fair Value","4,164"
"SRC042","185","16","Partners Corp. ... (4)(5)(7)(10) SOFR+4.75% 8.42% 5/21/2024 10/29/2030","4","505","% of Net Assets","0.07"
"SRC042","185","17","Partners Corp. ... (4)(5)(10) SOFR+4.75% 8.42% 9/24/2025 10/29/2030","1","403","Amount/ Units (1)","2,034"
"SRC042","185","17","Partners Corp. ... (4)(5)(10) SOFR+4.75% 8.42% 9/24/2025 10/29/2030","2","439","Cost (3)","2,034"
"SRC042","185","17","Partners Corp. ... (4)(5)(10) SOFR+4.75% 8.42% 9/24/2025 10/29/2030","3","474","Fair Value","2,034"
"SRC042","185","17","Partners Corp. ... (4)(5)(10) SOFR+4.75% 8.42% 9/24/2025 10/29/2030","4","505","% of Net Assets","0.03"
"SRC042","185","18","Partners Corp. ... (4)(5)(10) SOFR+4.75% 8.42% 9/24/2025 10/29/2030","1","403","Amount/ Units (1)","951"
"SRC042","185","18","Partners Corp. ... (4)(5)(10) SOFR+4.75% 8.42% 9/24/2025 10/29/2030","2","439","Cost (3)","951"
"SRC042","185","18","Partners Corp. ... (4)(5)(10) SOFR+4.75% 8.42% 9/24/2025 10/29/2030","3","474","Fair Value","951"
"SRC042","185","18","Partners Corp. ... (4)(5)(10) SOFR+4.75% 8.42% 9/24/2025 10/29/2030","4","505","% of Net Assets","0.02"
"SRC042","185","19","LLC ........... (4)(5)(10) SOFR+4.50% 8.17% 9/30/2021 9/29/2028","1","403","Amount/ Units (1)","14,623"
"SRC042","185","19","LLC ........... (4)(5)(10) SOFR+4.50% 8.17% 9/30/2021 9/29/2028","2","439","Cost (3)","14,558"
"SRC042","185","19","LLC ........... (4)(5)(10) SOFR+4.50% 8.17% 9/30/2021 9/29/2028","3","474","Fair Value","14,623"
"SRC042","185","19","LLC ........... (4)(5)(10) SOFR+4.50% 8.17% 9/30/2021 9/29/2028","4","505","% of Net Assets","0.23"
"SRC042","185","20","LLC ........... (4)(5)(7)(10) SOFR+4.50% 8.17% 9/30/2021 9/29/2028","1","403","Amount/ Units (1)","1,664"
"SRC042","185","20","LLC ........... (4)(5)(7)(10) SOFR+4.50% 8.17% 9/30/2021 9/29/2028","2","439","Cost (3)","1,606"
"SRC042","185","20","LLC ........... (4)(5)(7)(10) SOFR+4.50% 8.17% 9/30/2021 9/29/2028","3","474","Fair Value","1,664"
"SRC042","185","20","LLC ........... (4)(5)(7)(10) SOFR+4.50% 8.17% 9/30/2021 9/29/2028","4","505","% of Net Assets","0.03"
"SRC042","185","21","LLC ........... (4)(5)(7)(10) SOFR+4.50% 8.17% 2/7/2024 9/29/2028","1","403","Amount/ Units (1)","10,839"
"SRC042","185","21","LLC ........... (4)(5)(7)(10) SOFR+4.50% 8.17% 2/7/2024 9/29/2028","2","439","Cost (3)","10,660"
"SRC042","185","21","LLC ........... (4)(5)(7)(10) SOFR+4.50% 8.17% 2/7/2024 9/29/2028","3","474","Fair Value","10,839"
"SRC042","185","21","LLC ........... (4)(5)(7)(10) SOFR+4.50% 8.17% 2/7/2024 9/29/2028","4","505","% of Net Assets","0.17"
"SRC042","185","22","GmbH ......... (4)(6)(8) E+5.75% 7.82% 4/15/2024 4/23/2031 EUR","1","403","Amount/ Units (1)","30,620"
"SRC042","185","22","GmbH ......... (4)(6)(8) E+5.75% 7.82% 4/15/2024 4/23/2031 EUR","2","439","Cost (3)","32,007"
"SRC042","185","22","GmbH ......... (4)(6)(8) E+5.75% 7.82% 4/15/2024 4/23/2031 EUR","3","474","Fair Value","35,985"
"SRC042","185","22","GmbH ......... (4)(6)(8) E+5.75% 7.82% 4/15/2024 4/23/2031 EUR","4","505","% of Net Assets","0.58"
"SRC042","185","23","GmbH ......... (4)(6)(7)(8) E+5.75% 7.82% 4/15/2024 4/23/2031 EUR","1","403","Amount/ Units (1)","11,947"
"SRC042","185","23","GmbH ......... (4)(6)(7)(8) E+5.75% 7.82% 4/15/2024 4/23/2031 EUR","2","439","Cost (3)","13,201"
"SRC042","185","23","GmbH ......... (4)(6)(7)(8) E+5.75% 7.82% 4/15/2024 4/23/2031 EUR","3","474","Fair Value","13,855"
"SRC042","185","23","GmbH ......... (4)(6)(7)(8) E+5.75% 7.82% 4/15/2024 4/23/2031 EUR","4","505","% of Net Assets","0.22"
"SRC042","185","24","Inc. ............ (4)(5)(6)(11) SOFR+4.50% 8.22% 7/3/2024 11/25/2028","1","403","Amount/ Units (1)","4,925"
"SRC042","185","24","Inc. ............ (4)(5)(6)(11) SOFR+4.50% 8.22% 7/3/2024 11/25/2028","2","439","Cost (3)","4,922"
"SRC042","185","24","Inc. ............ (4)(5)(6)(11) SOFR+4.50% 8.22% 7/3/2024 11/25/2028","3","474","Fair Value","4,925"
"SRC042","185","24","Inc. ............ (4)(5)(6)(11) SOFR+4.50% 8.22% 7/3/2024 11/25/2028","4","505","% of Net Assets","0.08"
"SRC042","186","1","Inc. ............ (4)(10) SOFR+4.50% 8.17% 4/16/2021 4/14/2028 $","1","403","Amount/ Units (1)","10,226"
"SRC042","186","1","Inc. ............ (4)(10) SOFR+4.50% 8.17% 4/16/2021 4/14/2028 $","2","439","Cost (3)","10,159"
"SRC042","186","1","Inc. ............ (4)(10) SOFR+4.50% 8.17% 4/16/2021 4/14/2028 $","3","473","Fair Value","10,226"
"SRC042","186","1","Inc. ............ (4)(10) SOFR+4.50% 8.17% 4/16/2021 4/14/2028 $","4","505","% of Net Assets","0.16%"
"SRC042","186","2","Inc. ............ (4)(7)(10) SOFR+4.50% 8.17% 4/16/2021 4/14/2028","1","403","Amount/ Units (1)","77,731"
"SRC042","186","2","Inc. ............ (4)(7)(10) SOFR+4.50% 8.17% 4/16/2021 4/14/2028","2","439","Cost (3)","77,120"
"SRC042","186","2","Inc. ............ (4)(7)(10) SOFR+4.50% 8.17% 4/16/2021 4/14/2028","3","473","Fair Value","77,686"
"SRC042","186","2","Inc. ............ (4)(7)(10) SOFR+4.50% 8.17% 4/16/2021 4/14/2028","4","505","% of Net Assets","1.24"
"SRC042","186","3","Inc. ............ (4)(10) SOFR+4.50% 8.17% 4/16/2021 4/14/2028","1","403","Amount/ Units (1)","13,499"
"SRC042","186","3","Inc. ............ (4)(10) SOFR+4.50% 8.17% 4/16/2021 4/14/2028","2","439","Cost (3)","13,411"
"SRC042","186","3","Inc. ............ (4)(10) SOFR+4.50% 8.17% 4/16/2021 4/14/2028","3","473","Fair Value","13,499"
"SRC042","186","3","Inc. ............ (4)(10) SOFR+4.50% 8.17% 4/16/2021 4/14/2028","4","505","% of Net Assets","0.22"
"SRC042","186","4","Inc. ............ (4)(5)(7)(10) SOFR+4.50% 8.17% 7/18/2025 4/14/2028","1","403","Amount/ Units (1)","2,847"
"SRC042","186","4","Inc. ............ (4)(5)(7)(10) SOFR+4.50% 8.17% 7/18/2025 4/14/2028","2","439","Cost (3)","2,749"
"SRC042","186","4","Inc. ............ (4)(5)(7)(10) SOFR+4.50% 8.17% 7/18/2025 4/14/2028","3","473","Fair Value","2,847"
"SRC042","186","4","Inc. ............ (4)(5)(7)(10) SOFR+4.50% 8.17% 7/18/2025 4/14/2028","4","505","% of Net Assets","0.05"
"SRC042","186","5","LLC ........... (4)(7)(10) SOFR+5.00% 8.82% 8/27/2024 8/25/2028","1","403","Amount/ Units (1)","163,971"
"SRC042","186","5","LLC ........... (4)(7)(10) SOFR+5.00% 8.82% 8/27/2024 8/25/2028","2","439","Cost (3)","163,253"
"SRC042","186","5","LLC ........... (4)(7)(10) SOFR+5.00% 8.82% 8/27/2024 8/25/2028","3","473","Fair Value","163,941"
"SRC042","186","5","LLC ........... (4)(7)(10) SOFR+5.00% 8.82% 8/27/2024 8/25/2028","4","505","% of Net Assets","2.63"
"SRC042","186","6","Holdings, Inc. ... (4)(5)(7)(10) SOFR+4.50% 8.17% 8/29/2025 8/29/2032","1","403","Amount/ Units (1)","1,380"
"SRC042","186","6","Holdings, Inc. ... (4)(5)(7)(10) SOFR+4.50% 8.17% 8/29/2025 8/29/2032","2","439","Cost (3)","1,364"
"SRC042","186","6","Holdings, Inc. ... (4)(5)(7)(10) SOFR+4.50% 8.17% 8/29/2025 8/29/2032","3","473","Fair Value","1,370"
"SRC042","186","6","Holdings, Inc. ... (4)(5)(7)(10) SOFR+4.50% 8.17% 8/29/2025 8/29/2032","4","505","% of Net Assets","0.02"
"SRC042","186","7","mbH ........... (4)(6)(7)(8) E+5.00% 7.11% 5/15/2025 5/17/2032 EUR","1","403","Amount/ Units (1)","406"
"SRC042","186","7","mbH ........... (4)(6)(7)(8) E+5.00% 7.11% 5/15/2025 5/17/2032 EUR","2","439","Cost (3)","450"
"SRC042","186","7","mbH ........... (4)(6)(7)(8) E+5.00% 7.11% 5/15/2025 5/17/2032 EUR","3","473","Fair Value","474"
"SRC042","186","7","mbH ........... (4)(6)(7)(8) E+5.00% 7.11% 5/15/2025 5/17/2032 EUR","4","505","% of Net Assets","0.01"
"SRC042","186","8","Ltd. ........... (4)(5)(6)(7)(8) S+ 5.50% PIK) 4/17/2024 5/7/2031 GBP","1","403","Amount/ Units (1)","6,450"
"SRC042","186","8","Ltd. ........... (4)(5)(6)(7)(8) S+ 5.50% PIK) 4/17/2024 5/7/2031 GBP","2","439","Cost (3)","7,989"
"SRC042","186","8","Ltd. ........... (4)(5)(6)(7)(8) S+ 5.50% PIK) 4/17/2024 5/7/2031 GBP","3","473","Fair Value","8,408"
"SRC042","186","8","Ltd. ........... (4)(5)(6)(7)(8) S+ 5.50% PIK) 4/17/2024 5/7/2031 GBP","4","505","% of Net Assets","0.13"
"SRC042","186","9","Ltd. ........... (4)(5)(6)(8) E +5.50% PIK) 4/17/2024 5/7/2031 EUR","1","403","Amount/ Units (1)","3,420"
"SRC042","186","9","Ltd. ........... (4)(5)(6)(8) E +5.50% PIK) 4/17/2024 5/7/2031 EUR","2","439","Cost (3)","3,640"
"SRC042","186","9","Ltd. ........... (4)(5)(6)(8) E +5.50% PIK) 4/17/2024 5/7/2031 EUR","3","473","Fair Value","3,888"
"SRC042","186","9","Ltd. ........... (4)(5)(6)(8) E +5.50% PIK) 4/17/2024 5/7/2031 EUR","4","505","% of Net Assets","0.06"
"SRC042","186","10","Ltd. ........... (4)(5)(6)(8) E +5.50% PIK) 4/17/2024 5/7/2031 EUR","1","403","Amount/ Units (1)","3,016"
"SRC042","186","10","Ltd. ........... (4)(5)(6)(8) E +5.50% PIK) 4/17/2024 5/7/2031 EUR","2","439","Cost (3)","3,114"
"SRC042","186","10","Ltd. ........... (4)(5)(6)(8) E +5.50% PIK) 4/17/2024 5/7/2031 EUR","3","473","Fair Value","3,430"
"SRC042","186","10","Ltd. ........... (4)(5)(6)(8) E +5.50% PIK) 4/17/2024 5/7/2031 EUR","4","505","% of Net Assets","0.05"
"SRC042","186","11","Ltd. ........... (4)(5)(6)(8) E +5.50% PIK) 7/31/2025 5/7/2031 EUR","1","403","Amount/ Units (1)","2,925"
"SRC042","186","11","Ltd. ........... (4)(5)(6)(8) E +5.50% PIK) 7/31/2025 5/7/2031 EUR","2","439","Cost (3)","3,341"
"SRC042","186","11","Ltd. ........... (4)(5)(6)(8) E +5.50% PIK) 7/31/2025 5/7/2031 EUR","3","473","Fair Value","3,326"
"SRC042","186","11","Ltd. ........... (4)(5)(6)(8) E +5.50% PIK) 7/31/2025 5/7/2031 EUR","4","505","% of Net Assets","0.05"
"SRC042","186","12","Services, LLC ... (4)(5)(10) SOFR +5.00% 8.82% 10/14/2021 10/16/2028","1","403","Amount/ Units (1)","4,498"
"SRC042","186","12","Services, LLC ... (4)(5)(10) SOFR +5.00% 8.82% 10/14/2021 10/16/2028","2","439","Cost (3)","4,472"
"SRC042","186","12","Services, LLC ... (4)(5)(10) SOFR +5.00% 8.82% 10/14/2021 10/16/2028","3","473","Fair Value","4,498"
"SRC042","186","12","Services, LLC ... (4)(5)(10) SOFR +5.00% 8.82% 10/14/2021 10/16/2028","4","505","% of Net Assets","0.07"
"SRC042","186","13","Services, LLC ... (4)(5)(7)(10) SOFR +5.00% 8.67% 11/17/2023 10/16/2028","1","403","Amount/ Units (1)","4,274"
"SRC042","186","13","Services, LLC ... (4)(5)(7)(10) SOFR +5.00% 8.67% 11/17/2023 10/16/2028","2","439","Cost (3)","4,245"
"SRC042","186","13","Services, LLC ... (4)(5)(7)(10) SOFR +5.00% 8.67% 11/17/2023 10/16/2028","3","473","Fair Value","4,214"
"SRC042","186","13","Services, LLC ... (4)(5)(7)(10) SOFR +5.00% 8.67% 11/17/2023 10/16/2028","4","505","% of Net Assets","0.07"
"SRC042","186","14","Sail Bidco, Ltd. .... (4)(5)(6)(7)(8) S +5.25% 9.22% 11/28/2025 11/5/2032 GBP","1","403","Amount/ Units (1)","8,010"
"SRC042","186","14","Sail Bidco, Ltd. .... (4)(5)(6)(7)(8) S +5.25% 9.22% 11/28/2025 11/5/2032 GBP","2","439","Cost (3)","10,493"
"SRC042","186","14","Sail Bidco, Ltd. .... (4)(5)(6)(7)(8) S +5.25% 9.22% 11/28/2025 11/5/2032 GBP","3","473","Fair Value","10,680"
"SRC042","186","14","Sail Bidco, Ltd. .... (4)(5)(6)(7)(8) S +5.25% 9.22% 11/28/2025 11/5/2032 GBP","4","505","% of Net Assets","0.17"
"SRC042","186","15","SelectQuote, Inc. ... (4)(5)(6)(20) SOFR +6.50% 10.32% 10/15/2024 9/30/2027","1","403","Amount/ Units (1)","32,853"
"SRC042","186","15","SelectQuote, Inc. ... (4)(5)(6)(20) SOFR +6.50% 10.32% 10/15/2024 9/30/2027","2","439","Cost (3)","32,828"
"SRC042","186","15","SelectQuote, Inc. ... (4)(5)(6)(20) SOFR +6.50% 10.32% 10/15/2024 9/30/2027","3","473","Fair Value","32,853"
"SRC042","186","15","SelectQuote, Inc. ... (4)(5)(6)(20) SOFR +6.50% 10.32% 10/15/2024 9/30/2027","4","505","% of Net Assets","0.53"
"SRC042","186","16","Inc. ............ (4)(7)(10) SOFR +4.75% 8.71% 4/3/2024 4/3/2030","1","403","Amount/ Units (1)","126,384"
"SRC042","186","16","Inc. ............ (4)(7)(10) SOFR +4.75% 8.71% 4/3/2024 4/3/2030","2","439","Cost (3)","125,525"
"SRC042","186","16","Inc. ............ (4)(7)(10) SOFR +4.75% 8.71% 4/3/2024 4/3/2030","3","473","Fair Value","126,384"
"SRC042","186","16","Inc. ............ (4)(7)(10) SOFR +4.75% 8.71% 4/3/2024 4/3/2030","4","505","% of Net Assets","2.02"
"SRC042","186","17","Shelf Bidco, Ltd. ... (4)(6)(10)(18) SOFR +5.18% 9.06% 10/17/2024 10/17/2031","1","403","Amount/ Units (1)","148,382"
"SRC042","186","17","Shelf Bidco, Ltd. ... (4)(6)(10)(18) SOFR +5.18% 9.06% 10/17/2024 10/17/2031","2","439","Cost (3)","147,768"
"SRC042","186","17","Shelf Bidco, Ltd. ... (4)(6)(10)(18) SOFR +5.18% 9.06% 10/17/2024 10/17/2031","3","473","Fair Value","148,382"
"SRC042","186","17","Shelf Bidco, Ltd. ... (4)(6)(10)(18) SOFR +5.18% 9.06% 10/17/2024 10/17/2031","4","505","% of Net Assets","2.38"
"SRC042","186","18","Holdings, Inc. ... (4)(5)(6)(7)(10) SOFR +4.75% 8.42% 12/31/2024 12/31/2031","1","403","Amount/ Units (1)","9,030"
"SRC042","186","18","Holdings, Inc. ... (4)(5)(6)(7)(10) SOFR +4.75% 8.42% 12/31/2024 12/31/2031","2","439","Cost (3)","8,941"
"SRC042","186","18","Holdings, Inc. ... (4)(5)(6)(7)(10) SOFR +4.75% 8.42% 12/31/2024 12/31/2031","3","473","Fair Value","9,019"
"SRC042","186","18","Holdings, Inc. ... (4)(5)(6)(7)(10) SOFR +4.75% 8.42% 12/31/2024 12/31/2031","4","505","% of Net Assets","0.14"
"SRC042","186","19","Ltd. ........... (4)(5)(6)(8) S +6.00% 9.72% 9/25/2024 9/25/2031 GBP","1","403","Amount/ Units (1)","17,779"
"SRC042","186","19","Ltd. ........... (4)(5)(6)(8) S +6.00% 9.72% 9/25/2024 9/25/2031 GBP","2","439","Cost (3)","23,468"
"SRC042","186","19","Ltd. ........... (4)(5)(6)(8) S +6.00% 9.72% 9/25/2024 9/25/2031 GBP","3","473","Fair Value","23,965"
"SRC042","186","19","Ltd. ........... (4)(5)(6)(8) S +6.00% 9.72% 9/25/2024 9/25/2031 GBP","4","505","% of Net Assets","0.38"
"SRC042","186","20","Ltd. ........... (4)(5)(6)(8) E +6.00% 7.85% 9/25/2024 9/25/2031 EUR","1","403","Amount/ Units (1)","470"
"SRC042","186","20","Ltd. ........... (4)(5)(6)(8) E +6.00% 7.85% 9/25/2024 9/25/2031 EUR","2","439","Cost (3)","526"
"SRC042","186","20","Ltd. ........... (4)(5)(6)(8) E +6.00% 7.85% 9/25/2024 9/25/2031 EUR","3","473","Fair Value","552"
"SRC042","186","20","Ltd. ........... (4)(5)(6)(8) E +6.00% 7.85% 9/25/2024 9/25/2031 EUR","4","505","% of Net Assets","0.01"
"SRC042","186","21","LLC ........... (4)(5)(6)(8) 7.80% 7.80% 10/11/2024 10/20/2039","1","403","Amount/ Units (1)","4,752"
"SRC042","186","21","LLC ........... (4)(5)(6)(8) 7.80% 7.80% 10/11/2024 10/20/2039","2","439","Cost (3)","4,717"
"SRC042","186","21","LLC ........... (4)(5)(6)(8) 7.80% 7.80% 10/11/2024 10/20/2039","3","473","Fair Value","4,752"
"SRC042","186","21","LLC ........... (4)(5)(6)(8) 7.80% 7.80% 10/11/2024 10/20/2039","4","505","% of Net Assets","0.08"
"SRC042","186","22","Limited ........ (4)(6)(8) SOFR +5.25% PIK) 7/1/2024 7/1/2031","1","403","Amount/ Units (1)","84,934"
"SRC042","186","22","Limited ........ (4)(6)(8) SOFR +5.25% PIK) 7/1/2024 7/1/2031","2","439","Cost (3)","83,535"
"SRC042","186","22","Limited ........ (4)(6)(8) SOFR +5.25% PIK) 7/1/2024 7/1/2031","3","473","Fair Value","84,934"
"SRC042","186","22","Limited ........ (4)(6)(8) SOFR +5.25% PIK) 7/1/2024 7/1/2031","4","505","% of Net Assets","1.36"
"SRC042","186","23","Limited ........ (4)(5)(6)(8) SOFR +5.25% PIK) 7/1/2024 7/1/2031","1","403","Amount/ Units (1)","19,750"
"SRC042","186","23","Limited ........ (4)(5)(6)(8) SOFR +5.25% PIK) 7/1/2024 7/1/2031","2","439","Cost (3)","19,656"
"SRC042","186","23","Limited ........ (4)(5)(6)(8) SOFR +5.25% PIK) 7/1/2024 7/1/2031","3","473","Fair Value","19,750"
"SRC042","186","23","Limited ........ (4)(5)(6)(8) SOFR +5.25% PIK) 7/1/2024 7/1/2031","4","505","% of Net Assets","0.32"
"SRC042","186","24","Limited ........ (4)(5)(6)(8) S +5.25% PIK) 7/1/2024 7/1/2031 GBP","1","403","Amount/ Units (1)","45,824"
"SRC042","186","24","Limited ........ (4)(5)(6)(8) S +5.25% PIK) 7/1/2024 7/1/2031 GBP","2","439","Cost (3)","62,000"
"SRC042","186","24","Limited ........ (4)(5)(6)(8) S +5.25% PIK) 7/1/2024 7/1/2031 GBP","3","473","Fair Value","61,768"
"SRC042","186","24","Limited ........ (4)(5)(6)(8) S +5.25% PIK) 7/1/2024 7/1/2031 GBP","4","505","% of Net Assets","0.99"
"SRC042","187","1","Limited ........ (4)(5)(6)(8) S +5.25% PIK) 7/1/2024 7/1/2031 GBP","1","403","Amount/ Units (1)","3,455"
"SRC042","187","1","Limited ........ (4)(5)(6)(8) S +5.25% PIK) 7/1/2024 7/1/2031 GBP","2","439","Cost (3)","4,346"
"SRC042","187","1","Limited ........ (4)(5)(6)(8) S +5.25% PIK) 7/1/2024 7/1/2031 GBP","3","474","Fair Value","4,657"
"SRC042","187","1","Limited ........ (4)(5)(6)(8) S +5.25% PIK) 7/1/2024 7/1/2031 GBP","4","505","% of Net Assets","0.07%"
"SRC042","187","2","Limited ........ (4)(5)(6)(8) E +5.25% PIK) 7/1/2024 7/1/2031 EUR","1","403","Amount/ Units (1)","1,916"
"SRC042","187","2","Limited ........ (4)(5)(6)(8) E +5.25% PIK) 7/1/2024 7/1/2031 EUR","2","439","Cost (3)","2,020"
"SRC042","187","2","Limited ........ (4)(5)(6)(8) E +5.25% PIK) 7/1/2024 7/1/2031 EUR","3","474","Fair Value","2,252"
"SRC042","187","2","Limited ........ (4)(5)(6)(8) E +5.25% PIK) 7/1/2024 7/1/2031 EUR","4","505","% of Net Assets","0.04"
"SRC042","187","3","Limited ........ (4)(5)(6)(8) E +5.25% PIK) 7/1/2024 7/1/2031 EUR","1","403","Amount/ Units (1)","9,407"
"SRC042","187","3","Limited ........ (4)(5)(6)(8) E +5.25% PIK) 7/1/2024 7/1/2031 EUR","2","439","Cost (3)","10,809"
"SRC042","187","3","Limited ........ (4)(5)(6)(8) E +5.25% PIK) 7/1/2024 7/1/2031 EUR","3","474","Fair Value","11,056"
"SRC042","187","3","Limited ........ (4)(5)(6)(8) E +5.25% PIK) 7/1/2024 7/1/2031 EUR","4","505","% of Net Assets","0.18"
"SRC042","187","4","Limited ........ (4)(5)(6)(8) SOFR +5.25% 8.85% 5/9/2025 7/1/2031 $","1","403","Amount/ Units (1)","6,639"
"SRC042","187","4","Limited ........ (4)(5)(6)(8) SOFR +5.25% 8.85% 5/9/2025 7/1/2031 $","2","439","Cost (3)","6,606"
"SRC042","187","4","Limited ........ (4)(5)(6)(8) SOFR +5.25% 8.85% 5/9/2025 7/1/2031 $","3","474","Fair Value","6,639"
"SRC042","187","4","Limited ........ (4)(5)(6)(8) SOFR +5.25% 8.85% 5/9/2025 7/1/2031 $","4","505","% of Net Assets","0.11"
"SRC042","187","5","Limited ........ (4)(5)(6)(7)(8) S +5.25% 9.47% 5/9/2025 7/1/2031 GBP","1","403","Amount/ Units (1)","380"
"SRC042","187","5","Limited ........ (4)(5)(6)(7)(8) S +5.25% 9.47% 5/9/2025 7/1/2031 GBP","2","439","Cost (3)","547"
"SRC042","187","5","Limited ........ (4)(5)(6)(7)(8) S +5.25% 9.47% 5/9/2025 7/1/2031 GBP","3","474","Fair Value","512"
"SRC042","187","5","Limited ........ (4)(5)(6)(7)(8) S +5.25% 9.47% 5/9/2025 7/1/2031 GBP","4","505","% of Net Assets","0.01"
"SRC042","187","6","Limited ........ (4)(5)(6)(8) E +5.25% 7.30% 5/9/2025 7/1/2031 EUR","1","403","Amount/ Units (1)","3,563"
"SRC042","187","6","Limited ........ (4)(5)(6)(8) E +5.25% 7.30% 5/9/2025 7/1/2031 EUR","2","439","Cost (3)","4,172"
"SRC042","187","6","Limited ........ (4)(5)(6)(8) E +5.25% 7.30% 5/9/2025 7/1/2031 EUR","3","474","Fair Value","4,187"
"SRC042","187","6","Limited ........ (4)(5)(6)(8) E +5.25% 7.30% 5/9/2025 7/1/2031 EUR","4","505","% of Net Assets","0.07"
"SRC042","187","7","LLC ........... (4)(5)(10) SOFR +4.75% 8.47% 10/31/2024 10/31/2031","1","403","Amount/ Units (1)","11,565"
"SRC042","187","7","LLC ........... (4)(5)(10) SOFR +4.75% 8.47% 10/31/2024 10/31/2031","2","439","Cost (3)","11,469"
"SRC042","187","7","LLC ........... (4)(5)(10) SOFR +4.75% 8.47% 10/31/2024 10/31/2031","3","474","Fair Value","11,565"
"SRC042","187","7","LLC ........... (4)(5)(10) SOFR +4.75% 8.47% 10/31/2024 10/31/2031","4","505","% of Net Assets","0.19"
"SRC042","187","8","LLC ........... (4)(5)(7)(10) SOFR +4.75% 8.47% 10/31/2024 10/31/2031","1","403","Amount/ Units (1)","924"
"SRC042","187","8","LLC ........... (4)(5)(7)(10) SOFR +4.75% 8.47% 10/31/2024 10/31/2031","2","439","Cost (3)","899"
"SRC042","187","8","LLC ........... (4)(5)(7)(10) SOFR +4.75% 8.47% 10/31/2024 10/31/2031","3","474","Fair Value","924"
"SRC042","187","8","LLC ........... (4)(5)(7)(10) SOFR +4.75% 8.47% 10/31/2024 10/31/2031","4","505","% of Net Assets","0.01"
"SRC042","187","9","LLC ........... (4)(7)(11) SOFR +5.00% 8.67% 2/14/2025 4/3/2030","1","403","Amount/ Units (1)","93,891"
"SRC042","187","9","LLC ........... (4)(7)(11) SOFR +5.00% 8.67% 2/14/2025 4/3/2030","2","439","Cost (3)","92,805"
"SRC042","187","9","LLC ........... (4)(7)(11) SOFR +5.00% 8.67% 2/14/2025 4/3/2030","3","474","Fair Value","93,825"
"SRC042","187","9","LLC ........... (4)(7)(11) SOFR +5.00% 8.67% 2/14/2025 4/3/2030","4","505","% of Net Assets","1.50"
"SRC042","187","10","Inc. ............ (4)(5)(7)(11) SOFR+5.25% 9.02% 8/28/2024 10/29/2027","1","403","Amount/ Units (1)","2,651"
"SRC042","187","10","Inc. ............ (4)(5)(7)(11) SOFR+5.25% 9.02% 8/28/2024 10/29/2027","2","439","Cost (3)","2,625"
"SRC042","187","10","Inc. ............ (4)(5)(7)(11) SOFR+5.25% 9.02% 8/28/2024 10/29/2027","3","474","Fair Value","2,546"
"SRC042","187","10","Inc. ............ (4)(5)(7)(11) SOFR+5.25% 9.02% 8/28/2024 10/29/2027","4","505","% of Net Assets","0.04"
"SRC042","187","11","Inc. ............ (4)(5)(11) SOFR+5.25% 9.02% 8/28/2024 10/29/2027","1","403","Amount/ Units (1)","2,182"
"SRC042","187","11","Inc. ............ (4)(5)(11) SOFR+5.25% 9.02% 8/28/2024 10/29/2027","2","439","Cost (3)","2,163"
"SRC042","187","11","Inc. ............ (4)(5)(11) SOFR+5.25% 9.02% 8/28/2024 10/29/2027","3","474","Fair Value","2,105"
"SRC042","187","11","Inc. ............ (4)(5)(11) SOFR+5.25% 9.02% 8/28/2024 10/29/2027","4","505","% of Net Assets","0.03"
"SRC042","187","12","Inc. ............ (4)(5)(11) SOFR+5.25% 9.02% 8/28/2024 10/29/2027","1","403","Amount/ Units (1)","1,277"
"SRC042","187","12","Inc. ............ (4)(5)(11) SOFR+5.25% 9.02% 8/28/2024 10/29/2027","2","439","Cost (3)","1,266"
"SRC042","187","12","Inc. ............ (4)(5)(11) SOFR+5.25% 9.02% 8/28/2024 10/29/2027","3","474","Fair Value","1,233"
"SRC042","187","12","Inc. ............ (4)(5)(11) SOFR+5.25% 9.02% 8/28/2024 10/29/2027","4","505","% of Net Assets","0.02"
"SRC042","187","13","Inc. ............ (4)(5)(11) SOFR+5.25% 9.28% 8/28/2024 10/29/2027","1","403","Amount/ Units (1)","544"
"SRC042","187","13","Inc. ............ (4)(5)(11) SOFR+5.25% 9.28% 8/28/2024 10/29/2027","2","439","Cost (3)","539"
"SRC042","187","13","Inc. ............ (4)(5)(11) SOFR+5.25% 9.28% 8/28/2024 10/29/2027","3","474","Fair Value","525"
"SRC042","187","13","Inc. ............ (4)(5)(11) SOFR+5.25% 9.28% 8/28/2024 10/29/2027","4","505","% of Net Assets","0.01"
"SRC042","187","14","Inc. ............ (4)(5)(7)(11) SOFR+5.25% 9.02% 8/28/2024 10/29/2027","1","403","Amount/ Units (1)","785"
"SRC042","187","14","Inc. ............ (4)(5)(7)(11) SOFR+5.25% 9.02% 8/28/2024 10/29/2027","2","439","Cost (3)","759"
"SRC042","187","14","Inc. ............ (4)(5)(7)(11) SOFR+5.25% 9.02% 8/28/2024 10/29/2027","3","474","Fair Value","599"
"SRC042","187","14","Inc. ............ (4)(5)(7)(11) SOFR+5.25% 9.02% 8/28/2024 10/29/2027","4","505","% of Net Assets","0.01"
"SRC042","187","15","Inc. ............ (4)(5)(11) SOFR+5.25% 9.02% 8/28/2024 10/29/2027","1","403","Amount/ Units (1)","632"
"SRC042","187","15","Inc. ............ (4)(5)(11) SOFR+5.25% 9.02% 8/28/2024 10/29/2027","2","439","Cost (3)","627"
"SRC042","187","15","Inc. ............ (4)(5)(11) SOFR+5.25% 9.02% 8/28/2024 10/29/2027","3","474","Fair Value","610"
"SRC042","187","15","Inc. ............ (4)(5)(11) SOFR+5.25% 9.02% 8/28/2024 10/29/2027","4","505","% of Net Assets","0.01"
"SRC042","187","16","Inc. ............ (4)(5)(11) SOFR+5.25% 9.21% 8/28/2024 10/29/2027","1","403","Amount/ Units (1)","3,892"
"SRC042","187","16","Inc. ............ (4)(5)(11) SOFR+5.25% 9.21% 8/28/2024 10/29/2027","2","439","Cost (3)","3,858"
"SRC042","187","16","Inc. ............ (4)(5)(11) SOFR+5.25% 9.21% 8/28/2024 10/29/2027","3","474","Fair Value","3,756"
"SRC042","187","16","Inc. ............ (4)(5)(11) SOFR+5.25% 9.21% 8/28/2024 10/29/2027","4","505","% of Net Assets","0.06"
"SRC042","187","17","GmbH ......... (4)(6)(7)(8) E+2.50% 4.56% 10/17/2024 6/10/2031 EUR","1","403","Amount/ Units (1)","102"
"SRC042","187","17","GmbH ......... (4)(6)(7)(8) E+2.50% 4.56% 10/17/2024 6/10/2031 EUR","2","439","Cost (3)","82"
"SRC042","187","17","GmbH ......... (4)(6)(7)(8) E+2.50% 4.56% 10/17/2024 6/10/2031 EUR","3","474","Fair Value","117"
"SRC042","187","17","GmbH ......... (4)(6)(7)(8) E+2.50% 4.56% 10/17/2024 6/10/2031 EUR","4","505","% of Net Assets","0.00"
"SRC042","187","18","S.à r.l. ......... (4)(5)(8) 9.75% PIK 12/13/2021 12/21/2029","1","403","Amount/ Units (1)","1,172"
"SRC042","187","18","S.à r.l. ......... (4)(5)(8) 9.75% PIK 12/13/2021 12/21/2029","2","439","Cost (3)","1,162"
"SRC042","187","18","S.à r.l. ......... (4)(5)(8) 9.75% PIK 12/13/2021 12/21/2029","3","474","Fair Value","1,166"
"SRC042","187","18","S.à r.l. ......... (4)(5)(8) 9.75% PIK 12/13/2021 12/21/2029","4","505","% of Net Assets","0.02"
"SRC042","187","19","Inc. ............ (4)(7)(10) SOFR+4.75% 8.36% 5/21/2024 12/21/2028","1","403","Amount/ Units (1)","7,531"
"SRC042","187","19","Inc. ............ (4)(7)(10) SOFR+4.75% 8.36% 5/21/2024 12/21/2028","2","439","Cost (3)","7,473"
"SRC042","187","19","Inc. ............ (4)(7)(10) SOFR+4.75% 8.36% 5/21/2024 12/21/2028","3","474","Fair Value","7,531"
"SRC042","187","19","Inc. ............ (4)(7)(10) SOFR+4.75% 8.36% 5/21/2024 12/21/2028","4","505","% of Net Assets","0.12"
"SRC042","187","20","LLC ........... (4)(5)(7)(11) SOFR+5.00% 8.84% 5/2/2023 5/2/2030","1","403","Amount/ Units (1)","1,564"
"SRC042","187","20","LLC ........... (4)(5)(7)(11) SOFR+5.00% 8.84% 5/2/2023 5/2/2030","2","439","Cost (3)","1,531"
"SRC042","187","20","LLC ........... (4)(5)(7)(11) SOFR+5.00% 8.84% 5/2/2023 5/2/2030","3","474","Fair Value","1,557"
"SRC042","187","20","LLC ........... (4)(5)(7)(11) SOFR+5.00% 8.84% 5/2/2023 5/2/2030","4","505","% of Net Assets","0.02"
"SRC042","187","21","Cassipoee, SASU .. (4)(5)(6)(8) E+4.50% 6.52% 2/26/2025 2/26/2032 EUR","1","403","Amount/ Units (1)","160"
"SRC042","187","21","Cassipoee, SASU .. (4)(5)(6)(8) E+4.50% 6.52% 2/26/2025 2/26/2032 EUR","2","439","Cost (3)","165"
"SRC042","187","21","Cassipoee, SASU .. (4)(5)(6)(8) E+4.50% 6.52% 2/26/2025 2/26/2032 EUR","3","474","Fair Value","184"
"SRC042","187","21","Cassipoee, SASU .. (4)(5)(6)(8) E+4.50% 6.52% 2/26/2025 2/26/2032 EUR","4","505","% of Net Assets","0.00"
"SRC042","188","1","LLC ........... (4)(5)(7)(10) SOFR+4.75% 8.59% 8/26/2025 8/26/2032 $","1","401","Amount/ Units (1)","16,921"
"SRC042","188","1","LLC ........... (4)(5)(7)(10) SOFR+4.75% 8.59% 8/26/2025 8/26/2032 $","2","435","Cost (3)","16,754"
"SRC042","188","1","LLC ........... (4)(5)(7)(10) SOFR+4.75% 8.59% 8/26/2025 8/26/2032 $","3","471","Fair Value","16,800"
"SRC042","188","1","LLC ........... (4)(5)(7)(10) SOFR+4.75% 8.59% 8/26/2025 8/26/2032 $","4","505","% of Net Assets","0.27%"
"SRC042","188","2","Fern Bidco, Ltd. ... (4)(5)(6)(8) S+5.25% 9.09% 7/1/2024 7/1/2031 GBP","1","401","Amount/ Units (1)","20,317"
"SRC042","188","2","Fern Bidco, Ltd. ... (4)(5)(6)(8) S+5.25% 9.09% 7/1/2024 7/1/2031 GBP","2","435","Cost (3)","25,284"
"SRC042","188","2","Fern Bidco, Ltd. ... (4)(5)(6)(8) S+5.25% 9.09% 7/1/2024 7/1/2031 GBP","3","471","Fair Value","26,908"
"SRC042","188","2","Fern Bidco, Ltd. ... (4)(5)(6)(8) S+5.25% 9.09% 7/1/2024 7/1/2031 GBP","4","505","% of Net Assets","0.43"
"SRC042","188","3","Fern Bidco, Ltd. ... (4)(5)(6)(7)(8) S+5.25% 8.97% 7/1/2024 7/1/2031 GBP","1","401","Amount/ Units (1)","2,222"
"SRC042","188","3","Fern Bidco, Ltd. ... (4)(5)(6)(7)(8) S+5.25% 8.97% 7/1/2024 7/1/2031 GBP","2","435","Cost (3)","2,688"
"SRC042","188","3","Fern Bidco, Ltd. ... (4)(5)(6)(7)(8) S+5.25% 8.97% 7/1/2024 7/1/2031 GBP","3","471","Fair Value","2,756"
"SRC042","188","3","Fern Bidco, Ltd. ... (4)(5)(6)(7)(8) S+5.25% 8.97% 7/1/2024 7/1/2031 GBP","4","505","% of Net Assets","0.04"
"SRC042","188","4","Corporation ..... (4)(5)(10) SOFR+5.75% 9.57% 4/1/2022 4/1/2028","1","401","Amount/ Units (1)","4,825"
"SRC042","188","4","Corporation ..... (4)(5)(10) SOFR+5.75% 9.57% 4/1/2022 4/1/2028","2","435","Cost (3)","4,789"
"SRC042","188","4","Corporation ..... (4)(5)(10) SOFR+5.75% 9.57% 4/1/2022 4/1/2028","3","471","Fair Value","4,270"
"SRC042","188","4","Corporation ..... (4)(5)(10) SOFR+5.75% 9.57% 4/1/2022 4/1/2028","4","505","% of Net Assets","0.07"
"SRC042","188","5","Inc. ............ (4)(10) SOFR+5.50% PIK) 4/11/2025 11/24/2028","1","401","Amount/ Units (1)","184,968"
"SRC042","188","5","Inc. ............ (4)(10) SOFR+5.50% PIK) 4/11/2025 11/24/2028","2","435","Cost (3)","182,969"
"SRC042","188","5","Inc. ............ (4)(10) SOFR+5.50% PIK) 4/11/2025 11/24/2028","3","471","Fair Value","184,968"
"SRC042","188","5","Inc. ............ (4)(10) SOFR+5.50% PIK) 4/11/2025 11/24/2028","4","505","% of Net Assets","2.96"
"SRC042","188","6","KEN Bidco, Ltd. ... (4)(5)(6)(10) S+6.00% PIK) 5/3/2024 10/14/2028 GBP","1","401","Amount/ Units (1)","9,574"
"SRC042","188","6","KEN Bidco, Ltd. ... (4)(5)(6)(10) S+6.00% PIK) 5/3/2024 10/14/2028 GBP","2","435","Cost (3)","11,825"
"SRC042","188","6","KEN Bidco, Ltd. ... (4)(5)(6)(10) S+6.00% PIK) 5/3/2024 10/14/2028 GBP","3","471","Fair Value","10,421"
"SRC042","188","6","KEN Bidco, Ltd. ... (4)(5)(6)(10) S+6.00% PIK) 5/3/2024 10/14/2028 GBP","4","505","% of Net Assets","0.17"
"SRC042","188","7","S.à r.l. ......... (4)(5)(6)(8) ST+6.00% 7.85% 9/28/2022 9/28/2029 SEK","1","401","Amount/ Units (1)","2,090"
"SRC042","188","7","S.à r.l. ......... (4)(5)(6)(8) ST+6.00% 7.85% 9/28/2022 9/28/2029 SEK","2","435","Cost (3)","186"
"SRC042","188","7","S.à r.l. ......... (4)(5)(6)(8) ST+6.00% 7.85% 9/28/2022 9/28/2029 SEK","3","471","Fair Value","221"
"SRC042","188","7","S.à r.l. ......... (4)(5)(6)(8) ST+6.00% 7.85% 9/28/2022 9/28/2029 SEK","4","505","% of Net Assets","0.00"
"SRC042","188","8","S.à r.l. ......... (4)(5)(6)(8) E+6.00% 8.03% 9/28/2022 9/28/2029 EUR","1","401","Amount/ Units (1)","952"
"SRC042","188","8","S.à r.l. ......... (4)(5)(6)(8) E+6.00% 8.03% 9/28/2022 9/28/2029 EUR","2","435","Cost (3)","918"
"SRC042","188","8","S.à r.l. ......... (4)(5)(6)(8) E+6.00% 8.03% 9/28/2022 9/28/2029 EUR","3","471","Fair Value","1,091"
"SRC042","188","8","S.à r.l. ......... (4)(5)(6)(8) E+6.00% 8.03% 9/28/2022 9/28/2029 EUR","4","505","% of Net Assets","0.02"
"SRC042","188","9","S.à r.l. ......... (4)(5)(6)(8) CI+6.00% 7.98% 9/28/2022 9/28/2029 DKK","1","401","Amount/ Units (1)","4,819"
"SRC042","188","9","S.à r.l. ......... (4)(5)(6)(8) CI+6.00% 7.98% 9/28/2022 9/28/2029 DKK","2","435","Cost (3)","625"
"SRC042","188","9","S.à r.l. ......... (4)(5)(6)(8) CI+6.00% 7.98% 9/28/2022 9/28/2029 DKK","3","471","Fair Value","739"
"SRC042","188","9","S.à r.l. ......... (4)(5)(6)(8) CI+6.00% 7.98% 9/28/2022 9/28/2029 DKK","4","505","% of Net Assets","0.01"
"SRC042","188","10","S.à r.l. ......... (4)(5)(6)(9) N+6.00% 10.14% 9/28/2022 9/28/2029 NOK","1","401","Amount/ Units (1)","5,149"
"SRC042","188","10","S.à r.l. ......... (4)(5)(6)(9) N+6.00% 10.14% 9/28/2022 9/28/2029 NOK","2","435","Cost (3)","466"
"SRC042","188","10","S.à r.l. ......... (4)(5)(6)(9) N+6.00% 10.14% 9/28/2022 9/28/2029 NOK","3","471","Fair Value","498"
"SRC042","188","10","S.à r.l. ......... (4)(5)(6)(9) N+6.00% 10.14% 9/28/2022 9/28/2029 NOK","4","505","% of Net Assets","0.01"
"SRC042","188","11","Nephele III, BV .... (4)(5)(6)(7)(8) E+5.00% 7.00% 3/31/2025 1/14/2032 EUR","1","401","Amount/ Units (1)","267"
"SRC042","188","11","Nephele III, BV .... (4)(5)(6)(7)(8) E+5.00% 7.00% 3/31/2025 1/14/2032 EUR","2","435","Cost (3)","287"
"SRC042","188","11","Nephele III, BV .... (4)(5)(6)(7)(8) E+5.00% 7.00% 3/31/2025 1/14/2032 EUR","3","471","Fair Value","309"
"SRC042","188","11","Nephele III, BV .... (4)(5)(6)(7)(8) E+5.00% 7.00% 3/31/2025 1/14/2032 EUR","4","505","% of Net Assets","0.00"
"SRC042","188","12","LLC ........... (4)(10) SOFR+5.75% 9.67% 10/25/2021 10/25/2027","1","401","Amount/ Units (1)","18,885"
"SRC042","188","12","LLC ........... (4)(10) SOFR+5.75% 9.67% 10/25/2021 10/25/2027","2","435","Cost (3)","18,771"
"SRC042","188","12","LLC ........... (4)(10) SOFR+5.75% 9.67% 10/25/2021 10/25/2027","3","471","Fair Value","18,885"
"SRC042","188","12","LLC ........... (4)(10) SOFR+5.75% 9.67% 10/25/2021 10/25/2027","4","505","% of Net Assets","0.30"
"SRC042","188","13","LLC ........... (4)(11) SOFR+6.00% 9.99% 5/26/2021 5/26/2027","1","401","Amount/ Units (1)","78,331"
"SRC042","188","13","LLC ........... (4)(11) SOFR+6.00% 9.99% 5/26/2021 5/26/2027","2","435","Cost (3)","78,012"
"SRC042","188","13","LLC ........... (4)(11) SOFR+6.00% 9.99% 5/26/2021 5/26/2027","3","471","Fair Value","73,436"
"SRC042","188","13","LLC ........... (4)(11) SOFR+6.00% 9.99% 5/26/2021 5/26/2027","4","505","% of Net Assets","1.18"
"SRC042","188","14","LLC ........... (4)(5)(11) SOFR+6.00% 9.94% 12/1/2025 11/26/2028","1","401","Amount/ Units (1)","8,776"
"SRC042","188","14","LLC ........... (4)(5)(11) SOFR+6.00% 9.94% 12/1/2025 11/26/2028","2","435","Cost (3)","8,611"
"SRC042","188","14","LLC ........... (4)(5)(11) SOFR+6.00% 9.94% 12/1/2025 11/26/2028","3","471","Fair Value","8,228"
"SRC042","188","14","LLC ........... (4)(5)(11) SOFR+6.00% 9.94% 12/1/2025 11/26/2028","4","505","% of Net Assets","0.13"
"SRC042","188","15","Group, LLC ..... (4)(10) SOFR+5.25% 8.93% 1/3/2025 6/15/2029","1","401","Amount/ Units (1)","76,375"
"SRC042","188","15","Group, LLC ..... (4)(10) SOFR+5.25% 8.93% 1/3/2025 6/15/2029","2","435","Cost (3)","75,764"
"SRC042","188","15","Group, LLC ..... (4)(10) SOFR+5.25% 8.93% 1/3/2025 6/15/2029","3","471","Fair Value","76,375"
"SRC042","188","15","Group, LLC ..... (4)(10) SOFR+5.25% 8.93% 1/3/2025 6/15/2029","4","505","% of Net Assets","1.22"
"SRC042","188","16","Group, LLC ..... (4)(7)(10) SOFR+5.25% 8.93% 2/5/2024 6/15/2029","1","401","Amount/ Units (1)","98,566"
"SRC042","188","16","Group, LLC ..... (4)(7)(10) SOFR+5.25% 8.93% 2/5/2024 6/15/2029","2","435","Cost (3)","96,998"
"SRC042","188","16","Group, LLC ..... (4)(7)(10) SOFR+5.25% 8.93% 2/5/2024 6/15/2029","3","471","Fair Value","98,566"
"SRC042","188","16","Group, LLC ..... (4)(7)(10) SOFR+5.25% 8.93% 2/5/2024 6/15/2029","4","505","% of Net Assets","1.58"
"SRC042","188","17","Inc. ............ (4)(5)(6)(8) SOFR+6.00% PIK) 10/14/2021 10/14/2028","1","401","Amount/ Units (1)","9,113"
"SRC042","188","17","Inc. ............ (4)(5)(6)(8) SOFR+6.00% PIK) 10/14/2021 10/14/2028","2","435","Cost (3)","8,958"
"SRC042","188","17","Inc. ............ (4)(5)(6)(8) SOFR+6.00% PIK) 10/14/2021 10/14/2028","3","471","Fair Value","7,359"
"SRC042","188","17","Inc. ............ (4)(5)(6)(8) SOFR+6.00% PIK) 10/14/2021 10/14/2028","4","505","% of Net Assets","0.12"
"SRC042","188","18","Inc. ............ (4)(5)(6)(8) SOFR+6.00% PIK) 10/14/2021 10/14/2028","1","401","Amount/ Units (1)","4,531"
"SRC042","188","18","Inc. ............ (4)(5)(6)(8) SOFR+6.00% PIK) 10/14/2021 10/14/2028","2","435","Cost (3)","4,483"
"SRC042","188","18","Inc. ............ (4)(5)(6)(8) SOFR+6.00% PIK) 10/14/2021 10/14/2028","3","471","Fair Value","3,659"
"SRC042","188","18","Inc. ............ (4)(5)(6)(8) SOFR+6.00% PIK) 10/14/2021 10/14/2028","4","505","% of Net Assets","0.06"
"SRC042","188","19","Inc. ............ (4)(5)(6)(8) E+6.00% PIK) 10/14/2021 10/14/2028 EUR","1","401","Amount/ Units (1)","11,772"
"SRC042","188","19","Inc. ............ (4)(5)(6)(8) E+6.00% PIK) 10/14/2021 10/14/2028 EUR","2","435","Cost (3)","13,431"
"SRC042","188","19","Inc. ............ (4)(5)(6)(8) E+6.00% PIK) 10/14/2021 10/14/2028 EUR","3","471","Fair Value","11,171"
"SRC042","188","19","Inc. ............ (4)(5)(6)(8) E+6.00% PIK) 10/14/2021 10/14/2028 EUR","4","505","% of Net Assets","0.18"
"SRC042","188","20","Inc. ............ (4)(5)(6)(8) E +6.00% PIK) 10/14/2021 10/14/2028 EUR","1","401","Amount/ Units (1)","4,468"
"SRC042","188","20","Inc. ............ (4)(5)(6)(8) E +6.00% PIK) 10/14/2021 10/14/2028 EUR","2","435","Cost (3)","5,075"
"SRC042","188","20","Inc. ............ (4)(5)(6)(8) E +6.00% PIK) 10/14/2021 10/14/2028 EUR","3","471","Fair Value","4,240"
"SRC042","188","20","Inc. ............ (4)(5)(6)(8) E +6.00% PIK) 10/14/2021 10/14/2028 EUR","4","505","% of Net Assets","0.07"
"SRC042","188","21","Inc. ............ (4)(6)(10) SOFR+6.00% PIK) 5/3/2024 10/14/2028","1","401","Amount/ Units (1)","21,423"
"SRC042","188","21","Inc. ............ (4)(6)(10) SOFR+6.00% PIK) 5/3/2024 10/14/2028","2","435","Cost (3)","21,043"
"SRC042","188","21","Inc. ............ (4)(6)(10) SOFR+6.00% PIK) 5/3/2024 10/14/2028","3","471","Fair Value","17,299"
"SRC042","188","21","Inc. ............ (4)(6)(10) SOFR+6.00% PIK) 5/3/2024 10/14/2028","4","505","% of Net Assets","0.28"
"SRC042","188","22","Inc. ............ (4)(5)(6)(10) S+6.00% PIK) 5/3/2024 10/14/2028 GBP","1","401","Amount/ Units (1)","16,094"
"SRC042","188","22","Inc. ............ (4)(5)(6)(10) S+6.00% PIK) 5/3/2024 10/14/2028 GBP","2","435","Cost (3)","19,876"
"SRC042","188","22","Inc. ............ (4)(5)(6)(10) S+6.00% PIK) 5/3/2024 10/14/2028 GBP","3","471","Fair Value","17,518"
"SRC042","188","22","Inc. ............ (4)(5)(6)(10) S+6.00% PIK) 5/3/2024 10/14/2028 GBP","4","505","% of Net Assets","0.28"
"SRC042","188","23","Cambrex Corp. .... (4)(7)(10) SOFR+4.50% 8.22% 3/5/2025 3/5/2032","1","401","Amount/ Units (1)","22,373"
"SRC042","188","23","Cambrex Corp. .... (4)(7)(10) SOFR+4.50% 8.22% 3/5/2025 3/5/2032","2","435","Cost (3)","22,137"
"SRC042","188","23","Cambrex Corp. .... (4)(7)(10) SOFR+4.50% 8.22% 3/5/2025 3/5/2032","3","471","Fair Value","22,105"
"SRC042","188","23","Cambrex Corp. .... (4)(7)(10) SOFR+4.50% 8.22% 3/5/2025 3/5/2032","4","505","% of Net Assets","0.35"
"SRC042","188","24","Creek Parent, Inc. .. (4)(7)(10) SOFR+5.00% 8.73% 12/17/2024 12/18/2031","1","401","Amount/ Units (1)","68,283"
"SRC042","188","24","Creek Parent, Inc. .. (4)(7)(10) SOFR+5.00% 8.73% 12/17/2024 12/18/2031","2","435","Cost (3)","67,117"
"SRC042","188","24","Creek Parent, Inc. .. (4)(7)(10) SOFR+5.00% 8.73% 12/17/2024 12/18/2031","3","471","Fair Value","67,597"
"SRC042","188","24","Creek Parent, Inc. .. (4)(7)(10) SOFR+5.00% 8.73% 12/17/2024 12/18/2031","4","505","% of Net Assets","1.08"
"SRC042","188","25","Holdings, Inc. ... (4)(7)(10) SOFR+5.00% 8.89% 11/6/2024 11/6/2031","1","401","Amount/ Units (1)","28,209"
"SRC042","188","25","Holdings, Inc. ... (4)(7)(10) SOFR+5.00% 8.89% 11/6/2024 11/6/2031","2","435","Cost (3)","27,946"
"SRC042","188","25","Holdings, Inc. ... (4)(7)(10) SOFR+5.00% 8.89% 11/6/2024 11/6/2031","3","471","Fair Value","27,963"
"SRC042","188","25","Holdings, Inc. ... (4)(7)(10) SOFR+5.00% 8.89% 11/6/2024 11/6/2031","4","505","% of Net Assets","0.45"
"SRC042","188","26","PAS Parent, Inc. ... (4)(5)(7)(10) SOFR+4.50% 8.42% 8/18/2025 8/18/2032","1","401","Amount/ Units (1)","465"
"SRC042","188","26","PAS Parent, Inc. ... (4)(5)(7)(10) SOFR+4.50% 8.42% 8/18/2025 8/18/2032","2","435","Cost (3)","454"
"SRC042","188","26","PAS Parent, Inc. ... (4)(5)(7)(10) SOFR+4.50% 8.42% 8/18/2025 8/18/2032","3","471","Fair Value","454"
"SRC042","188","26","PAS Parent, Inc. ... (4)(5)(7)(10) SOFR+4.50% 8.42% 8/18/2025 8/18/2032","4","505","% of Net Assets","0.01"
"SRC042","189","1","Bidco 76 S.p.A. .... (4)(6)(8) E +4.75% 6.87% 12/11/2024 12/10/2031 EUR","1","403","Amount/ Units (1)","22,008"
"SRC042","189","1","Bidco 76 S.p.A. .... (4)(6)(8) E +4.75% 6.87% 12/11/2024 12/10/2031 EUR","2","439","Cost (3)","22,772"
"SRC042","189","1","Bidco 76 S.p.A. .... (4)(6)(8) E +4.75% 6.87% 12/11/2024 12/10/2031 EUR","3","474","Fair Value","25,863"
"SRC042","189","1","Bidco 76 S.p.A. .... (4)(6)(8) E +4.75% 6.87% 12/11/2024 12/10/2031 EUR","4","505","% of Net Assets","0.41%"
"SRC042","189","2","Cielo Bidco, Ltd. ... (4)(5)(6)(8) S +4.75% 8.47% 6/30/2025 3/31/2032 GBP","1","403","Amount/ Units (1)","151"
"SRC042","189","2","Cielo Bidco, Ltd. ... (4)(5)(6)(8) S +4.75% 8.47% 6/30/2025 3/31/2032 GBP","2","439","Cost (3)","206"
"SRC042","189","2","Cielo Bidco, Ltd. ... (4)(5)(6)(8) S +4.75% 8.47% 6/30/2025 3/31/2032 GBP","3","474","Fair Value","204"
"SRC042","189","2","Cielo Bidco, Ltd. ... (4)(5)(6)(8) S +4.75% 8.47% 6/30/2025 3/31/2032 GBP","4","505","% of Net Assets","0.00"
"SRC042","189","3","Cielo Bidco, Ltd. ... (4)(5)(6)(7)(8) E +4.75% 6.68% 6/30/2025 3/31/2032 EUR","1","403","Amount/ Units (1)","69"
"SRC042","189","3","Cielo Bidco, Ltd. ... (4)(5)(6)(7)(8) E +4.75% 6.68% 6/30/2025 3/31/2032 EUR","2","439","Cost (3)","80"
"SRC042","189","3","Cielo Bidco, Ltd. ... (4)(5)(6)(7)(8) E +4.75% 6.68% 6/30/2025 3/31/2032 EUR","3","474","Fair Value","81"
"SRC042","189","3","Cielo Bidco, Ltd. ... (4)(5)(6)(7)(8) E +4.75% 6.68% 6/30/2025 3/31/2032 EUR","4","505","% of Net Assets","0.00"
"SRC042","189","4","Cielo Bidco, Ltd. ... (4)(5)(6)(8) SOFR+4.75% 8.41% 6/30/2025 3/31/2032 $","1","403","Amount/ Units (1)","76"
"SRC042","189","4","Cielo Bidco, Ltd. ... (4)(5)(6)(8) SOFR+4.75% 8.41% 6/30/2025 3/31/2032 $","2","439","Cost (3)","75"
"SRC042","189","4","Cielo Bidco, Ltd. ... (4)(5)(6)(8) SOFR+4.75% 8.41% 6/30/2025 3/31/2032 $","3","474","Fair Value","76"
"SRC042","189","4","Cielo Bidco, Ltd. ... (4)(5)(6)(8) SOFR+4.75% 8.41% 6/30/2025 3/31/2032 $","4","505","% of Net Assets","0.00"
"SRC042","189","5","Cielo Bidco, Ltd. ... (4)(5)(6)(7)(8) SOFR+4.75% 8.62% 6/30/2025 3/31/2032","1","403","Amount/ Units (1)","44"
"SRC042","189","5","Cielo Bidco, Ltd. ... (4)(5)(6)(7)(8) SOFR+4.75% 8.62% 6/30/2025 3/31/2032","2","439","Cost (3)","42"
"SRC042","189","5","Cielo Bidco, Ltd. ... (4)(5)(6)(7)(8) SOFR+4.75% 8.62% 6/30/2025 3/31/2032","3","474","Fair Value","44"
"SRC042","189","5","Cielo Bidco, Ltd. ... (4)(5)(6)(7)(8) SOFR+4.75% 8.62% 6/30/2025 3/31/2032","4","505","% of Net Assets","0.00"
"SRC042","189","6","Holdings, LLC .. (4)(5)(7)(11) SOFR+6.00% 9.99% 7/21/2021 7/21/2027","1","403","Amount/ Units (1)","1,964"
"SRC042","189","6","Holdings, LLC .. (4)(5)(7)(11) SOFR+6.00% 9.99% 7/21/2021 7/21/2027","2","439","Cost (3)","1,953"
"SRC042","189","6","Holdings, LLC .. (4)(5)(7)(11) SOFR+6.00% 9.99% 7/21/2021 7/21/2027","3","474","Fair Value","1,927"
"SRC042","189","6","Holdings, LLC .. (4)(5)(7)(11) SOFR+6.00% 9.99% 7/21/2021 7/21/2027","4","505","% of Net Assets","0.03"
"SRC042","189","7","Holdings, LLC .. (4)(5)(11) SOFR+6.25% 10.24% 8/30/2022 7/21/2027","1","403","Amount/ Units (1)","76"
"SRC042","189","7","Holdings, LLC .. (4)(5)(11) SOFR+6.25% 10.24% 8/30/2022 7/21/2027","2","439","Cost (3)","75"
"SRC042","189","7","Holdings, LLC .. (4)(5)(11) SOFR+6.25% 10.24% 8/30/2022 7/21/2027","3","474","Fair Value","75"
"SRC042","189","7","Holdings, LLC .. (4)(5)(11) SOFR+6.25% 10.24% 8/30/2022 7/21/2027","4","505","% of Net Assets","0.00"
"SRC042","189","8","Holdings, LLC .. (4)(5)(11) SOFR+6.50% 10.49% 12/20/2022 7/21/2027","1","403","Amount/ Units (1)","76"
"SRC042","189","8","Holdings, LLC .. (4)(5)(11) SOFR+6.50% 10.49% 12/20/2022 7/21/2027","2","439","Cost (3)","76"
"SRC042","189","8","Holdings, LLC .. (4)(5)(11) SOFR+6.50% 10.49% 12/20/2022 7/21/2027","3","474","Fair Value","75"
"SRC042","189","8","Holdings, LLC .. (4)(5)(11) SOFR+6.50% 10.49% 12/20/2022 7/21/2027","4","505","% of Net Assets","0.00"
"SRC042","189","9","Inc. ............ (4)(5)(7)(10) SOFR+5.25% 9.12% 10/29/2021 10/29/2030","1","403","Amount/ Units (1)","1,247"
"SRC042","189","9","Inc. ............ (4)(5)(7)(10) SOFR+5.25% 9.12% 10/29/2021 10/29/2030","2","439","Cost (3)","1,223"
"SRC042","189","9","Inc. ............ (4)(5)(7)(10) SOFR+5.25% 9.12% 10/29/2021 10/29/2030","3","474","Fair Value","1,247"
"SRC042","189","9","Inc. ............ (4)(5)(7)(10) SOFR+5.25% 9.12% 10/29/2021 10/29/2030","4","505","% of Net Assets","0.02"
"SRC042","189","10","Inc. ............ (4)(10) SOFR+5.25% 9.07% 6/9/2025 10/29/2030","1","403","Amount/ Units (1)","25,216"
"SRC042","189","10","Inc. ............ (4)(10) SOFR+5.25% 9.07% 6/9/2025 10/29/2030","2","439","Cost (3)","25,039"
"SRC042","189","10","Inc. ............ (4)(10) SOFR+5.25% 9.07% 6/9/2025 10/29/2030","3","474","Fair Value","25,216"
"SRC042","189","10","Inc. ............ (4)(10) SOFR+5.25% 9.07% 6/9/2025 10/29/2030","4","505","% of Net Assets","0.40"
"SRC042","189","11","Bidco, AB ...... (4)(5)(6)(8) SOFR+5.50% 9.19% 3/20/2024 4/7/2031","1","403","Amount/ Units (1)","2,605"
"SRC042","189","11","Bidco, AB ...... (4)(5)(6)(8) SOFR+5.50% 9.19% 3/20/2024 4/7/2031","2","439","Cost (3)","2,556"
"SRC042","189","11","Bidco, AB ...... (4)(5)(6)(8) SOFR+5.50% 9.19% 3/20/2024 4/7/2031","3","474","Fair Value","2,605"
"SRC042","189","11","Bidco, AB ...... (4)(5)(6)(8) SOFR+5.50% 9.19% 3/20/2024 4/7/2031","4","505","% of Net Assets","0.04"
"SRC042","189","12","Bidco, AB ...... (4)(5)(6)(7)(8) E +5.50% 7.52% 3/20/2024 4/7/2031 EUR","1","403","Amount/ Units (1)","29,819"
"SRC042","189","12","Bidco, AB ...... (4)(5)(6)(7)(8) E +5.50% 7.52% 3/20/2024 4/7/2031 EUR","2","439","Cost (3)","31,694"
"SRC042","189","12","Bidco, AB ...... (4)(5)(6)(7)(8) E +5.50% 7.52% 3/20/2024 4/7/2031 EUR","3","474","Fair Value","34,947"
"SRC042","189","12","Bidco, AB ...... (4)(5)(6)(7)(8) E +5.50% 7.52% 3/20/2024 4/7/2031 EUR","4","505","% of Net Assets","0.56"
"SRC042","189","13","Purchaser, Inc. ... (4)(10) SOFR+4.75% 8.57% 4/26/2024 4/26/2031","1","403","Amount/ Units (1)","69,184"
"SRC042","189","13","Purchaser, Inc. ... (4)(10) SOFR+4.75% 8.57% 4/26/2024 4/26/2031","2","439","Cost (3)","68,659"
"SRC042","189","13","Purchaser, Inc. ... (4)(10) SOFR+4.75% 8.57% 4/26/2024 4/26/2031","3","474","Fair Value","69,184"
"SRC042","189","13","Purchaser, Inc. ... (4)(10) SOFR+4.75% 8.57% 4/26/2024 4/26/2031","4","505","% of Net Assets","1.11"
"SRC042","189","14","Purchaser, Inc. ... (4)(5)(7)(10) SOFR+4.75% 8.49% 4/26/2024 4/26/2031","1","403","Amount/ Units (1)","12,993"
"SRC042","189","14","Purchaser, Inc. ... (4)(5)(7)(10) SOFR+4.75% 8.49% 4/26/2024 4/26/2031","2","439","Cost (3)","12,817"
"SRC042","189","14","Purchaser, Inc. ... (4)(5)(7)(10) SOFR+4.75% 8.49% 4/26/2024 4/26/2031","3","474","Fair Value","12,993"
"SRC042","189","14","Purchaser, Inc. ... (4)(5)(7)(10) SOFR+4.75% 8.49% 4/26/2024 4/26/2031","4","505","% of Net Assets","0.21"
"SRC042","189","15","Inc. ............ (4)(6)(10) SOFR+5.25% 9.14% 8/30/2024 8/15/2028","1","403","Amount/ Units (1)","43,141"
"SRC042","189","15","Inc. ............ (4)(6)(10) SOFR+5.25% 9.14% 8/30/2024 8/15/2028","2","439","Cost (3)","42,859"
"SRC042","189","15","Inc. ............ (4)(6)(10) SOFR+5.25% 9.14% 8/30/2024 8/15/2028","3","474","Fair Value","43,141"
"SRC042","189","15","Inc. ............ (4)(6)(10) SOFR+5.25% 9.14% 8/30/2024 8/15/2028","4","505","% of Net Assets","0.69"
"SRC042","189","16","Finance, Inc. .... (4)(6)(10) SOFR+5.25% 9.14% 8/30/2024 8/15/2028","1","403","Amount/ Units (1)","23,468"
"SRC042","189","16","Finance, Inc. .... (4)(6)(10) SOFR+5.25% 9.14% 8/30/2024 8/15/2028","2","439","Cost (3)","23,281"
"SRC042","189","16","Finance, Inc. .... (4)(6)(10) SOFR+5.25% 9.14% 8/30/2024 8/15/2028","3","474","Fair Value","23,468"
"SRC042","189","16","Finance, Inc. .... (4)(6)(10) SOFR+5.25% 9.14% 8/30/2024 8/15/2028","4","505","% of Net Assets","0.38"
"SRC042","189","17","LLC ........... (4)(10) SOFR+5.50% 9.49% 11/12/2021 11/12/2027","1","403","Amount/ Units (1)","7,143"
"SRC042","189","17","LLC ........... (4)(10) SOFR+5.50% 9.49% 11/12/2021 11/12/2027","2","439","Cost (3)","7,107"
"SRC042","189","17","LLC ........... (4)(10) SOFR+5.50% 9.49% 11/12/2021 11/12/2027","3","474","Fair Value","7,072"
"SRC042","189","17","LLC ........... (4)(10) SOFR+5.50% 9.49% 11/12/2021 11/12/2027","4","505","% of Net Assets","0.11"
"SRC042","189","18","LLC ........... (4)(5)(7)(10) P+4.50% 11.25% 11/12/2021 11/12/2027","1","403","Amount/ Units (1)","345"
"SRC042","189","18","LLC ........... (4)(5)(7)(10) P+4.50% 11.25% 11/12/2021 11/12/2027","2","439","Cost (3)","341"
"SRC042","189","18","LLC ........... (4)(5)(7)(10) P+4.50% 11.25% 11/12/2021 11/12/2027","3","474","Fair Value","336"
"SRC042","189","18","LLC ........... (4)(5)(7)(10) P+4.50% 11.25% 11/12/2021 11/12/2027","4","505","% of Net Assets","0.01"
"SRC042","189","19","Ltd. ........... (4)(6)(7)(10) SOFR+5.00% 8.60% 11/2/2023 11/18/2030","1","403","Amount/ Units (1)","36,081"
"SRC042","189","19","Ltd. ........... (4)(6)(7)(10) SOFR+5.00% 8.60% 11/2/2023 11/18/2030","2","439","Cost (3)","35,522"
"SRC042","189","19","Ltd. ........... (4)(6)(7)(10) SOFR+5.00% 8.60% 11/2/2023 11/18/2030","3","474","Fair Value","35,898"
"SRC042","189","19","Ltd. ........... (4)(6)(7)(10) SOFR+5.00% 8.60% 11/2/2023 11/18/2030","4","505","% of Net Assets","0.57"
"SRC042","189","20","Ltd. ........... (4)(5)(6)(8) E+5.00% 7.12% 9/23/2025 11/18/2030 EUR","1","403","Amount/ Units (1)","4,698"
"SRC042","189","20","Ltd. ........... (4)(5)(6)(8) E+5.00% 7.12% 9/23/2025 11/18/2030 EUR","2","439","Cost (3)","5,014"
"SRC042","189","20","Ltd. ........... (4)(5)(6)(8) E+5.00% 7.12% 9/23/2025 11/18/2030 EUR","3","474","Fair Value","5,521"
"SRC042","189","20","Ltd. ........... (4)(5)(6)(8) E+5.00% 7.12% 9/23/2025 11/18/2030 EUR","4","505","% of Net Assets","0.09"
"SRC042","189","21","Bidco S.p.A ..... (4)(5)(6)(7)(8) E+5.00% 7.10% 10/7/2025 10/7/2032 EUR","1","403","Amount/ Units (1)","4,988"
"SRC042","189","21","Bidco S.p.A ..... (4)(5)(6)(7)(8) E+5.00% 7.10% 10/7/2025 10/7/2032 EUR","2","439","Cost (3)","5,699"
"SRC042","189","21","Bidco S.p.A ..... (4)(5)(6)(7)(8) E+5.00% 7.10% 10/7/2025 10/7/2032 EUR","3","474","Fair Value","5,745"
"SRC042","189","21","Bidco S.p.A ..... (4)(5)(6)(7)(8) E+5.00% 7.10% 10/7/2025 10/7/2032 EUR","4","505","% of Net Assets","0.09"
"SRC042","189","22","Pte, Ltd. ........ (4)(5)(6)(7)(10) BB+4.75% 8.39% 11/15/2024 11/15/2031 AUD","1","403","Amount/ Units (1)","1,000"
"SRC042","189","22","Pte, Ltd. ........ (4)(5)(6)(7)(10) BB+4.75% 8.39% 11/15/2024 11/15/2031 AUD","2","439","Cost (3)","639"
"SRC042","189","22","Pte, Ltd. ........ (4)(5)(6)(7)(10) BB+4.75% 8.39% 11/15/2024 11/15/2031 AUD","3","474","Fair Value","664"
"SRC042","189","22","Pte, Ltd. ........ (4)(5)(6)(7)(10) BB+4.75% 8.39% 11/15/2024 11/15/2031 AUD","4","505","% of Net Assets","0.01"
"SRC042","189","23","Inc. ............ (4)(5)(6)(8) SOFR+5.00% 8.82% 8/13/2025 8/13/2032","1","403","Amount/ Units (1)","10,406"
"SRC042","189","23","Inc. ............ (4)(5)(6)(8) SOFR+5.00% 8.82% 8/13/2025 8/13/2032","2","439","Cost (3)","10,290"
"SRC042","189","23","Inc. ............ (4)(5)(6)(8) SOFR+5.00% 8.82% 8/13/2025 8/13/2032","3","474","Fair Value","10,276"
"SRC042","189","23","Inc. ............ (4)(5)(6)(8) SOFR+5.00% 8.82% 8/13/2025 8/13/2032","4","505","% of Net Assets","0.16"
"SRC042","189","24","Lux ........... (4)(5)(6)(8) SOFR+5.00% 8.82% 8/13/2025 8/13/2032","1","403","Amount/ Units (1)","1,236"
"SRC042","189","24","Lux ........... (4)(5)(6)(8) SOFR+5.00% 8.82% 8/13/2025 8/13/2032","2","439","Cost (3)","1,222"
"SRC042","189","24","Lux ........... (4)(5)(6)(8) SOFR+5.00% 8.82% 8/13/2025 8/13/2032","3","474","Fair Value","1,221"
"SRC042","189","24","Lux ........... (4)(5)(6)(8) SOFR+5.00% 8.82% 8/13/2025 8/13/2032","4","505","% of Net Assets","0.02"
"SRC042","189","25","Lux ........... (4)(5)(6)(8) E+5.00% 7.07% 8/13/2025 8/13/2032 EUR","1","403","Amount/ Units (1)","185"
"SRC042","189","25","Lux ........... (4)(5)(6)(8) E+5.00% 7.07% 8/13/2025 8/13/2032 EUR","2","439","Cost (3)","214"
"SRC042","189","25","Lux ........... (4)(5)(6)(8) E+5.00% 7.07% 8/13/2025 8/13/2032 EUR","3","474","Fair Value","215"
"SRC042","189","25","Lux ........... (4)(5)(6)(8) E+5.00% 7.07% 8/13/2025 8/13/2032 EUR","4","505","% of Net Assets","0.00"
"SRC042","190","1","LLC ........... (4)(7)(10) SOFR+5.00% 8.70% 12/17/2025 11/15/2031 $","1","402","Amount/ Units (1)","10,220"
"SRC042","190","1","LLC ........... (4)(7)(10) SOFR+5.00% 8.70% 12/17/2025 11/15/2031 $","2","439","Cost (3)","10,165"
"SRC042","190","1","LLC ........... (4)(7)(10) SOFR+5.00% 8.70% 12/17/2025 11/15/2031 $","3","474","Fair Value","10,165"
"SRC042","190","1","LLC ........... (4)(7)(10) SOFR+5.00% 8.70% 12/17/2025 11/15/2031 $","4","505","% of Net Assets","0.16%"
"SRC042","190","2","ALKU, LLC ...... (4)(5)(10) SOFR+6.25% 9.92% 5/23/2023 5/23/2029","1","402","Amount/ Units (1)","782"
"SRC042","190","2","ALKU, LLC ...... (4)(5)(10) SOFR+6.25% 9.92% 5/23/2023 5/23/2029","2","439","Cost (3)","771"
"SRC042","190","2","ALKU, LLC ...... (4)(5)(10) SOFR+6.25% 9.92% 5/23/2023 5/23/2029","3","474","Fair Value","774"
"SRC042","190","2","ALKU, LLC ...... (4)(5)(10) SOFR+6.25% 9.92% 5/23/2023 5/23/2029","4","505","% of Net Assets","0.01"
"SRC042","190","3","ALKU, LLC ...... (4)(10) SOFR+5.50% 9.17% 2/21/2024 5/23/2029","1","402","Amount/ Units (1)","26,195"
"SRC042","190","3","ALKU, LLC ...... (4)(10) SOFR+5.50% 9.17% 2/21/2024 5/23/2029","2","439","Cost (3)","25,857"
"SRC042","190","3","ALKU, LLC ...... (4)(10) SOFR+5.50% 9.17% 2/21/2024 5/23/2029","3","474","Fair Value","25,475"
"SRC042","190","3","ALKU, LLC ...... (4)(10) SOFR+5.50% 9.17% 2/21/2024 5/23/2029","4","505","% of Net Assets","0.41"
"SRC042","190","4","LLC ........... (4)(11) SOFR+5.00% 8.82% 8/28/2024 1/31/2030","1","402","Amount/ Units (1)","10,841"
"SRC042","190","4","LLC ........... (4)(11) SOFR+5.00% 8.82% 8/28/2024 1/31/2030","2","439","Cost (3)","10,718"
"SRC042","190","4","LLC ........... (4)(11) SOFR+5.00% 8.82% 8/28/2024 1/31/2030","3","474","Fair Value","10,841"
"SRC042","190","4","LLC ........... (4)(11) SOFR+5.00% 8.82% 8/28/2024 1/31/2030","4","505","% of Net Assets","0.17"
"SRC042","190","5","LLC ........... (4)(5)(7)(11) SOFR+5.00% 8.84% 1/31/2023 1/31/2030","1","402","Amount/ Units (1)","1,958"
"SRC042","190","5","LLC ........... (4)(5)(7)(11) SOFR+5.00% 8.84% 1/31/2023 1/31/2030","2","439","Cost (3)","1,793"
"SRC042","190","5","LLC ........... (4)(5)(7)(11) SOFR+5.00% 8.84% 1/31/2023 1/31/2030","3","474","Fair Value","1,817"
"SRC042","190","5","LLC ........... (4)(5)(7)(11) SOFR+5.00% 8.84% 1/31/2023 1/31/2030","4","505","% of Net Assets","0.03"
"SRC042","190","6","LLC ........... (4)(5)(7)(11) SOFR+5.00% 8.82% 8/28/2024 1/31/2030","1","402","Amount/ Units (1)","7,242"
"SRC042","190","6","LLC ........... (4)(5)(7)(11) SOFR+5.00% 8.82% 8/28/2024 1/31/2030","2","439","Cost (3)","7,155"
"SRC042","190","6","LLC ........... (4)(5)(7)(11) SOFR+5.00% 8.82% 8/28/2024 1/31/2030","3","474","Fair Value","7,242"
"SRC042","190","6","LLC ........... (4)(5)(7)(11) SOFR+5.00% 8.82% 8/28/2024 1/31/2030","4","505","% of Net Assets","0.12"
"SRC042","190","7","Ltd. ........... (4)(6)(8) SOFR+4.75% 8.42% 9/27/2024 9/30/2031","1","402","Amount/ Units (1)","57,154"
"SRC042","190","7","Ltd. ........... (4)(6)(8) SOFR+4.75% 8.42% 9/27/2024 9/30/2031","2","439","Cost (3)","56,216"
"SRC042","190","7","Ltd. ........... (4)(6)(8) SOFR+4.75% 8.42% 9/27/2024 9/30/2031","3","474","Fair Value","57,011"
"SRC042","190","7","Ltd. ........... (4)(6)(8) SOFR+4.75% 8.42% 9/27/2024 9/30/2031","4","505","% of Net Assets","0.91"
"SRC042","190","8","Ltd. ........... (4)(6)(8) SOFR+4.75% 8.42% 9/27/2024 9/30/2031","1","402","Amount/ Units (1)","7,938"
"SRC042","190","8","Ltd. ........... (4)(6)(8) SOFR+4.75% 8.42% 9/27/2024 9/30/2031","2","439","Cost (3)","7,808"
"SRC042","190","8","Ltd. ........... (4)(6)(8) SOFR+4.75% 8.42% 9/27/2024 9/30/2031","3","474","Fair Value","7,918"
"SRC042","190","8","Ltd. ........... (4)(6)(8) SOFR+4.75% 8.42% 9/27/2024 9/30/2031","4","505","% of Net Assets","0.13"
"SRC042","190","9","LP ............ (4)(10) SOFR+4.75% 8.47% 6/3/2024 6/3/2031","1","402","Amount/ Units (1)","53,135"
"SRC042","190","9","LP ............ (4)(10) SOFR+4.75% 8.47% 6/3/2024 6/3/2031","2","439","Cost (3)","52,519"
"SRC042","190","9","LP ............ (4)(10) SOFR+4.75% 8.47% 6/3/2024 6/3/2031","3","474","Fair Value","53,135"
"SRC042","190","9","LP ............ (4)(10) SOFR+4.75% 8.47% 6/3/2024 6/3/2031","4","505","% of Net Assets","0.85"
"SRC042","190","10","LP ............ (4)(5)(7)(10) SOFR+4.25% 7.97% 6/2/2025 6/3/2031","1","402","Amount/ Units (1)","3,657"
"SRC042","190","10","LP ............ (4)(5)(7)(10) SOFR+4.25% 7.97% 6/2/2025 6/3/2031","2","439","Cost (3)","3,505"
"SRC042","190","10","LP ............ (4)(5)(7)(10) SOFR+4.25% 7.97% 6/2/2025 6/3/2031","3","474","Fair Value","3,644"
"SRC042","190","10","LP ............ (4)(5)(7)(10) SOFR+4.25% 7.97% 6/2/2025 6/3/2031","4","505","% of Net Assets","0.06"
"SRC042","190","11","LLC ........... (4)(7)(10) SOFR+4.50% 8.22% 11/2/2021 11/2/2027","1","402","Amount/ Units (1)","5,992"
"SRC042","190","11","LLC ........... (4)(7)(10) SOFR+4.50% 8.22% 11/2/2021 11/2/2027","2","439","Cost (3)","5,949"
"SRC042","190","11","LLC ........... (4)(7)(10) SOFR+4.50% 8.22% 11/2/2021 11/2/2027","3","474","Fair Value","5,971"
"SRC042","190","11","LLC ........... (4)(7)(10) SOFR+4.50% 8.22% 11/2/2021 11/2/2027","4","505","% of Net Assets","0.10"
"SRC042","190","12","Holding, Corp. ... (4)(11) SOFR+4.75% 8.47% 5/26/2021 11/16/2029","1","402","Amount/ Units (1)","86,330"
"SRC042","190","12","Holding, Corp. ... (4)(11) SOFR+4.75% 8.47% 5/26/2021 11/16/2029","2","439","Cost (3)","85,946"
"SRC042","190","12","Holding, Corp. ... (4)(11) SOFR+4.75% 8.47% 5/26/2021 11/16/2029","3","474","Fair Value","86,330"
"SRC042","190","12","Holding, Corp. ... (4)(11) SOFR+4.75% 8.47% 5/26/2021 11/16/2029","4","505","% of Net Assets","1.38"
"SRC042","190","13","Holding, Corp. ... (4)(5)(7)(11) SOFR+4.75% 8.47% 11/18/2022 11/16/2029","1","402","Amount/ Units (1)","9,548"
"SRC042","190","13","Holding, Corp. ... (4)(5)(7)(11) SOFR+4.75% 8.47% 11/18/2022 11/16/2029","2","439","Cost (3)","9,340"
"SRC042","190","13","Holding, Corp. ... (4)(5)(7)(11) SOFR+4.75% 8.47% 11/18/2022 11/16/2029","3","474","Fair Value","9,548"
"SRC042","190","13","Holding, Corp. ... (4)(5)(7)(11) SOFR+4.75% 8.47% 11/18/2022 11/16/2029","4","505","% of Net Assets","0.15"
"SRC042","190","14","Holding, Corp. ... (4)(11) SOFR+4.75% 8.47% 2/14/2025 11/16/2029","1","402","Amount/ Units (1)","13,933"
"SRC042","190","14","Holding, Corp. ... (4)(11) SOFR+4.75% 8.47% 2/14/2025 11/16/2029","2","439","Cost (3)","13,817"
"SRC042","190","14","Holding, Corp. ... (4)(11) SOFR+4.75% 8.47% 2/14/2025 11/16/2029","3","474","Fair Value","13,933"
"SRC042","190","14","Holding, Corp. ... (4)(11) SOFR+4.75% 8.47% 2/14/2025 11/16/2029","4","505","% of Net Assets","0.22"
"SRC042","190","15","Holding, Corp. ... (4)(5)(11) SOFR+4.75% 8.47% 10/7/2025 11/16/2029","1","402","Amount/ Units (1)","8,115"
"SRC042","190","15","Holding, Corp. ... (4)(5)(11) SOFR+4.75% 8.47% 10/7/2025 11/16/2029","2","439","Cost (3)","8,077"
"SRC042","190","15","Holding, Corp. ... (4)(5)(11) SOFR+4.75% 8.47% 10/7/2025 11/16/2029","3","474","Fair Value","8,115"
"SRC042","190","15","Holding, Corp. ... (4)(5)(11) SOFR+4.75% 8.47% 10/7/2025 11/16/2029","4","505","% of Net Assets","0.13"
"SRC042","190","16","Holding, Corp. ... (4)(5)(11) SOFR+4.75% 8.47% 2/14/2025 11/16/2029","1","402","Amount/ Units (1)","16,136"
"SRC042","190","16","Holding, Corp. ... (4)(5)(11) SOFR+4.75% 8.47% 2/14/2025 11/16/2029","2","439","Cost (3)","16,004"
"SRC042","190","16","Holding, Corp. ... (4)(5)(11) SOFR+4.75% 8.47% 2/14/2025 11/16/2029","3","474","Fair Value","16,136"
"SRC042","190","16","Holding, Corp. ... (4)(5)(11) SOFR+4.75% 8.47% 2/14/2025 11/16/2029","4","505","% of Net Assets","0.26"
"SRC042","190","17","Corp. .......... (4)(7)(11) SOFR+5.75% 9.42% 12/8/2021 12/8/2030","1","402","Amount/ Units (1)","8,315"
"SRC042","190","17","Corp. .......... (4)(7)(11) SOFR+5.75% 9.42% 12/8/2021 12/8/2030","2","439","Cost (3)","8,233"
"SRC042","190","17","Corp. .......... (4)(7)(11) SOFR+5.75% 9.42% 12/8/2021 12/8/2030","3","474","Fair Value","8,126"
"SRC042","190","17","Corp. .......... (4)(7)(11) SOFR+5.75% 9.42% 12/8/2021 12/8/2030","4","505","% of Net Assets","0.13"
"SRC042","190","18","Inc. ............ (4)(7)(10) SOFR+4.50% 8.27% 8/26/2021 8/31/2029","1","402","Amount/ Units (1)","7,182"
"SRC042","190","18","Inc. ............ (4)(7)(10) SOFR+4.50% 8.27% 8/26/2021 8/31/2029","2","439","Cost (3)","7,139"
"SRC042","190","18","Inc. ............ (4)(7)(10) SOFR+4.50% 8.27% 8/26/2021 8/31/2029","3","474","Fair Value","7,182"
"SRC042","190","18","Inc. ............ (4)(7)(10) SOFR+4.50% 8.27% 8/26/2021 8/31/2029","4","505","% of Net Assets","0.12"
"SRC042","190","19","Holdings, Inc. ... (4)(7)(10) SOFR+4.75% 8.47% 8/27/2024 8/27/2031","1","402","Amount/ Units (1)","11,355"
"SRC042","190","19","Holdings, Inc. ... (4)(7)(10) SOFR+4.75% 8.47% 8/27/2024 8/27/2031","2","439","Cost (3)","11,236"
"SRC042","190","19","Holdings, Inc. ... (4)(7)(10) SOFR+4.75% 8.47% 8/27/2024 8/27/2031","3","474","Fair Value","11,339"
"SRC042","190","19","Holdings, Inc. ... (4)(7)(10) SOFR+4.75% 8.47% 8/27/2024 8/27/2031","4","505","% of Net Assets","0.18"
"SRC042","190","20","Holdings, Inc. ... (4)(5)(6)(7)(10) SOFR+5.50% 9.23% 8/26/2025 8/26/2032","1","402","Amount/ Units (1)","9,239"
"SRC042","190","20","Holdings, Inc. ... (4)(5)(6)(7)(10) SOFR+5.50% 9.23% 8/26/2025 8/26/2032","2","439","Cost (3)","9,142"
"SRC042","190","20","Holdings, Inc. ... (4)(5)(6)(7)(10) SOFR+5.50% 9.23% 8/26/2025 8/26/2032","3","474","Fair Value","9,137"
"SRC042","190","20","Holdings, Inc. ... (4)(5)(6)(7)(10) SOFR+5.50% 9.23% 8/26/2025 8/26/2032","4","505","% of Net Assets","0.15"
"SRC042","190","21","GmbH ......... (4)(6)(7)(8) E+5.25% 7.27% 3/26/2025 3/26/2032 EUR","1","402","Amount/ Units (1)","97"
"SRC042","190","21","GmbH ......... (4)(6)(7)(8) E+5.25% 7.27% 3/26/2025 3/26/2032 EUR","2","439","Cost (3)","103"
"SRC042","190","21","GmbH ......... (4)(6)(7)(8) E+5.25% 7.27% 3/26/2025 3/26/2032 EUR","3","474","Fair Value","112"
"SRC042","190","21","GmbH ......... (4)(6)(7)(8) E+5.25% 7.27% 3/26/2025 3/26/2032 EUR","4","505","% of Net Assets","0.00"
"SRC042","190","22","II, LLC ........ (4)(10) SOFR+5.00% 8.82% 5/6/2025 3/3/2031","1","402","Amount/ Units (1)","33,440"
"SRC042","190","22","II, LLC ........ (4)(10) SOFR+5.00% 8.82% 5/6/2025 3/3/2031","2","439","Cost (3)","32,967"
"SRC042","190","22","II, LLC ........ (4)(10) SOFR+5.00% 8.82% 5/6/2025 3/3/2031","3","474","Fair Value","33,440"
"SRC042","190","22","II, LLC ........ (4)(10) SOFR+5.00% 8.82% 5/6/2025 3/3/2031","4","505","% of Net Assets","0.54"
"SRC042","190","23","II, LLC ........ (4)(5)(10) SOFR+5.00% 8.82% 5/6/2025 3/3/2031","1","402","Amount/ Units (1)","20,561"
"SRC042","190","23","II, LLC ........ (4)(5)(10) SOFR+5.00% 8.82% 5/6/2025 3/3/2031","2","439","Cost (3)","20,470"
"SRC042","190","23","II, LLC ........ (4)(5)(10) SOFR+5.00% 8.82% 5/6/2025 3/3/2031","3","474","Fair Value","20,561"
"SRC042","190","23","II, LLC ........ (4)(5)(10) SOFR+5.00% 8.82% 5/6/2025 3/3/2031","4","505","% of Net Assets","0.33"
"SRC042","190","24","II, LLC ........ (4)(5)(7)(10) SOFR+5.00% 8.67% 5/6/2025 3/3/2031","1","402","Amount/ Units (1)","4,728"
"SRC042","190","24","II, LLC ........ (4)(5)(7)(10) SOFR+5.00% 8.67% 5/6/2025 3/3/2031","2","439","Cost (3)","4,640"
"SRC042","190","24","II, LLC ........ (4)(5)(7)(10) SOFR+5.00% 8.67% 5/6/2025 3/3/2031","3","474","Fair Value","4,662"
"SRC042","190","24","II, LLC ........ (4)(5)(7)(10) SOFR+5.00% 8.67% 5/6/2025 3/3/2031","4","505","% of Net Assets","0.07"
"SRC042","190","25","Guidehouse, Inc. ... (4)(10) SOFR+4.75% 8.47% 10/15/2021 12/16/2030","1","402","Amount/ Units (1)","314,311"
"SRC042","190","25","Guidehouse, Inc. ... (4)(10) SOFR+4.75% 8.47% 10/15/2021 12/16/2030","2","439","Cost (3)","312,686"
"SRC042","190","25","Guidehouse, Inc. ... (4)(10) SOFR+4.75% 8.47% 10/15/2021 12/16/2030","3","474","Fair Value","314,311"
"SRC042","190","25","Guidehouse, Inc. ... (4)(10) SOFR+4.75% 8.47% 10/15/2021 12/16/2030","4","505","% of Net Assets","5.03"
"SRC042","190","26","Holdings, LLC .. (4)(7)(10) SOFR+5.00% 8.84% 11/1/2024 9/22/2028","1","402","Amount/ Units (1)","45,883"
"SRC042","190","26","Holdings, LLC .. (4)(7)(10) SOFR+5.00% 8.84% 11/1/2024 9/22/2028","2","439","Cost (3)","45,494"
"SRC042","190","26","Holdings, LLC .. (4)(7)(10) SOFR+5.00% 8.84% 11/1/2024 9/22/2028","3","474","Fair Value","45,883"
"SRC042","190","26","Holdings, LLC .. (4)(7)(10) SOFR+5.00% 8.84% 11/1/2024 9/22/2028","4","505","% of Net Assets","0.73"
"SRC042","190","27","S.P.E.C. ........ (4)(5)(6)(7)(8) E+5.25% 7.25% 6/26/2025 6/26/2032 EUR","1","402","Amount/ Units (1)","175"
"SRC042","190","27","S.P.E.C. ........ (4)(5)(6)(7)(8) E+5.25% 7.25% 6/26/2025 6/26/2032 EUR","2","439","Cost (3)","200"
"SRC042","190","27","S.P.E.C. ........ (4)(5)(6)(7)(8) E+5.25% 7.25% 6/26/2025 6/26/2032 EUR","3","474","Fair Value","201"
"SRC042","190","27","S.P.E.C. ........ (4)(5)(6)(7)(8) E+5.25% 7.25% 6/26/2025 6/26/2032 EUR","4","505","% of Net Assets","0.00"
"SRC042","191","1","Globe, Limited .. (4)(5)(6)(7)(8) S+6.00% 9.97% 1/18/2024 1/31/2031 GBP","1","400","Amount/ Units (1)","54,601"
"SRC042","191","1","Globe, Limited .. (4)(5)(6)(7)(8) S+6.00% 9.97% 1/18/2024 1/31/2031 GBP","2","439","Cost (3)","68,369"
"SRC042","191","1","Globe, Limited .. (4)(5)(6)(7)(8) S+6.00% 9.97% 1/18/2024 1/31/2031 GBP","3","474","Fair Value","73,600"
"SRC042","191","1","Globe, Limited .. (4)(5)(6)(7)(8) S+6.00% 9.97% 1/18/2024 1/31/2031 GBP","4","505","% of Net Assets","1.18%"
"SRC042","191","2","Globe, Limited .. (4)(5)(6)(9) SOFR+6.00% 9.84% 1/30/2024 1/31/2031 $","1","400","Amount/ Units (1)","4,520"
"SRC042","191","2","Globe, Limited .. (4)(5)(6)(9) SOFR+6.00% 9.84% 1/30/2024 1/31/2031 $","2","439","Cost (3)","4,254"
"SRC042","191","2","Globe, Limited .. (4)(5)(6)(9) SOFR+6.00% 9.84% 1/30/2024 1/31/2031 $","3","474","Fair Value","4,520"
"SRC042","191","2","Globe, Limited .. (4)(5)(6)(9) SOFR+6.00% 9.84% 1/30/2024 1/31/2031 $","4","505","% of Net Assets","0.07"
"SRC042","191","3","Holdings, LLC .. (4)(11) SOFR+5.00% 8.99% 1/8/2024 1/8/2030","1","400","Amount/ Units (1)","10,762"
"SRC042","191","3","Holdings, LLC .. (4)(11) SOFR+5.00% 8.99% 1/8/2024 1/8/2030","2","439","Cost (3)","10,618"
"SRC042","191","3","Holdings, LLC .. (4)(11) SOFR+5.00% 8.99% 1/8/2024 1/8/2030","3","474","Fair Value","10,762"
"SRC042","191","3","Holdings, LLC .. (4)(11) SOFR+5.00% 8.99% 1/8/2024 1/8/2030","4","505","% of Net Assets","0.17"
"SRC042","191","4","Holdings, LLC .. (4)(5)(7)(11) SOFR+5.00% 8.87% 1/8/2024 1/8/2030","1","400","Amount/ Units (1)","3,289"
"SRC042","191","4","Holdings, LLC .. (4)(5)(7)(11) SOFR+5.00% 8.87% 1/8/2024 1/8/2030","2","439","Cost (3)","3,214"
"SRC042","191","4","Holdings, LLC .. (4)(5)(7)(11) SOFR+5.00% 8.87% 1/8/2024 1/8/2030","3","474","Fair Value","3,289"
"SRC042","191","4","Holdings, LLC .. (4)(5)(7)(11) SOFR+5.00% 8.87% 1/8/2024 1/8/2030","4","505","% of Net Assets","0.05"
"SRC042","191","5","Holding, Inc. .... (4)(5)(6)(7)(9) SOFR+4.50% 8.22% 6/3/2025 6/4/2032","1","400","Amount/ Units (1)","931"
"SRC042","191","5","Holding, Inc. .... (4)(5)(6)(7)(9) SOFR+4.50% 8.22% 6/3/2025 6/4/2032","2","439","Cost (3)","920"
"SRC042","191","5","Holding, Inc. .... (4)(5)(6)(7)(9) SOFR+4.50% 8.22% 6/3/2025 6/4/2032","3","474","Fair Value","929"
"SRC042","191","5","Holding, Inc. .... (4)(5)(6)(7)(9) SOFR+4.50% 8.22% 6/3/2025 6/4/2032","4","505","% of Net Assets","0.01"
"SRC042","191","6","Resources, Inc. .. (4)(11) SOFR+6.00% 9.84% 8/17/2021 8/17/2027","1","400","Amount/ Units (1)","18,580"
"SRC042","191","6","Resources, Inc. .. (4)(11) SOFR+6.00% 9.84% 8/17/2021 8/17/2027","2","439","Cost (3)","18,479"
"SRC042","191","6","Resources, Inc. .. (4)(11) SOFR+6.00% 9.84% 8/17/2021 8/17/2027","3","474","Fair Value","18,580"
"SRC042","191","6","Resources, Inc. .. (4)(11) SOFR+6.00% 9.84% 8/17/2021 8/17/2027","4","505","% of Net Assets","0.30"
"SRC042","191","7","Resources, Inc. .. (4)(7)(11) SOFR+6.00% 9.82% 8/17/2021 8/17/2027","1","400","Amount/ Units (1)","2,880"
"SRC042","191","7","Resources, Inc. .. (4)(7)(11) SOFR+6.00% 9.82% 8/17/2021 8/17/2027","2","439","Cost (3)","2,851"
"SRC042","191","7","Resources, Inc. .. (4)(7)(11) SOFR+6.00% 9.82% 8/17/2021 8/17/2027","3","474","Fair Value","2,880"
"SRC042","191","7","Resources, Inc. .. (4)(7)(11) SOFR+6.00% 9.82% 8/17/2021 8/17/2027","4","505","% of Net Assets","0.05"
"SRC042","191","8","Resources, Inc. .. (4)(9) SOFR+6.00% 10.21% 6/6/2024 8/17/2027","1","400","Amount/ Units (1)","2,194"
"SRC042","191","8","Resources, Inc. .. (4)(9) SOFR+6.00% 10.21% 6/6/2024 8/17/2027","2","439","Cost (3)","2,162"
"SRC042","191","8","Resources, Inc. .. (4)(9) SOFR+6.00% 10.21% 6/6/2024 8/17/2027","3","474","Fair Value","2,194"
"SRC042","191","8","Resources, Inc. .. (4)(9) SOFR+6.00% 10.21% 6/6/2024 8/17/2027","4","505","% of Net Assets","0.04"
"SRC042","191","9","Pavion Corp. ...... (4)(10) SOFR+6.00% 9.84% 10/30/2023 10/30/2030","1","400","Amount/ Units (1)","75,024"
"SRC042","191","9","Pavion Corp. ...... (4)(10) SOFR+6.00% 9.84% 10/30/2023 10/30/2030","2","439","Cost (3)","73,991"
"SRC042","191","9","Pavion Corp. ...... (4)(10) SOFR+6.00% 9.84% 10/30/2023 10/30/2030","3","474","Fair Value","75,024"
"SRC042","191","9","Pavion Corp. ...... (4)(10) SOFR+6.00% 9.84% 10/30/2023 10/30/2030","4","505","% of Net Assets","1.20"
"SRC042","191","10","Pavion Corp. ...... (4)(10) SOFR+5.75% 9.47% 10/30/2023 10/30/2030","1","400","Amount/ Units (1)","15,819"
"SRC042","191","10","Pavion Corp. ...... (4)(10) SOFR+5.75% 9.47% 10/30/2023 10/30/2030","2","439","Cost (3)","15,649"
"SRC042","191","10","Pavion Corp. ...... (4)(10) SOFR+5.75% 9.47% 10/30/2023 10/30/2030","3","474","Fair Value","15,819"
"SRC042","191","10","Pavion Corp. ...... (4)(10) SOFR+5.75% 9.47% 10/30/2023 10/30/2030","4","505","% of Net Assets","0.25"
"SRC042","191","11","Petrus Buyer, Inc. .. (4)(10) SOFR+4.75% 8.64% 10/17/2022 10/17/2029","1","400","Amount/ Units (1)","2,442"
"SRC042","191","11","Petrus Buyer, Inc. .. (4)(10) SOFR+4.75% 8.64% 10/17/2022 10/17/2029","2","439","Cost (3)","2,402"
"SRC042","191","11","Petrus Buyer, Inc. .. (4)(10) SOFR+4.75% 8.64% 10/17/2022 10/17/2029","3","474","Fair Value","2,442"
"SRC042","191","11","Petrus Buyer, Inc. .. (4)(10) SOFR+4.75% 8.64% 10/17/2022 10/17/2029","4","505","% of Net Assets","0.04"
"SRC042","191","12","Petrus Buyer, Inc. .. (4)(5)(7)(10) SOFR+4.75% 8.59% 2/26/2025 10/17/2029","1","400","Amount/ Units (1)","642"
"SRC042","191","12","Petrus Buyer, Inc. .. (4)(5)(7)(10) SOFR+4.75% 8.59% 2/26/2025 10/17/2029","2","439","Cost (3)","635"
"SRC042","191","12","Petrus Buyer, Inc. .. (4)(5)(7)(10) SOFR+4.75% 8.59% 2/26/2025 10/17/2029","3","474","Fair Value","642"
"SRC042","191","12","Petrus Buyer, Inc. .. (4)(5)(7)(10) SOFR+4.75% 8.59% 2/26/2025 10/17/2029","4","505","% of Net Assets","0.01"
"SRC042","191","13","AB ............ (4)(5)(6)(7)(8) ST+5.00% 6.97% 10/15/2025 10/15/2032 SEK","1","400","Amount/ Units (1)","55,110"
"SRC042","191","13","AB ............ (4)(5)(6)(7)(8) ST+5.00% 6.97% 10/15/2025 10/15/2032 SEK","2","439","Cost (3)","5,693"
"SRC042","191","13","AB ............ (4)(5)(6)(7)(8) ST+5.00% 6.97% 10/15/2025 10/15/2032 SEK","3","474","Fair Value","5,844"
"SRC042","191","13","AB ............ (4)(5)(6)(7)(8) ST+5.00% 6.97% 10/15/2025 10/15/2032 SEK","4","505","% of Net Assets","0.09"
"SRC042","191","14","AB ............ (4)(5)(6)(8) N+5.00% 9.19% 10/30/2025 10/30/2032 NOK","1","400","Amount/ Units (1)","27,111"
"SRC042","191","14","AB ............ (4)(5)(6)(8) N+5.00% 9.19% 10/30/2025 10/30/2032 NOK","2","439","Cost (3)","2,655"
"SRC042","191","14","AB ............ (4)(5)(6)(8) N+5.00% 9.19% 10/30/2025 10/30/2032 NOK","3","474","Fair Value","2,649"
"SRC042","191","14","AB ............ (4)(5)(6)(8) N+5.00% 9.19% 10/30/2025 10/30/2032 NOK","4","505","% of Net Assets","0.04"
"SRC042","191","15","AB ............ (4)(5)(6)(8) CI+5.00% 6.97% 10/30/2025 10/30/2032 DKK","1","400","Amount/ Units (1)","12,140"
"SRC042","191","15","AB ............ (4)(5)(6)(8) CI+5.00% 6.97% 10/30/2025 10/30/2032 DKK","2","439","Cost (3)","1,853"
"SRC042","191","15","AB ............ (4)(5)(6)(8) CI+5.00% 6.97% 10/30/2025 10/30/2032 DKK","3","474","Fair Value","1,882"
"SRC042","191","15","AB ............ (4)(5)(6)(8) CI+5.00% 6.97% 10/30/2025 10/30/2032 DKK","4","505","% of Net Assets","0.03"
"SRC042","191","16","AB ............ (4)(5)(6)(8) E+5.00% 7.03% 10/30/2025 10/30/2032 EUR","1","400","Amount/ Units (1)","3,658"
"SRC042","191","16","AB ............ (4)(5)(6)(8) E+5.00% 7.03% 10/30/2025 10/30/2032 EUR","2","439","Cost (3)","4,168"
"SRC042","191","16","AB ............ (4)(5)(6)(8) E+5.00% 7.03% 10/30/2025 10/30/2032 EUR","3","474","Fair Value","4,234"
"SRC042","191","16","AB ............ (4)(5)(6)(8) E+5.00% 7.03% 10/30/2025 10/30/2032 EUR","4","505","% of Net Assets","0.07"
"SRC042","191","17","STV Group, Inc. ... (4)(7)(10) SOFR+4.75% 8.47% 3/20/2024 3/20/2031","1","400","Amount/ Units (1)","23,990"
"SRC042","191","17","STV Group, Inc. ... (4)(7)(10) SOFR+4.75% 8.47% 3/20/2024 3/20/2031","2","439","Cost (3)","23,512"
"SRC042","191","17","STV Group, Inc. ... (4)(7)(10) SOFR+4.75% 8.47% 3/20/2024 3/20/2031","3","474","Fair Value","23,920"
"SRC042","191","17","STV Group, Inc. ... (4)(7)(10) SOFR+4.75% 8.47% 3/20/2024 3/20/2031","4","505","% of Net Assets","0.38"
"SRC042","191","18","LLC ........... (4)(5)(7)(9) SOFR+4.75% 8.47% 7/31/2025 7/31/2032","1","400","Amount/ Units (1)","116,485"
"SRC042","191","18","LLC ........... (4)(5)(7)(9) SOFR+4.75% 8.47% 7/31/2025 7/31/2032","2","439","Cost (3)","115,236"
"SRC042","191","18","LLC ........... (4)(5)(7)(9) SOFR+4.75% 8.47% 7/31/2025 7/31/2032","3","474","Fair Value","116,320"
"SRC042","191","18","LLC ........... (4)(5)(7)(9) SOFR+4.75% 8.47% 7/31/2025 7/31/2032","4","505","% of Net Assets","1.86"
"SRC042","191","19","Co, LLC ....... (4)(5)(10) SOFR+4.75% 8.47% 12/20/2024 12/20/2031","1","400","Amount/ Units (1)","15,862"
"SRC042","191","19","Co, LLC ....... (4)(5)(10) SOFR+4.75% 8.47% 12/20/2024 12/20/2031","2","439","Cost (3)","15,730"
"SRC042","191","19","Co, LLC ....... (4)(5)(10) SOFR+4.75% 8.47% 12/20/2024 12/20/2031","3","474","Fair Value","15,585"
"SRC042","191","19","Co, LLC ....... (4)(5)(10) SOFR+4.75% 8.47% 12/20/2024 12/20/2031","4","505","% of Net Assets","0.25"
"SRC042","191","20","Co, LLC ....... (4)(5)(7)(10) SOFR+4.75% 8.47% 12/20/2024 12/20/2030","1","400","Amount/ Units (1)","590"
"SRC042","191","20","Co, LLC ....... (4)(5)(7)(10) SOFR+4.75% 8.47% 12/20/2024 12/20/2030","2","439","Cost (3)","531"
"SRC042","191","20","Co, LLC ....... (4)(5)(7)(10) SOFR+4.75% 8.47% 12/20/2024 12/20/2030","3","474","Fair Value","487"
"SRC042","191","20","Co, LLC ....... (4)(5)(7)(10) SOFR+4.75% 8.47% 12/20/2024 12/20/2030","4","505","% of Net Assets","0.01"
"SRC042","191","21","LLC ........... (5)(6)(9) SOFR+3.00% 6.67% 7/29/2024 6/18/2029","1","400","Amount/ Units (1)","1,270"
"SRC042","191","21","LLC ........... (5)(6)(9) SOFR+3.00% 6.67% 7/29/2024 6/18/2029","2","439","Cost (3)","1,270"
"SRC042","191","21","LLC ........... (5)(6)(9) SOFR+3.00% 6.67% 7/29/2024 6/18/2029","3","474","Fair Value","1,277"
"SRC042","191","21","LLC ........... (5)(6)(9) SOFR+3.00% 6.67% 7/29/2024 6/18/2029","4","505","% of Net Assets","0.02"
"SRC042","191","22","Company, Inc. ... (4)(8)(17) SOFR+5.75% 9.87% 3/20/2020 3/20/2027","1","400","Amount/ Units (1)","40,839"
"SRC042","191","22","Company, Inc. ... (4)(8)(17) SOFR+5.75% 9.87% 3/20/2020 3/20/2027","2","439","Cost (3)","40,453"
"SRC042","191","22","Company, Inc. ... (4)(8)(17) SOFR+5.75% 9.87% 3/20/2020 3/20/2027","3","474","Fair Value","31,242"
"SRC042","191","22","Company, Inc. ... (4)(8)(17) SOFR+5.75% 9.87% 3/20/2020 3/20/2027","4","505","% of Net Assets","0.50"
"SRC042","191","23","Holdings Corp. .. (4)(10) SOFR+4.50% 8.44% 6/29/2021 6/29/2029","1","400","Amount/ Units (1)","59,601"
"SRC042","191","23","Holdings Corp. .. (4)(10) SOFR+4.50% 8.44% 6/29/2021 6/29/2029","2","439","Cost (3)","59,172"
"SRC042","191","23","Holdings Corp. .. (4)(10) SOFR+4.50% 8.44% 6/29/2021 6/29/2029","3","474","Fair Value","59,601"
"SRC042","191","23","Holdings Corp. .. (4)(10) SOFR+4.50% 8.44% 6/29/2021 6/29/2029","4","505","% of Net Assets","0.95"
"SRC042","191","24","Holdings Corp. .. (4)(7)(10) SOFR+4.50% 8.50% 6/29/2021 6/29/2029","1","400","Amount/ Units (1)","34,525"
"SRC042","191","24","Holdings Corp. .. (4)(7)(10) SOFR+4.50% 8.50% 6/29/2021 6/29/2029","2","439","Cost (3)","34,315"
"SRC042","191","24","Holdings Corp. .. (4)(7)(10) SOFR+4.50% 8.50% 6/29/2021 6/29/2029","3","474","Fair Value","34,525"
"SRC042","191","24","Holdings Corp. .. (4)(7)(10) SOFR+4.50% 8.50% 6/29/2021 6/29/2029","4","505","% of Net Assets","0.55"
"SRC042","191","25","Holdings, LLC .. (4)(7)(11)(18) SOFR+5.24% 9.06% 12/21/2021 12/31/2030","1","400","Amount/ Units (1)","5,153"
"SRC042","191","25","Holdings, LLC .. (4)(7)(11)(18) SOFR+5.24% 9.06% 12/21/2021 12/31/2030","2","439","Cost (3)","5,107"
"SRC042","191","25","Holdings, LLC .. (4)(7)(11)(18) SOFR+5.24% 9.06% 12/21/2021 12/31/2030","3","474","Fair Value","5,153"
"SRC042","191","25","Holdings, LLC .. (4)(7)(11)(18) SOFR+5.24% 9.06% 12/21/2021 12/31/2030","4","505","% of Net Assets","0.08"
"SRC042","191","26","Partners, LLC ... (4)(10) SOFR+4.75% 8.48% 11/9/2021 11/8/2028","1","400","Amount/ Units (1)","14,446"
"SRC042","191","26","Partners, LLC ... (4)(10) SOFR+4.75% 8.48% 11/9/2021 11/8/2028","2","439","Cost (3)","14,333"
"SRC042","191","26","Partners, LLC ... (4)(10) SOFR+4.75% 8.48% 11/9/2021 11/8/2028","3","474","Fair Value","14,301"
"SRC042","191","26","Partners, LLC ... (4)(10) SOFR+4.75% 8.48% 11/9/2021 11/8/2028","4","505","% of Net Assets","0.23"
"SRC042","191","27","Partners, LLC ... (4)(5)(7)(10) SOFR+4.75% 8.48% 12/18/2024 11/8/2028","1","400","Amount/ Units (1)","494"
"SRC042","191","27","Partners, LLC ... (4)(5)(7)(10) SOFR+4.75% 8.48% 12/18/2024 11/8/2028","2","439","Cost (3)","490"
"SRC042","191","27","Partners, LLC ... (4)(5)(7)(10) SOFR+4.75% 8.48% 12/18/2024 11/8/2028","3","474","Fair Value","460"
"SRC042","191","27","Partners, LLC ... (4)(5)(7)(10) SOFR+4.75% 8.48% 12/18/2024 11/8/2028","4","505","% of Net Assets","0.01"
"SRC042","191","28","Partners, LLC ... (4)(5)(10) SOFR+4.75% 8.48% 9/15/2025 11/8/2028","1","400","Amount/ Units (1)","25,870"
"SRC042","191","28","Partners, LLC ... (4)(5)(10) SOFR+4.75% 8.48% 9/15/2025 11/8/2028","2","439","Cost (3)","25,636"
"SRC042","191","28","Partners, LLC ... (4)(5)(10) SOFR+4.75% 8.48% 9/15/2025 11/8/2028","3","474","Fair Value","25,611"
"SRC042","191","28","Partners, LLC ... (4)(5)(10) SOFR+4.75% 8.48% 9/15/2025 11/8/2028","4","505","% of Net Assets","0.41"
"SRC042","191","29","LLC ........... (4)(5)(10) SOFR+5.00% 8.85% 10/1/2024 10/1/2031","1","400","Amount/ Units (1)","7,809"
"SRC042","191","29","LLC ........... (4)(5)(10) SOFR+5.00% 8.85% 10/1/2024 10/1/2031","2","439","Cost (3)","7,753"
"SRC042","191","29","LLC ........... (4)(5)(10) SOFR+5.00% 8.85% 10/1/2024 10/1/2031","3","474","Fair Value","7,770"
"SRC042","191","29","LLC ........... (4)(5)(10) SOFR+5.00% 8.85% 10/1/2024 10/1/2031","4","505","% of Net Assets","0.12"
"SRC042","191","30","LLC ........... (4)(5)(7)(10) SOFR+5.00% 8.69% 10/1/2024 10/1/2031","1","400","Amount/ Units (1)","902"
"SRC042","191","30","LLC ........... (4)(5)(7)(10) SOFR+5.00% 8.69% 10/1/2024 10/1/2031","2","439","Cost (3)","875"
"SRC042","191","30","LLC ........... (4)(5)(7)(10) SOFR+5.00% 8.69% 10/1/2024 10/1/2031","3","474","Fair Value","878"
"SRC042","191","30","LLC ........... (4)(5)(7)(10) SOFR+5.00% 8.69% 10/1/2024 10/1/2031","4","505","% of Net Assets","0.01"
"SRC042","192","1","Borrower, LLC .. (4)(7)(11) SOFR+5.50% 9.17% 11/3/2023 11/5/2029 $","1","403","Amount/ Units (1)","22,867"
"SRC042","192","1","Borrower, LLC .. (4)(7)(11) SOFR+5.50% 9.17% 11/3/2023 11/5/2029 $","2","439","Cost (3)","22,470"
"SRC042","192","1","Borrower, LLC .. (4)(7)(11) SOFR+5.50% 9.17% 11/3/2023 11/5/2029 $","3","474","Fair Value","22,725"
"SRC042","192","1","Borrower, LLC .. (4)(7)(11) SOFR+5.50% 9.17% 11/3/2023 11/5/2029 $","4","505","% of Net Assets","0.36%"
"SRC042","192","2","LLC ........... (4)(10) SOFR+4.75% 8.60% 11/1/2024 11/1/2031","1","403","Amount/ Units (1)","9,577"
"SRC042","192","2","LLC ........... (4)(10) SOFR+4.75% 8.60% 11/1/2024 11/1/2031","2","439","Cost (3)","9,458"
"SRC042","192","2","LLC ........... (4)(10) SOFR+4.75% 8.60% 11/1/2024 11/1/2031","3","474","Fair Value","9,577"
"SRC042","192","2","LLC ........... (4)(10) SOFR+4.75% 8.60% 11/1/2024 11/1/2031","4","505","% of Net Assets","0.15"
"SRC042","192","3","LLC ........... (4)(5)(7)(10) SOFR+4.75% 8.60% 11/1/2024 11/1/2031","1","403","Amount/ Units (1)","2,564"
"SRC042","192","3","LLC ........... (4)(5)(7)(10) SOFR+4.75% 8.60% 11/1/2024 11/1/2031","2","439","Cost (3)","2,496"
"SRC042","192","3","LLC ........... (4)(5)(7)(10) SOFR+4.75% 8.60% 11/1/2024 11/1/2031","3","474","Fair Value","2,564"
"SRC042","192","3","LLC ........... (4)(5)(7)(10) SOFR+4.75% 8.60% 11/1/2024 11/1/2031","4","505","% of Net Assets","0.04"
"SRC042","192","4","LLC ........... (4)(5)(10) SOFR+4.75% 8.44% 7/8/2025 11/1/2031","1","403","Amount/ Units (1)","5,500"
"SRC042","192","4","LLC ........... (4)(5)(10) SOFR+4.75% 8.44% 7/8/2025 11/1/2031","2","439","Cost (3)","5,449"
"SRC042","192","4","LLC ........... (4)(5)(10) SOFR+4.75% 8.44% 7/8/2025 11/1/2031","3","474","Fair Value","5,500"
"SRC042","192","4","LLC ........... (4)(5)(10) SOFR+4.75% 8.44% 7/8/2025 11/1/2031","4","505","% of Net Assets","0.09"
"SRC042","192","5","SAS ........... (4)(5)(6)(7)(8) E+5.00% 7.07% 4/1/2024 4/1/2031 EUR","1","403","Amount/ Units (1)","8,205"
"SRC042","192","5","SAS ........... (4)(5)(6)(7)(8) E+5.00% 7.07% 4/1/2024 4/1/2031 EUR","2","439","Cost (3)","8,733"
"SRC042","192","5","SAS ........... (4)(5)(6)(7)(8) E+5.00% 7.07% 4/1/2024 4/1/2031 EUR","3","474","Fair Value","9,661"
"SRC042","192","5","SAS ........... (4)(5)(6)(7)(8) E+5.00% 7.07% 4/1/2024 4/1/2031 EUR","4","505","% of Net Assets","0.15"
"SRC042","192","6","Odevo, AB ....... (4)(5)(6)(8) E+5.25% 7.36% 10/31/2024 12/31/2030 EUR","1","403","Amount/ Units (1)","251"
"SRC042","192","6","Odevo, AB ....... (4)(5)(6)(8) E+5.25% 7.36% 10/31/2024 12/31/2030 EUR","2","439","Cost (3)","261"
"SRC042","192","6","Odevo, AB ....... (4)(5)(6)(8) E+5.25% 7.36% 10/31/2024 12/31/2030 EUR","3","474","Fair Value","295"
"SRC042","192","6","Odevo, AB ....... (4)(5)(6)(8) E+5.25% 7.36% 10/31/2024 12/31/2030 EUR","4","505","% of Net Assets","0.00"
"SRC042","192","7","Odevo, AB ....... (4)(5)(6)(8) S+5.25% 9.22% 10/31/2024 12/31/2030 GBP","1","403","Amount/ Units (1)","2,215"
"SRC042","192","7","Odevo, AB ....... (4)(5)(6)(8) S+5.25% 9.22% 10/31/2024 12/31/2030 GBP","2","439","Cost (3)","2,795"
"SRC042","192","7","Odevo, AB ....... (4)(5)(6)(8) S+5.25% 9.22% 10/31/2024 12/31/2030 GBP","3","474","Fair Value","2,986"
"SRC042","192","7","Odevo, AB ....... (4)(5)(6)(8) S+5.25% 9.22% 10/31/2024 12/31/2030 GBP","4","505","% of Net Assets","0.05"
"SRC042","192","8","Odevo, AB ....... (4)(5)(6)(8) ST+5.25% 7.21% 10/31/2024 12/31/2030 SEK","1","403","Amount/ Units (1)","90,957"
"SRC042","192","8","Odevo, AB ....... (4)(5)(6)(8) ST+5.25% 7.21% 10/31/2024 12/31/2030 SEK","2","439","Cost (3)","8,217"
"SRC042","192","8","Odevo, AB ....... (4)(5)(6)(8) ST+5.25% 7.21% 10/31/2024 12/31/2030 SEK","3","474","Fair Value","9,880"
"SRC042","192","8","Odevo, AB ....... (4)(5)(6)(8) ST+5.25% 7.21% 10/31/2024 12/31/2030 SEK","4","505","% of Net Assets","0.16"
"SRC042","192","9","Odevo, AB ....... (4)(6)(8) SOFR+5.25% 8.96% 10/31/2024 12/31/2030","1","403","Amount/ Units (1)","28,239"
"SRC042","192","9","Odevo, AB ....... (4)(6)(8) SOFR+5.25% 8.96% 10/31/2024 12/31/2030","2","439","Cost (3)","28,122"
"SRC042","192","9","Odevo, AB ....... (4)(6)(8) SOFR+5.25% 8.96% 10/31/2024 12/31/2030","3","474","Fair Value","28,239"
"SRC042","192","9","Odevo, AB ....... (4)(6)(8) SOFR+5.25% 8.96% 10/31/2024 12/31/2030","4","505","% of Net Assets","0.45"
"SRC042","192","10","Odevo, AB ....... (4)(5)(6)(7)(8) E+5.25% 7.36% 11/28/2024 12/31/2030 EUR","1","403","Amount/ Units (1)","12,352"
"SRC042","192","10","Odevo, AB ....... (4)(5)(6)(7)(8) E+5.25% 7.36% 11/28/2024 12/31/2030 EUR","2","439","Cost (3)","12,691"
"SRC042","192","10","Odevo, AB ....... (4)(5)(6)(7)(8) E+5.25% 7.36% 11/28/2024 12/31/2030 EUR","3","474","Fair Value","14,307"
"SRC042","192","10","Odevo, AB ....... (4)(5)(6)(7)(8) E+5.25% 7.36% 11/28/2024 12/31/2030 EUR","4","505","% of Net Assets","0.23"
"SRC042","192","11","Odevo, AB ....... (4)(5)(6)(8) SOFR+5.25% 8.96% 6/30/2025 12/31/2030","1","403","Amount/ Units (1)","10,329"
"SRC042","192","11","Odevo, AB ....... (4)(5)(6)(8) SOFR+5.25% 8.96% 6/30/2025 12/31/2030","2","439","Cost (3)","9,451"
"SRC042","192","11","Odevo, AB ....... (4)(5)(6)(8) SOFR+5.25% 8.96% 6/30/2025 12/31/2030","3","474","Fair Value","10,329"
"SRC042","192","11","Odevo, AB ....... (4)(5)(6)(8) SOFR+5.25% 8.96% 6/30/2025 12/31/2030","4","505","% of Net Assets","0.17"
"SRC042","192","12","Odevo, AB ....... (4)(5)(6)(8) S+5.25% 9.22% 9/12/2025 12/31/2030 GBP","1","403","Amount/ Units (1)","3,729"
"SRC042","192","12","Odevo, AB ....... (4)(5)(6)(8) S+5.25% 9.22% 9/12/2025 12/31/2030 GBP","2","439","Cost (3)","4,505"
"SRC042","192","12","Odevo, AB ....... (4)(5)(6)(8) S+5.25% 9.22% 9/12/2025 12/31/2030 GBP","3","474","Fair Value","5,027"
"SRC042","192","12","Odevo, AB ....... (4)(5)(6)(8) S+5.25% 9.22% 9/12/2025 12/31/2030 GBP","4","505","% of Net Assets","0.08"
"SRC042","192","13","Oy ............ (4)(5)(6)(8) E+4.50% 6.51% 10/11/2024 10/10/2031 EUR","1","403","Amount/ Units (1)","727"
"SRC042","192","13","Oy ............ (4)(5)(6)(8) E+4.50% 6.51% 10/11/2024 10/10/2031 EUR","2","439","Cost (3)","790"
"SRC042","192","13","Oy ............ (4)(5)(6)(8) E+4.50% 6.51% 10/11/2024 10/10/2031 EUR","3","474","Fair Value","855"
"SRC042","192","13","Oy ............ (4)(5)(6)(8) E+4.50% 6.51% 10/11/2024 10/10/2031 EUR","4","505","% of Net Assets","0.01"
"SRC042","192","14","Oy ............ (4)(5)(6)(7)(8) E+4.50% 6.51% 10/14/2024 8/13/2031 EUR","1","403","Amount/ Units (1)","111"
"SRC042","192","14","Oy ............ (4)(5)(6)(7)(8) E+4.50% 6.51% 10/14/2024 8/13/2031 EUR","2","439","Cost (3)","120"
"SRC042","192","14","Oy ............ (4)(5)(6)(7)(8) E+4.50% 6.51% 10/14/2024 8/13/2031 EUR","3","474","Fair Value","130"
"SRC042","192","14","Oy ............ (4)(5)(6)(7)(8) E+4.50% 6.51% 10/14/2024 8/13/2031 EUR","4","505","% of Net Assets","0.00"
"SRC042","192","15","Inc. ............ (4)(5)(7)(10) SOFR+4.75% 8.42% 7/28/2025 7/28/2032","1","403","Amount/ Units (1)","11,613"
"SRC042","192","15","Inc. ............ (4)(5)(7)(10) SOFR+4.75% 8.42% 7/28/2025 7/28/2032","2","439","Cost (3)","11,486"
"SRC042","192","15","Inc. ............ (4)(5)(7)(10) SOFR+4.75% 8.42% 7/28/2025 7/28/2032","3","474","Fair Value","11,477"
"SRC042","192","15","Inc. ............ (4)(5)(7)(10) SOFR+4.75% 8.42% 7/28/2025 7/28/2032","4","505","% of Net Assets","0.18"
"SRC042","192","16","Inc. ............ (4)(5)(7)(10) SOFR+4.50% 8.22% 8/29/2024 8/29/2031","1","403","Amount/ Units (1)","4,548"
"SRC042","192","16","Inc. ............ (4)(5)(7)(10) SOFR+4.50% 8.22% 8/29/2024 8/29/2031","2","439","Cost (3)","4,505"
"SRC042","192","16","Inc. ............ (4)(5)(7)(10) SOFR+4.50% 8.22% 8/29/2024 8/29/2031","3","474","Fair Value","4,543"
"SRC042","192","16","Inc. ............ (4)(5)(7)(10) SOFR+4.50% 8.22% 8/29/2024 8/29/2031","4","505","% of Net Assets","0.07"
"SRC042","192","17","Anaplan, Inc. ...... (4)(7)(10) SOFR+4.50% 8.32% 5/20/2025 6/21/2029","1","403","Amount/ Units (1)","24,245"
"SRC042","192","17","Anaplan, Inc. ...... (4)(7)(10) SOFR+4.50% 8.32% 5/20/2025 6/21/2029","2","439","Cost (3)","24,097"
"SRC042","192","17","Anaplan, Inc. ...... (4)(7)(10) SOFR+4.50% 8.32% 5/20/2025 6/21/2029","3","474","Fair Value","24,242"
"SRC042","192","17","Anaplan, Inc. ...... (4)(7)(10) SOFR+4.50% 8.32% 5/20/2025 6/21/2029","4","505","% of Net Assets","0.39"
"SRC042","192","18","GmbH ......... (4)(6)(7)(8) E+4.50% 6.52% 9/18/2024 9/30/2031 EUR","1","403","Amount/ Units (1)","51,761"
"SRC042","192","18","GmbH ......... (4)(6)(7)(8) E+4.50% 6.52% 9/18/2024 9/30/2031 EUR","2","439","Cost (3)","56,765"
"SRC042","192","18","GmbH ......... (4)(6)(7)(8) E+4.50% 6.52% 9/18/2024 9/30/2031 EUR","3","474","Fair Value","60,829"
"SRC042","192","18","GmbH ......... (4)(6)(7)(8) E+4.50% 6.52% 9/18/2024 9/30/2031 EUR","4","505","% of Net Assets","0.97"
"SRC042","192","19","Auctane, Inc. ...... (4)(10) SOFR+5.75% 9.58% 10/5/2021 10/5/2028","1","403","Amount/ Units (1)","278,297"
"SRC042","192","19","Auctane, Inc. ...... (4)(10) SOFR+5.75% 9.58% 10/5/2021 10/5/2028","2","439","Cost (3)","276,103"
"SRC042","192","19","Auctane, Inc. ...... (4)(10) SOFR+5.75% 9.58% 10/5/2021 10/5/2028","3","474","Fair Value","274,123"
"SRC042","192","19","Auctane, Inc. ...... (4)(10) SOFR+5.75% 9.58% 10/5/2021 10/5/2028","4","505","% of Net Assets","4.39"
"SRC042","192","20","Auctane, Inc. ...... (4)(5)(10) SOFR+5.75% 9.58% 12/14/2021 10/5/2028","1","403","Amount/ Units (1)","3,273"
"SRC042","192","20","Auctane, Inc. ...... (4)(5)(10) SOFR+5.75% 9.58% 12/14/2021 10/5/2028","2","439","Cost (3)","3,247"
"SRC042","192","20","Auctane, Inc. ...... (4)(5)(10) SOFR+5.75% 9.58% 12/14/2021 10/5/2028","3","474","Fair Value","3,224"
"SRC042","192","20","Auctane, Inc. ...... (4)(5)(10) SOFR+5.75% 9.58% 12/14/2021 10/5/2028","4","505","% of Net Assets","0.05"
"SRC042","192","21","AuditBoard, Inc. ... (4)(7)(10) SOFR+4.50% 8.24% 7/12/2024 7/12/2031","1","403","Amount/ Units (1)","13,684"
"SRC042","192","21","AuditBoard, Inc. ... (4)(7)(10) SOFR+4.50% 8.24% 7/12/2024 7/12/2031","2","439","Cost (3)","13,562"
"SRC042","192","21","AuditBoard, Inc. ... (4)(7)(10) SOFR+4.50% 8.24% 7/12/2024 7/12/2031","3","474","Fair Value","13,684"
"SRC042","192","21","AuditBoard, Inc. ... (4)(7)(10) SOFR+4.50% 8.24% 7/12/2024 7/12/2031","4","505","% of Net Assets","0.22"
"SRC042","192","22","AuditBoard, Inc. ... (4)(5)(10) SOFR+4.50% 8.24% 12/10/2025 7/12/2031","1","403","Amount/ Units (1)","1,766"
"SRC042","192","22","AuditBoard, Inc. ... (4)(5)(10) SOFR+4.50% 8.24% 12/10/2025 7/12/2031","2","439","Cost (3)","1,753"
"SRC042","192","22","AuditBoard, Inc. ... (4)(5)(10) SOFR+4.50% 8.24% 12/10/2025 7/12/2031","3","474","Fair Value","1,752"
"SRC042","192","22","AuditBoard, Inc. ... (4)(5)(10) SOFR+4.50% 8.24% 12/10/2025 7/12/2031","4","505","% of Net Assets","0.03"
"SRC042","192","23","Holdings, Inc. ... (4)(7)(10) SOFR+6.00% 9.72% 3/19/2024 3/19/2031","1","403","Amount/ Units (1)","36,936"
"SRC042","192","23","Holdings, Inc. ... (4)(7)(10) SOFR+6.00% 9.72% 3/19/2024 3/19/2031","2","439","Cost (3)","36,478"
"SRC042","192","23","Holdings, Inc. ... (4)(7)(10) SOFR+6.00% 9.72% 3/19/2024 3/19/2031","3","474","Fair Value","36,919"
"SRC042","192","23","Holdings, Inc. ... (4)(7)(10) SOFR+6.00% 9.72% 3/19/2024 3/19/2031","4","505","% of Net Assets","0.59"
"SRC042","192","24","Holdings, LLC .. (4)(11) SOFR+5.50% 9.22% 1/2/2025 1/2/2031","1","403","Amount/ Units (1)","9,321"
"SRC042","192","24","Holdings, LLC .. (4)(11) SOFR+5.50% 9.22% 1/2/2025 1/2/2031","2","439","Cost (3)","9,243"
"SRC042","192","24","Holdings, LLC .. (4)(11) SOFR+5.50% 9.22% 1/2/2025 1/2/2031","3","474","Fair Value","9,297"
"SRC042","192","24","Holdings, LLC .. (4)(11) SOFR+5.50% 9.22% 1/2/2025 1/2/2031","4","505","% of Net Assets","0.15"
"SRC042","192","25","Holdings, LLC .. (4)(5)(7)(11) SOFR+5.50% 9.22% 1/2/2025 1/2/2031","1","403","Amount/ Units (1)","6,765"
"SRC042","192","25","Holdings, LLC .. (4)(5)(7)(11) SOFR+5.50% 9.22% 1/2/2025 1/2/2031","2","439","Cost (3)","6,699"
"SRC042","192","25","Holdings, LLC .. (4)(5)(7)(11) SOFR+5.50% 9.22% 1/2/2025 1/2/2031","3","474","Fair Value","6,745"
"SRC042","192","25","Holdings, LLC .. (4)(5)(7)(11) SOFR+5.50% 9.22% 1/2/2025 1/2/2031","4","505","% of Net Assets","0.11"
"SRC042","192","26","Holdings, LLC .. (4)(5)(7)(11) SOFR+5.25% 8.98% 10/7/2025 1/2/2031","1","403","Amount/ Units (1)","1,366"
"SRC042","192","26","Holdings, LLC .. (4)(5)(7)(11) SOFR+5.25% 8.98% 10/7/2025 1/2/2031","2","439","Cost (3)","1,360"
"SRC042","192","26","Holdings, LLC .. (4)(5)(7)(11) SOFR+5.25% 8.98% 10/7/2025 1/2/2031","3","474","Fair Value","1,308"
"SRC042","192","26","Holdings, LLC .. (4)(5)(7)(11) SOFR+5.25% 8.98% 10/7/2025 1/2/2031","4","505","% of Net Assets","0.02"
"SRC042","192","27","LP ............ (4)(10) SOFR+5.50% PIK) 9/19/2025 10/2/2028","1","403","Amount/ Units (1)","97,682"
"SRC042","192","27","LP ............ (4)(10) SOFR+5.50% PIK) 9/19/2025 10/2/2028","2","439","Cost (3)","97,597"
"SRC042","192","27","LP ............ (4)(10) SOFR+5.50% PIK) 9/19/2025 10/2/2028","3","474","Fair Value","97,682"
"SRC042","192","27","LP ............ (4)(10) SOFR+5.50% PIK) 9/19/2025 10/2/2028","4","505","% of Net Assets","1.56"
"SRC042","192","28","LP ............ (4)(5)(7)(10) SOFR+5.00% 8.69% 11/8/2024 10/1/2027","1","403","Amount/ Units (1)","2,287"
"SRC042","192","28","LP ............ (4)(5)(7)(10) SOFR+5.00% 8.69% 11/8/2024 10/1/2027","2","439","Cost (3)","2,262"
"SRC042","192","28","LP ............ (4)(5)(7)(10) SOFR+5.00% 8.69% 11/8/2024 10/1/2027","3","474","Fair Value","2,287"
"SRC042","192","28","LP ............ (4)(5)(7)(10) SOFR+5.00% 8.69% 11/8/2024 10/1/2027","4","505","% of Net Assets","0.04"
"SRC042","192","29","Inc. ............ (6)(11) SOFR+5.25% 9.03% 2/19/2025 3/7/2031","1","403","Amount/ Units (1)","17,692"
"SRC042","192","29","Inc. ............ (6)(11) SOFR+5.25% 9.03% 2/19/2025 3/7/2031","2","439","Cost (3)","17,489"
"SRC042","192","29","Inc. ............ (6)(11) SOFR+5.25% 9.03% 2/19/2025 3/7/2031","3","474","Fair Value","17,272"
"SRC042","192","29","Inc. ............ (6)(11) SOFR+5.25% 9.03% 2/19/2025 3/7/2031","4","505","% of Net Assets","0.28"
"SRC042","193","1","USA, Inc. ....... (4)(10) SOFR+5.75% 9.48% 8/8/2022 8/8/2028 $","1","403","Amount/ Units (1)","1,956"
"SRC042","193","1","USA, Inc. ....... (4)(10) SOFR+5.75% 9.48% 8/8/2022 8/8/2028 $","2","439","Cost (3)","1,940"
"SRC042","193","1","USA, Inc. ....... (4)(10) SOFR+5.75% 9.48% 8/8/2022 8/8/2028 $","3","474","Fair Value","1,937"
"SRC042","193","1","USA, Inc. ....... (4)(10) SOFR+5.75% 9.48% 8/8/2022 8/8/2028 $","4","505","% of Net Assets","0.03%"
"SRC042","193","2","USA, Inc. ....... (4)(5)(10) SOFR+5.75% 9.48% 8/8/2022 8/8/2028","1","403","Amount/ Units (1)","345"
"SRC042","193","2","USA, Inc. ....... (4)(5)(10) SOFR+5.75% 9.48% 8/8/2022 8/8/2028","2","439","Cost (3)","343"
"SRC042","193","2","USA, Inc. ....... (4)(5)(10) SOFR+5.75% 9.48% 8/8/2022 8/8/2028","3","474","Fair Value","342"
"SRC042","193","2","USA, Inc. ....... (4)(5)(10) SOFR+5.75% 9.48% 8/8/2022 8/8/2028","4","505","% of Net Assets","0.01"
"SRC042","193","3","USA, Inc. ....... (4)(5)(10) SOFR+5.75% 9.48% 8/8/2022 8/8/2028","1","403","Amount/ Units (1)","238"
"SRC042","193","3","USA, Inc. ....... (4)(5)(10) SOFR+5.75% 9.48% 8/8/2022 8/8/2028","2","439","Cost (3)","236"
"SRC042","193","3","USA, Inc. ....... (4)(5)(10) SOFR+5.75% 9.48% 8/8/2022 8/8/2028","3","474","Fair Value","235"
"SRC042","193","3","USA, Inc. ....... (4)(5)(10) SOFR+5.75% 9.48% 8/8/2022 8/8/2028","4","505","% of Net Assets","0.00"
"SRC042","193","4","USA, Inc. ....... (4)(5)(10) SOFR+5.75% 9.48% 10/25/2024 8/8/2028","1","403","Amount/ Units (1)","1,589"
"SRC042","193","4","USA, Inc. ....... (4)(5)(10) SOFR+5.75% 9.48% 10/25/2024 8/8/2028","2","439","Cost (3)","1,573"
"SRC042","193","4","USA, Inc. ....... (4)(5)(10) SOFR+5.75% 9.48% 10/25/2024 8/8/2028","3","474","Fair Value","1,573"
"SRC042","193","4","USA, Inc. ....... (4)(5)(10) SOFR+5.75% 9.48% 10/25/2024 8/8/2028","4","505","% of Net Assets","0.03"
"SRC042","193","5","LLC ........... (4)(7)(11) SOFR+4.25% 7.98% 9/12/2023 9/12/2029","1","403","Amount/ Units (1)","27,291"
"SRC042","193","5","LLC ........... (4)(7)(11) SOFR+4.25% 7.98% 9/12/2023 9/12/2029","2","439","Cost (3)","26,853"
"SRC042","193","5","LLC ........... (4)(7)(11) SOFR+4.25% 7.98% 9/12/2023 9/12/2029","3","474","Fair Value","27,291"
"SRC042","193","5","LLC ........... (4)(7)(11) SOFR+4.25% 7.98% 9/12/2023 9/12/2029","4","505","% of Net Assets","0.44"
"SRC042","193","6","S.à r.l. ......... (4)(5)(6)(8) E +5.00% 7.10% 9/26/2025 9/27/2032 EUR","1","403","Amount/ Units (1)","9,838"
"SRC042","193","6","S.à r.l. ......... (4)(5)(6)(8) E +5.00% 7.10% 9/26/2025 9/27/2032 EUR","2","439","Cost (3)","11,350"
"SRC042","193","6","S.à r.l. ......... (4)(5)(6)(8) E +5.00% 7.10% 9/26/2025 9/27/2032 EUR","3","474","Fair Value","11,389"
"SRC042","193","6","S.à r.l. ......... (4)(5)(6)(8) E +5.00% 7.10% 9/26/2025 9/27/2032 EUR","4","505","% of Net Assets","0.18"
"SRC042","193","7","Holdings, Inc. ... (4)(7)(10) SOFR+4.25% 7.97% 10/17/2025 11/28/2030","1","403","Amount/ Units (1)","67,106"
"SRC042","193","7","Holdings, Inc. ... (4)(7)(10) SOFR+4.25% 7.97% 10/17/2025 11/28/2030","2","439","Cost (3)","66,604"
"SRC042","193","7","Holdings, Inc. ... (4)(7)(10) SOFR+4.25% 7.97% 10/17/2025 11/28/2030","3","474","Fair Value","67,106"
"SRC042","193","7","Holdings, Inc. ... (4)(7)(10) SOFR+4.25% 7.97% 10/17/2025 11/28/2030","4","505","% of Net Assets","1.07"
"SRC042","193","8","Inc. ............ (4)(10) SOFR+4.50% 8.17% 12/3/2025 12/3/2032","1","403","Amount/ Units (1)","5,121"
"SRC042","193","8","Inc. ............ (4)(10) SOFR+4.50% 8.17% 12/3/2025 12/3/2032","2","439","Cost (3)","5,080"
"SRC042","193","8","Inc. ............ (4)(10) SOFR+4.50% 8.17% 12/3/2025 12/3/2032","3","474","Fair Value","5,096"
"SRC042","193","8","Inc. ............ (4)(10) SOFR+4.50% 8.17% 12/3/2025 12/3/2032","4","505","% of Net Assets","0.08"
"SRC042","193","9","Ltd. ........... (4)(6)(8) S+5.00% 9.22% 7/2/2024 2/1/2029 GBP","1","403","Amount/ Units (1)","39,280"
"SRC042","193","9","Ltd. ........... (4)(6)(8) S+5.00% 9.22% 7/2/2024 2/1/2029 GBP","2","439","Cost (3)","49,984"
"SRC042","193","9","Ltd. ........... (4)(6)(8) S+5.00% 9.22% 7/2/2024 2/1/2029 GBP","3","474","Fair Value","52,948"
"SRC042","193","9","Ltd. ........... (4)(6)(8) S+5.00% 9.22% 7/2/2024 2/1/2029 GBP","4","505","% of Net Assets","0.85"
"SRC042","193","10","Bidco .......... (4)(6)(8) SOFR+5.75% 9.43% 2/23/2022 2/23/2029","1","403","Amount/ Units (1)","15,868"
"SRC042","193","10","Bidco .......... (4)(6)(8) SOFR+5.75% 9.43% 2/23/2022 2/23/2029","2","439","Cost (3)","15,657"
"SRC042","193","10","Bidco .......... (4)(6)(8) SOFR+5.75% 9.43% 2/23/2022 2/23/2029","3","474","Fair Value","12,694"
"SRC042","193","10","Bidco .......... (4)(6)(8) SOFR+5.75% 9.43% 2/23/2022 2/23/2029","4","505","% of Net Assets","0.20"
"SRC042","193","11","Bidco .......... (4)(5)(6)(8) SOFR+5.75% 9.43% 3/11/2022 2/23/2029","1","403","Amount/ Units (1)","379"
"SRC042","193","11","Bidco .......... (4)(5)(6)(8) SOFR+5.75% 9.43% 3/11/2022 2/23/2029","2","439","Cost (3)","379"
"SRC042","193","11","Bidco .......... (4)(5)(6)(8) SOFR+5.75% 9.43% 3/11/2022 2/23/2029","3","474","Fair Value","303"
"SRC042","193","11","Bidco .......... (4)(5)(6)(8) SOFR+5.75% 9.43% 3/11/2022 2/23/2029","4","505","% of Net Assets","0.00"
"SRC042","193","12","Inc. ............ (4)(5)(9) SOFR+5.00% 8.85% 2/14/2025 7/30/2028","1","403","Amount/ Units (1)","2,215"
"SRC042","193","12","Inc. ............ (4)(5)(9) SOFR+5.00% 8.85% 2/14/2025 7/30/2028","2","439","Cost (3)","2,164"
"SRC042","193","12","Inc. ............ (4)(5)(9) SOFR+5.00% 8.85% 2/14/2025 7/30/2028","3","474","Fair Value","2,182"
"SRC042","193","12","Inc. ............ (4)(5)(9) SOFR+5.00% 8.85% 2/14/2025 7/30/2028","4","505","% of Net Assets","0.03"
"SRC042","193","13","Inc. ............ (4)(10) SOFR+5.50% 9.70% 7/14/2021 7/14/2027","1","403","Amount/ Units (1)","21,137"
"SRC042","193","13","Inc. ............ (4)(10) SOFR+5.50% 9.70% 7/14/2021 7/14/2027","2","439","Cost (3)","21,029"
"SRC042","193","13","Inc. ............ (4)(10) SOFR+5.50% 9.70% 7/14/2021 7/14/2027","3","474","Fair Value","20,820"
"SRC042","193","13","Inc. ............ (4)(10) SOFR+5.50% 9.70% 7/14/2021 7/14/2027","4","505","% of Net Assets","0.33"
"SRC042","193","14","Inc. ............ (4)(5)(7)(10) SOFR+5.50% 9.70% 7/14/2021 7/14/2027","1","403","Amount/ Units (1)","2,390"
"SRC042","193","14","Inc. ............ (4)(5)(7)(10) SOFR+5.50% 9.70% 7/14/2021 7/14/2027","2","439","Cost (3)","2,362"
"SRC042","193","14","Inc. ............ (4)(5)(7)(10) SOFR+5.50% 9.70% 7/14/2021 7/14/2027","3","474","Fair Value","2,308"
"SRC042","193","14","Inc. ............ (4)(5)(7)(10) SOFR+5.50% 9.70% 7/14/2021 7/14/2027","4","505","% of Net Assets","0.04"
"SRC042","193","15","Inc. ............ (4)(5)(10) SOFR+5.50% 9.70% 10/9/2024 7/14/2027","1","403","Amount/ Units (1)","1,132"
"SRC042","193","15","Inc. ............ (4)(5)(10) SOFR+5.50% 9.70% 10/9/2024 7/14/2027","2","439","Cost (3)","1,119"
"SRC042","193","15","Inc. ............ (4)(5)(10) SOFR+5.50% 9.70% 10/9/2024 7/14/2027","3","474","Fair Value","1,115"
"SRC042","193","15","Inc. ............ (4)(5)(10) SOFR+5.50% 9.70% 10/9/2024 7/14/2027","4","505","% of Net Assets","0.02"
"SRC042","193","16","Inc. ............ (4)(5)(7)(10) SOFR+5.50% 9.70% 10/9/2024 7/14/2027","1","403","Amount/ Units (1)","505"
"SRC042","193","16","Inc. ............ (4)(5)(7)(10) SOFR+5.50% 9.70% 10/9/2024 7/14/2027","2","439","Cost (3)","485"
"SRC042","193","16","Inc. ............ (4)(5)(7)(10) SOFR+5.50% 9.70% 10/9/2024 7/14/2027","3","474","Fair Value","490"
"SRC042","193","16","Inc. ............ (4)(5)(7)(10) SOFR+5.50% 9.70% 10/9/2024 7/14/2027","4","505","% of Net Assets","0.01"
"SRC042","193","17","Inc. ............ (4)(5)(6)(7)(10) SOFR+5.25% 9.09% 2/27/2023 2/27/2030","1","403","Amount/ Units (1)","1,809"
"SRC042","193","17","Inc. ............ (4)(5)(6)(7)(10) SOFR+5.25% 9.09% 2/27/2023 2/27/2030","2","439","Cost (3)","1,779"
"SRC042","193","17","Inc. ............ (4)(5)(6)(7)(10) SOFR+5.25% 9.09% 2/27/2023 2/27/2030","3","474","Fair Value","1,810"
"SRC042","193","17","Inc. ............ (4)(5)(6)(7)(10) SOFR+5.25% 9.09% 2/27/2023 2/27/2030","4","505","% of Net Assets","0.03"
"SRC042","193","18","Inc. ............ (4)(7)(11) SOFR+6.75% 10.59% 11/8/2023 11/8/2030","1","403","Amount/ Units (1)","61,956"
"SRC042","193","18","Inc. ............ (4)(7)(11) SOFR+6.75% 10.59% 11/8/2023 11/8/2030","2","439","Cost (3)","60,769"
"SRC042","193","18","Inc. ............ (4)(7)(11) SOFR+6.75% 10.59% 11/8/2023 11/8/2030","3","474","Fair Value","61,956"
"SRC042","193","18","Inc. ............ (4)(7)(11) SOFR+6.75% 10.59% 11/8/2023 11/8/2030","4","505","% of Net Assets","0.99"
"SRC042","193","19","Ltd. ........... (4)(5)(6)(7)(8) S +5.00% 8.72% 9/5/2025 9/5/2031 GBP","1","403","Amount/ Units (1)","17,654"
"SRC042","193","19","Ltd. ........... (4)(5)(6)(7)(8) S +5.00% 8.72% 9/5/2025 9/5/2031 GBP","2","439","Cost (3)","23,270"
"SRC042","193","19","Ltd. ........... (4)(5)(6)(7)(8) S +5.00% 8.72% 9/5/2025 9/5/2031 GBP","3","474","Fair Value","23,674"
"SRC042","193","19","Ltd. ........... (4)(5)(6)(7)(8) S +5.00% 8.72% 9/5/2025 9/5/2031 GBP","4","505","% of Net Assets","0.38"
"SRC042","193","20","Ltd. ........... (4)(5)(6)(8) E +5.00% 7.02% 9/5/2025 9/5/2031 EUR","1","403","Amount/ Units (1)","31,222"
"SRC042","193","20","Ltd. ........... (4)(5)(6)(8) E +5.00% 7.02% 9/5/2025 9/5/2031 EUR","2","439","Cost (3)","36,252"
"SRC042","193","20","Ltd. ........... (4)(5)(6)(8) E +5.00% 7.02% 9/5/2025 9/5/2031 EUR","3","474","Fair Value","36,508"
"SRC042","193","20","Ltd. ........... (4)(5)(6)(8) E +5.00% 7.02% 9/5/2025 9/5/2031 EUR","4","505","% of Net Assets","0.58"
"SRC042","193","21","Ltd. ........... (4)(5)(6)(8) E +5.00% 7.02% 9/5/2025 9/5/2031 EUR","1","403","Amount/ Units (1)","1,632"
"SRC042","193","21","Ltd. ........... (4)(5)(6)(8) E +5.00% 7.02% 9/5/2025 9/5/2031 EUR","2","439","Cost (3)","1,760"
"SRC042","193","21","Ltd. ........... (4)(5)(6)(8) E +5.00% 7.02% 9/5/2025 9/5/2031 EUR","3","474","Fair Value","1,909"
"SRC042","193","21","Ltd. ........... (4)(5)(6)(8) E +5.00% 7.02% 9/5/2025 9/5/2031 EUR","4","505","% of Net Assets","0.03"
"SRC042","193","22","Diligent Corp. ..... (4)(10) SOFR+5.00% 8.82% 4/30/2024 8/2/2030","1","403","Amount/ Units (1)","49,683"
"SRC042","193","22","Diligent Corp. ..... (4)(10) SOFR+5.00% 8.82% 4/30/2024 8/2/2030","2","439","Cost (3)","49,537"
"SRC042","193","22","Diligent Corp. ..... (4)(10) SOFR+5.00% 8.82% 4/30/2024 8/2/2030","3","474","Fair Value","49,683"
"SRC042","193","22","Diligent Corp. ..... (4)(10) SOFR+5.00% 8.82% 4/30/2024 8/2/2030","4","505","% of Net Assets","0.80"
"SRC042","193","23","Diligent Corp. ..... (4)(10) SOFR+5.00% 8.82% 4/30/2024 8/2/2030","1","403","Amount/ Units (1)","8,517"
"SRC042","193","23","Diligent Corp. ..... (4)(10) SOFR+5.00% 8.82% 4/30/2024 8/2/2030","2","439","Cost (3)","8,492"
"SRC042","193","23","Diligent Corp. ..... (4)(10) SOFR+5.00% 8.82% 4/30/2024 8/2/2030","3","474","Fair Value","8,517"
"SRC042","193","23","Diligent Corp. ..... (4)(10) SOFR+5.00% 8.82% 4/30/2024 8/2/2030","4","505","% of Net Assets","0.14"
"SRC042","193","24","Education, Inc. .. (4)(10) SOFR+6.75% PIK) 4/7/2022 4/9/2029","1","403","Amount/ Units (1)","34,503"
"SRC042","193","24","Education, Inc. .. (4)(10) SOFR+6.75% PIK) 4/7/2022 4/9/2029","2","439","Cost (3)","34,263"
"SRC042","193","24","Education, Inc. .. (4)(10) SOFR+6.75% PIK) 4/7/2022 4/9/2029","3","474","Fair Value","28,724"
"SRC042","193","24","Education, Inc. .. (4)(10) SOFR+6.75% PIK) 4/7/2022 4/9/2029","4","505","% of Net Assets","0.46"
"SRC042","193","25","Education, Inc. .. (4)(5)(7)(10) SOFR+5.75% 9.71% 4/7/2022 4/9/2029","1","403","Amount/ Units (1)","1,973"
"SRC042","193","25","Education, Inc. .. (4)(5)(7)(10) SOFR+5.75% 9.71% 4/7/2022 4/9/2029","2","439","Cost (3)","1,946"
"SRC042","193","25","Education, Inc. .. (4)(5)(7)(10) SOFR+5.75% 9.71% 4/7/2022 4/9/2029","3","474","Fair Value","1,478"
"SRC042","193","25","Education, Inc. .. (4)(5)(7)(10) SOFR+5.75% 9.71% 4/7/2022 4/9/2029","4","505","% of Net Assets","0.02"
"SRC042","193","26","Education, Inc. .. (4)(5)(10) SOFR+6.75% PIK) 10/3/2023 4/9/2029","1","403","Amount/ Units (1)","3,882"
"SRC042","193","26","Education, Inc. .. (4)(5)(10) SOFR+6.75% PIK) 10/3/2023 4/9/2029","2","439","Cost (3)","3,854"
"SRC042","193","26","Education, Inc. .. (4)(5)(10) SOFR+6.75% PIK) 10/3/2023 4/9/2029","3","474","Fair Value","3,232"
"SRC042","193","26","Education, Inc. .. (4)(5)(10) SOFR+6.75% PIK) 10/3/2023 4/9/2029","4","505","% of Net Assets","0.05"
"SRC042","193","27","Ltd. ........... (4)(5)(7)(11) SOFR+4.50% 8.32% 11/25/2024 11/26/2029","1","403","Amount/ Units (1)","11,519"
"SRC042","193","27","Ltd. ........... (4)(5)(7)(11) SOFR+4.50% 8.32% 11/25/2024 11/26/2029","2","439","Cost (3)","11,261"
"SRC042","193","27","Ltd. ........... (4)(5)(7)(11) SOFR+4.50% 8.32% 11/25/2024 11/26/2029","3","474","Fair Value","11,432"
"SRC042","193","27","Ltd. ........... (4)(5)(7)(11) SOFR+4.50% 8.32% 11/25/2024 11/26/2029","4","505","% of Net Assets","0.18"
"SRC042","193","28","Dropbox, Inc. ..... (4)(6)(7)(10)(18) SOFR+4.91% 8.65% 12/10/2024 12/11/2029","1","403","Amount/ Units (1)","78,915"
"SRC042","193","28","Dropbox, Inc. ..... (4)(6)(7)(10)(18) SOFR+4.91% 8.65% 12/10/2024 12/11/2029","2","439","Cost (3)","78,035"
"SRC042","193","28","Dropbox, Inc. ..... (4)(6)(7)(10)(18) SOFR+4.91% 8.65% 12/10/2024 12/11/2029","3","474","Fair Value","77,905"
"SRC042","193","28","Dropbox, Inc. ..... (4)(6)(7)(10)(18) SOFR+4.91% 8.65% 12/10/2024 12/11/2029","4","505","% of Net Assets","1.25"
"SRC042","193","29","Inc. ............ (4)(5)(7)(9) SOFR+4.50% 8.24% 9/6/2025 9/8/2032","1","403","Amount/ Units (1)","361"
"SRC042","193","29","Inc. ............ (4)(5)(7)(9) SOFR+4.50% 8.24% 9/6/2025 9/8/2032","2","439","Cost (3)","359"
"SRC042","193","29","Inc. ............ (4)(5)(7)(9) SOFR+4.50% 8.24% 9/6/2025 9/8/2032","3","474","Fair Value","360"
"SRC042","193","29","Inc. ............ (4)(5)(7)(9) SOFR+4.50% 8.24% 9/6/2025 9/8/2032","4","505","% of Net Assets","0.01"
"SRC042","194","1","Edison Bidco, AS .. (4)(5)(6)(7)(8) E +5.25% 7.41% 12/18/2024 12/18/2031 EUR","1","403","Amount/ Units (1)","345"
"SRC042","194","1","Edison Bidco, AS .. (4)(5)(6)(7)(8) E +5.25% 7.41% 12/18/2024 12/18/2031 EUR","2","439","Cost (3)","345"
"SRC042","194","1","Edison Bidco, AS .. (4)(5)(6)(7)(8) E +5.25% 7.41% 12/18/2024 12/18/2031 EUR","3","474","Fair Value","406"
"SRC042","194","1","Edison Bidco, AS .. (4)(5)(6)(7)(8) E +5.25% 7.41% 12/18/2024 12/18/2031 EUR","4","505","% of Net Assets","0.01%"
"SRC042","194","2","Ltd. ........... (4)(5)(6)(8) SOFR+5.00% 8.72% 4/30/2024 4/29/2031","1","403","Amount/ Units (1)","5,046"
"SRC042","194","2","Ltd. ........... (4)(5)(6)(8) SOFR+5.00% 8.72% 4/30/2024 4/29/2031","2","439","Cost (3)","5,029"
"SRC042","194","2","Ltd. ........... (4)(5)(6)(8) SOFR+5.00% 8.72% 4/30/2024 4/29/2031","3","474","Fair Value","5,046"
"SRC042","194","2","Ltd. ........... (4)(5)(6)(8) SOFR+5.00% 8.72% 4/30/2024 4/29/2031","4","505","% of Net Assets","0.08"
"SRC042","194","3","Ltd. ........... (4)(5)(6)(8) S +5.50% PIK) 3/27/2024 4/29/2031 GBP","1","403","Amount/ Units (1)","19,845"
"SRC042","194","3","Ltd. ........... (4)(5)(6)(8) S +5.50% PIK) 3/27/2024 4/29/2031 GBP","2","439","Cost (3)","24,657"
"SRC042","194","3","Ltd. ........... (4)(5)(6)(8) S +5.50% PIK) 3/27/2024 4/29/2031 GBP","3","474","Fair Value","26,750"
"SRC042","194","3","Ltd. ........... (4)(5)(6)(8) S +5.50% PIK) 3/27/2024 4/29/2031 GBP","4","505","% of Net Assets","0.43"
"SRC042","194","4","Ltd. ........... (4)(6)(8) SOFR+5.25% PIK) 3/27/2024 4/29/2031","1","403","Amount/ Units (1)","6,198"
"SRC042","194","4","Ltd. ........... (4)(6)(8) SOFR+5.25% PIK) 3/27/2024 4/29/2031","2","439","Cost (3)","6,144"
"SRC042","194","4","Ltd. ........... (4)(6)(8) SOFR+5.25% PIK) 3/27/2024 4/29/2031","3","474","Fair Value","6,198"
"SRC042","194","4","Ltd. ........... (4)(6)(8) SOFR+5.25% PIK) 3/27/2024 4/29/2031","4","505","% of Net Assets","0.10"
"SRC042","194","5","Ltd. ........... (4)(5)(6)(8) S +5.50% PIK) 3/27/2024 4/29/2031 GBP","1","403","Amount/ Units (1)","8,896"
"SRC042","194","5","Ltd. ........... (4)(5)(6)(8) S +5.50% PIK) 3/27/2024 4/29/2031 GBP","2","439","Cost (3)","11,052"
"SRC042","194","5","Ltd. ........... (4)(5)(6)(8) S +5.50% PIK) 3/27/2024 4/29/2031 GBP","3","474","Fair Value","11,991"
"SRC042","194","5","Ltd. ........... (4)(5)(6)(8) S +5.50% PIK) 3/27/2024 4/29/2031 GBP","4","505","% of Net Assets","0.19"
"SRC042","194","6","Ltd. ........... (4)(5)(6)(8) S + 5.50% PIK) 11/29/2024 4/29/2031 GBP","1","403","Amount/ Units (1)","3,651"
"SRC042","194","6","Ltd. ........... (4)(5)(6)(8) S + 5.50% PIK) 11/29/2024 4/29/2031 GBP","2","439","Cost (3)","4,534"
"SRC042","194","6","Ltd. ........... (4)(5)(6)(8) S + 5.50% PIK) 11/29/2024 4/29/2031 GBP","3","474","Fair Value","4,922"
"SRC042","194","6","Ltd. ........... (4)(5)(6)(8) S + 5.50% PIK) 11/29/2024 4/29/2031 GBP","4","505","% of Net Assets","0.08"
"SRC042","194","7","Holdings, LLC .. (4)(6)(10) SOFR+5.00% 8.98% 7/2/2024 7/2/2031","1","403","Amount/ Units (1)","22,000"
"SRC042","194","7","Holdings, LLC .. (4)(6)(10) SOFR+5.00% 8.98% 7/2/2024 7/2/2031","2","439","Cost (3)","21,914"
"SRC042","194","7","Holdings, LLC .. (4)(6)(10) SOFR+5.00% 8.98% 7/2/2024 7/2/2031","3","474","Fair Value","22,000"
"SRC042","194","7","Holdings, LLC .. (4)(6)(10) SOFR+5.00% 8.98% 7/2/2024 7/2/2031","4","505","% of Net Assets","0.35"
"SRC042","194","8","Holdings, LLC .. (4)(5)(6)(7)(10) SOFR+5.00% 8.98% 7/2/2024 7/2/2031","1","403","Amount/ Units (1)","2,156"
"SRC042","194","8","Holdings, LLC .. (4)(5)(6)(7)(10) SOFR+5.00% 8.98% 7/2/2024 7/2/2031","2","439","Cost (3)","2,132"
"SRC042","194","8","Holdings, LLC .. (4)(5)(6)(7)(10) SOFR+5.00% 8.98% 7/2/2024 7/2/2031","3","474","Fair Value","2,156"
"SRC042","194","8","Holdings, LLC .. (4)(5)(6)(7)(10) SOFR+5.00% 8.98% 7/2/2024 7/2/2031","4","505","% of Net Assets","0.03"
"SRC042","194","9","Experity, Inc. ...... (4)(5)(10) SOFR+5.00% PIK) 7/22/2021 2/24/2030","1","403","Amount/ Units (1)","12,227"
"SRC042","194","9","Experity, Inc. ...... (4)(5)(10) SOFR+5.00% PIK) 7/22/2021 2/24/2030","2","439","Cost (3)","12,116"
"SRC042","194","9","Experity, Inc. ...... (4)(5)(10) SOFR+5.00% PIK) 7/22/2021 2/24/2030","3","474","Fair Value","12,227"
"SRC042","194","9","Experity, Inc. ...... (4)(5)(10) SOFR+5.00% PIK) 7/22/2021 2/24/2030","4","505","% of Net Assets","0.20"
"SRC042","194","10","Experity, Inc. ...... (4)(5)(7)(10) SOFR+5.00% PIK) 2/24/2022 2/24/2030","1","403","Amount/ Units (1)","3,944"
"SRC042","194","10","Experity, Inc. ...... (4)(5)(7)(10) SOFR+5.00% PIK) 2/24/2022 2/24/2030","2","439","Cost (3)","3,876"
"SRC042","194","10","Experity, Inc. ...... (4)(5)(7)(10) SOFR+5.00% PIK) 2/24/2022 2/24/2030","3","474","Fair Value","3,922"
"SRC042","194","10","Experity, Inc. ...... (4)(5)(7)(10) SOFR+5.00% PIK) 2/24/2022 2/24/2030","4","505","% of Net Assets","0.06"
"SRC042","194","11","LLC ........... (4)(5)(9) E +4.75% 6.68% 8/15/2025 8/16/2032 EUR","1","403","Amount/ Units (1)","9,726"
"SRC042","194","11","LLC ........... (4)(5)(9) E +4.75% 6.68% 8/15/2025 8/16/2032 EUR","2","439","Cost (3)","11,353"
"SRC042","194","11","LLC ........... (4)(5)(9) E +4.75% 6.68% 8/15/2025 8/16/2032 EUR","3","474","Fair Value","11,429"
"SRC042","194","11","LLC ........... (4)(5)(9) E +4.75% 6.68% 8/15/2025 8/16/2032 EUR","4","505","% of Net Assets","0.18"
"SRC042","194","12","LLC ........... (4)(5)(7)(9) SOFR+4.75% 8.60% 8/15/2025 8/16/2032","1","403","Amount/ Units (1)","32,226"
"SRC042","194","12","LLC ........... (4)(5)(7)(9) SOFR+4.75% 8.60% 8/15/2025 8/16/2032","2","439","Cost (3)","32,144"
"SRC042","194","12","LLC ........... (4)(5)(7)(9) SOFR+4.75% 8.60% 8/15/2025 8/16/2032","3","474","Fair Value","32,220"
"SRC042","194","12","LLC ........... (4)(5)(7)(9) SOFR+4.75% 8.60% 8/15/2025 8/16/2032","4","505","% of Net Assets","0.52"
"SRC042","194","13","Gigamon, Inc. ..... (4)(10) SOFR+5.75% 9.78% 3/11/2022 3/9/2029","1","403","Amount/ Units (1)","7,175"
"SRC042","194","13","Gigamon, Inc. ..... (4)(10) SOFR+5.75% 9.78% 3/11/2022 3/9/2029","2","439","Cost (3)","7,109"
"SRC042","194","13","Gigamon, Inc. ..... (4)(10) SOFR+5.75% 9.78% 3/11/2022 3/9/2029","3","474","Fair Value","6,995"
"SRC042","194","13","Gigamon, Inc. ..... (4)(10) SOFR+5.75% 9.78% 3/11/2022 3/9/2029","4","505","% of Net Assets","0.11"
"SRC042","194","14","Gigamon, Inc. ..... (4)(5)(7)(10) SOFR+5.75% 9.81% 3/11/2022 3/10/2028","1","403","Amount/ Units (1)","175"
"SRC042","194","14","Gigamon, Inc. ..... (4)(5)(7)(10) SOFR+5.75% 9.81% 3/11/2022 3/10/2028","2","439","Cost (3)","173"
"SRC042","194","14","Gigamon, Inc. ..... (4)(5)(7)(10) SOFR+5.75% 9.81% 3/11/2022 3/10/2028","3","474","Fair Value","164"
"SRC042","194","14","Gigamon, Inc. ..... (4)(5)(7)(10) SOFR+5.75% 9.81% 3/11/2022 3/10/2028","4","505","% of Net Assets","0.00"
"SRC042","194","15","Granicus, Inc. ..... (4)(10) SOFR+5.50% PIK) 1/17/2024 1/17/2031","1","403","Amount/ Units (1)","17,733"
"SRC042","194","15","Granicus, Inc. ..... (4)(10) SOFR+5.50% PIK) 1/17/2024 1/17/2031","2","439","Cost (3)","17,612"
"SRC042","194","15","Granicus, Inc. ..... (4)(10) SOFR+5.50% PIK) 1/17/2024 1/17/2031","3","474","Fair Value","17,733"
"SRC042","194","15","Granicus, Inc. ..... (4)(10) SOFR+5.50% PIK) 1/17/2024 1/17/2031","4","505","% of Net Assets","0.28"
"SRC042","194","16","Granicus, Inc. ..... (4)(7)(10) SOFR+5.50% PIK) 1/17/2024 1/17/2031","1","403","Amount/ Units (1)","5,197"
"SRC042","194","16","Granicus, Inc. ..... (4)(7)(10) SOFR+5.50% PIK) 1/17/2024 1/17/2031","2","439","Cost (3)","5,157"
"SRC042","194","16","Granicus, Inc. ..... (4)(7)(10) SOFR+5.50% PIK) 1/17/2024 1/17/2031","3","474","Fair Value","5,197"
"SRC042","194","16","Granicus, Inc. ..... (4)(7)(10) SOFR+5.50% PIK) 1/17/2024 1/17/2031","4","505","% of Net Assets","0.08"
"SRC042","194","17","Inc. ............ (4)(5)(7)(10) SOFR+5.25% 8.92% 3/26/2024 5/25/2028","1","403","Amount/ Units (1)","1,718"
"SRC042","194","17","Inc. ............ (4)(5)(7)(10) SOFR+5.25% 8.92% 3/26/2024 5/25/2028","2","439","Cost (3)","1,702"
"SRC042","194","17","Inc. ............ (4)(5)(7)(10) SOFR+5.25% 8.92% 3/26/2024 5/25/2028","3","474","Fair Value","1,668"
"SRC042","194","17","Inc. ............ (4)(5)(7)(10) SOFR+5.25% 8.92% 3/26/2024 5/25/2028","4","505","% of Net Assets","0.03"
"SRC042","194","18","Inc. ............ (4)(5)(11) SOFR+5.25% 8.92% 3/26/2024 5/25/2028","1","403","Amount/ Units (1)","5,275"
"SRC042","194","18","Inc. ............ (4)(5)(11) SOFR+5.25% 8.92% 3/26/2024 5/25/2028","2","439","Cost (3)","5,263"
"SRC042","194","18","Inc. ............ (4)(5)(11) SOFR+5.25% 8.92% 3/26/2024 5/25/2028","3","474","Fair Value","5,223"
"SRC042","194","18","Inc. ............ (4)(5)(11) SOFR+5.25% 8.92% 3/26/2024 5/25/2028","4","505","% of Net Assets","0.08"
"SRC042","194","19","Solutions, LLC .. (4)(10) SOFR+5.55% PIK) 6/14/2024 6/16/2031","1","403","Amount/ Units (1)","15,172"
"SRC042","194","19","Solutions, LLC .. (4)(10) SOFR+5.55% PIK) 6/14/2024 6/16/2031","2","439","Cost (3)","15,058"
"SRC042","194","19","Solutions, LLC .. (4)(10) SOFR+5.55% PIK) 6/14/2024 6/16/2031","3","474","Fair Value","15,096"
"SRC042","194","19","Solutions, LLC .. (4)(10) SOFR+5.55% PIK) 6/14/2024 6/16/2031","4","505","% of Net Assets","0.24"
"SRC042","194","20","Solutions, LLC .. (4)(10) SOFR+5.55% PIK) 9/26/2024 6/16/2031","1","403","Amount/ Units (1)","6,913"
"SRC042","194","20","Solutions, LLC .. (4)(10) SOFR+5.55% PIK) 9/26/2024 6/16/2031","2","439","Cost (3)","6,858"
"SRC042","194","20","Solutions, LLC .. (4)(10) SOFR+5.55% PIK) 9/26/2024 6/16/2031","3","474","Fair Value","6,878"
"SRC042","194","20","Solutions, LLC .. (4)(10) SOFR+5.55% PIK) 9/26/2024 6/16/2031","4","505","% of Net Assets","0.11"
"SRC042","194","21","Solutions, LLC .. (4)(10) SOFR+5.55% PIK) 6/14/2024 6/16/2031","1","403","Amount/ Units (1)","5,635"
"SRC042","194","21","Solutions, LLC .. (4)(10) SOFR+5.55% PIK) 6/14/2024 6/16/2031","2","439","Cost (3)","5,593"
"SRC042","194","21","Solutions, LLC .. (4)(10) SOFR+5.55% PIK) 6/14/2024 6/16/2031","3","474","Fair Value","5,607"
"SRC042","194","21","Solutions, LLC .. (4)(10) SOFR+5.55% PIK) 6/14/2024 6/16/2031","4","505","% of Net Assets","0.09"
"SRC042","194","22","Inc. ............ (4)(7)(11) SOFR+4.50% 8.17% 1/26/2024 1/25/2030","1","403","Amount/ Units (1)","39,632"
"SRC042","194","22","Inc. ............ (4)(7)(11) SOFR+4.50% 8.17% 1/26/2024 1/25/2030","2","439","Cost (3)","39,142"
"SRC042","194","22","Inc. ............ (4)(7)(11) SOFR+4.50% 8.17% 1/26/2024 1/25/2030","3","474","Fair Value","39,632"
"SRC042","194","22","Inc. ............ (4)(7)(11) SOFR+4.50% 8.17% 1/26/2024 1/25/2030","4","505","% of Net Assets","0.63"
"SRC042","194","23","S.p.A. .......... (4)(6)(7)(8) E +5.00% 7.08% 7/17/2025 7/16/2032 EUR","1","403","Amount/ Units (1)","21,636"
"SRC042","194","23","S.p.A. .......... (4)(6)(7)(8) E +5.00% 7.08% 7/17/2025 7/16/2032 EUR","2","439","Cost (3)","24,568"
"SRC042","194","23","S.p.A. .......... (4)(6)(7)(8) E +5.00% 7.08% 7/17/2025 7/16/2032 EUR","3","474","Fair Value","25,003"
"SRC042","194","23","S.p.A. .......... (4)(6)(7)(8) E +5.00% 7.08% 7/17/2025 7/16/2032 EUR","4","505","% of Net Assets","0.40"
"SRC042","194","24","Corp. .......... (4)(10) SOFR+5.75% PIK) 5/2/2022 5/2/2029","1","403","Amount/ Units (1)","4,933"
"SRC042","194","24","Corp. .......... (4)(10) SOFR+5.75% PIK) 5/2/2022 5/2/2029","2","439","Cost (3)","4,911"
"SRC042","194","24","Corp. .......... (4)(10) SOFR+5.75% PIK) 5/2/2022 5/2/2029","3","474","Fair Value","4,933"
"SRC042","194","24","Corp. .......... (4)(10) SOFR+5.75% PIK) 5/2/2022 5/2/2029","4","505","% of Net Assets","0.08"
"SRC042","195","1","Corp. .......... (4)(5)(7)(10) SOFR+5.25% 8.94% 5/2/2022 5/2/2028 $","1","403","Amount/ Units (1)","384"
"SRC042","195","1","Corp. .......... (4)(5)(7)(10) SOFR+5.25% 8.94% 5/2/2022 5/2/2028 $","2","439","Cost (3)","382"
"SRC042","195","1","Corp. .......... (4)(5)(7)(10) SOFR+5.25% 8.94% 5/2/2022 5/2/2028 $","3","474","Fair Value","384"
"SRC042","195","1","Corp. .......... (4)(5)(7)(10) SOFR+5.25% 8.94% 5/2/2022 5/2/2028 $","4","505","% of Net Assets","0.01%"
"SRC042","195","2","Corp. .......... (4)(5)(10) SOFR+5.75% PIK) 5/16/2025 5/2/2029","1","403","Amount/ Units (1)","610"
"SRC042","195","2","Corp. .......... (4)(5)(10) SOFR+5.75% PIK) 5/16/2025 5/2/2029","2","439","Cost (3)","610"
"SRC042","195","2","Corp. .......... (4)(5)(10) SOFR+5.75% PIK) 5/16/2025 5/2/2029","3","474","Fair Value","610"
"SRC042","195","2","Corp. .......... (4)(5)(10) SOFR+5.75% PIK) 5/16/2025 5/2/2029","4","505","% of Net Assets","0.01"
"SRC042","195","3","Inc. ............ (4)(7)(10) SOFR+4.25% 7.97% 4/9/2025 12/1/2029","1","403","Amount/ Units (1)","197,537"
"SRC042","195","3","Inc. ............ (4)(7)(10) SOFR+4.25% 7.97% 4/9/2025 12/1/2029","2","439","Cost (3)","195,529"
"SRC042","195","3","Inc. ............ (4)(7)(10) SOFR+4.25% 7.97% 4/9/2025 12/1/2029","3","474","Fair Value","197,537"
"SRC042","195","3","Inc. ............ (4)(7)(10) SOFR+4.25% 7.97% 4/9/2025 12/1/2029","4","505","% of Net Assets","3.16"
"SRC042","195","4","LLC ........... (4)(5)(7)(9) SOFR+4.75% 8.59% 10/31/2025 11/1/2032","1","403","Amount/ Units (1)","64,409"
"SRC042","195","4","LLC ........... (4)(5)(7)(9) SOFR+4.75% 8.59% 10/31/2025 11/1/2032","2","439","Cost (3)","63,914"
"SRC042","195","4","LLC ........... (4)(5)(7)(9) SOFR+4.75% 8.59% 10/31/2025 11/1/2032","3","474","Fair Value","63,901"
"SRC042","195","4","LLC ........... (4)(5)(7)(9) SOFR+4.75% 8.59% 10/31/2025 11/1/2032","4","505","% of Net Assets","1.02"
"SRC042","195","5","JS Parent, Inc. ..... (4)(7)(10) SOFR+4.75% 8.59% 4/24/2024 4/24/2031","1","403","Amount/ Units (1)","35,220"
"SRC042","195","5","JS Parent, Inc. ..... (4)(7)(10) SOFR+4.75% 8.59% 4/24/2024 4/24/2031","2","439","Cost (3)","35,074"
"SRC042","195","5","JS Parent, Inc. ..... (4)(7)(10) SOFR+4.75% 8.59% 4/24/2024 4/24/2031","3","474","Fair Value","35,203"
"SRC042","195","5","JS Parent, Inc. ..... (4)(7)(10) SOFR+4.75% 8.59% 4/24/2024 4/24/2031","4","505","% of Net Assets","0.56"
"SRC042","195","6","Inc. ............ (4)(11) SOFR+7.50% 11.27% 2/8/2021 8/9/2027","1","403","Amount/ Units (1)","83,362"
"SRC042","195","6","Inc. ............ (4)(11) SOFR+7.50% 11.27% 2/8/2021 8/9/2027","2","439","Cost (3)","83,308"
"SRC042","195","6","Inc. ............ (4)(11) SOFR+7.50% 11.27% 2/8/2021 8/9/2027","3","474","Fair Value","74,609"
"SRC042","195","6","Inc. ............ (4)(11) SOFR+7.50% 11.27% 2/8/2021 8/9/2027","4","505","% of Net Assets","1.19"
"SRC042","195","7","Inc. ............ (4)(5)(7)(10) SOFR+5.50% 9.34% 11/15/2024 11/19/2031","1","403","Amount/ Units (1)","21,381"
"SRC042","195","7","Inc. ............ (4)(5)(7)(10) SOFR+5.50% 9.34% 11/15/2024 11/19/2031","2","439","Cost (3)","21,108"
"SRC042","195","7","Inc. ............ (4)(5)(7)(10) SOFR+5.50% 9.34% 11/15/2024 11/19/2031","3","474","Fair Value","21,232"
"SRC042","195","7","Inc. ............ (4)(5)(7)(10) SOFR+5.50% 9.34% 11/15/2024 11/19/2031","4","505","% of Net Assets","0.34"
"SRC042","195","8","Inc. ............ (4)(10) SOFR+4.50% 8.22% 5/19/2022 5/18/2029","1","403","Amount/ Units (1)","5,571"
"SRC042","195","8","Inc. ............ (4)(10) SOFR+4.50% 8.22% 5/19/2022 5/18/2029","2","439","Cost (3)","5,510"
"SRC042","195","8","Inc. ............ (4)(10) SOFR+4.50% 8.22% 5/19/2022 5/18/2029","3","474","Fair Value","5,571"
"SRC042","195","8","Inc. ............ (4)(10) SOFR+4.50% 8.22% 5/19/2022 5/18/2029","4","505","% of Net Assets","0.09"
"SRC042","195","9","Inc. ............ (4)(5)(10) SOFR+4.50% 8.22% 3/21/2024 5/18/2029","1","403","Amount/ Units (1)","139"
"SRC042","195","9","Inc. ............ (4)(5)(10) SOFR+4.50% 8.22% 3/21/2024 5/18/2029","2","439","Cost (3)","137"
"SRC042","195","9","Inc. ............ (4)(5)(10) SOFR+4.50% 8.22% 3/21/2024 5/18/2029","3","474","Fair Value","139"
"SRC042","195","9","Inc. ............ (4)(5)(10) SOFR+4.50% 8.22% 3/21/2024 5/18/2029","4","505","% of Net Assets","0.00"
"SRC042","195","10","Inc. ............ (4)(5)(10) S +4.50% 8.22% 5/19/2022 5/18/2029 GBP","1","403","Amount/ Units (1)","3339"
"SRC042","195","10","Inc. ............ (4)(5)(10) S +4.50% 8.22% 5/19/2022 5/18/2029 GBP","2","439","Cost (3)","4,121"
"SRC042","195","10","Inc. ............ (4)(5)(10) S +4.50% 8.22% 5/19/2022 5/18/2029 GBP","3","474","Fair Value","4,501"
"SRC042","195","10","Inc. ............ (4)(5)(10) S +4.50% 8.22% 5/19/2022 5/18/2029 GBP","4","505","% of Net Assets","0.07"
"SRC042","195","11","Holdings, Inc. ... (4)(5)(9) SOFR +3.75% 7.57% 7/30/2021 7/31/2028","1","403","Amount/ Units (1)","8,352"
"SRC042","195","11","Holdings, Inc. ... (4)(5)(9) SOFR +3.75% 7.57% 7/30/2021 7/31/2028","2","439","Cost (3)","8,306"
"SRC042","195","11","Holdings, Inc. ... (4)(5)(9) SOFR +3.75% 7.57% 7/30/2021 7/31/2028","3","474","Fair Value","7,308"
"SRC042","195","11","Holdings, Inc. ... (4)(5)(9) SOFR +3.75% 7.57% 7/30/2021 7/31/2028","4","505","% of Net Assets","0.12"
"SRC042","195","12","Holdings, Inc. ... (4)(5)(9) SOFR +6.25% 10.07% 6/9/2023 7/31/2028","1","403","Amount/ Units (1)","6,825"
"SRC042","195","12","Holdings, Inc. ... (4)(5)(9) SOFR +6.25% 10.07% 6/9/2023 7/31/2028","2","439","Cost (3)","6,695"
"SRC042","195","12","Holdings, Inc. ... (4)(5)(9) SOFR +6.25% 10.07% 6/9/2023 7/31/2028","3","474","Fair Value","6,416"
"SRC042","195","12","Holdings, Inc. ... (4)(5)(9) SOFR +6.25% 10.07% 6/9/2023 7/31/2028","4","505","% of Net Assets","0.10"
"SRC042","195","13","Holdings, Inc. ... (4)(5)(7)(8) SOFR +3.75% 7.44% 2/14/2025 4/30/2028","1","403","Amount/ Units (1)","393"
"SRC042","195","13","Holdings, Inc. ... (4)(5)(7)(8) SOFR +3.75% 7.44% 2/14/2025 4/30/2028","2","439","Cost (3)","390"
"SRC042","195","13","Holdings, Inc. ... (4)(5)(7)(8) SOFR +3.75% 7.44% 2/14/2025 4/30/2028","3","474","Fair Value","351"
"SRC042","195","13","Holdings, Inc. ... (4)(5)(7)(8) SOFR +3.75% 7.44% 2/14/2025 4/30/2028","4","505","% of Net Assets","0.01"
"SRC042","195","14","Medallia, Inc. ..... (4)(10) SOFR +6.00% 9.70% 10/28/2021 10/29/2028","1","403","Amount/ Units (1)","393,698"
"SRC042","195","14","Medallia, Inc. ..... (4)(10) SOFR +6.00% 9.70% 10/28/2021 10/29/2028","2","439","Cost (3)","391,116"
"SRC042","195","14","Medallia, Inc. ..... (4)(10) SOFR +6.00% 9.70% 10/28/2021 10/29/2028","3","474","Fair Value","306,100"
"SRC042","195","14","Medallia, Inc. ..... (4)(10) SOFR +6.00% 9.70% 10/28/2021 10/29/2028","4","505","% of Net Assets","4.90"
"SRC042","195","15","Medallia, Inc. ..... (4)(5)(10) SOFR +6.00% 9.70% 8/16/2022 10/29/2028","1","403","Amount/ Units (1)","2,310"
"SRC042","195","15","Medallia, Inc. ..... (4)(5)(10) SOFR +6.00% 9.70% 8/16/2022 10/29/2028","2","439","Cost (3)","2,292"
"SRC042","195","15","Medallia, Inc. ..... (4)(5)(10) SOFR +6.00% 9.70% 8/16/2022 10/29/2028","3","474","Fair Value","1,796"
"SRC042","195","15","Medallia, Inc. ..... (4)(5)(10) SOFR +6.00% 9.70% 8/16/2022 10/29/2028","4","505","% of Net Assets","0.03"
"SRC042","195","16","ML Holdco, LLC .. (4)(5)(7)(9) SOFR +4.50% 8.37% 10/24/2025 10/25/2032","1","403","Amount/ Units (1)","1,153"
"SRC042","195","16","ML Holdco, LLC .. (4)(5)(7)(9) SOFR +4.50% 8.37% 10/24/2025 10/25/2032","2","439","Cost (3)","1,147"
"SRC042","195","16","ML Holdco, LLC .. (4)(5)(7)(9) SOFR +4.50% 8.37% 10/24/2025 10/25/2032","3","474","Fair Value","1,147"
"SRC042","195","16","ML Holdco, LLC .. (4)(5)(7)(9) SOFR +4.50% 8.37% 10/24/2025 10/25/2032","4","505","% of Net Assets","0.02"
"SRC042","195","17","LLC ........... (4)(11) SOFR +4.75% 8.42% 9/22/2020 2/10/2028","1","403","Amount/ Units (1)","6,655"
"SRC042","195","17","LLC ........... (4)(11) SOFR +4.75% 8.42% 9/22/2020 2/10/2028","2","439","Cost (3)","6,658"
"SRC042","195","17","LLC ........... (4)(11) SOFR +4.75% 8.42% 9/22/2020 2/10/2028","3","474","Fair Value","6,655"
"SRC042","195","17","LLC ........... (4)(11) SOFR +4.75% 8.42% 9/22/2020 2/10/2028","4","505","% of Net Assets","0.11"
"SRC042","195","18","LLC ........... (4)(11) SOFR +4.75% 8.42% 2/10/2020 2/10/2028","1","403","Amount/ Units (1)","89,728"
"SRC042","195","18","LLC ........... (4)(11) SOFR +4.75% 8.42% 2/10/2020 2/10/2028","2","439","Cost (3)","89,480"
"SRC042","195","18","LLC ........... (4)(11) SOFR +4.75% 8.42% 2/10/2020 2/10/2028","3","474","Fair Value","89,728"
"SRC042","195","18","LLC ........... (4)(11) SOFR +4.75% 8.42% 2/10/2020 2/10/2028","4","505","% of Net Assets","1.44"
"SRC042","195","19","LLC ........... (4)(5)(7)(11) SOFR +4.75% 8.44% 2/10/2020 2/10/2028","1","403","Amount/ Units (1)","1,609"
"SRC042","195","19","LLC ........... (4)(5)(7)(11) SOFR +4.75% 8.44% 2/10/2020 2/10/2028","2","439","Cost (3)","1,580"
"SRC042","195","19","LLC ........... (4)(5)(7)(11) SOFR +4.75% 8.44% 2/10/2020 2/10/2028","3","474","Fair Value","1,387"
"SRC042","195","19","LLC ........... (4)(5)(7)(11) SOFR +4.75% 8.44% 2/10/2020 2/10/2028","4","505","% of Net Assets","0.02"
"SRC042","195","20","LLC ........... (4)(5)(7)(9) SOFR +4.75% 8.42% 10/2/2025 2/10/2028","1","403","Amount/ Units (1)","614"
"SRC042","195","20","LLC ........... (4)(5)(7)(9) SOFR +4.75% 8.42% 10/2/2025 2/10/2028","2","439","Cost (3)","601"
"SRC042","195","20","LLC ........... (4)(5)(7)(9) SOFR +4.75% 8.42% 10/2/2025 2/10/2028","3","474","Fair Value","614"
"SRC042","195","20","LLC ........... (4)(5)(7)(9) SOFR +4.75% 8.42% 10/2/2025 2/10/2028","4","505","% of Net Assets","0.01"
"SRC042","195","21","Inc. ............ (4)(7)(10) SOFR +5.00% 8.91% 10/14/2025 10/14/2032","1","403","Amount/ Units (1)","82,597"
"SRC042","195","21","Inc. ............ (4)(7)(10) SOFR +5.00% 8.91% 10/14/2025 10/14/2032","2","439","Cost (3)","81,413"
"SRC042","195","21","Inc. ............ (4)(7)(10) SOFR +5.00% 8.91% 10/14/2025 10/14/2032","3","474","Fair Value","82,387"
"SRC042","195","21","Inc. ............ (4)(7)(10) SOFR +5.00% 8.91% 10/14/2025 10/14/2032","4","505","% of Net Assets","1.32"
"SRC042","195","22","Limited ........ (4)(6)(8) SOFR +6.00% PIK) 11/12/2021 11/13/2028","1","403","Amount/ Units (1)","34,201"
"SRC042","195","22","Limited ........ (4)(6)(8) SOFR +6.00% PIK) 11/12/2021 11/13/2028","2","439","Cost (3)","33,930"
"SRC042","195","22","Limited ........ (4)(6)(8) SOFR +6.00% PIK) 11/12/2021 11/13/2028","3","474","Fair Value","30,439"
"SRC042","195","22","Limited ........ (4)(6)(8) SOFR +6.00% PIK) 11/12/2021 11/13/2028","4","505","% of Net Assets","0.49"
"SRC042","195","23","Ltd. ........... (4)(5)(6)(7)(10) SOFR +4.75% 8.42% 6/10/2024 6/24/2031","1","403","Amount/ Units (1)","16,985"
"SRC042","195","23","Ltd. ........... (4)(5)(6)(7)(10) SOFR +4.75% 8.42% 6/10/2024 6/24/2031","2","439","Cost (3)","16,820"
"SRC042","195","23","Ltd. ........... (4)(5)(6)(7)(10) SOFR +4.75% 8.42% 6/10/2024 6/24/2031","3","474","Fair Value","16,966"
"SRC042","195","23","Ltd. ........... (4)(5)(6)(7)(10) SOFR +4.75% 8.42% 6/10/2024 6/24/2031","4","505","% of Net Assets","0.27"
"SRC042","195","24","America, Inc. .... (4)(5)(10) S +5.50% 9.22% 10/30/2024 10/30/2031 GBP","1","403","Amount/ Units (1)","858"
"SRC042","195","24","America, Inc. .... (4)(5)(10) S +5.50% 9.22% 10/30/2024 10/30/2031 GBP","2","439","Cost (3)","1,104"
"SRC042","195","24","America, Inc. .... (4)(5)(10) S +5.50% 9.22% 10/30/2024 10/30/2031 GBP","3","474","Fair Value","1,122"
"SRC042","195","24","America, Inc. .... (4)(5)(10) S +5.50% 9.22% 10/30/2024 10/30/2031 GBP","4","505","% of Net Assets","0.02"
"SRC042","195","25","America, Inc. .... (4)(5)(10) E +5.25% 7.15% 10/30/2024 10/30/2031 EUR","1","403","Amount/ Units (1)","2,861"
"SRC042","195","25","America, Inc. .... (4)(5)(10) E +5.25% 7.15% 10/30/2024 10/30/2031 EUR","2","439","Cost (3)","3,081"
"SRC042","195","25","America, Inc. .... (4)(5)(10) E +5.25% 7.15% 10/30/2024 10/30/2031 EUR","3","474","Fair Value","3,261"
"SRC042","195","25","America, Inc. .... (4)(5)(10) E +5.25% 7.15% 10/30/2024 10/30/2031 EUR","4","505","% of Net Assets","0.05"
"SRC042","196","1","America, Inc. .... (4)(5)(7)(10) SOFR +5.00% 8.92% 10/30/2024 10/30/2031 $","1","400","Amount/ Units (1)","8,153"
"SRC042","196","1","America, Inc. .... (4)(5)(7)(10) SOFR +5.00% 8.92% 10/30/2024 10/30/2031 $","2","435","Cost (3)","8,075"
"SRC042","196","1","America, Inc. .... (4)(5)(7)(10) SOFR +5.00% 8.92% 10/30/2024 10/30/2031 $","3","471","Fair Value","7,896"
"SRC042","196","1","America, Inc. .... (4)(5)(7)(10) SOFR +5.00% 8.92% 10/30/2024 10/30/2031 $","4","505","% of Net Assets","0.13%"
"SRC042","196","2","Inc. ............ (4)(10) SOFR +5.50% 9.34% 2/1/2024 2/3/2031","1","400","Amount/ Units (1)","47,301"
"SRC042","196","2","Inc. ............ (4)(10) SOFR +5.50% 9.34% 2/1/2024 2/3/2031","2","435","Cost (3)","46,833"
"SRC042","196","2","Inc. ............ (4)(10) SOFR +5.50% 9.34% 2/1/2024 2/3/2031","3","471","Fair Value","47,301"
"SRC042","196","2","Inc. ............ (4)(10) SOFR +5.50% 9.34% 2/1/2024 2/3/2031","4","505","% of Net Assets","0.76"
"SRC042","196","3","Inc. ............ (4)(5)(7)(10) SOFR +5.50% 9.34% 2/1/2024 2/3/2031","1","400","Amount/ Units (1)","2,787"
"SRC042","196","3","Inc. ............ (4)(5)(7)(10) SOFR +5.50% 9.34% 2/1/2024 2/3/2031","2","435","Cost (3)","2,745"
"SRC042","196","3","Inc. ............ (4)(5)(7)(10) SOFR +5.50% 9.34% 2/1/2024 2/3/2031","3","471","Fair Value","2,787"
"SRC042","196","3","Inc. ............ (4)(5)(7)(10) SOFR +5.50% 9.34% 2/1/2024 2/3/2031","4","505","% of Net Assets","0.04"
"SRC042","196","4","QBS Parent, Inc. ... (4)(5)(7)(10) SOFR +4.50% 8.17% 6/3/2025 6/3/2032","1","400","Amount/ Units (1)","13,619"
"SRC042","196","4","QBS Parent, Inc. ... (4)(5)(7)(10) SOFR +4.50% 8.17% 6/3/2025 6/3/2032","2","435","Cost (3)","13,552"
"SRC042","196","4","QBS Parent, Inc. ... (4)(5)(7)(10) SOFR +4.50% 8.17% 6/3/2025 6/3/2032","3","471","Fair Value","13,619"
"SRC042","196","4","QBS Parent, Inc. ... (4)(5)(7)(10) SOFR +4.50% 8.17% 6/3/2025 6/3/2032","4","505","% of Net Assets","0.22"
"SRC042","196","5","Rally Buyer, Inc. ... (4)(5)(10) SOFR +6.25% PIK) 7/19/2022 7/19/2029","1","400","Amount/ Units (1)","900"
"SRC042","196","5","Rally Buyer, Inc. ... (4)(5)(10) SOFR +6.25% PIK) 7/19/2022 7/19/2029","2","435","Cost (3)","892"
"SRC042","196","5","Rally Buyer, Inc. ... (4)(5)(10) SOFR +6.25% PIK) 7/19/2022 7/19/2029","3","471","Fair Value","815"
"SRC042","196","5","Rally Buyer, Inc. ... (4)(5)(10) SOFR +6.25% PIK) 7/19/2022 7/19/2029","4","505","% of Net Assets","0.01"
"SRC042","196","6","Rally Buyer, Inc. ... (4)(5)(7)(10) SOFR +5.75% 9.42% 7/19/2022 7/19/2029","1","400","Amount/ Units (1)","64"
"SRC042","196","6","Rally Buyer, Inc. ... (4)(5)(7)(10) SOFR +5.75% 9.42% 7/19/2022 7/19/2029","2","435","Cost (3)","63"
"SRC042","196","6","Rally Buyer, Inc. ... (4)(5)(7)(10) SOFR +5.75% 9.42% 7/19/2022 7/19/2029","3","471","Fair Value","54"
"SRC042","196","6","Rally Buyer, Inc. ... (4)(5)(7)(10) SOFR +5.75% 9.42% 7/19/2022 7/19/2029","4","505","% of Net Assets","0.00"
"SRC042","196","7","LLC ........... (4)(7)(11) SOFR +4.50% 8.22% 5/12/2021 5/12/2029","1","400","Amount/ Units (1)","19,337"
"SRC042","196","7","LLC ........... (4)(7)(11) SOFR +4.50% 8.22% 5/12/2021 5/12/2029","2","435","Cost (3)","19,136"
"SRC042","196","7","LLC ........... (4)(7)(11) SOFR +4.50% 8.22% 5/12/2021 5/12/2029","3","471","Fair Value","19,257"
"SRC042","196","7","LLC ........... (4)(7)(11) SOFR +4.50% 8.22% 5/12/2021 5/12/2029","4","505","% of Net Assets","0.31"
"SRC042","196","8","SAS ........... (4)(5)(6)(7)(8) E +5.75% 7.77% 4/3/2024 4/30/2031 EUR","1","400","Amount/ Units (1)","22,826"
"SRC042","196","8","SAS ........... (4)(5)(6)(7)(8) E +5.75% 7.77% 4/3/2024 4/30/2031 EUR","2","435","Cost (3)","24,327"
"SRC042","196","8","SAS ........... (4)(5)(6)(7)(8) E +5.75% 7.77% 4/3/2024 4/30/2031 EUR","3","471","Fair Value","26,773"
"SRC042","196","8","SAS ........... (4)(5)(6)(7)(8) E +5.75% 7.77% 4/3/2024 4/30/2031 EUR","4","505","% of Net Assets","0.43"
"SRC042","196","9","SASU ......... (4)(5)(6)(7)(8) E +4.50% 6.57% 8/29/2025 8/27/2032 EUR","1","400","Amount/ Units (1)","3,412"
"SRC042","196","9","SASU ......... (4)(5)(6)(7)(8) E +4.50% 6.57% 8/29/2025 8/27/2032 EUR","2","435","Cost (3)","3,966"
"SRC042","196","9","SASU ......... (4)(5)(6)(7)(8) E +4.50% 6.57% 8/29/2025 8/27/2032 EUR","3","471","Fair Value","3,986"
"SRC042","196","9","SASU ......... (4)(5)(6)(7)(8) E +4.50% 6.57% 8/29/2025 8/27/2032 EUR","4","505","% of Net Assets","0.06"
"SRC042","196","10","Ltd. ........... (4)(5)(6)(7)(8) SOFR +4.75% 8.46% 12/16/2025 12/16/2032","1","400","Amount/ Units (1)","47,520"
"SRC042","196","10","Ltd. ........... (4)(5)(6)(7)(8) SOFR +4.75% 8.46% 12/16/2025 12/16/2032","2","435","Cost (3)","47,264"
"SRC042","196","10","Ltd. ........... (4)(5)(6)(7)(8) SOFR +4.75% 8.46% 12/16/2025 12/16/2032","3","471","Fair Value","47,262"
"SRC042","196","10","Ltd. ........... (4)(5)(6)(7)(8) SOFR +4.75% 8.46% 12/16/2025 12/16/2032","4","505","% of Net Assets","0.76"
"SRC042","196","11","Solis Midco, SAS .. (4)(5)(6)(7)(8) E +4.75% 6.85% 10/8/2025 10/8/2032 EUR","1","400","Amount/ Units (1)","313"
"SRC042","196","11","Solis Midco, SAS .. (4)(5)(6)(7)(8) E +4.75% 6.85% 10/8/2025 10/8/2032 EUR","2","435","Cost (3)","357"
"SRC042","196","11","Solis Midco, SAS .. (4)(5)(6)(7)(8) E +4.75% 6.85% 10/8/2025 10/8/2032 EUR","3","471","Fair Value","361"
"SRC042","196","11","Solis Midco, SAS .. (4)(5)(6)(7)(8) E +4.75% 6.85% 10/8/2025 10/8/2032 EUR","4","505","% of Net Assets","0.01"
"SRC042","196","12","Inc. ............ (4)(5)(7)(10)(18) SOFR +4.67% 8.34% 9/5/2025 10/17/2031","1","400","Amount/ Units (1)","5,259"
"SRC042","196","12","Inc. ............ (4)(5)(7)(10)(18) SOFR +4.67% 8.34% 9/5/2025 10/17/2031","2","435","Cost (3)","5,115"
"SRC042","196","12","Inc. ............ (4)(5)(7)(10)(18) SOFR +4.67% 8.34% 9/5/2025 10/17/2031","3","471","Fair Value","5,085"
"SRC042","196","12","Inc. ............ (4)(5)(7)(10)(18) SOFR +4.67% 8.34% 9/5/2025 10/17/2031","4","505","% of Net Assets","0.08"
"SRC042","196","13","Inc. ............ (4)(11) SOFR +5.50% 9.32% 3/9/2021 3/11/2027","1","400","Amount/ Units (1)","56,244"
"SRC042","196","13","Inc. ............ (4)(11) SOFR +5.50% 9.32% 3/9/2021 3/11/2027","2","435","Cost (3)","56,078"
"SRC042","196","13","Inc. ............ (4)(11) SOFR +5.50% 9.32% 3/9/2021 3/11/2027","3","471","Fair Value","55,682"
"SRC042","196","13","Inc. ............ (4)(11) SOFR +5.50% 9.32% 3/9/2021 3/11/2027","4","505","% of Net Assets","0.89"
"SRC042","196","14","Inc. ............ (4)(11) SOFR +5.50% 9.32% 11/19/2021 3/11/2027","1","400","Amount/ Units (1)","20,768"
"SRC042","196","14","Inc. ............ (4)(11) SOFR +5.50% 9.32% 11/19/2021 3/11/2027","2","435","Cost (3)","20,674"
"SRC042","196","14","Inc. ............ (4)(11) SOFR +5.50% 9.32% 11/19/2021 3/11/2027","3","471","Fair Value","20,560"
"SRC042","196","14","Inc. ............ (4)(11) SOFR +5.50% 9.32% 11/19/2021 3/11/2027","4","505","% of Net Assets","0.33"
"SRC042","196","15","Inc. ............ (4)(5)(11) E +5.50% 7.40% 3/8/2021 3/11/2027 EUR","1","400","Amount/ Units (1)","10,028"
"SRC042","196","15","Inc. ............ (4)(5)(11) E +5.50% 7.40% 3/8/2021 3/11/2027 EUR","2","435","Cost (3)","12,056"
"SRC042","196","15","Inc. ............ (4)(5)(11) E +5.50% 7.40% 3/8/2021 3/11/2027 EUR","3","471","Fair Value","11,666"
"SRC042","196","15","Inc. ............ (4)(5)(11) E +5.50% 7.40% 3/8/2021 3/11/2027 EUR","4","505","% of Net Assets","0.19"
"SRC042","196","16","SAS ........... (4)(5)(6)(8) E +5.25% 7.28% 10/17/2024 10/17/2031 EUR","1","400","Amount/ Units (1)","11,872"
"SRC042","196","16","SAS ........... (4)(5)(6)(8) E +5.25% 7.28% 10/17/2024 10/17/2031 EUR","2","435","Cost (3)","12,706"
"SRC042","196","16","SAS ........... (4)(5)(6)(8) E +5.25% 7.28% 10/17/2024 10/17/2031 EUR","3","471","Fair Value","13,882"
"SRC042","196","16","SAS ........... (4)(5)(6)(8) E +5.25% 7.28% 10/17/2024 10/17/2031 EUR","4","505","% of Net Assets","0.22"
"SRC042","196","17","SAS ........... (4)(5)(6)(7)(8) E +5.25% 7.28% 10/17/2024 10/17/2031 EUR","1","400","Amount/ Units (1)","3,252"
"SRC042","196","17","SAS ........... (4)(5)(6)(7)(8) E +5.25% 7.28% 10/17/2024 10/17/2031 EUR","2","435","Cost (3)","3,470"
"SRC042","196","17","SAS ........... (4)(5)(6)(7)(8) E +5.25% 7.28% 10/17/2024 10/17/2031 EUR","3","471","Fair Value","3,787"
"SRC042","196","17","SAS ........... (4)(5)(6)(7)(8) E +5.25% 7.28% 10/17/2024 10/17/2031 EUR","4","505","% of Net Assets","0.06"
"SRC042","196","18","Inc. ............ (4)(5)(6)(7)(10) SOFR +5.50% PIK) 10/29/2025 10/29/2032","1","400","Amount/ Units (1)","24,235"
"SRC042","196","18","Inc. ............ (4)(5)(6)(7)(10) SOFR +5.50% PIK) 10/29/2025 10/29/2032","2","435","Cost (3)","23,816"
"SRC042","196","18","Inc. ............ (4)(5)(6)(7)(10) SOFR +5.50% PIK) 10/29/2025 10/29/2032","3","471","Fair Value","23,735"
"SRC042","196","18","Inc. ............ (4)(5)(6)(7)(10) SOFR +5.50% PIK) 10/29/2025 10/29/2032","4","505","% of Net Assets","0.38"
"SRC042","196","19","Holdings, Inc. ... (4)(5)(7)(11) SOFR +6.25% PIK) 2/11/2025 2/11/2032","1","400","Amount/ Units (1)","23,838"
"SRC042","196","19","Holdings, Inc. ... (4)(5)(7)(11) SOFR +6.25% PIK) 2/11/2025 2/11/2032","2","435","Cost (3)","23,592"
"SRC042","196","19","Holdings, Inc. ... (4)(5)(7)(11) SOFR +6.25% PIK) 2/11/2025 2/11/2032","3","471","Fair Value","23,787"
"SRC042","196","19","Holdings, Inc. ... (4)(5)(7)(11) SOFR +6.25% PIK) 2/11/2025 2/11/2032","4","505","% of Net Assets","0.38"
"SRC042","196","20","Triple Lift, Inc. .... (4)(10) SOFR +5.75% 9.59% 3/18/2022 5/5/2028","1","400","Amount/ Units (1)","13,600"
"SRC042","196","20","Triple Lift, Inc. .... (4)(10) SOFR +5.75% 9.59% 3/18/2022 5/5/2028","2","435","Cost (3)","13,496"
"SRC042","196","20","Triple Lift, Inc. .... (4)(10) SOFR +5.75% 9.59% 3/18/2022 5/5/2028","3","471","Fair Value","12,444"
"SRC042","196","20","Triple Lift, Inc. .... (4)(10) SOFR +5.75% 9.59% 3/18/2022 5/5/2028","4","505","% of Net Assets","0.20"
"SRC042","196","21","Triple Lift, Inc. .... (4)(7)(10) SOFR +5.75% 9.59% 5/6/2021 5/5/2028","1","400","Amount/ Units (1)","46,795"
"SRC042","196","21","Triple Lift, Inc. .... (4)(7)(10) SOFR +5.75% 9.59% 5/6/2021 5/5/2028","2","435","Cost (3)","46,430"
"SRC042","196","21","Triple Lift, Inc. .... (4)(7)(10) SOFR +5.75% 9.59% 5/6/2021 5/5/2028","3","471","Fair Value","42,163"
"SRC042","196","21","Triple Lift, Inc. .... (4)(7)(10) SOFR +5.75% 9.59% 5/6/2021 5/5/2028","4","505","% of Net Assets","0.68"
"SRC042","196","22","Holdings Corp. .. (4)(5)(7)(10) SOFR +6.25% PIK) 8/23/2024 8/23/2031","1","400","Amount/ Units (1)","13,209"
"SRC042","196","22","Holdings Corp. .. (4)(5)(7)(10) SOFR +6.25% PIK) 8/23/2024 8/23/2031","2","435","Cost (3)","13,039"
"SRC042","196","22","Holdings Corp. .. (4)(5)(7)(10) SOFR +6.25% PIK) 8/23/2024 8/23/2031","3","471","Fair Value","13,035"
"SRC042","196","22","Holdings Corp. .. (4)(5)(7)(10) SOFR +6.25% PIK) 8/23/2024 8/23/2031","4","505","% of Net Assets","0.21"
"SRC042","196","23","Holdings Corp. .. (4)(5)(7)(10) SOFR +6.25% PIK) 10/15/2025 8/23/2031","1","400","Amount/ Units (1)","4,569"
"SRC042","196","23","Holdings Corp. .. (4)(5)(7)(10) SOFR +6.25% PIK) 10/15/2025 8/23/2031","2","435","Cost (3)","4,517"
"SRC042","196","23","Holdings Corp. .. (4)(5)(7)(10) SOFR +6.25% PIK) 10/15/2025 8/23/2031","3","471","Fair Value","4,513"
"SRC042","196","23","Holdings Corp. .. (4)(5)(7)(10) SOFR +6.25% PIK) 10/15/2025 8/23/2031","4","505","% of Net Assets","0.07"
"SRC042","196","24","WPEngine, Inc. .... (4)(7)(10) SOFR +5.75% 9.45% 8/14/2023 8/14/2029","1","400","Amount/ Units (1)","66,667"
"SRC042","196","24","WPEngine, Inc. .... (4)(7)(10) SOFR +5.75% 9.45% 8/14/2023 8/14/2029","2","435","Cost (3)","65,341"
"SRC042","196","24","WPEngine, Inc. .... (4)(7)(10) SOFR +5.75% 9.45% 8/14/2023 8/14/2029","3","471","Fair Value","66,467"
"SRC042","196","24","WPEngine, Inc. .... (4)(7)(10) SOFR +5.75% 9.45% 8/14/2023 8/14/2029","4","505","% of Net Assets","1.06"
"SRC042","196","25","Zendesk, Inc. ...... (4)(5)(7)(10) SOFR +5.00% 8.69% 7/23/2024 11/22/2028","1","400","Amount/ Units (1)","1,839"
"SRC042","196","25","Zendesk, Inc. ...... (4)(5)(7)(10) SOFR +5.00% 8.69% 7/23/2024 11/22/2028","2","435","Cost (3)","1,820"
"SRC042","196","25","Zendesk, Inc. ...... (4)(5)(7)(10) SOFR +5.00% 8.69% 7/23/2024 11/22/2028","3","471","Fair Value","1,839"
"SRC042","196","25","Zendesk, Inc. ...... (4)(5)(7)(10) SOFR +5.00% 8.69% 7/23/2024 11/22/2028","4","505","% of Net Assets","0.03"
"SRC042","196","26","Zorro Bidco, Ltd. .. (4)(5)(6)(7)(8) S +4.65% 8.62% 8/13/2024 8/13/2031 GBP","1","400","Amount/ Units (1)","28,916"
"SRC042","196","26","Zorro Bidco, Ltd. .. (4)(5)(6)(7)(8) S +4.65% 8.62% 8/13/2024 8/13/2031 GBP","2","435","Cost (3)","36,197"
"SRC042","196","26","Zorro Bidco, Ltd. .. (4)(5)(6)(7)(8) S +4.65% 8.62% 8/13/2024 8/13/2031 GBP","3","471","Fair Value","38,544"
"SRC042","196","26","Zorro Bidco, Ltd. .. (4)(5)(6)(7)(8) S +4.65% 8.62% 8/13/2024 8/13/2031 GBP","4","505","% of Net Assets","0.62"
"SRC042","196","27","Zorro Bidco, Ltd. .. (4)(5)(6)(8) S +4.65% 8.62% 1/30/2025 8/13/2031 GBP","1","400","Amount/ Units (1)","3,165"
"SRC042","196","27","Zorro Bidco, Ltd. .. (4)(5)(6)(8) S +4.65% 8.62% 1/30/2025 8/13/2031 GBP","2","435","Cost (3)","3,903"
"SRC042","196","27","Zorro Bidco, Ltd. .. (4)(5)(6)(8) S +4.65% 8.62% 1/30/2025 8/13/2031 GBP","3","471","Fair Value","4,223"
"SRC042","196","27","Zorro Bidco, Ltd. .. (4)(5)(6)(8) S +4.65% 8.62% 1/30/2025 8/13/2031 GBP","4","505","% of Net Assets","0.07"
"SRC042","196","28","Zorro Bidco, Ltd. .. (4)(5)(6)(8) ST +4.65% 6.66% 2/6/2025 8/13/2031 SEK","1","400","Amount/ Units (1)","43,390"
"SRC042","196","28","Zorro Bidco, Ltd. .. (4)(5)(6)(8) ST +4.65% 6.66% 2/6/2025 8/13/2031 SEK","2","435","Cost (3)","3,951"
"SRC042","196","28","Zorro Bidco, Ltd. .. (4)(5)(6)(8) ST +4.65% 6.66% 2/6/2025 8/13/2031 SEK","3","471","Fair Value","4,666"
"SRC042","196","28","Zorro Bidco, Ltd. .. (4)(5)(6)(8) ST +4.65% 6.66% 2/6/2025 8/13/2031 SEK","4","505","% of Net Assets","0.07"
"SRC042","196","29","CustomInk, LLC ... (4)(11)(18) SOFR +5.98% 9.83% 5/3/2019 5/3/2028","1","400","Amount/ Units (1)","175,836"
"SRC042","196","29","CustomInk, LLC ... (4)(11)(18) SOFR +5.98% 9.83% 5/3/2019 5/3/2028","2","435","Cost (3)","175,688"
"SRC042","196","29","CustomInk, LLC ... (4)(11)(18) SOFR +5.98% 9.83% 5/3/2019 5/3/2028","3","471","Fair Value","175,837"
"SRC042","196","29","CustomInk, LLC ... (4)(11)(18) SOFR +5.98% 9.83% 5/3/2019 5/3/2028","4","505","% of Net Assets","2.82"
"SRC042","196","30","Lytx, Inc. ......... (4)(11) SOFR +5.00% 8.83% 6/13/2024 2/28/2028","1","400","Amount/ Units (1)","84,454"
"SRC042","196","30","Lytx, Inc. ......... (4)(11) SOFR +5.00% 8.83% 6/13/2024 2/28/2028","2","435","Cost (3)","84,084"
"SRC042","196","30","Lytx, Inc. ......... (4)(11) SOFR +5.00% 8.83% 6/13/2024 2/28/2028","3","471","Fair Value","84,454"
"SRC042","196","30","Lytx, Inc. ......... (4)(11) SOFR +5.00% 8.83% 6/13/2024 2/28/2028","4","505","% of Net Assets","1.35"
"SRC042","197","1","Surfaces, Inc. ... (4)(11) SOFR +6.00% PIK) 4/30/2021 12/31/2028 $","1","393","Amount/ Units (1)","55,562"
"SRC042","197","1","Surfaces, Inc. ... (4)(11) SOFR +6.00% PIK) 4/30/2021 12/31/2028 $","2","436","Cost (3)","55,217"
"SRC042","197","1","Surfaces, Inc. ... (4)(11) SOFR +6.00% PIK) 4/30/2021 12/31/2028 $","3","473","Fair Value","41,393"
"SRC042","197","1","Surfaces, Inc. ... (4)(11) SOFR +6.00% PIK) 4/30/2021 12/31/2028 $","4","507","% of Net Assets","0.66%"
"SRC042","197","2","Corp. .......... (4)(11) SOFR +6.00% 9.67% 3/4/2024 3/4/2030","1","393","Amount/ Units (1)","73,267"
"SRC042","197","2","Corp. .......... (4)(11) SOFR +6.00% 9.67% 3/4/2024 3/4/2030","2","436","Cost (3)","72,096"
"SRC042","197","2","Corp. .......... (4)(11) SOFR +6.00% 9.67% 3/4/2024 3/4/2030","3","473","Fair Value","73,267"
"SRC042","197","2","Corp. .......... (4)(11) SOFR +6.00% 9.67% 3/4/2024 3/4/2030","4","507","% of Net Assets","1.17"
"SRC042","197","3","Corp. .......... (4)(5)(7)(11) SOFR +6.00% 9.67% 5/31/2024 3/4/2030","1","393","Amount/ Units (1)","11,583"
"SRC042","197","3","Corp. .......... (4)(5)(7)(11) SOFR +6.00% 9.67% 5/31/2024 3/4/2030","2","436","Cost (3)","11,098"
"SRC042","197","3","Corp. .......... (4)(5)(7)(11) SOFR +6.00% 9.67% 5/31/2024 3/4/2030","3","473","Fair Value","11,583"
"SRC042","197","3","Corp. .......... (4)(5)(7)(11) SOFR +6.00% 9.67% 5/31/2024 3/4/2030","4","507","% of Net Assets","0.19"
"SRC042","197","4","Holdings, Inc. ... (4)(11) SOFR +4.50% 8.32% 8/29/2024 11/13/2029","1","393","Amount/ Units (1)","5,404"
"SRC042","197","4","Holdings, Inc. ... (4)(11) SOFR +4.50% 8.32% 8/29/2024 11/13/2029","2","436","Cost (3)","5,390"
"SRC042","197","4","Holdings, Inc. ... (4)(11) SOFR +4.50% 8.32% 8/29/2024 11/13/2029","3","473","Fair Value","5,404"
"SRC042","197","4","Holdings, Inc. ... (4)(11) SOFR +4.50% 8.32% 8/29/2024 11/13/2029","4","507","% of Net Assets","0.09"
"SRC042","197","5","Safety, LLC .... (4)(8) SOFR +4.75% PIK) 3/4/2025 3/4/2032","1","393","Amount/ Units (1)","15,275"
"SRC042","197","5","Safety, LLC .... (4)(8) SOFR +4.75% PIK) 3/4/2025 3/4/2032","2","436","Cost (3)","15,143"
"SRC042","197","5","Safety, LLC .... (4)(8) SOFR +4.75% PIK) 3/4/2025 3/4/2032","3","473","Fair Value","15,199"
"SRC042","197","5","Safety, LLC .... (4)(8) SOFR +4.75% PIK) 3/4/2025 3/4/2032","4","507","% of Net Assets","0.24"
"SRC042","197","6","Safety, LLC .... (4)(5)(7)(8) SOFR +4.75% PIK) 3/4/2025 3/4/2032","1","393","Amount/ Units (1)","4,481"
"SRC042","197","6","Safety, LLC .... (4)(5)(7)(8) SOFR +4.75% PIK) 3/4/2025 3/4/2032","2","436","Cost (3)","4,430"
"SRC042","197","6","Safety, LLC .... (4)(5)(7)(8) SOFR +4.75% PIK) 3/4/2025 3/4/2032","3","473","Fair Value","4,446"
"SRC042","197","6","Safety, LLC .... (4)(5)(7)(8) SOFR +4.75% PIK) 3/4/2025 3/4/2032","4","507","% of Net Assets","0.07"
"SRC042","197","7","Safety, LLC .... (4)(5)(8) SOFR +4.75% PIK) 5/15/2025 3/4/2032","1","393","Amount/ Units (1)","4,747"
"SRC042","197","7","Safety, LLC .... (4)(5)(8) SOFR +4.75% PIK) 5/15/2025 3/4/2032","2","436","Cost (3)","4,694"
"SRC042","197","7","Safety, LLC .... (4)(5)(8) SOFR +4.75% PIK) 5/15/2025 3/4/2032","3","473","Fair Value","4,723"
"SRC042","197","7","Safety, LLC .... (4)(5)(8) SOFR +4.75% PIK) 5/15/2025 3/4/2032","4","507","% of Net Assets","0.08"
"SRC042","197","8","Safety, LLC .... (4)(5)(7)(8) SOFR +4.75% PIK) 10/15/2025 3/4/2032","1","393","Amount/ Units (1)","2,102"
"SRC042","197","8","Safety, LLC .... (4)(5)(7)(8) SOFR +4.75% PIK) 10/15/2025 3/4/2032","2","436","Cost (3)","2,065"
"SRC042","197","8","Safety, LLC .... (4)(5)(7)(8) SOFR +4.75% PIK) 10/15/2025 3/4/2032","3","473","Fair Value","2,075"
"SRC042","197","8","Safety, LLC .... (4)(5)(7)(8) SOFR +4.75% PIK) 10/15/2025 3/4/2032","4","507","% of Net Assets","0.03"
"SRC042","197","9","Safety, LLC .... (4)(5)(8) SOFR +4.75% PIK) 12/31/2025 3/4/2032","1","393","Amount/ Units (1)","2,812"
"SRC042","197","9","Safety, LLC .... (4)(5)(8) SOFR +4.75% PIK) 12/31/2025 3/4/2032","2","436","Cost (3)","2,784"
"SRC042","197","9","Safety, LLC .... (4)(5)(8) SOFR +4.75% PIK) 12/31/2025 3/4/2032","3","473","Fair Value","2,798"
"SRC042","197","9","Safety, LLC .... (4)(5)(8) SOFR +4.75% PIK) 12/31/2025 3/4/2032","4","507","% of Net Assets","0.04"
"SRC042","197","10","Helix TS, LLC .... (4)(10) SOFR +5.00% 8.67% 8/4/2021 8/4/2030","1","393","Amount/ Units (1)","34,369"
"SRC042","197","10","Helix TS, LLC .... (4)(10) SOFR +5.00% 8.67% 8/4/2021 8/4/2030","2","436","Cost (3)","33,991"
"SRC042","197","10","Helix TS, LLC .... (4)(10) SOFR +5.00% 8.67% 8/4/2021 8/4/2030","3","473","Fair Value","34,026"
"SRC042","197","10","Helix TS, LLC .... (4)(10) SOFR +5.00% 8.67% 8/4/2021 8/4/2030","4","507","% of Net Assets","0.54"
"SRC042","197","11","Helix TS, LLC .... (4)(10) SOFR +5.00% 8.67% 8/4/2021 8/4/2030","1","393","Amount/ Units (1)","20,649"
"SRC042","197","11","Helix TS, LLC .... (4)(10) SOFR +5.00% 8.67% 8/4/2021 8/4/2030","2","436","Cost (3)","20,454"
"SRC042","197","11","Helix TS, LLC .... (4)(10) SOFR +5.00% 8.67% 8/4/2021 8/4/2030","3","473","Fair Value","20,442"
"SRC042","197","11","Helix TS, LLC .... (4)(10) SOFR +5.00% 8.67% 8/4/2021 8/4/2030","4","507","% of Net Assets","0.33"
"SRC042","197","12","Helix TS, LLC .... (4)(5)(10) SOFR +5.00% 8.67% 12/22/2023 8/4/2030","1","393","Amount/ Units (1)","3,737"
"SRC042","197","12","Helix TS, LLC .... (4)(5)(10) SOFR +5.00% 8.67% 12/22/2023 8/4/2030","2","436","Cost (3)","3,685"
"SRC042","197","12","Helix TS, LLC .... (4)(5)(10) SOFR +5.00% 8.67% 12/22/2023 8/4/2030","3","473","Fair Value","3,700"
"SRC042","197","12","Helix TS, LLC .... (4)(5)(10) SOFR +5.00% 8.67% 12/22/2023 8/4/2030","4","507","% of Net Assets","0.06"
"SRC042","197","13","Helix TS, LLC .... (4)(5)(10) SOFR + 5.00% 8.67% 12/14/2022 8/4/2030","1","393","Amount/ Units (1)","973"
"SRC042","197","13","Helix TS, LLC .... (4)(5)(10) SOFR + 5.00% 8.67% 12/14/2022 8/4/2030","2","436","Cost (3)","962"
"SRC042","197","13","Helix TS, LLC .... (4)(5)(10) SOFR + 5.00% 8.67% 12/14/2022 8/4/2030","3","473","Fair Value","963"
"SRC042","197","13","Helix TS, LLC .... (4)(5)(10) SOFR + 5.00% 8.67% 12/14/2022 8/4/2030","4","507","% of Net Assets","0.02"
"SRC042","197","14","S.à r.l ......... (4)(5)(6)(8) E +5.25% 7.38% 4/28/2022 4/28/2029 EUR","1","393","Amount/ Units (1)","78,810"
"SRC042","197","14","S.à r.l ......... (4)(5)(6)(8) E +5.25% 7.38% 4/28/2022 4/28/2029 EUR","2","436","Cost (3)","81,937"
"SRC042","197","14","S.à r.l ......... (4)(5)(6)(8) E +5.25% 7.38% 4/28/2022 4/28/2029 EUR","3","473","Fair Value","92,617"
"SRC042","197","14","S.à r.l ......... (4)(5)(6)(8) E +5.25% 7.38% 4/28/2022 4/28/2029 EUR","4","507","% of Net Assets","1.48"
"SRC042","197","15","Inc. ........... (4)(11) SOFR +5.75% 9.63% 4/19/2021 10/19/2027","1","393","Amount/ Units (1)","32,734"
"SRC042","197","15","Inc. ........... (4)(11) SOFR +5.75% 9.63% 4/19/2021 10/19/2027","2","436","Cost (3)","32,533"
"SRC042","197","15","Inc. ........... (4)(11) SOFR +5.75% 9.63% 4/19/2021 10/19/2027","3","473","Fair Value","31,588"
"SRC042","197","15","Inc. ........... (4)(11) SOFR +5.75% 9.63% 4/19/2021 10/19/2027","4","507","% of Net Assets","0.51"
"SRC042","197","16","Inc. ........... (4)(11) SOFR +5.75% 9.65% 4/19/2021 10/19/2027","1","393","Amount/ Units (1)","20,171"
"SRC042","197","16","Inc. ........... (4)(11) SOFR +5.75% 9.65% 4/19/2021 10/19/2027","2","436","Cost (3)","20,064"
"SRC042","197","16","Inc. ........... (4)(11) SOFR +5.75% 9.65% 4/19/2021 10/19/2027","3","473","Fair Value","19,465"
"SRC042","197","16","Inc. ........... (4)(11) SOFR +5.75% 9.65% 4/19/2021 10/19/2027","4","507","% of Net Assets","0.31"
"SRC042","197","17","Inc. ........... (4)(11) SOFR +5.75% 9.65% 1/31/2022 10/19/2027","1","393","Amount/ Units (1)","4,113"
"SRC042","197","17","Inc. ........... (4)(11) SOFR +5.75% 9.65% 1/31/2022 10/19/2027","2","436","Cost (3)","4,087"
"SRC042","197","17","Inc. ........... (4)(11) SOFR +5.75% 9.65% 1/31/2022 10/19/2027","3","473","Fair Value","3,969"
"SRC042","197","17","Inc. ........... (4)(11) SOFR +5.75% 9.65% 1/31/2022 10/19/2027","4","507","% of Net Assets","0.06"
"SRC042","197","18","Inc. ........... (4)(5)(11) P +4.75% 11.50% 9/11/2024 10/19/2027","1","393","Amount/ Units (1)","1,222"
"SRC042","197","18","Inc. ........... (4)(5)(11) P +4.75% 11.50% 9/11/2024 10/19/2027","2","436","Cost (3)","1,209"
"SRC042","197","18","Inc. ........... (4)(5)(11) P +4.75% 11.50% 9/11/2024 10/19/2027","3","473","Fair Value","1,179"
"SRC042","197","18","Inc. ........... (4)(5)(11) P +4.75% 11.50% 9/11/2024 10/19/2027","4","507","% of Net Assets","0.02"
"SRC042","197","19","Holdings, LP ... (4)(11) SOFR +4.75% 8.47% 12/19/2025 12/19/2032","1","393","Amount/ Units (1)","7,606"
"SRC042","197","19","Holdings, LP ... (4)(11) SOFR +4.75% 8.47% 12/19/2025 12/19/2032","2","436","Cost (3)","7,582"
"SRC042","197","19","Holdings, LP ... (4)(11) SOFR +4.75% 8.47% 12/19/2025 12/19/2032","3","473","Fair Value","7,606"
"SRC042","197","19","Holdings, LP ... (4)(11) SOFR +4.75% 8.47% 12/19/2025 12/19/2032","4","507","% of Net Assets","0.12"
"SRC042","197","20","Holdings, LP ... (4)(5)(7)(11) P +3.75% 10.50% 9/1/2021 12/19/2032","1","393","Amount/ Units (1)","37"
"SRC042","197","20","Holdings, LP ... (4)(5)(7)(11) P +3.75% 10.50% 9/1/2021 12/19/2032","2","436","Cost (3)","32"
"SRC042","197","20","Holdings, LP ... (4)(5)(7)(11) P +3.75% 10.50% 9/1/2021 12/19/2032","3","473","Fair Value","30"
"SRC042","197","20","Holdings, LP ... (4)(5)(7)(11) P +3.75% 10.50% 9/1/2021 12/19/2032","4","507","% of Net Assets","0.00"
"SRC042","197","21","Inc. ........... (4)(11) SOFR +5.50% 9.42% 9/24/2021 9/24/2027","1","393","Amount/ Units (1)","36,385"
"SRC042","197","21","Inc. ........... (4)(11) SOFR +5.50% 9.42% 9/24/2021 9/24/2027","2","436","Cost (3)","36,178"
"SRC042","197","21","Inc. ........... (4)(11) SOFR +5.50% 9.42% 9/24/2021 9/24/2027","3","473","Fair Value","36,385"
"SRC042","197","21","Inc. ........... (4)(11) SOFR +5.50% 9.42% 9/24/2021 9/24/2027","4","507","% of Net Assets","0.58"
"SRC042","197","22","Inc. ........... (4)(11) SOFR + 5.50% 9.46% 9/19/2023 9/24/2027","1","393","Amount/ Units (1)","15,640"
"SRC042","197","22","Inc. ........... (4)(11) SOFR + 5.50% 9.46% 9/19/2023 9/24/2027","2","436","Cost (3)","15,505"
"SRC042","197","22","Inc. ........... (4)(11) SOFR + 5.50% 9.46% 9/19/2023 9/24/2027","3","473","Fair Value","15,640"
"SRC042","197","22","Inc. ........... (4)(11) SOFR + 5.50% 9.46% 9/19/2023 9/24/2027","4","507","% of Net Assets","0.25"
"SRC042","197","23","Inc. ........... (4)(11) SOFR +5.50% 9.54% 9/24/2021 9/24/2027","1","393","Amount/ Units (1)","11,292"
"SRC042","197","23","Inc. ........... (4)(11) SOFR +5.50% 9.54% 9/24/2021 9/24/2027","2","436","Cost (3)","11,292"
"SRC042","197","23","Inc. ........... (4)(11) SOFR +5.50% 9.54% 9/24/2021 9/24/2027","3","473","Fair Value","11,292"
"SRC042","197","23","Inc. ........... (4)(11) SOFR +5.50% 9.54% 9/24/2021 9/24/2027","4","507","% of Net Assets","0.18"
"SRC042","197","24","Inc. ........... (4)(11) SOFR +5.50% 9.54% 9/19/2023 9/24/2027","1","393","Amount/ Units (1)","9,849"
"SRC042","197","24","Inc. ........... (4)(11) SOFR +5.50% 9.54% 9/19/2023 9/24/2027","2","436","Cost (3)","9,764"
"SRC042","197","24","Inc. ........... (4)(11) SOFR +5.50% 9.54% 9/19/2023 9/24/2027","3","473","Fair Value","9,849"
"SRC042","197","24","Inc. ........... (4)(11) SOFR +5.50% 9.54% 9/19/2023 9/24/2027","4","507","% of Net Assets","0.16"
"SRC042","197","25","Inc. ........... (4)(5)(7)(11) SOFR +5.50% 9.46% 9/5/2024 9/24/2027","1","393","Amount/ Units (1)","11,909"
"SRC042","197","25","Inc. ........... (4)(5)(7)(11) SOFR +5.50% 9.46% 9/5/2024 9/24/2027","2","436","Cost (3)","11,813"
"SRC042","197","25","Inc. ........... (4)(5)(7)(11) SOFR +5.50% 9.46% 9/5/2024 9/24/2027","3","473","Fair Value","11,909"
"SRC042","197","25","Inc. ........... (4)(5)(7)(11) SOFR +5.50% 9.46% 9/5/2024 9/24/2027","4","507","% of Net Assets","0.19"
"SRC042","198","1","Inc. ........... (4)(5)(7)(11) SOFR +5.50% 9.29% 11/5/2025 9/24/2027 $","1","400","Amount/ Units (1)","2,200"
"SRC042","198","1","Inc. ........... (4)(5)(7)(11) SOFR +5.50% 9.29% 11/5/2025 9/24/2027 $","2","436","Cost (3)","2,135"
"SRC042","198","1","Inc. ........... (4)(5)(7)(11) SOFR +5.50% 9.29% 11/5/2025 9/24/2027 $","3","494","Fair % of Value Net Assets","2,200 0.04%"
"SRC042","198","2","Services, LLC ... (4)(11) SOFR +5.50% 9.49% 7/9/2021 7/9/2027","1","400","Amount/ Units (1)","38,089"
"SRC042","198","2","Services, LLC ... (4)(11) SOFR +5.50% 9.49% 7/9/2021 7/9/2027","2","436","Cost (3)","37,896"
"SRC042","198","2","Services, LLC ... (4)(11) SOFR +5.50% 9.49% 7/9/2021 7/9/2027","3","494","Fair % of Value Net Assets","37,994 0.61"
"SRC042","198","3","Services, LLC ... (4)(5)(7)(11) SOFR +5.50% 9.44% 12/2/2024 7/9/2027","1","400","Amount/ Units (1)","33,481"
"SRC042","198","3","Services, LLC ... (4)(5)(7)(11) SOFR +5.50% 9.44% 12/2/2024 7/9/2027","2","436","Cost (3)","33,161"
"SRC042","198","3","Services, LLC ... (4)(5)(7)(11) SOFR +5.50% 9.44% 12/2/2024 7/9/2027","3","494","Fair % of Value Net Assets","33,330 0.53"
"SRC042","198","4","CCI Buyer, Inc. ... (4)(7)(10) SOFR +5.00% 8.67% 5/13/2025 5/13/2032","1","400","Amount/ Units (1)","22,024"
"SRC042","198","4","CCI Buyer, Inc. ... (4)(7)(10) SOFR +5.00% 8.67% 5/13/2025 5/13/2032","2","436","Cost (3)","21,812"
"SRC042","198","4","CCI Buyer, Inc. ... (4)(7)(10) SOFR +5.00% 8.67% 5/13/2025 5/13/2032","3","494","Fair % of Value Net Assets","21,901 0.35"
"SRC042","198","5","Total First Lien Debt - non-controlled/non-affiliated","2","436","Cost (3)","14,027,956 13,833,503"
"SRC042","198","5","Total First Lien Debt - non-controlled/non-affiliated","3","494","Fair % of Value Net Assets","221.42"
"SRC042","198","6","Group, LLC .... (4)(5)(11)(16) SOFR +6.75% PIK 7/3/2025 7/3/2030","1","400","Amount/ Units (1)","8,762"
"SRC042","198","6","Group, LLC .... (4)(5)(11)(16) SOFR +6.75% PIK 7/3/2025 7/3/2030","2","436","Cost (3)","8,762"
"SRC042","198","6","Group, LLC .... (4)(5)(11)(16) SOFR +6.75% PIK 7/3/2025 7/3/2030","3","494","Fair % of Value Net Assets","8,762 0.14"
"SRC042","198","7","Group, LLC .... (4)(5)(7)(11)(16) SOFR +6.75% PIK 7/3/2025 7/3/2030","1","400","Amount/ Units (1)","1,370"
"SRC042","198","7","Group, LLC .... (4)(5)(7)(11)(16) SOFR +6.75% PIK 7/3/2025 7/3/2030","2","436","Cost (3)","1,364"
"SRC042","198","7","Group, LLC .... (4)(5)(7)(11)(16) SOFR +6.75% PIK 7/3/2025 7/3/2030","3","494","Fair % of Value Net Assets","1,370 0.02"
"SRC042","198","8","LLC .......... (4)(5)(10)(16) SOFR +6.00% PIK) 6/14/2024 8/19/2027","1","400","Amount/ Units (1)","22,116"
"SRC042","198","8","LLC .......... (4)(5)(10)(16) SOFR +6.00% PIK) 6/14/2024 8/19/2027","2","436","Cost (3)","22,012"
"SRC042","198","8","LLC .......... (4)(5)(10)(16) SOFR +6.00% PIK) 6/14/2024 8/19/2027","3","494","Fair % of Value Net Assets","22,074 0.35"
"SRC042","198","9","LLC .......... (4)(5)(10)(16)(17) SOFR +6.00% PIK 6/14/2024 8/19/2027","1","400","Amount/ Units (1)","5,917"
"SRC042","198","9","LLC .......... (4)(5)(10)(16)(17) SOFR +6.00% PIK 6/14/2024 8/19/2027","2","436","Cost (3)","5,263"
"SRC042","198","9","LLC .......... (4)(5)(10)(16)(17) SOFR +6.00% PIK 6/14/2024 8/19/2027","3","494","Fair % of Value Net Assets","0 0.00"
"SRC042","198","10","LLC .......... (4)(5)(7)(10)(16) SOFR +6.00% PIK 6/25/2025 8/19/2027","1","400","Amount/ Units (1)","767"
"SRC042","198","10","LLC .......... (4)(5)(7)(10)(16) SOFR +6.00% PIK 6/25/2025 8/19/2027","2","436","Cost (3)","765"
"SRC042","198","10","LLC .......... (4)(5)(7)(10)(16) SOFR +6.00% PIK 6/25/2025 8/19/2027","3","494","Fair % of Value Net Assets","725 0.01"
"SRC042","198","11","Total First Lien Debt - non-controlled/affiliated","2","436","Cost (3)","38,166"
"SRC042","198","11","Total First Lien Debt - non-controlled/affiliated","3","494","Fair % of Value Net Assets","32,931 0.52"
"SRC042","198","12","Total First Lien Debt","2","436","Cost (3)","14,066,122 13,866,434"
"SRC042","198","12","Total First Lien Debt","3","494","Fair % of Value Net Assets","221.94"
"SRC042","198","13","Ltd. ........... (4)(5)(6)(8) 8.75% 8.75% 4/15/2021 4/15/2029 CAD","1","400","Amount/ Units (1)","10,533"
"SRC042","198","13","Ltd. ........... (4)(5)(6)(8) 8.75% 8.75% 4/15/2021 4/15/2029 CAD","2","436","Cost (3)","8,335"
"SRC042","198","13","Ltd. ........... (4)(5)(6)(8) 8.75% 8.75% 4/15/2021 4/15/2029 CAD","3","494","Fair % of Value Net Assets","7,272 0.12"
"SRC042","198","14","LLC .......... (4)(11) SOFR+8.75% 12.69% 5/26/2021 7/16/2028","1","400","Amount/ Units (1)","5,183"
"SRC042","198","14","LLC .......... (4)(11) SOFR+8.75% 12.69% 5/26/2021 7/16/2028","2","436","Cost (3)","5,154"
"SRC042","198","14","LLC .......... (4)(11) SOFR+8.75% 12.69% 5/26/2021 7/16/2028","3","494","Fair % of Value Net Assets","4,885 0.08"
"SRC042","198","15","Corp. .......... (4)(5)(10) SOFR+5.25% 9.08% 10/15/2024 3/10/2029","1","400","Amount/ Units (1)","1,000"
"SRC042","198","15","Corp. .......... (4)(5)(10) SOFR+5.25% 9.08% 10/15/2024 3/10/2029","2","436","Cost (3)","996"
"SRC042","198","15","Corp. .......... (4)(5)(10) SOFR+5.25% 9.08% 10/15/2024 3/10/2029","3","494","Fair % of Value Net Assets","998 0.02"
"SRC042","198","16","LLC .......... (4)(5)(6)(8) 9.65% 9.65% 10/11/2024 10/20/2039","1","400","Amount/ Units (1)","3,168"
"SRC042","198","16","LLC .......... (4)(5)(6)(8) 9.65% 9.65% 10/11/2024 10/20/2039","2","436","Cost (3)","3,127"
"SRC042","198","16","LLC .......... (4)(5)(6)(8) 9.65% 9.65% 10/11/2024 10/20/2039","3","494","Fair % of Value Net Assets","3,152 0.05"
"SRC042","198","17","GmbH ......... (4)(6)(8) CA+5.50% 7.76% 12/10/2024 2/13/2032 CAD","1","400","Amount/ Units (1)","50,654"
"SRC042","198","17","GmbH ......... (4)(6)(8) CA+5.50% 7.76% 12/10/2024 2/13/2032 CAD","2","436","Cost (3)","35,565"
"SRC042","198","17","GmbH ......... (4)(6)(8) CA+5.50% 7.76% 12/10/2024 2/13/2032 CAD","3","494","Fair % of Value Net Assets","36,536 0.59"
"SRC042","198","18","Inc. ........... (4)(10) SOFR+8.50% PIK 4/11/2025 11/24/2033","1","400","Amount/ Units (1)","16,170"
"SRC042","198","18","Inc. ........... (4)(10) SOFR+8.50% PIK 4/11/2025 11/24/2033","2","436","Cost (3)","15,989"
"SRC042","198","18","Inc. ........... (4)(10) SOFR+8.50% PIK 4/11/2025 11/24/2033","3","494","Fair % of Value Net Assets","15,685 0.25"
"SRC042","198","19","LLC .......... (4)(9) SOFR+7.00% 10.83% 11/19/2021 11/19/2029","1","400","Amount/ Units (1)","9,619"
"SRC042","198","19","LLC .......... (4)(9) SOFR+7.00% 10.83% 11/19/2021 11/19/2029","2","436","Cost (3)","9,572"
"SRC042","198","19","LLC .......... (4)(9) SOFR+7.00% 10.83% 11/19/2021 11/19/2029","3","494","Fair % of Value Net Assets","9,619 0.15"
"SRC042","199","1","LLC .......... (4)(5)(6)(9) SOFR+5.00% 8.67% 6/17/2022 6/17/2032 $","1","399","Amount/ Units (1)","4,920"
"SRC042","199","1","LLC .......... (4)(5)(6)(9) SOFR+5.00% 8.67% 6/17/2022 6/17/2032 $","2","436","Cost (3)","4,838"
"SRC042","199","1","LLC .......... (4)(5)(6)(9) SOFR+5.00% 8.67% 6/17/2022 6/17/2032 $","3","474","Fair Value","4,920"
"SRC042","199","1","LLC .......... (4)(5)(6)(9) SOFR+5.00% 8.67% 6/17/2022 6/17/2032 $","4","507","% of Net Assets","0.08%"
"SRC042","199","2","LLC .......... (4)(8) SOFR+4.75% 8.66% 9/11/2025 9/11/2028","1","399","Amount/ Units (1)","73,660"
"SRC042","199","2","LLC .......... (4)(8) SOFR+4.75% 8.66% 9/11/2025 9/11/2028","2","436","Cost (3)","72,999"
"SRC042","199","2","LLC .......... (4)(8) SOFR+4.75% 8.66% 9/11/2025 9/11/2028","3","474","Fair Value","72,923"
"SRC042","199","2","LLC .......... (4)(8) SOFR+4.75% 8.66% 9/11/2025 9/11/2028","4","507","% of Net Assets","1.17"
"SRC042","199","3","LLC .......... (4)(11) SOFR+7.35% PIK 11/25/2024 11/26/2029","1","399","Amount/ Units (1)","40,044"
"SRC042","199","3","LLC .......... (4)(11) SOFR+7.35% PIK 11/25/2024 11/26/2029","2","436","Cost (3)","39,430"
"SRC042","199","3","LLC .......... (4)(11) SOFR+7.35% PIK 11/25/2024 11/26/2029","3","474","Fair Value","39,643"
"SRC042","199","3","LLC .......... (4)(11) SOFR+7.35% PIK 11/25/2024 11/26/2029","4","507","% of Net Assets","0.63"
"SRC042","199","4","Ltd. .......... (4)(5)(6)(8) 9.80% PIK 9/5/2025 9/5/2032 EUR","1","399","Amount/ Units (1)","13,914"
"SRC042","199","4","Ltd. .......... (4)(5)(6)(8) 9.80% PIK 9/5/2025 9/5/2032 EUR","2","436","Cost (3)","16,154"
"SRC042","199","4","Ltd. .......... (4)(5)(6)(8) 9.80% PIK 9/5/2025 9/5/2032 EUR","3","474","Fair Value","16,188"
"SRC042","199","4","Ltd. .......... (4)(5)(6)(8) 9.80% PIK 9/5/2025 9/5/2032 EUR","4","507","% of Net Assets","0.26"
"SRC042","199","5","Ltd. .......... (4)(5)(6)(8) 11.20% PIK 9/5/2025 9/5/2032 GBP","1","399","Amount/ Units (1)","8,046"
"SRC042","199","5","Ltd. .......... (4)(5)(6)(8) 11.20% PIK 9/5/2025 9/5/2032 GBP","2","436","Cost (3)","10,764"
"SRC042","199","5","Ltd. .......... (4)(5)(6)(8) 11.20% PIK 9/5/2025 9/5/2032 GBP","3","474","Fair Value","10,737"
"SRC042","199","5","Ltd. .......... (4)(5)(6)(8) 11.20% PIK 9/5/2025 9/5/2032 GBP","4","507","% of Net Assets","0.17"
"SRC042","199","6","S.p.A. ......... (4)(6)(8) E+8.25% PIK 7/17/2025 7/16/2033 EUR","1","399","Amount/ Units (1)","2,806"
"SRC042","199","6","S.p.A. ......... (4)(6)(8) E+8.25% PIK 7/17/2025 7/16/2033 EUR","2","436","Cost (3)","3,192"
"SRC042","199","6","S.p.A. ......... (4)(6)(8) E+8.25% PIK 7/17/2025 7/16/2033 EUR","3","474","Fair Value","3,248"
"SRC042","199","6","S.p.A. ......... (4)(6)(8) E+8.25% PIK 7/17/2025 7/16/2033 EUR","4","507","% of Net Assets","0.05"
"SRC042","199","7","S.p.A. ......... (4)(6)(8) E+8.25% PIK 11/12/2025 7/17/2033 EUR","1","399","Amount/ Units (1)","2,207"
"SRC042","199","7","S.p.A. ......... (4)(6)(8) E+8.25% PIK 11/12/2025 7/17/2033 EUR","2","436","Cost (3)","2,508"
"SRC042","199","7","S.p.A. ......... (4)(6)(8) E+8.25% PIK 11/12/2025 7/17/2033 EUR","3","474","Fair Value","2,555"
"SRC042","199","7","S.p.A. ......... (4)(6)(8) E+8.25% PIK 11/12/2025 7/17/2033 EUR","4","507","% of Net Assets","0.04"
"SRC042","199","8","Holdings, Inc. .. (4)(5)(9) SOFR+6.50% PIK) 7/30/2021 7/30/2029","1","399","Amount/ Units (1)","3,728"
"SRC042","199","8","Holdings, Inc. .. (4)(5)(9) SOFR+6.50% PIK) 7/30/2021 7/30/2029","2","436","Cost (3)","3,706"
"SRC042","199","8","Holdings, Inc. .. (4)(5)(9) SOFR+6.50% PIK) 7/30/2021 7/30/2029","3","474","Fair Value","3,169"
"SRC042","199","8","Holdings, Inc. .. (4)(5)(9) SOFR+6.50% PIK) 7/30/2021 7/30/2029","4","507","% of Net Assets","0.05"
"SRC042","199","9","SAS .......... (4)(5)(6)(8) E+7.75% PIK 10/8/2025 10/8/2033 EUR","1","399","Amount/ Units (1)","104"
"SRC042","199","9","SAS .......... (4)(5)(6)(8) E+7.75% PIK 10/8/2025 10/8/2033 EUR","2","436","Cost (3)","119"
"SRC042","199","9","SAS .......... (4)(5)(6)(8) E+7.75% PIK 10/8/2025 10/8/2033 EUR","3","474","Fair Value","120"
"SRC042","199","9","SAS .......... (4)(5)(6)(8) E+7.75% PIK 10/8/2025 10/8/2033 EUR","4","507","% of Net Assets","0.00"
"SRC042","199","10","Total Second Lien Debt - non-controlled/non-affiliated","2","436","Cost (3)","232,448"
"SRC042","199","10","Total Second Lien Debt - non-controlled/non-affiliated","3","474","Fair Value","231,650"
"SRC042","199","10","Total Second Lien Debt - non-controlled/non-affiliated","4","507","% of Net Assets","3.71"
"SRC042","199","11","Total Second Lien Debt","2","436","Cost (3)","232,448"
"SRC042","199","11","Total Second Lien Debt","3","474","Fair Value","231,650"
"SRC042","199","11","Total Second Lien Debt","4","507","% of Net Assets","3.71"
"SRC042","199","12","LLC .......... (4)(5)(8) 13.75% PIK 11/8/2023 11/7/2031","1","399","Amount/ Units (1)","13,273"
"SRC042","199","12","LLC .......... (4)(5)(8) 13.75% PIK 11/8/2023 11/7/2031","2","436","Cost (3)","13,049"
"SRC042","199","12","LLC .......... (4)(5)(8) 13.75% PIK 11/8/2023 11/7/2031","3","474","Fair Value","12,278"
"SRC042","199","12","LLC .......... (4)(5)(8) 13.75% PIK 11/8/2023 11/7/2031","4","507","% of Net Assets","0.20"
"SRC042","199","13","Total Unsecured Debt - non-controlled/non-affiliated","2","436","Cost (3)","13,049"
"SRC042","199","13","Total Unsecured Debt - non-controlled/non-affiliated","3","474","Fair Value","12,278"
"SRC042","199","13","Total Unsecured Debt - non-controlled/non-affiliated","4","507","% of Net Assets","0.20"
"SRC042","199","14","Total Unsecured Debt","2","436","Cost (3)","13,049"
"SRC042","199","14","Total Unsecured Debt","3","474","Fair Value","12,278"
"SRC042","199","14","Total Unsecured Debt","4","507","% of Net Assets","0.20"
"SRC042","199","15","Equity ........ (4) 3/28/2022","1","399","Amount/ Units (1)","4,767"
"SRC042","199","15","Equity ........ (4) 3/28/2022","2","436","Cost (3)","4,767"
"SRC042","199","15","Equity ........ (4) 3/28/2022","3","474","Fair Value","7,198"
"SRC042","199","15","Equity ........ (4) 3/28/2022","4","507","% of Net Assets","0.12"
"SRC042","199","16","Units ......... (4) 6/11/2021","1","399","Amount/ Units (1)","902"
"SRC042","199","16","Units ......... (4) 6/11/2021","2","436","Cost (3)","902"
"SRC042","199","16","Units ......... (4) 6/11/2021","3","474","Fair Value","1,511"
"SRC042","199","16","Units ......... (4) 6/11/2021","4","507","% of Net Assets","0.02"
"SRC042","199","17","Units ......... (4) 12/9/2019 5,486,923","2","436","Cost (3)","5,487"
"SRC042","199","17","Units ......... (4) 12/9/2019 5,486,923","3","474","Fair Value","1,646"
"SRC042","199","17","Units ......... (4) 12/9/2019 5,486,923","4","507","% of Net Assets","0.03"
"SRC042","199","18","Units ......... (4) 11/27/2024","1","399","Amount/ Units (1)","935"
"SRC042","199","18","Units ......... (4) 11/27/2024","2","436","Cost (3)","3,968"
"SRC042","199","18","Units ......... (4) 11/27/2024","3","474","Fair Value","1,071"
"SRC042","199","18","Units ......... (4) 11/27/2024","4","507","% of Net Assets","0.02"
"SRC042","200","1","Stock .......... (6) 5/6/2025","1","400","Amount/ Units (1)","2,397"
"SRC042","200","1","Stock .......... (6) 5/6/2025","2","444","Cost (3)","257"
"SRC042","200","1","Stock .......... (6) 5/6/2025","3","481","Fair Value","438"
"SRC042","200","1","Stock .......... (6) 5/6/2025","4","507","% of Net Assets","0.01%"
"SRC042","200","2","Blocker Note ... (4) 12/2/2024","1","400","Amount/ Units (1)","8,738"
"SRC042","200","2","Blocker Note ... (4) 12/2/2024","2","444","Cost (3)","9"
"SRC042","200","2","Blocker Note ... (4) 12/2/2024","3","481","Fair Value","9"
"SRC042","200","2","Blocker Note ... (4) 12/2/2024","4","507","% of Net Assets","0.00"
"SRC042","200","3","Blocker Units ... (4) 12/2/2024","1","400","Amount/ Units (1)","218"
"SRC042","200","3","Blocker Units ... (4) 12/2/2024","2","444","Cost (3)","343"
"SRC042","200","3","Blocker Units ... (4) 12/2/2024","3","481","Fair Value","403"
"SRC042","200","3","Blocker Units ... (4) 12/2/2024","4","507","% of Net Assets","0.01"
"SRC042","200","4","Class Z Units ... (4) 12/2/2024","1","400","Amount/ Units (1)","57"
"SRC042","200","4","Class Z Units ... (4) 12/2/2024","2","444","Cost (3)","81"
"SRC042","200","4","Class Z Units ... (4) 12/2/2024","3","481","Fair Value","96"
"SRC042","200","4","Class Z Units ... (4) 12/2/2024","4","507","% of Net Assets","0.00"
"SRC042","200","5","Units .......... (4) 9/29/2023","1","400","Amount/ Units (1)","417,006"
"SRC042","200","5","Units .......... (4) 9/29/2023","2","444","Cost (3)","417"
"SRC042","200","5","Units .......... (4) 9/29/2023","3","481","Fair Value","619"
"SRC042","200","5","Units .......... (4) 9/29/2023","4","507","% of Net Assets","0.01"
"SRC042","200","6","Blocker Note ... (4) 12/2/2024","1","400","Amount/ Units (1)","6,291"
"SRC042","200","6","Blocker Note ... (4) 12/2/2024","2","444","Cost (3)","6"
"SRC042","200","6","Blocker Note ... (4) 12/2/2024","3","481","Fair Value","6"
"SRC042","200","6","Blocker Note ... (4) 12/2/2024","4","507","% of Net Assets","0.00"
"SRC042","200","7","Class Z Units ... (4) 12/2/2024","1","400","Amount/ Units (1)","41"
"SRC042","200","7","Class Z Units ... (4) 12/2/2024","2","444","Cost (3)","58"
"SRC042","200","7","Class Z Units ... (4) 12/2/2024","3","481","Fair Value","69"
"SRC042","200","7","Class Z Units ... (4) 12/2/2024","4","507","% of Net Assets","0.00"
"SRC042","200","8","Units .......... (4) 11/8/2024","1","400","Amount/ Units (1)","1"
"SRC042","200","8","Units .......... (4) 11/8/2024","2","444","Cost (3)","0"
"SRC042","200","8","Units .......... (4) 11/8/2024","3","481","Fair Value","0"
"SRC042","200","8","Units .......... (4) 11/8/2024","4","507","% of Net Assets","0.00"
"SRC042","200","9","Units .......... (4) 11/8/2024","1","400","Amount/ Units (1)","278"
"SRC042","200","9","Units .......... (4) 11/8/2024","2","444","Cost (3)","218"
"SRC042","200","9","Units .......... (4) 11/8/2024","3","481","Fair Value","227"
"SRC042","200","9","Units .......... (4) 11/8/2024","4","507","% of Net Assets","0.00"
"SRC042","200","10","Units .......... (4) 11/8/2024","1","400","Amount/ Units (1)","278,074"
"SRC042","200","10","Units .......... (4) 11/8/2024","2","444","Cost (3)","221"
"SRC042","200","10","Units .......... (4) 11/8/2024","3","481","Fair Value","289"
"SRC042","200","10","Units .......... (4) 11/8/2024","4","507","% of Net Assets","0.00"
"SRC042","200","11","LLC Units ...... (4) 1/2/2025","1","400","Amount/ Units (1)","161,291"
"SRC042","200","11","LLC Units ...... (4) 1/2/2025","2","444","Cost (3)","161"
"SRC042","200","11","LLC Units ...... (4) 1/2/2025","3","481","Fair Value","187"
"SRC042","200","11","LLC Units ...... (4) 1/2/2025","4","507","% of Net Assets","0.00"
"SRC042","200","12","Class A Units ... (4) 12/10/2021","1","400","Amount/ Units (1)","1"
"SRC042","200","12","Class A Units ... (4) 12/10/2021","2","444","Cost (3)","702"
"SRC042","200","12","Class A Units ... (4) 12/10/2021","3","481","Fair Value","0"
"SRC042","200","12","Class A Units ... (4) 12/10/2021","4","507","% of Net Assets","0.00"
"SRC042","200","13","Units .......... (4) 7/12/2023","1","400","Amount/ Units (1)","1"
"SRC042","200","13","Units .......... (4) 7/12/2023","2","444","Cost (3)","83"
"SRC042","200","13","Units .......... (4) 7/12/2023","3","481","Fair Value","0"
"SRC042","200","13","Units .......... (4) 7/12/2023","4","507","% of Net Assets","0.00"
"SRC042","200","14","Units .......... (4) 11/1/2021","1","400","Amount/ Units (1)","6,761"
"SRC042","200","14","Units .......... (4) 11/1/2021","2","444","Cost (3)","3,350"
"SRC042","200","14","Units .......... (4) 11/1/2021","3","481","Fair Value","7,796"
"SRC042","200","14","Units .......... (4) 11/1/2021","4","507","% of Net Assets","0.12"
"SRC042","201","1","Interest ........ (4) 11.50% 8/3/2021 12,511,857","2","439","Cost (3)","12,315"
"SRC042","201","1","Interest ........ (4) 11.50% 8/3/2021 12,511,857","3","476","Fair Value","15,641"
"SRC042","201","1","Interest ........ (4) 11.50% 8/3/2021 12,511,857","4","507","% of Net Assets","0.26%"
"SRC042","201","2","Units .......... (4) 3/25/2024","1","393","Amount/ Units (1)","2,516,215"
"SRC042","201","2","Units .......... (4) 3/25/2024","2","439","Cost (3)","2,729"
"SRC042","201","2","Units .......... (4) 3/25/2024","3","476","Fair Value","4,064"
"SRC042","201","2","Units .......... (4) 3/25/2024","4","507","% of Net Assets","0.07"
"SRC042","201","3","Units .......... (4) 10/1/2021","1","393","Amount/ Units (1)","6,930"
"SRC042","201","3","Units .......... (4) 10/1/2021","2","439","Cost (3)","5,877"
"SRC042","201","3","Units .......... (4) 10/1/2021","3","476","Fair Value","7,553"
"SRC042","201","3","Units .......... (4) 10/1/2021","4","507","% of Net Assets","0.13"
"SRC042","201","4","Units .......... (4) 10/1/2021","1","393","Amount/ Units (1)","369,255"
"SRC042","201","4","Units .......... (4) 10/1/2021","2","439","Cost (3)","1,053"
"SRC042","201","4","Units .......... (4) 10/1/2021","3","476","Fair Value","1,196"
"SRC042","201","4","Units .......... (4) 10/1/2021","4","507","% of Net Assets","0.02"
"SRC042","201","5","Units .......... (4) 3/24/2022","1","393","Amount/ Units (1)","1,489"
"SRC042","201","5","Units .......... (4) 3/24/2022","2","439","Cost (3)","1,263"
"SRC042","201","5","Units .......... (4) 3/24/2022","3","476","Fair Value","1,623"
"SRC042","201","5","Units .......... (4) 3/24/2022","4","507","% of Net Assets","0.03"
"SRC042","201","6","Units .......... (4) 3/24/2022","1","393","Amount/ Units (1)","79,358"
"SRC042","201","6","Units .......... (4) 3/24/2022","2","439","Cost (3)","226"
"SRC042","201","6","Units .......... (4) 3/24/2022","3","476","Fair Value","257"
"SRC042","201","6","Units .......... (4) 3/24/2022","4","507","% of Net Assets","0.00"
"SRC042","201","7","Interest ........ (4) 7/31/2025","1","393","Amount/ Units (1)","610,738"
"SRC042","201","7","Interest ........ (4) 7/31/2025","2","439","Cost (3)","611"
"SRC042","201","7","Interest ........ (4) 7/31/2025","3","476","Fair Value","660"
"SRC042","201","7","Interest ........ (4) 7/31/2025","4","507","% of Net Assets","0.01"
"SRC042","201","8","Units .......... (4) 12/23/2024","1","393","Amount/ Units (1)","578,564"
"SRC042","201","8","Units .......... (4) 12/23/2024","2","439","Cost (3)","466"
"SRC042","201","8","Units .......... (4) 12/23/2024","3","476","Fair Value","526"
"SRC042","201","8","Units .......... (4) 12/23/2024","4","507","% of Net Assets","0.01"
"SRC042","201","9","Equity ......... (4)(6) 7/1/2024","1","393","Amount/ Units (1)","5,286,915"
"SRC042","201","9","Equity ......... (4)(6) 7/1/2024","2","439","Cost (3)","5,287"
"SRC042","201","9","Equity ......... (4)(6) 7/1/2024","3","476","Fair Value","6,186"
"SRC042","201","9","Equity ......... (4)(6) 7/1/2024","4","507","% of Net Assets","0.10"
"SRC042","201","10","- LP Interest .... (4) 8/31/2023","1","393","Amount/ Units (1)","212,137"
"SRC042","201","10","- LP Interest .... (4) 8/31/2023","2","439","Cost (3)","212"
"SRC042","201","10","- LP Interest .... (4) 8/31/2023","3","476","Fair Value","389"
"SRC042","201","10","- LP Interest .... (4) 8/31/2023","4","507","% of Net Assets","0.01"
"SRC042","201","11","Units .......... (4) 9/10/2021","1","393","Amount/ Units (1)","539"
"SRC042","201","11","Units .......... (4) 9/10/2021","2","439","Cost (3)","539"
"SRC042","201","11","Units .......... (4) 9/10/2021","3","476","Fair Value","243"
"SRC042","201","11","Units .......... (4) 9/10/2021","4","507","% of Net Assets","0.00"
"SRC042","201","12","Shares ......... (4) 11.50% 2/25/2022","1","393","Amount/ Units (1)","625,944"
"SRC042","201","12","Shares ......... (4) 11.50% 2/25/2022","2","439","Cost (3)","607"
"SRC042","201","12","Shares ......... (4) 11.50% 2/25/2022","3","476","Fair Value","382"
"SRC042","201","12","Shares ......... (4) 11.50% 2/25/2022","4","507","% of Net Assets","0.01"
"SRC042","202","1","Common Units .. (4) 5/26/2021","1","397","Amount/ Units (1)","2,201"
"SRC042","202","1","Common Units .. (4) 5/26/2021","2","444","Cost (3)","392"
"SRC042","202","1","Common Units .. (4) 5/26/2021","3","481","Fair Value","53"
"SRC042","202","1","Common Units .. (4) 5/26/2021","4","507","% of Net Assets","0.00%"
"SRC042","202","2","Units .......... (4) 5/26/2021","1","397","Amount/ Units (1)","1,185"
"SRC042","202","2","Units .......... (4) 5/26/2021","2","444","Cost (3)","211"
"SRC042","202","2","Units .......... (4) 5/26/2021","3","481","Fair Value","29"
"SRC042","202","2","Units .......... (4) 5/26/2021","4","507","% of Net Assets","0.00"
"SRC042","202","3","Common Units .. (4) 8/2/2024 4,755,436","2","444","Cost (3)","0"
"SRC042","202","3","Common Units .. (4) 8/2/2024 4,755,436","3","481","Fair Value","0"
"SRC042","202","3","Common Units .. (4) 8/2/2024 4,755,436","4","507","% of Net Assets","0.00"
"SRC042","202","4","Vehicle Units ... (4)(6) 10/28/2022","1","397","Amount/ Units (1)","11,710"
"SRC042","202","4","Vehicle Units ... (4)(6) 10/28/2022","2","444","Cost (3)","12"
"SRC042","202","4","Vehicle Units ... (4)(6) 10/28/2022","3","481","Fair Value","1"
"SRC042","202","4","Vehicle Units ... (4)(6) 10/28/2022","4","507","% of Net Assets","0.00"
"SRC042","202","5","Units .......... (4)(6) 5/25/2022","1","397","Amount/ Units (1)","58,458"
"SRC042","202","5","Units .......... (4)(6) 5/25/2022","2","444","Cost (3)","58"
"SRC042","202","5","Units .......... (4)(6) 5/25/2022","3","481","Fair Value","54"
"SRC042","202","5","Units .......... (4)(6) 5/25/2022","4","507","% of Net Assets","0.00"
"SRC042","202","6","Interest(4) ...... 6.00% 11/8/2023","1","397","Amount/ Units (1)","9,850"
"SRC042","202","6","Interest(4) ...... 6.00% 11/8/2023","2","444","Cost (3)","985"
"SRC042","202","6","Interest(4) ...... 6.00% 11/8/2023","3","481","Fair Value","266"
"SRC042","202","6","Interest(4) ...... 6.00% 11/8/2023","4","507","% of Net Assets","0.00"
"SRC042","202","7","Class A Shares .. (4)(6) 12/4/2025","1","397","Amount/ Units (1)","20,429"
"SRC042","202","7","Class A Shares .. (4)(6) 12/4/2025","2","444","Cost (3)","1,290"
"SRC042","202","7","Class A Shares .. (4)(6) 12/4/2025","3","481","Fair Value","1,290"
"SRC042","202","7","Class A Shares .. (4)(6) 12/4/2025","4","507","% of Net Assets","0.02"
"SRC042","202","8","Class C Shares .. (4)(6) 12/4/2025","1","397","Amount/ Units (1)","1,135"
"SRC042","202","8","Class C Shares .. (4)(6) 12/4/2025","2","444","Cost (3)","72"
"SRC042","202","8","Class C Shares .. (4)(6) 12/4/2025","3","481","Fair Value","72"
"SRC042","202","8","Class C Shares .. (4)(6) 12/4/2025","4","507","% of Net Assets","0.00"
"SRC042","202","9","Units .......... (4) 9/28/2023 14,907,400","2","444","Cost (3)","0"
"SRC042","202","9","Units .......... (4) 9/28/2023 14,907,400","3","481","Fair Value","0"
"SRC042","202","9","Units .......... (4) 9/28/2023 14,907,400","4","507","% of Net Assets","0.00"
"SRC042","202","10","Warrants ....... (4)(6) 10/11/2024","1","397","Amount/ Units (1)","601,075"
"SRC042","202","10","Warrants ....... (4)(6) 10/11/2024","2","444","Cost (3)","0"
"SRC042","202","10","Warrants ....... (4)(6) 10/11/2024","3","481","Fair Value","72"
"SRC042","202","10","Warrants ....... (4)(6) 10/11/2024","4","507","% of Net Assets","0.00"
"SRC042","202","11","Equity ......... (4)(6) 12/30/2022","1","397","Amount/ Units (1)","50,000"
"SRC042","202","11","Equity ......... (4)(6) 12/30/2022","2","444","Cost (3)","50"
"SRC042","202","11","Equity ......... (4)(6) 12/30/2022","3","481","Fair Value","190"
"SRC042","202","11","Equity ......... (4)(6) 12/30/2022","4","507","% of Net Assets","0.00"
"SRC042","202","12","Interest ........ (4) 11/12/2021 2,854,133","2","444","Cost (3)","2,854"
"SRC042","202","12","Interest ........ (4) 11/12/2021 2,854,133","3","481","Fair Value","3,168"
"SRC042","202","12","Interest ........ (4) 11/12/2021 2,854,133","4","507","% of Net Assets","0.06"
"SRC042","202","13","Units .......... (4) 11/6/2024","1","397","Amount/ Units (1)","772,599"
"SRC042","202","13","Units .......... (4) 11/6/2024","2","444","Cost (3)","773"
"SRC042","202","13","Units .......... (4) 11/6/2024","3","481","Fair Value","773"
"SRC042","202","13","Units .......... (4) 11/6/2024","4","507","% of Net Assets","0.02"
"SRC042","202","14","Interest ........ (4) 6/29/2021 3,500,000","2","444","Cost (3)","3,500"
"SRC042","202","14","Interest ........ (4) 6/29/2021 3,500,000","3","481","Fair Value","8,647"
"SRC042","202","14","Interest ........ (4) 6/29/2021 3,500,000","4","507","% of Net Assets","0.15"
"SRC042","202","15","Interest ........ (4)(6) 6/13/2022","1","397","Amount/ Units (1)","402,339"
"SRC042","202","15","Interest ........ (4)(6) 6/13/2022","2","444","Cost (3)","402"
"SRC042","202","15","Interest ........ (4)(6) 6/13/2022","3","481","Fair Value","394"
"SRC042","202","15","Interest ........ (4)(6) 6/13/2022","4","507","% of Net Assets","0.01"
"SRC042","202","16","Units .......... (4) 6/12/2024","1","397","Amount/ Units (1)","2,583"
"SRC042","202","16","Units .......... (4) 6/12/2024","2","444","Cost (3)","3"
"SRC042","202","16","Units .......... (4) 6/12/2024","3","481","Fair Value","6"
"SRC042","202","16","Units .......... (4) 6/12/2024","4","507","% of Net Assets","0.00"
"SRC042","203","1","Units .......... (4) 8.00% 11/1/2024","1","398","Amount/ Units (1)","310,331"
"SRC042","203","1","Units .......... (4) 8.00% 11/1/2024","2","444","Cost (3)","310"
"SRC042","203","1","Units .......... (4) 8.00% 11/1/2024","3","481","Fair Value","341"
"SRC042","203","1","Units .......... (4) 8.00% 11/1/2024","4","507","% of Net Assets","0.01%"
"SRC042","203","2","Units .......... (4) 8/28/2024","1","398","Amount/ Units (1)","44"
"SRC042","203","2","Units .......... (4) 8/28/2024","2","444","Cost (3)","44"
"SRC042","203","2","Units .......... (4) 8/28/2024","3","481","Fair Value","49"
"SRC042","203","2","Units .......... (4) 8/28/2024","4","507","% of Net Assets","0.00"
"SRC042","203","3","Units .......... (4) 7/14/2021","1","398","Amount/ Units (1)","42,045"
"SRC042","203","3","Units .......... (4) 7/14/2021","2","444","Cost (3)","462"
"SRC042","203","3","Units .......... (4) 7/14/2021","3","481","Fair Value","194"
"SRC042","203","3","Units .......... (4) 7/14/2021","4","507","% of Net Assets","0.00"
"SRC042","203","4","Stock .......... (4) 10/9/2023","1","398","Amount/ Units (1)","4,913"
"SRC042","203","4","Stock .......... (4) 10/9/2023","2","444","Cost (3)","213"
"SRC042","203","4","Stock .......... (4) 10/9/2023","3","481","Fair Value","0"
"SRC042","203","4","Stock .......... (4) 10/9/2023","4","507","% of Net Assets","0.00"
"SRC042","203","5","Units .......... (4) 2/24/2022","1","398","Amount/ Units (1)","90"
"SRC042","203","5","Units .......... (4) 2/24/2022","2","444","Cost (3)","57"
"SRC042","203","5","Units .......... (4) 2/24/2022","3","481","Fair Value","53"
"SRC042","203","5","Units .......... (4) 2/24/2022","4","507","% of Net Assets","0.00"
"SRC042","203","6","Units .......... (4) 2/24/2022","1","398","Amount/ Units (1)","90,000"
"SRC042","203","6","Units .......... (4) 2/24/2022","2","444","Cost (3)","33"
"SRC042","203","6","Units .......... (4) 2/24/2022","3","481","Fair Value","19"
"SRC042","203","6","Units .......... (4) 2/24/2022","4","507","% of Net Assets","0.00"
"SRC042","203","7","Shares ......... (4) 10.50% 7/30/2021 3,550,000","2","444","Cost (3)","3,444"
"SRC042","203","7","Shares ......... (4) 10.50% 7/30/2021 3,550,000","3","481","Fair Value","4,122"
"SRC042","203","7","Shares ......... (4) 10.50% 7/30/2021 3,550,000","4","507","% of Net Assets","0.08"
"SRC042","203","8","LP Interest ..... (4) 5/3/2022","1","398","Amount/ Units (1)","667,850"
"SRC042","203","8","LP Interest ..... (4) 5/3/2022","2","444","Cost (3)","668"
"SRC042","203","8","LP Interest ..... (4) 5/3/2022","3","481","Fair Value","735"
"SRC042","203","8","LP Interest ..... (4) 5/3/2022","4","507","% of Net Assets","0.01"
"SRC042","203","9","Units .......... (4) 10/14/2025","1","398","Amount/ Units (1)","318"
"SRC042","203","9","Units .......... (4) 10/14/2025","2","444","Cost (3)","0"
"SRC042","203","9","Units .......... (4) 10/14/2025","3","481","Fair Value","0"
"SRC042","203","9","Units .......... (4) 10/14/2025","4","507","% of Net Assets","0.00"
"SRC042","203","10","Units .......... (4) 10/14/2025","1","398","Amount/ Units (1)","318"
"SRC042","203","10","Units .......... (4) 10/14/2025","2","444","Cost (3)","318"
"SRC042","203","10","Units .......... (4) 10/14/2025","3","481","Fair Value","329"
"SRC042","203","10","Units .......... (4) 10/14/2025","4","507","% of Net Assets","0.01"
"SRC042","203","11","Interest ........ (4) 10/26/2023 1,965,727","2","444","Cost (3)","1,966"
"SRC042","203","11","Interest ........ (4) 10/26/2023 1,965,727","3","481","Fair Value","1,966"
"SRC042","203","11","Interest ........ (4) 10/26/2023 1,965,727","4","507","% of Net Assets","0.03"
"SRC042","203","12","Equity ......... (4) 11/22/2022","1","398","Amount/ Units (1)","2,073"
"SRC042","203","12","Equity ......... (4) 11/22/2022","2","444","Cost (3)","21"
"SRC042","203","12","Equity ......... (4) 11/22/2022","3","481","Fair Value","26"
"SRC042","203","12","Equity ......... (4) 11/22/2022","4","507","% of Net Assets","0.00"
"SRC042","203","13","Shares ......... (4) SOFR +9.50% 13.17% 11/22/2022","1","398","Amount/ Units (1)","122"
"SRC042","203","13","Shares ......... (4) SOFR +9.50% 13.17% 11/22/2022","2","444","Cost (3)","118"
"SRC042","203","13","Shares ......... (4) SOFR +9.50% 13.17% 11/22/2022","3","481","Fair Value","182"
"SRC042","203","13","Shares ......... (4) SOFR +9.50% 13.17% 11/22/2022","4","507","% of Net Assets","0.00"
"SRC042","203","14","Units .......... (4) 5/3/2019","1","398","Amount/ Units (1)","384,520"
"SRC042","203","14","Units .......... (4) 5/3/2019","2","444","Cost (3)","5,200"
"SRC042","203","14","Units .......... (4) 5/3/2019","3","481","Fair Value","6,252"
"SRC042","203","14","Units .......... (4) 5/3/2019","4","507","% of Net Assets","0.11"
"SRC042","203","15","Shares ......... (4) 8.00% 8/3/2021","1","398","Amount/ Units (1)","376,232"
"SRC042","203","15","Shares ......... (4) 8.00% 8/3/2021","2","444","Cost (3)","292"
"SRC042","203","15","Shares ......... (4) 8.00% 8/3/2021","3","481","Fair Value","500"
"SRC042","203","15","Shares ......... (4) 8.00% 8/3/2021","4","507","% of Net Assets","0.01"
"SRC042","203","16","Total Equity - non-controlled/non-affiliated","2","444","Cost (3)","75,963"
"SRC042","203","16","Total Equity - non-controlled/non-affiliated","3","481","Fair Value","90,068"
"SRC042","203","16","Total Equity - non-controlled/non-affiliated","4","507","% of Net Assets","1.51"
"SRC042","204","1","Class C Units ... (4)(16) 6/14/2024 5,898","1","451","","0"
"SRC042","204","1","Class C Units ... (4)(16) 6/14/2024 5,898","2","507","","0 0.00"
"SRC042","204","2","Total Equity - non-controlled/affiliated","1","451","","385 6,864"
"SRC042","204","2","Total Equity - non-controlled/affiliated","2","507","","0.13"
"SRC042","204","3","Total Equity 76,348","1","451","","96,932"
"SRC042","204","3","Total Equity 76,348","2","507","","1.64"
"SRC042","204","4","Total Investments - non-controlled/non-affiliated 14,349,416","1","451","","14,167,499"
"SRC042","204","4","Total Investments - non-controlled/non-affiliated 14,349,416","2","507","","226.84"
"SRC042","204","5","Total Investments - non-controlled/affiliated 38,551","1","451","","39,795"
"SRC042","204","5","Total Investments - non-controlled/affiliated 38,551","2","507","","0.65"
"SRC042","204","6","Total Investment Portfolio 14,387,967","1","451","","14,207,294"
"SRC042","204","6","Total Investment Portfolio 14,387,967","2","507","","227.49"
"SRC042","204","7","Class .......... 3.66% 6,807","1","451","","6,807"
"SRC042","204","7","Class .......... 3.66% 6,807","2","507","","0.11"
"SRC042","204","8","Class .......... 3.74% 17,168","1","451","","17,168"
"SRC042","204","8","Class .......... 3.74% 17,168","2","507","","0.27"
"SRC042","204","9","Treasury Fund .. 3.70% 3,167","1","451","","3,167"
"SRC042","204","9","Treasury Fund .. 3.70% 3,167","2","507","","0.05"
"SRC042","204","10","Equivalents ..... 262,463","1","451","","262,463"
"SRC042","204","10","Equivalents ..... 262,463","2","507","","4.20"
"SRC042","204","11","Total Cash and Cash Equivalents 289,605","1","451","","289,605"
"SRC042","204","11","Total Cash and Cash Equivalents 289,605","2","507","","4.63"
"SRC042","204","12","Total Portfolio Investments, Cash and Cash Equivalents $14,677,572","1","451","","$14,496,899"
"SRC042","204","12","Total Portfolio Investments, Cash and Cash Equivalents $14,677,572","2","507","","232.12%"
"SRC042","207","1","Continental Buyer, Inc. ...........................Revolver 4/2/2031 $","1","471","Unfunded Commitment","2,081"
"SRC042","207","1","Continental Buyer, Inc. ...........................Revolver 4/2/2031 $","2","514","Fair Value","(10)"
"SRC042","207","2","Continental Buyer, Inc. ...........................Delayed Draw Term Loan 4/21/2028","1","471","Unfunded Commitment","4,163"
"SRC042","207","2","Continental Buyer, Inc. ...........................Delayed Draw Term Loan 4/21/2028","2","514","Fair Value","(10)"
"SRC042","207","3","Coupa Software, Inc. .............................Delayed Draw Term Loan 6/3/2027","1","471","Unfunded Commitment","164"
"SRC042","207","4","Coupa Software, Inc. .............................Revolver 2/27/2029","1","471","Unfunded Commitment","126"
"SRC042","207","4","Coupa Software, Inc. .............................Revolver 2/27/2029","2","514","Fair Value","(1)"
"SRC042","207","5","CRCI Longhorn Holdings, Inc. .....................Revolver 8/27/2031","1","471","Unfunded Commitment","1,912"
"SRC042","207","5","CRCI Longhorn Holdings, Inc. .....................Revolver 8/27/2031","2","514","Fair Value","(16)"
"SRC042","207","6","CRCI Longhorn Holdings, Inc. .....................Delayed Draw Term Loan 8/27/2026","1","471","Unfunded Commitment","2,867"
"SRC042","207","7","Creek Parent, Inc. ................................Revolver 12/18/2031","1","471","Unfunded Commitment","9,893"
"SRC042","207","7","Creek Parent, Inc. ................................Revolver 12/18/2031","2","514","Fair Value","(173)"
"SRC042","207","8","Crewline Buyer, Inc. .............................Revolver 11/8/2030","1","471","Unfunded Commitment","6,438"
"SRC042","207","9","Crumbl Enterprises, LLC ..........................Revolver 4/30/2032","1","471","Unfunded Commitment","120"
"SRC042","207","9","Crumbl Enterprises, LLC ..........................Revolver 4/30/2032","2","514","Fair Value","(1)"
"SRC042","207","10","CT Technologies Intermediate Holdings, Inc. ..........Delayed Draw Term Loan 8/30/2026","1","471","Unfunded Commitment","1,914"
"SRC042","207","11","CT Technologies Intermediate Holdings, Inc. ..........Revolver 8/30/2031","1","471","Unfunded Commitment","5,904"
"SRC042","207","11","CT Technologies Intermediate Holdings, Inc. ..........Revolver 8/30/2031","2","514","Fair Value","(59)"
"SRC042","207","12","CT Technologies Intermediate Holdings, Inc. ..........Delayed Draw Term Loan 8/30/2026","1","471","Unfunded Commitment","1,735"
"SRC042","207","13","CT Technologies Intermediate Holdings, Inc. ..........Delayed Draw Term Loan 7/10/2027","1","471","Unfunded Commitment","88"
"SRC042","207","14","CT Technologies Intermediate Holdings, Inc. ..........Delayed Draw Term Loan 8/5/2027","1","471","Unfunded Commitment","1,737"
"SRC042","207","15","CT Technologies Intermediate Holdings, Inc. ..........Delayed Draw Term Loan 8/5/2027","1","471","Unfunded Commitment","1,165"
"SRC042","207","16","DCG Acquisition Corp. ...........................Revolver 6/13/2031","1","471","Unfunded Commitment","5,937"
"SRC042","207","16","DCG Acquisition Corp. ...........................Revolver 6/13/2031","2","514","Fair Value","(59)"
"SRC042","207","17","DCG Acquisition Corp. ...........................Delayed Draw Term Loan 6/13/2026","1","471","Unfunded Commitment","1,724"
"SRC042","207","18","Denali Bidco, Ltd. ...............................Delayed Draw Term Loan 9/5/2027","1","471","Unfunded Commitment","300"
"SRC042","207","18","Denali Bidco, Ltd. ...............................Delayed Draw Term Loan 9/5/2027","2","514","Fair Value","(3)"
"SRC042","207","19","Denali Intermediate Holdings, Inc. ..................Revolver 8/26/2032","1","471","Unfunded Commitment","924"
"SRC042","207","19","Denali Intermediate Holdings, Inc. ..................Revolver 8/26/2032","2","514","Fair Value","(9)"
"SRC042","207","20","Denali TopCo, LLC ..............................Delayed Draw Term Loan 8/26/2028","1","471","Unfunded Commitment","4,977"
"SRC042","207","20","Denali TopCo, LLC ..............................Delayed Draw Term Loan 8/26/2028","2","514","Fair Value","(25)"
"SRC042","207","21","Denali TopCo, LLC ..............................Revolver 8/26/2032","1","471","Unfunded Commitment","2,389"
"SRC042","207","21","Denali TopCo, LLC ..............................Revolver 8/26/2032","2","514","Fair Value","(12)"
"SRC042","207","22","Discovery Education, Inc. .........................Revolver 4/9/2029","1","471","Unfunded Commitment","987"
"SRC042","207","23","Divisions Holding Corp. ..........................Revolver 4/17/2032","1","471","Unfunded Commitment","140"
"SRC042","207","23","Divisions Holding Corp. ..........................Revolver 4/17/2032","2","514","Fair Value","(1)"
"SRC042","207","24","DM Intermediate Parent, LLC ......................Revolver 9/30/2030","1","471","Unfunded Commitment","4,790"
"SRC042","207","25","DM Intermediate Parent, LLC ......................Delayed Draw Term Loan 9/30/2026","1","471","Unfunded Commitment","3,082"
"SRC042","207","26","DM Intermediate Parent, LLC ......................Delayed Draw Term Loan 12/19/2027","1","471","Unfunded Commitment","13,319"
"SRC042","207","26","DM Intermediate Parent, LLC ......................Delayed Draw Term Loan 12/19/2027","2","514","Fair Value","(67)"
"SRC042","207","27","Doit International, Ltd. ...........................Delayed Draw Term Loan 11/25/2026","1","471","Unfunded Commitment","11,606"
"SRC042","207","27","Doit International, Ltd. ...........................Delayed Draw Term Loan 11/25/2026","2","514","Fair Value","(87)"
"SRC042","207","28","Doit International, Ltd. ...........................Revolver 11/26/2029","1","471","Unfunded Commitment","5,803"
"SRC042","207","29","Dropbox, Inc. ...................................Delayed Draw Term Loan 12/10/2026","1","471","Unfunded Commitment","44,118"
"SRC042","207","29","Dropbox, Inc. ...................................Delayed Draw Term Loan 12/10/2026","2","514","Fair Value","(221)"
"SRC042","207","30","DTA Intermediate II, Ltd. .........................Revolver 3/27/2030","1","471","Unfunded Commitment","10,769"
"SRC042","207","31","Duro Dyne National Corp. .........................Delayed Draw Term Loan 11/15/2026","1","471","Unfunded Commitment","6,002"
"SRC042","207","31","Duro Dyne National Corp. .........................Delayed Draw Term Loan 11/15/2026","2","514","Fair Value","(30)"
"SRC042","207","32","Duro Dyne National Corp. .........................Revolver 11/15/2031","1","471","Unfunded Commitment","6,002"
"SRC042","207","33","Dwyer Instruments, LLC ..........................Revolver 7/20/2029","1","471","Unfunded Commitment","823"
"SRC042","207","34","Eagan Parent, Inc. ............................... Delayed Draw Term Loan 9/8/2027","1","471","Unfunded Commitment","90"
"SRC042","207","35","Eagan Parent, Inc. ...............................Revolver 9/8/2032","1","471","Unfunded Commitment","48"
"SRC042","207","36","East River Bidco, GmbH ..........................Delayed Draw Term Loan 3/26/2028","1","471","Unfunded Commitment","31"
"SRC042","207","37","Eden Acquisitionco, Ltd. ..........................Delayed Draw Term Loan 11/17/2026","1","471","Unfunded Commitment","13,505"
"SRC042","207","37","Eden Acquisitionco, Ltd. ..........................Delayed Draw Term Loan 11/17/2026","2","514","Fair Value","(183)"
"SRC042","207","38","Edison Bidco, AS ................................Delayed Draw Term Loan 12/5/2026","1","471","Unfunded Commitment","687"
"SRC042","207","39","Electro Switch Business Trust, LLC .................Revolver 9/2/2032","1","471","Unfunded Commitment","4,345"
"SRC042","207","39","Electro Switch Business Trust, LLC .................Revolver 9/2/2032","2","514","Fair Value","(43)"
"SRC042","207","40","ELK Bidco, Inc. .................................Revolver 6/13/2032","1","471","Unfunded Commitment","3,373"
"SRC042","207","40","ELK Bidco, Inc. .................................Revolver 6/13/2032","2","514","Fair Value","(17)"
"SRC042","207","41","ELK Bidco, Inc. .................................Delayed Draw Term Loan 12/13/2027","1","471","Unfunded Commitment","3,747"
"SRC042","207","41","ELK Bidco, Inc. .................................Delayed Draw Term Loan 12/13/2027","2","514","Fair Value","(9)"
"SRC042","207","42","EMB Purchaser, Inc. .............................Delayed Draw Term Loan 3/13/2028","1","471","Unfunded Commitment","6,681"
"SRC042","207","43","EMB Purchaser, Inc. .............................Revolver 3/12/2032","1","471","Unfunded Commitment","3,294"
"SRC042","207","43","EMB Purchaser, Inc. .............................Revolver 3/12/2032","2","514","Fair Value","(33)"
"SRC042","207","44","Emergency Power Holdings, LLC ...................Delayed Draw Term Loan 8/17/2027","1","471","Unfunded Commitment","2,864"
"SRC042","207","45","Endeavor Schools Holdings, LLC ...................Delayed Draw Term Loan 1/3/2027","1","471","Unfunded Commitment","9,765"
"SRC042","207","46","ENV Bidco, AB .................................Delayed Draw Term Loan 7/29/2026","1","471","Unfunded Commitment","302"
"SRC042","207","46","ENV Bidco, AB .................................Delayed Draw Term Loan 7/29/2026","2","514","Fair Value","(4)"
"SRC042","207","47","eResearchTechnology, Inc. ........................Delayed Draw Term Loan 1/17/2027","1","471","Unfunded Commitment","24,793"
"SRC042","207","48","eResearchTechnology, Inc. ........................Revolver 10/17/2031","1","471","Unfunded Commitment","14,414"
"SRC042","207","48","eResearchTechnology, Inc. ........................Revolver 10/17/2031","2","514","Fair Value","(144)"
"SRC042","207","49","Essential Services Holding Corp. ...................Delayed Draw Term Loan 6/17/2026","1","471","Unfunded Commitment","2,297"
"SRC042","207","49","Essential Services Holding Corp. ...................Delayed Draw Term Loan 6/17/2026","2","514","Fair Value","(11)"
"SRC042","207","50","Essential Services Holding Corp. ...................Revolver 6/17/2030","1","471","Unfunded Commitment","861"
"SRC042","207","51","Everbridge Holdings, LLC .........................Delayed Draw Term Loan 7/2/2026","1","471","Unfunded Commitment","3,378"
"SRC042","207","52","Everbridge Holdings, LLC .........................Revolver 7/2/2031","1","471","Unfunded Commitment","2,222"
"SRC042","207","53","Experity, Inc. ...................................Revolver 2/22/2030","1","471","Unfunded Commitment","1,495"
"SRC042","207","54","Experity, Inc. ...................................Delayed Draw Term Loan 9/13/2026","1","471","Unfunded Commitment","4,457"
"SRC042","207","54","Experity, Inc. ...................................Delayed Draw Term Loan 9/13/2026","2","514","Fair Value","(22)"
"SRC042","212","1","Varicent Parent Holdings Corp. ....................Delayed","5","471","Unfunded Commitment","1,832"
"SRC042","212","1","Varicent Parent Holdings Corp. ....................Delayed","6","514","Fair Value","(18)"
"SRC042","212","2","Varicent Parent Holdings Corp. ....................Revolver","5","471","Unfunded Commitment","1,557"
"SRC042","212","2","Varicent Parent Holdings Corp. ....................Revolver","6","514","Fair Value","(23)"
"SRC042","212","3","Varicent Parent Holdings Corp. ....................Delayed","5","471","Unfunded Commitment","1,045"
"SRC042","212","4","Varicent Parent Holdings Corp. ....................Revolver","5","471","Unfunded Commitment","493"
"SRC042","212","4","Varicent Parent Holdings Corp. ....................Revolver","6","514","Fair Value","(5)"
"SRC042","212","5","Veregy Consolidated, Inc. ........................Delayed","5","471","Unfunded Commitment","2,436"
"SRC042","212","5","Veregy Consolidated, Inc. ........................Delayed","6","514","Fair Value","(6)"
"SRC042","212","6","Veregy Consolidated, Inc. ........................Revolver","5","471","Unfunded Commitment","5,845"
"SRC042","212","6","Veregy Consolidated, Inc. ........................Revolver","6","514","Fair Value","(44)"
"SRC042","212","7","Water Holdings Acquisition, LLC ..................Delayed","5","471","Unfunded Commitment","2,110"
"SRC042","212","8","West Monroe Partners, LLC ......................Revolver","5","471","Unfunded Commitment","1,443"
"SRC042","212","8","West Monroe Partners, LLC ......................Revolver","6","514","Fair Value","(29)"
"SRC042","212","9","West Star Aviation Acquisition, LLC ...............Revolver","5","471","Unfunded Commitment","256"
"SRC042","212","10","West Star Aviation Acquisition, LLC ...............Delayed","5","471","Unfunded Commitment","241"
"SRC042","212","11","WHCG Purchaser III, Inc. ........................Delayed","5","471","Unfunded Commitment","7,044"
"SRC042","212","12","World Insurance Associates, LLC ..................Delayed","5","471","Unfunded Commitment","17,695"
"SRC042","212","13","World Insurance Associates, LLC ..................Revolver","5","471","Unfunded Commitment","4,473"
"SRC042","212","13","World Insurance Associates, LLC ..................Revolver","6","514","Fair Value","(66)"
"SRC042","212","14","WPEngine, Inc. ................................Revolver","5","471","Unfunded Commitment","6,667"
"SRC042","212","14","WPEngine, Inc. ................................Revolver","6","514","Fair Value","(200)"
"SRC042","212","15","YA Intermediate Holdings II, LLC .................Delayed","5","471","Unfunded Commitment","2,787"
"SRC042","212","16","YA Intermediate Holdings II, LLC .................Revolver","5","471","Unfunded Commitment","1,170"
"SRC042","212","17","Zendesk, Inc. ..................................Revolver","5","471","Unfunded Commitment","169"
"SRC042","212","18","Zeus, LLC ....................................Revolver","5","471","Unfunded Commitment","3,426"
"SRC042","212","18","Zeus, LLC ....................................Revolver","6","514","Fair Value","(17)"
"SRC042","212","19","Zeus, LLC ....................................Delayed","5","471","Unfunded Commitment","2,284"
"SRC042","212","20","Zorro Bidco, Ltd. ...............................Delayed","5","471","Unfunded Commitment","4,201"
"SRC042","212","21","Total Unfunded Commitments ...................","5","471","Unfunded Commitment","$1,788,734"
"SRC042","212","22","(9) The interest rate floor on these investments as of December","2","289","","31, 2025"
"SRC042","212","23","(10) The interest rate floor on these investments as of December","2","289","","31, 2025"
"SRC042","212","24","(11) The interest rate floor on these investments as of December","2","289","","31, 2025"
"SRC042","212","25","(12) The interest rate floor on these investments as of December","2","289","","31, 2025"
"SRC042","212","26","(13) The interest rate floor on these investments as of December","2","289","","31, 2025"
"SRC042","212","27","(14) The interest rate floor on these investments as of December","2","289","","31, 2025"
"SRC042","212","28","(16) Under the 1940 Act, the Company would be deemed","5","471","Unfunded Commitment","25%"
"SRC042","212","29","voting securities and/or held the power to exercise control","5","471","Unfunded Commitment","1940"
"SRC042","212","30","Company would be deemed an “affiliated person” of","4","380","","5%"
"SRC042","212","31","Align Precision Group, LLC ..............","2","289","","8,762"
"SRC042","212","31","Align Precision Group, LLC ..............","5","471","2025","8,762"
"SRC042","212","31","Align Precision Group, LLC ..............","6","514","Income","465"
"SRC042","212","32","Align Precision Group, LLC ..............","2","289","","1,366"
"SRC042","212","32","Align Precision Group, LLC ..............","3","342","Additions Reductions","(3)"
"SRC042","212","32","Align Precision Group, LLC ..............","4","380","(Losses) Gain (Loss)","7"
"SRC042","212","32","Align Precision Group, LLC ..............","5","471","2025","1,370"
"SRC042","212","32","Align Precision Group, LLC ..............","6","514","Income","106"
"SRC042","212","33","Units ..............................","2","289","","384"
"SRC042","212","33","Units ..............................","4","380","(Losses) Gain (Loss)","1,165"
"SRC042","212","33","Units ..............................","5","471","2025","1,549"
"SRC042","212","34","LTD) ..............................","1","254","2024","6,403"
"SRC042","212","34","LTD) ..............................","4","380","(Losses) Gain (Loss)","(1,088)"
"SRC042","212","34","LTD) ..............................","5","471","2025","5,315"
"SRC042","212","35","Material Holdings, LLC .................","1","254","2024","21,547"
"SRC042","212","35","Material Holdings, LLC .................","2","289","","931"
"SRC042","212","35","Material Holdings, LLC .................","3","342","Additions Reductions","(297)"
"SRC042","212","35","Material Holdings, LLC .................","4","380","(Losses) Gain (Loss)","(107)"
"SRC042","212","35","Material Holdings, LLC .................","5","471","2025","22,074"
"SRC042","212","35","Material Holdings, LLC .................","6","514","Income","2,612"
"SRC042","212","36","Material Holdings, LLC .................","1","254","2024","1,397"
"SRC042","212","36","Material Holdings, LLC .................","2","289","","141"
"SRC042","212","36","Material Holdings, LLC .................","4","380","(Losses) Gain (Loss)","(1,538)"
"SRC042","212","37","Material Holdings, LLC .................","2","289","","726"
"SRC042","212","37","Material Holdings, LLC .................","4","380","(Losses) Gain (Loss)","(1)"
"SRC042","212","37","Material Holdings, LLC .................","5","471","2025","725"
"SRC042","212","37","Material Holdings, LLC .................","6","514","Income","12"
"SRC042","212","38","Total ................................","1","254","2024","$29,347"
"SRC042","212","38","Total ................................","2","289","","$12,310"
"SRC042","212","38","Total ................................","5","471","2025","$39,795"
"SRC042","212","38","Total ................................","6","514","Income","$3,195"
"SRC042","214","1","LLC .......... (4)(5)(11) SOFR+6.00% 10.46% 4/30/2024 3/18/2026 $","1","394","Amount/ Units (1)","47,309"
"SRC042","214","1","LLC .......... (4)(5)(11) SOFR+6.00% 10.46% 4/30/2024 3/18/2026 $","2","433","Cost (3)","47,005"
"SRC042","214","1","LLC .......... (4)(5)(11) SOFR+6.00% 10.46% 4/30/2024 3/18/2026 $","3","468","Fair Value","47,309"
"SRC042","214","1","LLC .......... (4)(5)(11) SOFR+6.00% 10.46% 4/30/2024 3/18/2026 $","4","503","% of Net Assets","0.78%"
"SRC042","214","2","Inc. ........... (4)(10) SOFR+5.25% 10.61% 2/5/2020 12/31/2027","1","394","Amount/ Units (1)","264,053"
"SRC042","214","2","Inc. ........... (4)(10) SOFR+5.25% 10.61% 2/5/2020 12/31/2027","2","433","Cost (3)","262,240"
"SRC042","214","2","Inc. ........... (4)(10) SOFR+5.25% 10.61% 2/5/2020 12/31/2027","3","468","Fair Value","264,053"
"SRC042","214","2","Inc. ........... (4)(10) SOFR+5.25% 10.61% 2/5/2020 12/31/2027","4","503","% of Net Assets","4.35"
"SRC042","214","3","Holdings LLC ... (4)(7)(10) SOFR+4.75% 9.31% 10/31/2024 11/4/2031","1","394","Amount/ Units (1)","31,015"
"SRC042","214","3","Holdings LLC ... (4)(7)(10) SOFR+4.75% 9.31% 10/31/2024 11/4/2031","2","433","Cost (3)","30,655"
"SRC042","214","3","Holdings LLC ... (4)(7)(10) SOFR+4.75% 9.31% 10/31/2024 11/4/2031","3","468","Fair Value","30,647"
"SRC042","214","3","Holdings LLC ... (4)(7)(10) SOFR+4.75% 9.31% 10/31/2024 11/4/2031","4","503","% of Net Assets","0.50"
"SRC042","214","4","Holdings, Inc. ... (4)(5)(7)(10) SOFR+5.00% 9.49% 1/9/2023 1/9/2030","1","394","Amount/ Units (1)","2,347"
"SRC042","214","4","Holdings, Inc. ... (4)(5)(7)(10) SOFR+5.00% 9.49% 1/9/2023 1/9/2030","2","433","Cost (3)","2,290"
"SRC042","214","4","Holdings, Inc. ... (4)(5)(7)(10) SOFR+5.00% 9.49% 1/9/2023 1/9/2030","3","468","Fair Value","2,347"
"SRC042","214","4","Holdings, Inc. ... (4)(5)(7)(10) SOFR+5.00% 9.49% 1/9/2023 1/9/2030","4","503","% of Net Assets","0.04"
"SRC042","214","5","MAG DS Corp. .... (11) SOFR+5.50% 9.93% 4/1/2020 4/1/2027","1","394","Amount/ Units (1)","79,562"
"SRC042","214","5","MAG DS Corp. .... (11) SOFR+5.50% 9.93% 4/1/2020 4/1/2027","2","433","Cost (3)","76,951"
"SRC042","214","5","MAG DS Corp. .... (11) SOFR+5.50% 9.93% 4/1/2020 4/1/2027","3","468","Fair Value","74,788"
"SRC042","214","5","MAG DS Corp. .... (11) SOFR+5.50% 9.93% 4/1/2020 4/1/2027","4","503","% of Net Assets","1.23"
"SRC042","214","6","BuyCo, LLC .... (4)(7)(10) SOFR+6.00% PIK) 12/5/2023 12/5/2030","1","394","Amount/ Units (1)","33,494"
"SRC042","214","6","BuyCo, LLC .... (4)(7)(10) SOFR+6.00% PIK) 12/5/2023 12/5/2030","2","433","Cost (3)","32,611"
"SRC042","214","6","BuyCo, LLC .... (4)(7)(10) SOFR+6.00% PIK) 12/5/2023 12/5/2030","3","468","Fair Value","32,631"
"SRC042","214","6","BuyCo, LLC .... (4)(7)(10) SOFR+6.00% PIK) 12/5/2023 12/5/2030","4","503","% of Net Assets","0.54"
"SRC042","214","7","Inc. ........... (4)(11)(17) SOFR+6.25% 10.58% 6/1/2021 6/1/2027","1","394","Amount/ Units (1)","18,456"
"SRC042","214","7","Inc. ........... (4)(11)(17) SOFR+6.25% 10.58% 6/1/2021 6/1/2027","2","433","Cost (3)","18,305"
"SRC042","214","7","Inc. ........... (4)(11)(17) SOFR+6.25% 10.58% 6/1/2021 6/1/2027","3","468","Fair Value","12,273"
"SRC042","214","7","Inc. ........... (4)(11)(17) SOFR+6.25% 10.58% 6/1/2021 6/1/2027","4","503","% of Net Assets","0.20"
"SRC042","214","8","LLC .......... (4)(11) SOFR+6.00% 10.46% 3/17/2020 3/18/2026","1","394","Amount/ Units (1)","109,088"
"SRC042","214","8","LLC .......... (4)(11) SOFR+6.00% 10.46% 3/17/2020 3/18/2026","2","433","Cost (3)","108,634"
"SRC042","214","8","LLC .......... (4)(11) SOFR+6.00% 10.46% 3/17/2020 3/18/2026","3","468","Fair Value","109,088"
"SRC042","214","8","LLC .......... (4)(11) SOFR+6.00% 10.46% 3/17/2020 3/18/2026","4","503","% of Net Assets","1.80"
"SRC042","214","9","Inc. ........... (4)(10) SOFR+5.75% 10.23% 6/11/2021 6/11/2027","1","394","Amount/ Units (1)","94,440"
"SRC042","214","9","Inc. ........... (4)(10) SOFR+5.75% 10.23% 6/11/2021 6/11/2027","2","433","Cost (3)","93,639"
"SRC042","214","9","Inc. ........... (4)(10) SOFR+5.75% 10.23% 6/11/2021 6/11/2027","3","468","Fair Value","94,440"
"SRC042","214","9","Inc. ........... (4)(10) SOFR+5.75% 10.23% 6/11/2021 6/11/2027","4","503","% of Net Assets","1.55"
"SRC042","214","10","ENV Bidco AB .... (4)(5)(6)(10) SOFR+5.25% 9.59% 12/12/2024 7/19/2029","1","394","Amount/ Units (1)","1,115"
"SRC042","214","10","ENV Bidco AB .... (4)(5)(6)(10) SOFR+5.25% 9.59% 12/12/2024 7/19/2029","2","433","Cost (3)","1,099"
"SRC042","214","10","ENV Bidco AB .... (4)(5)(6)(10) SOFR+5.25% 9.59% 12/12/2024 7/19/2029","3","468","Fair Value","1,115"
"SRC042","214","10","ENV Bidco AB .... (4)(5)(6)(10) SOFR+5.25% 9.59% 12/12/2024 7/19/2029","4","503","% of Net Assets","0.02"
"SRC042","214","11","ENV Bidco AB .... (4)(5)(6)(7)(8) E+5.25% 7.97% 12/12/2024 7/19/2029 EUR","1","394","Amount/ Units (1)","1,337"
"SRC042","214","11","ENV Bidco AB .... (4)(5)(6)(7)(8) E+5.25% 7.97% 12/12/2024 7/19/2029 EUR","2","433","Cost (3)","1,349"
"SRC042","214","11","ENV Bidco AB .... (4)(5)(6)(7)(8) E+5.25% 7.97% 12/12/2024 7/19/2029 EUR","3","468","Fair Value","1,381"
"SRC042","214","11","ENV Bidco AB .... (4)(5)(6)(7)(8) E+5.25% 7.97% 12/12/2024 7/19/2029 EUR","4","503","% of Net Assets","0.02"
"SRC042","214","12","Inc. ........... (4)(6)(10) SOFR+5.50% 9.96% 8/13/2021 4/30/2027","1","394","Amount/ Units (1)","124,122"
"SRC042","214","12","Inc. ........... (4)(6)(10) SOFR+5.50% 9.96% 8/13/2021 4/30/2027","2","433","Cost (3)","123,036"
"SRC042","214","12","Inc. ........... (4)(6)(10) SOFR+5.50% 9.96% 8/13/2021 4/30/2027","3","468","Fair Value","122,571"
"SRC042","214","12","Inc. ........... (4)(6)(10) SOFR+5.50% 9.96% 8/13/2021 4/30/2027","4","503","% of Net Assets","2.02"
"SRC042","214","13","Inc. ........... (4)(11) SOFR+6.25% 10.92% 12/9/2019 12/9/2026","1","394","Amount/ Units (1)","139,345"
"SRC042","214","13","Inc. ........... (4)(11) SOFR+6.25% 10.92% 12/9/2019 12/9/2026","2","433","Cost (3)","138,574"
"SRC042","214","13","Inc. ........... (4)(11) SOFR+6.25% 10.92% 12/9/2019 12/9/2026","3","468","Fair Value","135,164"
"SRC042","214","13","Inc. ........... (4)(11) SOFR+6.25% 10.92% 12/9/2019 12/9/2026","4","503","% of Net Assets","2.22"
"SRC042","214","14","Inc. ........... (4)(11) SOFR+6.25% 10.92% 2/4/2022 2/5/2029","1","394","Amount/ Units (1)","3,978"
"SRC042","214","14","Inc. ........... (4)(11) SOFR+6.25% 10.92% 2/4/2022 2/5/2029","2","433","Cost (3)","3,931"
"SRC042","214","14","Inc. ........... (4)(11) SOFR+6.25% 10.92% 2/4/2022 2/5/2029","3","468","Fair Value","3,858"
"SRC042","214","14","Inc. ........... (4)(11) SOFR+6.25% 10.92% 2/4/2022 2/5/2029","4","503","% of Net Assets","0.06"
"SRC042","214","15","RoadOne Inc ...... (4)(5)(7)(11) SOFR+6.25% 10.84% 12/30/2022 12/30/2028","1","394","Amount/ Units (1)","1,136"
"SRC042","214","15","RoadOne Inc ...... (4)(5)(7)(11) SOFR+6.25% 10.84% 12/30/2022 12/30/2028","2","433","Cost (3)","1,110"
"SRC042","214","15","RoadOne Inc ...... (4)(5)(7)(11) SOFR+6.25% 10.84% 12/30/2022 12/30/2028","3","468","Fair Value","1,109"
"SRC042","214","15","RoadOne Inc ...... (4)(5)(7)(11) SOFR+6.25% 10.84% 12/30/2022 12/30/2028","4","503","% of Net Assets","0.02"
"SRC042","214","16","LLC .......... (4)(10) SOFR+5.75% 10.23% 12/13/2021 12/31/2028","1","394","Amount/ Units (1)","30,016"
"SRC042","214","16","LLC .......... (4)(10) SOFR+5.75% 10.23% 12/13/2021 12/31/2028","2","433","Cost (3)","29,675"
"SRC042","214","16","LLC .......... (4)(10) SOFR+5.75% 10.23% 12/13/2021 12/31/2028","3","468","Fair Value","26,714"
"SRC042","214","16","LLC .......... (4)(10) SOFR+5.75% 10.23% 12/13/2021 12/31/2028","4","503","% of Net Assets","0.44"
"SRC042","214","17","Network, LLC .. (4)(5)(7)(11) P+7.00% 15.50% 7/1/2024 12/30/2026","1","394","Amount/ Units (1)","124"
"SRC042","214","17","Network, LLC .. (4)(5)(7)(11) P+7.00% 15.50% 7/1/2024 12/30/2026","2","433","Cost (3)","124"
"SRC042","214","17","Network, LLC .. (4)(5)(7)(11) P+7.00% 15.50% 7/1/2024 12/30/2026","3","468","Fair Value","124"
"SRC042","214","17","Network, LLC .. (4)(5)(7)(11) P+7.00% 15.50% 7/1/2024 12/30/2026","4","503","% of Net Assets","0.00"
"SRC042","214","18","Network, LLC .. (4)(5)(11) SOFR+8.00% 12.67% 10/15/2024 12/30/2026","1","394","Amount/ Units (1)","78"
"SRC042","214","18","Network, LLC .. (4)(5)(11) SOFR+8.00% 12.67% 10/15/2024 12/30/2026","2","433","Cost (3)","77"
"SRC042","214","18","Network, LLC .. (4)(5)(11) SOFR+8.00% 12.67% 10/15/2024 12/30/2026","3","468","Fair Value","78"
"SRC042","214","18","Network, LLC .. (4)(5)(11) SOFR+8.00% 12.67% 10/15/2024 12/30/2026","4","503","% of Net Assets","0.00"
"SRC042","214","19","Network, LLC .. (4)(5)(11) SOFR+5.00% PIK) 11/27/2024 5/27/2030","1","394","Amount/ Units (1)","1,958"
"SRC042","214","19","Network, LLC .. (4)(5)(11) SOFR+5.00% PIK) 11/27/2024 5/27/2030","2","433","Cost (3)","1,957"
"SRC042","214","19","Network, LLC .. (4)(5)(11) SOFR+5.00% PIK) 11/27/2024 5/27/2030","3","468","Fair Value","1,958"
"SRC042","214","19","Network, LLC .. (4)(5)(11) SOFR+5.00% PIK) 11/27/2024 5/27/2030","4","503","% of Net Assets","0.03"
"SRC042","214","20","Network, LLC .. (4)(5)(11) SOFR+8.00% 12.52% 11/27/2024 11/27/2029","1","394","Amount/ Units (1)","413"
"SRC042","214","20","Network, LLC .. (4)(5)(11) SOFR+8.00% 12.52% 11/27/2024 11/27/2029","2","433","Cost (3)","405"
"SRC042","214","20","Network, LLC .. (4)(5)(11) SOFR+8.00% 12.52% 11/27/2024 11/27/2029","3","468","Fair Value","413"
"SRC042","214","20","Network, LLC .. (4)(5)(11) SOFR+8.00% 12.52% 11/27/2024 11/27/2029","4","503","% of Net Assets","0.01"
"SRC042","214","21","Group AB ...... (5)(6)(8) E+5.50% 8.22% 6/20/2024 6/18/2029 EUR","1","394","Amount/ Units (1)","1,000"
"SRC042","214","21","Group AB ...... (5)(6)(8) E+5.50% 8.22% 6/20/2024 6/18/2029 EUR","2","433","Cost (3)","1,061"
"SRC042","214","21","Group AB ...... (5)(6)(8) E+5.50% 8.22% 6/20/2024 6/18/2029 EUR","3","468","Fair Value","1,026"
"SRC042","214","21","Group AB ...... (5)(6)(8) E+5.50% 8.22% 6/20/2024 6/18/2029 EUR","4","503","% of Net Assets","0.02"
"SRC042","214","22","LLC .......... (4)(11) SOFR+6.00% 10.46% 2/26/2021 2/26/2027","1","394","Amount/ Units (1)","53,013"
"SRC042","214","22","LLC .......... (4)(11) SOFR+6.00% 10.46% 2/26/2021 2/26/2027","2","433","Cost (3)","52,721"
"SRC042","214","22","LLC .......... (4)(11) SOFR+6.00% 10.46% 2/26/2021 2/26/2027","3","468","Fair Value","51,688"
"SRC042","214","22","LLC .......... (4)(11) SOFR+6.00% 10.46% 2/26/2021 2/26/2027","4","503","% of Net Assets","0.85"
"SRC042","215","1","LLC .......... (4)(5)(10) SOFR+6.00% 10.33% 2/25/2019 2/25/2027","1","389","Amount/ Units (1)","11,318"
"SRC042","215","1","LLC .......... (4)(5)(10) SOFR+6.00% 10.33% 2/25/2019 2/25/2027","2","435","Cost (3)","11,256"
"SRC042","215","1","LLC .......... (4)(5)(10) SOFR+6.00% 10.33% 2/25/2019 2/25/2027","3","472","Fair Value","10,469"
"SRC042","215","1","LLC .......... (4)(5)(10) SOFR+6.00% 10.33% 2/25/2019 2/25/2027","4","509","% of Net Assets","0.17%"
"SRC042","215","2","LLC .......... (4)(10) SOFR+6.00% 10.33% 2/25/2019 2/25/2027","1","389","Amount/ Units (1)","77,867"
"SRC042","215","2","LLC .......... (4)(10) SOFR+6.00% 10.33% 2/25/2019 2/25/2027","2","435","Cost (3)","77,505"
"SRC042","215","2","LLC .......... (4)(10) SOFR+6.00% 10.33% 2/25/2019 2/25/2027","3","472","Fair Value","72,027"
"SRC042","215","2","LLC .......... (4)(10) SOFR+6.00% 10.33% 2/25/2019 2/25/2027","4","509","% of Net Assets","1.19"
"SRC042","215","3","LLC .......... (4)(5)(10) SOFR+6.25% 10.60% 9/1/2021 9/1/2027","1","389","Amount/ Units (1)","13,864"
"SRC042","215","3","LLC .......... (4)(5)(10) SOFR+6.25% 10.60% 9/1/2021 9/1/2027","2","435","Cost (3)","13,725"
"SRC042","215","3","LLC .......... (4)(5)(10) SOFR+6.25% 10.60% 9/1/2021 9/1/2027","3","472","Fair Value","13,864"
"SRC042","215","3","LLC .......... (4)(5)(10) SOFR+6.25% 10.60% 9/1/2021 9/1/2027","4","509","% of Net Assets","0.23"
"SRC042","215","4","LLC .......... (4)(5)(10) SOFR+6.25% 10.59% 8/19/2024 9/1/2027","1","389","Amount/ Units (1)","1,226"
"SRC042","215","4","LLC .......... (4)(5)(10) SOFR+6.25% 10.59% 8/19/2024 9/1/2027","2","435","Cost (3)","1,205"
"SRC042","215","4","LLC .......... (4)(5)(10) SOFR+6.25% 10.59% 8/19/2024 9/1/2027","3","472","Fair Value","1,226"
"SRC042","215","4","LLC .......... (4)(5)(10) SOFR+6.25% 10.59% 8/19/2024 9/1/2027","4","509","% of Net Assets","0.02"
"SRC042","215","5","Lindstrom, LLC ... (4)(11) SOFR+6.25% 10.90% 4/5/2019 5/1/2027","1","389","Amount/ Units (1)","120,144"
"SRC042","215","5","Lindstrom, LLC ... (4)(11) SOFR+6.25% 10.90% 4/5/2019 5/1/2027","2","435","Cost (3)","120,043"
"SRC042","215","5","Lindstrom, LLC ... (4)(11) SOFR+6.25% 10.90% 4/5/2019 5/1/2027","3","472","Fair Value","118,943"
"SRC042","215","5","Lindstrom, LLC ... (4)(11) SOFR+6.25% 10.90% 4/5/2019 5/1/2027","4","509","% of Net Assets","1.96"
"SRC042","215","6","Holdings, Inc. ... (4)(5)(11) SOFR+6.50% PIK) 12/29/2020 12/29/2026","1","389","Amount/ Units (1)","52,190"
"SRC042","215","6","Holdings, Inc. ... (4)(5)(11) SOFR+6.50% PIK) 12/29/2020 12/29/2026","2","435","Cost (3)","51,860"
"SRC042","215","6","Holdings, Inc. ... (4)(5)(11) SOFR+6.50% PIK) 12/29/2020 12/29/2026","3","472","Fair Value","42,274"
"SRC042","215","6","Holdings, Inc. ... (4)(5)(11) SOFR+6.50% PIK) 12/29/2020 12/29/2026","4","509","% of Net Assets","0.70"
"SRC042","215","7","Corp. .......... (4)(7)(10) SOFR+4.50% 8.86% 6/13/2024 6/13/2031","1","389","Amount/ Units (1)","35,505"
"SRC042","215","7","Corp. .......... (4)(7)(10) SOFR+4.50% 8.86% 6/13/2024 6/13/2031","2","435","Cost (3)","35,096"
"SRC042","215","7","Corp. .......... (4)(7)(10) SOFR+4.50% 8.86% 6/13/2024 6/13/2031","3","472","Fair Value","35,327"
"SRC042","215","7","Corp. .......... (4)(7)(10) SOFR+4.50% 8.86% 6/13/2024 6/13/2031","4","509","% of Net Assets","0.58"
"SRC042","215","8","Corp. .......... (4)(7)(10) SOFR+5.75% 10.27% 11/15/2023 11/15/2030","1","389","Amount/ Units (1)","8,507"
"SRC042","215","8","Corp. .......... (4)(7)(10) SOFR+5.75% 10.27% 11/15/2023 11/15/2030","2","435","Cost (3)","8,341"
"SRC042","215","8","Corp. .......... (4)(7)(10) SOFR+5.75% 10.27% 11/15/2023 11/15/2030","3","472","Fair Value","8,408"
"SRC042","215","8","Corp. .......... (4)(7)(10) SOFR+5.75% 10.27% 11/15/2023 11/15/2030","4","509","% of Net Assets","0.14"
"SRC042","215","9","Bazaarvoice, Inc. .. (4)(7)(8) SOFR+5.25% 9.25% 5/7/2021 5/7/2028","1","389","Amount/ Units (1)","247,360"
"SRC042","215","9","Bazaarvoice, Inc. .. (4)(7)(8) SOFR+5.25% 9.25% 5/7/2021 5/7/2028","2","435","Cost (3)","247,360"
"SRC042","215","9","Bazaarvoice, Inc. .. (4)(7)(8) SOFR+5.25% 9.25% 5/7/2021 5/7/2028","3","472","Fair Value","247,360"
"SRC042","215","9","Bazaarvoice, Inc. .. (4)(7)(8) SOFR+5.25% 9.25% 5/7/2021 5/7/2028","4","509","% of Net Assets","4.07"
"SRC042","215","10","LLC .......... (4)(7)(11) SOFR+5.00% 9.36% 12/20/2024 10/2/2030","1","389","Amount/ Units (1)","123,467"
"SRC042","215","10","LLC .......... (4)(7)(11) SOFR+5.00% 9.36% 12/20/2024 10/2/2030","2","435","Cost (3)","121,089"
"SRC042","215","10","LLC .......... (4)(7)(11) SOFR+5.00% 9.36% 12/20/2024 10/2/2030","3","472","Fair Value","123,041"
"SRC042","215","10","LLC .......... (4)(7)(11) SOFR+5.00% 9.36% 12/20/2024 10/2/2030","4","509","% of Net Assets","2.02"
"SRC042","215","11","LLC .......... (4)(11) SOFR+5.75% 10.34% 11/17/2023 11/17/2029","1","389","Amount/ Units (1)","25,721"
"SRC042","215","11","LLC .......... (4)(11) SOFR+5.75% 10.34% 11/17/2023 11/17/2029","2","435","Cost (3)","25,251"
"SRC042","215","11","LLC .......... (4)(11) SOFR+5.75% 10.34% 11/17/2023 11/17/2029","3","472","Fair Value","25,721"
"SRC042","215","11","LLC .......... (4)(11) SOFR+5.75% 10.34% 11/17/2023 11/17/2029","4","509","% of Net Assets","0.42"
"SRC042","215","12","LLC .......... (4)(11) SOFR+5.50% 10.29% 11/17/2023 11/17/2029","1","389","Amount/ Units (1)","11,124"
"SRC042","215","12","LLC .......... (4)(11) SOFR+5.50% 10.29% 11/17/2023 11/17/2029","2","435","Cost (3)","10,924"
"SRC042","215","12","LLC .......... (4)(11) SOFR+5.50% 10.29% 11/17/2023 11/17/2029","3","472","Fair Value","11,124"
"SRC042","215","12","LLC .......... (4)(11) SOFR+5.50% 10.29% 11/17/2023 11/17/2029","4","509","% of Net Assets","0.18"
"SRC042","215","13","LLC .......... (4)(5)(7)(11) SOFR+5.75% 10.48% 9/25/2024 11/17/2029","1","389","Amount/ Units (1)","19,993"
"SRC042","215","13","LLC .......... (4)(5)(7)(11) SOFR+5.75% 10.48% 9/25/2024 11/17/2029","2","435","Cost (3)","19,627"
"SRC042","215","13","LLC .......... (4)(5)(7)(11) SOFR+5.75% 10.48% 9/25/2024 11/17/2029","3","472","Fair Value","19,889"
"SRC042","215","13","LLC .......... (4)(5)(7)(11) SOFR+5.75% 10.48% 9/25/2024 11/17/2029","4","509","% of Net Assets","0.33"
"SRC042","215","14","Systems, Inc. .... (4)(10) SOFR+5.00% 9.51% 8/27/2024 8/28/2030","1","389","Amount/ Units (1)","44,448"
"SRC042","215","14","Systems, Inc. .... (4)(10) SOFR+5.00% 9.51% 8/27/2024 8/28/2030","2","435","Cost (3)","43,819"
"SRC042","215","14","Systems, Inc. .... (4)(10) SOFR+5.00% 9.51% 8/27/2024 8/28/2030","3","472","Fair Value","44,114"
"SRC042","215","14","Systems, Inc. .... (4)(10) SOFR+5.00% 9.51% 8/27/2024 8/28/2030","4","509","% of Net Assets","0.73"
"SRC042","215","15","Systems, Inc. .... (4)(5)(7)(10) SOFR+5.00% 9.52% 8/27/2024 8/28/2030","1","389","Amount/ Units (1)","1,588"
"SRC042","215","15","Systems, Inc. .... (4)(5)(7)(10) SOFR+5.00% 9.52% 8/27/2024 8/28/2030","2","435","Cost (3)","1,428"
"SRC042","215","15","Systems, Inc. .... (4)(5)(7)(10) SOFR+5.00% 9.52% 8/27/2024 8/28/2030","3","472","Fair Value","1,458"
"SRC042","215","15","Systems, Inc. .... (4)(5)(7)(10) SOFR+5.00% 9.52% 8/27/2024 8/28/2030","4","509","% of Net Assets","0.02"
"SRC042","215","16","LLC .......... (4)(10) SOFR+5.00% 9.32% 9/26/2024 9/30/2031","1","389","Amount/ Units (1)","24,945"
"SRC042","215","16","LLC .......... (4)(10) SOFR+5.00% 9.32% 9/26/2024 9/30/2031","2","435","Cost (3)","24,464"
"SRC042","215","16","LLC .......... (4)(10) SOFR+5.00% 9.32% 9/26/2024 9/30/2031","3","472","Fair Value","24,695"
"SRC042","215","16","LLC .......... (4)(10) SOFR+5.00% 9.32% 9/26/2024 9/30/2031","4","509","% of Net Assets","0.41"
"SRC042","215","17","Iris Buyer, LLC ... (4)(11) SOFR+6.25% 10.68% 10/2/2023 10/2/2030","1","389","Amount/ Units (1)","25,453"
"SRC042","215","17","Iris Buyer, LLC ... (4)(11) SOFR+6.25% 10.68% 10/2/2023 10/2/2030","2","435","Cost (3)","24,878"
"SRC042","215","17","Iris Buyer, LLC ... (4)(11) SOFR+6.25% 10.68% 10/2/2023 10/2/2030","3","472","Fair Value","25,453"
"SRC042","215","17","Iris Buyer, LLC ... (4)(11) SOFR+6.25% 10.68% 10/2/2023 10/2/2030","4","509","% of Net Assets","0.42"
"SRC042","215","18","Iris Buyer, LLC ... (4)(5)(7)(11) SOFR+6.25% 10.58% 10/2/2023 10/2/2030","1","389","Amount/ Units (1)","2,400"
"SRC042","215","18","Iris Buyer, LLC ... (4)(5)(7)(11) SOFR+6.25% 10.58% 10/2/2023 10/2/2030","2","435","Cost (3)","2,251"
"SRC042","215","18","Iris Buyer, LLC ... (4)(5)(7)(11) SOFR+6.25% 10.58% 10/2/2023 10/2/2030","3","472","Fair Value","2,282"
"SRC042","215","18","Iris Buyer, LLC ... (4)(5)(7)(11) SOFR+6.25% 10.58% 10/2/2023 10/2/2030","4","509","% of Net Assets","0.04"
"SRC042","215","19","Java Buyer, Inc. ... (4)(10) SOFR+5.75% 10.20% 12/15/2021 12/15/2027","1","389","Amount/ Units (1)","4,171"
"SRC042","215","19","Java Buyer, Inc. ... (4)(10) SOFR+5.75% 10.20% 12/15/2021 12/15/2027","2","435","Cost (3)","4,132"
"SRC042","215","19","Java Buyer, Inc. ... (4)(10) SOFR+5.75% 10.20% 12/15/2021 12/15/2027","3","472","Fair Value","4,171"
"SRC042","215","19","Java Buyer, Inc. ... (4)(10) SOFR+5.75% 10.20% 12/15/2021 12/15/2027","4","509","% of Net Assets","0.07"
"SRC042","215","20","Java Buyer, Inc. ... (4)(5)(10) SOFR+5.75% 10.44% 12/15/2021 12/15/2027","1","389","Amount/ Units (1)","2,896"
"SRC042","215","20","Java Buyer, Inc. ... (4)(5)(10) SOFR+5.75% 10.44% 12/15/2021 12/15/2027","2","435","Cost (3)","2,873"
"SRC042","215","20","Java Buyer, Inc. ... (4)(5)(10) SOFR+5.75% 10.44% 12/15/2021 12/15/2027","3","472","Fair Value","2,896"
"SRC042","215","20","Java Buyer, Inc. ... (4)(5)(10) SOFR+5.75% 10.44% 12/15/2021 12/15/2027","4","509","% of Net Assets","0.05"
"SRC042","215","21","Java Buyer, Inc. ... (4)(5)(7)(10) SOFR+5.75% 10.35% 11/9/2023 12/15/2027","1","389","Amount/ Units (1)","2,731"
"SRC042","215","21","Java Buyer, Inc. ... (4)(5)(7)(10) SOFR+5.75% 10.35% 11/9/2023 12/15/2027","2","435","Cost (3)","2,679"
"SRC042","215","21","Java Buyer, Inc. ... (4)(5)(7)(10) SOFR+5.75% 10.35% 11/9/2023 12/15/2027","3","472","Fair Value","2,731"
"SRC042","215","21","Java Buyer, Inc. ... (4)(5)(7)(10) SOFR+5.75% 10.35% 11/9/2023 12/15/2027","4","509","% of Net Assets","0.04"
"SRC042","215","22","Inc. ........... (4)(10) SOFR+5.25% PIK) 12/17/2020 11/8/2031","1","389","Amount/ Units (1)","281,886"
"SRC042","215","22","Inc. ........... (4)(10) SOFR+5.25% PIK) 12/17/2020 11/8/2031","2","435","Cost (3)","279,390"
"SRC042","215","22","Inc. ........... (4)(10) SOFR+5.25% PIK) 12/17/2020 11/8/2031","3","472","Fair Value","281,886"
"SRC042","215","22","Inc. ........... (4)(10) SOFR+5.25% PIK) 12/17/2020 11/8/2031","4","509","% of Net Assets","4.64"
"SRC042","215","23","Inc. ........... (4)(5)(10) SOFR+5.25% PIK) 12/29/2021 11/8/2031","1","389","Amount/ Units (1)","4,868"
"SRC042","215","23","Inc. ........... (4)(5)(10) SOFR+5.25% PIK) 12/29/2021 11/8/2031","2","435","Cost (3)","4,827"
"SRC042","215","23","Inc. ........... (4)(5)(10) SOFR+5.25% PIK) 12/29/2021 11/8/2031","3","472","Fair Value","4,868"
"SRC042","215","23","Inc. ........... (4)(5)(10) SOFR+5.25% PIK) 12/29/2021 11/8/2031","4","509","% of Net Assets","0.08"
"SRC042","215","24","Inc. ........... (4)(5)(7)(10) SOFR+5.25% PIK) 11/8/2024 11/8/2031","1","389","Amount/ Units (1)","31,004"
"SRC042","215","24","Inc. ........... (4)(5)(7)(10) SOFR+5.25% PIK) 11/8/2024 11/8/2031","2","435","Cost (3)","30,666"
"SRC042","215","24","Inc. ........... (4)(5)(7)(10) SOFR+5.25% PIK) 11/8/2024 11/8/2031","3","472","Fair Value","30,967"
"SRC042","215","24","Inc. ........... (4)(5)(7)(10) SOFR+5.25% PIK) 11/8/2024 11/8/2031","4","509","% of Net Assets","0.51"
"SRC042","215","25","Buyer, Inc. ..... (4)(7)(10) SOFR+5.00% 9.46% 12/10/2021 12/10/2027","1","389","Amount/ Units (1)","7,603"
"SRC042","215","25","Buyer, Inc. ..... (4)(7)(10) SOFR+5.00% 9.46% 12/10/2021 12/10/2027","2","435","Cost (3)","7,414"
"SRC042","215","25","Buyer, Inc. ..... (4)(7)(10) SOFR+5.00% 9.46% 12/10/2021 12/10/2027","3","472","Fair Value","7,559"
"SRC042","215","25","Buyer, Inc. ..... (4)(7)(10) SOFR+5.00% 9.46% 12/10/2021 12/10/2027","4","509","% of Net Assets","0.12"
"SRC042","215","26","Inc. ........... (4)(10)(18) SOFR+5.50% 10.19% 10/19/2021 10/19/2028","1","389","Amount/ Units (1)","20,009"
"SRC042","215","26","Inc. ........... (4)(10)(18) SOFR+5.50% 10.19% 10/19/2021 10/19/2028","2","435","Cost (3)","19,792"
"SRC042","215","26","Inc. ........... (4)(10)(18) SOFR+5.50% 10.19% 10/19/2021 10/19/2028","3","472","Fair Value","17,408"
"SRC042","215","26","Inc. ........... (4)(10)(18) SOFR+5.50% 10.19% 10/19/2021 10/19/2028","4","509","% of Net Assets","0.29"
"SRC042","216","1","Inc. ........... (4)(5)(10)(18) SOFR+5.50% 10.28% 10/19/2021 10/19/2028 $","1","390","Amount/ Units (1)","2,304"
"SRC042","216","1","Inc. ........... (4)(5)(10)(18) SOFR+5.50% 10.28% 10/19/2021 10/19/2028 $","2","435","Cost (3)","2,280"
"SRC042","216","1","Inc. ........... (4)(5)(10)(18) SOFR+5.50% 10.28% 10/19/2021 10/19/2028 $","3","471","Fair Value","2,005"
"SRC042","216","1","Inc. ........... (4)(5)(10)(18) SOFR+5.50% 10.28% 10/19/2021 10/19/2028 $","4","505","% of Net Assets","0.03%"
"SRC042","216","2","Buyer, Inc. ..... (4)(11)(18) SOFR+5.27% 9.63% 12/1/2021 12/1/2027","1","390","Amount/ Units (1)","10,804"
"SRC042","216","2","Buyer, Inc. ..... (4)(11)(18) SOFR+5.27% 9.63% 12/1/2021 12/1/2027","2","435","Cost (3)","10,698"
"SRC042","216","2","Buyer, Inc. ..... (4)(11)(18) SOFR+5.27% 9.63% 12/1/2021 12/1/2027","3","471","Fair Value","10,804"
"SRC042","216","2","Buyer, Inc. ..... (4)(11)(18) SOFR+5.27% 9.63% 12/1/2021 12/1/2027","4","505","% of Net Assets","0.18"
"SRC042","216","3","Buyer, Inc. ..... (4)(7)(11)(18) SOFR+4.75% 9.11% 12/1/2021 12/1/2027","1","390","Amount/ Units (1)","14,746"
"SRC042","216","3","Buyer, Inc. ..... (4)(7)(11)(18) SOFR+4.75% 9.11% 12/1/2021 12/1/2027","2","435","Cost (3)","14,539"
"SRC042","216","3","Buyer, Inc. ..... (4)(7)(11)(18) SOFR+4.75% 9.11% 12/1/2021 12/1/2027","3","471","Fair Value","14,746"
"SRC042","216","3","Buyer, Inc. ..... (4)(7)(11)(18) SOFR+4.75% 9.11% 12/1/2021 12/1/2027","4","505","% of Net Assets","0.24"
"SRC042","216","4","Safety, LLC .... (4)(5)(10) SOFR+4.50% 8.83% 5/24/2024 5/24/2031","1","390","Amount/ Units (1)","4,461"
"SRC042","216","4","Safety, LLC .... (4)(5)(10) SOFR+4.50% 8.83% 5/24/2024 5/24/2031","2","435","Cost (3)","4,461"
"SRC042","216","4","Safety, LLC .... (4)(5)(10) SOFR+4.50% 8.83% 5/24/2024 5/24/2031","3","471","Fair Value","4,461"
"SRC042","216","4","Safety, LLC .... (4)(5)(10) SOFR+4.50% 8.83% 5/24/2024 5/24/2031","4","505","% of Net Assets","0.07"
"SRC042","216","5","Safety, LLC .... (4)(5)(10) SOFR+4.50% 8.83% 5/24/2024 5/24/2031","1","390","Amount/ Units (1)","13,816"
"SRC042","216","5","Safety, LLC .... (4)(5)(10) SOFR+4.50% 8.83% 5/24/2024 5/24/2031","2","435","Cost (3)","13,753"
"SRC042","216","5","Safety, LLC .... (4)(5)(10) SOFR+4.50% 8.83% 5/24/2024 5/24/2031","3","471","Fair Value","13,747"
"SRC042","216","5","Safety, LLC .... (4)(5)(10) SOFR+4.50% 8.83% 5/24/2024 5/24/2031","4","505","% of Net Assets","0.23"
"SRC042","216","6","LLC .......... (4)(10) SOFR+4.75% 9.15% 12/13/2024 12/15/2031","1","390","Amount/ Units (1)","25,799"
"SRC042","216","6","LLC .......... (4)(10) SOFR+4.75% 9.15% 12/13/2024 12/15/2031","2","435","Cost (3)","25,543"
"SRC042","216","6","LLC .......... (4)(10) SOFR+4.75% 9.15% 12/13/2024 12/15/2031","3","471","Fair Value","25,541"
"SRC042","216","6","LLC .......... (4)(10) SOFR+4.75% 9.15% 12/13/2024 12/15/2031","4","505","% of Net Assets","0.42"
"SRC042","216","7","LLC .......... (4)(5)(7)(10) SOFR+4.75% 9.15% 12/13/2024 12/15/2031","1","390","Amount/ Units (1)","413"
"SRC042","216","7","LLC .......... (4)(5)(7)(10) SOFR+4.75% 9.15% 12/13/2024 12/15/2031","2","435","Cost (3)","337"
"SRC042","216","7","LLC .......... (4)(5)(7)(10) SOFR+4.75% 9.15% 12/13/2024 12/15/2031","3","471","Fair Value","336"
"SRC042","216","7","LLC .......... (4)(5)(7)(10) SOFR+4.75% 9.15% 12/13/2024 12/15/2031","4","505","% of Net Assets","0.01"
"SRC042","216","8","LLC .......... (4)(10) SOFR+5.00% 9.36% 6/20/2024 6/20/2030","1","390","Amount/ Units (1)","8,213"
"SRC042","216","8","LLC .......... (4)(10) SOFR+5.00% 9.36% 6/20/2024 6/20/2030","2","435","Cost (3)","8,139"
"SRC042","216","8","LLC .......... (4)(10) SOFR+5.00% 9.36% 6/20/2024 6/20/2030","3","471","Fair Value","8,152"
"SRC042","216","8","LLC .......... (4)(10) SOFR+5.00% 9.36% 6/20/2024 6/20/2030","4","505","% of Net Assets","0.13"
"SRC042","216","9","LLC .......... (4)(5)(7)(10) SOFR+5.00% 9.58% 6/20/2024 6/20/2030","1","390","Amount/ Units (1)","570"
"SRC042","216","9","LLC .......... (4)(5)(7)(10) SOFR+5.00% 9.58% 6/20/2024 6/20/2030","2","435","Cost (3)","544"
"SRC042","216","9","LLC .......... (4)(5)(7)(10) SOFR+5.00% 9.58% 6/20/2024 6/20/2030","3","471","Fair Value","542"
"SRC042","216","9","LLC .......... (4)(5)(7)(10) SOFR+5.00% 9.58% 6/20/2024 6/20/2030","4","505","% of Net Assets","0.01"
"SRC042","216","10","Inc. ........... (11) SOFR+6.00% 10.85% 11/3/2020 11/2/2027","1","390","Amount/ Units (1)","20,453"
"SRC042","216","10","Inc. ........... (11) SOFR+6.00% 10.85% 11/3/2020 11/2/2027","2","435","Cost (3)","20,223"
"SRC042","216","10","Inc. ........... (11) SOFR+6.00% 10.85% 11/3/2020 11/2/2027","3","471","Fair Value","20,479"
"SRC042","216","10","Inc. ........... (11) SOFR+6.00% 10.85% 11/3/2020 11/2/2027","4","505","% of Net Assets","0.34"
"SRC042","216","11","LLC .......... (4)(7)(10) SOFR+5.00% PIK) 7/31/2024 7/31/2031","1","390","Amount/ Units (1)","31,242"
"SRC042","216","11","LLC .......... (4)(7)(10) SOFR+5.00% PIK) 7/31/2024 7/31/2031","2","435","Cost (3)","30,929"
"SRC042","216","11","LLC .......... (4)(7)(10) SOFR+5.00% PIK) 7/31/2024 7/31/2031","3","471","Fair Value","31,057"
"SRC042","216","11","LLC .......... (4)(7)(10) SOFR+5.00% PIK) 7/31/2024 7/31/2031","4","505","% of Net Assets","0.51"
"SRC042","216","12","II, LLC ........ (4)(5)(7)(10) SOFR+4.50% 8.83% 5/10/2024 5/10/2031","1","390","Amount/ Units (1)","4,391"
"SRC042","216","12","II, LLC ........ (4)(5)(7)(10) SOFR+4.50% 8.83% 5/10/2024 5/10/2031","2","435","Cost (3)","4,324"
"SRC042","216","12","II, LLC ........ (4)(5)(7)(10) SOFR+4.50% 8.83% 5/10/2024 5/10/2031","3","471","Fair Value","4,371"
"SRC042","216","12","II, LLC ........ (4)(5)(7)(10) SOFR+4.50% 8.83% 5/10/2024 5/10/2031","4","505","% of Net Assets","0.07"
"SRC042","216","13","Inc. ........... (4)(7)(11) SOFR+6.00% 10.43% 6/9/2023 12/31/2027","1","390","Amount/ Units (1)","37,330"
"SRC042","216","13","Inc. ........... (4)(7)(11) SOFR+6.00% 10.43% 6/9/2023 12/31/2027","2","435","Cost (3)","36,556"
"SRC042","216","13","Inc. ........... (4)(7)(11) SOFR+6.00% 10.43% 6/9/2023 12/31/2027","3","471","Fair Value","37,292"
"SRC042","216","13","Inc. ........... (4)(7)(11) SOFR+6.00% 10.43% 6/9/2023 12/31/2027","4","505","% of Net Assets","0.61"
"SRC042","216","14","Inc ............ (4)(7)(10) SOFR+4.75% 9.23% 8/5/2024 8/5/2030","1","390","Amount/ Units (1)","62,215"
"SRC042","216","14","Inc ............ (4)(7)(10) SOFR+4.75% 9.23% 8/5/2024 8/5/2030","2","435","Cost (3)","61,258"
"SRC042","216","14","Inc ............ (4)(7)(10) SOFR+4.75% 9.23% 8/5/2024 8/5/2030","3","471","Fair Value","61,655"
"SRC042","216","14","Inc ............ (4)(7)(10) SOFR+4.75% 9.23% 8/5/2024 8/5/2030","4","505","% of Net Assets","1.01"
"SRC042","216","15","LLC .......... (4)(10) SOFR +5.75% 10.23% 9/30/2021 9/30/2028","1","390","Amount/ Units (1)","20,460"
"SRC042","216","15","LLC .......... (4)(10) SOFR +5.75% 10.23% 9/30/2021 9/30/2028","2","435","Cost (3)","20,225"
"SRC042","216","15","LLC .......... (4)(10) SOFR +5.75% 10.23% 9/30/2021 9/30/2028","3","471","Fair Value","20,460"
"SRC042","216","15","LLC .......... (4)(10) SOFR +5.75% 10.23% 9/30/2021 9/30/2028","4","505","% of Net Assets","0.34"
"SRC042","216","16","LLC .......... (4)(5)(7)(10) SOFR +5.75% 10.23% 9/30/2021 9/30/2027","1","390","Amount/ Units (1)","647"
"SRC042","216","16","LLC .......... (4)(5)(7)(10) SOFR +5.75% 10.23% 9/30/2021 9/30/2027","2","435","Cost (3)","629"
"SRC042","216","16","LLC .......... (4)(5)(7)(10) SOFR +5.75% 10.23% 9/30/2021 9/30/2027","3","471","Fair Value","647"
"SRC042","216","16","LLC .......... (4)(5)(7)(10) SOFR +5.75% 10.23% 9/30/2021 9/30/2027","4","505","% of Net Assets","0.01"
"SRC042","216","17","LLC .......... (4)(10) SOFR +5.50% PIK 12/10/2021 12/10/2028","1","390","Amount/ Units (1)","7,203"
"SRC042","216","17","LLC .......... (4)(10) SOFR +5.50% PIK 12/10/2021 12/10/2028","2","435","Cost (3)","7,122"
"SRC042","216","17","LLC .......... (4)(10) SOFR +5.50% PIK 12/10/2021 12/10/2028","3","471","Fair Value","6,338"
"SRC042","216","17","LLC .......... (4)(10) SOFR +5.50% PIK 12/10/2021 12/10/2028","4","505","% of Net Assets","0.10"
"SRC042","216","18","LLC .......... (4)(11) SOFR +5.00% 9.52% 10/11/2024 10/31/2029","1","390","Amount/ Units (1)","97,868"
"SRC042","216","18","LLC .......... (4)(11) SOFR +5.00% 9.52% 10/11/2024 10/31/2029","2","435","Cost (3)","96,310"
"SRC042","216","18","LLC .......... (4)(11) SOFR +5.00% 9.52% 10/11/2024 10/31/2029","3","471","Fair Value","97,868"
"SRC042","216","18","LLC .......... (4)(11) SOFR +5.00% 9.52% 10/11/2024 10/31/2029","4","505","% of Net Assets","1.61"
"SRC042","216","19","LLC .......... (4)(7)(11) SOFR +5.00% 9.40% 10/11/2024 10/31/2029","1","390","Amount/ Units (1)","619"
"SRC042","216","19","LLC .......... (4)(7)(11) SOFR +5.00% 9.40% 10/11/2024 10/31/2029","2","435","Cost (3)","573"
"SRC042","216","19","LLC .......... (4)(7)(11) SOFR +5.00% 9.40% 10/11/2024 10/31/2029","3","471","Fair Value","619"
"SRC042","216","19","LLC .......... (4)(7)(11) SOFR +5.00% 9.40% 10/11/2024 10/31/2029","4","505","% of Net Assets","0.01"
"SRC042","216","20","Group, LLC .... (4)(10) SOFR +5.75% 10.21% 11/1/2021 11/2/2026","1","390","Amount/ Units (1)","166,501"
"SRC042","216","20","Group, LLC .... (4)(10) SOFR +5.75% 10.21% 11/1/2021 11/2/2026","2","435","Cost (3)","165,385"
"SRC042","216","20","Group, LLC .... (4)(10) SOFR +5.75% 10.21% 11/1/2021 11/2/2026","3","471","Fair Value","158,176"
"SRC042","216","20","Group, LLC .... (4)(10) SOFR +5.75% 10.21% 11/1/2021 11/2/2026","4","505","% of Net Assets","2.60"
"SRC042","216","21","Buyer, Inc. ..... (4)(5)(10) SOFR +6.25% PIK) 12/31/2021 6/23/2028","1","390","Amount/ Units (1)","4,863"
"SRC042","216","21","Buyer, Inc. ..... (4)(5)(10) SOFR +6.25% PIK) 12/31/2021 6/23/2028","2","435","Cost (3)","4,810"
"SRC042","216","21","Buyer, Inc. ..... (4)(5)(10) SOFR +6.25% PIK) 12/31/2021 6/23/2028","3","471","Fair Value","4,352"
"SRC042","216","21","Buyer, Inc. ..... (4)(5)(10) SOFR +6.25% PIK) 12/31/2021 6/23/2028","4","505","% of Net Assets","0.07"
"SRC042","217","1","Buyer, Inc. ..... (4)(5)(10) SOFR+6.50% PIK) 11/1/2022 6/23/2028 $","1","398","Amount/ Units (1)","1,554"
"SRC042","217","1","Buyer, Inc. ..... (4)(5)(10) SOFR+6.50% PIK) 11/1/2022 6/23/2028 $","2","436","Cost (3)","1,526"
"SRC042","217","1","Buyer, Inc. ..... (4)(5)(10) SOFR+6.50% PIK) 11/1/2022 6/23/2028 $","3","470","Fair Value","1,399"
"SRC042","217","1","Buyer, Inc. ..... (4)(5)(10) SOFR+6.50% PIK) 11/1/2022 6/23/2028 $","4","503","% of Net Assets","0.02%"
"SRC042","217","2","Buyer, Inc. ..... (4)(5)(10) SOFR +6.25% PIK) 12/31/2021 6/23/2028","1","398","Amount/ Units (1)","1,566"
"SRC042","217","2","Buyer, Inc. ..... (4)(5)(10) SOFR +6.25% PIK) 12/31/2021 6/23/2028","2","436","Cost (3)","1,555"
"SRC042","217","2","Buyer, Inc. ..... (4)(5)(10) SOFR +6.25% PIK) 12/31/2021 6/23/2028","3","470","Fair Value","1,401"
"SRC042","217","2","Buyer, Inc. ..... (4)(5)(10) SOFR +6.25% PIK) 12/31/2021 6/23/2028","4","503","% of Net Assets","0.02"
"SRC042","217","3","Corp. .......... (4)(7)(8) SOFR +5.50% 10.19% 3/9/2021 3/9/2027","1","398","Amount/ Units (1)","13,285"
"SRC042","217","3","Corp. .......... (4)(7)(8) SOFR +5.50% 10.19% 3/9/2021 3/9/2027","2","436","Cost (3)","13,118"
"SRC042","217","3","Corp. .......... (4)(7)(8) SOFR +5.50% 10.19% 3/9/2021 3/9/2027","3","470","Fair Value","13,285"
"SRC042","217","3","Corp. .......... (4)(7)(8) SOFR +5.50% 10.19% 3/9/2021 3/9/2027","4","503","% of Net Assets","0.22"
"SRC042","217","4","LLC .......... (4)(7)(9) SOFR +5.00% PIK) 4/9/2024 4/9/2030","1","398","Amount/ Units (1)","61,442"
"SRC042","217","4","LLC .......... (4)(7)(9) SOFR +5.00% PIK) 4/9/2024 4/9/2030","2","436","Cost (3)","61,306"
"SRC042","217","4","LLC .......... (4)(7)(9) SOFR +5.00% PIK) 4/9/2024 4/9/2030","3","470","Fair Value","61,437"
"SRC042","217","4","LLC .......... (4)(7)(9) SOFR +5.00% PIK) 4/9/2024 4/9/2030","4","503","% of Net Assets","1.01"
"SRC042","217","5","Corporation ..... (4)(11) SOFR +6.50% 11.19% 11/20/2018 5/13/2026","1","398","Amount/ Units (1)","47,554"
"SRC042","217","5","Corporation ..... (4)(11) SOFR +6.50% 11.19% 11/20/2018 5/13/2026","2","436","Cost (3)","47,382"
"SRC042","217","5","Corporation ..... (4)(11) SOFR +6.50% 11.19% 11/20/2018 5/13/2026","3","470","Fair Value","46,602"
"SRC042","217","5","Corporation ..... (4)(11) SOFR +6.50% 11.19% 11/20/2018 5/13/2026","4","503","% of Net Assets","0.77"
"SRC042","217","6","Holdings, LLC .. (4)(5)(11) SOFR +5.00% 9.73% 7/19/2024 7/24/2030","1","398","Amount/ Units (1)","4,625"
"SRC042","217","6","Holdings, LLC .. (4)(5)(11) SOFR +5.00% 9.73% 7/19/2024 7/24/2030","2","436","Cost (3)","4,539"
"SRC042","217","6","Holdings, LLC .. (4)(5)(11) SOFR +5.00% 9.73% 7/19/2024 7/24/2030","3","470","Fair Value","4,625"
"SRC042","217","6","Holdings, LLC .. (4)(5)(11) SOFR +5.00% 9.73% 7/19/2024 7/24/2030","4","503","% of Net Assets","0.08"
"SRC042","217","7","Holdings, LLC .. (4)(5)(7)(11) SOFR +5.00% 9.50% 7/19/2024 7/24/2030","1","398","Amount/ Units (1)","1,377"
"SRC042","217","7","Holdings, LLC .. (4)(5)(7)(11) SOFR +5.00% 9.50% 7/19/2024 7/24/2030","2","436","Cost (3)","1,352"
"SRC042","217","7","Holdings, LLC .. (4)(5)(7)(11) SOFR +5.00% 9.50% 7/19/2024 7/24/2030","3","470","Fair Value","1,377"
"SRC042","217","7","Holdings, LLC .. (4)(5)(7)(11) SOFR +5.00% 9.50% 7/19/2024 7/24/2030","4","503","% of Net Assets","0.02"
"SRC042","217","8","Holdings, LLC .. (4)(5)(7)(11) SOFR +5.00% 9.73% 7/19/2024 7/24/2030","1","398","Amount/ Units (1)","286"
"SRC042","217","8","Holdings, LLC .. (4)(5)(7)(11) SOFR +5.00% 9.73% 7/19/2024 7/24/2030","2","436","Cost (3)","261"
"SRC042","217","8","Holdings, LLC .. (4)(5)(7)(11) SOFR +5.00% 9.73% 7/19/2024 7/24/2030","3","470","Fair Value","286"
"SRC042","217","8","Holdings, LLC .. (4)(5)(7)(11) SOFR +5.00% 9.73% 7/19/2024 7/24/2030","4","503","% of Net Assets","0.00"
"SRC042","217","9","Holdings, LLC .. (4)(5)(7)(11) SOFR +5.00% 9.50% 7/19/2024 7/24/2030","1","398","Amount/ Units (1)","2,462"
"SRC042","217","9","Holdings, LLC .. (4)(5)(7)(11) SOFR +5.00% 9.50% 7/19/2024 7/24/2030","2","436","Cost (3)","2,406"
"SRC042","217","9","Holdings, LLC .. (4)(5)(7)(11) SOFR +5.00% 9.50% 7/19/2024 7/24/2030","3","470","Fair Value","2,451"
"SRC042","217","9","Holdings, LLC .. (4)(5)(7)(11) SOFR +5.00% 9.50% 7/19/2024 7/24/2030","4","503","% of Net Assets","0.04"
"SRC042","217","10","Inc. ........... (4)(10) SOFR +5.00% 9.35% 12/20/2024 4/30/2030","1","398","Amount/ Units (1)","61,557"
"SRC042","217","10","Inc. ........... (4)(10) SOFR +5.00% 9.35% 12/20/2024 4/30/2030","2","436","Cost (3)","60,922"
"SRC042","217","10","Inc. ........... (4)(10) SOFR +5.00% 9.35% 12/20/2024 4/30/2030","3","470","Fair Value","61,249"
"SRC042","217","10","Inc. ........... (4)(10) SOFR +5.00% 9.35% 12/20/2024 4/30/2030","4","503","% of Net Assets","1.01"
"SRC042","217","11","Inc. ........... (4)(10) SOFR +5.00% 9.35% 12/20/2024 4/30/2030","1","398","Amount/ Units (1)","19,479"
"SRC042","217","11","Inc. ........... (4)(10) SOFR +5.00% 9.35% 12/20/2024 4/30/2030","2","436","Cost (3)","19,382"
"SRC042","217","11","Inc. ........... (4)(10) SOFR +5.00% 9.35% 12/20/2024 4/30/2030","3","470","Fair Value","19,381"
"SRC042","217","11","Inc. ........... (4)(10) SOFR +5.00% 9.35% 12/20/2024 4/30/2030","4","503","% of Net Assets","0.32"
"SRC042","217","12","BPPH2 Limited ... (4)(5)(6)(8) S +6.75% 11.57% 3/16/2021 3/16/2028 GBP","1","398","Amount/ Units (1)","26,300"
"SRC042","217","12","BPPH2 Limited ... (4)(5)(6)(8) S +6.75% 11.57% 3/16/2021 3/16/2028 GBP","2","436","Cost (3)","35,939"
"SRC042","217","12","BPPH2 Limited ... (4)(5)(6)(8) S +6.75% 11.57% 3/16/2021 3/16/2028 GBP","3","470","Fair Value","32,925"
"SRC042","217","12","BPPH2 Limited ... (4)(5)(6)(8) S +6.75% 11.57% 3/16/2021 3/16/2028 GBP","4","503","% of Net Assets","0.54"
"SRC042","217","13","BPPH2 Limited ... (4)(5)(6)(8) S +6.25% 10.95% 6/17/2024 3/16/2028 GBP","1","398","Amount/ Units (1)","5,343"
"SRC042","217","13","BPPH2 Limited ... (4)(5)(6)(8) S +6.25% 10.95% 6/17/2024 3/16/2028 GBP","2","436","Cost (3)","6,699"
"SRC042","217","13","BPPH2 Limited ... (4)(5)(6)(8) S +6.25% 10.95% 6/17/2024 3/16/2028 GBP","3","470","Fair Value","6,689"
"SRC042","217","13","BPPH2 Limited ... (4)(5)(6)(8) S +6.25% 10.95% 6/17/2024 3/16/2028 GBP","4","503","% of Net Assets","0.11"
"SRC042","217","14","BPPH2 Limited ... (4)(5)(6)(10) CA +6.25% 10.03% 6/17/2024 3/16/2028 CAD","1","398","Amount/ Units (1)","3,289"
"SRC042","217","14","BPPH2 Limited ... (4)(5)(6)(10) CA +6.25% 10.03% 6/17/2024 3/16/2028 CAD","2","436","Cost (3)","2,360"
"SRC042","217","14","BPPH2 Limited ... (4)(5)(6)(10) CA +6.25% 10.03% 6/17/2024 3/16/2028 CAD","3","470","Fair Value","2,288"
"SRC042","217","14","BPPH2 Limited ... (4)(5)(6)(10) CA +6.25% 10.03% 6/17/2024 3/16/2028 CAD","4","503","% of Net Assets","0.04"
"SRC042","217","15","BPPH2 Limited ... (4)(5)(6)(10) SOFR +6.25% 10.76% 6/17/2024 3/16/2028","1","398","Amount/ Units (1)","1,709"
"SRC042","217","15","BPPH2 Limited ... (4)(5)(6)(10) SOFR +6.25% 10.76% 6/17/2024 3/16/2028","2","436","Cost (3)","1,672"
"SRC042","217","15","BPPH2 Limited ... (4)(5)(6)(10) SOFR +6.25% 10.76% 6/17/2024 3/16/2028","3","470","Fair Value","1,709"
"SRC042","217","15","BPPH2 Limited ... (4)(5)(6)(10) SOFR +6.25% 10.76% 6/17/2024 3/16/2028","4","503","% of Net Assets","0.03"
"SRC042","217","16","Group, Inc. ..... (4)(7)(10) SOFR +5.50% 10.23% 7/20/2021 7/20/2028","1","398","Amount/ Units (1)","286,185"
"SRC042","217","16","Group, Inc. ..... (4)(7)(10) SOFR +5.50% 10.23% 7/20/2021 7/20/2028","2","436","Cost (3)","284,735"
"SRC042","217","16","Group, Inc. ..... (4)(7)(10) SOFR +5.50% 10.23% 7/20/2021 7/20/2028","3","470","Fair Value","286,185"
"SRC042","217","16","Group, Inc. ..... (4)(7)(10) SOFR +5.50% 10.23% 7/20/2021 7/20/2028","4","503","% of Net Assets","4.71"
"SRC042","217","17","LLC .......... (4)(5)(10) SOFR +4.75% 9.08% 5/31/2024 5/31/2031","1","398","Amount/ Units (1)","11,927"
"SRC042","217","17","LLC .......... (4)(5)(10) SOFR +4.75% 9.08% 5/31/2024 5/31/2031","2","436","Cost (3)","11,818"
"SRC042","217","17","LLC .......... (4)(5)(10) SOFR +4.75% 9.08% 5/31/2024 5/31/2031","3","470","Fair Value","11,927"
"SRC042","217","17","LLC .......... (4)(5)(10) SOFR +4.75% 9.08% 5/31/2024 5/31/2031","4","503","% of Net Assets","0.20"
"SRC042","217","18","LLC .......... (4)(5)(7)(10) SOFR +4.75% 9.07% 5/31/2024 5/31/2031","1","398","Amount/ Units (1)","2,544"
"SRC042","217","18","LLC .......... (4)(5)(7)(10) SOFR +4.75% 9.07% 5/31/2024 5/31/2031","2","436","Cost (3)","2,489"
"SRC042","217","18","LLC .......... (4)(5)(7)(10) SOFR +4.75% 9.07% 5/31/2024 5/31/2031","3","470","Fair Value","2,528"
"SRC042","217","18","LLC .......... (4)(5)(7)(10) SOFR +4.75% 9.07% 5/31/2024 5/31/2031","4","503","% of Net Assets","0.04"
"SRC042","217","19","Ltd. ........... (4)(12) SOFR +5.25% 9.58% 3/27/2024 3/27/2030","1","398","Amount/ Units (1)","42,754"
"SRC042","217","19","Ltd. ........... (4)(12) SOFR +5.25% 9.58% 3/27/2024 3/27/2030","2","436","Cost (3)","42,008"
"SRC042","217","19","Ltd. ........... (4)(12) SOFR +5.25% 9.58% 3/27/2024 3/27/2030","3","470","Fair Value","42,754"
"SRC042","217","19","Ltd. ........... (4)(12) SOFR +5.25% 9.58% 3/27/2024 3/27/2030","4","503","% of Net Assets","0.70"
"SRC042","217","20","Ltd. ........... (4)(7)(11) SOFR +5.25% 9.83% 3/27/2024 3/27/2030","1","398","Amount/ Units (1)","5,368"
"SRC042","217","20","Ltd. ........... (4)(7)(11) SOFR +5.25% 9.83% 3/27/2024 3/27/2030","2","436","Cost (3)","4,965"
"SRC042","217","20","Ltd. ........... (4)(7)(11) SOFR +5.25% 9.83% 3/27/2024 3/27/2030","3","470","Fair Value","5,196"
"SRC042","217","20","Ltd. ........... (4)(7)(11) SOFR +5.25% 9.83% 3/27/2024 3/27/2030","4","503","% of Net Assets","0.09"
"SRC042","217","21","Holdings, LLC .. (4)(11) SOFR +6.25% 10.88% 7/18/2023 7/18/2029","1","398","Amount/ Units (1)","21,906"
"SRC042","217","21","Holdings, LLC .. (4)(11) SOFR +6.25% 10.88% 7/18/2023 7/18/2029","2","436","Cost (3)","21,491"
"SRC042","217","21","Holdings, LLC .. (4)(11) SOFR +6.25% 10.88% 7/18/2023 7/18/2029","3","470","Fair Value","21,413"
"SRC042","217","21","Holdings, LLC .. (4)(11) SOFR +6.25% 10.88% 7/18/2023 7/18/2029","4","503","% of Net Assets","0.35"
"SRC042","217","22","Holdings, LLC .. (4)(5)(7)(11) SOFR +6.25% 10.88% 7/18/2023 7/18/2029","1","398","Amount/ Units (1)","4,032"
"SRC042","217","22","Holdings, LLC .. (4)(5)(7)(11) SOFR +6.25% 10.88% 7/18/2023 7/18/2029","2","436","Cost (3)","3,901"
"SRC042","217","22","Holdings, LLC .. (4)(5)(7)(11) SOFR +6.25% 10.88% 7/18/2023 7/18/2029","3","470","Fair Value","3,885"
"SRC042","217","22","Holdings, LLC .. (4)(5)(7)(11) SOFR +6.25% 10.88% 7/18/2023 7/18/2029","4","503","% of Net Assets","0.06"
"SRC042","217","23","Holding Corp ... (4)(5)(7)(10) SOFR +5.00% 9.65% 6/17/2024 6/17/2031","1","398","Amount/ Units (1)","11,717"
"SRC042","217","23","Holding Corp ... (4)(5)(7)(10) SOFR +5.00% 9.65% 6/17/2024 6/17/2031","2","436","Cost (3)","11,582"
"SRC042","217","23","Holding Corp ... (4)(5)(7)(10) SOFR +5.00% 9.65% 6/17/2024 6/17/2031","3","470","Fair Value","11,687"
"SRC042","217","23","Holding Corp ... (4)(5)(7)(10) SOFR +5.00% 9.65% 6/17/2024 6/17/2031","4","503","% of Net Assets","0.19"
"SRC042","218","1","Corp. .......... (4)(11) SOFR +5.75% 10.21% 10/12/2021 12/31/2026 $","1","394","Amount/ Units (1)","22,274"
"SRC042","218","1","Corp. .......... (4)(11) SOFR +5.75% 10.21% 10/12/2021 12/31/2026 $","2","433","Cost (3)","22,084"
"SRC042","218","1","Corp. .......... (4)(11) SOFR +5.75% 10.21% 10/12/2021 12/31/2026 $","3","468","Fair Value","21,717"
"SRC042","218","1","Corp. .......... (4)(11) SOFR +5.75% 10.21% 10/12/2021 12/31/2026 $","4","503","% of Net Assets","0.36%"
"SRC042","218","2","LLC .......... (4)(7)(11) SOFR +4.75% 9.10% 12/18/2024 12/19/2031","1","394","Amount/ Units (1)","40,036"
"SRC042","218","2","LLC .......... (4)(7)(11) SOFR +4.75% 9.10% 12/18/2024 12/19/2031","2","433","Cost (3)","39,581"
"SRC042","218","2","LLC .......... (4)(7)(11) SOFR +4.75% 9.10% 12/18/2024 12/19/2031","3","468","Fair Value","39,844"
"SRC042","218","2","LLC .......... (4)(7)(11) SOFR +4.75% 9.10% 12/18/2024 12/19/2031","4","503","% of Net Assets","0.66"
"SRC042","218","3","LLC .......... (4)(7)(11) SOFR +5.50% 10.09% 10/1/2021 10/1/2028","1","394","Amount/ Units (1)","124,139"
"SRC042","218","3","LLC .......... (4)(7)(11) SOFR +5.50% 10.09% 10/1/2021 10/1/2028","2","433","Cost (3)","122,477"
"SRC042","218","3","LLC .......... (4)(7)(11) SOFR +5.50% 10.09% 10/1/2021 10/1/2028","3","468","Fair Value","123,684"
"SRC042","218","3","LLC .......... (4)(7)(11) SOFR +5.50% 10.09% 10/1/2021 10/1/2028","4","503","% of Net Assets","2.04"
"SRC042","218","4","Services Corp. .. (4)(11) SOFR +5.00% 9.51% 3/26/2021 3/26/2027","1","394","Amount/ Units (1)","32,778"
"SRC042","218","4","Services Corp. .. (4)(11) SOFR +5.00% 9.51% 3/26/2021 3/26/2027","2","433","Cost (3)","32,484"
"SRC042","218","4","Services Corp. .. (4)(11) SOFR +5.00% 9.51% 3/26/2021 3/26/2027","3","468","Fair Value","32,778"
"SRC042","218","4","Services Corp. .. (4)(11) SOFR +5.00% 9.51% 3/26/2021 3/26/2027","4","503","% of Net Assets","0.54"
"SRC042","218","5","Services Corp. .. (4)(11) SOFR +5.00% 9.51% 7/27/2023 3/26/2027","1","394","Amount/ Units (1)","35,439"
"SRC042","218","5","Services Corp. .. (4)(11) SOFR +5.00% 9.51% 7/27/2023 3/26/2027","2","433","Cost (3)","34,893"
"SRC042","218","5","Services Corp. .. (4)(11) SOFR +5.00% 9.51% 7/27/2023 3/26/2027","3","468","Fair Value","35,439"
"SRC042","218","5","Services Corp. .. (4)(11) SOFR +5.00% 9.51% 7/27/2023 3/26/2027","4","503","% of Net Assets","0.58"
"SRC042","218","6","Services Corp. .. (4)(7)(11) SOFR +5.00% 9.50% 5/9/2024 3/26/2027","1","394","Amount/ Units (1)","71,103"
"SRC042","218","6","Services Corp. .. (4)(7)(11) SOFR +5.00% 9.50% 5/9/2024 3/26/2027","2","433","Cost (3)","69,567"
"SRC042","218","6","Services Corp. .. (4)(7)(11) SOFR +5.00% 9.50% 5/9/2024 3/26/2027","3","468","Fair Value","70,813"
"SRC042","218","6","Services Corp. .. (4)(7)(11) SOFR +5.00% 9.50% 5/9/2024 3/26/2027","4","503","% of Net Assets","1.17"
"SRC042","218","7","Holdings, LLC .. (4)(7)(11) SOFR +4.75% 9.34% 8/17/2021 8/17/2030","1","394","Amount/ Units (1)","45,954"
"SRC042","218","7","Holdings, LLC .. (4)(7)(11) SOFR +4.75% 9.34% 8/17/2021 8/17/2030","2","433","Cost (3)","45,437"
"SRC042","218","7","Holdings, LLC .. (4)(7)(11) SOFR +4.75% 9.34% 8/17/2021 8/17/2030","3","468","Fair Value","45,809"
"SRC042","218","7","Holdings, LLC .. (4)(7)(11) SOFR +4.75% 9.34% 8/17/2021 8/17/2030","4","503","% of Net Assets","0.75"
"SRC042","218","8","LLC .......... (4)(7)(10) SOFR +4.75% 9.27% 8/8/2024 8/8/2030","1","394","Amount/ Units (1)","58,361"
"SRC042","218","8","LLC .......... (4)(7)(10) SOFR +4.75% 9.27% 8/8/2024 8/8/2030","2","433","Cost (3)","57,452"
"SRC042","218","8","LLC .......... (4)(7)(10) SOFR +4.75% 9.27% 8/8/2024 8/8/2030","3","468","Fair Value","57,825"
"SRC042","218","8","LLC .......... (4)(7)(10) SOFR +4.75% 9.27% 8/8/2024 8/8/2030","4","503","% of Net Assets","0.95"
"SRC042","218","9","LLC .......... (4)(5)(11) SOFR +6.00% 10.43% 12/23/2020 12/23/2026","1","394","Amount/ Units (1)","77,340"
"SRC042","218","9","LLC .......... (4)(5)(11) SOFR +6.00% 10.43% 12/23/2020 12/23/2026","2","433","Cost (3)","76,831"
"SRC042","218","9","LLC .......... (4)(5)(11) SOFR +6.00% 10.43% 12/23/2020 12/23/2026","3","468","Fair Value","73,860"
"SRC042","218","9","LLC .......... (4)(5)(11) SOFR +6.00% 10.43% 12/23/2020 12/23/2026","4","503","% of Net Assets","1.22"
"SRC042","218","10","LLC .......... (4)(5)(11) SOFR +6.00% 10.68% 12/23/2020 12/23/2026","1","394","Amount/ Units (1)","23,214"
"SRC042","218","10","LLC .......... (4)(5)(11) SOFR +6.00% 10.68% 12/23/2020 12/23/2026","2","433","Cost (3)","23,094"
"SRC042","218","10","LLC .......... (4)(5)(11) SOFR +6.00% 10.68% 12/23/2020 12/23/2026","3","468","Fair Value","22,169"
"SRC042","218","10","LLC .......... (4)(5)(11) SOFR +6.00% 10.68% 12/23/2020 12/23/2026","4","503","% of Net Assets","0.36"
"SRC042","218","11","LLC .......... (4)(5)(11) SOFR +6.00% 10.73% 12/23/2020 12/23/2026","1","394","Amount/ Units (1)","6,262"
"SRC042","218","11","LLC .......... (4)(5)(11) SOFR +6.00% 10.73% 12/23/2020 12/23/2026","2","433","Cost (3)","6,238"
"SRC042","218","11","LLC .......... (4)(5)(11) SOFR +6.00% 10.73% 12/23/2020 12/23/2026","3","468","Fair Value","5,981"
"SRC042","218","11","LLC .......... (4)(5)(11) SOFR +6.00% 10.73% 12/23/2020 12/23/2026","4","503","% of Net Assets","0.10"
"SRC042","218","12","Corp .......... (4)(7)(10) SOFR +5.00% 9.52% 11/15/2024 11/15/2031","1","394","Amount/ Units (1)","33,611"
"SRC042","218","12","Corp .......... (4)(7)(10) SOFR +5.00% 9.52% 11/15/2024 11/15/2031","2","433","Cost (3)","33,194"
"SRC042","218","12","Corp .......... (4)(7)(10) SOFR +5.00% 9.52% 11/15/2024 11/15/2031","3","468","Fair Value","33,185"
"SRC042","218","12","Corp .......... (4)(7)(10) SOFR +5.00% 9.52% 11/15/2024 11/15/2031","4","503","% of Net Assets","0.55"
"SRC042","218","13","LLC .......... (4)(5)(10) SOFR +4.75% 9.27% 11/15/2024 7/30/2029","1","394","Amount/ Units (1)","8,232"
"SRC042","218","13","LLC .......... (4)(5)(10) SOFR +4.75% 9.27% 11/15/2024 7/30/2029","2","433","Cost (3)","8,152"
"SRC042","218","13","LLC .......... (4)(5)(10) SOFR +4.75% 9.27% 11/15/2024 7/30/2029","3","468","Fair Value","8,150"
"SRC042","218","13","LLC .......... (4)(5)(10) SOFR +4.75% 9.27% 11/15/2024 7/30/2029","4","503","% of Net Assets","0.13"
"SRC042","218","14","LLC .......... (4)(5)(7)(10) SOFR +4.75% 9.27% 11/15/2024 7/30/2029","1","394","Amount/ Units (1)","185"
"SRC042","218","14","LLC .......... (4)(5)(7)(10) SOFR +4.75% 9.27% 11/15/2024 7/30/2029","2","433","Cost (3)","167"
"SRC042","218","14","LLC .......... (4)(5)(7)(10) SOFR +4.75% 9.27% 11/15/2024 7/30/2029","3","468","Fair Value","167"
"SRC042","218","14","LLC .......... (4)(5)(7)(10) SOFR +4.75% 9.27% 11/15/2024 7/30/2029","4","503","% of Net Assets","0.00"
"SRC042","218","15","Corp. .......... (4)(7)(10) SOFR +5.50% 9.87% 11/20/2023 11/20/2030","1","394","Amount/ Units (1)","25,753"
"SRC042","218","15","Corp. .......... (4)(7)(10) SOFR +5.50% 9.87% 11/20/2023 11/20/2030","2","433","Cost (3)","25,494"
"SRC042","218","15","Corp. .......... (4)(7)(10) SOFR +5.50% 9.87% 11/20/2023 11/20/2030","3","468","Fair Value","25,753"
"SRC042","218","15","Corp. .......... (4)(7)(10) SOFR +5.50% 9.87% 11/20/2023 11/20/2030","4","503","% of Net Assets","0.42"
"SRC042","218","16","LLC .......... (4)(6)(7)(9) SOFR +5.00% 9.59% 7/1/2024 7/1/2031","1","394","Amount/ Units (1)","60,742"
"SRC042","218","16","LLC .......... (4)(6)(7)(9) SOFR +5.00% 9.59% 7/1/2024 7/1/2031","2","433","Cost (3)","59,562"
"SRC042","218","16","LLC .......... (4)(6)(7)(9) SOFR +5.00% 9.59% 7/1/2024 7/1/2031","3","468","Fair Value","60,058"
"SRC042","218","16","LLC .......... (4)(6)(7)(9) SOFR +5.00% 9.59% 7/1/2024 7/1/2031","4","503","% of Net Assets","0.99"
"SRC042","218","17","LLC .......... (4)(5)(6)(9) E +5.00% 8.33% 7/1/2024 7/1/2031 EUR","1","394","Amount/ Units (1)","15,064"
"SRC042","218","17","LLC .......... (4)(5)(6)(9) E +5.00% 8.33% 7/1/2024 7/1/2031 EUR","2","433","Cost (3)","15,952"
"SRC042","218","17","LLC .......... (4)(5)(6)(9) E +5.00% 8.33% 7/1/2024 7/1/2031 EUR","3","468","Fair Value","15,487"
"SRC042","218","17","LLC .......... (4)(5)(6)(9) E +5.00% 8.33% 7/1/2024 7/1/2031 EUR","4","503","% of Net Assets","0.25"
"SRC042","218","18","LLC .......... (4)(5)(6)(9) E +5.00% 8.33% 7/1/2024 7/1/2030 EUR","1","394","Amount/ Units (1)","1,707"
"SRC042","218","18","LLC .......... (4)(5)(6)(9) E +5.00% 8.33% 7/1/2024 7/1/2030 EUR","2","433","Cost (3)","1,834"
"SRC042","218","18","LLC .......... (4)(5)(6)(9) E +5.00% 8.33% 7/1/2024 7/1/2030 EUR","3","468","Fair Value","1,755"
"SRC042","218","18","LLC .......... (4)(5)(6)(9) E +5.00% 8.33% 7/1/2024 7/1/2030 EUR","4","503","% of Net Assets","0.03"
"SRC042","218","19","Holdco, Inc. .... (4)(5)(10) SOFR +4.75% 9.13% 8/20/2024 8/20/2031","1","394","Amount/ Units (1)","979"
"SRC042","218","19","Holdco, Inc. .... (4)(5)(10) SOFR +4.75% 9.13% 8/20/2024 8/20/2031","2","433","Cost (3)","961"
"SRC042","218","19","Holdco, Inc. .... (4)(5)(10) SOFR +4.75% 9.13% 8/20/2024 8/20/2031","3","468","Fair Value","979"
"SRC042","218","19","Holdco, Inc. .... (4)(5)(10) SOFR +4.75% 9.13% 8/20/2024 8/20/2031","4","503","% of Net Assets","0.02"
"SRC042","219","1","Holdco, Inc. .... (4)(5)(7)(10) P +3.75% 11.75% 8/20/2024 8/20/2030 $","1","398","Amount/ Units (1)","35"
"SRC042","219","1","Holdco, Inc. .... (4)(5)(7)(10) P +3.75% 11.75% 8/20/2024 8/20/2030 $","2","436","Cost (3)","32"
"SRC042","219","1","Holdco, Inc. .... (4)(5)(7)(10) P +3.75% 11.75% 8/20/2024 8/20/2030 $","3","472","Fair Value","34"
"SRC042","219","1","Holdco, Inc. .... (4)(5)(7)(10) P +3.75% 11.75% 8/20/2024 8/20/2030 $","4","503","% of Net Assets","0.00%"
"SRC042","219","2","Holdings, Inc. ... (4)(7)(11) SOFR +6.00% 10.59% 3/15/2024 3/15/2031","1","398","Amount/ Units (1)","26,728"
"SRC042","219","2","Holdings, Inc. ... (4)(7)(11) SOFR +6.00% 10.59% 3/15/2024 3/15/2031","2","436","Cost (3)","26,020"
"SRC042","219","2","Holdings, Inc. ... (4)(7)(11) SOFR +6.00% 10.59% 3/15/2024 3/15/2031","3","472","Fair Value","26,728"
"SRC042","219","2","Holdings, Inc. ... (4)(7)(11) SOFR +6.00% 10.59% 3/15/2024 3/15/2031","4","503","% of Net Assets","0.44"
"SRC042","219","3","LLC .......... (4)(5)(9) SOFR +4.75% 9.24% 11/18/2024 11/18/2031","1","398","Amount/ Units (1)","7,444"
"SRC042","219","3","LLC .......... (4)(5)(9) SOFR +4.75% 9.24% 11/18/2024 11/18/2031","2","436","Cost (3)","7,371"
"SRC042","219","3","LLC .......... (4)(5)(9) SOFR +4.75% 9.24% 11/18/2024 11/18/2031","3","472","Fair Value","7,369"
"SRC042","219","3","LLC .......... (4)(5)(9) SOFR +4.75% 9.24% 11/18/2024 11/18/2031","4","503","% of Net Assets","0.12"
"SRC042","219","4","LLC .......... (4)(5)(7)(9) SOFR +4.75% 9.24% 11/18/2024 11/18/2031","1","398","Amount/ Units (1)","216"
"SRC042","219","4","LLC .......... (4)(5)(7)(9) SOFR +4.75% 9.24% 11/18/2024 11/18/2031","2","436","Cost (3)","180"
"SRC042","219","4","LLC .......... (4)(5)(7)(9) SOFR +4.75% 9.24% 11/18/2024 11/18/2031","3","472","Fair Value","180"
"SRC042","219","4","LLC .......... (4)(5)(7)(9) SOFR +4.75% 9.24% 11/18/2024 11/18/2031","4","503","% of Net Assets","0.00"
"SRC042","219","5","Parent LLC ..... (4)(5)(7)(10) SOFR +5.00% 9.60% 9/30/2024 9/30/2030","1","398","Amount/ Units (1)","18,221"
"SRC042","219","5","Parent LLC ..... (4)(5)(7)(10) SOFR +5.00% 9.60% 9/30/2024 9/30/2030","2","436","Cost (3)","17,834"
"SRC042","219","5","Parent LLC ..... (4)(5)(7)(10) SOFR +5.00% 9.60% 9/30/2024 9/30/2030","3","472","Fair Value","17,811"
"SRC042","219","5","Parent LLC ..... (4)(5)(7)(10) SOFR +5.00% 9.60% 9/30/2024 9/30/2030","4","503","% of Net Assets","0.29"
"SRC042","219","6","LLC .......... (4)(10) SOFR +5.00% 8.89% 9/1/2023 9/1/2030","1","398","Amount/ Units (1)","7,917"
"SRC042","219","6","LLC .......... (4)(10) SOFR +5.00% 8.89% 9/1/2023 9/1/2030","2","436","Cost (3)","7,756"
"SRC042","219","6","LLC .......... (4)(10) SOFR +5.00% 8.89% 9/1/2023 9/1/2030","3","472","Fair Value","7,917"
"SRC042","219","6","LLC .......... (4)(10) SOFR +5.00% 8.89% 9/1/2023 9/1/2030","4","503","% of Net Assets","0.13"
"SRC042","219","7","LLC .......... (4)(5)(7)(10) SOFR +5.00% 9.28% 9/1/2023 9/1/2029","1","398","Amount/ Units (1)","453"
"SRC042","219","7","LLC .......... (4)(5)(7)(10) SOFR +5.00% 9.28% 9/1/2023 9/1/2029","2","436","Cost (3)","422"
"SRC042","219","7","LLC .......... (4)(5)(7)(10) SOFR +5.00% 9.28% 9/1/2023 9/1/2029","3","472","Fair Value","442"
"SRC042","219","7","LLC .......... (4)(5)(7)(10) SOFR +5.00% 9.28% 9/1/2023 9/1/2029","4","503","% of Net Assets","0.01"
"SRC042","219","8","LLC .......... (4)(5)(7)(10) P +3.50% 11.00% 11/15/2024 11/18/2031","1","398","Amount/ Units (1)","1,048"
"SRC042","219","8","LLC .......... (4)(5)(7)(10) P +3.50% 11.00% 11/15/2024 11/18/2031","2","436","Cost (3)","1,034"
"SRC042","219","8","LLC .......... (4)(5)(7)(10) P +3.50% 11.00% 11/15/2024 11/18/2031","3","472","Fair Value","1,034"
"SRC042","219","8","LLC .......... (4)(5)(7)(10) P +3.50% 11.00% 11/15/2024 11/18/2031","4","503","% of Net Assets","0.02"
"SRC042","219","9","RFS Opco, LLC ... (4)(7)(9) SOFR +4.75% 9.08% 4/4/2024 4/4/2031","1","398","Amount/ Units (1)","9,500"
"SRC042","219","9","RFS Opco, LLC ... (4)(7)(9) SOFR +4.75% 9.08% 4/4/2024 4/4/2031","2","436","Cost (3)","9,406"
"SRC042","219","9","RFS Opco, LLC ... (4)(7)(9) SOFR +4.75% 9.08% 4/4/2024 4/4/2031","3","472","Fair Value","9,491"
"SRC042","219","9","RFS Opco, LLC ... (4)(7)(9) SOFR +4.75% 9.08% 4/4/2024 4/4/2031","4","503","% of Net Assets","0.16"
"SRC042","219","10","Inc. ........... (4)(5)(7)(10) SOFR +4.75% 9.34% 5/15/2024 5/15/2031","1","398","Amount/ Units (1)","19,703"
"SRC042","219","10","Inc. ........... (4)(5)(7)(10) SOFR +4.75% 9.34% 5/15/2024 5/15/2031","2","436","Cost (3)","19,467"
"SRC042","219","10","Inc. ........... (4)(5)(7)(10) SOFR +4.75% 9.34% 5/15/2024 5/15/2031","3","472","Fair Value","19,694"
"SRC042","219","10","Inc. ........... (4)(5)(7)(10) SOFR +4.75% 9.34% 5/15/2024 5/15/2031","4","503","% of Net Assets","0.32"
"SRC042","219","11","LLC .......... (4)(5)(7)(11) SOFR +5.25% 9.77% 9/29/2023 9/30/2030","1","398","Amount/ Units (1)","759"
"SRC042","219","11","LLC .......... (4)(5)(7)(11) SOFR +5.25% 9.77% 9/29/2023 9/30/2030","2","436","Cost (3)","737"
"SRC042","219","11","LLC .......... (4)(5)(7)(11) SOFR +5.25% 9.77% 9/29/2023 9/30/2030","3","472","Fair Value","759"
"SRC042","219","11","LLC .......... (4)(5)(7)(11) SOFR +5.25% 9.77% 9/29/2023 9/30/2030","4","503","% of Net Assets","0.01"
"SRC042","219","12","LLC .......... (4)(5)(11) E +5.25% 8.25% 9/29/2023 9/30/2030 EUR","1","398","Amount/ Units (1)","354"
"SRC042","219","12","LLC .......... (4)(5)(11) E +5.25% 8.25% 9/29/2023 9/30/2030 EUR","2","436","Cost (3)","366"
"SRC042","219","12","LLC .......... (4)(5)(11) E +5.25% 8.25% 9/29/2023 9/30/2030 EUR","3","472","Fair Value","367"
"SRC042","219","12","LLC .......... (4)(5)(11) E +5.25% 8.25% 9/29/2023 9/30/2030 EUR","4","503","% of Net Assets","0.01"
"SRC042","219","13","CPI Buyer, LLC ... (4)(10) SOFR +5.50% 10.28% 11/1/2021 11/1/2028","1","398","Amount/ Units (1)","27,778"
"SRC042","219","13","CPI Buyer, LLC ... (4)(10) SOFR +5.50% 10.28% 11/1/2021 11/1/2028","2","436","Cost (3)","27,474"
"SRC042","219","13","CPI Buyer, LLC ... (4)(10) SOFR +5.50% 10.28% 11/1/2021 11/1/2028","3","472","Fair Value","27,292"
"SRC042","219","13","CPI Buyer, LLC ... (4)(10) SOFR +5.50% 10.28% 11/1/2021 11/1/2028","4","503","% of Net Assets","0.45"
"SRC042","219","14","CPI Buyer, LLC ... (4)(5)(10) SOFR +5.50% 10.28% 11/1/2021 11/1/2028","1","398","Amount/ Units (1)","2,965"
"SRC042","219","14","CPI Buyer, LLC ... (4)(5)(10) SOFR +5.50% 10.28% 11/1/2021 11/1/2028","2","436","Cost (3)","2,944"
"SRC042","219","14","CPI Buyer, LLC ... (4)(5)(10) SOFR +5.50% 10.28% 11/1/2021 11/1/2028","3","472","Fair Value","2,913"
"SRC042","219","14","CPI Buyer, LLC ... (4)(5)(10) SOFR +5.50% 10.28% 11/1/2021 11/1/2028","4","503","% of Net Assets","0.05"
"SRC042","219","15","CPI Buyer, LLC ... (4)(5)(7)(10) SOFR +5.50% 10.28% 5/23/2024 11/1/2028","1","398","Amount/ Units (1)","1,602"
"SRC042","219","15","CPI Buyer, LLC ... (4)(5)(7)(10) SOFR +5.50% 10.28% 5/23/2024 11/1/2028","2","436","Cost (3)","1,563"
"SRC042","219","15","CPI Buyer, LLC ... (4)(5)(7)(10) SOFR +5.50% 10.28% 5/23/2024 11/1/2028","3","472","Fair Value","1,505"
"SRC042","219","15","CPI Buyer, LLC ... (4)(5)(7)(10) SOFR +5.50% 10.28% 5/23/2024 11/1/2028","4","503","% of Net Assets","0.02"
"SRC042","219","16","Buyer, LLC ..... (4)(10) SOFR +5.50% 9.96% 9/13/2021 9/13/2027","1","398","Amount/ Units (1)","21,285"
"SRC042","219","16","Buyer, LLC ..... (4)(10) SOFR +5.50% 9.96% 9/13/2021 9/13/2027","2","436","Cost (3)","21,094"
"SRC042","219","16","Buyer, LLC ..... (4)(10) SOFR +5.50% 9.96% 9/13/2021 9/13/2027","3","472","Fair Value","20,966"
"SRC042","219","16","Buyer, LLC ..... (4)(10) SOFR +5.50% 9.96% 9/13/2021 9/13/2027","4","503","% of Net Assets","0.35"
"SRC042","219","17","Buyer, LLC ..... (4)(10) SOFR +5.50% 10.05% 9/13/2021 9/13/2027","1","398","Amount/ Units (1)","5,390"
"SRC042","219","17","Buyer, LLC ..... (4)(10) SOFR +5.50% 10.05% 9/13/2021 9/13/2027","2","436","Cost (3)","5,348"
"SRC042","219","17","Buyer, LLC ..... (4)(10) SOFR +5.50% 10.05% 9/13/2021 9/13/2027","3","472","Fair Value","5,309"
"SRC042","219","17","Buyer, LLC ..... (4)(10) SOFR +5.50% 10.05% 9/13/2021 9/13/2027","4","503","% of Net Assets","0.09"
"SRC042","219","18","Zeus, LLC ........ (4)(7)(10) SOFR +5.50% 9.83% 2/28/2024 2/28/2031","1","398","Amount/ Units (1)","26,027"
"SRC042","219","18","Zeus, LLC ........ (4)(7)(10) SOFR +5.50% 9.83% 2/28/2024 2/28/2031","2","436","Cost (3)","25,619"
"SRC042","219","18","Zeus, LLC ........ (4)(7)(10) SOFR +5.50% 9.83% 2/28/2024 2/28/2031","3","472","Fair Value","26,009"
"SRC042","219","18","Zeus, LLC ........ (4)(7)(10) SOFR +5.50% 9.83% 2/28/2024 2/28/2031","4","503","% of Net Assets","0.43"
"SRC042","219","19","123Dentist, Inc. ... (4)(5)(6)(7)(10) CA +5.00% 8.30% 8/10/2022 8/10/2029 CAD","1","398","Amount/ Units (1)","2,267"
"SRC042","219","19","123Dentist, Inc. ... (4)(5)(6)(7)(10) CA +5.00% 8.30% 8/10/2022 8/10/2029 CAD","2","436","Cost (3)","1,708"
"SRC042","219","19","123Dentist, Inc. ... (4)(5)(6)(7)(10) CA +5.00% 8.30% 8/10/2022 8/10/2029 CAD","3","472","Fair Value","1,577"
"SRC042","219","19","123Dentist, Inc. ... (4)(5)(6)(7)(10) CA +5.00% 8.30% 8/10/2022 8/10/2029 CAD","4","503","% of Net Assets","0.03"
"SRC042","219","20","Holdings, Inc. ... (4)(10) SOFR +6.00% PIK) 7/7/2023 8/2/2028","1","398","Amount/ Units (1)","128,794"
"SRC042","219","20","Holdings, Inc. ... (4)(10) SOFR +6.00% PIK) 7/7/2023 8/2/2028","2","436","Cost (3)","127,308"
"SRC042","219","20","Holdings, Inc. ... (4)(10) SOFR +6.00% PIK) 7/7/2023 8/2/2028","3","472","Fair Value","123,643"
"SRC042","219","20","Holdings, Inc. ... (4)(10) SOFR +6.00% PIK) 7/7/2023 8/2/2028","4","503","% of Net Assets","2.03"
"SRC042","219","21","Holdings, Inc. ... (4)(5)(7)(10) SOFR +5.50% 9.96% 8/2/2021 8/2/2027","1","398","Amount/ Units (1)","1,157"
"SRC042","219","21","Holdings, Inc. ... (4)(5)(7)(10) SOFR +5.50% 9.96% 8/2/2021 8/2/2027","2","436","Cost (3)","1,057"
"SRC042","219","21","Holdings, Inc. ... (4)(5)(7)(10) SOFR +5.50% 9.96% 8/2/2021 8/2/2027","3","472","Fair Value","694"
"SRC042","219","21","Holdings, Inc. ... (4)(5)(7)(10) SOFR +5.50% 9.96% 8/2/2021 8/2/2027","4","503","% of Net Assets","0.01"
"SRC042","219","22","Holdings, LLC .. (4)(11) SOFR +6.25% 10.78% 5/7/2021 5/7/2027","1","398","Amount/ Units (1)","6,779"
"SRC042","219","22","Holdings, LLC .. (4)(11) SOFR +6.25% 10.78% 5/7/2021 5/7/2027","2","436","Cost (3)","6,726"
"SRC042","219","22","Holdings, LLC .. (4)(11) SOFR +6.25% 10.78% 5/7/2021 5/7/2027","3","472","Fair Value","6,779"
"SRC042","219","22","Holdings, LLC .. (4)(11) SOFR +6.25% 10.78% 5/7/2021 5/7/2027","4","503","% of Net Assets","0.11"
"SRC042","219","23","Holdings, LLC .. (4)(5)(11) SOFR +6.25% 10.60% 5/7/2021 5/7/2027","1","398","Amount/ Units (1)","1,625"
"SRC042","219","23","Holdings, LLC .. (4)(5)(11) SOFR +6.25% 10.60% 5/7/2021 5/7/2027","2","436","Cost (3)","1,614"
"SRC042","219","23","Holdings, LLC .. (4)(5)(11) SOFR +6.25% 10.60% 5/7/2021 5/7/2027","3","472","Fair Value","1,625"
"SRC042","219","23","Holdings, LLC .. (4)(5)(11) SOFR +6.25% 10.60% 5/7/2021 5/7/2027","4","503","% of Net Assets","0.03"
"SRC042","219","24","Holdings, LLC .. (4)(5)(7)(11) SOFR +6.25% 10.68% 5/7/2021 5/7/2026","1","398","Amount/ Units (1)","111"
"SRC042","219","24","Holdings, LLC .. (4)(5)(7)(11) SOFR +6.25% 10.68% 5/7/2021 5/7/2026","2","436","Cost (3)","104"
"SRC042","219","24","Holdings, LLC .. (4)(5)(7)(11) SOFR +6.25% 10.68% 5/7/2021 5/7/2026","3","472","Fair Value","111"
"SRC042","219","24","Holdings, LLC .. (4)(5)(7)(11) SOFR +6.25% 10.68% 5/7/2021 5/7/2026","4","503","% of Net Assets","0.00"
"SRC042","220","1","Inc. ........... (4)(5)(7)(11) SOFR +5.25% 9.75% 2/25/2022 2/25/2028 $","1","396","Amount/ Units (1)","5,543"
"SRC042","220","1","Inc. ........... (4)(5)(7)(11) SOFR +5.25% 9.75% 2/25/2022 2/25/2028 $","2","435","Cost (3)","5,474"
"SRC042","220","1","Inc. ........... (4)(5)(7)(11) SOFR +5.25% 9.75% 2/25/2022 2/25/2028 $","3","468","Fair Value","5,543"
"SRC042","220","1","Inc. ........... (4)(5)(7)(11) SOFR +5.25% 9.75% 2/25/2022 2/25/2028 $","4","503","% of Net Assets","0.09%"
"SRC042","220","2","Ltd. ........... (4)(5)(6)(11) CA +4.50% 7.82% 4/15/2021 4/14/2028 CAD","1","396","Amount/ Units (1)","29,333"
"SRC042","220","2","Ltd. ........... (4)(5)(6)(11) CA +4.50% 7.82% 4/15/2021 4/14/2028 CAD","2","435","Cost (3)","23,278"
"SRC042","220","2","Ltd. ........... (4)(5)(6)(11) CA +4.50% 7.82% 4/15/2021 4/14/2028 CAD","3","468","Fair Value","20,100"
"SRC042","220","2","Ltd. ........... (4)(5)(6)(11) CA +4.50% 7.82% 4/15/2021 4/14/2028 CAD","4","503","% of Net Assets","0.33"
"SRC042","220","3","Ltd. ........... (4)(5)(6)(7)(10) CA +4.50% 7.82% 4/15/2021 4/15/2027 CAD","1","396","Amount/ Units (1)","2,220"
"SRC042","220","3","Ltd. ........... (4)(5)(6)(7)(10) CA +4.50% 7.82% 4/15/2021 4/15/2027 CAD","2","435","Cost (3)","1,659"
"SRC042","220","3","Ltd. ........... (4)(5)(6)(7)(10) CA +4.50% 7.82% 4/15/2021 4/15/2027 CAD","3","468","Fair Value","1,507"
"SRC042","220","3","Ltd. ........... (4)(5)(6)(7)(10) CA +4.50% 7.82% 4/15/2021 4/15/2027 CAD","4","503","% of Net Assets","0.02"
"SRC042","220","4","Inc. ........... (4)(5)(10) SOFR +6.50% PIK 12/21/2021 12/21/2028","1","396","Amount/ Units (1)","11,967"
"SRC042","220","4","Inc. ........... (4)(5)(10) SOFR +6.50% PIK 12/21/2021 12/21/2028","2","435","Cost (3)","11,848"
"SRC042","220","4","Inc. ........... (4)(5)(10) SOFR +6.50% PIK 12/21/2021 12/21/2028","3","468","Fair Value","10,382"
"SRC042","220","4","Inc. ........... (4)(5)(10) SOFR +6.50% PIK 12/21/2021 12/21/2028","4","503","% of Net Assets","0.17"
"SRC042","220","5","Corp .......... (4)(5)(7)(10) SOFR +4.75% 9.38% 7/22/2024 7/22/2031","1","396","Amount/ Units (1)","12,124"
"SRC042","220","5","Corp .......... (4)(5)(7)(10) SOFR +4.75% 9.38% 7/22/2024 7/22/2031","2","435","Cost (3)","12,060"
"SRC042","220","5","Corp .......... (4)(5)(7)(10) SOFR +4.75% 9.38% 7/22/2024 7/22/2031","3","468","Fair Value","12,086"
"SRC042","220","5","Corp .......... (4)(5)(7)(10) SOFR +4.75% 9.38% 7/22/2024 7/22/2031","4","503","% of Net Assets","0.20"
"SRC042","220","6","Holdings, LLC .. (4)(7)(10) SOFR +6.41% 10.73% 3/12/2021 4/3/2028","1","396","Amount/ Units (1)","32,482"
"SRC042","220","6","Holdings, LLC .. (4)(7)(10) SOFR +6.41% 10.73% 3/12/2021 4/3/2028","2","435","Cost (3)","32,298"
"SRC042","220","6","Holdings, LLC .. (4)(7)(10) SOFR +6.41% 10.73% 3/12/2021 4/3/2028","3","468","Fair Value","31,506"
"SRC042","220","6","Holdings, LLC .. (4)(7)(10) SOFR +6.41% 10.73% 3/12/2021 4/3/2028","4","503","% of Net Assets","0.52"
"SRC042","220","7","Holdings, LLC .. (4)(5)(10) SOFR +6.50% 10.83% 12/28/2022 4/3/2028","1","396","Amount/ Units (1)","985"
"SRC042","220","7","Holdings, LLC .. (4)(5)(10) SOFR +6.50% 10.83% 12/28/2022 4/3/2028","2","435","Cost (3)","976"
"SRC042","220","7","Holdings, LLC .. (4)(5)(10) SOFR +6.50% 10.83% 12/28/2022 4/3/2028","3","468","Fair Value","955"
"SRC042","220","7","Holdings, LLC .. (4)(5)(10) SOFR +6.50% 10.83% 12/28/2022 4/3/2028","4","503","% of Net Assets","0.02"
"SRC042","220","8","Inc. ........... (4)(11) SOFR +6.00% 10.53% 11/20/2018 10/4/2026","1","396","Amount/ Units (1)","23,807"
"SRC042","220","8","Inc. ........... (4)(11) SOFR +6.00% 10.53% 11/20/2018 10/4/2026","2","435","Cost (3)","23,735"
"SRC042","220","8","Inc. ........... (4)(11) SOFR +6.00% 10.53% 11/20/2018 10/4/2026","3","468","Fair Value","23,807"
"SRC042","220","8","Inc. ........... (4)(11) SOFR +6.00% 10.53% 11/20/2018 10/4/2026","4","503","% of Net Assets","0.39"
"SRC042","220","9","LLC .......... (4)(5)(7)(10) SOFR +5.00% 9.35% 9/18/2024 9/30/2028","1","396","Amount/ Units (1)","17,155"
"SRC042","220","9","LLC .......... (4)(5)(7)(10) SOFR +5.00% 9.35% 9/18/2024 9/30/2028","2","435","Cost (3)","16,970"
"SRC042","220","9","LLC .......... (4)(5)(7)(10) SOFR +5.00% 9.35% 9/18/2024 9/30/2028","3","468","Fair Value","16,957"
"SRC042","220","9","LLC .......... (4)(5)(7)(10) SOFR +5.00% 9.35% 9/18/2024 9/30/2028","4","503","% of Net Assets","0.28"
"SRC042","220","10","Ventures, LLC .. (4)(7)(10) SOFR +5.50% 10.09% 4/29/2024 4/29/2030","1","396","Amount/ Units (1)","45,859"
"SRC042","220","10","Ventures, LLC .. (4)(7)(10) SOFR +5.50% 10.09% 4/29/2024 4/29/2030","2","435","Cost (3)","45,816"
"SRC042","220","10","Ventures, LLC .. (4)(7)(10) SOFR +5.50% 10.09% 4/29/2024 4/29/2030","3","468","Fair Value","45,315"
"SRC042","220","10","Ventures, LLC .. (4)(7)(10) SOFR +5.50% 10.09% 4/29/2024 4/29/2030","4","503","% of Net Assets","0.75"
"SRC042","220","11","LLC .......... (4)(11) SOFR +5.00% 9.43% 10/15/2020 10/15/2026","1","396","Amount/ Units (1)","126,408"
"SRC042","220","11","LLC .......... (4)(11) SOFR +5.00% 9.43% 10/15/2020 10/15/2026","2","435","Cost (3)","125,522"
"SRC042","220","11","LLC .......... (4)(11) SOFR +5.00% 9.43% 10/15/2020 10/15/2026","3","468","Fair Value","120,404"
"SRC042","220","11","LLC .......... (4)(11) SOFR +5.00% 9.43% 10/15/2020 10/15/2026","4","503","% of Net Assets","1.98"
"SRC042","220","12","Inc. ........... (4)(5)(7)(10) SOFR +4.75% 9.08% 12/8/2023 12/6/2029","1","396","Amount/ Units (1)","6,554"
"SRC042","220","12","Inc. ........... (4)(5)(7)(10) SOFR +4.75% 9.08% 12/8/2023 12/6/2029","2","435","Cost (3)","6,400"
"SRC042","220","12","Inc. ........... (4)(5)(7)(10) SOFR +4.75% 9.08% 12/8/2023 12/6/2029","3","468","Fair Value","6,535"
"SRC042","220","12","Inc. ........... (4)(5)(7)(10) SOFR +4.75% 9.08% 12/8/2023 12/6/2029","4","503","% of Net Assets","0.11"
"SRC042","220","13","LLC .......... (4)(10) SOFR +5.50% 9.86% 2/13/2024 2/13/2031","1","396","Amount/ Units (1)","23,162"
"SRC042","220","13","LLC .......... (4)(10) SOFR +5.50% 9.86% 2/13/2024 2/13/2031","2","435","Cost (3)","22,958"
"SRC042","220","13","LLC .......... (4)(10) SOFR +5.50% 9.86% 2/13/2024 2/13/2031","3","468","Fair Value","23,162"
"SRC042","220","13","LLC .......... (4)(10) SOFR +5.50% 9.86% 2/13/2024 2/13/2031","4","503","% of Net Assets","0.38"
"SRC042","220","14","LLC .......... (4)(5)(7)(10) SOFR +5.50% 9.86% 2/13/2024 2/13/2031","1","396","Amount/ Units (1)","1,684"
"SRC042","220","14","LLC .......... (4)(5)(7)(10) SOFR +5.50% 9.86% 2/13/2024 2/13/2031","2","435","Cost (3)","1,648"
"SRC042","220","14","LLC .......... (4)(5)(7)(10) SOFR +5.50% 9.86% 2/13/2024 2/13/2031","3","468","Fair Value","1,667"
"SRC042","220","14","LLC .......... (4)(5)(7)(10) SOFR +5.50% 9.86% 2/13/2024 2/13/2031","4","503","% of Net Assets","0.03"
"SRC042","220","15","LLC .......... (4)(5)(10) SOFR +5.50% 10.02% 2/13/2024 2/13/2031","1","396","Amount/ Units (1)","3,417"
"SRC042","220","15","LLC .......... (4)(5)(10) SOFR +5.50% 10.02% 2/13/2024 2/13/2031","2","435","Cost (3)","3,392"
"SRC042","220","15","LLC .......... (4)(5)(10) SOFR +5.50% 10.02% 2/13/2024 2/13/2031","3","468","Fair Value","3,381"
"SRC042","220","15","LLC .......... (4)(5)(10) SOFR +5.50% 10.02% 2/13/2024 2/13/2031","4","503","% of Net Assets","0.06"
"SRC042","220","16","Inc. ........... (4)(7)(9) SOFR +5.50% 9.96% 7/16/2021 7/16/2027","1","396","Amount/ Units (1)","249,504"
"SRC042","220","16","Inc. ........... (4)(7)(9) SOFR +5.50% 9.96% 7/16/2021 7/16/2027","2","435","Cost (3)","248,505"
"SRC042","220","16","Inc. ........... (4)(7)(9) SOFR +5.50% 9.96% 7/16/2021 7/16/2027","3","468","Fair Value","214,831"
"SRC042","220","16","Inc. ........... (4)(7)(9) SOFR +5.50% 9.96% 7/16/2021 7/16/2027","4","503","% of Net Assets","3.54"
"SRC042","220","17","Holdings, LLC .. (4)(5)(10) SOFR +5.75% 10.26% 8/31/2022 8/31/2029","1","396","Amount/ Units (1)","1,977"
"SRC042","220","17","Holdings, LLC .. (4)(5)(10) SOFR +5.75% 10.26% 8/31/2022 8/31/2029","2","435","Cost (3)","1,957"
"SRC042","220","17","Holdings, LLC .. (4)(5)(10) SOFR +5.75% 10.26% 8/31/2022 8/31/2029","3","468","Fair Value","1,977"
"SRC042","220","17","Holdings, LLC .. (4)(5)(10) SOFR +5.75% 10.26% 8/31/2022 8/31/2029","4","503","% of Net Assets","0.03"
"SRC042","220","18","Holdings, LLC .. (4)(5)(7)(10) SOFR +6.00% 10.52% 9/6/2023 8/31/2029","1","396","Amount/ Units (1)","78"
"SRC042","220","18","Holdings, LLC .. (4)(5)(7)(10) SOFR +6.00% 10.52% 9/6/2023 8/31/2029","2","435","Cost (3)","74"
"SRC042","220","18","Holdings, LLC .. (4)(5)(7)(10) SOFR +6.00% 10.52% 9/6/2023 8/31/2029","3","468","Fair Value","76"
"SRC042","220","18","Holdings, LLC .. (4)(5)(7)(10) SOFR +6.00% 10.52% 9/6/2023 8/31/2029","4","503","% of Net Assets","0.00"
"SRC042","220","19","LLC .......... (4)(10) SOFR +5.90% 10.81% 6/9/2023 12/23/2028","1","396","Amount/ Units (1)","10,748"
"SRC042","220","19","LLC .......... (4)(10) SOFR +5.90% 10.81% 6/9/2023 12/23/2028","2","435","Cost (3)","10,606"
"SRC042","220","19","LLC .......... (4)(10) SOFR +5.90% 10.81% 6/9/2023 12/23/2028","3","468","Fair Value","10,533"
"SRC042","220","19","LLC .......... (4)(10) SOFR +5.90% 10.81% 6/9/2023 12/23/2028","4","503","% of Net Assets","0.17"
"SRC042","220","20","LLC .......... (4)(5)(7)(10) SOFR+5.90% 10.81% 6/9/2023 12/23/2028","1","396","Amount/ Units (1)","1,562"
"SRC042","220","20","LLC .......... (4)(5)(7)(10) SOFR+5.90% 10.81% 6/9/2023 12/23/2028","2","435","Cost (3)","1,507"
"SRC042","220","20","LLC .......... (4)(5)(7)(10) SOFR+5.90% 10.81% 6/9/2023 12/23/2028","3","468","Fair Value","1,484"
"SRC042","220","20","LLC .......... (4)(5)(7)(10) SOFR+5.90% 10.81% 6/9/2023 12/23/2028","4","503","% of Net Assets","0.02"
"SRC042","220","21","Inc. ........... (4)(10) SOFR+6.00% 10.73% 6/1/2021 6/1/2028","1","396","Amount/ Units (1)","344,997"
"SRC042","220","21","Inc. ........... (4)(10) SOFR+6.00% 10.73% 6/1/2021 6/1/2028","2","435","Cost (3)","341,716"
"SRC042","220","21","Inc. ........... (4)(10) SOFR+6.00% 10.73% 6/1/2021 6/1/2028","3","468","Fair Value","332,060"
"SRC042","220","21","Inc. ........... (4)(10) SOFR+6.00% 10.73% 6/1/2021 6/1/2028","4","503","% of Net Assets","5.46"
"SRC042","220","22","Inc. ........... (4)(5)(11) SOFR+5.75% 10.60% 6/18/2021 6/18/2028","1","396","Amount/ Units (1)","11,858"
"SRC042","220","22","Inc. ........... (4)(5)(11) SOFR+5.75% 10.60% 6/18/2021 6/18/2028","2","435","Cost (3)","11,682"
"SRC042","220","22","Inc. ........... (4)(5)(11) SOFR+5.75% 10.60% 6/18/2021 6/18/2028","3","468","Fair Value","11,621"
"SRC042","220","22","Inc. ........... (4)(5)(11) SOFR+5.75% 10.60% 6/18/2021 6/18/2028","4","503","% of Net Assets","0.19"
"SRC042","220","23","Inc. ........... (4)(5)(7)(8) SOFR+4.00% 8.64% 6/18/2021 6/18/2026","1","396","Amount/ Units (1)","643"
"SRC042","220","23","Inc. ........... (4)(5)(7)(8) SOFR+4.00% 8.64% 6/18/2021 6/18/2026","2","435","Cost (3)","634"
"SRC042","220","23","Inc. ........... (4)(5)(7)(8) SOFR+4.00% 8.64% 6/18/2021 6/18/2026","3","468","Fair Value","643"
"SRC042","220","23","Inc. ........... (4)(5)(7)(8) SOFR+4.00% 8.64% 6/18/2021 6/18/2026","4","503","% of Net Assets","0.01"
"SRC042","220","24","Inc. ........... (4)(5)(11) SOFR+5.75% 10.66% 6/18/2021 6/18/2028","1","396","Amount/ Units (1)","103"
"SRC042","220","24","Inc. ........... (4)(5)(11) SOFR+5.75% 10.66% 6/18/2021 6/18/2028","2","435","Cost (3)","102"
"SRC042","220","24","Inc. ........... (4)(5)(11) SOFR+5.75% 10.66% 6/18/2021 6/18/2028","3","468","Fair Value","101"
"SRC042","220","24","Inc. ........... (4)(5)(11) SOFR+5.75% 10.66% 6/18/2021 6/18/2028","4","503","% of Net Assets","0.00"
"SRC042","220","25","Services, LLC ... (4)(10) SOFR+4.75% 9.08% 12/30/2021 1/2/2029","1","396","Amount/ Units (1)","2,699"
"SRC042","220","25","Services, LLC ... (4)(10) SOFR+4.75% 9.08% 12/30/2021 1/2/2029","2","435","Cost (3)","2,670"
"SRC042","220","25","Services, LLC ... (4)(10) SOFR+4.75% 9.08% 12/30/2021 1/2/2029","3","468","Fair Value","2,699"
"SRC042","220","25","Services, LLC ... (4)(10) SOFR+4.75% 9.08% 12/30/2021 1/2/2029","4","503","% of Net Assets","0.04"
"SRC042","221","1","Services, LLC ... (4)(5)(7)(10) SOFR+4.75% 9.08% 4/25/2024 1/2/2029 $","1","397","Amount/ Units (1)","74"
"SRC042","221","1","Services, LLC ... (4)(5)(7)(10) SOFR+4.75% 9.08% 4/25/2024 1/2/2029 $","2","439","Cost (3)","66"
"SRC042","221","1","Services, LLC ... (4)(5)(7)(10) SOFR+4.75% 9.08% 4/25/2024 1/2/2029 $","3","474","Fair Value","74"
"SRC042","221","1","Services, LLC ... (4)(5)(7)(10) SOFR+4.75% 9.08% 4/25/2024 1/2/2029 $","4","505","% of Net Assets","0.00%"
"SRC042","221","2","Partners, Inc. .... (4)(5)(6)(10) SOFR+5.75% 10.22% 3/16/2022 3/16/2028","1","397","Amount/ Units (1)","5,146"
"SRC042","221","2","Partners, Inc. .... (4)(5)(6)(10) SOFR+5.75% 10.22% 3/16/2022 3/16/2028","2","439","Cost (3)","5,094"
"SRC042","221","2","Partners, Inc. .... (4)(5)(6)(10) SOFR+5.75% 10.22% 3/16/2022 3/16/2028","3","474","Fair Value","4,837"
"SRC042","221","2","Partners, Inc. .... (4)(5)(6)(10) SOFR+5.75% 10.22% 3/16/2022 3/16/2028","4","505","% of Net Assets","0.08"
"SRC042","221","3","Partners, Inc. .... (4)(5)(6)(10) CA+5.75% 9.34% 3/16/2022 3/16/2028 CAD","1","397","Amount/ Units (1)","4,875"
"SRC042","221","3","Partners, Inc. .... (4)(5)(6)(10) CA+5.75% 9.34% 3/16/2022 3/16/2028 CAD","2","439","Cost (3)","3,784"
"SRC042","221","3","Partners, Inc. .... (4)(5)(6)(10) CA+5.75% 9.34% 3/16/2022 3/16/2028 CAD","3","474","Fair Value","3,188"
"SRC042","221","3","Partners, Inc. .... (4)(5)(6)(10) CA+5.75% 9.34% 3/16/2022 3/16/2028 CAD","4","505","% of Net Assets","0.05"
"SRC042","221","4","Partners, Inc. .... (4)(5)(6)(7)(10) CA+5.75% 9.05% 3/16/2022 9/16/2027 CAD","1","397","Amount/ Units (1)","104"
"SRC042","221","4","Partners, Inc. .... (4)(5)(6)(7)(10) CA+5.75% 9.05% 3/16/2022 9/16/2027 CAD","2","439","Cost (3)","59"
"SRC042","221","4","Partners, Inc. .... (4)(5)(6)(7)(10) CA+5.75% 9.05% 3/16/2022 9/16/2027 CAD","3","474","Fair Value","58"
"SRC042","221","4","Partners, Inc. .... (4)(5)(6)(7)(10) CA+5.75% 9.05% 3/16/2022 9/16/2027 CAD","4","505","% of Net Assets","0.00"
"SRC042","221","5","LLC .......... (4)(5)(11) SOFR+5.50% 10.18% 9/15/2022 9/15/2028","1","397","Amount/ Units (1)","4,025"
"SRC042","221","5","LLC .......... (4)(5)(11) SOFR+5.50% 10.18% 9/15/2022 9/15/2028","2","439","Cost (3)","3,950"
"SRC042","221","5","LLC .......... (4)(5)(11) SOFR+5.50% 10.18% 9/15/2022 9/15/2028","3","474","Fair Value","4,065"
"SRC042","221","5","LLC .......... (4)(5)(11) SOFR+5.50% 10.18% 9/15/2022 9/15/2028","4","505","% of Net Assets","0.07"
"SRC042","221","6","LLC .......... (4)(5)(11) SOFR+5.50% 10.16% 1/22/2024 9/15/2028","1","397","Amount/ Units (1)","446"
"SRC042","221","6","LLC .......... (4)(5)(11) SOFR+5.50% 10.16% 1/22/2024 9/15/2028","2","439","Cost (3)","443"
"SRC042","221","6","LLC .......... (4)(5)(11) SOFR+5.50% 10.16% 1/22/2024 9/15/2028","3","474","Fair Value","451"
"SRC042","221","6","LLC .......... (4)(5)(11) SOFR+5.50% 10.16% 1/22/2024 9/15/2028","4","505","% of Net Assets","0.01"
"SRC042","221","7","LLC .......... (4)(5)(11) SOFR+5.50% 10.16% 9/15/2022 9/15/2028","1","397","Amount/ Units (1)","867"
"SRC042","221","7","LLC .......... (4)(5)(11) SOFR+5.50% 10.16% 9/15/2022 9/15/2028","2","439","Cost (3)","851"
"SRC042","221","7","LLC .......... (4)(5)(11) SOFR+5.50% 10.16% 9/15/2022 9/15/2028","3","474","Fair Value","876"
"SRC042","221","7","LLC .......... (4)(5)(11) SOFR+5.50% 10.16% 9/15/2022 9/15/2028","4","505","% of Net Assets","0.01"
"SRC042","221","8","LLC .......... (4)(5)(7)(11) SOFR+5.50% 10.21% 3/7/2024 9/15/2028","1","397","Amount/ Units (1)","10,452"
"SRC042","221","8","LLC .......... (4)(5)(7)(11) SOFR+5.50% 10.21% 3/7/2024 9/15/2028","2","439","Cost (3)","9,989"
"SRC042","221","8","LLC .......... (4)(5)(7)(11) SOFR+5.50% 10.21% 3/7/2024 9/15/2028","3","474","Fair Value","10,913"
"SRC042","221","8","LLC .......... (4)(5)(7)(11) SOFR+5.50% 10.21% 3/7/2024 9/15/2028","4","505","% of Net Assets","0.18"
"SRC042","221","9","LLC .......... (4)(5)(10) SOFR+5.75% 10.40% 7/15/2022 7/15/2028","1","397","Amount/ Units (1)","1,084"
"SRC042","221","9","LLC .......... (4)(5)(10) SOFR+5.75% 10.40% 7/15/2022 7/15/2028","2","439","Cost (3)","1,071"
"SRC042","221","9","LLC .......... (4)(5)(10) SOFR+5.75% 10.40% 7/15/2022 7/15/2028","3","474","Fair Value","1,079"
"SRC042","221","9","LLC .......... (4)(5)(10) SOFR+5.75% 10.40% 7/15/2022 7/15/2028","4","505","% of Net Assets","0.02"
"SRC042","221","10","LLC .......... (4)(5)(10) SOFR+5.75% 10.33% 7/15/2022 7/15/2028","1","397","Amount/ Units (1)","1,487"
"SRC042","221","10","LLC .......... (4)(5)(10) SOFR+5.75% 10.33% 7/15/2022 7/15/2028","2","439","Cost (3)","1,472"
"SRC042","221","10","LLC .......... (4)(5)(10) SOFR+5.75% 10.33% 7/15/2022 7/15/2028","3","474","Fair Value","1,480"
"SRC042","221","10","LLC .......... (4)(5)(10) SOFR+5.75% 10.33% 7/15/2022 7/15/2028","4","505","% of Net Assets","0.02"
"SRC042","221","11","Healthcare LP ... (4)(5)(9) SOFR+5.25% 9.58% 6/16/2022 6/18/2029","1","397","Amount/ Units (1)","2,081"
"SRC042","221","11","Healthcare LP ... (4)(5)(9) SOFR+5.25% 9.58% 6/16/2022 6/18/2029","2","439","Cost (3)","2,081"
"SRC042","221","11","Healthcare LP ... (4)(5)(9) SOFR+5.25% 9.58% 6/16/2022 6/18/2029","3","474","Fair Value","2,081"
"SRC042","221","11","Healthcare LP ... (4)(5)(9) SOFR+5.25% 9.58% 6/16/2022 6/18/2029","4","505","% of Net Assets","0.03"
"SRC042","221","12","Healthcare LP ... (4)(5)(7)(9) SOFR+5.25% 9.58% 3/22/2024 6/18/2029","1","397","Amount/ Units (1)","19,672"
"SRC042","221","12","Healthcare LP ... (4)(5)(7)(9) SOFR+5.25% 9.58% 3/22/2024 6/18/2029","2","439","Cost (3)","19,373"
"SRC042","221","12","Healthcare LP ... (4)(5)(7)(9) SOFR+5.25% 9.58% 3/22/2024 6/18/2029","3","474","Fair Value","19,419"
"SRC042","221","12","Healthcare LP ... (4)(5)(7)(9) SOFR+5.25% 9.58% 3/22/2024 6/18/2029","4","505","% of Net Assets","0.32"
"SRC042","221","13","Holdco, LLC .... (4)(10) SOFR+5.25% 9.86% 11/18/2021 11/20/2028","1","397","Amount/ Units (1)","37,021"
"SRC042","221","13","Holdco, LLC .... (4)(10) SOFR+5.25% 9.86% 11/18/2021 11/20/2028","2","439","Cost (3)","36,669"
"SRC042","221","13","Holdco, LLC .... (4)(10) SOFR+5.25% 9.86% 11/18/2021 11/20/2028","3","474","Fair Value","37,021"
"SRC042","221","13","Holdco, LLC .... (4)(10) SOFR+5.25% 9.86% 11/18/2021 11/20/2028","4","505","% of Net Assets","0.61"
"SRC042","221","14","Holdco, LLC .... (4)(10) SOFR+5.25% 9.96% 11/18/2021 11/20/2028","1","397","Amount/ Units (1)","15,616"
"SRC042","221","14","Holdco, LLC .... (4)(10) SOFR+5.25% 9.96% 11/18/2021 11/20/2028","2","439","Cost (3)","15,518"
"SRC042","221","14","Holdco, LLC .... (4)(10) SOFR+5.25% 9.96% 11/18/2021 11/20/2028","3","474","Fair Value","15,616"
"SRC042","221","14","Holdco, LLC .... (4)(10) SOFR+5.25% 9.96% 11/18/2021 11/20/2028","4","505","% of Net Assets","0.26"
"SRC042","221","15","Holdco, LLC .... (4)(7)(10) SOFR+6.00% 10.80% 8/16/2023 11/20/2028","1","397","Amount/ Units (1)","27,633"
"SRC042","221","15","Holdco, LLC .... (4)(7)(10) SOFR+6.00% 10.80% 8/16/2023 11/20/2028","2","439","Cost (3)","27,152"
"SRC042","221","15","Holdco, LLC .... (4)(7)(10) SOFR+6.00% 10.80% 8/16/2023 11/20/2028","3","474","Fair Value","27,426"
"SRC042","221","15","Holdco, LLC .... (4)(7)(10) SOFR+6.00% 10.80% 8/16/2023 11/20/2028","4","505","% of Net Assets","0.45"
"SRC042","221","16","Holdco, LLC .... (4)(5)(10) SOFR+6.50% 11.19% 12/5/2022 11/20/2028","1","397","Amount/ Units (1)","83"
"SRC042","221","16","Holdco, LLC .... (4)(5)(10) SOFR+6.50% 11.19% 12/5/2022 11/20/2028","2","439","Cost (3)","83"
"SRC042","221","16","Holdco, LLC .... (4)(5)(10) SOFR+6.50% 11.19% 12/5/2022 11/20/2028","3","474","Fair Value","83"
"SRC042","221","16","Holdco, LLC .... (4)(5)(10) SOFR+6.50% 11.19% 12/5/2022 11/20/2028","4","505","% of Net Assets","0.00"
"SRC042","221","17","III Inc ......... (4)(5)(7)(10) SOFR+6.50% PIK) 8/2/2024 6/30/2029","1","397","Amount/ Units (1)","19,921"
"SRC042","221","17","III Inc ......... (4)(5)(7)(10) SOFR+6.50% PIK) 8/2/2024 6/30/2029","2","439","Cost (3)","19,921"
"SRC042","221","17","III Inc ......... (4)(5)(7)(10) SOFR+6.50% PIK) 8/2/2024 6/30/2029","3","474","Fair Value","19,921"
"SRC042","221","17","III Inc ......... (4)(5)(7)(10) SOFR+6.50% PIK) 8/2/2024 6/30/2029","4","505","% of Net Assets","0.33"
"SRC042","221","18","III Inc ......... (4)(5)(10)(17) 10.00% PIK 8/2/2024 6/30/2030","1","397","Amount/ Units (1)","16,144"
"SRC042","221","18","III Inc ......... (4)(5)(10)(17) 10.00% PIK 8/2/2024 6/30/2030","2","439","Cost (3)","6,354"
"SRC042","221","18","III Inc ......... (4)(5)(10)(17) 10.00% PIK 8/2/2024 6/30/2030","3","474","Fair Value","6,167"
"SRC042","221","18","III Inc ......... (4)(5)(10)(17) 10.00% PIK 8/2/2024 6/30/2030","4","505","% of Net Assets","0.10"
"SRC042","221","19","Caerus US 1, Inc. .. (4)(5)(6)(10) SOFR+5.00% 9.33% 5/25/2022 5/25/2029","1","397","Amount/ Units (1)","11,284"
"SRC042","221","19","Caerus US 1, Inc. .. (4)(5)(6)(10) SOFR+5.00% 9.33% 5/25/2022 5/25/2029","2","439","Cost (3)","11,142"
"SRC042","221","19","Caerus US 1, Inc. .. (4)(5)(6)(10) SOFR+5.00% 9.33% 5/25/2022 5/25/2029","3","474","Fair Value","11,284"
"SRC042","221","19","Caerus US 1, Inc. .. (4)(5)(6)(10) SOFR+5.00% 9.33% 5/25/2022 5/25/2029","4","505","% of Net Assets","0.19"
"SRC042","221","20","Caerus US 1, Inc. .. (4)(5)(6)(10) SOFR+5.00% 9.33% 10/28/2022 5/25/2029","1","397","Amount/ Units (1)","2,176"
"SRC042","221","20","Caerus US 1, Inc. .. (4)(5)(6)(10) SOFR+5.00% 9.33% 10/28/2022 5/25/2029","2","439","Cost (3)","2,147"
"SRC042","221","20","Caerus US 1, Inc. .. (4)(5)(6)(10) SOFR+5.00% 9.33% 10/28/2022 5/25/2029","3","474","Fair Value","2,176"
"SRC042","221","20","Caerus US 1, Inc. .. (4)(5)(6)(10) SOFR+5.00% 9.33% 10/28/2022 5/25/2029","4","505","% of Net Assets","0.04"
"SRC042","221","21","Caerus US 1, Inc. .. (4)(5)(6)(10) SOFR+5.00% 9.46% 10/28/2022 5/25/2029","1","397","Amount/ Units (1)","318"
"SRC042","221","21","Caerus US 1, Inc. .. (4)(5)(6)(10) SOFR+5.00% 9.46% 10/28/2022 5/25/2029","2","439","Cost (3)","314"
"SRC042","221","21","Caerus US 1, Inc. .. (4)(5)(6)(10) SOFR+5.00% 9.46% 10/28/2022 5/25/2029","3","474","Fair Value","318"
"SRC042","221","21","Caerus US 1, Inc. .. (4)(5)(6)(10) SOFR+5.00% 9.46% 10/28/2022 5/25/2029","4","505","% of Net Assets","0.01"
"SRC042","221","22","Caerus US 1, Inc. .. (4)(6)(8) SOFR+5.00% 9.33% 3/27/2024 5/25/2029","1","397","Amount/ Units (1)","49,714"
"SRC042","221","22","Caerus US 1, Inc. .. (4)(6)(8) SOFR+5.00% 9.33% 3/27/2024 5/25/2029","2","439","Cost (3)","49,714"
"SRC042","221","22","Caerus US 1, Inc. .. (4)(6)(8) SOFR+5.00% 9.33% 3/27/2024 5/25/2029","3","474","Fair Value","49,714"
"SRC042","221","22","Caerus US 1, Inc. .. (4)(6)(8) SOFR+5.00% 9.33% 3/27/2024 5/25/2029","4","505","% of Net Assets","0.82"
"SRC042","221","23","Caerus US 1, Inc. .. (4)(5)(6)(7)(12) SOFR+5.00% 9.34% 5/25/2022 5/25/2029","1","397","Amount/ Units (1)","97"
"SRC042","221","23","Caerus US 1, Inc. .. (4)(5)(6)(7)(12) SOFR+5.00% 9.34% 5/25/2022 5/25/2029","2","439","Cost (3)","80"
"SRC042","221","23","Caerus US 1, Inc. .. (4)(5)(6)(7)(12) SOFR+5.00% 9.34% 5/25/2022 5/25/2029","3","474","Fair Value","97"
"SRC042","221","23","Caerus US 1, Inc. .. (4)(5)(6)(7)(12) SOFR+5.00% 9.34% 5/25/2022 5/25/2029","4","505","% of Net Assets","0.00"
"SRC042","221","24","LLC .......... (4)(10) SOFR+4.75% 9.18% 7/2/2024 10/1/2029","1","397","Amount/ Units (1)","19,958"
"SRC042","221","24","LLC .......... (4)(10) SOFR+4.75% 9.18% 7/2/2024 10/1/2029","2","439","Cost (3)","19,617"
"SRC042","221","24","LLC .......... (4)(10) SOFR+4.75% 9.18% 7/2/2024 10/1/2029","3","474","Fair Value","19,958"
"SRC042","221","24","LLC .......... (4)(10) SOFR+4.75% 9.18% 7/2/2024 10/1/2029","4","505","% of Net Assets","0.33"
"SRC042","221","25","Inc ............ (4)(5)(7)(10) SOFR+5.25% 9.50% 4/2/2024 4/2/2031","1","397","Amount/ Units (1)","18,414"
"SRC042","221","25","Inc ............ (4)(5)(7)(10) SOFR+5.25% 9.50% 4/2/2024 4/2/2031","2","439","Cost (3)","18,083"
"SRC042","221","25","Inc ............ (4)(5)(7)(10) SOFR+5.25% 9.50% 4/2/2024 4/2/2031","3","474","Fair Value","18,360"
"SRC042","221","25","Inc ............ (4)(5)(7)(10) SOFR+5.25% 9.50% 4/2/2024 4/2/2031","4","505","% of Net Assets","0.30"
"SRC042","222","1","Holdings, Inc. ... (4)(7)(10) SOFR+5.00% 9.57% 8/30/2024 8/30/2031 $","1","392","Amount/ Units (1)","28,346"
"SRC042","222","1","Holdings, Inc. ... (4)(7)(10) SOFR+5.00% 9.57% 8/30/2024 8/30/2031 $","2","436","Cost (3)","28,053"
"SRC042","222","1","Holdings, Inc. ... (4)(7)(10) SOFR+5.00% 9.57% 8/30/2024 8/30/2031 $","3","472","Fair Value","28,322"
"SRC042","222","1","Holdings, Inc. ... (4)(7)(10) SOFR+5.00% 9.57% 8/30/2024 8/30/2031 $","4","505","% of Net Assets","0.47%"
"SRC042","222","2","Edifecs, Inc. ...... (4)(10) SOFR+5.00% 9.33% 9/10/2021 11/20/2028","1","392","Amount/ Units (1)","13,572"
"SRC042","222","2","Edifecs, Inc. ...... (4)(10) SOFR+5.00% 9.33% 9/10/2021 11/20/2028","2","436","Cost (3)","13,476"
"SRC042","222","2","Edifecs, Inc. ...... (4)(10) SOFR+5.00% 9.33% 9/10/2021 11/20/2028","3","472","Fair Value","13,572"
"SRC042","222","2","Edifecs, Inc. ...... (4)(10) SOFR+5.00% 9.33% 9/10/2021 11/20/2028","4","505","% of Net Assets","0.22"
"SRC042","222","3","Edifecs, Inc. ...... (4)(11) SOFR+5.00% 9.33% 9/21/2020 11/20/2028","1","392","Amount/ Units (1)","218,935"
"SRC042","222","3","Edifecs, Inc. ...... (4)(11) SOFR+5.00% 9.33% 9/21/2020 11/20/2028","2","436","Cost (3)","217,346"
"SRC042","222","3","Edifecs, Inc. ...... (4)(11) SOFR+5.00% 9.33% 9/21/2020 11/20/2028","3","472","Fair Value","218,935"
"SRC042","222","3","Edifecs, Inc. ...... (4)(11) SOFR+5.00% 9.33% 9/21/2020 11/20/2028","4","505","% of Net Assets","3.60"
"SRC042","222","4","LLC .......... (4)(7)(10) SOFR+6.00% 10.48% 10/29/2021 10/29/2027","1","392","Amount/ Units (1)","140"
"SRC042","222","4","LLC .......... (4)(7)(10) SOFR+6.00% 10.48% 10/29/2021 10/29/2027","2","436","Cost (3)","129"
"SRC042","222","4","LLC .......... (4)(7)(10) SOFR+6.00% 10.48% 10/29/2021 10/29/2027","3","472","Fair Value","134"
"SRC042","222","4","LLC .......... (4)(7)(10) SOFR+6.00% 10.48% 10/29/2021 10/29/2027","4","505","% of Net Assets","0.00"
"SRC042","222","5","LLC .......... (4)(7)(10) SOFR+6.00% 10.48% 10/29/2021 10/29/2028","1","392","Amount/ Units (1)","16,301"
"SRC042","222","5","LLC .......... (4)(7)(10) SOFR+6.00% 10.48% 10/29/2021 10/29/2028","2","436","Cost (3)","16,137"
"SRC042","222","5","LLC .......... (4)(7)(10) SOFR+6.00% 10.48% 10/29/2021 10/29/2028","3","472","Fair Value","16,220"
"SRC042","222","5","LLC .......... (4)(7)(10) SOFR+6.00% 10.48% 10/29/2021 10/29/2028","4","505","% of Net Assets","0.27"
"SRC042","222","6","LLC .......... (4)(10) SOFR+6.25% PIK) 11/8/2023 11/8/2029","1","392","Amount/ Units (1)","100,797"
"SRC042","222","6","LLC .......... (4)(10) SOFR+6.25% PIK) 11/8/2023 11/8/2029","2","436","Cost (3)","100,007"
"SRC042","222","6","LLC .......... (4)(10) SOFR+6.25% PIK) 11/8/2023 11/8/2029","3","472","Fair Value","100,797"
"SRC042","222","6","LLC .......... (4)(10) SOFR+6.25% PIK) 11/8/2023 11/8/2029","4","505","% of Net Assets","1.66"
"SRC042","222","7","LLC .......... (4)(5)(7)(10) SOFR+4.50% 9.13% 7/23/2024 7/23/2031","1","392","Amount/ Units (1)","61"
"SRC042","222","7","LLC .......... (4)(5)(7)(10) SOFR+4.50% 9.13% 7/23/2024 7/23/2031","2","436","Cost (3)","58"
"SRC042","222","7","LLC .......... (4)(5)(7)(10) SOFR+4.50% 9.13% 7/23/2024 7/23/2031","3","472","Fair Value","58"
"SRC042","222","7","LLC .......... (4)(5)(7)(10) SOFR+4.50% 9.13% 7/23/2024 7/23/2031","4","505","% of Net Assets","0.00"
"SRC042","222","8","LLC .......... (4)(5)(10) SOFR+4.50% 9.13% 7/23/2024 7/23/2031","1","392","Amount/ Units (1)","1,045"
"SRC042","222","8","LLC .......... (4)(5)(10) SOFR+4.50% 9.13% 7/23/2024 7/23/2031","2","436","Cost (3)","1,035"
"SRC042","222","8","LLC .......... (4)(5)(10) SOFR+4.50% 9.13% 7/23/2024 7/23/2031","3","472","Fair Value","1,039"
"SRC042","222","8","LLC .......... (4)(5)(10) SOFR+4.50% 9.13% 7/23/2024 7/23/2031","4","505","% of Net Assets","0.02"
"SRC042","222","9","Magic Bidco Inc ... (4)(10) SOFR+5.75% 10.08% 7/1/2024 7/1/2030","1","392","Amount/ Units (1)","20,110"
"SRC042","222","9","Magic Bidco Inc ... (4)(10) SOFR+5.75% 10.08% 7/1/2024 7/1/2030","2","436","Cost (3)","19,649"
"SRC042","222","9","Magic Bidco Inc ... (4)(10) SOFR+5.75% 10.08% 7/1/2024 7/1/2030","3","472","Fair Value","19,808"
"SRC042","222","9","Magic Bidco Inc ... (4)(10) SOFR+5.75% 10.08% 7/1/2024 7/1/2030","4","505","% of Net Assets","0.33"
"SRC042","222","10","Magic Bidco Inc ... (4)(5)(7)(10) SOFR+5.75% 10.08% 7/1/2024 7/1/2030","1","392","Amount/ Units (1)","2,626"
"SRC042","222","10","Magic Bidco Inc ... (4)(5)(7)(10) SOFR+5.75% 10.08% 7/1/2024 7/1/2030","2","436","Cost (3)","2,541"
"SRC042","222","10","Magic Bidco Inc ... (4)(5)(7)(10) SOFR+5.75% 10.08% 7/1/2024 7/1/2030","3","472","Fair Value","2,570"
"SRC042","222","10","Magic Bidco Inc ... (4)(5)(7)(10) SOFR+5.75% 10.08% 7/1/2024 7/1/2030","4","505","% of Net Assets","0.04"
"SRC042","222","11","Magic Bidco Inc ... (4)(5)(7)(10) SOFR+5.75% 10.08% 7/1/2024 7/1/2030","1","392","Amount/ Units (1)","840"
"SRC042","222","11","Magic Bidco Inc ... (4)(5)(7)(10) SOFR+5.75% 10.08% 7/1/2024 7/1/2030","2","436","Cost (3)","757"
"SRC042","222","11","Magic Bidco Inc ... (4)(5)(7)(10) SOFR+5.75% 10.08% 7/1/2024 7/1/2030","3","472","Fair Value","740"
"SRC042","222","11","Magic Bidco Inc ... (4)(5)(7)(10) SOFR+5.75% 10.08% 7/1/2024 7/1/2030","4","505","% of Net Assets","0.01"
"SRC042","222","12","Inc. ........... (4)(7)(10) SOFR+4.75% 9.08% 8/31/2023 8/31/2030","1","392","Amount/ Units (1)","6,947"
"SRC042","222","12","Inc. ........... (4)(7)(10) SOFR+4.75% 9.08% 8/31/2023 8/31/2030","2","436","Cost (3)","6,789"
"SRC042","222","12","Inc. ........... (4)(7)(10) SOFR+4.75% 9.08% 8/31/2023 8/31/2030","3","472","Fair Value","6,924"
"SRC042","222","12","Inc. ........... (4)(7)(10) SOFR+4.75% 9.08% 8/31/2023 8/31/2030","4","505","% of Net Assets","0.11"
"SRC042","222","13","Inc ............ (4)(7)(10) SOFR+5.20% PIK) 8/23/2024 8/23/2031","1","392","Amount/ Units (1)","32,819"
"SRC042","222","13","Inc ............ (4)(7)(10) SOFR+5.20% PIK) 8/23/2024 8/23/2031","2","436","Cost (3)","32,448"
"SRC042","222","13","Inc ............ (4)(7)(10) SOFR+5.20% PIK) 8/23/2024 8/23/2031","3","472","Fair Value","32,611"
"SRC042","222","13","Inc ............ (4)(7)(10) SOFR+5.20% PIK) 8/23/2024 8/23/2031","4","505","% of Net Assets","0.54"
"SRC042","222","14","Holdings, Inc. ... (4)(10) SOFR+6.09% 10.85% 3/1/2021 3/1/2028","1","392","Amount/ Units (1)","71,173"
"SRC042","222","14","Holdings, Inc. ... (4)(10) SOFR+6.09% 10.85% 3/1/2021 3/1/2028","2","436","Cost (3)","70,209"
"SRC042","222","14","Holdings, Inc. ... (4)(10) SOFR+6.09% 10.85% 3/1/2021 3/1/2028","3","472","Fair Value","71,173"
"SRC042","222","14","Holdings, Inc. ... (4)(10) SOFR+6.09% 10.85% 3/1/2021 3/1/2028","4","505","% of Net Assets","1.17"
"SRC042","222","15","Holdings, Inc. ... (4)(10) SOFR+6.09% 10.75% 3/1/2021 3/1/2028","1","392","Amount/ Units (1)","14,758"
"SRC042","222","15","Holdings, Inc. ... (4)(10) SOFR+6.09% 10.75% 3/1/2021 3/1/2028","2","436","Cost (3)","14,643"
"SRC042","222","15","Holdings, Inc. ... (4)(10) SOFR+6.09% 10.75% 3/1/2021 3/1/2028","3","472","Fair Value","14,758"
"SRC042","222","15","Holdings, Inc. ... (4)(10) SOFR+6.09% 10.75% 3/1/2021 3/1/2028","4","505","% of Net Assets","0.24"
"SRC042","222","16","Corp .......... (8) SOFR+3.00% 7.47% 11/20/2024 3/10/2028","1","392","Amount/ Units (1)","8,310"
"SRC042","222","16","Corp .......... (8) SOFR+3.00% 7.47% 11/20/2024 3/10/2028","2","436","Cost (3)","8,310"
"SRC042","222","16","Corp .......... (8) SOFR+3.00% 7.47% 11/20/2024 3/10/2028","3","472","Fair Value","8,360"
"SRC042","222","16","Corp .......... (8) SOFR+3.00% 7.47% 11/20/2024 3/10/2028","4","505","% of Net Assets","0.14"
"SRC042","222","17","Corp .......... (4)(5)(9) SOFR+5.75% 10.37% 4/1/2022 4/1/2028","1","392","Amount/ Units (1)","9,253"
"SRC042","222","17","Corp .......... (4)(5)(9) SOFR+5.75% 10.37% 4/1/2022 4/1/2028","2","436","Cost (3)","9,163"
"SRC042","222","17","Corp .......... (4)(5)(9) SOFR+5.75% 10.37% 4/1/2022 4/1/2028","3","472","Fair Value","9,253"
"SRC042","222","17","Corp .......... (4)(5)(9) SOFR+5.75% 10.37% 4/1/2022 4/1/2028","4","505","% of Net Assets","0.15"
"SRC042","222","18","Alera Group, Inc. .. (4)(10) SOFR+5.25% 9.61% 9/30/2021 10/2/2028","1","392","Amount/ Units (1)","3,628"
"SRC042","222","18","Alera Group, Inc. .. (4)(10) SOFR+5.25% 9.61% 9/30/2021 10/2/2028","2","436","Cost (3)","3,609"
"SRC042","222","18","Alera Group, Inc. .. (4)(10) SOFR+5.25% 9.61% 9/30/2021 10/2/2028","3","472","Fair Value","3,628"
"SRC042","222","18","Alera Group, Inc. .. (4)(10) SOFR+5.25% 9.61% 9/30/2021 10/2/2028","4","505","% of Net Assets","0.06"
"SRC042","222","19","Alera Group, Inc. .. (4)(5)(7)(11) SOFR+5.75% 10.09% 11/17/2023 10/2/2028","1","392","Amount/ Units (1)","1,218"
"SRC042","222","19","Alera Group, Inc. .. (4)(5)(7)(11) SOFR+5.75% 10.09% 11/17/2023 10/2/2028","2","436","Cost (3)","1,212"
"SRC042","222","19","Alera Group, Inc. .. (4)(5)(7)(11) SOFR+5.75% 10.09% 11/17/2023 10/2/2028","3","472","Fair Value","1,218"
"SRC042","222","19","Alera Group, Inc. .. (4)(5)(7)(11) SOFR+5.75% 10.09% 11/17/2023 10/2/2028","4","505","% of Net Assets","0.02"
"SRC042","222","20","LLC .......... (4)(5)(10) SOFR+5.00% 9.58% 6/17/2024 8/31/2029","1","392","Amount/ Units (1)","2,654"
"SRC042","222","20","LLC .......... (4)(5)(10) SOFR+5.00% 9.58% 6/17/2024 8/31/2029","2","436","Cost (3)","2,618"
"SRC042","222","20","LLC .......... (4)(5)(10) SOFR+5.00% 9.58% 6/17/2024 8/31/2029","3","472","Fair Value","2,654"
"SRC042","222","20","LLC .......... (4)(5)(10) SOFR+5.00% 9.58% 6/17/2024 8/31/2029","4","505","% of Net Assets","0.04"
"SRC042","222","21","LLC .......... (4)(5)(7)(13) SOFR+5.00% 9.70% 6/17/2024 8/31/2029","1","392","Amount/ Units (1)","359"
"SRC042","222","21","LLC .......... (4)(5)(7)(13) SOFR+5.00% 9.70% 6/17/2024 8/31/2029","2","436","Cost (3)","353"
"SRC042","222","21","LLC .......... (4)(5)(7)(13) SOFR+5.00% 9.70% 6/17/2024 8/31/2029","3","472","Fair Value","357"
"SRC042","222","21","LLC .......... (4)(5)(7)(13) SOFR+5.00% 9.70% 6/17/2024 8/31/2029","4","505","% of Net Assets","0.01"
"SRC042","222","22","Inc.) .......... (4)(5)(8)(17)(18) 0.00% 0.00% 9/11/2023 9/13/2038","1","392","Amount/ Units (1)","9,566"
"SRC042","222","22","Inc.) .......... (4)(5)(8)(17)(18) 0.00% 0.00% 9/11/2023 9/13/2038","2","436","Cost (3)","1,397"
"SRC042","222","22","Inc.) .......... (4)(5)(8)(17)(18) 0.00% 0.00% 9/11/2023 9/13/2038","3","472","Fair Value","0"
"SRC042","222","22","Inc.) .......... (4)(5)(8)(17)(18) 0.00% 0.00% 9/11/2023 9/13/2038","4","505","% of Net Assets","0.00"
"SRC042","222","23","Inc.) .......... (4)(5)(8)(17)(18) 10.00% PIK 9/11/2023 9/12/2033","1","392","Amount/ Units (1)","5,936"
"SRC042","222","23","Inc.) .......... (4)(5)(8)(17)(18) 10.00% PIK 9/11/2023 9/12/2033","2","436","Cost (3)","5,559"
"SRC042","222","23","Inc.) .......... (4)(5)(8)(17)(18) 10.00% PIK 9/11/2023 9/12/2033","3","472","Fair Value","1,381"
"SRC042","222","23","Inc.) .......... (4)(5)(8)(17)(18) 10.00% PIK 9/11/2023 9/12/2033","4","505","% of Net Assets","0.02"
"SRC042","222","24","Partners Corp. ... (4)(10) SOFR+5.25% 9.58% 10/29/2021 10/29/2030","1","392","Amount/ Units (1)","14,433"
"SRC042","222","24","Partners Corp. ... (4)(10) SOFR+5.25% 9.58% 10/29/2021 10/29/2030","2","436","Cost (3)","14,326"
"SRC042","222","24","Partners Corp. ... (4)(10) SOFR+5.25% 9.58% 10/29/2021 10/29/2030","3","472","Fair Value","14,433"
"SRC042","222","24","Partners Corp. ... (4)(10) SOFR+5.25% 9.58% 10/29/2021 10/29/2030","4","505","% of Net Assets","0.24"
"SRC042","223","1","Partners Corp. ... (4)(10) SOFR+5.25% 9.58% 10/29/2021 10/29/2030 $","1","398","Amount/ Units (1)","4,785"
"SRC042","223","1","Partners Corp. ... (4)(10) SOFR+5.25% 9.58% 10/29/2021 10/29/2030 $","2","436","Cost (3)","4,738"
"SRC042","223","1","Partners Corp. ... (4)(10) SOFR+5.25% 9.58% 10/29/2021 10/29/2030 $","3","472","Fair Value","4,785"
"SRC042","223","1","Partners Corp. ... (4)(10) SOFR+5.25% 9.58% 10/29/2021 10/29/2030 $","4","503","% of Net Assets","0.08%"
"SRC042","223","2","Partners Corp. ... (4)(10) SOFR+5.25% 9.58% 11/17/2023 10/29/2030","1","398","Amount/ Units (1)","6,892"
"SRC042","223","2","Partners Corp. ... (4)(10) SOFR+5.25% 9.58% 11/17/2023 10/29/2030","2","436","Cost (3)","6,777"
"SRC042","223","2","Partners Corp. ... (4)(10) SOFR+5.25% 9.58% 11/17/2023 10/29/2030","3","472","Fair Value","6,892"
"SRC042","223","2","Partners Corp. ... (4)(10) SOFR+5.25% 9.58% 11/17/2023 10/29/2030","4","503","% of Net Assets","0.11"
"SRC042","223","3","Partners Corp. ... (4)(5)(7)(10) SOFR+5.25% 9.58% 5/21/2024 10/29/2030","1","398","Amount/ Units (1)","2,337"
"SRC042","223","3","Partners Corp. ... (4)(5)(7)(10) SOFR+5.25% 9.58% 5/21/2024 10/29/2030","2","436","Cost (3)","2,269"
"SRC042","223","3","Partners Corp. ... (4)(5)(7)(10) SOFR+5.25% 9.58% 5/21/2024 10/29/2030","3","472","Fair Value","2,275"
"SRC042","223","3","Partners Corp. ... (4)(5)(7)(10) SOFR+5.25% 9.58% 5/21/2024 10/29/2030","4","503","% of Net Assets","0.04"
"SRC042","223","4","LLC .......... (4)(5)(10) SOFR+4.50% 8.83% 9/30/2021 9/29/2028","1","398","Amount/ Units (1)","14,788"
"SRC042","223","4","LLC .......... (4)(5)(10) SOFR+4.50% 8.83% 9/30/2021 9/29/2028","2","436","Cost (3)","14,698"
"SRC042","223","4","LLC .......... (4)(5)(10) SOFR+4.50% 8.83% 9/30/2021 9/29/2028","3","472","Fair Value","14,788"
"SRC042","223","4","LLC .......... (4)(5)(10) SOFR+4.50% 8.83% 9/30/2021 9/29/2028","4","503","% of Net Assets","0.24"
"SRC042","223","5","LLC .......... (4)(5)(7)(10) SOFR+4.50% 8.82% 9/30/2021 9/29/2028","1","398","Amount/ Units (1)","834"
"SRC042","223","5","LLC .......... (4)(5)(7)(10) SOFR+4.50% 8.82% 9/30/2021 9/29/2028","2","436","Cost (3)","755"
"SRC042","223","5","LLC .......... (4)(5)(7)(10) SOFR+4.50% 8.82% 9/30/2021 9/29/2028","3","472","Fair Value","834"
"SRC042","223","5","LLC .......... (4)(5)(7)(10) SOFR+4.50% 8.82% 9/30/2021 9/29/2028","4","503","% of Net Assets","0.01"
"SRC042","223","6","LLC .......... (4)(5)(7)(10) SOFR+4.50% 8.82% 2/7/2024 9/29/2028","1","398","Amount/ Units (1)","956"
"SRC042","223","6","LLC .......... (4)(5)(7)(10) SOFR+4.50% 8.82% 2/7/2024 9/29/2028","2","436","Cost (3)","742"
"SRC042","223","6","LLC .......... (4)(5)(7)(10) SOFR+4.50% 8.82% 2/7/2024 9/29/2028","3","472","Fair Value","691"
"SRC042","223","6","LLC .......... (4)(5)(7)(10) SOFR+4.50% 8.82% 2/7/2024 9/29/2028","4","503","% of Net Assets","0.01"
"SRC042","223","7","GmbH ......... (4)(6)(8) E+5.75% 8.80% 4/15/2024 4/23/2031 EUR","1","398","Amount/ Units (1)","30,620"
"SRC042","223","7","GmbH ......... (4)(6)(8) E+5.75% 8.80% 4/15/2024 4/23/2031 EUR","2","436","Cost (3)","31,883"
"SRC042","223","7","GmbH ......... (4)(6)(8) E+5.75% 8.80% 4/15/2024 4/23/2031 EUR","3","472","Fair Value","31,242"
"SRC042","223","7","GmbH ......... (4)(6)(8) E+5.75% 8.80% 4/15/2024 4/23/2031 EUR","4","503","% of Net Assets","0.51"
"SRC042","223","8","GmbH ......... (4)(6)(7)(8) E+5.75% 8.72% 4/15/2024 4/23/2031 EUR","1","398","Amount/ Units (1)","4,962"
"SRC042","223","8","GmbH ......... (4)(6)(7)(8) E+5.75% 8.72% 4/15/2024 4/23/2031 EUR","2","436","Cost (3)","5,114"
"SRC042","223","8","GmbH ......... (4)(6)(7)(8) E+5.75% 8.72% 4/15/2024 4/23/2031 EUR","3","472","Fair Value","4,946"
"SRC042","223","8","GmbH ......... (4)(6)(7)(8) E+5.75% 8.72% 4/15/2024 4/23/2031 EUR","4","503","% of Net Assets","0.08"
"SRC042","223","9","Agency, Inc. .... (4)(5)(6)(11) SOFR+4.50% 8.86% 7/3/2024 11/25/2028","1","398","Amount/ Units (1)","4,975"
"SRC042","223","9","Agency, Inc. .... (4)(5)(6)(11) SOFR+4.50% 8.86% 7/3/2024 11/25/2028","2","436","Cost (3)","4,971"
"SRC042","223","9","Agency, Inc. .... (4)(5)(6)(11) SOFR+4.50% 8.86% 7/3/2024 11/25/2028","3","472","Fair Value","4,975"
"SRC042","223","9","Agency, Inc. .... (4)(5)(6)(11) SOFR+4.50% 8.86% 7/3/2024 11/25/2028","4","503","% of Net Assets","0.08"
"SRC042","223","10","Inc. ........... (4)(7)(10) SOFR+5.25% 9.58% 4/16/2021 4/14/2028","1","398","Amount/ Units (1)","80,277"
"SRC042","223","10","Inc. ........... (4)(7)(10) SOFR+5.25% 9.58% 4/16/2021 4/14/2028","2","436","Cost (3)","79,335"
"SRC042","223","10","Inc. ........... (4)(7)(10) SOFR+5.25% 9.58% 4/16/2021 4/14/2028","3","472","Fair Value","80,232"
"SRC042","223","10","Inc. ........... (4)(7)(10) SOFR+5.25% 9.58% 4/16/2021 4/14/2028","4","503","% of Net Assets","1.32"
"SRC042","223","11","LLC .......... (4)(7)(10) SOFR+5.00% 9.51% 8/27/2024 8/25/2028","1","398","Amount/ Units (1)","152,575"
"SRC042","223","11","LLC .......... (4)(7)(10) SOFR+5.00% 9.51% 8/27/2024 8/25/2028","2","436","Cost (3)","151,623"
"SRC042","223","11","LLC .......... (4)(7)(10) SOFR+5.00% 9.51% 8/27/2024 8/25/2028","3","472","Fair Value","152,532"
"SRC042","223","11","LLC .......... (4)(7)(10) SOFR+5.00% 9.51% 8/27/2024 8/25/2028","4","503","% of Net Assets","2.51"
"SRC042","223","12","Ltd ........... (4)(5)(6)(7)(8) S+4.75% 9.52% 4/17/2024 4/18/2031 GBP","1","398","Amount/ Units (1)","5,204"
"SRC042","223","12","Ltd ........... (4)(5)(6)(7)(8) S+4.75% 9.52% 4/17/2024 4/18/2031 GBP","2","436","Cost (3)","6,432"
"SRC042","223","12","Ltd ........... (4)(5)(6)(7)(8) S+4.75% 9.52% 4/17/2024 4/18/2031 GBP","3","472","Fair Value","6,438"
"SRC042","223","12","Ltd ........... (4)(5)(6)(7)(8) S+4.75% 9.52% 4/17/2024 4/18/2031 GBP","4","503","% of Net Assets","0.11"
"SRC042","223","13","Ltd ........... (4)(5)(6)(8) E+4.75% 7.81% 4/17/2024 4/18/2031 EUR","1","398","Amount/ Units (1)","3,420"
"SRC042","223","13","Ltd ........... (4)(5)(6)(8) E+4.75% 7.81% 4/17/2024 4/18/2031 EUR","2","436","Cost (3)","3,631"
"SRC042","223","13","Ltd ........... (4)(5)(6)(8) E+4.75% 7.81% 4/17/2024 4/18/2031 EUR","3","472","Fair Value","3,507"
"SRC042","223","13","Ltd ........... (4)(5)(6)(8) E+4.75% 7.81% 4/17/2024 4/18/2031 EUR","4","503","% of Net Assets","0.06"
"SRC042","223","14","Ltd ........... (4)(5)(6)(8) E+4.75% 7.97% 4/17/2024 4/18/2031 EUR","1","398","Amount/ Units (1)","3,016"
"SRC042","223","14","Ltd ........... (4)(5)(6)(8) E+4.75% 7.97% 4/17/2024 4/18/2031 EUR","2","436","Cost (3)","3,107"
"SRC042","223","14","Ltd ........... (4)(5)(6)(8) E+4.75% 7.97% 4/17/2024 4/18/2031 EUR","3","472","Fair Value","3,093"
"SRC042","223","14","Ltd ........... (4)(5)(6)(8) E+4.75% 7.97% 4/17/2024 4/18/2031 EUR","4","503","% of Net Assets","0.05"
"SRC042","223","15","Services, LLC. .. (4)(5)(10) SOFR+5.00% 9.48% 10/14/2021 10/16/2028","1","398","Amount/ Units (1)","4,544"
"SRC042","223","15","Services, LLC. .. (4)(5)(10) SOFR+5.00% 9.48% 10/14/2021 10/16/2028","2","436","Cost (3)","4,509"
"SRC042","223","15","Services, LLC. .. (4)(5)(10) SOFR+5.00% 9.48% 10/14/2021 10/16/2028","3","472","Fair Value","4,544"
"SRC042","223","15","Services, LLC. .. (4)(5)(10) SOFR+5.00% 9.48% 10/14/2021 10/16/2028","4","503","% of Net Assets","0.07"
"SRC042","223","16","Services, LLC. .. (4)(5)(7)(10) SOFR+5.00% 9.33% 11/17/2023 10/16/2028","1","398","Amount/ Units (1)","3,028"
"SRC042","223","16","Services, LLC. .. (4)(5)(7)(10) SOFR+5.00% 9.33% 11/17/2023 10/16/2028","2","436","Cost (3)","2,995"
"SRC042","223","16","Services, LLC. .. (4)(5)(7)(10) SOFR+5.00% 9.33% 11/17/2023 10/16/2028","3","472","Fair Value","2,979"
"SRC042","223","16","Services, LLC. .. (4)(5)(7)(10) SOFR+5.00% 9.33% 11/17/2023 10/16/2028","4","503","% of Net Assets","0.05"
"SRC042","223","17","Services, LLC. .. (5)(7)(10) SOFR+5.00% 9.49% 10/14/2021 10/16/2028","1","398","Amount/ Units (1)","235"
"SRC042","223","17","Services, LLC. .. (5)(7)(10) SOFR+5.00% 9.49% 10/14/2021 10/16/2028","2","436","Cost (3)","229"
"SRC042","223","17","Services, LLC. .. (5)(7)(10) SOFR+5.00% 9.49% 10/14/2021 10/16/2028","3","472","Fair Value","225"
"SRC042","223","17","Services, LLC. .. (5)(7)(10) SOFR+5.00% 9.49% 10/14/2021 10/16/2028","4","503","% of Net Assets","0.00"
"SRC042","223","18","SelectQuote Inc. ... (4)(5)(6)(20) SOFR+9.50% PIK) 10/15/2024 9/30/2027","1","398","Amount/ Units (1)","62,027"
"SRC042","223","18","SelectQuote Inc. ... (4)(5)(6)(20) SOFR+9.50% PIK) 10/15/2024 9/30/2027","2","436","Cost (3)","61,948"
"SRC042","223","18","SelectQuote Inc. ... (4)(5)(6)(20) SOFR+9.50% PIK) 10/15/2024 9/30/2027","3","472","Fair Value","54,837"
"SRC042","223","18","SelectQuote Inc. ... (4)(5)(6)(20) SOFR+9.50% PIK) 10/15/2024 9/30/2027","4","503","% of Net Assets","0.90"
"SRC042","223","19","Inc. ........... (4)(7)(10) SOFR+4.75% 9.36% 4/3/2024 4/3/2030","1","398","Amount/ Units (1)","132,471"
"SRC042","223","19","Inc. ........... (4)(7)(10) SOFR+4.75% 9.36% 4/3/2024 4/3/2030","2","436","Cost (3)","131,358"
"SRC042","223","19","Inc. ........... (4)(7)(10) SOFR+4.75% 9.36% 4/3/2024 4/3/2030","3","472","Fair Value","132,471"
"SRC042","223","19","Inc. ........... (4)(7)(10) SOFR+4.75% 9.36% 4/3/2024 4/3/2030","4","503","% of Net Assets","2.18"
"SRC042","223","20","Shelf Bidco Ltd ... (4)(6)(10)(18) SOFR+5.18% 9.83% 10/17/2024 10/17/2031","1","398","Amount/ Units (1)","149,881"
"SRC042","223","20","Shelf Bidco Ltd ... (4)(6)(10)(18) SOFR+5.18% 9.83% 10/17/2024 10/17/2031","2","436","Cost (3)","149,153"
"SRC042","223","20","Shelf Bidco Ltd ... (4)(6)(10)(18) SOFR+5.18% 9.83% 10/17/2024 10/17/2031","3","472","Fair Value","149,131"
"SRC042","223","20","Shelf Bidco Ltd ... (4)(6)(10)(18) SOFR+5.18% 9.83% 10/17/2024 10/17/2031","4","503","% of Net Assets","2.45"
"SRC042","223","21","Holdings Inc .... (4)(5)(6)(7)(10) SOFR+ 5.00% 9.28% 12/31/2024 12/31/2031","1","398","Amount/ Units (1)","8,067"
"SRC042","223","21","Holdings Inc .... (4)(5)(6)(7)(10) SOFR+ 5.00% 9.28% 12/31/2024 12/31/2031","2","436","Cost (3)","7,965"
"SRC042","223","21","Holdings Inc .... (4)(5)(6)(7)(10) SOFR+ 5.00% 9.28% 12/31/2024 12/31/2031","3","472","Fair Value","7,965"
"SRC042","223","21","Holdings Inc .... (4)(5)(6)(7)(10) SOFR+ 5.00% 9.28% 12/31/2024 12/31/2031","4","503","% of Net Assets","0.13"
"SRC042","223","22","Ltd ........... (4)(5)(6)(7)(8) S+6.00% 10.70% 9/25/2024 9/25/2031 GBP","1","398","Amount/ Units (1)","14,385"
"SRC042","223","22","Ltd ........... (4)(5)(6)(7)(8) S+6.00% 10.70% 9/25/2024 9/25/2031 GBP","2","436","Cost (3)","18,926"
"SRC042","223","22","Ltd ........... (4)(5)(6)(7)(8) S+6.00% 10.70% 9/25/2024 9/25/2031 GBP","3","472","Fair Value","18,008"
"SRC042","223","22","Ltd ........... (4)(5)(6)(7)(8) S+6.00% 10.70% 9/25/2024 9/25/2031 GBP","4","503","% of Net Assets","0.30"
"SRC042","223","23","LLC .......... (4)(5)(6)(8) 7.80% 7.80% 10/11/2024 10/20/2039","1","398","Amount/ Units (1)","6,070"
"SRC042","223","23","LLC .......... (4)(5)(6)(8) 7.80% 7.80% 10/11/2024 10/20/2039","2","436","Cost (3)","6,023"
"SRC042","223","23","LLC .......... (4)(5)(6)(8) 7.80% 7.80% 10/11/2024 10/20/2039","3","472","Fair Value","6,031"
"SRC042","223","23","LLC .......... (4)(5)(6)(8) 7.80% 7.80% 10/11/2024 10/20/2039","4","503","% of Net Assets","0.10"
"SRC042","223","24","Limited ........ (4)(6)(8) SOFR+ 5.25% PIK) 7/1/2024 7/1/2031","1","398","Amount/ Units (1)","89,532"
"SRC042","223","24","Limited ........ (4)(6)(8) SOFR+ 5.25% PIK) 7/1/2024 7/1/2031","2","436","Cost (3)","87,684"
"SRC042","223","24","Limited ........ (4)(6)(8) SOFR+ 5.25% PIK) 7/1/2024 7/1/2031","3","472","Fair Value","88,637"
"SRC042","223","24","Limited ........ (4)(6)(8) SOFR+ 5.25% PIK) 7/1/2024 7/1/2031","4","503","% of Net Assets","1.46"
"SRC042","223","25","Limited ........ (4)(5)(6)(8) SOFR+ 5.25% PIK) 7/1/2024 7/1/2031","1","398","Amount/ Units (1)","5,690"
"SRC042","223","25","Limited ........ (4)(5)(6)(8) SOFR+ 5.25% PIK) 7/1/2024 7/1/2031","2","436","Cost (3)","5,662"
"SRC042","223","25","Limited ........ (4)(5)(6)(8) SOFR+ 5.25% PIK) 7/1/2024 7/1/2031","3","472","Fair Value","5,633"
"SRC042","223","25","Limited ........ (4)(5)(6)(8) SOFR+ 5.25% PIK) 7/1/2024 7/1/2031","4","503","% of Net Assets","0.09"
"SRC042","224","1","Limited ........ (4)(5)(6)(8) S+5.25% PIK) 7/1/2024 7/1/2031 GBP","1","399","Amount/ Units (1)","44,918"
"SRC042","224","1","Limited ........ (4)(5)(6)(8) S+5.25% PIK) 7/1/2024 7/1/2031 GBP","2","436","Cost (3)","60,599"
"SRC042","224","1","Limited ........ (4)(5)(6)(8) S+5.25% PIK) 7/1/2024 7/1/2031 GBP","3","472","Fair Value","55,671"
"SRC042","224","1","Limited ........ (4)(5)(6)(8) S+5.25% PIK) 7/1/2024 7/1/2031 GBP","4","505","% of Net Assets","0.92%"
"SRC042","224","2","Limited ........ (4)(5)(6)(7)(8) S+5.25% PIK) 7/1/2024 7/1/2031 GBP","1","399","Amount/ Units (1)","2,582"
"SRC042","224","2","Limited ........ (4)(5)(6)(7)(8) S+5.25% PIK) 7/1/2024 7/1/2031 GBP","2","436","Cost (3)","3,354"
"SRC042","224","2","Limited ........ (4)(5)(6)(7)(8) S+5.25% PIK) 7/1/2024 7/1/2031 GBP","3","472","Fair Value","2,971"
"SRC042","224","2","Limited ........ (4)(5)(6)(7)(8) S+5.25% PIK) 7/1/2024 7/1/2031 GBP","4","505","% of Net Assets","0.05"
"SRC042","224","3","Limited ........ (4)(5)(6)(8) E+5.25% PIK) 7/1/2024 7/1/2031 EUR","1","399","Amount/ Units (1)","1,878"
"SRC042","224","3","Limited ........ (4)(5)(6)(8) E+5.25% PIK) 7/1/2024 7/1/2031 EUR","2","436","Cost (3)","1,960"
"SRC042","224","3","Limited ........ (4)(5)(6)(8) E+5.25% PIK) 7/1/2024 7/1/2031 EUR","3","472","Fair Value","1,926"
"SRC042","224","3","Limited ........ (4)(5)(6)(8) E+5.25% PIK) 7/1/2024 7/1/2031 EUR","4","505","% of Net Assets","0.03"
"SRC042","224","4","Limited ........ (4)(5)(6)(8) E+5.25% PIK) 7/1/2024 7/1/2031 EUR","1","399","Amount/ Units (1)","1,674"
"SRC042","224","4","Limited ........ (4)(5)(6)(8) E+5.25% PIK) 7/1/2024 7/1/2031 EUR","2","436","Cost (3)","1,753"
"SRC042","224","4","Limited ........ (4)(5)(6)(8) E+5.25% PIK) 7/1/2024 7/1/2031 EUR","3","472","Fair Value","1,717"
"SRC042","224","4","Limited ........ (4)(5)(6)(8) E+5.25% PIK) 7/1/2024 7/1/2031 EUR","4","505","% of Net Assets","0.03"
"SRC042","224","5","LLC .......... (4)(5)(7)(10) SOFR+4.75% 9.11% 10/31/2024 10/31/2031 $","1","399","Amount/ Units (1)","11,749"
"SRC042","224","5","LLC .......... (4)(5)(7)(10) SOFR+4.75% 9.11% 10/31/2024 10/31/2031 $","2","436","Cost (3)","11,610"
"SRC042","224","5","LLC .......... (4)(5)(7)(10) SOFR+4.75% 9.11% 10/31/2024 10/31/2031 $","3","472","Fair Value","11,606"
"SRC042","224","5","LLC .......... (4)(5)(7)(10) SOFR+4.75% 9.11% 10/31/2024 10/31/2031 $","4","505","% of Net Assets","0.19"
"SRC042","224","6","LLC .......... (4)(11) SOFR+6.00% 10.33% 10/20/2023 4/3/2028","1","399","Amount/ Units (1)","37,826"
"SRC042","224","6","LLC .......... (4)(11) SOFR+6.00% 10.33% 10/20/2023 4/3/2028","2","436","Cost (3)","37,273"
"SRC042","224","6","LLC .......... (4)(11) SOFR+6.00% 10.33% 10/20/2023 4/3/2028","3","472","Fair Value","37,826"
"SRC042","224","6","LLC .......... (4)(11) SOFR+6.00% 10.33% 10/20/2023 4/3/2028","4","505","% of Net Assets","0.62"
"SRC042","224","7","LLC .......... (4)(7)(11) SOFR+5.75% 10.08% 10/20/2023 4/3/2028","1","399","Amount/ Units (1)","32,343"
"SRC042","224","7","LLC .......... (4)(7)(11) SOFR+5.75% 10.08% 10/20/2023 4/3/2028","2","436","Cost (3)","31,722"
"SRC042","224","7","LLC .......... (4)(7)(11) SOFR+5.75% 10.08% 10/20/2023 4/3/2028","3","472","Fair Value","32,343"
"SRC042","224","7","LLC .......... (4)(7)(11) SOFR+5.75% 10.08% 10/20/2023 4/3/2028","4","505","% of Net Assets","0.53"
"SRC042","224","8","Inc ............ (4)(5)(7)(11) SOFR+5.00% 9.72% 8/28/2024 10/30/2027","1","399","Amount/ Units (1)","1,462"
"SRC042","224","8","Inc ............ (4)(5)(7)(11) SOFR+5.00% 9.72% 8/28/2024 10/30/2027","2","436","Cost (3)","1,422"
"SRC042","224","8","Inc ............ (4)(5)(7)(11) SOFR+5.00% 9.72% 8/28/2024 10/30/2027","3","472","Fair Value","1,432"
"SRC042","224","8","Inc ............ (4)(5)(7)(11) SOFR+5.00% 9.72% 8/28/2024 10/30/2027","4","505","% of Net Assets","0.02"
"SRC042","224","9","Inc ............ (4)(5)(11) SOFR+5.00% 9.43% 8/28/2024 10/30/2027","1","399","Amount/ Units (1)","2,205"
"SRC042","224","9","Inc ............ (4)(5)(11) SOFR+5.00% 9.43% 8/28/2024 10/30/2027","2","436","Cost (3)","2,175"
"SRC042","224","9","Inc ............ (4)(5)(11) SOFR+5.00% 9.43% 8/28/2024 10/30/2027","3","472","Fair Value","2,183"
"SRC042","224","9","Inc ............ (4)(5)(11) SOFR+5.00% 9.43% 8/28/2024 10/30/2027","4","505","% of Net Assets","0.04"
"SRC042","224","10","Inc ............ (4)(5)(11) SOFR+5.00% 9.63% 8/28/2024 10/30/2027","1","399","Amount/ Units (1)","1,291"
"SRC042","224","10","Inc ............ (4)(5)(11) SOFR+5.00% 9.63% 8/28/2024 10/30/2027","2","436","Cost (3)","1,273"
"SRC042","224","10","Inc ............ (4)(5)(11) SOFR+5.00% 9.63% 8/28/2024 10/30/2027","3","472","Fair Value","1,278"
"SRC042","224","10","Inc ............ (4)(5)(11) SOFR+5.00% 9.63% 8/28/2024 10/30/2027","4","505","% of Net Assets","0.02"
"SRC042","224","11","Inc ............ (4)(5)(11) SOFR+5.00% 9.78% 8/28/2024 10/30/2027","1","399","Amount/ Units (1)","549"
"SRC042","224","11","Inc ............ (4)(5)(11) SOFR+5.00% 9.78% 8/28/2024 10/30/2027","2","436","Cost (3)","542"
"SRC042","224","11","Inc ............ (4)(5)(11) SOFR+5.00% 9.78% 8/28/2024 10/30/2027","3","472","Fair Value","544"
"SRC042","224","11","Inc ............ (4)(5)(11) SOFR+5.00% 9.78% 8/28/2024 10/30/2027","4","505","% of Net Assets","0.01"
"SRC042","224","12","Inc ............ (4)(5)(7)(11) SOFR+5.00% 9.61% 8/28/2024 10/30/2027","1","399","Amount/ Units (1)","793"
"SRC042","224","12","Inc ............ (4)(5)(7)(11) SOFR+5.00% 9.61% 8/28/2024 10/30/2027","2","436","Cost (3)","752"
"SRC042","224","12","Inc ............ (4)(5)(7)(11) SOFR+5.00% 9.61% 8/28/2024 10/30/2027","3","472","Fair Value","751"
"SRC042","224","12","Inc ............ (4)(5)(7)(11) SOFR+5.00% 9.61% 8/28/2024 10/30/2027","4","505","% of Net Assets","0.01"
"SRC042","224","13","Inc ............ (4)(5)(11) SOFR+5.00% 9.43% 8/28/2024 10/30/2027","1","399","Amount/ Units (1)","639"
"SRC042","224","13","Inc ............ (4)(5)(11) SOFR+5.00% 9.43% 8/28/2024 10/30/2027","2","436","Cost (3)","630"
"SRC042","224","13","Inc ............ (4)(5)(11) SOFR+5.00% 9.43% 8/28/2024 10/30/2027","3","472","Fair Value","632"
"SRC042","224","13","Inc ............ (4)(5)(11) SOFR+5.00% 9.43% 8/28/2024 10/30/2027","4","505","% of Net Assets","0.01"
"SRC042","224","14","Inc ............ (4)(5)(11) SOFR+5.00% 9.63% 8/28/2024 10/30/2027","1","399","Amount/ Units (1)","3,932"
"SRC042","224","14","Inc ............ (4)(5)(11) SOFR+5.00% 9.63% 8/28/2024 10/30/2027","2","436","Cost (3)","3,880"
"SRC042","224","14","Inc ............ (4)(5)(11) SOFR+5.00% 9.63% 8/28/2024 10/30/2027","3","472","Fair Value","3,893"
"SRC042","224","14","Inc ............ (4)(5)(11) SOFR+5.00% 9.63% 8/28/2024 10/30/2027","4","505","% of Net Assets","0.06"
"SRC042","224","15","GmbH ......... (4)(6)(7)(8) E+2.50% 5.66% 10/17/2024 12/10/2031 EUR","1","399","Amount/ Units (1)","11,009"
"SRC042","224","15","GmbH ......... (4)(6)(7)(8) E+2.50% 5.66% 10/17/2024 12/10/2031 EUR","2","436","Cost (3)","11,860"
"SRC042","224","15","GmbH ......... (4)(6)(7)(8) E+2.50% 5.66% 10/17/2024 12/10/2031 EUR","3","472","Fair Value","11,464"
"SRC042","224","15","GmbH ......... (4)(6)(7)(8) E+2.50% 5.66% 10/17/2024 12/10/2031 EUR","4","505","% of Net Assets","0.19"
"SRC042","224","16","GmbH ......... (6)(9) SOFR+3.50% 8.15% 10/17/2024 12/10/2031","1","399","Amount/ Units (1)","2,830"
"SRC042","224","16","GmbH ......... (6)(9) SOFR+3.50% 8.15% 10/17/2024 12/10/2031","2","436","Cost (3)","2,823"
"SRC042","224","16","GmbH ......... (6)(9) SOFR+3.50% 8.15% 10/17/2024 12/10/2031","3","472","Fair Value","2,841"
"SRC042","224","16","GmbH ......... (6)(9) SOFR+3.50% 8.15% 10/17/2024 12/10/2031","4","505","% of Net Assets","0.05"
"SRC042","224","17","Inc. ........... (4)(11) SOFR+5.25% 9.74% 12/29/2020 12/29/2027 315,8893","2","436","Cost (3)","13,1893"
"SRC042","224","17","Inc. ........... (4)(11) SOFR+5.25% 9.74% 12/29/2020 12/29/2027 315,8893","3","472","Fair Value","15,889"
"SRC042","224","17","Inc. ........... (4)(11) SOFR+5.25% 9.74% 12/29/2020 12/29/2027 315,8893","4","505","% of Net Assets","5.20"
"SRC042","224","18","S.à r.l. ......... (4)(5)(8) 9.75% PIK 12/13/2021 12/21/2029","1","399","Amount/ Units (1)","1,063"
"SRC042","224","18","S.à r.l. ......... (4)(5)(8) 9.75% PIK 12/13/2021 12/21/2029","2","436","Cost (3)","1,050"
"SRC042","224","18","S.à r.l. ......... (4)(5)(8) 9.75% PIK 12/13/2021 12/21/2029","3","472","Fair Value","1,058"
"SRC042","224","18","S.à r.l. ......... (4)(5)(8) 9.75% PIK 12/13/2021 12/21/2029","4","505","% of Net Assets","0.02"
"SRC042","224","19","Inc. ........... (4)(7)(10) SOFR+4.75% 9.03% 5/21/2024 12/21/2028","1","399","Amount/ Units (1)","7,531"
"SRC042","224","19","Inc. ........... (4)(7)(10) SOFR+4.75% 9.03% 5/21/2024 12/21/2028","2","436","Cost (3)","7,453"
"SRC042","224","19","Inc. ........... (4)(7)(10) SOFR+4.75% 9.03% 5/21/2024 12/21/2028","3","472","Fair Value","7,531"
"SRC042","224","19","Inc. ........... (4)(7)(10) SOFR+4.75% 9.03% 5/21/2024 12/21/2028","4","505","% of Net Assets","0.12"
"SRC042","225","1","LLC .......... (4)(5)(7)(11) SOFR+5.00% 9.59% 5/2/2023 5/2/2030 $","1","398","Amount/ Units (1)","1,580"
"SRC042","225","1","LLC .......... (4)(5)(7)(11) SOFR+5.00% 9.59% 5/2/2023 5/2/2030 $","2","436","Cost (3)","1,539"
"SRC042","225","1","LLC .......... (4)(5)(7)(11) SOFR+5.00% 9.59% 5/2/2023 5/2/2030 $","3","472","Fair Value","1,573"
"SRC042","225","1","LLC .......... (4)(5)(7)(11) SOFR+5.00% 9.59% 5/2/2023 5/2/2030 $","4","503","% of Net Assets","0.03%"
"SRC042","225","2","Fern Bidco Ltd .... (4)(5)(6)(8) S +5.25% 9.96% 7/1/2024 7/3/2031 GBP","1","398","Amount/ Units (1)","20,317"
"SRC042","225","2","Fern Bidco Ltd .... (4)(5)(6)(8) S +5.25% 9.96% 7/1/2024 7/3/2031 GBP","2","436","Cost (3)","25,207"
"SRC042","225","2","Fern Bidco Ltd .... (4)(5)(6)(8) S +5.25% 9.96% 7/1/2024 7/3/2031 GBP","3","472","Fair Value","25,117"
"SRC042","225","2","Fern Bidco Ltd .... (4)(5)(6)(8) S +5.25% 9.96% 7/1/2024 7/3/2031 GBP","4","503","% of Net Assets","0.41"
"SRC042","225","3","Fern Bidco Ltd .... (4)(5)(6)(7)(8) S +5.25% 9.96% 7/1/2024 7/3/2031 GBP","1","398","Amount/ Units (1)","2,222"
"SRC042","225","3","Fern Bidco Ltd .... (4)(5)(6)(7)(8) S +5.25% 9.96% 7/1/2024 7/3/2031 GBP","2","436","Cost (3)","2,665"
"SRC042","225","3","Fern Bidco Ltd .... (4)(5)(6)(7)(8) S +5.25% 9.96% 7/1/2024 7/3/2031 GBP","3","472","Fair Value","2,623"
"SRC042","225","3","Fern Bidco Ltd .... (4)(5)(6)(7)(8) S +5.25% 9.96% 7/1/2024 7/3/2031 GBP","4","503","% of Net Assets","0.04"
"SRC042","225","4","Corporation ..... (4)(5)(10) SOFR+5.75% 10.23% 4/1/2022 4/1/2028","1","398","Amount/ Units (1)","4,875"
"SRC042","225","4","Corporation ..... (4)(5)(10) SOFR+5.75% 10.23% 4/1/2022 4/1/2028","2","436","Cost (3)","4,822"
"SRC042","225","4","Corporation ..... (4)(5)(10) SOFR+5.75% 10.23% 4/1/2022 4/1/2028","3","472","Fair Value","4,534"
"SRC042","225","4","Corporation ..... (4)(5)(10) SOFR+5.75% 10.23% 4/1/2022 4/1/2028","4","503","% of Net Assets","0.07"
"SRC042","225","5","Inc. ........... (4)(10) SOFR+5.75% 10.63% 11/24/2021 11/24/2028","1","398","Amount/ Units (1)","112,337"
"SRC042","225","5","Inc. ........... (4)(10) SOFR+5.75% 10.63% 11/24/2021 11/24/2028","2","436","Cost (3)","110,897"
"SRC042","225","5","Inc. ........... (4)(10) SOFR+5.75% 10.63% 11/24/2021 11/24/2028","3","472","Fair Value","112,337"
"SRC042","225","5","Inc. ........... (4)(10) SOFR+5.75% 10.63% 11/24/2021 11/24/2028","4","503","% of Net Assets","1.85"
"SRC042","225","6","Inc. ........... (4)(10) SOFR+5.75% 10.67% 11/24/2021 11/24/2028","1","398","Amount/ Units (1)","8,155"
"SRC042","225","6","Inc. ........... (4)(10) SOFR+5.75% 10.67% 11/24/2021 11/24/2028","2","436","Cost (3)","8,041"
"SRC042","225","6","Inc. ........... (4)(10) SOFR+5.75% 10.67% 11/24/2021 11/24/2028","3","472","Fair Value","8,155"
"SRC042","225","6","Inc. ........... (4)(10) SOFR+5.75% 10.67% 11/24/2021 11/24/2028","4","503","% of Net Assets","0.13"
"SRC042","225","7","KEN Bidco Ltd .... (4)(5)(6)(10) S +6.00% PIK) 5/3/2024 8/3/2028 GBP","1","398","Amount/ Units (1)","9,339"
"SRC042","225","7","KEN Bidco Ltd .... (4)(5)(6)(10) S +6.00% PIK) 5/3/2024 8/3/2028 GBP","2","436","Cost (3)","11,428"
"SRC042","225","7","KEN Bidco Ltd .... (4)(5)(6)(10) S +6.00% PIK) 5/3/2024 8/3/2028 GBP","3","472","Fair Value","11,546"
"SRC042","225","7","KEN Bidco Ltd .... (4)(5)(6)(10) S +6.00% PIK) 5/3/2024 8/3/2028 GBP","4","503","% of Net Assets","0.19"
"SRC042","225","8","S.à r.l. ......... (4)(5)(6)(8) ST +6.00% 8.55% 9/28/2022 9/28/2029 SEK","1","398","Amount/ Units (1)","2,090"
"SRC042","225","8","S.à r.l. ......... (4)(5)(6)(8) ST +6.00% 8.55% 9/28/2022 9/28/2029 SEK","2","436","Cost (3)","185"
"SRC042","225","8","S.à r.l. ......... (4)(5)(6)(8) ST +6.00% 8.55% 9/28/2022 9/28/2029 SEK","3","472","Fair Value","189"
"SRC042","225","8","S.à r.l. ......... (4)(5)(6)(8) ST +6.00% 8.55% 9/28/2022 9/28/2029 SEK","4","503","% of Net Assets","0.00"
"SRC042","225","9","S.à r.l. ......... (4)(5)(6)(8) E +6.00% 8.72% 9/28/2022 9/28/2029 EUR","1","398","Amount/ Units (1)","952"
"SRC042","225","9","S.à r.l. ......... (4)(5)(6)(8) E +6.00% 8.72% 9/28/2022 9/28/2029 EUR","2","436","Cost (3)","913"
"SRC042","225","9","S.à r.l. ......... (4)(5)(6)(8) E +6.00% 8.72% 9/28/2022 9/28/2029 EUR","3","472","Fair Value","987"
"SRC042","225","9","S.à r.l. ......... (4)(5)(6)(8) E +6.00% 8.72% 9/28/2022 9/28/2029 EUR","4","503","% of Net Assets","0.02"
"SRC042","225","10","S.à r.l. ......... (4)(5)(6)(8) CI +6.00% 8.70% 9/28/2022 9/28/2029 DKK","1","398","Amount/ Units (1)","4,819"
"SRC042","225","10","S.à r.l. ......... (4)(5)(6)(8) CI +6.00% 8.70% 9/28/2022 9/28/2029 DKK","2","436","Cost (3)","623"
"SRC042","225","10","S.à r.l. ......... (4)(5)(6)(8) CI +6.00% 8.70% 9/28/2022 9/28/2029 DKK","3","472","Fair Value","669"
"SRC042","225","10","S.à r.l. ......... (4)(5)(6)(8) CI +6.00% 8.70% 9/28/2022 9/28/2029 DKK","4","503","% of Net Assets","0.01"
"SRC042","225","11","S.à r.l. ......... (4)(5)(6)(9) N +6.00% 10.70% 9/28/2022 9/28/2029 NOK","1","398","Amount/ Units (1)","5,149"
"SRC042","225","11","S.à r.l. ......... (4)(5)(6)(9) N +6.00% 10.70% 9/28/2022 9/28/2029 NOK","2","436","Cost (3)","465"
"SRC042","225","11","S.à r.l. ......... (4)(5)(6)(9) N +6.00% 10.70% 9/28/2022 9/28/2029 NOK","3","472","Fair Value","452"
"SRC042","225","11","S.à r.l. ......... (4)(5)(6)(9) N +6.00% 10.70% 9/28/2022 9/28/2029 NOK","4","503","% of Net Assets","0.01"
"SRC042","225","12","LLC .......... (4)(10) SOFR+5.25% 9.61% 3/25/2024 3/25/2031","1","398","Amount/ Units (1)","113,219"
"SRC042","225","12","LLC .......... (4)(10) SOFR+5.25% 9.61% 3/25/2024 3/25/2031","2","436","Cost (3)","112,316"
"SRC042","225","12","LLC .......... (4)(10) SOFR+5.25% 9.61% 3/25/2024 3/25/2031","3","472","Fair Value","112,936"
"SRC042","225","12","LLC .......... (4)(10) SOFR+5.25% 9.61% 3/25/2024 3/25/2031","4","503","% of Net Assets","1.86"
"SRC042","225","13","LLC .......... (4)(5)(7)(10) SOFR+5.25% 9.59% 3/25/2024 3/25/2030","1","398","Amount/ Units (1)","3,820"
"SRC042","225","13","LLC .......... (4)(5)(7)(10) SOFR+5.25% 9.59% 3/25/2024 3/25/2030","2","436","Cost (3)","3,625"
"SRC042","225","13","LLC .......... (4)(5)(7)(10) SOFR+5.25% 9.59% 3/25/2024 3/25/2030","3","472","Fair Value","3,698"
"SRC042","225","13","LLC .......... (4)(5)(7)(10) SOFR+5.25% 9.59% 3/25/2024 3/25/2030","4","503","% of Net Assets","0.06"
"SRC042","225","14","LLC .......... (4)(10) SOFR+5.75% 10.44% 10/25/2021 10/25/2027","1","398","Amount/ Units (1)","36,593"
"SRC042","225","14","LLC .......... (4)(10) SOFR+5.75% 10.44% 10/25/2021 10/25/2027","2","436","Cost (3)","36,250"
"SRC042","225","14","LLC .......... (4)(10) SOFR+5.75% 10.44% 10/25/2021 10/25/2027","3","472","Fair Value","36,593"
"SRC042","225","14","LLC .......... (4)(10) SOFR+5.75% 10.44% 10/25/2021 10/25/2027","4","503","% of Net Assets","0.60"
"SRC042","225","15","LLC .......... (4)(11) SOFR+6.00% 10.74% 5/26/2021 5/26/2027","1","398","Amount/ Units (1)","79,149"
"SRC042","225","15","LLC .......... (4)(11) SOFR+6.00% 10.74% 5/26/2021 5/26/2027","2","436","Cost (3)","78,596"
"SRC042","225","15","LLC .......... (4)(11) SOFR+6.00% 10.74% 5/26/2021 5/26/2027","3","472","Fair Value","75,588"
"SRC042","225","15","LLC .......... (4)(11) SOFR+6.00% 10.74% 5/26/2021 5/26/2027","4","503","% of Net Assets","1.24"
"SRC042","225","16","Group, LLC .... (4)(5)(10) SOFR+6.25% 10.68% 6/15/2022 6/15/2029","1","398","Amount/ Units (1)","4,641"
"SRC042","225","16","Group, LLC .... (4)(5)(10) SOFR+6.25% 10.68% 6/15/2022 6/15/2029","2","436","Cost (3)","4,566"
"SRC042","225","16","Group, LLC .... (4)(5)(10) SOFR+6.25% 10.68% 6/15/2022 6/15/2029","3","472","Fair Value","4,641"
"SRC042","225","16","Group, LLC .... (4)(5)(10) SOFR+6.25% 10.68% 6/15/2022 6/15/2029","4","503","% of Net Assets","0.08"
"SRC042","225","17","Group, LLC .... (4)(5)(7)(10) SOFR+5.75% 10.18% 2/5/2024 6/15/2029","1","398","Amount/ Units (1)","74,645"
"SRC042","225","17","Group, LLC .... (4)(5)(7)(10) SOFR+5.75% 10.18% 2/5/2024 6/15/2029","2","436","Cost (3)","73,466"
"SRC042","225","17","Group, LLC .... (4)(5)(7)(10) SOFR+5.75% 10.18% 2/5/2024 6/15/2029","3","472","Fair Value","73,918"
"SRC042","225","17","Group, LLC .... (4)(5)(7)(10) SOFR+5.75% 10.18% 2/5/2024 6/15/2029","4","503","% of Net Assets","1.22"
"SRC042","225","18","Inc. ........... (4)(5)(6)(8) SOFR+6.00% PIK) 10/14/2021 9/28/2028","1","398","Amount/ Units (1)","8,877"
"SRC042","225","18","Inc. ........... (4)(5)(6)(8) SOFR+6.00% PIK) 10/14/2021 9/28/2028","2","436","Cost (3)","8,666"
"SRC042","225","18","Inc. ........... (4)(5)(6)(8) SOFR+6.00% PIK) 10/14/2021 9/28/2028","3","472","Fair Value","8,766"
"SRC042","225","18","Inc. ........... (4)(5)(6)(8) SOFR+6.00% PIK) 10/14/2021 9/28/2028","4","503","% of Net Assets","0.14"
"SRC042","225","19","Inc. ........... (4)(5)(6)(7)(8) SOFR+6.00% PIK) 10/14/2021 10/16/2028","1","398","Amount/ Units (1)","4,418"
"SRC042","225","19","Inc. ........... (4)(5)(6)(7)(8) SOFR+6.00% PIK) 10/14/2021 10/16/2028","2","436","Cost (3)","4,352"
"SRC042","225","19","Inc. ........... (4)(5)(6)(7)(8) SOFR+6.00% PIK) 10/14/2021 10/16/2028","3","472","Fair Value","4,363"
"SRC042","225","19","Inc. ........... (4)(5)(6)(7)(8) SOFR+6.00% PIK) 10/14/2021 10/16/2028","4","503","% of Net Assets","0.07"
"SRC042","225","20","Inc. ........... (4)(5)(6)(8) E +6.00% PIK) 10/14/2021 9/28/2028 EUR","1","398","Amount/ Units (1)","11,445"
"SRC042","225","20","Inc. ........... (4)(5)(6)(8) E +6.00% PIK) 10/14/2021 9/28/2028 EUR","2","436","Cost (3)","13,002"
"SRC042","225","20","Inc. ........... (4)(5)(6)(8) E +6.00% PIK) 10/14/2021 9/28/2028 EUR","3","472","Fair Value","11,707"
"SRC042","225","20","Inc. ........... (4)(5)(6)(8) E +6.00% PIK) 10/14/2021 9/28/2028 EUR","4","503","% of Net Assets","0.19"
"SRC042","225","21","Inc. ........... (4)(5)(6)(8) E+6.00% PIK) 10/14/2021 8/3/2028 EUR","1","398","Amount/ Units (1)","4,381"
"SRC042","225","21","Inc. ........... (4)(5)(6)(8) E+6.00% PIK) 10/14/2021 8/3/2028 EUR","2","436","Cost (3)","4,945"
"SRC042","225","21","Inc. ........... (4)(5)(6)(8) E+6.00% PIK) 10/14/2021 8/3/2028 EUR","3","472","Fair Value","4,482"
"SRC042","225","21","Inc. ........... (4)(5)(6)(8) E+6.00% PIK) 10/14/2021 8/3/2028 EUR","4","503","% of Net Assets","0.07"
"SRC042","225","22","Inc. ........... (4)(6)(10) SOFR+6.00% PIK) 5/3/2024 8/3/2028","1","398","Amount/ Units (1)","20,891"
"SRC042","225","22","Inc. ........... (4)(6)(10) SOFR+6.00% PIK) 5/3/2024 8/3/2028","2","436","Cost (3)","20,364"
"SRC042","225","22","Inc. ........... (4)(6)(10) SOFR+6.00% PIK) 5/3/2024 8/3/2028","3","472","Fair Value","20,630"
"SRC042","225","22","Inc. ........... (4)(6)(10) SOFR+6.00% PIK) 5/3/2024 8/3/2028","4","503","% of Net Assets","0.34"
"SRC042","225","23","Inc. ........... (4)(5)(6)(7)(10) S +6.00% PIK) 5/3/2024 8/3/2028 GBP","1","398","Amount/ Units (1)","15,699"
"SRC042","225","23","Inc. ........... (4)(5)(6)(7)(10) S +6.00% PIK) 5/3/2024 8/3/2028 GBP","2","436","Cost (3)","22,561"
"SRC042","225","23","Inc. ........... (4)(5)(6)(7)(10) S +6.00% PIK) 5/3/2024 8/3/2028 GBP","3","472","Fair Value","19,408"
"SRC042","225","23","Inc. ........... (4)(5)(6)(7)(10) S +6.00% PIK) 5/3/2024 8/3/2028 GBP","4","503","% of Net Assets","0.32"
"SRC042","226","1","Creek Parent Inc. .. (4)(7)(10) SOFR+5.25% 9.63% 12/17/2024 12/18/2031 $","1","398","Amount/ Units (1)","68,799"
"SRC042","226","1","Creek Parent Inc. .. (4)(7)(10) SOFR+5.25% 9.63% 12/17/2024 12/18/2031 $","2","436","Cost (3)","67,429"
"SRC042","226","1","Creek Parent Inc. .. (4)(7)(10) SOFR+5.25% 9.63% 12/17/2024 12/18/2031 $","3","472","Fair Value","67,421"
"SRC042","226","1","Creek Parent Inc. .. (4)(7)(10) SOFR+5.25% 9.63% 12/17/2024 12/18/2031 $","4","503","% of Net Assets","1.11%"
"SRC042","226","2","Holdings, Inc. ... (4)(5)(7)(10) SOFR+5.00% 9.53% 11/6/2024 11/6/2031","1","398","Amount/ Units (1)","14,543"
"SRC042","226","2","Holdings, Inc. ... (4)(5)(7)(10) SOFR+5.00% 9.53% 11/6/2024 11/6/2031","2","436","Cost (3)","14,350"
"SRC042","226","2","Holdings, Inc. ... (4)(5)(7)(10) SOFR+5.00% 9.53% 11/6/2024 11/6/2031","3","472","Fair Value","14,252"
"SRC042","226","2","Holdings, Inc. ... (4)(5)(7)(10) SOFR+5.00% 9.53% 11/6/2024 11/6/2031","4","503","% of Net Assets","0.23"
"SRC042","226","3","Holdings, LLC .. (4)(5)(7)(11) SOFR+6.00% 10.74% 7/21/2021 7/21/2027","1","398","Amount/ Units (1)","1,918"
"SRC042","226","3","Holdings, LLC .. (4)(5)(7)(11) SOFR+6.00% 10.74% 7/21/2021 7/21/2027","2","436","Cost (3)","1,900"
"SRC042","226","3","Holdings, LLC .. (4)(5)(7)(11) SOFR+6.00% 10.74% 7/21/2021 7/21/2027","3","472","Fair Value","1,908"
"SRC042","226","3","Holdings, LLC .. (4)(5)(7)(11) SOFR+6.00% 10.74% 7/21/2021 7/21/2027","4","503","% of Net Assets","0.03"
"SRC042","226","4","Holdings, LLC .. (4)(5)(11) SOFR+6.25% 10.99% 8/30/2022 7/21/2027","1","398","Amount/ Units (1)","76"
"SRC042","226","4","Holdings, LLC .. (4)(5)(11) SOFR+6.25% 10.99% 8/30/2022 7/21/2027","2","436","Cost (3)","75"
"SRC042","226","4","Holdings, LLC .. (4)(5)(11) SOFR+6.25% 10.99% 8/30/2022 7/21/2027","3","472","Fair Value","76"
"SRC042","226","4","Holdings, LLC .. (4)(5)(11) SOFR+6.25% 10.99% 8/30/2022 7/21/2027","4","503","% of Net Assets","0.00"
"SRC042","226","5","Holdings, LLC .. (4)(5)(11) SOFR+6.50% 11.17% 12/20/2022 7/21/2027","1","398","Amount/ Units (1)","76"
"SRC042","226","5","Holdings, LLC .. (4)(5)(11) SOFR+6.50% 11.17% 12/20/2022 7/21/2027","2","436","Cost (3)","75"
"SRC042","226","5","Holdings, LLC .. (4)(5)(11) SOFR+6.50% 11.17% 12/20/2022 7/21/2027","3","472","Fair Value","76"
"SRC042","226","5","Holdings, LLC .. (4)(5)(11) SOFR+6.50% 11.17% 12/20/2022 7/21/2027","4","503","% of Net Assets","0.00"
"SRC042","226","6","Inc. ........... (4)(7)(10) SOFR+5.75% 10.36% 10/29/2021 10/29/2027","1","398","Amount/ Units (1)","25,479"
"SRC042","226","6","Inc. ........... (4)(7)(10) SOFR+5.75% 10.36% 10/29/2021 10/29/2027","2","436","Cost (3)","25,214"
"SRC042","226","6","Inc. ........... (4)(7)(10) SOFR+5.75% 10.36% 10/29/2021 10/29/2027","3","472","Fair Value","25,479"
"SRC042","226","6","Inc. ........... (4)(7)(10) SOFR+5.75% 10.36% 10/29/2021 10/29/2027","4","503","% of Net Assets","0.42"
"SRC042","226","7","Bidco AB ...... (4)(5)(6)(8) SOFR+6.00% 10.33% 3/20/2024 4/7/2031","1","398","Amount/ Units (1)","2,605"
"SRC042","226","7","Bidco AB ...... (4)(5)(6)(8) SOFR+6.00% 10.33% 3/20/2024 4/7/2031","2","436","Cost (3)","2,546"
"SRC042","226","7","Bidco AB ...... (4)(5)(6)(8) SOFR+6.00% 10.33% 3/20/2024 4/7/2031","3","472","Fair Value","2,605"
"SRC042","226","7","Bidco AB ...... (4)(5)(6)(8) SOFR+6.00% 10.33% 3/20/2024 4/7/2031","4","503","% of Net Assets","0.04"
"SRC042","226","8","Bidco AB ...... (4)(5)(6)(7)(8) E +6.00% 8.72% 3/20/2024 4/7/2031 EUR","1","398","Amount/ Units (1)","29,819"
"SRC042","226","8","Bidco AB ...... (4)(5)(6)(7)(8) E +6.00% 8.72% 3/20/2024 4/7/2031 EUR","2","436","Cost (3)","31,537"
"SRC042","226","8","Bidco AB ...... (4)(5)(6)(7)(8) E +6.00% 8.72% 3/20/2024 4/7/2031 EUR","3","472","Fair Value","30,803"
"SRC042","226","8","Bidco AB ...... (4)(5)(6)(7)(8) E +6.00% 8.72% 3/20/2024 4/7/2031 EUR","4","503","% of Net Assets","0.51"
"SRC042","226","9","Purchaser Inc ... (4)(10) SOFR+5.25% 9.76% 4/26/2024 4/26/2031","1","398","Amount/ Units (1)","50,912"
"SRC042","226","9","Purchaser Inc ... (4)(10) SOFR+5.25% 9.76% 4/26/2024 4/26/2031","2","436","Cost (3)","50,453"
"SRC042","226","9","Purchaser Inc ... (4)(10) SOFR+5.25% 9.76% 4/26/2024 4/26/2031","3","472","Fair Value","50,912"
"SRC042","226","9","Purchaser Inc ... (4)(10) SOFR+5.25% 9.76% 4/26/2024 4/26/2031","4","503","% of Net Assets","0.84"
"SRC042","226","10","Purchaser Inc ... (4)(5)(7)(10) SOFR+5.25% 9.81% 4/26/2024 4/26/2031","1","398","Amount/ Units (1)","2,103"
"SRC042","226","10","Purchaser Inc ... (4)(5)(7)(10) SOFR+5.25% 9.81% 4/26/2024 4/26/2031","2","436","Cost (3)","1,973"
"SRC042","226","10","Purchaser Inc ... (4)(5)(7)(10) SOFR+5.25% 9.81% 4/26/2024 4/26/2031","3","472","Fair Value","2,008"
"SRC042","226","10","Purchaser Inc ... (4)(5)(7)(10) SOFR+5.25% 9.81% 4/26/2024 4/26/2031","4","503","% of Net Assets","0.03"
"SRC042","226","11","Inc ............ (4)(6)(10) SOFR+5.25% 9.77% 8/30/2024 8/15/2028","1","398","Amount/ Units (1)","49,396"
"SRC042","226","11","Inc ............ (4)(6)(10) SOFR+5.25% 9.77% 8/30/2024 8/15/2028","2","436","Cost (3)","48,949"
"SRC042","226","11","Inc ............ (4)(6)(10) SOFR+5.25% 9.77% 8/30/2024 8/15/2028","3","472","Fair Value","49,396"
"SRC042","226","11","Inc ............ (4)(6)(10) SOFR+5.25% 9.77% 8/30/2024 8/15/2028","4","503","% of Net Assets","0.81"
"SRC042","226","12","Finance Inc. .... (4)(6)(10) SOFR+5.25% 9.77% 8/30/2024 8/15/2028","1","398","Amount/ Units (1)","26,870"
"SRC042","226","12","Finance Inc. .... (4)(6)(10) SOFR+5.25% 9.77% 8/30/2024 8/15/2028","2","436","Cost (3)","26,618"
"SRC042","226","12","Finance Inc. .... (4)(6)(10) SOFR+5.25% 9.77% 8/30/2024 8/15/2028","3","472","Fair Value","26,870"
"SRC042","226","12","Finance Inc. .... (4)(6)(10) SOFR+5.25% 9.77% 8/30/2024 8/15/2028","4","503","% of Net Assets","0.44"
"SRC042","226","13","LLC .......... (4)(10) SOFR+5.75% 10.29% 11/12/2021 11/12/2027","1","398","Amount/ Units (1)","7,217"
"SRC042","226","13","LLC .......... (4)(10) SOFR+5.75% 10.29% 11/12/2021 11/12/2027","2","436","Cost (3)","7,161"
"SRC042","226","13","LLC .......... (4)(10) SOFR+5.75% 10.29% 11/12/2021 11/12/2027","3","472","Fair Value","7,001"
"SRC042","226","13","LLC .......... (4)(10) SOFR+5.75% 10.29% 11/12/2021 11/12/2027","4","503","% of Net Assets","0.12"
"SRC042","226","14","LLC .......... (4)(5)(7)(10) P+4.50% 12.50% 11/12/2021 11/12/2027","1","398","Amount/ Units (1)","104"
"SRC042","226","14","LLC .......... (4)(5)(7)(10) P+4.50% 12.50% 11/12/2021 11/12/2027","2","436","Cost (3)","99"
"SRC042","226","14","LLC .......... (4)(5)(7)(10) P+4.50% 12.50% 11/12/2021 11/12/2027","3","472","Fair Value","88"
"SRC042","226","14","LLC .......... (4)(5)(7)(10) P+4.50% 12.50% 11/12/2021 11/12/2027","4","503","% of Net Assets","0.00"
"SRC042","226","15","LLC .......... (4)(5)(7)(10) P+4.50% 12.00% 11/12/2021 11/12/2027","1","398","Amount/ Units (1)","20"
"SRC042","226","15","LLC .......... (4)(5)(7)(10) P+4.50% 12.00% 11/12/2021 11/12/2027","2","436","Cost (3)","20"
"SRC042","226","15","LLC .......... (4)(5)(7)(10) P+4.50% 12.00% 11/12/2021 11/12/2027","3","472","Fair Value","9"
"SRC042","226","15","LLC .......... (4)(5)(7)(10) P+4.50% 12.00% 11/12/2021 11/12/2027","4","503","% of Net Assets","0.00"
"SRC042","226","16","Holdings Ltd .... (4)(5)(6)(7)(8) E+6.25% 9.89% 1/23/2024 1/24/2031 EUR","1","398","Amount/ Units (1)","1,028"
"SRC042","226","16","Holdings Ltd .... (4)(5)(6)(7)(8) E+6.25% 9.89% 1/23/2024 1/24/2031 EUR","2","436","Cost (3)","1,127"
"SRC042","226","16","Holdings Ltd .... (4)(5)(6)(7)(8) E+6.25% 9.89% 1/23/2024 1/24/2031 EUR","3","472","Fair Value","1,062"
"SRC042","226","16","Holdings Ltd .... (4)(5)(6)(7)(8) E+6.25% 9.89% 1/23/2024 1/24/2031 EUR","4","503","% of Net Assets","0.02"
"SRC042","226","17","Holdings Ltd .... (4)(5)(6)(7)(10) SOFR+6.25% 11.39% 1/23/2024 1/24/2031","1","398","Amount/ Units (1)","1,035"
"SRC042","226","17","Holdings Ltd .... (4)(5)(6)(7)(10) SOFR+6.25% 11.39% 1/23/2024 1/24/2031","2","436","Cost (3)","1,010"
"SRC042","226","17","Holdings Ltd .... (4)(5)(6)(7)(10) SOFR+6.25% 11.39% 1/23/2024 1/24/2031","3","472","Fair Value","1,032"
"SRC042","226","17","Holdings Ltd .... (4)(5)(6)(7)(10) SOFR+6.25% 11.39% 1/23/2024 1/24/2031","4","503","% of Net Assets","0.02"
"SRC042","226","18","S.p.A.) ........ (4)(5)(6)(7)(8) E+5.50% 9.36% 10/11/2022 10/27/2028 EUR","1","398","Amount/ Units (1)","1,758"
"SRC042","226","18","S.p.A.) ........ (4)(5)(6)(7)(8) E+5.50% 9.36% 10/11/2022 10/27/2028 EUR","2","436","Cost (3)","1,020"
"SRC042","226","18","S.p.A.) ........ (4)(5)(6)(7)(8) E+5.50% 9.36% 10/11/2022 10/27/2028 EUR","3","472","Fair Value","1,808"
"SRC042","226","18","S.p.A.) ........ (4)(5)(6)(7)(8) E+5.50% 9.36% 10/11/2022 10/27/2028 EUR","4","503","% of Net Assets","0.03"
"SRC042","226","19","Ltd ........... (4)(6)(7)(10) SOFR+6.25% 10.53% 11/2/2023 11/18/2030","1","398","Amount/ Units (1)","20,388"
"SRC042","226","19","Ltd ........... (4)(6)(7)(10) SOFR+6.25% 10.53% 11/2/2023 11/18/2030","2","436","Cost (3)","23,751"
"SRC042","226","19","Ltd ........... (4)(6)(7)(10) SOFR+6.25% 10.53% 11/2/2023 11/18/2030","3","472","Fair Value","19,787"
"SRC042","226","19","Ltd ........... (4)(6)(7)(10) SOFR+6.25% 10.53% 11/2/2023 11/18/2030","4","503","% of Net Assets","0.33"
"SRC042","226","20","Pte Ltd ........ (4)(5)(6)(7)(10) BB+4.75% 9.46% 11/15/2024 11/15/2031 AUD","1","398","Amount/ Units (1)","1,000"
"SRC042","226","20","Pte Ltd ........ (4)(5)(6)(7)(10) BB+4.75% 9.46% 11/15/2024 11/15/2031 AUD","2","436","Cost (3)","636"
"SRC042","226","20","Pte Ltd ........ (4)(5)(6)(7)(10) BB+4.75% 9.46% 11/15/2024 11/15/2031 AUD","3","472","Fair Value","612"
"SRC042","226","20","Pte Ltd ........ (4)(5)(6)(7)(10) BB+4.75% 9.46% 11/15/2024 11/15/2031 AUD","4","503","% of Net Assets","0.01"
"SRC042","227","1","ALKU, LLC ...... (4)(5)(10) SOFR+6.25% 10.50% 5/23/2023 5/23/2029 $","1","398","Amount/ Units (1)","790"
"SRC042","227","1","ALKU, LLC ...... (4)(5)(10) SOFR+6.25% 10.50% 5/23/2023 5/23/2029 $","2","436","Cost (3)","776"
"SRC042","227","1","ALKU, LLC ...... (4)(5)(10) SOFR+6.25% 10.50% 5/23/2023 5/23/2029 $","3","472","Fair Value","790"
"SRC042","227","1","ALKU, LLC ...... (4)(5)(10) SOFR+6.25% 10.50% 5/23/2023 5/23/2029 $","4","503","% of Net Assets","0.01%"
"SRC042","227","2","ALKU, LLC ...... (4)(10) SOFR+5.50% 9.75% 2/21/2024 5/23/2029","1","398","Amount/ Units (1)","26,462"
"SRC042","227","2","ALKU, LLC ...... (4)(10) SOFR+5.50% 9.75% 2/21/2024 5/23/2029","2","436","Cost (3)","26,020"
"SRC042","227","2","ALKU, LLC ...... (4)(10) SOFR+5.50% 9.75% 2/21/2024 5/23/2029","3","472","Fair Value","26,330"
"SRC042","227","2","ALKU, LLC ...... (4)(10) SOFR+5.50% 9.75% 2/21/2024 5/23/2029","4","503","% of Net Assets","0.43"
"SRC042","227","3","LLC .......... (4)(5)(11) SOFR+5.25% 9.76% 8/28/2024 1/31/2028","1","398","Amount/ Units (1)","10,951"
"SRC042","227","3","LLC .......... (4)(5)(11) SOFR+5.25% 9.76% 8/28/2024 1/31/2028","2","436","Cost (3)","10,800"
"SRC042","227","3","LLC .......... (4)(5)(11) SOFR+5.25% 9.76% 8/28/2024 1/31/2028","3","472","Fair Value","10,869"
"SRC042","227","3","LLC .......... (4)(5)(11) SOFR+5.25% 9.76% 8/28/2024 1/31/2028","4","503","% of Net Assets","0.18"
"SRC042","227","4","LLC .......... (4)(5)(11) SOFR+5.25% 9.84% 1/31/2023 1/31/2028","1","398","Amount/ Units (1)","1,971"
"SRC042","227","4","LLC .......... (4)(5)(11) SOFR+5.25% 9.84% 1/31/2023 1/31/2028","2","436","Cost (3)","1,941"
"SRC042","227","4","LLC .......... (4)(5)(11) SOFR+5.25% 9.84% 1/31/2023 1/31/2028","3","472","Fair Value","1,957"
"SRC042","227","4","LLC .......... (4)(5)(11) SOFR+5.25% 9.84% 1/31/2023 1/31/2028","4","503","% of Net Assets","0.03"
"SRC042","227","5","LLC .......... (4)(5)(7)(11) SOFR+5.25% 9.76% 8/28/2024 1/31/2028","1","398","Amount/ Units (1)","2,793"
"SRC042","227","5","LLC .......... (4)(5)(7)(11) SOFR+5.25% 9.76% 8/28/2024 1/31/2028","2","436","Cost (3)","2,724"
"SRC042","227","5","LLC .......... (4)(5)(7)(11) SOFR+5.25% 9.76% 8/28/2024 1/31/2028","3","472","Fair Value","2,731"
"SRC042","227","5","LLC .......... (4)(5)(7)(11) SOFR+5.25% 9.76% 8/28/2024 1/31/2028","4","503","% of Net Assets","0.04"
"SRC042","227","6","Ltd. ........... (4)(6)(7)(8) SOFR+5.00% 9.33% 9/27/2024 9/30/2031","1","398","Amount/ Units (1)","57,154"
"SRC042","227","6","Ltd. ........... (4)(6)(7)(8) SOFR+5.00% 9.33% 9/27/2024 9/30/2031","2","436","Cost (3)","56,053"
"SRC042","227","6","Ltd. ........... (4)(6)(7)(8) SOFR+5.00% 9.33% 9/27/2024 9/30/2031","3","472","Fair Value","56,154"
"SRC042","227","6","Ltd. ........... (4)(6)(7)(8) SOFR+5.00% 9.33% 9/27/2024 9/30/2031","4","503","% of Net Assets","0.92"
"SRC042","227","7","LP ............ (4)(7)(10) SOFR+4.75% 9.11% 6/3/2024 6/3/2031","1","398","Amount/ Units (1)","46,611"
"SRC042","227","7","LP ............ (4)(7)(10) SOFR+4.75% 9.11% 6/3/2024 6/3/2031","2","436","Cost (3)","45,788"
"SRC042","227","7","LP ............ (4)(7)(10) SOFR+4.75% 9.11% 6/3/2024 6/3/2031","3","472","Fair Value","46,559"
"SRC042","227","7","LP ............ (4)(7)(10) SOFR+4.75% 9.11% 6/3/2024 6/3/2031","4","503","% of Net Assets","0.77"
"SRC042","227","8","LLC .......... (4)(7)(10) SOFR+4.50% 8.86% 11/2/2021 11/2/2027","1","398","Amount/ Units (1)","6,887"
"SRC042","227","8","LLC .......... (4)(7)(10) SOFR+4.50% 8.86% 11/2/2021 11/2/2027","2","436","Cost (3)","6,812"
"SRC042","227","8","LLC .......... (4)(7)(10) SOFR+4.50% 8.86% 11/2/2021 11/2/2027","3","472","Fair Value","6,866"
"SRC042","227","8","LLC .......... (4)(7)(10) SOFR+4.50% 8.86% 11/2/2021 11/2/2027","4","503","% of Net Assets","0.11"
"SRC042","227","9","Corp .......... (4)(7)(11) SOFR+5.75% 10.18% 12/8/2021 12/8/2028","1","398","Amount/ Units (1)","8,400"
"SRC042","227","9","Corp .......... (4)(7)(11) SOFR+5.75% 10.18% 12/8/2021 12/8/2028","2","436","Cost (3)","8,295"
"SRC042","227","9","Corp .......... (4)(7)(11) SOFR+5.75% 10.18% 12/8/2021 12/8/2028","3","472","Fair Value","8,252"
"SRC042","227","9","Corp .......... (4)(7)(11) SOFR+5.75% 10.18% 12/8/2021 12/8/2028","4","503","% of Net Assets","0.14"
"SRC042","227","10","Inc. ........... (4)(5)(7)(10) SOFR+5.35% 9.68% 8/26/2021 8/26/2027","1","398","Amount/ Units (1)","7,276"
"SRC042","227","10","Inc. ........... (4)(5)(7)(10) SOFR+5.35% 9.68% 8/26/2021 8/26/2027","2","436","Cost (3)","7,204"
"SRC042","227","10","Inc. ........... (4)(5)(7)(10) SOFR+5.35% 9.68% 8/26/2021 8/26/2027","3","472","Fair Value","7,276"
"SRC042","227","10","Inc. ........... (4)(5)(7)(10) SOFR+5.35% 9.68% 8/26/2021 8/26/2027","4","503","% of Net Assets","0.12"
"SRC042","227","11","Holdings Inc .... (4)(5)(10) SOFR+5.00% 9.36% 8/27/2024 8/27/2031","1","398","Amount/ Units (1)","11,469"
"SRC042","227","11","Holdings Inc .... (4)(5)(10) SOFR+5.00% 9.36% 8/27/2024 8/27/2031","2","436","Cost (3)","11,360"
"SRC042","227","11","Holdings Inc .... (4)(5)(10) SOFR+5.00% 9.36% 8/27/2024 8/27/2031","3","472","Fair Value","11,412"
"SRC042","227","11","Holdings Inc .... (4)(5)(10) SOFR+5.00% 9.36% 8/27/2024 8/27/2031","4","503","% of Net Assets","0.19"
"SRC042","227","12","Holdings Inc .... (4)(5)(7)(10) SOFR+5.00% 9.36% 8/27/2024 8/27/2031","1","398","Amount/ Units (1)","860"
"SRC042","227","12","Holdings Inc .... (4)(5)(7)(10) SOFR+5.00% 9.36% 8/27/2024 8/27/2031","2","436","Cost (3)","828"
"SRC042","227","12","Holdings Inc .... (4)(5)(7)(10) SOFR+5.00% 9.36% 8/27/2024 8/27/2031","3","472","Fair Value","836"
"SRC042","227","12","Holdings Inc .... (4)(5)(7)(10) SOFR+5.00% 9.36% 8/27/2024 8/27/2031","4","503","% of Net Assets","0.01"
"SRC042","227","13","Inc. ........... (4)(11) SOFR+5.25% 9.50% 5/26/2021 11/16/2027","1","398","Amount/ Units (1)","87,227"
"SRC042","227","13","Inc. ........... (4)(11) SOFR+5.25% 9.50% 5/26/2021 11/16/2027","2","436","Cost (3)","86,631"
"SRC042","227","13","Inc. ........... (4)(11) SOFR+5.25% 9.50% 5/26/2021 11/16/2027","3","472","Fair Value","87,227"
"SRC042","227","13","Inc. ........... (4)(11) SOFR+5.25% 9.50% 5/26/2021 11/16/2027","4","503","% of Net Assets","1.44"
"SRC042","227","14","Inc. ........... (4)(5)(7)(11) SOFR+5.25% 9.50% 11/18/2022 11/16/2027","1","398","Amount/ Units (1)","9,511"
"SRC042","227","14","Inc. ........... (4)(5)(7)(11) SOFR+5.25% 9.50% 11/18/2022 11/16/2027","2","436","Cost (3)","9,293"
"SRC042","227","14","Inc. ........... (4)(5)(7)(11) SOFR+5.25% 9.50% 11/18/2022 11/16/2027","3","472","Fair Value","9,487"
"SRC042","227","14","Inc. ........... (4)(5)(7)(11) SOFR+5.25% 9.50% 11/18/2022 11/16/2027","4","503","% of Net Assets","0.16"
"SRC042","227","15","LLC .......... (4)(9) SOFR+5.50% 10.01% 3/1/2024 3/1/2031","1","398","Amount/ Units (1)","30,095"
"SRC042","227","15","LLC .......... (4)(9) SOFR+5.50% 10.01% 3/1/2024 3/1/2031","2","436","Cost (3)","29,565"
"SRC042","227","15","LLC .......... (4)(9) SOFR+5.50% 10.01% 3/1/2024 3/1/2031","3","472","Fair Value","30,095"
"SRC042","227","15","LLC .......... (4)(9) SOFR+5.50% 10.01% 3/1/2024 3/1/2031","4","503","% of Net Assets","0.50"
"SRC042","227","16","LLC .......... (4)(5)(7)(9) SOFR+5.50% 10.01% 3/1/2024 3/1/2030","1","398","Amount/ Units (1)","1,178"
"SRC042","227","16","LLC .......... (4)(5)(7)(9) SOFR+5.50% 10.01% 3/1/2024 3/1/2030","2","436","Cost (3)","995"
"SRC042","227","16","LLC .......... (4)(5)(7)(9) SOFR+5.50% 10.01% 3/1/2024 3/1/2030","3","472","Fair Value","1,058"
"SRC042","227","16","LLC .......... (4)(5)(7)(9) SOFR+5.50% 10.01% 3/1/2024 3/1/2030","4","503","% of Net Assets","0.02"
"SRC042","227","17","Guidehouse, Inc. ... (4)(10) SOFR+5.75% PIK) 10/15/2021 12/16/2030","1","398","Amount/ Units (1)","311,085"
"SRC042","227","17","Guidehouse, Inc. ... (4)(10) SOFR+5.75% PIK) 10/15/2021 12/16/2030","2","436","Cost (3)","309,112"
"SRC042","227","17","Guidehouse, Inc. ... (4)(10) SOFR+5.75% PIK) 10/15/2021 12/16/2030","3","472","Fair Value","311,085"
"SRC042","227","17","Guidehouse, Inc. ... (4)(10) SOFR+5.75% PIK) 10/15/2021 12/16/2030","4","503","% of Net Assets","5.12"
"SRC042","227","18","Holdings, LLC .. (4)(7)(10) SOFR+5.00% 9.57% 11/1/2024 9/22/2028","1","398","Amount/ Units (1)","46,347"
"SRC042","227","18","Holdings, LLC .. (4)(7)(10) SOFR+5.00% 9.57% 11/1/2024 9/22/2028","2","436","Cost (3)","45,809"
"SRC042","227","18","Holdings, LLC .. (4)(7)(10) SOFR+5.00% 9.57% 11/1/2024 9/22/2028","3","472","Fair Value","46,347"
"SRC042","227","18","Holdings, LLC .. (4)(7)(10) SOFR+5.00% 9.57% 11/1/2024 9/22/2028","4","503","% of Net Assets","0.76"
"SRC042","227","19","LLC .......... (4)(5)(10) SOFR+5.75% 10.41% 2/25/2022 2/25/2028","1","398","Amount/ Units (1)","6,697"
"SRC042","227","19","LLC .......... (4)(5)(10) SOFR+5.75% 10.41% 2/25/2022 2/25/2028","2","436","Cost (3)","6,628"
"SRC042","227","19","LLC .......... (4)(5)(10) SOFR+5.75% 10.41% 2/25/2022 2/25/2028","3","472","Fair Value","6,697"
"SRC042","227","19","LLC .......... (4)(5)(10) SOFR+5.75% 10.41% 2/25/2022 2/25/2028","4","503","% of Net Assets","0.11"
"SRC042","227","20","LLC .......... (4)(5)(9) SOFR+5.75% 10.43% 12/22/2023 2/25/2028","1","398","Amount/ Units (1)","1,290"
"SRC042","227","20","LLC .......... (4)(5)(9) SOFR+5.75% 10.43% 12/22/2023 2/25/2028","2","436","Cost (3)","1,270"
"SRC042","227","20","LLC .......... (4)(5)(9) SOFR+5.75% 10.43% 12/22/2023 2/25/2028","3","472","Fair Value","1,290"
"SRC042","227","20","LLC .......... (4)(5)(9) SOFR+5.75% 10.43% 12/22/2023 2/25/2028","4","503","% of Net Assets","0.02"
"SRC042","227","21","Globe Limited .. (4)(5)(6)(7)(8) S+6.00% 10.70% 1/18/2024 1/31/2031 GBP","1","398","Amount/ Units (1)","47,583"
"SRC042","227","21","Globe Limited .. (4)(5)(6)(7)(8) S+6.00% 10.70% 1/18/2024 1/31/2031 GBP","2","436","Cost (3)","59,312"
"SRC042","227","21","Globe Limited .. (4)(5)(6)(7)(8) S+6.00% 10.70% 1/18/2024 1/31/2031 GBP","3","472","Fair Value","59,401"
"SRC042","227","21","Globe Limited .. (4)(5)(6)(7)(8) S+6.00% 10.70% 1/18/2024 1/31/2031 GBP","4","503","% of Net Assets","0.98"
"SRC042","227","22","Holdings, LLC .. (4)(11) SOFR+5.00% 9.33% 1/8/2024 1/8/2030","1","398","Amount/ Units (1)","10,872"
"SRC042","227","22","Holdings, LLC .. (4)(11) SOFR+5.00% 9.33% 1/8/2024 1/8/2030","2","436","Cost (3)","10,690"
"SRC042","227","22","Holdings, LLC .. (4)(11) SOFR+5.00% 9.33% 1/8/2024 1/8/2030","3","472","Fair Value","10,872"
"SRC042","227","22","Holdings, LLC .. (4)(11) SOFR+5.00% 9.33% 1/8/2024 1/8/2030","4","503","% of Net Assets","0.18"
"SRC042","227","23","Holdings, LLC .. (4)(5)(7)(11) SOFR+5.00% 9.51% 1/8/2024 1/8/2030","1","398","Amount/ Units (1)","2,669"
"SRC042","227","23","Holdings, LLC .. (4)(5)(7)(11) SOFR+5.00% 9.51% 1/8/2024 1/8/2030","2","436","Cost (3)","2,580"
"SRC042","227","23","Holdings, LLC .. (4)(5)(7)(11) SOFR+5.00% 9.51% 1/8/2024 1/8/2030","3","472","Fair Value","2,646"
"SRC042","227","23","Holdings, LLC .. (4)(5)(7)(11) SOFR+5.00% 9.51% 1/8/2024 1/8/2030","4","503","% of Net Assets","0.04"
"SRC042","227","24","Resources Inc ... (4)(7)(11) SOFR+6.00% 10.28% 8/17/2021 8/17/2027","1","398","Amount/ Units (1)","18,774"
"SRC042","227","24","Resources Inc ... (4)(7)(11) SOFR+6.00% 10.28% 8/17/2021 8/17/2027","2","436","Cost (3)","18,583"
"SRC042","227","24","Resources Inc ... (4)(7)(11) SOFR+6.00% 10.28% 8/17/2021 8/17/2027","3","472","Fair Value","18,774"
"SRC042","227","24","Resources Inc ... (4)(7)(11) SOFR+6.00% 10.28% 8/17/2021 8/17/2027","4","503","% of Net Assets","0.31"
"SRC042","227","25","Resources Inc ... (4)(11) SOFR+6.00% 10.48% 8/17/2021 8/17/2027","1","398","Amount/ Units (1)","2,909"
"SRC042","227","25","Resources Inc ... (4)(11) SOFR+6.00% 10.48% 8/17/2021 8/17/2027","2","436","Cost (3)","2,890"
"SRC042","227","25","Resources Inc ... (4)(11) SOFR+6.00% 10.48% 8/17/2021 8/17/2027","3","472","Fair Value","2,909"
"SRC042","227","25","Resources Inc ... (4)(11) SOFR+6.00% 10.48% 8/17/2021 8/17/2027","4","503","% of Net Assets","0.05"
"SRC042","228","1","Resources Inc ... (4)(9) SOFR+6.00% 10.63% 6/6/2024 8/17/2027 $","1","396","Amount/ Units (1)","2,217"
"SRC042","228","1","Resources Inc ... (4)(9) SOFR+6.00% 10.63% 6/6/2024 8/17/2027 $","2","439","Cost (3)","2,177"
"SRC042","228","1","Resources Inc ... (4)(9) SOFR+6.00% 10.63% 6/6/2024 8/17/2027 $","3","474","Fair Value","2,217"
"SRC042","228","1","Resources Inc ... (4)(9) SOFR+6.00% 10.63% 6/6/2024 8/17/2027 $","4","505","% of Net Assets","0.04%"
"SRC042","228","2","Pavion Corp. ...... (4)(6)(10) SOFR+5.75% 10.34% 10/30/2023 10/30/2030","1","396","Amount/ Units (1)","76,793"
"SRC042","228","2","Pavion Corp. ...... (4)(6)(10) SOFR+5.75% 10.34% 10/30/2023 10/30/2030","2","439","Cost (3)","75,515"
"SRC042","228","2","Pavion Corp. ...... (4)(6)(10) SOFR+5.75% 10.34% 10/30/2023 10/30/2030","3","474","Fair Value","76,409"
"SRC042","228","2","Pavion Corp. ...... (4)(6)(10) SOFR+5.75% 10.34% 10/30/2023 10/30/2030","4","505","% of Net Assets","1.26"
"SRC042","228","3","Pavion Corp. ...... (4)(6)(7)(10) SOFR+5.75% 10.38% 10/30/2023 10/30/2030","1","396","Amount/ Units (1)","15,588"
"SRC042","228","3","Pavion Corp. ...... (4)(6)(7)(10) SOFR+5.75% 10.38% 10/30/2023 10/30/2030","2","439","Cost (3)","15,347"
"SRC042","228","3","Pavion Corp. ...... (4)(6)(7)(10) SOFR+5.75% 10.38% 10/30/2023 10/30/2030","3","474","Fair Value","15,497"
"SRC042","228","3","Pavion Corp. ...... (4)(6)(7)(10) SOFR+5.75% 10.38% 10/30/2023 10/30/2030","4","505","% of Net Assets","0.26"
"SRC042","228","4","Petrus Buyer Inc ... (4)(5)(10) SOFR+5.25% 9.90% 10/17/2022 10/17/2029","1","396","Amount/ Units (1)","1,871"
"SRC042","228","4","Petrus Buyer Inc ... (4)(5)(10) SOFR+5.25% 9.90% 10/17/2022 10/17/2029","2","439","Cost (3)","1,833"
"SRC042","228","4","Petrus Buyer Inc ... (4)(5)(10) SOFR+5.25% 9.90% 10/17/2022 10/17/2029","3","474","Fair Value","1,871"
"SRC042","228","4","Petrus Buyer Inc ... (4)(5)(10) SOFR+5.25% 9.90% 10/17/2022 10/17/2029","4","505","% of Net Assets","0.03"
"SRC042","228","5","Petrus Buyer Inc ... (4)(5)(7)(10) SOFR+5.25% 9.75% 10/17/2022 10/17/2029","1","396","Amount/ Units (1)","335"
"SRC042","228","5","Petrus Buyer Inc ... (4)(5)(7)(10) SOFR+5.25% 9.75% 10/17/2022 10/17/2029","2","439","Cost (3)","320"
"SRC042","228","5","Petrus Buyer Inc ... (4)(5)(7)(10) SOFR+5.25% 9.75% 10/17/2022 10/17/2029","3","474","Fair Value","335"
"SRC042","228","5","Petrus Buyer Inc ... (4)(5)(7)(10) SOFR+5.25% 9.75% 10/17/2022 10/17/2029","4","505","% of Net Assets","0.01"
"SRC042","228","6","STV Group, Inc. ... (4)(10) SOFR+5.00% 9.36% 3/20/2024 3/20/2031","1","396","Amount/ Units (1)","24,234"
"SRC042","228","6","STV Group, Inc. ... (4)(10) SOFR+5.00% 9.36% 3/20/2024 3/20/2031","2","439","Cost (3)","23,804"
"SRC042","228","6","STV Group, Inc. ... (4)(10) SOFR+5.00% 9.36% 3/20/2024 3/20/2031","3","474","Fair Value","24,234"
"SRC042","228","6","STV Group, Inc. ... (4)(10) SOFR+5.00% 9.36% 3/20/2024 3/20/2031","4","505","% of Net Assets","0.40"
"SRC042","228","7","STV Group, Inc. ... (4)(5)(7)(10) P+4.00% 12.50% 3/20/2024 3/20/2030","1","396","Amount/ Units (1)","698"
"SRC042","228","7","STV Group, Inc. ... (4)(5)(7)(10) P+4.00% 12.50% 3/20/2024 3/20/2030","2","439","Cost (3)","551"
"SRC042","228","7","STV Group, Inc. ... (4)(5)(7)(10) P+4.00% 12.50% 3/20/2024 3/20/2030","3","474","Fair Value","628"
"SRC042","228","7","STV Group, Inc. ... (4)(5)(7)(10) P+4.00% 12.50% 3/20/2024 3/20/2030","4","505","% of Net Assets","0.01"
"SRC042","228","8","Co LLC ........ (4)(5)(10) SOFR+4.75% 9.12% 12/20/2024 12/20/2031","1","396","Amount/ Units (1)","16,022"
"SRC042","228","8","Co LLC ........ (4)(5)(10) SOFR+4.75% 9.12% 12/20/2024 12/20/2031","2","439","Cost (3)","15,863"
"SRC042","228","8","Co LLC ........ (4)(5)(10) SOFR+4.75% 9.12% 12/20/2024 12/20/2031","3","474","Fair Value","15,862"
"SRC042","228","8","Co LLC ........ (4)(5)(10) SOFR+4.75% 9.12% 12/20/2024 12/20/2031","4","505","% of Net Assets","0.26"
"SRC042","228","9","Co LLC ........ (4)(5)(7)(10) SOFR+4.75% 9.10% 12/20/2024 12/20/2030","1","396","Amount/ Units (1)","843"
"SRC042","228","9","Co LLC ........ (4)(5)(7)(10) SOFR+4.75% 9.10% 12/20/2024 12/20/2030","2","439","Cost (3)","772"
"SRC042","228","9","Co LLC ........ (4)(5)(7)(10) SOFR+4.75% 9.10% 12/20/2024 12/20/2030","3","474","Fair Value","772"
"SRC042","228","9","Co LLC ........ (4)(5)(7)(10) SOFR+4.75% 9.10% 12/20/2024 12/20/2030","4","505","% of Net Assets","0.01"
"SRC042","228","10","LLC .......... (5)(6)(9) SOFR+3.25% 7.58% 7/29/2024 6/18/2029","1","396","Amount/ Units (1)","1,283"
"SRC042","228","10","LLC .......... (5)(6)(9) SOFR+3.25% 7.58% 7/29/2024 6/18/2029","2","439","Cost (3)","1,283"
"SRC042","228","10","LLC .......... (5)(6)(9) SOFR+3.25% 7.58% 7/29/2024 6/18/2029","3","474","Fair Value","1,292"
"SRC042","228","10","LLC .......... (5)(6)(9) SOFR+3.25% 7.58% 7/29/2024 6/18/2029","4","505","% of Net Assets","0.02"
"SRC042","228","11","Company, Inc. .. (4)(8) SOFR+5.75% 10.28% 3/20/2020 3/20/2027","1","396","Amount/ Units (1)","41,163"
"SRC042","228","11","Company, Inc. .. (4)(8) SOFR+5.75% 10.28% 3/20/2020 3/20/2027","2","439","Cost (3)","40,453"
"SRC042","228","11","Company, Inc. .. (4)(8) SOFR+5.75% 10.28% 3/20/2020 3/20/2027","3","474","Fair Value","38,488"
"SRC042","228","11","Company, Inc. .. (4)(8) SOFR+5.75% 10.28% 3/20/2020 3/20/2027","4","505","% of Net Assets","0.63"
"SRC042","228","12","Corp. .......... (4)(10) SOFR+5.25% 9.76% 6/29/2021 6/29/2028","1","396","Amount/ Units (1)","59,901"
"SRC042","228","12","Corp. .......... (4)(10) SOFR+5.25% 9.76% 6/29/2021 6/29/2028","2","439","Cost (3)","59,276"
"SRC042","228","12","Corp. .......... (4)(10) SOFR+5.25% 9.76% 6/29/2021 6/29/2028","3","474","Fair Value","59,901"
"SRC042","228","12","Corp. .......... (4)(10) SOFR+5.25% 9.76% 6/29/2021 6/29/2028","4","505","% of Net Assets","0.99"
"SRC042","228","13","Corp. .......... (4)(7)(10) SOFR+5.25% 10.04% 6/29/2021 6/29/2028","1","396","Amount/ Units (1)","27,747"
"SRC042","228","13","Corp. .......... (4)(7)(10) SOFR+5.25% 10.04% 6/29/2021 6/29/2028","2","439","Cost (3)","27,467"
"SRC042","228","13","Corp. .......... (4)(7)(10) SOFR+5.25% 10.04% 6/29/2021 6/29/2028","3","474","Fair Value","27,747"
"SRC042","228","13","Corp. .......... (4)(7)(10) SOFR+5.25% 10.04% 6/29/2021 6/29/2028","4","505","% of Net Assets","0.46"
"SRC042","228","14","Holdings, LLC .. (4)(7)(11)(18) SOFR+6.24% 10.70% 12/21/2021 12/21/2028","1","396","Amount/ Units (1)","4,701"
"SRC042","228","14","Holdings, LLC .. (4)(7)(11)(18) SOFR+6.24% 10.70% 12/21/2021 12/21/2028","2","439","Cost (3)","4,640"
"SRC042","228","14","Holdings, LLC .. (4)(7)(11)(18) SOFR+6.24% 10.70% 12/21/2021 12/21/2028","3","474","Fair Value","4,687"
"SRC042","228","14","Holdings, LLC .. (4)(7)(11)(18) SOFR+6.24% 10.70% 12/21/2021 12/21/2028","4","505","% of Net Assets","0.08"
"SRC042","228","15","Partners, LLC ... (4)(10) SOFR+4.75% 9.15% 11/9/2021 11/8/2028","1","396","Amount/ Units (1)","14,596"
"SRC042","228","15","Partners, LLC ... (4)(10) SOFR+4.75% 9.15% 11/9/2021 11/8/2028","2","439","Cost (3)","14,442"
"SRC042","228","15","Partners, LLC ... (4)(10) SOFR+4.75% 9.15% 11/9/2021 11/8/2028","3","474","Fair Value","14,450"
"SRC042","228","15","Partners, LLC ... (4)(10) SOFR+4.75% 9.15% 11/9/2021 11/8/2028","4","505","% of Net Assets","0.24"
"SRC042","228","16","Partners, LLC ... (4)(5)(7)(10) SOFR+4.75% 9.12% 12/18/2024 11/8/2028","1","396","Amount/ Units (1)","499"
"SRC042","228","16","Partners, LLC ... (4)(5)(7)(10) SOFR+4.75% 9.12% 12/18/2024 11/8/2028","2","439","Cost (3)","494"
"SRC042","228","16","Partners, LLC ... (4)(5)(7)(10) SOFR+4.75% 9.12% 12/18/2024 11/8/2028","3","474","Fair Value","494"
"SRC042","228","16","Partners, LLC ... (4)(5)(7)(10) SOFR+4.75% 9.12% 12/18/2024 11/8/2028","4","505","% of Net Assets","0.01"
"SRC042","228","17","LLC .......... (4)(5)(10) SOFR+5.00% 9.59% 10/1/2024 10/1/2031","1","396","Amount/ Units (1)","7,888"
"SRC042","228","17","LLC .......... (4)(5)(10) SOFR+5.00% 9.59% 10/1/2024 10/1/2031","2","439","Cost (3)","7,822"
"SRC042","228","17","LLC .......... (4)(5)(10) SOFR+5.00% 9.59% 10/1/2024 10/1/2031","3","474","Fair Value","7,816"
"SRC042","228","17","LLC .......... (4)(5)(10) SOFR+5.00% 9.59% 10/1/2024 10/1/2031","4","505","% of Net Assets","0.13"
"SRC042","228","18","LLC .......... (4)(5)(7)(10) P+4.00% 11.50% 10/1/2024 10/1/2031","1","396","Amount/ Units (1)","79"
"SRC042","228","18","LLC .......... (4)(5)(7)(10) P+4.00% 11.50% 10/1/2024 10/1/2031","2","439","Cost (3)","48"
"SRC042","228","18","LLC .......... (4)(5)(7)(10) P+4.00% 11.50% 10/1/2024 10/1/2031","3","474","Fair Value","47"
"SRC042","228","18","LLC .......... (4)(5)(7)(10) P+4.00% 11.50% 10/1/2024 10/1/2031","4","505","% of Net Assets","0.00"
"SRC042","228","19","LLC .......... (4)(7)(11) SOFR+5.50% 9.83% 11/3/2023 11/3/2029","1","396","Amount/ Units (1)","23,100"
"SRC042","228","19","LLC .......... (4)(7)(11) SOFR+5.50% 9.83% 11/3/2023 11/3/2029","2","439","Cost (3)","22,773"
"SRC042","228","19","LLC .......... (4)(7)(11) SOFR+5.50% 9.83% 11/3/2023 11/3/2029","3","474","Fair Value","23,100"
"SRC042","228","19","LLC .......... (4)(7)(11) SOFR+5.50% 9.83% 11/3/2023 11/3/2029","4","505","% of Net Assets","0.38"
"SRC042","228","20","LLC .......... (4)(5)(10) SOFR+5.00% 9.57% 11/1/2024 11/1/2031","1","396","Amount/ Units (1)","10,241"
"SRC042","228","20","LLC .......... (4)(5)(10) SOFR+5.00% 9.57% 11/1/2024 11/1/2031","2","439","Cost (3)","10,091"
"SRC042","228","20","LLC .......... (4)(5)(10) SOFR+5.00% 9.57% 11/1/2024 11/1/2031","3","474","Fair Value","10,087"
"SRC042","228","20","LLC .......... (4)(5)(10) SOFR+5.00% 9.57% 11/1/2024 11/1/2031","4","505","% of Net Assets","0.17"
"SRC042","228","21","LLC .......... (4)(5)(7)(10) SOFR+5.00% 9.57% 11/1/2024 11/1/2031","1","396","Amount/ Units (1)","478"
"SRC042","228","21","LLC .......... (4)(5)(7)(10) SOFR+5.00% 9.57% 11/1/2024 11/1/2031","2","439","Cost (3)","423"
"SRC042","228","21","LLC .......... (4)(5)(7)(10) SOFR+5.00% 9.57% 11/1/2024 11/1/2031","3","474","Fair Value","422"
"SRC042","228","21","LLC .......... (4)(5)(7)(10) SOFR+5.00% 9.57% 11/1/2024 11/1/2031","4","505","% of Net Assets","0.01"
"SRC042","228","22","SAS ........... (4)(5)(6)(7)(8) E+5.25% 8.31% 4/1/2024 4/1/2031 EUR","1","396","Amount/ Units (1)","6,495"
"SRC042","228","22","SAS ........... (4)(5)(6)(7)(8) E+5.25% 8.31% 4/1/2024 4/1/2031 EUR","2","439","Cost (3)","6,880"
"SRC042","228","22","SAS ........... (4)(5)(6)(7)(8) E+5.25% 8.31% 4/1/2024 4/1/2031 EUR","3","474","Fair Value","6,525"
"SRC042","228","22","SAS ........... (4)(5)(6)(7)(8) E+5.25% 8.31% 4/1/2024 4/1/2031 EUR","4","505","% of Net Assets","0.11"
"SRC042","228","23","Odevo AB ........ (4)(5)(6)(7)(8) E+5.50% 8.37% 10/31/2024 12/31/2030 EUR","1","396","Amount/ Units (1)","251"
"SRC042","228","23","Odevo AB ........ (4)(5)(6)(7)(8) E+5.50% 8.37% 10/31/2024 12/31/2030 EUR","2","439","Cost (3)","261"
"SRC042","228","23","Odevo AB ........ (4)(5)(6)(7)(8) E+5.50% 8.37% 10/31/2024 12/31/2030 EUR","3","474","Fair Value","258"
"SRC042","228","23","Odevo AB ........ (4)(5)(6)(7)(8) E+5.50% 8.37% 10/31/2024 12/31/2030 EUR","4","505","% of Net Assets","0.00"
"SRC042","228","24","Odevo AB ........ (4)(5)(6)(8) S+5.50% 10.20% 10/31/2024 12/31/2030 GBP","1","396","Amount/ Units (1)","2,215"
"SRC042","228","24","Odevo AB ........ (4)(5)(6)(8) S+5.50% 10.20% 10/31/2024 12/31/2030 GBP","2","439","Cost (3)","2,792"
"SRC042","228","24","Odevo AB ........ (4)(5)(6)(8) S+5.50% 10.20% 10/31/2024 12/31/2030 GBP","3","474","Fair Value","2,759"
"SRC042","228","24","Odevo AB ........ (4)(5)(6)(8) S+5.50% 10.20% 10/31/2024 12/31/2030 GBP","4","505","% of Net Assets","0.05"
"SRC042","228","25","Odevo AB ........ (4)(5)(6)(8) ST+5.50% 8.06% 10/31/2024 12/31/2030 SEK","1","396","Amount/ Units (1)","90,957"
"SRC042","228","25","Odevo AB ........ (4)(5)(6)(8) ST+5.50% 8.06% 10/31/2024 12/31/2030 SEK","2","439","Cost (3)","8,210"
"SRC042","228","25","Odevo AB ........ (4)(5)(6)(8) ST+5.50% 8.06% 10/31/2024 12/31/2030 SEK","3","474","Fair Value","8,180"
"SRC042","228","25","Odevo AB ........ (4)(5)(6)(8) ST+5.50% 8.06% 10/31/2024 12/31/2030 SEK","4","505","% of Net Assets","0.13"
"SRC042","228","26","Odevo AB ........ (4)(5)(6)(7)(8) SOFR+5.50% 9.89% 10/31/2024 12/31/2030","1","396","Amount/ Units (1)","28,239"
"SRC042","228","26","Odevo AB ........ (4)(5)(6)(7)(8) SOFR+5.50% 9.89% 10/31/2024 12/31/2030","2","439","Cost (3)","27,746"
"SRC042","228","26","Odevo AB ........ (4)(5)(6)(7)(8) SOFR+5.50% 9.89% 10/31/2024 12/31/2030","3","474","Fair Value","28,018"
"SRC042","228","26","Odevo AB ........ (4)(5)(6)(7)(8) SOFR+5.50% 9.89% 10/31/2024 12/31/2030","4","505","% of Net Assets","0.46"
"SRC042","229","1","LLC .......... (4)(7)(10) SOFR+5.50% 9.96% 2/16/2021 8/8/2030 $","1","396","Amount/ Units (1)","67,900"
"SRC042","229","1","LLC .......... (4)(7)(10) SOFR+5.50% 9.96% 2/16/2021 8/8/2030 $","2","436","Cost (3)","67,119"
"SRC042","229","1","LLC .......... (4)(7)(10) SOFR+5.50% 9.96% 2/16/2021 8/8/2030 $","3","472","Fair Value","67,900"
"SRC042","229","1","LLC .......... (4)(7)(10) SOFR+5.50% 9.96% 2/16/2021 8/8/2030 $","4","503","% of Net Assets","1.12%"
"SRC042","229","2","LLC .......... (4)(5)(10) SOFR+5.50% 9.96% 7/26/2022 8/8/2030","1","396","Amount/ Units (1)","833"
"SRC042","229","2","LLC .......... (4)(5)(10) SOFR+5.50% 9.96% 7/26/2022 8/8/2030","2","436","Cost (3)","819"
"SRC042","229","2","LLC .......... (4)(5)(10) SOFR+5.50% 9.96% 7/26/2022 8/8/2030","3","472","Fair Value","833"
"SRC042","229","2","LLC .......... (4)(5)(10) SOFR+5.50% 9.96% 7/26/2022 8/8/2030","4","503","% of Net Assets","0.01"
"SRC042","229","3","Oy ............ (4)(5)(6)(7)(8) E+4.75% 7.97% 10/11/2024 10/10/2031 EUR","1","396","Amount/ Units (1)","727"
"SRC042","229","3","Oy ............ (4)(5)(6)(7)(8) E+4.75% 7.97% 10/11/2024 10/10/2031 EUR","2","436","Cost (3)","789"
"SRC042","229","3","Oy ............ (4)(5)(6)(7)(8) E+4.75% 7.97% 10/11/2024 10/10/2031 EUR","3","472","Fair Value","748"
"SRC042","229","3","Oy ............ (4)(5)(6)(7)(8) E+4.75% 7.97% 10/11/2024 10/10/2031 EUR","4","503","% of Net Assets","0.01"
"SRC042","229","4","Inc ............ (4)(5)(7)(10) SOFR+4.75% 9.11% 8/29/2024 8/29/2031","1","396","Amount/ Units (1)","4,352"
"SRC042","229","4","Inc ............ (4)(5)(7)(10) SOFR+4.75% 9.11% 8/29/2024 8/29/2031","2","436","Cost (3)","4,302"
"SRC042","229","4","Inc ............ (4)(5)(7)(10) SOFR+4.75% 9.11% 8/29/2024 8/29/2031","3","472","Fair Value","4,332"
"SRC042","229","4","Inc ............ (4)(5)(7)(10) SOFR+4.75% 9.11% 8/29/2024 8/29/2031","4","503","% of Net Assets","0.07"
"SRC042","229","5","Anaplan, Inc. ..... (4)(5)(7)(10) SOFR+5.25% 9.58% 6/21/2022 6/21/2029","1","396","Amount/ Units (1)","1,804"
"SRC042","229","5","Anaplan, Inc. ..... (4)(5)(7)(10) SOFR+5.25% 9.58% 6/21/2022 6/21/2029","2","436","Cost (3)","1,779"
"SRC042","229","5","Anaplan, Inc. ..... (4)(5)(7)(10) SOFR+5.25% 9.58% 6/21/2022 6/21/2029","3","472","Fair Value","1,804"
"SRC042","229","5","Anaplan, Inc. ..... (4)(5)(7)(10) SOFR+5.25% 9.58% 6/21/2022 6/21/2029","4","503","% of Net Assets","0.03"
"SRC042","229","6","Anaplan, Inc. ..... (4)(10) SOFR+5.25% 9.58% 4/25/2024 6/21/2029","1","396","Amount/ Units (1)","19,227"
"SRC042","229","6","Anaplan, Inc. ..... (4)(10) SOFR+5.25% 9.58% 4/25/2024 6/21/2029","2","436","Cost (3)","19,059"
"SRC042","229","6","Anaplan, Inc. ..... (4)(10) SOFR+5.25% 9.58% 4/25/2024 6/21/2029","3","472","Fair Value","19,227"
"SRC042","229","6","Anaplan, Inc. ..... (4)(10) SOFR+5.25% 9.58% 4/25/2024 6/21/2029","4","503","% of Net Assets","0.32"
"SRC042","229","7","GmbH ......... (4)(6)(7)(8) E+4.75% 7.91% 9/18/2024 10/1/2031 EUR","1","396","Amount/ Units (1)","48,873"
"SRC042","229","7","GmbH ......... (4)(6)(7)(8) E+4.75% 7.91% 9/18/2024 10/1/2031 EUR","2","436","Cost (3)","53,509"
"SRC042","229","7","GmbH ......... (4)(6)(7)(8) E+4.75% 7.91% 9/18/2024 10/1/2031 EUR","3","472","Fair Value","50,061"
"SRC042","229","7","GmbH ......... (4)(6)(7)(8) E+4.75% 7.91% 9/18/2024 10/1/2031 EUR","4","503","% of Net Assets","0.82"
"SRC042","229","8","AuditBoard Inc .... (4)(7)(10) SOFR+4.75% 9.08% 7/12/2024 7/12/2031","1","396","Amount/ Units (1)","9,270"
"SRC042","229","8","AuditBoard Inc .... (4)(7)(10) SOFR+4.75% 9.08% 7/12/2024 7/12/2031","2","436","Cost (3)","9,147"
"SRC042","229","8","AuditBoard Inc .... (4)(7)(10) SOFR+4.75% 9.08% 7/12/2024 7/12/2031","3","472","Fair Value","9,138"
"SRC042","229","8","AuditBoard Inc .... (4)(7)(10) SOFR+4.75% 9.08% 7/12/2024 7/12/2031","4","503","% of Net Assets","0.15"
"SRC042","229","9","Holdings Inc. ... (4)(7)(10) SOFR+6.50% 10.86% 3/19/2024 3/19/2031","1","396","Amount/ Units (1)","36,936"
"SRC042","229","9","Holdings Inc. ... (4)(7)(10) SOFR+6.50% 10.86% 3/19/2024 3/19/2031","2","436","Cost (3)","36,390"
"SRC042","229","9","Holdings Inc. ... (4)(7)(10) SOFR+6.50% 10.86% 3/19/2024 3/19/2031","3","472","Fair Value","36,936"
"SRC042","229","9","Holdings Inc. ... (4)(7)(10) SOFR+6.50% 10.86% 3/19/2024 3/19/2031","4","503","% of Net Assets","0.61"
"SRC042","229","10","LP ............ (4)(5)(7)(10) SOFR+6.25% PIK) 11/8/2024 10/1/2028","1","396","Amount/ Units (1)","94,157"
"SRC042","229","10","LP ............ (4)(5)(7)(10) SOFR+6.25% PIK) 11/8/2024 10/1/2028","2","436","Cost (3)","94,000"
"SRC042","229","10","LP ............ (4)(5)(7)(10) SOFR+6.25% PIK) 11/8/2024 10/1/2028","3","472","Fair Value","94,115"
"SRC042","229","10","LP ............ (4)(5)(7)(10) SOFR+6.25% PIK) 11/8/2024 10/1/2028","4","503","% of Net Assets","1.55"
"SRC042","229","11","(4)(5)(10) SOFR+6.00% PIK) 8/8/2022 8/8/2028","1","396","Amount/ Units (1)","1,959"
"SRC042","229","11","(4)(5)(10) SOFR+6.00% PIK) 8/8/2022 8/8/2028","2","436","Cost (3)","1,936"
"SRC042","229","11","(4)(5)(10) SOFR+6.00% PIK) 8/8/2022 8/8/2028","3","472","Fair Value","1,950"
"SRC042","229","11","(4)(5)(10) SOFR+6.00% PIK) 8/8/2022 8/8/2028","4","503","% of Net Assets","0.03"
"SRC042","229","12","(4)(5)(10) SOFR+6.00% PIK) 8/8/2022 8/8/2028","1","396","Amount/ Units (1)","346"
"SRC042","229","12","(4)(5)(10) SOFR+6.00% PIK) 8/8/2022 8/8/2028","2","436","Cost (3)","342"
"SRC042","229","12","(4)(5)(10) SOFR+6.00% PIK) 8/8/2022 8/8/2028","3","472","Fair Value","344"
"SRC042","229","12","(4)(5)(10) SOFR+6.00% PIK) 8/8/2022 8/8/2028","4","503","% of Net Assets","0.01"
"SRC042","229","13","(4)(5)(10) SOFR+6.00% PIK) 8/8/2022 8/8/2028","1","396","Amount/ Units (1)","238"
"SRC042","229","13","(4)(5)(10) SOFR+6.00% PIK) 8/8/2022 8/8/2028","2","436","Cost (3)","236"
"SRC042","229","13","(4)(5)(10) SOFR+6.00% PIK) 8/8/2022 8/8/2028","3","472","Fair Value","237"
"SRC042","229","13","(4)(5)(10) SOFR+6.00% PIK) 8/8/2022 8/8/2028","4","503","% of Net Assets","0.00"
"SRC042","229","14","(4)(5)(10) SOFR+6.00% PIK) 10/25/2024 8/8/2028","1","396","Amount/ Units (1)","1,591"
"SRC042","229","14","(4)(5)(10) SOFR+6.00% PIK) 10/25/2024 8/8/2028","2","436","Cost (3)","1,569"
"SRC042","229","14","(4)(5)(10) SOFR+6.00% PIK) 10/25/2024 8/8/2028","3","472","Fair Value","1,583"
"SRC042","229","14","(4)(5)(10) SOFR+6.00% PIK) 10/25/2024 8/8/2028","4","503","% of Net Assets","0.03"
"SRC042","229","15","LLC .......... (4)(7)(11) SOFR+6.25% 10.64% 9/12/2023 9/12/2029","1","396","Amount/ Units (1)","27,291"
"SRC042","229","15","LLC .......... (4)(7)(11) SOFR+6.25% 10.64% 9/12/2023 9/12/2029","2","436","Cost (3)","26,734"
"SRC042","229","15","LLC .......... (4)(7)(11) SOFR+6.25% 10.64% 9/12/2023 9/12/2029","3","472","Fair Value","27,217"
"SRC042","229","15","LLC .......... (4)(7)(11) SOFR+6.25% 10.64% 9/12/2023 9/12/2029","4","503","% of Net Assets","0.45"
"SRC042","229","16","Holdings, Inc. ... (4)(7)(10) SOFR+5.00% 9.36% 11/28/2023 11/28/2030","1","396","Amount/ Units (1)","67,788"
"SRC042","229","16","Holdings, Inc. ... (4)(7)(10) SOFR+5.00% 9.36% 11/28/2023 11/28/2030","2","436","Cost (3)","67,148"
"SRC042","229","16","Holdings, Inc. ... (4)(7)(10) SOFR+5.00% 9.36% 11/28/2023 11/28/2030","3","472","Fair Value","67,765"
"SRC042","229","16","Holdings, Inc. ... (4)(7)(10) SOFR+5.00% 9.36% 11/28/2023 11/28/2030","4","503","% of Net Assets","1.12"
"SRC042","229","17","Ltd ........... (4)(6)(7)(8) S+5.00% 9.70% 7/2/2024 2/1/2029 GBP","1","396","Amount/ Units (1)","35,275"
"SRC042","229","17","Ltd ........... (4)(6)(7)(8) S+5.00% 9.70% 7/2/2024 2/1/2029 GBP","2","436","Cost (3)","44,788"
"SRC042","229","17","Ltd ........... (4)(6)(7)(8) S+5.00% 9.70% 7/2/2024 2/1/2029 GBP","3","472","Fair Value","44,135"
"SRC042","229","17","Ltd ........... (4)(6)(7)(8) S+5.00% 9.70% 7/2/2024 2/1/2029 GBP","4","503","% of Net Assets","0.73"
"SRC042","229","18","LLC .......... (4)(5)(7)(11) SOFR+4.50% 9.02% 11/25/2024 11/26/2029","1","396","Amount/ Units (1)","11,606"
"SRC042","229","18","LLC .......... (4)(5)(7)(11) SOFR+4.50% 9.02% 11/25/2024 11/26/2029","2","436","Cost (3)","11,266"
"SRC042","229","18","LLC .......... (4)(5)(7)(11) SOFR+4.50% 9.02% 11/25/2024 11/26/2029","3","472","Fair Value","11,258"
"SRC042","229","18","LLC .......... (4)(5)(7)(11) SOFR+4.50% 9.02% 11/25/2024 11/26/2029","4","503","% of Net Assets","0.19"
"SRC042","229","19","Bidco ......... (4)(6)(8) SOFR+5.75% 10.06% 2/23/2022 2/23/2029","1","396","Amount/ Units (1)","15,868"
"SRC042","229","19","Bidco ......... (4)(6)(8) SOFR+5.75% 10.06% 2/23/2022 2/23/2029","2","436","Cost (3)","15,590"
"SRC042","229","19","Bidco ......... (4)(6)(8) SOFR+5.75% 10.06% 2/23/2022 2/23/2029","3","472","Fair Value","12,813"
"SRC042","229","19","Bidco ......... (4)(6)(8) SOFR+5.75% 10.06% 2/23/2022 2/23/2029","4","503","% of Net Assets","0.21"
"SRC042","229","20","Bidco ......... (4)(5)(6)(8) SOFR+5.75% 10.06% 3/11/2022 2/23/2029","1","396","Amount/ Units (1)","379"
"SRC042","229","20","Bidco ......... (4)(5)(6)(8) SOFR+5.75% 10.06% 3/11/2022 2/23/2029","2","436","Cost (3)","378"
"SRC042","229","20","Bidco ......... (4)(5)(6)(8) SOFR+5.75% 10.06% 3/11/2022 2/23/2029","3","472","Fair Value","306"
"SRC042","229","20","Bidco ......... (4)(5)(6)(8) SOFR+5.75% 10.06% 3/11/2022 2/23/2029","4","503","% of Net Assets","0.01"
"SRC042","229","21","Inc. ........... (4)(10) SOFR+5.50% 10.39% 7/14/2021 7/14/2027","1","396","Amount/ Units (1)","21,364"
"SRC042","229","21","Inc. ........... (4)(10) SOFR+5.50% 10.39% 7/14/2021 7/14/2027","2","436","Cost (3)","21,184"
"SRC042","229","21","Inc. ........... (4)(10) SOFR+5.50% 10.39% 7/14/2021 7/14/2027","3","472","Fair Value","20,937"
"SRC042","229","21","Inc. ........... (4)(10) SOFR+5.50% 10.39% 7/14/2021 7/14/2027","4","503","% of Net Assets","0.34"
"SRC042","229","22","Inc. ........... (4)(5)(7)(10) SOFR+5.50% 10.41% 7/14/2021 7/14/2027","1","396","Amount/ Units (1)","1,456"
"SRC042","229","22","Inc. ........... (4)(5)(7)(10) SOFR+5.50% 10.41% 7/14/2021 7/14/2027","2","436","Cost (3)","1,397"
"SRC042","229","22","Inc. ........... (4)(5)(7)(10) SOFR+5.50% 10.41% 7/14/2021 7/14/2027","3","472","Fair Value","1,332"
"SRC042","229","22","Inc. ........... (4)(5)(7)(10) SOFR+5.50% 10.41% 7/14/2021 7/14/2027","4","503","% of Net Assets","0.02"
"SRC042","229","23","Inc. ........... (4)(5)(10) SOFR+5.50% 10.40% 10/9/2024 7/14/2027","1","396","Amount/ Units (1)","1,143"
"SRC042","229","23","Inc. ........... (4)(5)(10) SOFR+5.50% 10.40% 10/9/2024 7/14/2027","2","436","Cost (3)","1,122"
"SRC042","229","23","Inc. ........... (4)(5)(10) SOFR+5.50% 10.40% 10/9/2024 7/14/2027","3","472","Fair Value","1,120"
"SRC042","229","23","Inc. ........... (4)(5)(10) SOFR+5.50% 10.40% 10/9/2024 7/14/2027","4","503","% of Net Assets","0.02"
"SRC042","229","24","Inc. ........... (4)(5)(6)(7)(10) SOFR+5.50% 10.09% 2/27/2023 2/27/2030","1","396","Amount/ Units (1)","1,827"
"SRC042","229","24","Inc. ........... (4)(5)(6)(7)(10) SOFR+5.50% 10.09% 2/27/2023 2/27/2030","2","436","Cost (3)","1,790"
"SRC042","229","24","Inc. ........... (4)(5)(6)(7)(10) SOFR+5.50% 10.09% 2/27/2023 2/27/2030","3","472","Fair Value","1,825"
"SRC042","229","24","Inc. ........... (4)(5)(6)(7)(10) SOFR+5.50% 10.09% 2/27/2023 2/27/2030","4","503","% of Net Assets","0.03"
"SRC042","229","25","Inc. ........... (4)(7)(11) SOFR+6.75% 11.11% 11/8/2023 11/8/2030","1","396","Amount/ Units (1)","61,956"
"SRC042","229","25","Inc. ........... (4)(7)(11) SOFR+6.75% 11.11% 11/8/2023 11/8/2030","2","436","Cost (3)","60,524"
"SRC042","229","25","Inc. ........... (4)(7)(11) SOFR+6.75% 11.11% 11/8/2023 11/8/2030","3","472","Fair Value","61,615"
"SRC042","229","25","Inc. ........... (4)(7)(11) SOFR+6.75% 11.11% 11/8/2023 11/8/2030","4","503","% of Net Assets","1.01"
"SRC042","229","26","Denali Bidco Ltd .. (4)(5)(6)(7)(10) S+5.75% 10.45% 8/29/2023 8/29/2030 GBP","1","396","Amount/ Units (1)","4,022"
"SRC042","229","26","Denali Bidco Ltd .. (4)(5)(6)(7)(10) S+5.75% 10.45% 8/29/2023 8/29/2030 GBP","2","436","Cost (3)","4,947"
"SRC042","229","26","Denali Bidco Ltd .. (4)(5)(6)(7)(10) S+5.75% 10.45% 8/29/2023 8/29/2030 GBP","3","472","Fair Value","5,033"
"SRC042","229","26","Denali Bidco Ltd .. (4)(5)(6)(7)(10) S+5.75% 10.45% 8/29/2023 8/29/2030 GBP","4","503","% of Net Assets","0.08"
"SRC042","230","1","Denali Bidco Ltd .. (4)(5)(6)(8) E+5.75% 8.43% 8/29/2023 8/29/2030 EUR","1","396","Amount/ Units (1)","1,166"
"SRC042","230","1","Denali Bidco Ltd .. (4)(5)(6)(8) E+5.75% 8.43% 8/29/2023 8/29/2030 EUR","2","435","Cost (3)","1,230"
"SRC042","230","1","Denali Bidco Ltd .. (4)(5)(6)(8) E+5.75% 8.43% 8/29/2023 8/29/2030 EUR","3","470","Fair Value","1,207"
"SRC042","230","1","Denali Bidco Ltd .. (4)(5)(6)(8) E+5.75% 8.43% 8/29/2023 8/29/2030 EUR","4","503","% of Net Assets","0.02%"
"SRC042","230","2","Denali Bidco Ltd .. (4)(5)(6)(8) E+5.25% 7.93% 2/28/2024 8/29/2030 EUR","1","396","Amount/ Units (1)","263"
"SRC042","230","2","Denali Bidco Ltd .. (4)(5)(6)(8) E+5.25% 7.93% 2/28/2024 8/29/2030 EUR","2","435","Cost (3)","276"
"SRC042","230","2","Denali Bidco Ltd .. (4)(5)(6)(8) E+5.25% 7.93% 2/28/2024 8/29/2030 EUR","3","470","Fair Value","273"
"SRC042","230","2","Denali Bidco Ltd .. (4)(5)(6)(8) E+5.25% 7.93% 2/28/2024 8/29/2030 EUR","4","503","% of Net Assets","0.00"
"SRC042","230","3","Denali Bidco Ltd .. (4)(5)(6)(9) E+5.75% 8.43% 2/28/2024 8/29/2030 EUR","1","396","Amount/ Units (1)","1,632"
"SRC042","230","3","Denali Bidco Ltd .. (4)(5)(6)(9) E+5.75% 8.43% 2/28/2024 8/29/2030 EUR","2","435","Cost (3)","1,738"
"SRC042","230","3","Denali Bidco Ltd .. (4)(5)(6)(9) E+5.75% 8.43% 2/28/2024 8/29/2030 EUR","3","470","Fair Value","1,691"
"SRC042","230","3","Denali Bidco Ltd .. (4)(5)(6)(9) E+5.75% 8.43% 2/28/2024 8/29/2030 EUR","4","503","% of Net Assets","0.03"
"SRC042","230","4","Diligent Corp ..... (4)(10) SOFR+5.00% 10.09% 4/30/2024 8/2/2030","1","396","Amount/ Units (1)","49,683"
"SRC042","230","4","Diligent Corp ..... (4)(10) SOFR+5.00% 10.09% 4/30/2024 8/2/2030","2","435","Cost (3)","49,505"
"SRC042","230","4","Diligent Corp ..... (4)(10) SOFR+5.00% 10.09% 4/30/2024 8/2/2030","3","470","Fair Value","49,683"
"SRC042","230","4","Diligent Corp ..... (4)(10) SOFR+5.00% 10.09% 4/30/2024 8/2/2030","4","503","% of Net Assets","0.82"
"SRC042","230","5","Diligent Corp ..... (4)(10) SOFR+5.00% 10.09% 4/30/2024 8/2/2030","1","396","Amount/ Units (1)","8,517"
"SRC042","230","5","Diligent Corp ..... (4)(10) SOFR+5.00% 10.09% 4/30/2024 8/2/2030","2","435","Cost (3)","8,487"
"SRC042","230","5","Diligent Corp ..... (4)(10) SOFR+5.00% 10.09% 4/30/2024 8/2/2030","3","470","Fair Value","8,517"
"SRC042","230","5","Diligent Corp ..... (4)(10) SOFR+5.00% 10.09% 4/30/2024 8/2/2030","4","503","% of Net Assets","0.14"
"SRC042","230","6","Education, Inc. .. (4)(10) SOFR+6.75% PIK) 4/7/2022 4/9/2029","1","396","Amount/ Units (1)","32,754"
"SRC042","230","6","Education, Inc. .. (4)(10) SOFR+6.75% PIK) 4/7/2022 4/9/2029","2","435","Cost (3)","32,438"
"SRC042","230","6","Education, Inc. .. (4)(10) SOFR+6.75% PIK) 4/7/2022 4/9/2029","3","470","Fair Value","27,596"
"SRC042","230","6","Education, Inc. .. (4)(10) SOFR+6.75% PIK) 4/7/2022 4/9/2029","4","503","% of Net Assets","0.45"
"SRC042","230","7","Education, Inc. .. (4)(5)(7)(10) SOFR+5.75% 10.20% 4/7/2022 4/9/2029","1","396","Amount/ Units (1)","2,193"
"SRC042","230","7","Education, Inc. .. (4)(5)(7)(10) SOFR+5.75% 10.20% 4/7/2022 4/9/2029","2","435","Cost (3)","2,157"
"SRC042","230","7","Education, Inc. .. (4)(5)(7)(10) SOFR+5.75% 10.20% 4/7/2022 4/9/2029","3","470","Fair Value","1,726"
"SRC042","230","7","Education, Inc. .. (4)(5)(7)(10) SOFR+5.75% 10.20% 4/7/2022 4/9/2029","4","503","% of Net Assets","0.03"
"SRC042","230","8","Education, Inc. .. (4)(5)(11) SOFR+6.75% PIK) 10/3/2023 4/9/2029","1","396","Amount/ Units (1)","3,687"
"SRC042","230","8","Education, Inc. .. (4)(5)(11) SOFR+6.75% PIK) 10/3/2023 4/9/2029","2","435","Cost (3)","3,652"
"SRC042","230","8","Education, Inc. .. (4)(5)(11) SOFR+6.75% PIK) 10/3/2023 4/9/2029","3","470","Fair Value","3,106"
"SRC042","230","8","Education, Inc. .. (4)(5)(11) SOFR+6.75% PIK) 10/3/2023 4/9/2029","4","503","% of Net Assets","0.05"
"SRC042","230","9","Dropbox Inc ...... (4)(5)(6)(10) SOFR+2.00% 6.45% 12/10/2024 12/11/2029","1","396","Amount/ Units (1)","26,471"
"SRC042","230","9","Dropbox Inc ...... (4)(5)(6)(10) SOFR+2.00% 6.45% 12/10/2024 12/11/2029","2","435","Cost (3)","26,152"
"SRC042","230","9","Dropbox Inc ...... (4)(5)(6)(10) SOFR+2.00% 6.45% 12/10/2024 12/11/2029","3","470","Fair Value","26,150"
"SRC042","230","9","Dropbox Inc ...... (4)(5)(6)(10) SOFR+2.00% 6.45% 12/10/2024 12/11/2029","4","503","% of Net Assets","0.43"
"SRC042","230","10","Dropbox Inc ...... (4)(5)(6)(7)(10)(18) SOFR+6.38% 10.83% 12/10/2024 12/11/2029","1","396","Amount/ Units (1)","35,294"
"SRC042","230","10","Dropbox Inc ...... (4)(5)(6)(7)(10)(18) SOFR+6.38% 10.83% 12/10/2024 12/11/2029","2","435","Cost (3)","34,433"
"SRC042","230","10","Dropbox Inc ...... (4)(5)(6)(7)(10)(18) SOFR+6.38% 10.83% 12/10/2024 12/11/2029","3","470","Fair Value","34,426"
"SRC042","230","10","Dropbox Inc ...... (4)(5)(6)(7)(10)(18) SOFR+6.38% 10.83% 12/10/2024 12/11/2029","4","503","% of Net Assets","0.57"
"SRC042","230","11","Edison Bidco AS .. (4)(5)(6)(7)(8) E+5.25% 7.91% 12/18/2024 12/18/2031 EUR","1","396","Amount/ Units (1)","345"
"SRC042","230","11","Edison Bidco AS .. (4)(5)(6)(7)(8) E+5.25% 7.91% 12/18/2024 12/18/2031 EUR","2","435","Cost (3)","377"
"SRC042","230","11","Edison Bidco AS .. (4)(5)(6)(7)(8) E+5.25% 7.91% 12/18/2024 12/18/2031 EUR","3","470","Fair Value","342"
"SRC042","230","11","Edison Bidco AS .. (4)(5)(6)(7)(8) E+5.25% 7.91% 12/18/2024 12/18/2031 EUR","4","503","% of Net Assets","0.01"
"SRC042","230","12","Ltd ........... (4)(5)(6)(8) SOFR+4.75% 9.44% 4/30/2024 4/29/2031","1","396","Amount/ Units (1)","5,046"
"SRC042","230","12","Ltd ........... (4)(5)(6)(8) SOFR+4.75% 9.44% 4/30/2024 4/29/2031","2","435","Cost (3)","5,026"
"SRC042","230","12","Ltd ........... (4)(5)(6)(8) SOFR+4.75% 9.44% 4/30/2024 4/29/2031","3","470","Fair Value","5,008"
"SRC042","230","12","Ltd ........... (4)(5)(6)(8) SOFR+4.75% 9.44% 4/30/2024 4/29/2031","4","503","% of Net Assets","0.08"
"SRC042","230","13","Ltd ........... (4)(5)(6)(8) S+5.00% 9.70% 3/27/2024 4/29/2031 GBP","1","396","Amount/ Units (1)","19,368"
"SRC042","230","13","Ltd ........... (4)(5)(6)(8) S+5.00% 9.70% 3/27/2024 4/29/2031 GBP","2","435","Cost (3)","23,989"
"SRC042","230","13","Ltd ........... (4)(5)(6)(8) S+5.00% 9.70% 3/27/2024 4/29/2031 GBP","3","470","Fair Value","24,065"
"SRC042","230","13","Ltd ........... (4)(5)(6)(8) S+5.00% 9.70% 3/27/2024 4/29/2031 GBP","4","503","% of Net Assets","0.40"
"SRC042","230","14","Ltd ........... (4)(5)(6)(8) SOFR+4.75% 9.11% 3/27/2024 4/29/2031","1","396","Amount/ Units (1)","6,063"
"SRC042","230","14","Ltd ........... (4)(5)(6)(8) SOFR+4.75% 9.11% 3/27/2024 4/29/2031","2","435","Cost (3)","5,998"
"SRC042","230","14","Ltd ........... (4)(5)(6)(8) SOFR+4.75% 9.11% 3/27/2024 4/29/2031","3","470","Fair Value","6,017"
"SRC042","230","14","Ltd ........... (4)(5)(6)(8) SOFR+4.75% 9.11% 3/27/2024 4/29/2031","4","503","% of Net Assets","0.10"
"SRC042","230","15","Ltd ........... (4)(5)(6)(8) S+5.00% 9.70% 3/27/2024 4/29/2031 GBP","1","396","Amount/ Units (1)","8,682"
"SRC042","230","15","Ltd ........... (4)(5)(6)(8) S+5.00% 9.70% 3/27/2024 4/29/2031 GBP","2","435","Cost (3)","10,802"
"SRC042","230","15","Ltd ........... (4)(5)(6)(8) S+5.00% 9.70% 3/27/2024 4/29/2031 GBP","3","470","Fair Value","10,788"
"SRC042","230","15","Ltd ........... (4)(5)(6)(8) S+5.00% 9.70% 3/27/2024 4/29/2031 GBP","4","503","% of Net Assets","0.18"
"SRC042","230","16","Ltd ........... (4)(5)(6)(8) S+5.00% 9.70% 11/29/2024 4/29/2031 GBP","1","396","Amount/ Units (1)","3,570"
"SRC042","230","16","Ltd ........... (4)(5)(6)(8) S+5.00% 9.70% 11/29/2024 4/29/2031 GBP","2","435","Cost (3)","4,419"
"SRC042","230","16","Ltd ........... (4)(5)(6)(8) S+5.00% 9.70% 11/29/2024 4/29/2031 GBP","3","470","Fair Value","4,436"
"SRC042","230","16","Ltd ........... (4)(5)(6)(8) S+5.00% 9.70% 11/29/2024 4/29/2031 GBP","4","503","% of Net Assets","0.07"
"SRC042","230","17","Holdings, LLC .. (4)(6)(10) SOFR+5.00% 9.59% 7/2/2024 7/2/2031","1","396","Amount/ Units (1)","22,222"
"SRC042","230","17","Holdings, LLC .. (4)(6)(10) SOFR+5.00% 9.59% 7/2/2024 7/2/2031","2","435","Cost (3)","22,119"
"SRC042","230","17","Holdings, LLC .. (4)(6)(10) SOFR+5.00% 9.59% 7/2/2024 7/2/2031","3","470","Fair Value","22,167"
"SRC042","230","17","Holdings, LLC .. (4)(6)(10) SOFR+5.00% 9.59% 7/2/2024 7/2/2031","4","503","% of Net Assets","0.36"
"SRC042","230","18","Holdings, LLC .. (4)(5)(6)(7)(10) SOFR+5.00% 9.59% 7/2/2024 7/2/2031","1","396","Amount/ Units (1)","2,178"
"SRC042","230","18","Holdings, LLC .. (4)(5)(6)(7)(10) SOFR+5.00% 9.59% 7/2/2024 7/2/2031","2","435","Cost (3)","2,150"
"SRC042","230","18","Holdings, LLC .. (4)(5)(6)(7)(10) SOFR+5.00% 9.59% 7/2/2024 7/2/2031","3","470","Fair Value","2,158"
"SRC042","230","18","Holdings, LLC .. (4)(5)(6)(7)(10) SOFR+5.00% 9.59% 7/2/2024 7/2/2031","4","503","% of Net Assets","0.04"
"SRC042","230","19","Experity, Inc. ..... (4)(5)(10) SOFR+6.00% PIK) 7/22/2021 2/24/2028","1","396","Amount/ Units (1)","11,845"
"SRC042","230","19","Experity, Inc. ..... (4)(5)(10) SOFR+6.00% PIK) 7/22/2021 2/24/2028","2","435","Cost (3)","11,734"
"SRC042","230","19","Experity, Inc. ..... (4)(5)(10) SOFR+6.00% PIK) 7/22/2021 2/24/2028","3","470","Fair Value","11,845"
"SRC042","230","19","Experity, Inc. ..... (4)(5)(10) SOFR+6.00% PIK) 7/22/2021 2/24/2028","4","503","% of Net Assets","0.19"
"SRC042","230","20","Experity, Inc. ..... (4)(5)(10) SOFR+6.00% PIK) 2/24/2022 2/24/2028","1","396","Amount/ Units (1)","3,785"
"SRC042","230","20","Experity, Inc. ..... (4)(5)(10) SOFR+6.00% PIK) 2/24/2022 2/24/2028","2","435","Cost (3)","3,746"
"SRC042","230","20","Experity, Inc. ..... (4)(5)(10) SOFR+6.00% PIK) 2/24/2022 2/24/2028","3","470","Fair Value","3,785"
"SRC042","230","20","Experity, Inc. ..... (4)(5)(10) SOFR+6.00% PIK) 2/24/2022 2/24/2028","4","503","% of Net Assets","0.06"
"SRC042","230","21","Experity, Inc. ..... (4)(5)(7)(10) SOFR+5.50% 9.86% 2/24/2022 2/24/2028","1","396","Amount/ Units (1)","256"
"SRC042","230","21","Experity, Inc. ..... (4)(5)(7)(10) SOFR+5.50% 9.86% 2/24/2022 2/24/2028","2","435","Cost (3)","224"
"SRC042","230","21","Experity, Inc. ..... (4)(5)(7)(10) SOFR+5.50% 9.86% 2/24/2022 2/24/2028","3","470","Fair Value","234"
"SRC042","230","21","Experity, Inc. ..... (4)(5)(7)(10) SOFR+5.50% 9.86% 2/24/2022 2/24/2028","4","503","% of Net Assets","0.00"
"SRC042","230","22","Gigamon Inc. ..... (4)(11) SOFR+5.75% 10.55% 3/11/2022 3/9/2029","1","396","Amount/ Units (1)","7,251"
"SRC042","230","22","Gigamon Inc. ..... (4)(11) SOFR+5.75% 10.55% 3/11/2022 3/9/2029","2","435","Cost (3)","7,164"
"SRC042","230","22","Gigamon Inc. ..... (4)(11) SOFR+5.75% 10.55% 3/11/2022 3/9/2029","3","470","Fair Value","6,798"
"SRC042","230","22","Gigamon Inc. ..... (4)(11) SOFR+5.75% 10.55% 3/11/2022 3/9/2029","4","503","% of Net Assets","0.11"
"SRC042","230","23","Gigamon Inc. ..... (4)(5)(10) SOFR+5.75% 10.48% 3/11/2022 3/9/2029","1","396","Amount/ Units (1)","437"
"SRC042","230","23","Gigamon Inc. ..... (4)(5)(10) SOFR+5.75% 10.48% 3/11/2022 3/9/2029","2","435","Cost (3)","435"
"SRC042","230","23","Gigamon Inc. ..... (4)(5)(10) SOFR+5.75% 10.48% 3/11/2022 3/9/2029","3","470","Fair Value","410"
"SRC042","230","23","Gigamon Inc. ..... (4)(5)(10) SOFR+5.75% 10.48% 3/11/2022 3/9/2029","4","503","% of Net Assets","0.01"
"SRC042","230","24","Inc. ........... (4)(7)(10) SOFR+5.00% 9.60% 7/15/2024 12/2/2028","1","396","Amount/ Units (1)","8,465"
"SRC042","230","24","Inc. ........... (4)(7)(10) SOFR+5.00% 9.60% 7/15/2024 12/2/2028","2","435","Cost (3)","8,424"
"SRC042","230","24","Inc. ........... (4)(7)(10) SOFR+5.00% 9.60% 7/15/2024 12/2/2028","3","470","Fair Value","8,447"
"SRC042","230","24","Inc. ........... (4)(7)(10) SOFR+5.00% 9.60% 7/15/2024 12/2/2028","4","503","% of Net Assets","0.14"
"SRC042","230","25","Granicus Inc. ..... (4)(10) SOFR+5.75% PIK) 1/17/2024 1/17/2031","1","396","Amount/ Units (1)","17,509"
"SRC042","230","25","Granicus Inc. ..... (4)(10) SOFR+5.75% PIK) 1/17/2024 1/17/2031","2","435","Cost (3)","17,362"
"SRC042","230","25","Granicus Inc. ..... (4)(10) SOFR+5.75% PIK) 1/17/2024 1/17/2031","3","470","Fair Value","17,509"
"SRC042","230","25","Granicus Inc. ..... (4)(10) SOFR+5.75% PIK) 1/17/2024 1/17/2031","4","503","% of Net Assets","0.29"
"SRC042","230","26","Granicus Inc. ..... (4)(7)(10) SOFR+5.25% PIK) 1/17/2024 1/17/2031","1","396","Amount/ Units (1)","4,692"
"SRC042","230","26","Granicus Inc. ..... (4)(7)(10) SOFR+5.25% PIK) 1/17/2024 1/17/2031","2","435","Cost (3)","4,646"
"SRC042","230","26","Granicus Inc. ..... (4)(7)(10) SOFR+5.25% PIK) 1/17/2024 1/17/2031","3","470","Fair Value","4,665"
"SRC042","230","26","Granicus Inc. ..... (4)(7)(10) SOFR+5.25% PIK) 1/17/2024 1/17/2031","4","503","% of Net Assets","0.08"
"SRC042","230","27","LLC .......... (4)(10) SOFR+4.75% 9.08% 6/28/2024 6/28/2031","1","396","Amount/ Units (1)","24,085"
"SRC042","230","27","LLC .......... (4)(10) SOFR+4.75% 9.08% 6/28/2024 6/28/2031","2","435","Cost (3)","23,917"
"SRC042","230","27","LLC .......... (4)(10) SOFR+4.75% 9.08% 6/28/2024 6/28/2031","3","470","Fair Value","24,085"
"SRC042","230","27","LLC .......... (4)(10) SOFR+4.75% 9.08% 6/28/2024 6/28/2031","4","503","% of Net Assets","0.40"
"SRC042","230","28","LLC .......... (4)(5)(7)(10) SOFR+4.75% 9.08% 6/28/2024 6/28/2031","1","396","Amount/ Units (1)","602"
"SRC042","230","28","LLC .......... (4)(5)(7)(10) SOFR+4.75% 9.08% 6/28/2024 6/28/2031","2","435","Cost (3)","544"
"SRC042","230","28","LLC .......... (4)(5)(7)(10) SOFR+4.75% 9.08% 6/28/2024 6/28/2031","3","470","Fair Value","591"
"SRC042","230","28","LLC .......... (4)(5)(7)(10) SOFR+4.75% 9.08% 6/28/2024 6/28/2031","4","503","% of Net Assets","0.01"
"SRC042","230","29","Inc ............ (4)(5)(7)(10) SOFR+5.25% 9.59% 3/26/2024 5/25/2028","1","396","Amount/ Units (1)","584"
"SRC042","230","29","Inc ............ (4)(5)(7)(10) SOFR+5.25% 9.59% 3/26/2024 5/25/2028","2","435","Cost (3)","575"
"SRC042","230","29","Inc ............ (4)(5)(7)(10) SOFR+5.25% 9.59% 3/26/2024 5/25/2028","3","470","Fair Value","577"
"SRC042","230","29","Inc ............ (4)(5)(7)(10) SOFR+5.25% 9.59% 3/26/2024 5/25/2028","4","503","% of Net Assets","0.01"
"SRC042","230","30","Inc ............ (4)(5)(7)(9) SOFR+5.25% 9.58% 3/26/2024 5/25/2028","1","396","Amount/ Units (1)","5,331"
"SRC042","230","30","Inc ............ (4)(5)(7)(9) SOFR+5.25% 9.58% 3/26/2024 5/25/2028","2","435","Cost (3)","5,305"
"SRC042","230","30","Inc ............ (4)(5)(7)(9) SOFR+5.25% 9.58% 3/26/2024 5/25/2028","3","470","Fair Value","5,295"
"SRC042","230","30","Inc ............ (4)(5)(7)(9) SOFR+5.25% 9.58% 3/26/2024 5/25/2028","4","503","% of Net Assets","0.09"
"SRC042","230","31","LLC .......... (4)(10) SOFR+5.55% PIK) 6/14/2024 6/14/2031","1","396","Amount/ Units (1)","14,716"
"SRC042","230","31","LLC .......... (4)(10) SOFR+5.55% PIK) 6/14/2024 6/14/2031","2","435","Cost (3)","14,581"
"SRC042","230","31","LLC .......... (4)(10) SOFR+5.55% PIK) 6/14/2024 6/14/2031","3","470","Fair Value","14,643"
"SRC042","230","31","LLC .......... (4)(10) SOFR+5.55% PIK) 6/14/2024 6/14/2031","4","503","% of Net Assets","0.24"
"SRC042","231","1","LLC .......... (4)(10) SOFR+5.55% PIK) 9/26/2024 6/14/2031 $","1","397","Amount/ Units (1)","6,705"
"SRC042","231","1","LLC .......... (4)(10) SOFR+5.55% PIK) 9/26/2024 6/14/2031 $","2","436","Cost (3)","6,641"
"SRC042","231","1","LLC .......... (4)(10) SOFR+5.55% PIK) 9/26/2024 6/14/2031 $","3","472","Fair Value","6,671"
"SRC042","231","1","LLC .......... (4)(10) SOFR+5.55% PIK) 9/26/2024 6/14/2031 $","4","503","% of Net Assets","0.11%"
"SRC042","231","2","LLC .......... (4)(10) SOFR+5.55% PIK) 6/14/2024 6/14/2031","1","397","Amount/ Units (1)","5,466"
"SRC042","231","2","LLC .......... (4)(10) SOFR+5.55% PIK) 6/14/2024 6/14/2031","2","436","Cost (3)","5,416"
"SRC042","231","2","LLC .......... (4)(10) SOFR+5.55% PIK) 6/14/2024 6/14/2031","3","472","Fair Value","5,439"
"SRC042","231","2","LLC .......... (4)(10) SOFR+5.55% PIK) 6/14/2024 6/14/2031","4","503","% of Net Assets","0.09"
"SRC042","231","3","Inc. ........... (4)(7)(11) SOFR+6.50% 10.86% 1/26/2024 1/25/2030","1","397","Amount/ Units (1)","32,592"
"SRC042","231","3","Inc. ........... (4)(7)(11) SOFR+6.50% 10.86% 1/26/2024 1/25/2030","2","436","Cost (3)","31,989"
"SRC042","231","3","Inc. ........... (4)(7)(11) SOFR+6.50% 10.86% 1/26/2024 1/25/2030","3","472","Fair Value","32,592"
"SRC042","231","3","Inc. ........... (4)(7)(11) SOFR+6.50% 10.86% 1/26/2024 1/25/2030","4","503","% of Net Assets","0.54"
"SRC042","231","4","Corp .......... (4)(10) SOFR+5.25% 9.76% 5/2/2022 5/2/2029","1","397","Amount/ Units (1)","4,892"
"SRC042","231","4","Corp .......... (4)(10) SOFR+5.25% 9.76% 5/2/2022 5/2/2029","2","436","Cost (3)","4,863"
"SRC042","231","4","Corp .......... (4)(10) SOFR+5.25% 9.76% 5/2/2022 5/2/2029","3","472","Fair Value","4,892"
"SRC042","231","4","Corp .......... (4)(10) SOFR+5.25% 9.76% 5/2/2022 5/2/2029","4","503","% of Net Assets","0.08"
"SRC042","231","5","Corp .......... (4)(5)(7)(10) SOFR+5.25% 9.77% 5/2/2022 5/2/2028","1","397","Amount/ Units (1)","231"
"SRC042","231","5","Corp .......... (4)(5)(7)(10) SOFR+5.25% 9.77% 5/2/2022 5/2/2028","2","436","Cost (3)","228"
"SRC042","231","5","Corp .......... (4)(5)(7)(10) SOFR+5.25% 9.77% 5/2/2022 5/2/2028","3","472","Fair Value","231"
"SRC042","231","5","Corp .......... (4)(5)(7)(10) SOFR+5.25% 9.77% 5/2/2022 5/2/2028","4","503","% of Net Assets","0.00"
"SRC042","231","6","Inc ............ (4)(10) SOFR+5.00% 9.59% 4/1/2024 12/1/2028","1","397","Amount/ Units (1)","197,500"
"SRC042","231","6","Inc ............ (4)(10) SOFR+5.00% 9.59% 4/1/2024 12/1/2028","2","436","Cost (3)","195,093"
"SRC042","231","6","Inc ............ (4)(10) SOFR+5.00% 9.59% 4/1/2024 12/1/2028","3","472","Fair Value","197,500"
"SRC042","231","6","Inc ............ (4)(10) SOFR+5.00% 9.59% 4/1/2024 12/1/2028","4","503","% of Net Assets","3.25"
"SRC042","231","7","Inc ............ (4)(5)(7)(10) SOFR+5.00% 9.36% 4/1/2024 12/1/2027","1","397","Amount/ Units (1)","2,760"
"SRC042","231","7","Inc ............ (4)(5)(7)(10) SOFR+5.00% 9.36% 4/1/2024 12/1/2027","2","436","Cost (3)","2,593"
"SRC042","231","7","Inc ............ (4)(5)(7)(10) SOFR+5.00% 9.36% 4/1/2024 12/1/2027","3","472","Fair Value","2,760"
"SRC042","231","7","Inc ............ (4)(5)(7)(10) SOFR+5.00% 9.36% 4/1/2024 12/1/2027","4","503","% of Net Assets","0.05"
"SRC042","231","8","JS Parent Inc ...... (4)(7)(10) SOFR+5.00% 9.59% 4/24/2024 4/24/2031","1","397","Amount/ Units (1)","35,577"
"SRC042","231","8","JS Parent Inc ...... (4)(7)(10) SOFR+5.00% 9.59% 4/24/2024 4/24/2031","2","436","Cost (3)","35,401"
"SRC042","231","8","JS Parent Inc ...... (4)(7)(10) SOFR+5.00% 9.59% 4/24/2024 4/24/2031","3","472","Fair Value","35,560"
"SRC042","231","8","JS Parent Inc ...... (4)(7)(10) SOFR+5.00% 9.59% 4/24/2024 4/24/2031","4","503","% of Net Assets","0.59"
"SRC042","231","9","Holdings, Inc. ... (4)(11) SOFR+7.50% 11.93% 2/8/2021 8/9/2027","1","397","Amount/ Units (1)","84,303"
"SRC042","231","9","Holdings, Inc. ... (4)(11) SOFR+7.50% 11.93% 2/8/2021 8/9/2027","2","436","Cost (3)","83,931"
"SRC042","231","9","Holdings, Inc. ... (4)(11) SOFR+7.50% 11.93% 2/8/2021 8/9/2027","3","472","Fair Value","83,671"
"SRC042","231","9","Holdings, Inc. ... (4)(11) SOFR+7.50% 11.93% 2/8/2021 8/9/2027","4","503","% of Net Assets","1.38"
"SRC042","231","10","LP ............ (4)(5)(8) SOFR+5.00% 9.59% 6/1/2022 5/9/2026","1","397","Amount/ Units (1)","1,950"
"SRC042","231","10","LP ............ (4)(5)(8) SOFR+5.00% 9.59% 6/1/2022 5/9/2026","2","436","Cost (3)","1,933"
"SRC042","231","10","LP ............ (4)(5)(8) SOFR+5.00% 9.59% 6/1/2022 5/9/2026","3","472","Fair Value","1,867"
"SRC042","231","10","LP ............ (4)(5)(8) SOFR+5.00% 9.59% 6/1/2022 5/9/2026","4","503","% of Net Assets","0.03"
"SRC042","231","11","Inc ............ (4)(5)(7)(10) SOFR+5.50% 9.99% 11/15/2024 11/15/2031","1","397","Amount/ Units (1)","15,936"
"SRC042","231","11","Inc ............ (4)(5)(7)(10) SOFR+5.50% 9.99% 11/15/2024 11/15/2031","2","436","Cost (3)","15,716"
"SRC042","231","11","Inc ............ (4)(5)(7)(10) SOFR+5.50% 9.99% 11/15/2024 11/15/2031","3","472","Fair Value","15,712"
"SRC042","231","11","Inc ............ (4)(5)(7)(10) SOFR+5.50% 9.99% 11/15/2024 11/15/2031","4","503","% of Net Assets","0.26"
"SRC042","231","12","Inc. ........... (4)(5)(10) SOFR+5.00% 9.36% 5/19/2022 5/18/2029","1","397","Amount/ Units (1)","5,628"
"SRC042","231","12","Inc. ........... (4)(5)(10) SOFR+5.00% 9.36% 5/19/2022 5/18/2029","2","436","Cost (3)","5,549"
"SRC042","231","12","Inc. ........... (4)(5)(10) SOFR+5.00% 9.36% 5/19/2022 5/18/2029","3","472","Fair Value","5,628"
"SRC042","231","12","Inc. ........... (4)(5)(10) SOFR+5.00% 9.36% 5/19/2022 5/18/2029","4","503","% of Net Assets","0.09"
"SRC042","231","13","Inc. ........... (4)(5)(10) SOFR+5.00% 9.36% 3/21/2024 5/18/2029","1","397","Amount/ Units (1)","140"
"SRC042","231","13","Inc. ........... (4)(5)(10) SOFR+5.00% 9.36% 3/21/2024 5/18/2029","2","436","Cost (3)","139"
"SRC042","231","13","Inc. ........... (4)(5)(10) SOFR+5.00% 9.36% 3/21/2024 5/18/2029","3","472","Fair Value","140"
"SRC042","231","13","Inc. ........... (4)(5)(10) SOFR+5.00% 9.36% 3/21/2024 5/18/2029","4","503","% of Net Assets","0.00"
"SRC042","231","14","Inc. ........... (4)(5)(10) S+5.00% 9.70% 5/19/2022 5/18/2029 GBP","1","397","Amount/ Units (1)","3,374"
"SRC042","231","14","Inc. ........... (4)(5)(10) S+5.00% 9.70% 5/19/2022 5/18/2029 GBP","2","436","Cost (3)","4,148"
"SRC042","231","14","Inc. ........... (4)(5)(10) S+5.00% 9.70% 5/19/2022 5/18/2029 GBP","3","472","Fair Value","4,224"
"SRC042","231","14","Inc. ........... (4)(5)(10) S+5.00% 9.70% 5/19/2022 5/18/2029 GBP","4","503","% of Net Assets","0.07"
"SRC042","231","15","Holdings, Inc. ... (4)(5)(9) SOFR+3.75% 8.23% 7/30/2021 7/31/2028","1","397","Amount/ Units (1)","8,439"
"SRC042","231","15","Holdings, Inc. ... (4)(5)(9) SOFR+3.75% 8.23% 7/30/2021 7/31/2028","2","436","Cost (3)","8,374"
"SRC042","231","15","Holdings, Inc. ... (4)(5)(9) SOFR+3.75% 8.23% 7/30/2021 7/31/2028","3","472","Fair Value","7,300"
"SRC042","231","15","Holdings, Inc. ... (4)(5)(9) SOFR+3.75% 8.23% 7/30/2021 7/31/2028","4","503","% of Net Assets","0.12"
"SRC042","231","16","Holdings, Inc. ... (4)(5)(9) SOFR+6.25% 10.73% 6/9/2023 6/9/2030","1","397","Amount/ Units (1)","6,895"
"SRC042","231","16","Holdings, Inc. ... (4)(5)(9) SOFR+6.25% 10.73% 6/9/2023 6/9/2030","2","436","Cost (3)","6,734"
"SRC042","231","16","Holdings, Inc. ... (4)(5)(9) SOFR+6.25% 10.73% 6/9/2023 6/9/2030","3","472","Fair Value","6,619"
"SRC042","231","16","Holdings, Inc. ... (4)(5)(9) SOFR+6.25% 10.73% 6/9/2023 6/9/2030","4","503","% of Net Assets","0.11"
"SRC042","231","17","Holdings, Inc. ... (4)(5)(8) SOFR+3.75% 8.10% 7/30/2021 7/31/2026","1","397","Amount/ Units (1)","1,200"
"SRC042","231","17","Holdings, Inc. ... (4)(5)(8) SOFR+3.75% 8.10% 7/30/2021 7/31/2026","2","436","Cost (3)","1,196"
"SRC042","231","17","Holdings, Inc. ... (4)(5)(8) SOFR+3.75% 8.10% 7/30/2021 7/31/2026","3","472","Fair Value","1,038"
"SRC042","231","17","Holdings, Inc. ... (4)(5)(8) SOFR+3.75% 8.10% 7/30/2021 7/31/2026","4","503","% of Net Assets","0.02"
"SRC042","231","18","Medallia, Inc. ..... (4)(10) SOFR+6.50% PIK) 10/28/2021 10/29/2028","1","397","Amount/ Units (1)","379,194"
"SRC042","231","18","Medallia, Inc. ..... (4)(10) SOFR+6.50% PIK) 10/28/2021 10/29/2028","2","436","Cost (3)","375,690"
"SRC042","231","18","Medallia, Inc. ..... (4)(10) SOFR+6.50% PIK) 10/28/2021 10/29/2028","3","472","Fair Value","356,442"
"SRC042","231","18","Medallia, Inc. ..... (4)(10) SOFR+6.50% PIK) 10/28/2021 10/29/2028","4","503","% of Net Assets","5.87"
"SRC042","231","19","Medallia, Inc. ..... (4)(5)(10) SOFR+6.50% PIK) 8/16/2022 10/29/2028","1","397","Amount/ Units (1)","2,225"
"SRC042","231","19","Medallia, Inc. ..... (4)(5)(10) SOFR+6.50% PIK) 8/16/2022 10/29/2028","2","436","Cost (3)","2,200"
"SRC042","231","19","Medallia, Inc. ..... (4)(5)(10) SOFR+6.50% PIK) 8/16/2022 10/29/2028","3","472","Fair Value","2,092"
"SRC042","231","19","Medallia, Inc. ..... (4)(5)(10) SOFR+6.50% PIK) 8/16/2022 10/29/2028","4","503","% of Net Assets","0.03"
"SRC042","231","20","Co. ........... (4)(10)(18) SOFR+5.50% 9.93% 12/1/2021 12/1/2027","1","397","Amount/ Units (1)","4,755"
"SRC042","231","20","Co. ........... (4)(10)(18) SOFR+5.50% 9.93% 12/1/2021 12/1/2027","2","436","Cost (3)","4,699"
"SRC042","231","20","Co. ........... (4)(10)(18) SOFR+5.50% 9.93% 12/1/2021 12/1/2027","3","472","Fair Value","4,755"
"SRC042","231","20","Co. ........... (4)(10)(18) SOFR+5.50% 9.93% 12/1/2021 12/1/2027","4","503","% of Net Assets","0.08"
"SRC042","231","21","Co. ........... (4)(5)(7)(10) SOFR+5.50% 9.93% 12/1/2021 12/1/2027","1","397","Amount/ Units (1)","288"
"SRC042","231","21","Co. ........... (4)(5)(7)(10) SOFR+5.50% 9.93% 12/1/2021 12/1/2027","2","436","Cost (3)","280"
"SRC042","231","21","Co. ........... (4)(5)(7)(10) SOFR+5.50% 9.93% 12/1/2021 12/1/2027","3","472","Fair Value","288"
"SRC042","231","21","Co. ........... (4)(5)(7)(10) SOFR+5.50% 9.93% 12/1/2021 12/1/2027","4","503","% of Net Assets","0.00"
"SRC042","231","22","LLC .......... (11) SOFR+4.75% 9.08% 9/22/2020 2/10/2027","1","397","Amount/ Units (1)","6,725"
"SRC042","231","22","LLC .......... (11) SOFR+4.75% 9.08% 9/22/2020 2/10/2027","2","436","Cost (3)","6,730"
"SRC042","231","22","LLC .......... (11) SOFR+4.75% 9.08% 9/22/2020 2/10/2027","3","472","Fair Value","6,742"
"SRC042","231","22","LLC .......... (11) SOFR+4.75% 9.08% 9/22/2020 2/10/2027","4","503","% of Net Assets","0.11"
"SRC042","232","1","LLC .......... (4)(7)(11) SOFR+4.75% 9.08% 2/10/2020 2/10/2027 $","1","394","Amount/ Units (1)","50,974"
"SRC042","232","1","LLC .......... (4)(7)(11) SOFR+4.75% 9.08% 2/10/2020 2/10/2027 $","2","435","Cost (3)","50,911"
"SRC042","232","1","LLC .......... (4)(7)(11) SOFR+4.75% 9.08% 2/10/2020 2/10/2027 $","3","471","Fair Value","50,879"
"SRC042","232","1","LLC .......... (4)(7)(11) SOFR+4.75% 9.08% 2/10/2020 2/10/2027 $","4","505","% of Net Assets","0.84%"
"SRC042","232","2","LLC .......... (4)(11) SOFR+4.75% 9.08% 12/19/2023 2/10/2027","1","394","Amount/ Units (1)","40,120"
"SRC042","232","2","LLC .......... (4)(11) SOFR+4.75% 9.08% 12/19/2023 2/10/2027","2","435","Cost (3)","39,811"
"SRC042","232","2","LLC .......... (4)(11) SOFR+4.75% 9.08% 12/19/2023 2/10/2027","3","471","Fair Value","40,020"
"SRC042","232","2","LLC .......... (4)(11) SOFR+4.75% 9.08% 12/19/2023 2/10/2027","4","505","% of Net Assets","0.66"
"SRC042","232","3","Inc. ........... (4)(7)(10) SOFR+5.50% 9.88% 11/9/2023 11/9/2030","1","394","Amount/ Units (1)","60,843"
"SRC042","232","3","Inc. ........... (4)(7)(10) SOFR+5.50% 9.88% 11/9/2023 11/9/2030","2","435","Cost (3)","59,743"
"SRC042","232","3","Inc. ........... (4)(7)(10) SOFR+5.50% 9.88% 11/9/2023 11/9/2030","3","471","Fair Value","60,843"
"SRC042","232","3","Inc. ........... (4)(7)(10) SOFR+5.50% 9.88% 11/9/2023 11/9/2030","4","505","% of Net Assets","1.00"
"SRC042","232","4","Limited ........ (4)(6)(8) SOFR+6.00% PIK) 11/12/2021 11/13/2028","1","394","Amount/ Units (1)","34,037"
"SRC042","232","4","Limited ........ (4)(6)(8) SOFR+6.00% PIK) 11/12/2021 11/13/2028","2","435","Cost (3)","33,667"
"SRC042","232","4","Limited ........ (4)(6)(8) SOFR+6.00% PIK) 11/12/2021 11/13/2028","3","471","Fair Value","31,654"
"SRC042","232","4","Limited ........ (4)(6)(8) SOFR+6.00% PIK) 11/12/2021 11/13/2028","4","505","% of Net Assets","0.52"
"SRC042","232","5","Ltd ........... (4)(5)(6)(7)(10) SOFR+5.00% 9.33% 6/10/2024 6/24/2031","1","394","Amount/ Units (1)","16,792"
"SRC042","232","5","Ltd ........... (4)(5)(6)(7)(10) SOFR+5.00% 9.33% 6/10/2024 6/24/2031","2","435","Cost (3)","16,598"
"SRC042","232","5","Ltd ........... (4)(5)(6)(7)(10) SOFR+5.00% 9.33% 6/10/2024 6/24/2031","3","471","Fair Value","16,772"
"SRC042","232","5","Ltd ........... (4)(5)(6)(7)(10) SOFR+5.00% 9.33% 6/10/2024 6/24/2031","4","505","% of Net Assets","0.28"
"SRC042","232","6","America Inc .... (4)(5)(10) S+5.50% 10.20% 10/30/2024 10/30/2031 GBP","1","394","Amount/ Units (1)","865"
"SRC042","232","6","America Inc .... (4)(5)(10) S+5.50% 10.20% 10/30/2024 10/30/2031 GBP","2","435","Cost (3)","1,110"
"SRC042","232","6","America Inc .... (4)(5)(10) S+5.50% 10.20% 10/30/2024 10/30/2031 GBP","3","471","Fair Value","1,072"
"SRC042","232","6","America Inc .... (4)(5)(10) S+5.50% 10.20% 10/30/2024 10/30/2031 GBP","4","505","% of Net Assets","0.02"
"SRC042","232","7","America Inc .... (4)(5)(10) E+5.25% 8.11% 10/30/2024 10/30/2031 EUR","1","394","Amount/ Units (1)","2,882"
"SRC042","232","7","America Inc .... (4)(5)(10) E+5.25% 8.11% 10/30/2024 10/30/2031 EUR","2","435","Cost (3)","3,099"
"SRC042","232","7","America Inc .... (4)(5)(10) E+5.25% 8.11% 10/30/2024 10/30/2031 EUR","3","471","Fair Value","2,956"
"SRC042","232","7","America Inc .... (4)(5)(10) E+5.25% 8.11% 10/30/2024 10/30/2031 EUR","4","505","% of Net Assets","0.05"
"SRC042","232","8","America Inc .... (4)(5)(7)(10) SOFR+5.00% 9.36% 10/30/2024 10/30/2031","1","394","Amount/ Units (1)","8,214"
"SRC042","232","8","America Inc .... (4)(5)(7)(10) SOFR+5.00% 9.36% 10/30/2024 10/30/2031","2","435","Cost (3)","8,122"
"SRC042","232","8","America Inc .... (4)(5)(7)(10) SOFR+5.00% 9.36% 10/30/2024 10/30/2031","3","471","Fair Value","8,120"
"SRC042","232","8","America Inc .... (4)(5)(7)(10) SOFR+5.00% 9.36% 10/30/2024 10/30/2031","4","505","% of Net Assets","0.13"
"SRC042","232","9","Inc ............ (4)(5)(7)(11) SOFR+7.50% 12.07% 2/1/2023 2/1/2029","1","394","Amount/ Units (1)","2,000"
"SRC042","232","9","Inc ............ (4)(5)(7)(11) SOFR+7.50% 12.07% 2/1/2023 2/1/2029","2","435","Cost (3)","1,962"
"SRC042","232","9","Inc ............ (4)(5)(7)(11) SOFR+7.50% 12.07% 2/1/2023 2/1/2029","3","471","Fair Value","2,000"
"SRC042","232","9","Inc ............ (4)(5)(7)(11) SOFR+7.50% 12.07% 2/1/2023 2/1/2029","4","505","% of Net Assets","0.03"
"SRC042","232","10","Inc ............ (4)(11) SOFR+7.25% 11.82% 4/19/2024 2/1/2029","1","394","Amount/ Units (1)","33,969"
"SRC042","232","10","Inc ............ (4)(11) SOFR+7.25% 11.82% 4/19/2024 2/1/2029","2","435","Cost (3)","33,366"
"SRC042","232","10","Inc ............ (4)(11) SOFR+7.25% 11.82% 4/19/2024 2/1/2029","3","471","Fair Value","33,969"
"SRC042","232","10","Inc ............ (4)(11) SOFR+7.25% 11.82% 4/19/2024 2/1/2029","4","505","% of Net Assets","0.56"
"SRC042","232","11","Inc. ........... (4)(7)(10) SOFR+5.50% 10.09% 2/1/2024 2/3/2031","1","394","Amount/ Units (1)","42,177"
"SRC042","232","11","Inc. ........... (4)(7)(10) SOFR+5.50% 10.09% 2/1/2024 2/3/2031","2","435","Cost (3)","41,583"
"SRC042","232","11","Inc. ........... (4)(7)(10) SOFR+5.50% 10.09% 2/1/2024 2/3/2031","3","471","Fair Value","41,760"
"SRC042","232","11","Inc. ........... (4)(7)(10) SOFR+5.50% 10.09% 2/1/2024 2/3/2031","4","505","% of Net Assets","0.69"
"SRC042","232","12","Holding Corp ... (4)(5)(7)(10) SOFR+4.75% 9.08% 10/21/2024 10/17/2029","1","394","Amount/ Units (1)","6,691"
"SRC042","232","12","Holding Corp ... (4)(5)(7)(10) SOFR+4.75% 9.08% 10/21/2024 10/17/2029","2","435","Cost (3)","6,691"
"SRC042","232","12","Holding Corp ... (4)(5)(7)(10) SOFR+4.75% 9.08% 10/21/2024 10/17/2029","3","471","Fair Value","6,691"
"SRC042","232","12","Holding Corp ... (4)(5)(7)(10) SOFR+4.75% 9.08% 10/21/2024 10/17/2029","4","505","% of Net Assets","0.11"
"SRC042","232","13","QBS Parent Inc .... (4)(5)(7)(10) SOFR+4.75% 9.27% 11/7/2024 11/7/2031","1","394","Amount/ Units (1)","9,319"
"SRC042","232","13","QBS Parent Inc .... (4)(5)(7)(10) SOFR+4.75% 9.27% 11/7/2024 11/7/2031","2","435","Cost (3)","9,268"
"SRC042","232","13","QBS Parent Inc .... (4)(5)(7)(10) SOFR+4.75% 9.27% 11/7/2024 11/7/2031","3","471","Fair Value","9,267"
"SRC042","232","13","QBS Parent Inc .... (4)(5)(7)(10) SOFR+4.75% 9.27% 11/7/2024 11/7/2031","4","505","% of Net Assets","0.15"
"SRC042","232","14","Inc. ........... (4)(5)(10) SOFR+5.75% PIK) 7/19/2022 7/19/2028","1","394","Amount/ Units (1)","885"
"SRC042","232","14","Inc. ........... (4)(5)(10) SOFR+5.75% PIK) 7/19/2022 7/19/2028","2","435","Cost (3)","874"
"SRC042","232","14","Inc. ........... (4)(5)(10) SOFR+5.75% PIK) 7/19/2022 7/19/2028","3","471","Fair Value","820"
"SRC042","232","14","Inc. ........... (4)(5)(10) SOFR+5.75% PIK) 7/19/2022 7/19/2028","4","505","% of Net Assets","0.01"
"SRC042","232","15","Rally Buyer, Inc. .. (4)(5)(7)(10) SOFR+5.75% 10.18% 7/19/2022 7/19/2028","1","394","Amount/ Units (1)","85"
"SRC042","232","15","Rally Buyer, Inc. .. (4)(5)(7)(10) SOFR+5.75% 10.18% 7/19/2022 7/19/2028","2","435","Cost (3)","83"
"SRC042","232","15","Rally Buyer, Inc. .. (4)(5)(7)(10) SOFR+5.75% 10.18% 7/19/2022 7/19/2028","3","471","Fair Value","77"
"SRC042","232","15","Rally Buyer, Inc. .. (4)(5)(7)(10) SOFR+5.75% 10.18% 7/19/2022 7/19/2028","4","505","% of Net Assets","0.00"
"SRC042","232","16","LLC .......... (4)(7)(11) SOFR+4.50% 8.86% 5/12/2021 5/12/2029","1","394","Amount/ Units (1)","19,337"
"SRC042","232","16","LLC .......... (4)(7)(11) SOFR+4.50% 8.86% 5/12/2021 5/12/2029","2","435","Cost (3)","19,131"
"SRC042","232","16","LLC .......... (4)(7)(11) SOFR+4.50% 8.86% 5/12/2021 5/12/2029","3","471","Fair Value","19,251"
"SRC042","232","16","LLC .......... (4)(7)(11) SOFR+4.50% 8.86% 5/12/2021 5/12/2029","4","505","% of Net Assets","0.32"
"SRC042","232","17","SAS ........... (4)(5)(6)(7)(8) E+5.75% 8.43% 4/3/2024 4/30/2031 EUR","1","394","Amount/ Units (1)","22,826"
"SRC042","232","17","SAS ........... (4)(5)(6)(7)(8) E+5.75% 8.43% 4/3/2024 4/30/2031 EUR","2","435","Cost (3)","24,678"
"SRC042","232","17","SAS ........... (4)(5)(6)(7)(8) E+5.75% 8.43% 4/3/2024 4/30/2031 EUR","3","471","Fair Value","23,362"
"SRC042","232","17","SAS ........... (4)(5)(6)(7)(8) E+5.75% 8.43% 4/3/2024 4/30/2031 EUR","4","505","% of Net Assets","0.38"
"SRC042","232","18","Inc ............ (4)(5)(7)(10) SOFR+5.00% 9.33% 10/17/2024 10/17/2031","1","394","Amount/ Units (1)","91,506"
"SRC042","232","18","Inc ............ (4)(5)(7)(10) SOFR+5.00% 9.33% 10/17/2024 10/17/2031","2","435","Cost (3)","90,449"
"SRC042","232","18","Inc ............ (4)(5)(7)(10) SOFR+5.00% 9.33% 10/17/2024 10/17/2031","3","471","Fair Value","90,417"
"SRC042","232","18","Inc ............ (4)(5)(7)(10) SOFR+5.00% 9.33% 10/17/2024 10/17/2031","4","505","% of Net Assets","1.49"
"SRC042","232","19","Inc. ........... (4)(11) SOFR+5.50% 9.96% 3/9/2021 3/11/2027","1","394","Amount/ Units (1)","56,832"
"SRC042","232","19","Inc. ........... (4)(11) SOFR+5.50% 9.96% 3/9/2021 3/11/2027","2","435","Cost (3)","56,522"
"SRC042","232","19","Inc. ........... (4)(11) SOFR+5.50% 9.96% 3/9/2021 3/11/2027","3","471","Fair Value","56,832"
"SRC042","232","19","Inc. ........... (4)(11) SOFR+5.50% 9.96% 3/9/2021 3/11/2027","4","505","% of Net Assets","0.94"
"SRC042","232","20","Inc. ........... (4)(9) SOFR +5.50% 9.96% 11/19/2021 3/11/2027","1","394","Amount/ Units (1)","20,984"
"SRC042","232","20","Inc. ........... (4)(9) SOFR +5.50% 9.96% 11/19/2021 3/11/2027","2","435","Cost (3)","20,810"
"SRC042","232","20","Inc. ........... (4)(9) SOFR +5.50% 9.96% 11/19/2021 3/11/2027","3","471","Fair Value","20,984"
"SRC042","232","20","Inc. ........... (4)(9) SOFR +5.50% 9.96% 11/19/2021 3/11/2027","4","505","% of Net Assets","0.35"
"SRC042","232","21","Inc. ........... (4)(5)(11) E +5.50% 8.36% 3/8/2021 3/11/2027 EUR","1","394","Amount/ Units (1)","10,133"
"SRC042","232","21","Inc. ........... (4)(5)(11) E +5.50% 8.36% 3/8/2021 3/11/2027 EUR","2","435","Cost (3)","12,143"
"SRC042","232","21","Inc. ........... (4)(5)(11) E +5.50% 8.36% 3/8/2021 3/11/2027 EUR","3","471","Fair Value","10,496"
"SRC042","232","21","Inc. ........... (4)(5)(11) E +5.50% 8.36% 3/8/2021 3/11/2027 EUR","4","505","% of Net Assets","0.17"
"SRC042","232","22","Stamps.com, Inc. .. (4)(5)(10) SOFR +5.75% 10.94% 12/14/2021 10/5/2028","1","394","Amount/ Units (1)","3,282"
"SRC042","232","22","Stamps.com, Inc. .. (4)(5)(10) SOFR +5.75% 10.94% 12/14/2021 10/5/2028","2","435","Cost (3)","3,245"
"SRC042","232","22","Stamps.com, Inc. .. (4)(5)(10) SOFR +5.75% 10.94% 12/14/2021 10/5/2028","3","471","Fair Value","3,224"
"SRC042","232","22","Stamps.com, Inc. .. (4)(5)(10) SOFR +5.75% 10.94% 12/14/2021 10/5/2028","4","505","% of Net Assets","0.05"
"SRC042","232","23","Stamps.com, Inc. .. (4)(10) SOFR +5.75% 10.94% 10/5/2021 10/5/2028","1","394","Amount/ Units (1)","279,014"
"SRC042","232","23","Stamps.com, Inc. .. (4)(10) SOFR +5.75% 10.94% 10/5/2021 10/5/2028","2","435","Cost (3)","276,018"
"SRC042","232","23","Stamps.com, Inc. .. (4)(10) SOFR +5.75% 10.94% 10/5/2021 10/5/2028","3","471","Fair Value","274,131"
"SRC042","232","23","Stamps.com, Inc. .. (4)(10) SOFR +5.75% 10.94% 10/5/2021 10/5/2028","4","505","% of Net Assets","4.51"
"SRC042","232","24","SAS ........... (4)(5)(6)(8) E +5.00% 8.18% 10/17/2024 10/17/2031 EUR","1","394","Amount/ Units (1)","11,872"
"SRC042","232","24","SAS ........... (4)(5)(6)(8) E +5.00% 8.18% 10/17/2024 10/17/2031 EUR","2","435","Cost (3)","12,679"
"SRC042","232","24","SAS ........... (4)(5)(6)(8) E +5.00% 8.18% 10/17/2024 10/17/2031 EUR","3","471","Fair Value","12,124"
"SRC042","232","24","SAS ........... (4)(5)(6)(8) E +5.00% 8.18% 10/17/2024 10/17/2031 EUR","4","505","% of Net Assets","0.20"
"SRC042","232","25","SAS ........... (4)(5)(6)(7)(8) E +5.00% 8.05% 10/17/2024 10/17/2031 EUR","1","394","Amount/ Units (1)","2,583"
"SRC042","232","25","SAS ........... (4)(5)(6)(7)(8) E +5.00% 8.05% 10/17/2024 10/17/2031 EUR","2","435","Cost (3)","2,750"
"SRC042","232","25","SAS ........... (4)(5)(6)(7)(8) E +5.00% 8.05% 10/17/2024 10/17/2031 EUR","3","471","Fair Value","2,596"
"SRC042","232","25","SAS ........... (4)(5)(6)(7)(8) E +5.00% 8.05% 10/17/2024 10/17/2031 EUR","4","505","% of Net Assets","0.04"
"SRC042","232","26","Triple Lift, Inc. .... (4)(7)(10) SOFR +5.75% 10.25% 3/18/2022 5/5/2028","1","394","Amount/ Units (1)","13,742"
"SRC042","232","26","Triple Lift, Inc. .... (4)(7)(10) SOFR +5.75% 10.25% 3/18/2022 5/5/2028","2","435","Cost (3)","13,518"
"SRC042","232","26","Triple Lift, Inc. .... (4)(7)(10) SOFR +5.75% 10.25% 3/18/2022 5/5/2028","3","471","Fair Value","12,884"
"SRC042","232","26","Triple Lift, Inc. .... (4)(7)(10) SOFR +5.75% 10.25% 3/18/2022 5/5/2028","4","505","% of Net Assets","0.21"
"SRC042","232","27","Triple Lift, Inc. .... (4)(10) SOFR +5.75% 10.25% 5/6/2021 5/5/2028","1","394","Amount/ Units (1)","47,285"
"SRC042","232","27","Triple Lift, Inc. .... (4)(10) SOFR +5.75% 10.25% 5/6/2021 5/5/2028","2","435","Cost (3)","46,834"
"SRC042","232","27","Triple Lift, Inc. .... (4)(10) SOFR +5.75% 10.25% 5/6/2021 5/5/2028","3","471","Fair Value","45,394"
"SRC042","232","27","Triple Lift, Inc. .... (4)(10) SOFR +5.75% 10.25% 5/6/2021 5/5/2028","4","505","% of Net Assets","0.75"
"SRC042","232","28","Corp .......... (4)(5)(7)(10) SOFR +6.00% PIK) 8/23/2024 8/23/2031","1","394","Amount/ Units (1)","12,133"
"SRC042","232","28","Corp .......... (4)(5)(7)(10) SOFR +6.00% PIK) 8/23/2024 8/23/2031","2","435","Cost (3)","11,926"
"SRC042","232","28","Corp .......... (4)(5)(7)(10) SOFR +6.00% PIK) 8/23/2024 8/23/2031","3","471","Fair Value","11,998"
"SRC042","232","28","Corp .......... (4)(5)(7)(10) SOFR +6.00% PIK) 8/23/2024 8/23/2031","4","505","% of Net Assets","0.20"
"SRC042","232","29","WPEngine, Inc. ... (4)(7)(10) SOFR +6.50% 10.90% 8/14/2023 8/14/2029","1","394","Amount/ Units (1)","66,667"
"SRC042","232","29","WPEngine, Inc. ... (4)(7)(10) SOFR +6.50% 10.90% 8/14/2023 8/14/2029","2","435","Cost (3)","64,975"
"SRC042","232","29","WPEngine, Inc. ... (4)(7)(10) SOFR +6.50% 10.90% 8/14/2023 8/14/2029","3","471","Fair Value","66,467"
"SRC042","232","29","WPEngine, Inc. ... (4)(7)(10) SOFR +6.50% 10.90% 8/14/2023 8/14/2029","4","505","% of Net Assets","1.09"
"SRC042","232","30","Zendesk Inc ...... (4)(5)(7)(10) SOFR +5.00% 9.33% 7/23/2024 11/22/2028","1","394","Amount/ Units (1)","1,619"
"SRC042","232","30","Zendesk Inc ...... (4)(5)(7)(10) SOFR +5.00% 9.33% 7/23/2024 11/22/2028","2","435","Cost (3)","1,594"
"SRC042","232","30","Zendesk Inc ...... (4)(5)(7)(10) SOFR +5.00% 9.33% 7/23/2024 11/22/2028","3","471","Fair Value","1,614"
"SRC042","232","30","Zendesk Inc ...... (4)(5)(7)(10) SOFR +5.00% 9.33% 7/23/2024 11/22/2028","4","505","% of Net Assets","0.03"
"SRC042","232","31","Zorro Bidco Ltd ... (4)(5)(6)(7)(8) S +5.00% 9.70% 8/13/2024 8/13/2031 GBP","1","394","Amount/ Units (1)","26,283"
"SRC042","232","31","Zorro Bidco Ltd ... (4)(5)(6)(7)(8) S +5.00% 9.70% 8/13/2024 8/13/2031 GBP","2","435","Cost (3)","32,671"
"SRC042","232","31","Zorro Bidco Ltd ... (4)(5)(6)(7)(8) S +5.00% 9.70% 8/13/2024 8/13/2031 GBP","3","471","Fair Value","32,502"
"SRC042","232","31","Zorro Bidco Ltd ... (4)(5)(6)(7)(8) S +5.00% 9.70% 8/13/2024 8/13/2031 GBP","4","505","% of Net Assets","0.53"
"SRC042","233","1","CustomInk, LLC ... (4)(11)(18) SOFR +5.98% 10.57% 5/3/2019 5/3/2026 $","1","394","Par Amount/ Units (1)","163,594"
"SRC042","233","1","CustomInk, LLC ... (4)(11)(18) SOFR +5.98% 10.57% 5/3/2019 5/3/2026 $","2","449","Fair Cost (3) Value","163,009 163,594"
"SRC042","233","1","CustomInk, LLC ... (4)(11)(18) SOFR +5.98% 10.57% 5/3/2019 5/3/2026 $","3","507","% of Net Assets","2.69%"
"SRC042","233","2","Lytx, Inc. ........ (4)(11) SOFR +5.00% 9.48% 6/13/2024 2/28/2028","1","394","Par Amount/ Units (1)","84,454"
"SRC042","233","2","Lytx, Inc. ........ (4)(11) SOFR +5.00% 9.48% 6/13/2024 2/28/2028","2","449","Fair Cost (3) Value","83,912 84,454"
"SRC042","233","2","Lytx, Inc. ........ (4)(11) SOFR +5.00% 9.48% 6/13/2024 2/28/2028","3","507","% of Net Assets","1.39"
"SRC042","233","3","Corp. .......... (4)(11) SOFR +6.00% 10.43% 4/30/2021 4/1/2027","1","394","Par Amount/ Units (1)","54,044"
"SRC042","233","3","Corp. .......... (4)(11) SOFR +6.00% 10.43% 4/30/2021 4/1/2027","2","449","Fair Cost (3) Value","53,433 50,531"
"SRC042","233","3","Corp. .......... (4)(11) SOFR +6.00% 10.43% 4/30/2021 4/1/2027","3","507","% of Net Assets","0.83"
"SRC042","233","4","Corp .......... (4)(11) SOFR +6.00% 10.33% 3/4/2024 3/4/2030","1","394","Par Amount/ Units (1)","78,073"
"SRC042","233","4","Corp .......... (4)(11) SOFR +6.00% 10.33% 3/4/2024 3/4/2030","2","449","Fair Cost (3) Value","76,526 78,073"
"SRC042","233","4","Corp .......... (4)(11) SOFR +6.00% 10.33% 3/4/2024 3/4/2030","3","507","% of Net Assets","1.28"
"SRC042","233","5","Holdings Inc .... (4)(11) SOFR +4.50% 8.96% 8/29/2024 11/13/2029","1","394","Par Amount/ Units (1)","5,459"
"SRC042","233","5","Holdings Inc .... (4)(11) SOFR +4.50% 8.96% 8/29/2024 11/13/2029","2","449","Fair Cost (3) Value","5,441"
"SRC042","233","5","Holdings Inc .... (4)(11) SOFR +4.50% 8.96% 8/29/2024 11/13/2029","3","507","% of Net Assets","0.09"
"SRC042","233","6","Safety, LLC .... (4)(10) SOFR +5.75% 10.21% 5/3/2021 5/3/2027","1","394","Par Amount/ Units (1)","93,849"
"SRC042","233","6","Safety, LLC .... (4)(10) SOFR +5.75% 10.21% 5/3/2021 5/3/2027","2","449","Fair Cost (3) Value","93,130 93,849"
"SRC042","233","6","Safety, LLC .... (4)(10) SOFR +5.75% 10.21% 5/3/2021 5/3/2027","3","507","% of Net Assets","1.54"
"SRC042","233","7","Safety, LLC .... (4)(10) SOFR +5.75% 10.21% 12/15/2023 5/3/2027","1","394","Par Amount/ Units (1)","10,969"
"SRC042","233","7","Safety, LLC .... (4)(10) SOFR +5.75% 10.21% 12/15/2023 5/3/2027","2","449","Fair Cost (3) Value","10,818 10,969"
"SRC042","233","7","Safety, LLC .... (4)(10) SOFR +5.75% 10.21% 12/15/2023 5/3/2027","3","507","% of Net Assets","0.18"
"SRC042","233","8","Safety, LLC .... (4)(7)(10) SOFR +5.75% 10.25% 12/15/2023 5/3/2027","1","394","Par Amount/ Units (1)","10,919"
"SRC042","233","8","Safety, LLC .... (4)(7)(10) SOFR +5.75% 10.25% 12/15/2023 5/3/2027","2","449","Fair Cost (3) Value","10,796 10,919"
"SRC042","233","8","Safety, LLC .... (4)(7)(10) SOFR +5.75% 10.25% 12/15/2023 5/3/2027","3","507","% of Net Assets","0.18"
"SRC042","233","9","Helix TS, LLC .... (4)(10) SOFR +6.25% 11.01% 8/4/2021 8/4/2027","1","394","Par Amount/ Units (1)","20,503"
"SRC042","233","9","Helix TS, LLC .... (4)(10) SOFR +6.25% 11.01% 8/4/2021 8/4/2027","2","449","Fair Cost (3) Value","20,311 20,195"
"SRC042","233","9","Helix TS, LLC .... (4)(10) SOFR +6.25% 11.01% 8/4/2021 8/4/2027","3","507","% of Net Assets","0.33"
"SRC042","233","10","Helix TS, LLC .... (4)(10) SOFR +6.25% 10.99% 8/4/2021 8/4/2027","1","394","Par Amount/ Units (1)","20,867"
"SRC042","233","10","Helix TS, LLC .... (4)(10) SOFR +6.25% 10.99% 8/4/2021 8/4/2027","2","449","Fair Cost (3) Value","20,687 20,554"
"SRC042","233","10","Helix TS, LLC .... (4)(10) SOFR +6.25% 10.99% 8/4/2021 8/4/2027","3","507","% of Net Assets","0.34"
"SRC042","233","11","Helix TS, LLC .... (4)(5)(10) SOFR +6.25% 10.73% 12/22/2023 8/4/2027","1","394","Par Amount/ Units (1)","3,775"
"SRC042","233","11","Helix TS, LLC .... (4)(5)(10) SOFR +6.25% 10.73% 12/22/2023 8/4/2027","2","449","Fair Cost (3) Value","3,721"
"SRC042","233","11","Helix TS, LLC .... (4)(5)(10) SOFR +6.25% 10.73% 12/22/2023 8/4/2027","3","507","% of Net Assets","0.06"
"SRC042","233","12","Helix TS, LLC .... (4)(5)(7)(10) SOFR +6.25% 10.91% 12/14/2022 8/4/2027","1","394","Par Amount/ Units (1)","983"
"SRC042","233","12","Helix TS, LLC .... (4)(5)(7)(10) SOFR +6.25% 10.91% 12/14/2022 8/4/2027","2","449","Fair Cost (3) Value","833"
"SRC042","233","12","Helix TS, LLC .... (4)(5)(7)(10) SOFR +6.25% 10.91% 12/14/2022 8/4/2027","3","507","% of Net Assets","0.01"
"SRC042","233","13","S.à r.l ......... (4)(5)(6)(8) E +5.25% 8.14% 4/28/2022 4/28/2029 EUR","1","394","Par Amount/ Units (1)","78,810"
"SRC042","233","13","S.à r.l ......... (4)(5)(6)(8) E +5.25% 8.14% 4/28/2022 4/28/2029 EUR","2","449","Fair Cost (3) Value","81,620 81,635"
"SRC042","233","13","S.à r.l ......... (4)(5)(6)(8) E +5.25% 8.14% 4/28/2022 4/28/2029 EUR","3","507","% of Net Assets","1.34"
"SRC042","233","14","Inc. ........... (4)(11) SOFR +5.75% 10.27% 4/19/2021 10/19/2027","1","394","Par Amount/ Units (1)","33,086"
"SRC042","233","14","Inc. ........... (4)(11) SOFR +5.75% 10.27% 4/19/2021 10/19/2027","2","449","Fair Cost (3) Value","32,771 32,093"
"SRC042","233","14","Inc. ........... (4)(11) SOFR +5.75% 10.27% 4/19/2021 10/19/2027","3","507","% of Net Assets","0.53"
"SRC042","233","15","Inc. ........... (4)(11) SOFR +5.75% 11.06% 4/19/2021 10/19/2027","1","394","Par Amount/ Units (1)","20,381"
"SRC042","233","15","Inc. ........... (4)(11) SOFR +5.75% 11.06% 4/19/2021 10/19/2027","2","449","Fair Cost (3) Value","20,212 19,770"
"SRC042","233","15","Inc. ........... (4)(11) SOFR +5.75% 11.06% 4/19/2021 10/19/2027","3","507","% of Net Assets","0.33"
"SRC042","233","16","Inc. ........... (4)(11) SOFR +5.75% 11.06% 1/31/2022 10/19/2027","1","394","Par Amount/ Units (1)","4,157"
"SRC042","233","16","Inc. ........... (4)(11) SOFR +5.75% 11.06% 1/31/2022 10/19/2027","2","449","Fair Cost (3) Value","4,115"
"SRC042","233","16","Inc. ........... (4)(11) SOFR +5.75% 11.06% 1/31/2022 10/19/2027","3","507","% of Net Assets","0.07"
"SRC042","233","17","Inc. ........... (4)(5)(11) P +4.75% 12.25% 9/11/2024 10/19/2027","1","394","Par Amount/ Units (1)","1,235"
"SRC042","233","17","Inc. ........... (4)(5)(11) P +4.75% 12.25% 9/11/2024 10/19/2027","2","449","Fair Cost (3) Value","1,210"
"SRC042","233","17","Inc. ........... (4)(5)(11) P +4.75% 12.25% 9/11/2024 10/19/2027","3","507","% of Net Assets","0.02"
"SRC042","233","18","Holdings LP .... (4)(5)(11) SOFR +5.25% 9.72% 9/1/2021 9/1/2027","1","394","Par Amount/ Units (1)","5,256"
"SRC042","233","18","Holdings LP .... (4)(5)(11) SOFR +5.25% 9.72% 9/1/2021 9/1/2027","2","449","Fair Cost (3) Value","5,237"
"SRC042","233","18","Holdings LP .... (4)(5)(11) SOFR +5.25% 9.72% 9/1/2021 9/1/2027","3","507","% of Net Assets","0.09"
"SRC042","233","19","Holdings LP .... (4)(5)(7)(11) P +4.25% 11.75% 9/1/2021 9/1/2027","1","394","Par Amount/ Units (1)","93"
"SRC042","233","19","Holdings LP .... (4)(5)(7)(11) P +4.25% 11.75% 9/1/2021 9/1/2027","2","449","Fair Cost (3) Value","92"
"SRC042","233","19","Holdings LP .... (4)(5)(7)(11) P +4.25% 11.75% 9/1/2021 9/1/2027","3","507","% of Net Assets","89 0.00"
"SRC042","233","20","Inc. ........... (4)(11) SOFR +5.50% 10.01% 9/24/2021 9/24/2027","1","394","Par Amount/ Units (1)","36,765"
"SRC042","233","20","Inc. ........... (4)(11) SOFR +5.50% 10.01% 9/24/2021 9/24/2027","2","449","Fair Cost (3) Value","36,434 36,764"
"SRC042","233","20","Inc. ........... (4)(11) SOFR +5.50% 10.01% 9/24/2021 9/24/2027","3","507","% of Net Assets","0.61"
"SRC042","233","21","Inc. ........... (4)(11) SOFR +5.50% 10.23% 9/19/2023 9/24/2027","1","394","Par Amount/ Units (1)","15,800"
"SRC042","233","21","Inc. ........... (4)(11) SOFR +5.50% 10.23% 9/19/2023 9/24/2027","2","449","Fair Cost (3) Value","15,584 15,798"
"SRC042","233","21","Inc. ........... (4)(11) SOFR +5.50% 10.23% 9/19/2023 9/24/2027","3","507","% of Net Assets","0.26"
"SRC042","233","22","Inc. ........... (4)(11) SOFR +5.50% 10.28% 9/24/2021 9/24/2027","1","394","Par Amount/ Units (1)","11,406"
"SRC042","233","22","Inc. ........... (4)(11) SOFR +5.50% 10.28% 9/24/2021 9/24/2027","2","449","Fair Cost (3) Value","11,406 11,406"
"SRC042","233","22","Inc. ........... (4)(11) SOFR +5.50% 10.28% 9/24/2021 9/24/2027","3","507","% of Net Assets","0.19"
"SRC042","233","23","Inc. ........... (4)(11) SOFR +5.50% 10.13% 9/19/2023 9/24/2027","1","394","Par Amount/ Units (1)","9,951"
"SRC042","233","23","Inc. ........... (4)(11) SOFR +5.50% 10.13% 9/19/2023 9/24/2027","2","449","Fair Cost (3) Value","9,816"
"SRC042","233","23","Inc. ........... (4)(11) SOFR +5.50% 10.13% 9/19/2023 9/24/2027","3","507","% of Net Assets","0.16"
"SRC042","233","24","Inc. ........... (4)(5)(7)(11) P +4.50% 13.00% 9/24/2021 3/24/2027","1","394","Par Amount/ Units (1)","1,800"
"SRC042","233","24","Inc. ........... (4)(5)(7)(11) P +4.50% 13.00% 9/24/2021 3/24/2027","2","449","Fair Cost (3) Value","1,751"
"SRC042","233","24","Inc. ........... (4)(5)(7)(11) P +4.50% 13.00% 9/24/2021 3/24/2027","3","507","% of Net Assets","0.03"
"SRC042","233","25","Inc. ........... (4)(5)(7)(11) SOFR +5.50% 10.12% 9/5/2024 9/24/2027","1","394","Par Amount/ Units (1)","6,100"
"SRC042","233","25","Inc. ........... (4)(5)(7)(11) SOFR +5.50% 10.12% 9/5/2024 9/24/2027","2","449","Fair Cost (3) Value","6,017"
"SRC042","233","25","Inc. ........... (4)(5)(7)(11) SOFR +5.50% 10.12% 9/5/2024 9/24/2027","3","507","% of Net Assets","0.10"
"SRC042","233","26","Services, LLC ... (4)(11) SOFR +5.50% 10.24% 7/9/2021 7/9/2027","1","394","Par Amount/ Units (1)","38,488"
"SRC042","233","26","Services, LLC ... (4)(11) SOFR +5.50% 10.24% 7/9/2021 7/9/2027","2","449","Fair Cost (3) Value","38,163 38,101"
"SRC042","233","26","Services, LLC ... (4)(11) SOFR +5.50% 10.24% 7/9/2021 7/9/2027","3","507","% of Net Assets","0.63"
"SRC042","233","27","Services, LLC ... (4)(5)(7)(11) SOFR +5.50% 9.99% 12/2/2024 7/9/2027","1","394","Par Amount/ Units (1)","13,189"
"SRC042","233","27","Services, LLC ... (4)(5)(7)(11) SOFR +5.50% 9.99% 12/2/2024 7/9/2027","2","449","Fair Cost (3) Value","13,011 13,003"
"SRC042","233","27","Services, LLC ... (4)(5)(7)(11) SOFR +5.50% 9.99% 12/2/2024 7/9/2027","3","507","% of Net Assets","0.21"
"SRC042","233","28","Total First Lien Debt - non-controlled/non-affiliated","2","449","Fair Cost (3) Value","12,932,791 12,807,445"
"SRC042","233","28","Total First Lien Debt - non-controlled/non-affiliated","3","507","% of Net Assets","210.76"
"SRC042","234","1","(4)(5)(7)(10)(16) SOFR +6.00% PIK) 6/14/2024 8/19/2027 $","1","397","Amount/ Units (1)","21,589"
"SRC042","234","1","(4)(5)(7)(10)(16) SOFR +6.00% PIK) 6/14/2024 8/19/2027 $","2","437","Cost (3)","21,419"
"SRC042","234","1","(4)(5)(7)(10)(16) SOFR +6.00% PIK) 6/14/2024 8/19/2027 $","3","471","Fair Value","21,547"
"SRC042","234","1","(4)(5)(7)(10)(16) SOFR +6.00% PIK) 6/14/2024 8/19/2027 $","4","507","% of Net Assets","0.35%"
"SRC042","234","2","LLC .......... (4)(5)(10)(16)(17) SOFR +6.00% PIK 6/14/2024 8/19/2027","1","397","Amount/ Units (1)","5,163"
"SRC042","234","2","LLC .......... (4)(5)(10)(16)(17) SOFR +6.00% PIK 6/14/2024 8/19/2027","2","437","Cost (3)","5,122"
"SRC042","234","2","LLC .......... (4)(5)(10)(16)(17) SOFR +6.00% PIK 6/14/2024 8/19/2027","3","471","Fair Value","1,397"
"SRC042","234","2","LLC .......... (4)(5)(10)(16)(17) SOFR +6.00% PIK 6/14/2024 8/19/2027","4","507","% of Net Assets","0.02"
"SRC042","234","3","Total First Lien Debt - non-controlled/affiliated","2","437","Cost (3)","26,541"
"SRC042","234","3","Total First Lien Debt - non-controlled/affiliated","3","471","Fair Value","22,944"
"SRC042","234","3","Total First Lien Debt - non-controlled/affiliated","4","507","% of Net Assets","0.37"
"SRC042","234","4","Total First Lien Debt","2","437","Cost (3)","12,959,332"
"SRC042","234","4","Total First Lien Debt","3","471","Fair Value","12,830,389"
"SRC042","234","4","Total First Lien Debt","4","507","% of Net Assets","211.13"
"SRC042","234","5","Ltd. ........... (4)(5)(6)(8) 8.75% 8.75% 4/15/2021 4/15/2029 CAD10,533","2","437","Cost (3)","8,315"
"SRC042","234","5","Ltd. ........... (4)(5)(6)(8) 8.75% 8.75% 4/15/2021 4/15/2029 CAD10,533","3","471","Fair Value","6,723"
"SRC042","234","5","Ltd. ........... (4)(5)(6)(8) 8.75% 8.75% 4/15/2021 4/15/2029 CAD10,533","4","507","% of Net Assets","0.11"
"SRC042","234","6","LLC .......... (4)(11) SOFR +8.75% 13.44% 5/26/2021 10/15/2027","1","397","Amount/ Units (1)","5,183"
"SRC042","234","6","LLC .......... (4)(11) SOFR +8.75% 13.44% 5/26/2021 10/15/2027","2","437","Cost (3)","5,138"
"SRC042","234","6","LLC .......... (4)(11) SOFR +8.75% 13.44% 5/26/2021 10/15/2027","3","471","Fair Value","4,769"
"SRC042","234","6","LLC .......... (4)(11) SOFR +8.75% 13.44% 5/26/2021 10/15/2027","4","507","% of Net Assets","0.08"
"SRC042","234","7","Corp .......... (4)(5)(10) SOFR +5.25% 9.97% 10/15/2024 3/10/2029","1","397","Amount/ Units (1)","1,000"
"SRC042","234","7","Corp .......... (4)(5)(10) SOFR +5.25% 9.97% 10/15/2024 3/10/2029","2","437","Cost (3)","995"
"SRC042","234","7","Corp .......... (4)(5)(10) SOFR +5.25% 9.97% 10/15/2024 3/10/2029","3","471","Fair Value","995"
"SRC042","234","7","Corp .......... (4)(5)(10) SOFR +5.25% 9.97% 10/15/2024 3/10/2029","4","507","% of Net Assets","0.02"
"SRC042","234","8","LLC .......... (4)(5)(6)(8) 9.65% 9.65% 10/11/2024 10/20/2039","1","397","Amount/ Units (1)","4,047"
"SRC042","234","8","LLC .......... (4)(5)(6)(8) 9.65% 9.65% 10/11/2024 10/20/2039","2","437","Cost (3)","3,990"
"SRC042","234","8","LLC .......... (4)(5)(6)(8) 9.65% 9.65% 10/11/2024 10/20/2039","3","471","Fair Value","3,995"
"SRC042","234","8","LLC .......... (4)(5)(6)(8) 9.65% 9.65% 10/11/2024 10/20/2039","4","507","% of Net Assets","0.07"
"SRC042","234","9","GmbH ......... (4)(6)(8) CA +5.50% 10.47% 12/10/2024 2/13/2032 CAD","1","397","Amount/ Units (1)","50,654"
"SRC042","234","9","GmbH ......... (4)(6)(8) CA +5.50% 10.47% 12/10/2024 2/13/2032 CAD","2","437","Cost (3)","35,464"
"SRC042","234","9","GmbH ......... (4)(6)(8) CA +5.50% 10.47% 12/10/2024 2/13/2032 CAD","3","471","Fair Value","34,534"
"SRC042","234","9","GmbH ......... (4)(6)(8) CA +5.50% 10.47% 12/10/2024 2/13/2032 CAD","4","507","% of Net Assets","0.57"
"SRC042","234","10","Inc. ........... (4)(10) SOFR +10.50% PIK 11/24/2021 11/24/2033","1","397","Amount/ Units (1)","14,061"
"SRC042","234","10","Inc. ........... (4)(10) SOFR +10.50% PIK 11/24/2021 11/24/2033","2","437","Cost (3)","13,857"
"SRC042","234","10","Inc. ........... (4)(10) SOFR +10.50% PIK 11/24/2021 11/24/2033","3","471","Fair Value","14,061"
"SRC042","234","10","Inc. ........... (4)(10) SOFR +10.50% PIK 11/24/2021 11/24/2033","4","507","% of Net Assets","0.23"
"SRC042","234","11","LLC .......... (4)(9) SOFR +7.00% 11.47% 11/19/2021 11/19/2029","1","397","Amount/ Units (1)","9,619"
"SRC042","234","11","LLC .......... (4)(9) SOFR +7.00% 11.47% 11/19/2021 11/19/2029","2","437","Cost (3)","9,560"
"SRC042","234","11","LLC .......... (4)(9) SOFR +7.00% 11.47% 11/19/2021 11/19/2029","3","471","Fair Value","9,188"
"SRC042","234","11","LLC .......... (4)(9) SOFR +7.00% 11.47% 11/19/2021 11/19/2029","4","507","% of Net Assets","0.15"
"SRC042","234","12","LLC .......... (4)(5)(6)(9) SOFR +6.00% 10.33% 6/17/2022 6/17/2032","1","397","Amount/ Units (1)","4,920"
"SRC042","234","12","LLC .......... (4)(5)(6)(9) SOFR +6.00% 10.33% 6/17/2022 6/17/2032","2","437","Cost (3)","4,819"
"SRC042","234","12","LLC .......... (4)(5)(6)(9) SOFR +6.00% 10.33% 6/17/2022 6/17/2032","3","471","Fair Value","4,920"
"SRC042","234","12","LLC .......... (4)(5)(6)(9) SOFR +6.00% 10.33% 6/17/2022 6/17/2032","4","507","% of Net Assets","0.08"
"SRC042","234","13","LLC .......... (4)(5)(11) SOFR +7.35% PIK 11/25/2024 11/26/2029","1","397","Amount/ Units (1)","37,719"
"SRC042","234","13","LLC .......... (4)(5)(11) SOFR +7.35% PIK 11/25/2024 11/26/2029","2","437","Cost (3)","36,974"
"SRC042","234","13","LLC .......... (4)(5)(11) SOFR +7.35% PIK 11/25/2024 11/26/2029","3","471","Fair Value","36,964"
"SRC042","234","13","LLC .......... (4)(5)(11) SOFR +7.35% PIK 11/25/2024 11/26/2029","4","507","% of Net Assets","0.61"
"SRC042","234","14","Holdings, Inc. ... (4)(5)(9) SOFR +6.50% 10.98% 7/30/2021 7/30/2029","1","397","Amount/ Units (1)","3,550"
"SRC042","234","14","Holdings, Inc. ... (4)(5)(9) SOFR +6.50% 10.98% 7/30/2021 7/30/2029","2","437","Cost (3)","3,522"
"SRC042","234","14","Holdings, Inc. ... (4)(5)(9) SOFR +6.50% 10.98% 7/30/2021 7/30/2029","3","471","Fair Value","3,035"
"SRC042","234","14","Holdings, Inc. ... (4)(5)(9) SOFR +6.50% 10.98% 7/30/2021 7/30/2029","4","507","% of Net Assets","0.05"
"SRC042","234","15","Total Second Lien Debt - non-controlled/non-affiliated","2","437","Cost (3)","122,634"
"SRC042","234","15","Total Second Lien Debt - non-controlled/non-affiliated","3","471","Fair Value","119,184"
"SRC042","234","15","Total Second Lien Debt - non-controlled/non-affiliated","4","507","% of Net Assets","1.97"
"SRC042","234","16","Total Second Lien Debt","2","437","Cost (3)","122,634"
"SRC042","234","16","Total Second Lien Debt","3","471","Fair Value","119,184"
"SRC042","234","16","Total Second Lien Debt","4","507","% of Net Assets","1.97"
"SRC042","234","17","LLC .......... (4)(5)(8) 13.75% PIK 11/8/2023 11/8/2031","1","397","Amount/ Units (1)","11,573"
"SRC042","234","17","LLC .......... (4)(5)(8) 13.75% PIK 11/8/2023 11/8/2031","2","437","Cost (3)","11,311"
"SRC042","234","17","LLC .......... (4)(5)(8) 13.75% PIK 11/8/2023 11/8/2031","3","471","Fair Value","11,429"
"SRC042","234","17","LLC .......... (4)(5)(8) 13.75% PIK 11/8/2023 11/8/2031","4","507","% of Net Assets","0.19"
"SRC042","235","1","LLC .......... (4)(5)(8) 12.75% PIK 3/25/2024 3/27/2034 $","1","401","Amount/ Units (1)","1,776"
"SRC042","235","1","LLC .......... (4)(5)(8) 12.75% PIK 3/25/2024 3/27/2034 $","2","440","Cost (3)","1,739"
"SRC042","235","1","LLC .......... (4)(5)(8) 12.75% PIK 3/25/2024 3/27/2034 $","3","470","Fair Value","1,767"
"SRC042","235","1","LLC .......... (4)(5)(8) 12.75% PIK 3/25/2024 3/27/2034 $","4","503","% of Net Assets","0.03%"
"SRC042","235","2","Bidco 76 S.p.A. ... (4)(6)(7)(8) E +5.00% 7.71% 12/11/2024 12/10/2031 EUR","1","401","Amount/ Units (1)","20,007"
"SRC042","235","2","Bidco 76 S.p.A. ... (4)(6)(7)(8) E +5.00% 7.71% 12/11/2024 12/10/2031 EUR","2","440","Cost (3)","20,594"
"SRC042","235","2","Bidco 76 S.p.A. ... (4)(6)(7)(8) E +5.00% 7.71% 12/11/2024 12/10/2031 EUR","3","470","Fair Value","20,325"
"SRC042","235","2","Bidco 76 S.p.A. ... (4)(6)(7)(8) E +5.00% 7.71% 12/11/2024 12/10/2031 EUR","4","503","% of Net Assets","0.33"
"SRC042","235","3","Total Unsecured Debt - non-controlled/non-affiliated","2","440","Cost (3)","33,644"
"SRC042","235","3","Total Unsecured Debt - non-controlled/non-affiliated","3","470","Fair Value","33,521"
"SRC042","235","3","Total Unsecured Debt - non-controlled/non-affiliated","4","503","% of Net Assets","0.55"
"SRC042","235","4","Total Unsecured Debt","2","440","Cost (3)","33,644"
"SRC042","235","4","Total Unsecured Debt","3","470","Fair Value","33,521"
"SRC042","235","4","Total Unsecured Debt","4","503","% of Net Assets","0.55"
"SRC042","235","5","Equity ......... (4) 3/28/2022","1","401","Amount/ Units (1)","4,767"
"SRC042","235","5","Equity ......... (4) 3/28/2022","2","440","Cost (3)","4,767"
"SRC042","235","5","Equity ......... (4) 3/28/2022","3","470","Fair Value","7,426"
"SRC042","235","5","Equity ......... (4) 3/28/2022","4","503","% of Net Assets","0.12"
"SRC042","235","6","Units .......... (4) 6/11/2021","1","401","Amount/ Units (1)","902"
"SRC042","235","6","Units .......... (4) 6/11/2021","2","440","Cost (3)","902"
"SRC042","235","6","Units .......... (4) 6/11/2021","3","470","Fair Value","1,239"
"SRC042","235","6","Units .......... (4) 6/11/2021","4","503","% of Net Assets","0.02"
"SRC042","235","7","Units .......... (4) 12/9/2019 5,486,923","2","440","Cost (3)","5,487"
"SRC042","235","7","Units .......... (4) 12/9/2019 5,486,923","3","470","Fair Value","4,774"
"SRC042","235","7","Units .......... (4) 12/9/2019 5,486,923","4","503","% of Net Assets","0.08"
"SRC042","235","8","Units .......... (4) 11/27/2024","1","401","Amount/ Units (1)","935"
"SRC042","235","8","Units .......... (4) 11/27/2024","2","440","Cost (3)","3,968"
"SRC042","235","8","Units .......... (4) 11/27/2024","3","470","Fair Value","3,166"
"SRC042","235","8","Units .......... (4) 11/27/2024","4","503","% of Net Assets","0.05"
"SRC042","235","9","Blocker Units ... (4) 12/2/2024","1","401","Amount/ Units (1)","218"
"SRC042","235","9","Blocker Units ... (4) 12/2/2024","2","440","Cost (3)","343"
"SRC042","235","9","Blocker Units ... (4) 12/2/2024","3","470","Fair Value","336"
"SRC042","235","9","Blocker Units ... (4) 12/2/2024","4","503","% of Net Assets","0.01"
"SRC042","235","10","Class Z Units ... (4) 12/2/2024","1","401","Amount/ Units (1)","57"
"SRC042","235","10","Class Z Units ... (4) 12/2/2024","2","440","Cost (3)","81"
"SRC042","235","10","Class Z Units ... (4) 12/2/2024","3","470","Fair Value","79"
"SRC042","235","10","Class Z Units ... (4) 12/2/2024","4","503","% of Net Assets","0.00"
"SRC042","235","11","Blocker Note .... (4) 12/2/2024","1","401","Amount/ Units (1)","8,738"
"SRC042","235","11","Blocker Note .... (4) 12/2/2024","2","440","Cost (3)","9"
"SRC042","235","11","Blocker Note .... (4) 12/2/2024","3","470","Fair Value","9"
"SRC042","235","11","Blocker Note .... (4) 12/2/2024","4","503","% of Net Assets","0.00"
"SRC042","235","12","Units .......... (4) 9/29/2023","1","401","Amount/ Units (1)","417,006"
"SRC042","235","12","Units .......... (4) 9/29/2023","2","440","Cost (3)","417"
"SRC042","235","12","Units .......... (4) 9/29/2023","3","470","Fair Value","465"
"SRC042","235","12","Units .......... (4) 9/29/2023","4","503","% of Net Assets","0.01"
"SRC042","235","13","Class Z Units ... (4) 12/2/2024","1","401","Amount/ Units (1)","41"
"SRC042","235","13","Class Z Units ... (4) 12/2/2024","2","440","Cost (3)","58"
"SRC042","235","13","Class Z Units ... (4) 12/2/2024","3","470","Fair Value","57"
"SRC042","235","13","Class Z Units ... (4) 12/2/2024","4","503","% of Net Assets","0.00"
"SRC042","235","14","Blocker Note .... (4) 12/2/2024","1","401","Amount/ Units (1)","6,291"
"SRC042","235","14","Blocker Note .... (4) 12/2/2024","2","440","Cost (3)","6"
"SRC042","235","14","Blocker Note .... (4) 12/2/2024","3","470","Fair Value","6"
"SRC042","235","14","Blocker Note .... (4) 12/2/2024","4","503","% of Net Assets","0.00"
"SRC042","235","15","Units .......... (4) 11/8/2024","1","401","Amount/ Units (1)","1"
"SRC042","235","15","Units .......... (4) 11/8/2024","2","440","Cost (3)","0"
"SRC042","235","15","Units .......... (4) 11/8/2024","3","470","Fair Value","0"
"SRC042","235","15","Units .......... (4) 11/8/2024","4","503","% of Net Assets","0.00"
"SRC042","235","16","Units .......... (4) 11/8/2024","1","401","Amount/ Units (1)","278"
"SRC042","235","16","Units .......... (4) 11/8/2024","2","440","Cost (3)","218"
"SRC042","235","16","Units .......... (4) 11/8/2024","3","470","Fair Value","208"
"SRC042","235","16","Units .......... (4) 11/8/2024","4","503","% of Net Assets","0.00"
"SRC042","236","1","Units .......... (4) 11/8/2024","1","393","Amount/ Units (1)","278,074"
"SRC042","236","1","Units .......... (4) 11/8/2024","2","435","Cost (3)","221"
"SRC042","236","1","Units .......... (4) 11/8/2024","3","470","Fair Value","220"
"SRC042","236","1","Units .......... (4) 11/8/2024","4","503","% of Net Assets","0.00%"
"SRC042","236","2","Class A Units ... (4) 12/10/2021","1","393","Amount/ Units (1)","1"
"SRC042","236","2","Class A Units ... (4) 12/10/2021","2","435","Cost (3)","702"
"SRC042","236","2","Class A Units ... (4) 12/10/2021","3","470","Fair Value","0"
"SRC042","236","2","Class A Units ... (4) 12/10/2021","4","503","% of Net Assets","0.00"
"SRC042","236","3","Units .......... (4) 7/12/2023","1","393","Amount/ Units (1)","1"
"SRC042","236","3","Units .......... (4) 7/12/2023","2","435","Cost (3)","83"
"SRC042","236","3","Units .......... (4) 7/12/2023","3","470","Fair Value","16"
"SRC042","236","3","Units .......... (4) 7/12/2023","4","503","% of Net Assets","0.00"
"SRC042","236","4","Units .......... (4) 11/1/2021","1","393","Amount/ Units (1)","6,761"
"SRC042","236","4","Units .......... (4) 11/1/2021","2","435","Cost (3)","3,350"
"SRC042","236","4","Units .......... (4) 11/1/2021","3","470","Fair Value","8,752"
"SRC042","236","4","Units .......... (4) 11/1/2021","4","503","% of Net Assets","0.14"
"SRC042","236","5","Interest ........ (4) 11.50% 8/3/2021 12,511,857","2","435","Cost (3)","12,315"
"SRC042","236","5","Interest ........ (4) 11.50% 8/3/2021 12,511,857","3","470","Fair Value","17,874"
"SRC042","236","5","Interest ........ (4) 11.50% 8/3/2021 12,511,857","4","503","% of Net Assets","0.29"
"SRC042","236","6","Units .......... (4) 3/25/2024 2,171,032","2","435","Cost (3)","2,171"
"SRC042","236","6","Units .......... (4) 3/25/2024 2,171,032","3","470","Fair Value","2,171"
"SRC042","236","6","Units .......... (4) 3/25/2024 2,171,032","4","503","% of Net Assets","0.04"
"SRC042","236","7","Units .......... (4) 10/1/2021","1","393","Amount/ Units (1)","6,930"
"SRC042","236","7","Units .......... (4) 10/1/2021","2","435","Cost (3)","5,877"
"SRC042","236","7","Units .......... (4) 10/1/2021","3","470","Fair Value","6,483"
"SRC042","236","7","Units .......... (4) 10/1/2021","4","503","% of Net Assets","0.11"
"SRC042","236","8","Units .......... (4) 10/1/2021","1","393","Amount/ Units (1)","369,255"
"SRC042","236","8","Units .......... (4) 10/1/2021","2","435","Cost (3)","1,053"
"SRC042","236","8","Units .......... (4) 10/1/2021","3","470","Fair Value","1,130"
"SRC042","236","8","Units .......... (4) 10/1/2021","4","503","% of Net Assets","0.02"
"SRC042","236","9","Units .......... (4) 3/24/2022","1","393","Amount/ Units (1)","1,489"
"SRC042","236","9","Units .......... (4) 3/24/2022","2","435","Cost (3)","1,263"
"SRC042","236","9","Units .......... (4) 3/24/2022","3","470","Fair Value","1,393"
"SRC042","236","9","Units .......... (4) 3/24/2022","4","503","% of Net Assets","0.02"
"SRC042","236","10","Units .......... (4) 3/24/2022","1","393","Amount/ Units (1)","79,358"
"SRC042","236","10","Units .......... (4) 3/24/2022","2","435","Cost (3)","226"
"SRC042","236","10","Units .......... (4) 3/24/2022","3","470","Fair Value","243"
"SRC042","236","10","Units .......... (4) 3/24/2022","4","503","% of Net Assets","0.00"
"SRC042","236","11","Units .......... (4) 12/23/2024","1","393","Amount/ Units (1)","578,564"
"SRC042","236","11","Units .......... (4) 12/23/2024","2","435","Cost (3)","579"
"SRC042","236","11","Units .......... (4) 12/23/2024","3","470","Fair Value","579"
"SRC042","236","11","Units .......... (4) 12/23/2024","4","503","% of Net Assets","0.01"
"SRC042","237","1","Equity ......... (4)(6) 7/1/2024 5,286,915","2","438","Cost (3)","$5,287"
"SRC042","237","1","Equity ......... (4)(6) 7/1/2024 5,286,915","3","474","Fair Value","$5,287"
"SRC042","237","1","Equity ......... (4)(6) 7/1/2024 5,286,915","4","503","% of Net Assets","0.09%"
"SRC042","237","2","- LP Interest .... (4) 8/31/2023","1","391","Amount/ Units (1)","248,786"
"SRC042","237","2","- LP Interest .... (4) 8/31/2023","2","438","Cost (3)","249"
"SRC042","237","2","- LP Interest .... (4) 8/31/2023","3","474","Fair Value","346"
"SRC042","237","2","- LP Interest .... (4) 8/31/2023","4","503","% of Net Assets","0.01"
"SRC042","237","3","Units .......... (4) 9/10/2021","1","391","Amount/ Units (1)","539"
"SRC042","237","3","Units .......... (4) 9/10/2021","2","438","Cost (3)","539"
"SRC042","237","3","Units .......... (4) 9/10/2021","3","474","Fair Value","291"
"SRC042","237","3","Units .......... (4) 9/10/2021","4","503","% of Net Assets","0.00"
"SRC042","237","4","Shares ......... (4) 11.50% 2/25/2022","1","391","Amount/ Units (1)","625,944"
"SRC042","237","4","Shares ......... (4) 11.50% 2/25/2022","2","438","Cost (3)","607"
"SRC042","237","4","Shares ......... (4) 11.50% 2/25/2022","3","474","Fair Value","679"
"SRC042","237","4","Shares ......... (4) 11.50% 2/25/2022","4","503","% of Net Assets","0.01"
"SRC042","237","5","Units .......... (4) 5/26/2021","1","391","Amount/ Units (1)","2,201"
"SRC042","237","5","Units .......... (4) 5/26/2021","2","438","Cost (3)","392"
"SRC042","237","5","Units .......... (4) 5/26/2021","3","474","Fair Value","79"
"SRC042","237","5","Units .......... (4) 5/26/2021","4","503","% of Net Assets","0.00"
"SRC042","237","6","Units .......... (4) 5/26/2021","1","391","Amount/ Units (1)","1,185"
"SRC042","237","6","Units .......... (4) 5/26/2021","2","438","Cost (3)","211"
"SRC042","237","6","Units .......... (4) 5/26/2021","3","474","Fair Value","23"
"SRC042","237","6","Units .......... (4) 5/26/2021","4","503","% of Net Assets","0.00"
"SRC042","237","7","Units .......... (4) 8/2/2024 4,755,436","2","438","Cost (3)","0"
"SRC042","237","7","Units .......... (4) 8/2/2024 4,755,436","3","474","Fair Value","0"
"SRC042","237","7","Units .......... (4) 8/2/2024 4,755,436","4","503","% of Net Assets","0.00"
"SRC042","237","8","Vehicle Units ... (4)(6) 10/28/2022","1","391","Amount/ Units (1)","11,710"
"SRC042","237","8","Vehicle Units ... (4)(6) 10/28/2022","2","438","Cost (3)","12"
"SRC042","237","8","Vehicle Units ... (4)(6) 10/28/2022","3","474","Fair Value","1"
"SRC042","237","8","Vehicle Units ... (4)(6) 10/28/2022","4","503","% of Net Assets","0.00"
"SRC042","237","9","Units .......... (4)(6) 5/25/2022","1","391","Amount/ Units (1)","58,458"
"SRC042","237","9","Units .......... (4)(6) 5/25/2022","2","438","Cost (3)","58"
"SRC042","237","9","Units .......... (4)(6) 5/25/2022","3","474","Fair Value","54"
"SRC042","237","9","Units .......... (4)(6) 5/25/2022","4","503","% of Net Assets","0.00"
"SRC042","237","10","Interest ........ (4) 6.00% 11/8/2023","1","391","Amount/ Units (1)","9,850"
"SRC042","237","10","Interest ........ (4) 6.00% 11/8/2023","2","438","Cost (3)","985"
"SRC042","237","10","Interest ........ (4) 6.00% 11/8/2023","3","474","Fair Value","906"
"SRC042","237","10","Interest ........ (4) 6.00% 11/8/2023","4","503","% of Net Assets","0.01"
"SRC042","237","11","Units .......... (4) 9/28/2023 14,907,400","2","438","Cost (3)","0"
"SRC042","237","11","Units .......... (4) 9/28/2023 14,907,400","3","474","Fair Value","0"
"SRC042","237","11","Units .......... (4) 9/28/2023 14,907,400","4","503","% of Net Assets","0.00"
"SRC042","237","12","Warrants ....... (4)(6) 10/11/2024","1","391","Amount/ Units (1)","601,075"
"SRC042","237","12","Warrants ....... (4)(6) 10/11/2024","2","438","Cost (3)","0"
"SRC042","237","12","Warrants ....... (4)(6) 10/11/2024","3","474","Fair Value","441"
"SRC042","237","12","Warrants ....... (4)(6) 10/11/2024","4","503","% of Net Assets","0.01"
"SRC042","237","13","Equity ......... (4)(6) 12/30/2022","1","391","Amount/ Units (1)","50,000"
"SRC042","237","13","Equity ......... (4)(6) 12/30/2022","2","438","Cost (3)","50"
"SRC042","237","13","Equity ......... (4)(6) 12/30/2022","3","474","Fair Value","188"
"SRC042","237","13","Equity ......... (4)(6) 12/30/2022","4","503","% of Net Assets","0.00"
"SRC042","238","1","Interest ........ (4) 11/12/2021 2,854,133","2","438","Cost (3)","$2,854"
"SRC042","238","1","Interest ........ (4) 11/12/2021 2,854,133","3","474","Fair Value","$3,368"
"SRC042","238","1","Interest ........ (4) 11/12/2021 2,854,133","4","503","% of Net Assets","0.06%"
"SRC042","238","2","Units .......... (4) 11/6/2024","1","389","Amount/ Units (1)","772,599"
"SRC042","238","2","Units .......... (4) 11/6/2024","2","438","Cost (3)","773"
"SRC042","238","2","Units .......... (4) 11/6/2024","3","474","Fair Value","773"
"SRC042","238","2","Units .......... (4) 11/6/2024","4","503","% of Net Assets","0.01"
"SRC042","238","3","Interest ........ (4) 6/29/2021 3,500,000","2","438","Cost (3)","3,500"
"SRC042","238","3","Interest ........ (4) 6/29/2021 3,500,000","3","474","Fair Value","8,085"
"SRC042","238","3","Interest ........ (4) 6/29/2021 3,500,000","4","503","% of Net Assets","0.13"
"SRC042","238","4","Interest ........ (4)(6) 6/13/2022","1","389","Amount/ Units (1)","392,404"
"SRC042","238","4","Interest ........ (4)(6) 6/13/2022","2","438","Cost (3)","392"
"SRC042","238","4","Interest ........ (4)(6) 6/13/2022","3","474","Fair Value","416"
"SRC042","238","4","Interest ........ (4)(6) 6/13/2022","4","503","% of Net Assets","0.01"
"SRC042","238","5","Units .......... (4) 6/12/2024","1","389","Amount/ Units (1)","2,583"
"SRC042","238","5","Units .......... (4) 6/12/2024","2","438","Cost (3)","3"
"SRC042","238","5","Units .......... (4) 6/12/2024","3","474","Fair Value","6"
"SRC042","238","5","Units .......... (4) 6/12/2024","4","503","% of Net Assets","0.00"
"SRC042","238","6","Units .......... (4) 8.00% 11/1/2024","1","389","Amount/ Units (1)","310,331"
"SRC042","238","6","Units .......... (4) 8.00% 11/1/2024","2","438","Cost (3)","310"
"SRC042","238","6","Units .......... (4) 8.00% 11/1/2024","3","474","Fair Value","310"
"SRC042","238","6","Units .......... (4) 8.00% 11/1/2024","4","503","% of Net Assets","0.01"
"SRC042","238","7","Units .......... (4) 8/28/2024","1","389","Amount/ Units (1)","44"
"SRC042","238","7","Units .......... (4) 8/28/2024","2","438","Cost (3)","44"
"SRC042","238","7","Units .......... (4) 8/28/2024","3","474","Fair Value","45"
"SRC042","238","7","Units .......... (4) 8/28/2024","4","503","% of Net Assets","0.00"
"SRC042","238","8","Units .......... (4) 7/14/2021","1","389","Amount/ Units (1)","42,045"
"SRC042","238","8","Units .......... (4) 7/14/2021","2","438","Cost (3)","462"
"SRC042","238","8","Units .......... (4) 7/14/2021","3","474","Fair Value","209"
"SRC042","238","8","Units .......... (4) 7/14/2021","4","503","% of Net Assets","0.00"
"SRC042","238","9","Stock .......... (4) 10/9/2023","1","389","Amount/ Units (1)","49,139"
"SRC042","238","9","Stock .......... (4) 10/9/2023","2","438","Cost (3)","213"
"SRC042","238","9","Stock .......... (4) 10/9/2023","3","474","Fair Value","3"
"SRC042","238","9","Stock .......... (4) 10/9/2023","4","503","% of Net Assets","0.00"
"SRC042","238","10","Units .......... (4) 2/24/2022","1","389","Amount/ Units (1)","90"
"SRC042","238","10","Units .......... (4) 2/24/2022","2","438","Cost (3)","57"
"SRC042","238","10","Units .......... (4) 2/24/2022","3","474","Fair Value","48"
"SRC042","238","10","Units .......... (4) 2/24/2022","4","503","% of Net Assets","0.00"
"SRC042","238","11","Units .......... (4) 2/24/2022","1","389","Amount/ Units (1)","90,000"
"SRC042","238","11","Units .......... (4) 2/24/2022","2","438","Cost (3)","33"
"SRC042","238","11","Units .......... (4) 2/24/2022","3","474","Fair Value","14"
"SRC042","238","11","Units .......... (4) 2/24/2022","4","503","% of Net Assets","0.00"
"SRC042","238","12","Shares ......... (4) 10.50% 11/30/2021","1","389","Amount/ Units (1)","1,545"
"SRC042","238","12","Shares ......... (4) 10.50% 11/30/2021","2","438","Cost (3)","1,506"
"SRC042","238","12","Shares ......... (4) 10.50% 11/30/2021","3","474","Fair Value","2,000"
"SRC042","238","12","Shares ......... (4) 10.50% 11/30/2021","4","503","% of Net Assets","0.03"
"SRC042","238","13","Shares ......... (4) 10.50% 7/30/2021 3,550,000","2","438","Cost (3)","3,442"
"SRC042","238","13","Shares ......... (4) 10.50% 7/30/2021 3,550,000","3","474","Fair Value","3,781"
"SRC042","238","13","Shares ......... (4) 10.50% 7/30/2021 3,550,000","4","503","% of Net Assets","0.06"
"SRC042","239","1","LP Interest ..... (4) 5/3/2022","1","388","Amount/ Units (1)","667,850"
"SRC042","239","1","LP Interest ..... (4) 5/3/2022","2","447","Fair Cost (3) Value","668"
"SRC042","239","1","LP Interest ..... (4) 5/3/2022","3","507","% of Net Assets","0.01%"
"SRC042","239","2","Interest ........ (4) 10/26/2023 1,965,727","2","447","Fair Cost (3) Value","1,966"
"SRC042","239","2","Interest ........ (4) 10/26/2023 1,965,727","3","507","% of Net Assets","0.03"
"SRC042","239","3","Equity ........ (4) 11/22/2022","1","388","Amount/ Units (1)","2,073"
"SRC042","239","3","Equity ........ (4) 11/22/2022","2","447","Fair Cost (3) Value","21"
"SRC042","239","3","Equity ........ (4) 11/22/2022","3","507","% of Net Assets","22 0.00"
"SRC042","239","4","Shares ........ (4) SOFR+9.50% 14.02% 11/22/2022","1","388","Amount/ Units (1)","373"
"SRC042","239","4","Shares ........ (4) SOFR+9.50% 14.02% 11/22/2022","2","447","Fair Cost (3) Value","362"
"SRC042","239","4","Shares ........ (4) SOFR+9.50% 14.02% 11/22/2022","3","507","% of Net Assets","0.01"
"SRC042","239","5","Units ......... (4) 5/3/2019","1","388","Amount/ Units (1)","384,520"
"SRC042","239","5","Units ......... (4) 5/3/2019","2","447","Fair Cost (3) Value","5,200"
"SRC042","239","5","Units ......... (4) 5/3/2019","3","507","% of Net Assets","0.13"
"SRC042","239","6","Units ......... (4) 4/30/2021","1","388","Amount/ Units (1)","27,536"
"SRC042","239","6","Units ......... (4) 4/30/2021","2","447","Fair Cost (3) Value","2,909"
"SRC042","239","6","Units ......... (4) 4/30/2021","3","507","% of Net Assets","0.12"
"SRC042","239","7","Shares ........ (4) 8.00% 8/3/2021","1","388","Amount/ Units (1)","407,274"
"SRC042","239","7","Shares ........ (4) 8.00% 8/3/2021","2","447","Fair Cost (3) Value","407"
"SRC042","239","7","Shares ........ (4) 8.00% 8/3/2021","3","507","% of Net Assets","0.01"
"SRC042","239","8","Total Equity - non-controlled/non-affiliated","2","447","Fair Cost (3) Value","77,608 103,021"
"SRC042","239","8","Total Equity - non-controlled/non-affiliated","3","507","% of Net Assets","1.67"
"SRC042","239","9","LTD) ......... (4)(6)(16) 1/5/2021","2","447","Fair Cost (3) Value","1"
"SRC042","239","9","LTD) ......... (4)(6)(16) 1/5/2021","3","507","% of Net Assets","0.11"
"SRC042","239","10","Class C Units ... (4)(16) 6/14/2024","1","388","Amount/ Units (1)","5,898"
"SRC042","239","10","Class C Units ... (4)(16) 6/14/2024","2","447","Fair Cost (3) Value","0"
"SRC042","239","10","Class C Units ... (4)(16) 6/14/2024","3","507","% of Net Assets","0 0.00"
"SRC042","239","11","Total Equity - non-controlled/affiliated","2","447","Fair Cost (3) Value","1"
"SRC042","239","11","Total Equity - non-controlled/affiliated","3","507","% of Net Assets","0.11"
"SRC042","239","12","Total Equity","2","447","Fair Cost (3) Value","77,609 109,424"
"SRC042","239","12","Total Equity","3","507","% of Net Assets","1.78"
"SRC042","239","13","Total Investments - non-controlled/non-affiliated","2","447","Fair Cost (3) Value","13,063,171"
"SRC042","239","13","Total Investments - non-controlled/non-affiliated","3","507","% of Net Assets","214.95"
"SRC042","239","14","Total Investments - non-controlled/affiliated","2","447","Fair Cost (3) Value","26,542 29,347"
"SRC042","239","14","Total Investments - non-controlled/affiliated","3","507","% of Net Assets","0.48"
"SRC042","239","15","Total Investment Portfolio","2","447","Fair Cost (3) Value","13,092,518"
"SRC042","239","15","Total Investment Portfolio","3","507","% of Net Assets","215.43"
"SRC042","239","16","Class ......... 4.34%","2","447","Fair Cost (3) Value","31,987 31,987"
"SRC042","239","16","Class ......... 4.34%","3","507","% of Net Assets","0.53"
"SRC042","239","17","Treasury Fund .. 4.33%","2","447","Fair Cost (3) Value","260"
"SRC042","239","17","Treasury Fund .. 4.33%","3","507","% of Net Assets","0.00"
"SRC042","239","18","Equivalents ....","2","447","Fair Cost (3) Value","197,359 197,359"
"SRC042","239","18","Equivalents ....","3","507","% of Net Assets","3.25"
"SRC042","239","19","Total Portfolio Investments, Cash and Cash Equivalents","2","447","Fair Cost (3) Value","$13,322,124"
"SRC042","239","19","Total Portfolio Investments, Cash and Cash Equivalents","3","507","% of Net Assets","219.21%"
"SRC042","241","1","AuditBoard Inc .................................Delayed Draw Term Loan 7/12/2026 $","1","471","Unfunded Commitment","4,414"
"SRC042","241","1","AuditBoard Inc .................................Delayed Draw Term Loan 7/12/2026 $","2","514","Fair Value","(22)"
"SRC042","241","2","AuditBoard Inc .................................Revolver 7/12/2031","1","471","Unfunded Commitment","1,766"
"SRC042","241","2","AuditBoard Inc .................................Revolver 7/12/2031","2","514","Fair Value","(18)"
"SRC042","241","3","Azurite Intermediate Holdings Inc. .................Revolver 3/19/2031","1","471","Unfunded Commitment","4,104"
"SRC042","241","4","Baker Tilly Advisory Group LP ....................Revolver 6/3/2030","1","471","Unfunded Commitment","9,856"
"SRC042","241","5","Baker Tilly Advisory Group LP ....................Delayed Draw Term Loan 6/3/2026","1","471","Unfunded Commitment","7,034"
"SRC042","241","5","Baker Tilly Advisory Group LP ....................Delayed Draw Term Loan 6/3/2026","2","514","Fair Value","(53)"
"SRC042","241","6","Bamboo US BidCo, LLC .........................Delayed Draw Term Loan 3/31/2025","1","471","Unfunded Commitment","43"
"SRC042","241","7","Bamboo US BidCo, LLC .........................Revolver 9/29/2029","1","471","Unfunded Commitment","142"
"SRC042","241","8","Bamboo US BidCo, LLC .........................Delayed Draw Term Loan 11/20/2026","1","471","Unfunded Commitment","146"
"SRC042","241","9","Bamboo US BidCo, LLC .........................Delayed Draw Term Loan 11/20/2026","1","471","Unfunded Commitment","146"
"SRC042","241","9","Bamboo US BidCo, LLC .........................Delayed Draw Term Loan 11/20/2026","2","514","Fair Value","(1)"
"SRC042","241","10","Bayshore Intermediate #2 LP ......................Revolver 10/1/2027","1","471","Unfunded Commitment","4,217"
"SRC042","241","10","Bayshore Intermediate #2 LP ......................Revolver 10/1/2027","2","514","Fair Value","(42)"
"SRC042","241","11","Bayshore Intermediate #2 LP ......................Revolver 10/1/2027","1","471","Unfunded Commitment","5,006"
"SRC042","241","12","Bazaarvoice, Inc. ...............................Revolver 5/7/2028","1","471","Unfunded Commitment","20,255"
"SRC042","241","13","Bidco 76 S.p.A. ................................Delayed Draw Term Loan 12/10/2027","1","471","Unfunded Commitment","4,199"
"SRC042","241","14","Bimini Group Purchaser Inc .......................Delayed Draw Term Loan 4/26/2026","1","471","Unfunded Commitment","18,925"
"SRC042","241","14","Bimini Group Purchaser Inc .......................Delayed Draw Term Loan 4/26/2026","2","514","Fair Value","(95)"
"SRC042","241","15","Bimini Group Purchaser Inc .......................Revolver 4/26/2031","1","471","Unfunded Commitment","2,804"
"SRC042","241","16","Bluefin Holding, LLC ...........................Revolver 9/12/2029","1","471","Unfunded Commitment","2,244"
"SRC042","241","16","Bluefin Holding, LLC ...........................Revolver 9/12/2029","2","514","Fair Value","(6)"
"SRC042","241","17","Bradyplus Holdings LLC .........................Delayed Draw Term Loan 10/31/2025","1","471","Unfunded Commitment","2,260"
"SRC042","241","18","Brave Parent Holdings, Inc. .......................Delayed Draw Term Loan 5/28/2025","1","471","Unfunded Commitment","3,058"
"SRC042","241","19","Brave Parent Holdings, Inc. .......................Revolver 11/29/2030","1","471","Unfunded Commitment","3,641"
"SRC042","241","20","Caerus US 1, Inc. ...............................Revolver 5/25/2029","1","471","Unfunded Commitment","1,190"
"SRC042","241","21","Cambium Learning Group, Inc. ....................Revolver 7/20/2027","1","471","Unfunded Commitment","43,592"
"SRC042","241","22","Canadian Hospital Specialties Ltd. .................Revolver 4/15/2027","1","471","Unfunded Commitment","1,198"
"SRC042","241","23","Caribou Bidco Ltd ..............................Delayed Draw Term Loan 7/9/2027","1","471","Unfunded Commitment","5,106"
"SRC042","241","23","Caribou Bidco Ltd ..............................Delayed Draw Term Loan 7/9/2027","2","514","Fair Value","(25)"
"SRC042","241","24","Carr Riggs & Ingram Capital LLC ..................Revolver 11/18/2031","1","471","Unfunded Commitment","1,510"
"SRC042","241","25","Carr Riggs & Ingram Capital LLC ..................Delayed Draw Term Loan 11/18/2026","1","471","Unfunded Commitment","3,776"
"SRC042","241","25","Carr Riggs & Ingram Capital LLC ..................Delayed Draw Term Loan 11/18/2026","2","514","Fair Value","(19)"
"SRC042","241","26","Castle Management Borrower, LLC ................Revolver 11/3/2029","1","471","Unfunded Commitment","2,917"
"SRC042","241","27","CB Nike Holdco LLC ...........................Delayed Draw Term Loan 11/25/2027","1","471","Unfunded Commitment","11,606"
"SRC042","241","27","CB Nike Holdco LLC ...........................Delayed Draw Term Loan 11/25/2027","2","514","Fair Value","(87)"
"SRC042","241","28","CB Nike Holdco LLC ...........................Revolver 11/26/2029","1","471","Unfunded Commitment","5,803"
"SRC042","241","28","CB Nike Holdco LLC ...........................Revolver 11/26/2029","2","514","Fair Value","(87)"
"SRC042","241","29","CFGI Holdings, LLC ............................Revolver 11/2/2027","1","471","Unfunded Commitment","1,050"
"SRC042","241","29","CFGI Holdings, LLC ............................Revolver 11/2/2027","2","514","Fair Value","(21)"
"SRC042","241","30","CFS Brands, LLC ...............................Revolver 10/2/2029","1","471","Unfunded Commitment","18,177"
"SRC042","241","30","CFS Brands, LLC ...............................Revolver 10/2/2029","2","514","Fair Value","(364)"
"SRC042","241","31","CFS Brands, LLC ...............................Delayed Draw Term Loan 4/2/2025","1","471","Unfunded Commitment","6,241"
"SRC042","241","31","CFS Brands, LLC ...............................Delayed Draw Term Loan 4/2/2025","2","514","Fair Value","(62)"
"SRC042","241","32","Channelside AcquisitionCo, Inc. ...................Delayed Draw Term Loan 4/28/2025","1","471","Unfunded Commitment","1,980"
"SRC042","241","32","Channelside AcquisitionCo, Inc. ...................Delayed Draw Term Loan 4/28/2025","2","514","Fair Value","(10)"
"SRC042","241","33","Channelside AcquisitionCo, Inc. ...................Delayed Draw Term Loan 11/15/2025","1","471","Unfunded Commitment","19"
"SRC042","241","34","Channelside AcquisitionCo, Inc. ................... Revolver 5/15/2029","1","471","Unfunded Commitment","3,178"
"SRC042","241","35","Charger Debt Merger Sub, LLC ....................Revolver 5/31/2030","1","471","Unfunded Commitment","1,522"
"SRC042","241","35","Charger Debt Merger Sub, LLC ....................Revolver 5/31/2030","2","514","Fair Value","(15)"
"SRC042","241","36","Charger Debt Merger Sub, LLC ....................Delayed Draw Term Loan 5/31/2026","1","471","Unfunded Commitment","3,972"
"SRC042","241","37","Cisive Holdings Corp ............................Revolver 12/8/2027","1","471","Unfunded Commitment","1,111"
"SRC042","241","37","Cisive Holdings Corp ............................Revolver 12/8/2027","2","514","Fair Value","(22)"
"SRC042","241","38","Clearview Buyer, Inc. ............................Revolver 2/26/2027","1","471","Unfunded Commitment","898"
"SRC042","241","39","Community Management Holdings Midco 2 LLC .....Revolver 11/1/2031","1","471","Unfunded Commitment","1,229"
"SRC042","241","40","Community Management Holdings Midco 2 LLC .....Delayed Draw Term Loan 11/1/2026","1","471","Unfunded Commitment","4,096"
"SRC042","241","40","Community Management Holdings Midco 2 LLC .....Delayed Draw Term Loan 11/1/2026","2","514","Fair Value","(31)"
"SRC042","241","41","Compsych Investments Corp ......................Delayed Draw Term Loan 7/22/2027","1","471","Unfunded Commitment","3,471"
"SRC042","241","41","Compsych Investments Corp ......................Delayed Draw Term Loan 7/22/2027","2","514","Fair Value","(9)"
"SRC042","241","42","Connatix Buyer, Inc. ............................Revolver 7/14/2027","1","471","Unfunded Commitment","3,976"
"SRC042","241","43","Connatix Buyer, Inc. ............................Delayed Draw Term Loan 4/9/2026","1","471","Unfunded Commitment","1,015"
"SRC042","241","44","Consor Intermediate II, LLC ......................Delayed Draw Term Loan 5/10/2026","1","471","Unfunded Commitment","4,002"
"SRC042","241","44","Consor Intermediate II, LLC ......................Delayed Draw Term Loan 5/10/2026","2","514","Fair Value","(20)"
"SRC042","241","45","Consor Intermediate II, LLC ......................Revolver 5/10/2031","1","471","Unfunded Commitment","1,067"
"SRC042","241","46","Continental Buyer Inc ...........................Revolver 4/2/2031","1","471","Unfunded Commitment","2,715"
"SRC042","241","47","Continental Buyer Inc ...........................Delayed Draw Term Loan 4/2/2026","1","471","Unfunded Commitment","7,239"
"SRC042","241","47","Continental Buyer Inc ...........................Delayed Draw Term Loan 4/2/2026","2","514","Fair Value","(54)"
"SRC042","241","48","COP Home Services TopCo IV, Inc. ................Revolver 12/31/2025","1","471","Unfunded Commitment","3,509"
"SRC042","241","48","COP Home Services TopCo IV, Inc. ................Revolver 12/31/2025","2","514","Fair Value","(38)"
"SRC042","241","49","Corfin Holdings, Inc. ............................Term Loan 12/27/2027","1","471","Unfunded Commitment","1,636"
"SRC042","241","50","Coupa Software Inc. .............................Delayed Draw Term Loan 8/27/2025","1","471","Unfunded Commitment","164"
"SRC042","241","50","Coupa Software Inc. .............................Delayed Draw Term Loan 8/27/2025","2","514","Fair Value","(2)"
"SRC042","241","51","Coupa Software Inc. .............................Revolver 2/27/2029","1","471","Unfunded Commitment","126"
"SRC042","241","52","CPI Buyer, LLC ................................Delayed Draw Term Loan 11/23/2025","1","471","Unfunded Commitment","985"
"SRC042","241","53","CPI Buyer, LLC ................................Revolver 11/1/2026","1","471","Unfunded Commitment","3,214"
"SRC042","241","53","CPI Buyer, LLC ................................Revolver 11/1/2026","2","514","Fair Value","(64)"
"SRC042","241","54","CRCI Longhorn Holdings Inc .....................Revolver 8/27/2031","1","471","Unfunded Commitment","1,051"
"SRC042","242","1","CRCI Longhorn Holdings Inc .....................Delayed Draw Term Loan 8/27/2026 $","1","471","Unfunded Commitment","2,867"
"SRC042","242","1","CRCI Longhorn Holdings Inc .....................Delayed Draw Term Loan 8/27/2026 $","2","514","Fair Value","(14)"
"SRC042","242","2","Creek Parent Inc. ...............................Revolver 12/18/2031","1","471","Unfunded Commitment","9,893"
"SRC042","242","2","Creek Parent Inc. ...............................Revolver 12/18/2031","2","514","Fair Value","(173)"
"SRC042","242","3","Crewline Buyer, Inc. ............................Revolver 11/8/2030","1","471","Unfunded Commitment","6,438"
"SRC042","242","3","Crewline Buyer, Inc. ............................Revolver 11/8/2030","2","514","Fair Value","(31)"
"SRC042","242","4","CT Technologies Intermediate Holdings, Inc. .........Delayed Draw Term Loan 8/30/2026","1","471","Unfunded Commitment","973"
"SRC042","242","5","CT Technologies Intermediate Holdings, Inc. .........Revolver 8/30/2031","1","471","Unfunded Commitment","2,433"
"SRC042","242","5","CT Technologies Intermediate Holdings, Inc. .........Revolver 8/30/2031","2","514","Fair Value","(24)"
"SRC042","242","6","Cumming Group, Inc. ............................Revolver 11/16/2027","1","471","Unfunded Commitment","9,648"
"SRC042","242","7","Cumming Group, Inc. ............................Delayed Draw Term Loan 5/21/2025","1","471","Unfunded Commitment","3,161"
"SRC042","242","8","DCA Investment Holdings, LLC ...................Delayed Draw Term Loan 4/3/2028","1","471","Unfunded Commitment","29"
"SRC042","242","9","DCG Acquisition Corp. ..........................Revolver 6/13/2031","1","471","Unfunded Commitment","5,937"
"SRC042","242","9","DCG Acquisition Corp. ..........................Revolver 6/13/2031","2","514","Fair Value","(59)"
"SRC042","242","10","DCG Acquisition Corp. ..........................Delayed Draw Term Loan 6/13/2026","1","471","Unfunded Commitment","5,937"
"SRC042","242","10","DCG Acquisition Corp. ..........................Delayed Draw Term Loan 6/13/2026","2","514","Fair Value","(30)"
"SRC042","242","11","Dechra Pharmaceuticals Holdings Ltd ...............Delayed Draw Term Loan 1/24/2026","1","471","Unfunded Commitment","260"
"SRC042","242","11","Dechra Pharmaceuticals Holdings Ltd ...............Delayed Draw Term Loan 1/24/2026","2","514","Fair Value","(3)"
"SRC042","242","12","Dechra Pharmaceuticals Holdings Ltd ...............Delayed Draw Term Loan 1/24/2026","1","471","Unfunded Commitment","218"
"SRC042","242","12","Dechra Pharmaceuticals Holdings Ltd ...............Delayed Draw Term Loan 1/24/2026","2","514","Fair Value","(3)"
"SRC042","242","13","Denali Bidco Ltd ...............................Delayed Draw Term Loan 4/17/2026","1","471","Unfunded Commitment","300"
"SRC042","242","13","Denali Bidco Ltd ...............................Delayed Draw Term Loan 4/17/2026","2","514","Fair Value","(3)"
"SRC042","242","14","Discovery Education, Inc. ........................Revolver 4/9/2029","1","471","Unfunded Commitment","767"
"SRC042","242","15","DM Intermediate Parent LLC .....................Revolver 9/30/2030","1","471","Unfunded Commitment","5,206"
"SRC042","242","15","DM Intermediate Parent LLC .....................Revolver 9/30/2030","2","514","Fair Value","(78)"
"SRC042","242","16","DM Intermediate Parent LLC .....................Delayed Draw Term Loan 9/30/2026","1","471","Unfunded Commitment","7,809"
"SRC042","242","16","DM Intermediate Parent LLC .....................Delayed Draw Term Loan 9/30/2026","2","514","Fair Value","(59)"
"SRC042","242","17","Doc Generici (Diocle S.p.A.) ......................Delayed Draw Term Loan 10/27/2025","1","471","Unfunded Commitment","1,682"
"SRC042","242","17","Doc Generici (Diocle S.p.A.) ......................Delayed Draw Term Loan 10/27/2025","2","514","Fair Value","(13)"
"SRC042","242","18","Dropbox Inc ...................................Delayed Draw Term Loan 12/10/2026","1","471","Unfunded Commitment","88,235"
"SRC042","242","18","Dropbox Inc ...................................Delayed Draw Term Loan 12/10/2026","2","514","Fair Value","(441)"
"SRC042","242","19","DTA Intermediate II Ltd. .........................Delayed Draw Term Loan 3/27/2026","1","471","Unfunded Commitment","14,000"
"SRC042","242","20","DTA Intermediate II Ltd. .........................Revolver 3/27/2030","1","471","Unfunded Commitment","10,769"
"SRC042","242","21","Duro Dyne National Corp ........................Delayed Draw Term Loan 11/15/2026","1","471","Unfunded Commitment","6,002"
"SRC042","242","21","Duro Dyne National Corp ........................Delayed Draw Term Loan 11/15/2026","2","514","Fair Value","(30)"
"SRC042","242","22","Duro Dyne National Corp ........................Revolver 11/15/2031","1","471","Unfunded Commitment","6,002"
"SRC042","242","22","Duro Dyne National Corp ........................Revolver 11/15/2031","2","514","Fair Value","(60)"
"SRC042","242","23","Dwyer Instruments LLC ..........................Delayed Draw Term Loan 11/20/2026","1","471","Unfunded Commitment","1,069"
"SRC042","242","23","Dwyer Instruments LLC ..........................Delayed Draw Term Loan 11/20/2026","2","514","Fair Value","(5)"
"SRC042","242","24","Dwyer Instruments LLC ..........................Revolver 7/20/2029","1","471","Unfunded Commitment","1,098"
"SRC042","242","25","Eden Acquisitionco Ltd ..........................Delayed Draw Term Loan 11/17/2025","1","471","Unfunded Commitment","43,344"
"SRC042","242","25","Eden Acquisitionco Ltd ..........................Delayed Draw Term Loan 11/17/2025","2","514","Fair Value","(601)"
"SRC042","242","26","Edison Bidco AS ...............................Delayed Draw Term Loan 12/18/2026","1","471","Unfunded Commitment","655"
"SRC042","242","27","Edison Bidco AS ...............................Delayed Draw Term Loan 12/18/2026","1","471","Unfunded Commitment","1,875"
"SRC042","242","28","Emergency Power Holdings, LLC ..................Delayed Draw Term Loan 8/17/2025","1","471","Unfunded Commitment","14,586"
"SRC042","242","28","Emergency Power Holdings, LLC ..................Delayed Draw Term Loan 8/17/2025","2","514","Fair Value","(146)"
"SRC042","242","29","Endeavor Schools Holdings, LLC ..................Delayed Draw Term Loan 1/18/2025","1","471","Unfunded Commitment","5,776"
"SRC042","242","30","ENV Bidco AB ................................Delayed Draw Term Loan 12/13/2027","1","471","Unfunded Commitment","302"
"SRC042","242","31","Essential Services Holding Corp ...................Delayed Draw Term Loan 6/17/2026","1","471","Unfunded Commitment","2,297"
"SRC042","242","31","Essential Services Holding Corp ...................Delayed Draw Term Loan 6/17/2026","2","514","Fair Value","(11)"
"SRC042","242","32","Essential Services Holding Corp ...................Revolver 6/17/2030","1","471","Unfunded Commitment","1,436"
"SRC042","242","32","Essential Services Holding Corp ...................Revolver 6/17/2030","2","514","Fair Value","(14)"
"SRC042","242","33","Everbridge Holdings, LLC ........................Delayed Draw Term Loan 7/2/2026","1","471","Unfunded Commitment","3,378"
"SRC042","242","34","Everbridge Holdings, LLC ........................ Revolver 7/2/2031","1","471","Unfunded Commitment","2,222"
"SRC042","242","34","Everbridge Holdings, LLC ........................ Revolver 7/2/2031","2","514","Fair Value","(6)"
"SRC042","242","35","Experity, Inc. ..................................Revolver 2/24/2028","1","471","Unfunded Commitment","1,238"
"SRC042","242","36","Experity, Inc. ..................................Delayed Draw Term Loan 9/13/2026","1","471","Unfunded Commitment","4,457"
"SRC042","242","36","Experity, Inc. ..................................Delayed Draw Term Loan 9/13/2026","2","514","Fair Value","(22)"
"SRC042","242","37","Falcon Parent Holdings, Inc. ......................Delayed Draw Term Loan 11/6/2026","1","471","Unfunded Commitment","4,470"
"SRC042","242","37","Falcon Parent Holdings, Inc. ......................Delayed Draw Term Loan 11/6/2026","2","514","Fair Value","(34)"
"SRC042","242","38","Falcon Parent Holdings, Inc. ......................Revolver 11/6/2031","1","471","Unfunded Commitment","2,669"
"SRC042","242","38","Falcon Parent Holdings, Inc. ......................Revolver 11/6/2031","2","514","Fair Value","(40)"
"SRC042","242","39","Fastener Distribution Holdings LLC ................Delayed Draw Term Loan 10/31/2026","1","471","Unfunded Commitment","11,594"
"SRC042","242","39","Fastener Distribution Holdings LLC ................Delayed Draw Term Loan 10/31/2026","2","514","Fair Value","(58)"
"SRC042","242","40","Fern Bidco Ltd .................................Delayed Draw Term Loan 7/3/2027","1","471","Unfunded Commitment","10,035"
"SRC042","242","41","Formulations Parent Corp. ........................Revolver 11/15/2029","1","471","Unfunded Commitment","1,429"
"SRC042","242","41","Formulations Parent Corp. ........................Revolver 11/15/2029","2","514","Fair Value","(14)"
"SRC042","242","42","Foundation Risk Partners Corp. ....................Revolver 10/29/2029","1","471","Unfunded Commitment","4,101"
"SRC042","242","42","Foundation Risk Partners Corp. ....................Revolver 10/29/2029","2","514","Fair Value","(62)"
"SRC042","242","43","Foundation Risk Partners Corp. ....................Delayed Draw Term Loan 5/21/2026","1","471","Unfunded Commitment","2,245"
"SRC042","242","44","Frontgrade Technologies Holdings, Inc. .............Revolver 1/9/2028","1","471","Unfunded Commitment","516"
"SRC042","242","45","Frontline Road Safety, LLC .......................Delayed Draw Term Loan 6/15/2025","1","471","Unfunded Commitment","33"
"SRC042","242","46","FusionSite Midco, LLC ..........................Revolver 11/17/2029","1","471","Unfunded Commitment","4,209"
"SRC042","242","46","FusionSite Midco, LLC ..........................Revolver 11/17/2029","2","514","Fair Value","(95)"
"SRC042","242","47","FusionSite Midco, LLC ..........................Delayed Draw Term Loan 9/25/2025","1","471","Unfunded Commitment","1,276"
"SRC042","242","48","G&A Partners Holding Company II, LLC ............Delayed Draw Term Loan 3/1/2026","1","471","Unfunded Commitment","11,967"
"SRC042","242","49","G&A Partners Holding Company II, LLC ............Revolver 3/1/2030","1","471","Unfunded Commitment","3,288"
"SRC042","242","50","Galway Borrower, LLC ..........................Revolver 9/29/2028","1","471","Unfunded Commitment","8,341"
"SRC042","242","51","Galway Borrower, LLC ..........................Delayed Draw Term Loan 2/7/2026","1","471","Unfunded Commitment","52,181"
"SRC042","242","52","Gannett Fleming Inc .............................Revolver 8/5/2030","1","471","Unfunded Commitment","6,237"
"SRC042","242","52","Gannett Fleming Inc .............................Revolver 8/5/2030","2","514","Fair Value","(94)"
"SRC042","242","53","Gatekeeper Systems Inc ..........................Delayed Draw Term Loan 8/27/2026","1","471","Unfunded Commitment","10,584"
"SRC042","242","53","Gatekeeper Systems Inc ..........................Delayed Draw Term Loan 8/27/2026","2","514","Fair Value","(106)"
"SRC042","242","54","Gatekeeper Systems Inc ..........................Revolver 8/28/2030","1","471","Unfunded Commitment","1,588"
"SRC042","245","1","Redwood Services Group, LLC ..................Delayed Draw Term Loan 8/15/2025 $","1","470","Unfunded Commitment","3,980"
"SRC042","245","2","Relativity ODA, LLC ..........................Revolver 5/14/2029","1","470","Unfunded Commitment","2,966"
"SRC042","245","2","Relativity ODA, LLC ..........................Revolver 5/14/2029","2","514","Fair Value","(74)"
"SRC042","245","3","RFS Opco, LLC ..............................Delayed Draw Term Loan 12/3/2025","1","470","Unfunded Commitment","2,381"
"SRC042","245","4","RoadOne Inc .................................Revolver 12/29/2028","1","470","Unfunded Commitment","226"
"SRC042","245","5","Safety Borrower Holdings LP ...................Revolver 9/1/2027","1","470","Unfunded Commitment","280"
"SRC042","245","6","Sam Holding Co, Inc. ..........................Revolver 3/24/2027","1","470","Unfunded Commitment","4,200"
"SRC042","245","7","Sam Holding Co, Inc. ..........................Delayed Draw Term Loan 9/5/2025","1","470","Unfunded Commitment","5,900"
"SRC042","245","8","Scorpio BidCo SAS ...........................Delayed Draw Term Loan 3/10/2026","1","470","Unfunded Commitment","4,386"
"SRC042","245","8","Scorpio BidCo SAS ...........................Delayed Draw Term Loan 3/10/2026","2","514","Fair Value","(46)"
"SRC042","245","9","Seahawk Bidco, LLC ..........................Delayed Draw Term Loan 12/19/2026","1","470","Unfunded Commitment","12,511"
"SRC042","245","10","Seahawk Bidco, LLC ..........................Revolver 12/19/2030","1","470","Unfunded Commitment","3,753"
"SRC042","245","10","Seahawk Bidco, LLC ..........................Revolver 12/19/2030","2","514","Fair Value","(34)"
"SRC042","245","11","SEKO Global Logistics Network, LLC ............Revolver 12/30/2026","1","470","Unfunded Commitment","15"
"SRC042","245","12","SG Acquisition, Inc. ...........................Revolver 4/3/2030","1","470","Unfunded Commitment","8,301"
"SRC042","245","13","Inc .......................................Delayed Draw Term Loan 12/31/2026","1","470","Unfunded Commitment","2,151"
"SRC042","245","13","Inc .......................................Delayed Draw Term Loan 12/31/2026","2","514","Fair Value","(11)"
"SRC042","245","14","Inc .......................................Revolver 12/31/2031","1","470","Unfunded Commitment","1,076"
"SRC042","245","14","Inc .......................................Revolver 12/31/2031","2","514","Fair Value","(11)"
"SRC042","245","15","Skopima Consilio Parent LLC ...................Revolver 5/14/2028","1","470","Unfunded Commitment","4,200"
"SRC042","245","15","Skopima Consilio Parent LLC ...................Revolver 5/14/2028","2","514","Fair Value","(12)"
"SRC042","245","16","Smile Doctors, LLC ...........................Delayed Draw Term Loan 6/9/2025","1","470","Unfunded Commitment","1,036"
"SRC042","245","17","Smile Doctors, LLC ...........................Revolver 12/23/2027","1","470","Unfunded Commitment","1,233"
"SRC042","245","17","Smile Doctors, LLC ...........................Revolver 12/23/2027","2","514","Fair Value","(31)"
"SRC042","245","18","Spaceship Purchaser Inc ........................Revolver 10/17/2031","1","470","Unfunded Commitment","10,894"
"SRC042","245","18","Spaceship Purchaser Inc ........................Revolver 10/17/2031","2","514","Fair Value","(109)"
"SRC042","245","19","Spaceship Purchaser Inc ........................Delayed Draw Term Loan 10/17/2026","1","470","Unfunded Commitment","5,447"
"SRC042","245","20","Spaceship Purchaser Inc ........................Delayed Draw Term Loan 10/17/2027","1","470","Unfunded Commitment","13,072"
"SRC042","245","20","Spaceship Purchaser Inc ........................Delayed Draw Term Loan 10/17/2027","2","514","Fair Value","(65)"
"SRC042","245","21","Sparta UK Bidco Ltd ..........................Delayed Draw Term Loan 9/25/2028","1","470","Unfunded Commitment","5,099"
"SRC042","245","22","SpecialtyCare, Inc. ............................Revolver 6/18/2026","1","470","Unfunded Commitment","404"
"SRC042","245","23","Spectrum Safety Solutions Purchaser, LLC .........Delayed Draw Term Loan 7/1/2026","1","470","Unfunded Commitment","16,126"
"SRC042","245","23","Spectrum Safety Solutions Purchaser, LLC .........Delayed Draw Term Loan 7/1/2026","2","514","Fair Value","(121)"
"SRC042","245","24","Spectrum Safety Solutions Purchaser, LLC .........Revolver 7/1/2030","1","470","Unfunded Commitment","14,298"
"SRC042","245","24","Spectrum Safety Solutions Purchaser, LLC .........Revolver 7/1/2030","2","514","Fair Value","(107)"
"SRC042","245","25","Speedster Bidco GmbH ........................Revolver 5/13/2031","1","470","Unfunded Commitment","1,801"
"SRC042","245","25","Speedster Bidco GmbH ........................Revolver 5/13/2031","2","514","Fair Value","(5)"
"SRC042","245","26","Stepping Stones Healthcare Services, LLC .........Revolver 12/30/2026","1","470","Unfunded Commitment","371"
"SRC042","245","27","Stepping Stones Healthcare Services, LLC .........Delayed Draw Term Loan 4/24/2026","1","470","Unfunded Commitment","671"
"SRC042","245","28","STV Group, Inc. ..............................Delayed Draw Term Loan 3/20/2026","1","470","Unfunded Commitment","6,976"
"SRC042","245","28","STV Group, Inc. ..............................Delayed Draw Term Loan 3/20/2026","2","514","Fair Value","(70)"
"SRC042","245","29","STV Group, Inc. ..............................Revolver 3/20/2031","1","470","Unfunded Commitment","4,186"
"SRC042","245","30","Tango Bidco SAS .............................Delayed Draw Term Loan 10/17/2027","1","470","Unfunded Commitment","962"
"SRC042","245","30","Tango Bidco SAS .............................Delayed Draw Term Loan 10/17/2027","2","514","Fair Value","(6)"
"SRC042","245","31","Tango Bidco SAS .............................Delayed Draw Term Loan 10/17/2027","1","470","Unfunded Commitment","2,305"
"SRC042","245","32","TEI Intermediate LLC .........................Revolver 12/13/2031","1","470","Unfunded Commitment","3,096"
"SRC042","245","33","TEI Intermediate LLC .........................Delayed Draw Term Loan 12/13/2026","1","470","Unfunded Commitment","8,256"
"SRC042","245","33","TEI Intermediate LLC .........................Delayed Draw Term Loan 12/13/2026","2","514","Fair Value","(41)"
"SRC042","245","34","Tennessee Bidco Limited .......................Delayed Draw Term Loan 7/1/2026","1","470","Unfunded Commitment","22,998"
"SRC042","245","35","The Fertility Partners, Inc. ......................Revolver 9/16/2027","1","470","Unfunded Commitment","211"
"SRC042","245","36","The GI Alliance Management, LLC ...............Delayed Draw Term Loan 3/1/2026","1","470","Unfunded Commitment","35,604"
"SRC042","245","37","The Hiller Companies, LLC .....................Delayed Draw Term Loan 6/20/2026","1","470","Unfunded Commitment","1,696"
"SRC042","245","38","The Hiller Companies, LLC .....................Revolver 6/20/2030","1","470","Unfunded Commitment","1,432"
"SRC042","245","38","The Hiller Companies, LLC .....................Revolver 6/20/2030","2","514","Fair Value","(11)"
"SRC042","245","39","The North Highland Co LLC ....................Revolver 12/20/2030","1","470","Unfunded Commitment","3,373"
"SRC042","245","40","The North Highland Co LLC ....................Delayed Draw Term Loan 12/20/2026","1","470","Unfunded Commitment","5,903"
"SRC042","245","40","The North Highland Co LLC ....................Delayed Draw Term Loan 12/20/2026","2","514","Fair Value","(30)"
"SRC042","245","41","THG Acquisition LLC .........................Revolver 10/31/2031","1","470","Unfunded Commitment","1,202"
"SRC042","245","42","THG Acquisition LLC .........................Delayed Draw Term Loan 10/31/2026","1","470","Unfunded Commitment","2,598"
"SRC042","245","42","THG Acquisition LLC .........................Delayed Draw Term Loan 10/31/2026","2","514","Fair Value","(13)"
"SRC042","245","43","Tricentis ....................................Term Loan 2/11/2032","1","470","Unfunded Commitment","22,745"
"SRC042","245","44","Tricentis ....................................Delayed Draw Term Loan 2/11/2032","1","470","Unfunded Commitment","4,549"
"SRC042","245","45","Tricentis ....................................Revolver 2/11/2032","1","470","Unfunded Commitment","2,843"
"SRC042","245","46","Trinity Air Consultants Holdings Corp. ............Delayed Draw Term Loan 4/24/2025","1","470","Unfunded Commitment","7,907"
"SRC042","245","47","Trinity Air Consultants Holdings Corp. ............Revolver 6/29/2028","1","470","Unfunded Commitment","7,269"
"SRC042","245","48","Trinity Partners Holdings, LLC ..................Delayed Draw Term Loan 6/20/2025","1","470","Unfunded Commitment","1,433"
"SRC042","245","48","Trinity Partners Holdings, LLC ..................Delayed Draw Term Loan 6/20/2025","2","514","Fair Value","(14)"
"SRC042","245","49","Triple Lift, Inc. ...............................Revolver 5/5/2028","1","470","Unfunded Commitment","7,697"
"SRC042","245","49","Triple Lift, Inc. ...............................Revolver 5/5/2028","2","514","Fair Value","(308)"
"SRC042","245","50","TRP Infrastructure Services, LLC ................Delayed Draw Term Loan 12/2/2026","1","470","Unfunded Commitment","10,766"
"SRC042","245","50","TRP Infrastructure Services, LLC ................Delayed Draw Term Loan 12/2/2026","2","514","Fair Value","(54)"
"SRC042","245","51","Turing Holdco, Inc. ...........................Delayed Draw Term Loan 8/3/2028","1","470","Unfunded Commitment","28,117"
"SRC042","245","52","Turing Holdco, Inc. ...........................Delayed Draw Term Loan 8/3/2028","1","470","Unfunded Commitment","20,901"
"SRC042","246","1","Unified Women’s Healthcare LP .................Revolver","4","470","Unfunded Commitment","241"
"SRC042","246","2","Unified Women’s Healthcare LP .................Delayed","4","470","Unfunded Commitment","2,895"
"SRC042","246","3","Unified Women’s Healthcare LP .................Delayed","4","470","Unfunded Commitment","44,793"
"SRC042","246","4","US Oral Surgery Management Holdco, LLC ........Delayed","4","470","Unfunded Commitment","41,551"
"SRC042","246","4","US Oral Surgery Management Holdco, LLC ........Delayed","5","512","Fair Value","(208)"
"SRC042","246","5","US Oral Surgery Management Holdco, LLC ........Revolver","4","470","Unfunded Commitment","3,735"
"SRC042","246","6","Varicent Parent Holdings Corp ..................Delayed","4","470","Unfunded Commitment","2,794"
"SRC042","246","6","Varicent Parent Holdings Corp ..................Delayed","5","512","Fair Value","(21)"
"SRC042","246","7","Varicent Parent Holdings Corp ..................Revolver","4","470","Unfunded Commitment","1,557"
"SRC042","246","7","Varicent Parent Holdings Corp ..................Revolver","5","512","Fair Value","(23)"
"SRC042","246","8","Water Holdings Acquisition LLC ................Delayed","4","470","Unfunded Commitment","5,754"
"SRC042","246","9","West Monroe Partners, LLC .....................Revolver","4","470","Unfunded Commitment","1,443"
"SRC042","246","10","West Monroe Partners, LLC .....................Delayed","4","470","Unfunded Commitment","2,500"
"SRC042","246","11","WHCG Purchaser III Inc .......................Delayed","4","470","Unfunded Commitment","7,044"
"SRC042","246","12","World Insurance Associates, LLC ................Delayed","4","470","Unfunded Commitment","14,682"
"SRC042","246","13","World Insurance Associates, LLC ................Revolver","4","470","Unfunded Commitment","2,939"
"SRC042","246","14","WPEngine, Inc. ...............................Revolver","4","470","Unfunded Commitment","6,667"
"SRC042","246","14","WPEngine, Inc. ...............................Revolver","5","512","Fair Value","(200)"
"SRC042","246","15","YA Intermediate Holdings II, LLC ...............Delayed","4","470","Unfunded Commitment","3,286"
"SRC042","246","15","YA Intermediate Holdings II, LLC ...............Delayed","5","512","Fair Value","(16)"
"SRC042","246","16","YA Intermediate Holdings II, LLC ...............Revolver","4","470","Unfunded Commitment","1,499"
"SRC042","246","17","Zellis TopCo Limited ..........................Term","4","470","Unfunded Commitment","7,765"
"SRC042","246","18","Zendesk Inc .................................Delayed","4","470","Unfunded Commitment","361"
"SRC042","246","18","Zendesk Inc .................................Delayed","5","512","Fair Value","(5)"
"SRC042","246","19","Zendesk Inc .................................Revolver","4","470","Unfunded Commitment","169"
"SRC042","246","20","Zeus, LLC ...................................Revolver","4","470","Unfunded Commitment","3,426"
"SRC042","246","20","Zeus, LLC ...................................Revolver","5","512","Fair Value","(17)"
"SRC042","246","21","Zeus, LLC ...................................Delayed","4","470","Unfunded Commitment","2,969"
"SRC042","246","22","Zorro Bidco Ltd ..............................Delayed","4","470","Unfunded Commitment","7,647"
"SRC042","246","22","Zorro Bidco Ltd ..............................Delayed","5","512","Fair Value","(73)"
"SRC042","246","23","Total Unfunded Commitments .................","4","470","Unfunded Commitment","1,707,094"
"SRC042","246","23","Total Unfunded Commitments .................","5","512","Fair Value","(7,253)"
"SRC042","246","24","(9) The interest rate floor on these investments as of December","1","285","","31, 2024"
"SRC042","246","25","(10) The interest rate floor on these investments as of December","1","285","","31, 2024"
"SRC042","246","26","(11) The interest rate floor on these investments as of December","1","285","","31, 2024"
"SRC042","246","27","(12) The interest rate floor on these investments as of December","1","285","","31, 2024"
"SRC042","246","28","(13) The interest rate floor on these investments as of December","1","285","","31, 2024"
"SRC042","246","29","(14) The interest rate floor on these investments as of December","1","285","","31, 2024"
"SRC042","246","30","(16) Under the 1940 Act, the Company would be deemed to “control”","4","470","Unfunded Commitment","25%"
"SRC042","246","31","the 1940 Act, the Company would be deemed an “affiliated","4","470","Unfunded Commitment","5%"
"SRC042","246","32","portfolio company’s outstanding voting securities. As of December","2","308","Commitment Type","31, 2024,"
"SRC042","246","33","December 31,","4","470","Fair Value","31,"
"SRC042","246","34","2023","4","470","Fair Value","2024"
"SRC042","246","35","Blackstone Donegal Holdings LP ....... $5,790","3","377","Net Change in","613"
"SRC042","246","35","Blackstone Donegal Holdings LP ....... $5,790","4","470","Fair Value","6,403"
"SRC042","246","36","Material Holdings, LLC ............... —","1","285","","21,384"
"SRC042","246","36","Material Holdings, LLC ............... —","3","377","Net Change in","163"
"SRC042","246","36","Material Holdings, LLC ............... —","4","470","Fair Value","21,547"
"SRC042","246","36","Material Holdings, LLC ............... —","5","512","Dividend","1,378"
"SRC042","246","37","Material Holdings, LLC ............... —","1","285","","5,114"
"SRC042","246","37","Material Holdings, LLC ............... —","3","377","Net Change in","(3,717)"
"SRC042","246","37","Material Holdings, LLC ............... —","4","470","Fair Value","1,397"
"SRC042","246","37","Material Holdings, LLC ............... —","5","512","Dividend","314"
"SRC042","246","38","Total ............................. $5,790","1","285","","$26,498"
"SRC042","246","38","Total ............................. $5,790","4","470","Fair Value","$29,347"
"SRC042","246","38","Total ............................. $5,790","5","512","Dividend","$1,692"
"SRC042","247","1","(19) All securities are exempt from registration","4","328","","1933,"
"SRC042","247","2","“restricted securities.” As of December","1","212","","31, 2024,"
"SRC042","247","2","“restricted securities.” As of December","5","384","","$13,092.5"
"SRC042","247","3","(20) The interest rate floor on these investments","3","289","thousands)","31, 2024"
"SRC042","247","4","Wells Fargo Bank, N.A. ...............................","4","328","Currency Purchased","56,412"
"SRC042","247","4","Wells Fargo Bank, N.A. ...............................","5","384","Currency Sold","80,000"
"SRC042","247","4","Wells Fargo Bank, N.A. ...............................","7","490","Appreciation (Depreciation)","719"
"SRC042","247","5","Wells Fargo Bank, N.A. ...............................","4","328","Currency Purchased","68,801"
"SRC042","247","5","Wells Fargo Bank, N.A. ...............................","5","384","Currency Sold","65,250"
"SRC042","247","5","Wells Fargo Bank, N.A. ...............................","7","490","Appreciation (Depreciation)","1,043"
"SRC042","247","6","Wells Fargo Bank, N.A. ...............................","4","328","Currency Purchased","37,395"
"SRC042","247","6","Wells Fargo Bank, N.A. ...............................","5","384","Currency Sold","29,500"
"SRC042","247","6","Wells Fargo Bank, N.A. ...............................","7","490","Appreciation (Depreciation)","482"
"SRC042","247","7","Wells Fargo Bank, N.A. ...............................","4","328","Currency Purchased","8,408"
"SRC042","247","7","Wells Fargo Bank, N.A. ...............................","5","384","Currency Sold","91,000"
"SRC042","247","7","Wells Fargo Bank, N.A. ...............................","7","490","Appreciation (Depreciation)","157"
"SRC042","247","8","Total Foreign Currency Forward Contracts","7","490","Appreciation (Depreciation)","$2,401"
"SRC042","247","9","SMBC Capital Markets, Inc. ...November","1","212","Hedged Item","2027"
"SRC042","247","9","SMBC Capital Markets, Inc. ...November","2","256","Company Receives","5.88%"
"SRC042","247","9","SMBC Capital Markets, Inc. ...November","5","384","Notional Amount","$400,000"
"SRC042","247","9","SMBC Capital Markets, Inc. ...November","6","415","Market Payments","$3,995"
"SRC042","247","9","SMBC Capital Markets, Inc. ...November","7","490","Appreciation Value / Receipts (Depreciation) (1)","$3,995"
"SRC042","247","10","Wells Fargo Bank, N.A. ....... April 2028","2","256","Company Receives","5.35%"
"SRC042","247","10","Wells Fargo Bank, N.A. ....... April 2028","5","384","Notional Amount","$400,000"
"SRC042","247","10","Wells Fargo Bank, N.A. ....... April 2028","6","415","Market Payments","(5,855)"
"SRC042","247","10","Wells Fargo Bank, N.A. ....... April 2028","7","490","Appreciation Value / Receipts (Depreciation) (1)","(5,855)"
"SRC042","247","11","Wells Fargo Bank, N.A. ....... April 2028","2","256","Company Receives","5.35%"
"SRC042","247","11","Wells Fargo Bank, N.A. ....... April 2028","5","384","Notional Amount","$300,000"
"SRC042","247","11","Wells Fargo Bank, N.A. ....... April 2028","6","415","Market Payments","(1,309)"
"SRC042","247","11","Wells Fargo Bank, N.A. ....... April 2028","7","490","Appreciation Value / Receipts (Depreciation) (1)","(1,309)"
"SRC042","248","1","Delaware statutory trust formed on March","1","229","Fund (together","26,"
"SRC042","248","2","commencement through December 31,","1","229","Fund (together","2024,"
"SRC042","248","3","The Company commenced its loan","2","444","“Company”),","20, 2018."
"SRC042","248","4","for reporting on Form 10-K and Article","1","229","Fund (together","6"
"SRC042","248","5","the accounting and reporting guidance","2","444","“Company”),","946,"
"SRC042","256","1","application.","5","359","","31, 2025"
"SRC042","256","2","material","6","396","","11."
"SRC042","256","3","Note","1","92","","3."
"SRC042","256","4","Advisory","5","359","","1940"
"SRC042","256","4","Advisory","7","462","","1, 2025."
"SRC042","256","5","Section","2","149","","1940"
"SRC042","256","6","assignment.","4","250","","1, 2025,"
"SRC042","256","7","pursuant","5","359","","7, 2024,"
"SRC042","256","8","January","1","92","","1, 2025,"
"SRC042","256","9","the","3","222","","30, 2025,"
"SRC042","256","9","the","6","396","","31, 2026,"
"SRC042","256","10","upon","1","92","","60"
"SRC042","256","11","assignment","3","222","","1940"
"SRC042","259","1","(the “Incentive Fee","5","466","","(15%"
"SRC042","259","2","For the years ended","2","269","","2024,"
"SRC042","259","3","$126.7 million and","1","152","","$150.1"
"SRC042","259","3","$126.7 million and","4","405","","31, 2023,"
"SRC042","259","4","income based incentive","3","293","","$15.6"
"SRC042","259","5","As of December","1","152","","31, 2025"
"SRC042","259","5","As of December","2","269","","31, 2024,"
"SRC042","259","5","As of December","4","405","","$38.7"
"SRC042","259","6","fee, is determined and","5","466","","17.5%"
"SRC042","260","1","For the years","2","223","","31, 2025"
"SRC042","260","1","For the years","3","270","","2024,"
"SRC042","260","2","fees. For the year","2","223","","31, 2023,"
"SRC042","260","3","incentive fees of","1","144","","$5.5"
"SRC042","260","3","incentive fees of","3","270","","31, 2025"
"SRC042","260","3","incentive fees of","4","369","","31, 2024,"
"SRC042","260","4","On October","1","144","","1, 2018,"
"SRC042","260","5","Administrator (the","4","369","","7, 2024,"
"SRC042","260","6","termination of the","4","369","","31, 2024,"
"SRC042","260","7","Administration Agreement","5","440","","1, 2025."
"SRC042","260","8","effective January","1","144","","1, 2025,"
"SRC042","260","9","Agreement. Further,","2","223","","7, 2024,"
"SRC042","260","10","Administrator, on","6","483","","1, 2025,"
"SRC042","260","11","approved by the Board,","5","440","","2025,"
"SRC042","260","12","period ending on","1","144","two years","31,"
"SRC042","261","1","For the year","2","223","","31, 2025,"
"SRC042","261","2","Consolidated Statements","5","381","","2024"
"SRC042","261","3","As of December","1","147","","31, 2025"
"SRC042","261","3","As of December","3","295","","$1.6"
"SRC042","261","3","As of December","5","381","","$1.5"
"SRC042","261","4","On October 1,","1","147","","2018,"
"SRC042","261","5","Company’s custodian.","2","223","","7, 2024,"
"SRC042","261","6","Administration Agreement","6","460","","1, 2025."
"SRC042","261","7","The Expense","5","381","","28, 2021."
"SRC042","261","8","obligation to make","5","381","","2024."
"SRC042","261","8","obligation to make","6","460","","31, 2024,"
"SRC042","261","9","unreimbursed Expense","5","381","","31, 2024"
"SRC042","261","10","arm’s-length basis.","4","312","","5%"
"SRC042","261","11","considered to be a","5","381","","2023,"
"SRC042","261","12","related party transactions.","3","295","","31,"
"SRC042","261","12","related party transactions.","4","312","","2024,"
"SRC042","262","1","December 31, 2025","4","431","","31,"
"SRC042","262","1","December 31, 2025","5","453","","2024"
"SRC042","262","2","First lien debt ... $14,066,122 $13,866,434","1","295","Investments Fair Value","97.6%"
"SRC042","262","2","First lien debt ... $14,066,122 $13,866,434","2","358","Cost","$12,959,332"
"SRC042","262","2","First lien debt ... $14,066,122 $13,866,434","3","402","Fair","$12,830,389"
"SRC042","262","2","First lien debt ... $14,066,122 $13,866,434","6","492","Investments Fair Value","98.0%"
"SRC042","262","3","debt ........ 232,448 231,650","1","295","Investments Fair Value","1.6"
"SRC042","262","3","debt ........ 232,448 231,650","2","358","Cost","122,634"
"SRC042","262","3","debt ........ 232,448 231,650","4","431","Value","119,184"
"SRC042","262","3","debt ........ 232,448 231,650","6","492","Investments Fair Value","0.9"
"SRC042","262","4","debt ........ 13,049 12,278","1","295","Investments Fair Value","0.1"
"SRC042","262","4","debt ........ 13,049 12,278","2","358","Cost","33,644"
"SRC042","262","4","debt ........ 13,049 12,278","4","431","Value","33,521"
"SRC042","262","4","debt ........ 13,049 12,278","6","492","Investments Fair Value","0.3"
"SRC042","262","5","Equity ........ 76,348 96,932","1","295","Investments Fair Value","0.7"
"SRC042","262","5","Equity ........ 76,348 96,932","2","358","Cost","77,609"
"SRC042","262","5","Equity ........ 76,348 96,932","4","431","Value","109,424"
"SRC042","262","5","Equity ........ 76,348 96,932","6","492","Investments Fair Value","0.8"
"SRC042","262","6","Total ......... $14,387,967 $14,207,294","1","295","Investments Fair Value","100.0%"
"SRC042","262","6","Total ......... $14,387,967 $14,207,294","2","358","Cost","$13,193,219"
"SRC042","262","6","Total ......... $14,387,967 $14,207,294","3","402","Fair","$13,092,518"
"SRC042","262","6","Total ......... $14,387,967 $14,207,294","6","492","Investments Fair Value","100.0%"
"SRC042","262","7","Aerospace & Defense ....................","2","358","2025","4.1%"
"SRC042","262","7","Aerospace & Defense ....................","4","431","2024","4.4%"
"SRC042","262","8","Air Freight & Logistics ..................","2","358","2025","1.9"
"SRC042","262","8","Air Freight & Logistics ..................","4","431","2024","3.0"
"SRC042","262","9","Auto Components (1)(2) ...................","2","358","2025","0.0"
"SRC042","262","9","Auto Components (1)(2) ...................","4","431","2024","0.0"
"SRC042","262","10","Biotechnology ..........................","2","358","2025","1.1"
"SRC042","262","11","Building Products .......................","2","358","2025","1.3"
"SRC042","262","11","Building Products .......................","4","431","2024","2.4"
"SRC042","262","12","Chemicals .............................","2","358","2025","0.3"
"SRC042","262","12","Chemicals .............................","4","431","2024","0.3"
"SRC042","262","13","Commercial Services & Supplies ...........","2","358","2025","8.0"
"SRC042","262","13","Commercial Services & Supplies ...........","4","431","2024","7.7"
"SRC042","262","14","Construction & Engineering ...............","2","358","2025","1.2"
"SRC042","262","14","Construction & Engineering ...............","4","431","2024","0.8"
"SRC042","262","15","Consumer Staples Distribution & Retail","1","295","","(1)"
"SRC042","262","15","Consumer Staples Distribution & Retail","2","358","2025","0.0"
"SRC042","262","16","Containers & Packaging ..................","2","358","2025","0.2"
"SRC042","262","16","Containers & Packaging ..................","4","431","2024","0.2"
"SRC042","262","17","Distributors ............................","2","358","2025","2.1"
"SRC042","262","17","Distributors ............................","4","431","2024","3.1"
"SRC042","262","18","Diversified Consumer Services ............","2","358","2025","4.2"
"SRC042","262","18","Diversified Consumer Services ............","4","431","2024","4.6"
"SRC042","262","19","Diversified Telecommunication Services","2","358","2025","0.1"
"SRC042","262","19","Diversified Telecommunication Services","4","431","2024","1.0"
"SRC042","262","20","Electric Utilities ........................","2","358","2025","1.4"
"SRC042","262","20","Electric Utilities ........................","4","431","2024","1.1"
"SRC042","262","21","Electrical Equipment ....................","2","358","2025","1.4"
"SRC042","262","21","Electrical Equipment ....................","4","431","2024","0.8"
"SRC042","262","22","Components .........................","2","358","2025","2.1"
"SRC042","262","22","Components .........................","4","431","2024","1.9"
"SRC042","262","23","Energy Equipment & Services .............","2","358","2025","0.2"
"SRC042","262","23","Energy Equipment & Services .............","4","431","2024","0.2"
"SRC042","262","24","Financial Services .......................","2","358","2025","0.4"
"SRC042","262","24","Financial Services .......................","4","431","2024","0.3"
"SRC042","262","25","Ground Transportation ...................","2","358","2025","0.1"
"SRC042","262","25","Ground Transportation ...................","4","431","2024","0.2"
"SRC042","262","26","Health Care Equipment & Supplies .........","2","358","2025","0.4"
"SRC042","262","26","Health Care Equipment & Supplies .........","4","431","2024","0.7"
"SRC042","262","27","Health Care Providers & Services ..........","2","358","2025","9.5"
"SRC042","262","27","Health Care Providers & Services ..........","4","431","2024","9.2"
"SRC042","262","28","Health Care Technology ..................","2","358","2025","5.6"
"SRC042","262","28","Health Care Technology ..................","4","431","2024","5.0"
"SRC042","262","29","Insurance ..............................","2","358","2025","9.3"
"SRC042","262","29","Insurance ..............................","4","431","2024","7.4"
"SRC042","262","30","Interactive Media & Services ..............","2","358","2025","0.3"
"SRC042","262","30","Interactive Media & Services ..............","4","431","2024","0.5"
"SRC042","262","31","Internet & Direct Marketing Retail .........","4","431","2024","2.4"
"SRC042","262","32","IT Services ............................","2","358","2025","4.3"
"SRC042","262","32","IT Services ............................","4","431","2024","4.4"
"SRC042","262","33","Life Sciences Tools & Services ............","2","358","2025","0.8"
"SRC042","262","33","Life Sciences Tools & Services ............","4","431","2024","0.6"
"SRC042","262","34","Machinery .............................","2","358","2025","0.3"
"SRC042","262","34","Machinery .............................","4","431","2024","0.2"
"SRC042","262","35","Marine ................................","2","358","2025","0.4"
"SRC042","262","35","Marine ................................","4","431","2024","0.4"
"SRC042","262","36","Media ................................","2","358","2025","0.6"
"SRC042","262","36","Media ................................","4","431","2024","0.4"
"SRC042","263","1","Oil, Gas & Consumable Fuels","3","378","2025","0.5%"
"SRC042","263","1","Oil, Gas & Consumable Fuels","4","435","2024","0.6%"
"SRC042","263","2","Paper & Forest Products ..................","3","378","2025","0.1"
"SRC042","263","2","Paper & Forest Products ..................","4","435","2024","0.1"
"SRC042","263","3","Pharmaceuticals ........................","3","378","2025","0.4"
"SRC042","263","3","Pharmaceuticals ........................","4","435","2024","0.2"
"SRC042","263","4","Professional Services ....................","3","378","2025","9.7"
"SRC042","263","4","Professional Services ....................","4","435","2024","8.4"
"SRC042","263","5","Real Estate Management &","3","378","2025","1.4"
"SRC042","263","5","Real Estate Management &","4","435","2024","1.1"
"SRC042","263","6","Software ..............................","3","378","2025","20.5"
"SRC042","263","6","Software ..............................","4","435","2024","20.1"
"SRC042","263","7","Specialty Retail .........................","3","378","2025","1.3"
"SRC042","263","7","Specialty Retail .........................","4","435","2024","1.3"
"SRC042","263","8","Peripherals ..........................","3","378","2025","0.6"
"SRC042","263","8","Peripherals ..........................","4","435","2024","0.6"
"SRC042","263","9","Trading Companies & Distributors","3","378","2025","0.9"
"SRC042","263","9","Trading Companies & Distributors","4","435","2024","1.0"
"SRC042","263","10","Transportation Infrastructure","3","378","2025","2.9"
"SRC042","263","10","Transportation Infrastructure","4","435","2024","3.4"
"SRC042","263","11","Wireless Telecommunication","3","378","2025","0.1"
"SRC042","263","12","Total .................................","4","435","2024","100.0%"
"SRC042","263","13","(1) Amount rounds to less than 0.1% as of December","1","245","","31, 2025."
"SRC042","263","14","(2) Amount rounds to less than 0.1% as of December","1","245","","31, 2024."
"SRC042","263","15","United States ............. $12,488,551","2","306","Fair Value","$12,259,789"
"SRC042","263","15","United States ............. $12,488,551","3","378","Fair Value","86.3%"
"SRC042","263","15","United States ............. $12,488,551","5","464","Net Assets","196.3%"
"SRC042","263","16","Europe ..................","1","245","Cost","1,601,031"
"SRC042","263","16","Europe ..................","2","306","Fair Value","1,645,999"
"SRC042","263","16","Europe ..................","3","378","Fair Value","11.6"
"SRC042","263","16","Europe ..................","5","464","Net Assets","26.3"
"SRC042","263","17","Bermuda/Cayman Islands ...","1","245","Cost","148,220"
"SRC042","263","17","Bermuda/Cayman Islands ...","2","306","Fair Value","148,966"
"SRC042","263","17","Bermuda/Cayman Islands ...","3","378","Fair Value","1.0"
"SRC042","263","17","Bermuda/Cayman Islands ...","5","464","Net Assets","2.4"
"SRC042","263","18","Canada ..................","1","245","Cost","138,265"
"SRC042","263","18","Canada ..................","2","306","Fair Value","140,444"
"SRC042","263","18","Canada ..................","3","378","Fair Value","1.0"
"SRC042","263","18","Canada ..................","5","464","Net Assets","2.3"
"SRC042","263","19","Asia .....................","1","245","Cost","11,900"
"SRC042","263","19","Asia .....................","2","306","Fair Value","12,096"
"SRC042","263","19","Asia .....................","3","378","Fair Value","0.1"
"SRC042","263","19","Asia .....................","5","464","Net Assets","0.2"
"SRC042","263","20","Total .................... $14,387,967","2","306","Fair Value","$14,207,294"
"SRC042","263","20","Total .................... $14,387,967","3","378","Fair Value","100.0%"
"SRC042","263","20","Total .................... $14,387,967","5","464","Net Assets","227.5%"
"SRC042","263","21","United States ............. $11,663,322","2","306","Fair Value","$11,595,231"
"SRC042","263","21","United States ............. $11,663,322","3","378","Fair Value","88.6%"
"SRC042","263","21","United States ............. $11,663,322","5","464","Net Assets","190.8%"
"SRC042","263","22","Europe ..................","1","245","Cost","1,138,542"
"SRC042","263","22","Europe ..................","2","306","Fair Value","1,104,837"
"SRC042","263","22","Europe ..................","3","378","Fair Value","8.4"
"SRC042","263","22","Europe ..................","5","464","Net Assets","18.2"
"SRC042","263","23","Canada ..................","1","245","Cost","241,124"
"SRC042","263","23","Canada ..................","2","306","Fair Value","242,103"
"SRC042","263","23","Canada ..................","3","378","Fair Value","1.8"
"SRC042","263","23","Canada ..................","5","464","Net Assets","4.0"
"SRC042","263","24","Bermuda/Cayman Islands ...","1","245","Cost","149,595"
"SRC042","263","24","Bermuda/Cayman Islands ...","2","306","Fair Value","149,735"
"SRC042","263","24","Bermuda/Cayman Islands ...","3","378","Fair Value","1.2"
"SRC042","263","24","Bermuda/Cayman Islands ...","5","464","Net Assets","2.5"
"SRC042","263","25","Asia .....................","1","245","Cost","636"
"SRC042","263","25","Asia .....................","2","306","Fair Value","612"
"SRC042","263","25","Asia .....................","3","378","Fair Value","0.0"
"SRC042","263","25","Asia .....................","5","464","Net Assets","0.0"
"SRC042","263","26","Total .................... $13,193,219","2","306","Fair Value","$13,092,518"
"SRC042","263","26","Total .................... $13,193,219","3","378","Fair Value","100.0%"
"SRC042","263","26","Total .................... $13,193,219","5","464","Net Assets","215.5%"
"SRC042","263","27","As of December 31, 2025 and December","1","245","non-accrual status,","31, 2024,"
"SRC042","263","27","As of December 31, 2025 and December","3","378","","99.6%"
"SRC042","263","28","performing debt investments bore interest","2","306","respectively.","0.4%"
"SRC042","264","1","December 31,","1","413","","2025"
"SRC042","264","2","Level 1 Level 2 Level","1","413","","3"
"SRC042","264","3","First lien debt .......................... $— $106,617 $13,759,817","2","477","","$13,866,434"
"SRC042","264","4","Second lien debt ........................ — —","1","413","","231,650"
"SRC042","264","4","Second lien debt ........................ — —","2","477","","231,650"
"SRC042","264","5","Unsecured debt ......................... — —","1","413","","12,278"
"SRC042","264","5","Unsecured debt ......................... — —","2","477","","12,278"
"SRC042","264","6","Equity ................................ 438 —","1","413","","96,494"
"SRC042","264","6","Equity ................................ 438 —","2","477","","96,932"
"SRC042","264","7","Total ................................ $438 $106,617 $14,100,239","2","477","","$14,207,294"
"SRC042","264","8","December 31,","1","413","","2024"
"SRC042","264","9","Level 1 Level 2 Level","1","413","","3"
"SRC042","264","10","First lien debt .......................... $— $115,753 $12,714,636","2","477","","$12,830,389"
"SRC042","264","11","Second lien debt ........................ — —","1","413","","119,184"
"SRC042","264","11","Second lien debt ........................ — —","2","477","","119,184"
"SRC042","264","12","Unsecured debt ......................... — —","1","413","","33,521"
"SRC042","264","12","Unsecured debt ......................... — —","2","477","","33,521"
"SRC042","264","13","Equity ................................ — —","1","413","","109,424"
"SRC042","264","13","Equity ................................ — —","2","477","","109,424"
"SRC042","264","14","Total ................................ $— $115,753 $12,976,765","2","477","","$13,092,518"
"SRC042","264","15","Fair value, beginning of period .............. $12,714,636 $119,184 $ 33,521","1","413","Debt Equity","$109,424"
"SRC042","264","15","Fair value, beginning of period .............. $12,714,636 $119,184 $ 33,521","2","477","Total","$12,976,765"
"SRC042","264","16","Purchases of investments .................. 3,252,217 112,881 1,877","2","477","Total","3,370,391"
"SRC042","264","17","of investments ......................... (2,183,549) (3,462) (22,548)","1","413","Debt Equity","(12,455)"
"SRC042","264","17","of investments ......................... (2,183,549) (3,462) (22,548)","2","477","Total","(2,222,014)"
"SRC042","264","18","premium) ............................. 51,373 395","1","413","Debt Equity","76"
"SRC042","264","18","premium) ............................. 51,373 395","2","477","Total","51,844"
"SRC042","264","19","(depreciation) ......................... (73,904) 2,652 (648)","1","413","Debt Equity","(11,413)"
"SRC042","264","19","(depreciation) ......................... (73,904) 2,652 (648)","2","477","Total","(83,313)"
"SRC042","264","20","Transfers into Level 3 (1) ................... 6,967 — —","2","477","Total","6,967"
"SRC042","264","21","Fair value, end of period ................. $13,759,817 $231,650 $ 12,278","1","413","Debt Equity","96,494"
"SRC042","264","21","Fair value, end of period ................. $13,759,817 $231,650 $ 12,278","2","477","Total","$14,100,239"
"SRC042","264","22","Consolidated Statements of Operations ..... $ (74,544) $ 2,166 $ (889)","2","477","Total","(79,634)"
"SRC042","265","1","For the Year Ended December","1","432","","31, 2024"
"SRC042","265","2","Fair value, beginning of period .............. $ 9,564,203 $ 41,515 $ 9,924","1","432","","94,940"
"SRC042","265","2","Fair value, beginning of period .............. $ 9,564,203 $ 41,515 $ 9,924","2","493","","9,710,582"
"SRC042","265","3","Purchases of investments .................. 3,911,214 79,441 23,669","1","432","","14,129"
"SRC042","265","3","Purchases of investments .................. 3,911,214 79,441 23,669","2","493","","4,028,453"
"SRC042","265","4","of investments ......................... (789,651) (271) —","1","432","","(492)"
"SRC042","265","4","of investments ......................... (789,651) (271) —","2","493","","(790,414)"
"SRC042","265","5","premium) ............................. 38,337 116 45","2","493","","38,498"
"SRC042","265","6","Net realized gain (loss) .................... (19,498) — —","1","432","","492"
"SRC042","265","6","Net realized gain (loss) .................... (19,498) — —","2","493","","(19,006)"
"SRC042","265","7","(depreciation) ......................... (34,427) (1,617) (117)","1","432","","355"
"SRC042","265","7","(depreciation) ......................... (34,427) (1,617) (117)","2","493","","(35,806)"
"SRC042","265","8","Transfers into Level 3 (1) ................... 45,260 — —","2","493","","45,260"
"SRC042","265","9","Transfers out of Level 3 (1) ................. (802) — —","2","493","","(802)"
"SRC042","265","10","Fair value, end of period ................. $12,714,636 $119,184 $33,521","1","432","","$109,424"
"SRC042","265","10","Fair value, end of period ................. $12,714,636 $119,184 $33,521","2","493","","$12,976,765"
"SRC042","265","11","Consolidated Statements of Operations ..... $ (33,283) $ (1,619) $ (118)","1","432","","356"
"SRC042","265","11","Consolidated Statements of Operations ..... $ (33,283) $ (1,619) $ (118)","2","493","","(34,664)"
"SRC042","265","12","debt ................. $13,198,498 Yield Analysis Rate 6.94%","1","432","Low High","19.36%"
"SRC042","265","12","debt ................. $13,198,498 Yield Analysis Rate 6.94%","2","493","Average (1)","9.44%"
"SRC042","265","13","462,825 Asset Recoverability Multiple 7.25x","1","432","Low High","12.47x"
"SRC042","265","13","462,825 Asset Recoverability Multiple 7.25x","2","493","Average (1)","11.23x"
"SRC042","265","14","98,494 Market Quotations price 97.25","1","432","Low High","100.00"
"SRC042","265","14","98,494 Market Quotations price 97.25","2","493","Average (1)","99.97"
"SRC042","265","15","debt ................. 231,650 Yield Analysis Rate 8.45%","1","432","Low High","15.78%"
"SRC042","265","15","debt ................. 231,650 Yield Analysis Rate 8.45%","2","493","Average (1)","10.11%"
"SRC042","265","16","debt ................. 12,278 Yield Analysis Rate 15.10%","1","432","Low High","15.10%"
"SRC042","265","16","debt ................. 12,278 Yield Analysis Rate 15.10%","2","493","Average (1)","15.10%"
"SRC042","265","17","Investments in equity ..... 62,579 Market Approach Multiple 6.40x","1","432","Low High","33.63x"
"SRC042","265","17","Investments in equity ..... 62,579 Market Approach Multiple 6.40x","2","493","Average (1)","12.28x"
"SRC042","265","18","19,678 Yield Analysis Rate 12.50%","1","432","Low High","19.50%"
"SRC042","265","18","19,678 Yield Analysis Rate 12.50%","2","493","Average (1)","15.08%"
"SRC042","265","19","11,235 Option Pricing Model Volatility 32.00%","1","432","Low High","70.50%"
"SRC042","265","19","11,235 Option Pricing Model Volatility 32.00%","2","493","Average (1)","33.34%"
"SRC042","265","20","3,002 Asset Recoverability Multiple 8.50x","1","432","Low High","16.00x"
"SRC042","265","20","3,002 Asset Recoverability Multiple 8.50x","2","493","Average (1)","11.22x"
"SRC042","266","1","December","1","367","","31, 2024"
"SRC042","266","2","Fair Value Technique Input","4","493","","(1)"
"SRC042","266","3","debt ................ $12,546,382 Yield Analysis Rate","2","413","","7.00%"
"SRC042","266","3","debt ................ $12,546,382 Yield Analysis Rate","3","449","","22.67%"
"SRC042","266","3","debt ................ $12,546,382 Yield Analysis Rate","4","493","","10.15%"
"SRC042","266","4","102,316 Market Quotations Price","2","413","","97.00"
"SRC042","266","4","102,316 Market Quotations Price","3","449","","100.57"
"SRC042","266","4","102,316 Market Quotations Price","4","493","","100.08"
"SRC042","266","5","63,879 Asset Recoverability Multiple","2","413","","10.00x"
"SRC042","266","5","63,879 Asset Recoverability Multiple","3","449","","10.75x"
"SRC042","266","5","63,879 Asset Recoverability Multiple","4","493","","10.40x"
"SRC042","266","6","2,059 Asset Recoverability Rate","2","413","","10.33%"
"SRC042","266","6","2,059 Asset Recoverability Rate","3","449","","10.92%"
"SRC042","266","6","2,059 Asset Recoverability Rate","4","493","","10.36%"
"SRC042","266","7","debt ................ 119,184 Yield Analysis Rate","2","413","","8.86%"
"SRC042","266","7","debt ................ 119,184 Yield Analysis Rate","3","449","","16.73%"
"SRC042","266","7","debt ................ 119,184 Yield Analysis Rate","4","493","","11.52%"
"SRC042","266","8","debt ................ 33,521 Yield Analysis Rate","2","413","","7.71%"
"SRC042","266","8","debt ................ 33,521 Yield Analysis Rate","3","449","","13.94%"
"SRC042","266","8","debt ................ 33,521 Yield Analysis Rate","4","493","","10.12%"
"SRC042","266","9","Investments in equity .... 69,633 Market Approach Multiple","2","413","","2.30x"
"SRC042","266","9","Investments in equity .... 69,633 Market Approach Multiple","3","449","","30.00x"
"SRC042","266","9","Investments in equity .... 69,633 Market Approach Multiple","4","493","","10.11x"
"SRC042","266","10","21,697 Yield Analysis Rate","2","413","","9.54%"
"SRC042","266","10","21,697 Yield Analysis Rate","3","449","","19.47%"
"SRC042","266","10","21,697 Yield Analysis Rate","4","493","","15.55%"
"SRC042","266","11","14,499 Option Pricing Model Volatility","2","413","","23.50%"
"SRC042","266","11","14,499 Option Pricing Model Volatility","3","449","","70.50%"
"SRC042","266","11","14,499 Option Pricing Model Volatility","4","493","","34.03%"
"SRC042","266","12","3,166 Asset Recoverability Multiple","2","413","","10.00x"
"SRC042","266","12","3,166 Asset Recoverability Multiple","3","449","","10.75x"
"SRC042","266","12","3,166 Asset Recoverability Multiple","4","493","","10.50x"
"SRC042","266","13","The fair value of the Company’s SPV Financing Facilities (as defined","2","413","","7)"
"SRC042","266","14","Facility (as defined in Note 7), as of December 31, 2025 and December 31,","1","367","","2024,"
"SRC042","267","1","2026 Notes ...................","2","319","Fair Value","799,357"
"SRC042","267","1","2026 Notes ...................","3","419","Fair Value","788,880"
"SRC042","267","2","New 2026 Notes ...............","2","319","Fair Value","691,950"
"SRC042","267","2","New 2026 Notes ...............","3","419","Fair Value","672,420"
"SRC042","267","3","2027 Notes ...................","2","319","Fair Value","632,710"
"SRC042","267","3","2027 Notes ...................","3","419","Fair Value","608,725"
"SRC042","267","4","2028 Notes ...................","2","319","Fair Value","615,550"
"SRC042","267","4","2028 Notes ...................","3","419","Fair Value","590,200"
"SRC042","267","5","November 2027 Notes ..........","2","319","Fair Value","408,680"
"SRC042","267","5","November 2027 Notes ..........","3","419","Fair Value","406,440"
"SRC042","267","6","April 2028 Notes ..............","2","319","Fair Value","706,370"
"SRC042","267","6","April 2028 Notes ..............","3","419","Fair Value","698,460"
"SRC042","267","7","June 2030 Notes ...............","2","319","Fair Value","497,550"
"SRC042","267","8","January 2031 Notes ............","2","319","Fair Value","494,000"
"SRC042","267","9","2024-1 Notes ..................","2","319","Fair Value","457,450"
"SRC042","267","9","2024-1 Notes ..................","3","419","Fair Value","457,568"
"SRC042","267","10","Total ........................","2","319","Fair Value","$5,303,617"
"SRC042","267","10","Total ........................","3","419","Fair Value","$4,222,693"
"SRC042","267","11","Assets and Liabilities) which would be categorized","2","319","Fair Value","1,"
"SRC042","267","12","Foreign currency forward contracts ................","4","492","Notional","78,873"
"SRC042","267","13","Interest rate swaps .............................","3","419","Level 3 Value","22,207"
"SRC042","267","13","Interest rate swaps .............................","4","492","Notional","1,600,000"
"SRC042","267","14","Total Derivative assets at fair value ..............","2","319","Level 1 Level 2","$22,344"
"SRC042","267","14","Total Derivative assets at fair value ..............","3","419","Level 3 Value","$22,344"
"SRC042","267","14","Total Derivative assets at fair value ..............","4","492","Notional","$1,678,873"
"SRC042","267","15","Foreign currency forward contracts ................","4","492","Notional","143,979"
"SRC042","267","16","Interest rate swaps .............................","3","419","Level 3 Value","(1,889)"
"SRC042","267","16","Interest rate swaps .............................","4","492","Notional","500,000"
"SRC042","267","17","Total Derivative liabilities at fair value ...........","4","492","Notional","643,979"
"SRC042","267","18","Cash collateral posted ..........................","3","419","Level 3 Value","$11,286"
"SRC042","268","1","Foreign currency forward contracts .................. $—","1","359","Level 2","2,401"
"SRC042","268","1","Foreign currency forward contracts .................. $—","3","449","Value","2,401"
"SRC042","268","1","Foreign currency forward contracts .................. $—","4","488","Notional","$171,016"
"SRC042","268","2","Interest rate swaps ............................... —","1","359","Level 2","3,995"
"SRC042","268","2","Interest rate swaps ............................... —","3","449","Value","3,995"
"SRC042","268","2","Interest rate swaps ............................... —","4","488","Notional","400,000"
"SRC042","268","3","Total Derivative assets at fair value ................ $—","1","359","Level 2","6,396"
"SRC042","268","3","Total Derivative assets at fair value ................ $—","3","449","Value","6,396"
"SRC042","268","3","Total Derivative assets at fair value ................ $—","4","488","Notional","$571,016"
"SRC042","268","4","Interest rate swaps ............................... —","1","359","Level 2","(7,164)"
"SRC042","268","4","Interest rate swaps ............................... —","3","449","Value","(7,164)"
"SRC042","268","4","Interest rate swaps ............................... —","4","488","Notional","700,000"
"SRC042","268","5","Total Derivative liabilities at fair value ............. $—","4","488","Notional","$700,000"
"SRC042","268","6","Cash collateral posted ............................","3","449","Value","4,807"
"SRC042","268","7","For the","3","449","Net realized","31,"
"SRC042","268","8","2025","2","415","within","2024"
"SRC042","268","9","Foreign currency forward contracts .......... $(3,086)","2","415","within","$2,401"
"SRC042","268","10","(depreciation) ........................ $(3,086)","2","415","within","$2,401"
"SRC042","268","11","Foreign currency forward contracts .......... $(8,836)","2","415","within","$8,784"
"SRC042","268","12","Net realized gain (loss) ................... $(8,836)","2","415","within","$8,784"
"SRC042","269","1","Company’s derivative financial instruments as of December 31, 2025","2","428","","31,"
"SRC042","269","2","As of December","1","356","","31, 2025"
"SRC042","269","3","Counterparty Agreement Offset Offset Derivative","3","446","","(1)"
"SRC042","269","3","Counterparty Agreement Offset Offset Derivative","5","506","","(2)"
"SRC042","269","4","Inc. ........ $ 8,251 $ — $ — $","1","356","","8,251"
"SRC042","269","5","Bank, N.A. .. 14,093 (2,711) —","1","356","","11,382"
"SRC042","269","6","Counterparty Agreement Offset Offset Derivative","3","446","","(1)"
"SRC042","269","6","Counterparty Agreement Offset Offset Derivative","5","506","","(2)"
"SRC042","269","7","Inc. ........ $ — $ — $ — $","2","428","","1,805"
"SRC042","269","7","Inc. ........ $ — $ — $ — $","4","492","","1,805"
"SRC042","269","8","Bank, N.A. .. (2,711) 2,711 —","2","428","","9,481"
"SRC042","269","8","Bank, N.A. .. (2,711) 2,711 —","4","492","","9,481"
"SRC042","269","9","$(2,711) $ 2,711 $ — $","2","428","","$11,286"
"SRC042","269","9","$(2,711) $ 2,711 $ — $","4","492","","$11,286"
"SRC042","269","10","As of December","1","356","","31, 2024"
"SRC042","269","11","Counterparty Agreement Offset Offset Derivative","3","446","","(1)"
"SRC042","269","11","Counterparty Agreement Offset Offset Derivative","5","506","","(2)"
"SRC042","269","12","Inc. ........ $ 3,995 $ — $ — $","1","356","","3,995"
"SRC042","269","13","$ 6,396 $(2,401) $ — $","1","356","","3,995"
"SRC042","269","14","Counterparty Agreement Offset Offset Derivative","3","446","","(1)"
"SRC042","269","14","Counterparty Agreement Offset Offset Derivative","5","506","","(2)"
"SRC042","269","15","Inc. ........ $ — $ — $ — $","2","428","","1,770"
"SRC042","269","15","Inc. ........ $ — $ — $ — $","4","492","","1,770"
"SRC042","269","16","Bank, N.A. .. (7,164) 2,401 4,763","2","428","","7,800"
"SRC042","269","16","Bank, N.A. .. (7,164) 2,401 4,763","4","492","","3,037"
"SRC042","269","17","$(7,164) $ 2,401 $4,763 $","2","428","","9,570"
"SRC042","269","17","$(7,164) $ 2,401 $4,763 $","4","492","","4,807"
"SRC042","270","1","Interest rate swaps ......................","3","343","2025","23,085"
"SRC042","270","2","Hedged items ..........................","4","419","2024","2,896"
"SRC042","270","3","The table below presents the carrying","4","419","2024","31,"
"SRC042","270","3","The table below presents the carrying","5","451","","2025"
"SRC042","270","4","Unsecured notes ................","1","228","Carrying Value","$2,091,290"
"SRC042","270","4","Unsecured notes ................","2","311","Cumulative Adjustments","$19,408"
"SRC042","270","5","that its asset coverage, as defined in the","1","228","Carrying Value","1940"
"SRC042","270","5","that its asset coverage, as defined in the","2","311","Cumulative Adjustments","150%"
"SRC042","270","5","that its asset coverage, as defined in the","6","486","Hedging Adjustments","25, 2018,"
"SRC042","270","6","the Company’s sole initial shareholder","3","343","Hedging","150%"
"SRC042","270","7","of the 1940 Act. As of December 31,","1","228","Carrying Value","2025"
"SRC042","270","7","of the 1940 Act. As of December 31,","2","311","Cumulative Adjustments","31, 2024,"
"SRC042","270","7","of the 1940 Act. As of December 31,","6","486","Hedging Adjustments","177.1%"
"SRC042","271","1","On","2","162","Facility","16, 2018,"
"SRC042","271","2","subsequently","4","270","","16,"
"SRC042","271","2","subsequently","5","295","","2021,"
"SRC042","271","2","subsequently","8","467","","16,"
"SRC042","271","3","2022, November","2","162","Facility","15, 2023,"
"SRC042","271","3","2022, November","3","233","","18, 2023,"
"SRC042","271","3","2022, November","5","295","","19,"
"SRC042","271","3","2022, November","6","402","","26,"
"SRC042","271","3","2022, November","7","422","","2025"
"SRC042","271","4","Prior","2","162","Facility","19, 2024,"
"SRC042","271","5","SOFR for","5","295","","2.375%"
"SRC042","271","6","advances","1","111","Hole Funding","2.525%"
"SRC042","271","6","advances","6","402","","19, 2024,"
"SRC042","271","7","margin of","1","111","Hole Funding","1.95%"
"SRC042","271","8","a rate of,","2","162","Facility","19,"
"SRC042","271","8","a rate of,","3","233","","1.775%"
"SRC042","271","8","a rate of,","7","422","","19, 2024,"
"SRC042","271","8","a rate of,","8","467","","1.50%"
"SRC042","271","9","unused amount","9","492","","2, 2026."
"SRC042","271","10","The","8","467","","31, 2025"
"SRC042","271","11","conditions,","8","467","","$900.0"
"SRC042","271","12","Hole Funding","3","233","","2, 2026"
"SRC042","271","13","May 17,","1","111","Hole Funding","2027."
"SRC042","271","14","On","2","162","Facility","21, 2018,"
"SRC042","272","1","subsequently","3","203","","11, 2019,"
"SRC042","272","1","subsequently","4","277","","2, 2019,"
"SRC042","272","1","subsequently","5","347","","27, 2019,"
"SRC042","272","1","subsequently","6","431","","13, 2020,"
"SRC042","272","1","subsequently","8","486","","5,"
"SRC042","272","2","2021, February","2","147","","28, 2022,"
"SRC042","272","2","2021, February","3","203","","19, 2022,"
"SRC042","272","2","2021, February","4","277","","1, 2023,"
"SRC042","272","2","2021, February","5","347","","17, 2024,"
"SRC042","272","2","2021, February","7","464","","18, 2024,"
"SRC042","272","3","Prior","2","147","administrative","18,"
"SRC042","272","3","Prior","3","203","agent, Wells Fargo","2024,"
"SRC042","272","4","2.05% or","1","114","","2.30%"
"SRC042","272","5","facility. Effective","3","203","agent, Wells Fargo","18, 2024,"
"SRC042","272","6","1.90% per","4","277","Bank, National","17,"
"SRC042","272","7","Breckenridge","4","277","Bank, National","2.40%"
"SRC042","272","8","of 0.70%","5","347","Association (“Wells","50% 0.35%"
"SRC042","272","9","amount is","3","203","agent, Wells Fargo","50%"
"SRC042","272","10","financing","3","203","agent, Wells Fargo","18, 2027,"
"SRC042","272","11","the Breckenridge","4","277","Bank, National","18, 2027"
"SRC042","272","12","to mature","2","147","administrative","18, 2029."
"SRC042","272","13","On December","2","147","Facility","10, 2019,"
"SRC042","272","14","secured revolving","6","431","","2020,"
"SRC042","272","14","secured revolving","8","486","","30, 2021,"
"SRC042","272","15","amended","3","203","","29, 2022,"
"SRC042","272","15","amended","5","347","","2023,"
"SRC042","272","15","amended","6","431","","25, 2024,"
"SRC042","272","16","September","1","114","Funding","25, 2024,"
"SRC042","272","16","September","4","277","","2024,"
"SRC042","272","17","SOFR in","5","347","","25, 2024,"
"SRC042","272","18","September","1","114","Sky Funding","25, 2024"
"SRC042","272","18","September","3","203","","19, 2024,"
"SRC042","272","18","September","5","347","","1.95%"
"SRC042","272","19","nature of","5","347","","1.80%"
"SRC042","272","20","November","1","114","Sky Funding","20, 2024,"
"SRC042","272","20","November","2","147","Facility.","1.85%"
"SRC042","272","20","November","8","486","","80%"
"SRC042","272","21","1.60% per","5","347","","0.45%"
"SRC042","272","22","The","6","431","","31, 2025"
"SRC042","272","23","conditions,","6","431","","$800.0"
"SRC042","274","1","than 1.6 times the combined","6","503","","1.6"
"SRC042","274","2","the related interest period","6","503","","2.0"
"SRC042","274","3","times the combined revolving","4","438","","2.0"
"SRC042","274","4","equal to or greater than","1","164","","1.6"
"SRC042","274","5","(b) the Company must","2","255","addition,","150%"
"SRC042","274","6","As of December","1","164","similar facilities. must maintain","31, 2025"
"SRC042","274","6","As of December","2","255","addition,","31,"
"SRC042","274","6","As of December","3","270","the Company shareholders’","2024,"
"SRC042","274","7","The Company issued","4","438","following fiscal quarter-end;","2026"
"SRC042","274","7","The Company issued","5","479","financial","2027"
"SRC042","274","8","Notes, 2028 Notes, November","3","270","the Company shareholders’","2028"
"SRC042","274","8","Notes, 2028 Notes, November","4","438","following fiscal quarter-end;","2031"
"SRC042","274","9","the asset coverage requirements","4","438","following fiscal quarter-end;","(2)"
"SRC042","274","9","the asset coverage requirements","5","479","financial","1940"
"SRC042","276","1","On September","1","138","","30,"
"SRC042","276","1","On September","2","276","","$650.0"
"SRC042","276","1","On September","5","497","","2.850%"
"SRC042","276","2","notes due 2028","4","460","","30, 2021"
"SRC042","276","3","The 2028 Notes","2","276","","30, 2028"
"SRC042","276","4","Company’s option","4","460","","2028"
"SRC042","276","5","Indenture. The","1","138","","2028"
"SRC042","276","5","Indenture. The","2","276","","2.850%"
"SRC042","276","5","Indenture. The","4","460","","30"
"SRC042","276","6","September 30 of","2","276","","30, 2022."
"SRC042","276","6","September 30 of","3","349","","2028"
"SRC042","276","7","is expressly subordinated","2","276","","2028"
"SRC042","276","8","On May 20,","1","138","","2024,"
"SRC042","276","8","On May 20,","4","460","","5.875%"
"SRC042","276","9","due 2027 (the “November","4","460","","20, 2024"
"SRC042","276","10","together with the","2","276","","2027"
"SRC042","276","11","The November","1","138","","2027"
"SRC042","276","12","the Company’s","5","497","","2027"
"SRC042","276","13","Notes Indenture.","3","349","","5.875%"
"SRC042","276","14","May 15 and November","3","349","","15, 2024."
"SRC042","276","14","May 15 and November","4","460","","2027"
"SRC042","276","15","existing and future","4","460","","2027"
"SRC042","276","16","On October","1","138","floating rate","15, 2024"
"SRC042","276","16","On October","2","276","designated","2024,"
"SRC042","276","16","On October","3","349","interest rate","$400.0"
"SRC042","276","17","amount and $300.0","3","349","interest rate","5.350%"
"SRC042","276","17","amount and $300.0","5","497","2027 Notes","2028"
"SRC042","276","18","Notes”) pursuant","3","349","interest rate","15, 2024"
"SRC042","276","19","Indenture, the “April","1","138","floating rate","2028"
"SRC042","276","20","The April","1","138","floating rate","2028"
"SRC042","276","20","The April","2","276","designated","13, 2028"
"SRC042","276","21","Company’s option","4","460","November","2028"
"SRC042","276","22","Indenture. The April","1","138","floating rate","2028"
"SRC042","276","22","Indenture. The April","2","276","designated","5.350%"
"SRC042","276","22","Indenture. The April","5","497","2027 Notes","13"
"SRC042","277","1","October","1","104","","13"
"SRC042","277","1","October","4","274","","13, 2025."
"SRC042","277","1","October","5","342","","2028"
"SRC042","277","2","indebtedness","6","371","","2028"
"SRC042","277","3","In","3","204","","2028"
"SRC042","277","4","floating","7","409","","2028"
"SRC042","277","5","On","2","151","facilities.","4, 2025,"
"SRC042","277","5","On","4","274","","$500.0"
"SRC042","277","5","On","8","455","","5.300%"
"SRC042","277","6","due 2030","2","151","facilities.","2030"
"SRC042","277","6","due 2030","8","455","","4, 2025"
"SRC042","277","7","The","2","151","facilities.","2030"
"SRC042","277","7","The","4","274","","30, 2030"
"SRC042","277","8","Company’s","8","455","","2030"
"SRC042","277","9","Indenture.","2","151","facilities.","2030"
"SRC042","277","9","Indenture.","4","274","","5.300%"
"SRC042","277","10","December","1","104","vehicles or similar","30"
"SRC042","277","10","December","4","274","","30, 2025."
"SRC042","277","10","December","5","342","","2030"
"SRC042","277","11","indebtedness","6","371","","2030"
"SRC042","277","12","In","3","204","","2030"
"SRC042","277","13","predominately","8","455","","2030"
"SRC042","277","14","January","1","104","vehicles or similar","2031"
"SRC042","277","15","On","2","151","facilities.","14, 2025,"
"SRC042","277","15","On","4","274","","$500.0"
"SRC042","277","15","On","8","455","","5.125%"
"SRC042","277","16","2031 (the","2","151","facilities.","2031"
"SRC042","277","16","2031 (the","8","455","","14, 2025"
"SRC042","277","17","together","4","274","","2031"
"SRC042","277","18","The","2","151","facilities.","2031"
"SRC042","277","18","The","4","274","","31, 2031"
"SRC042","277","19","Company’s","8","455","","2031"
"SRC042","277","20","Indenture.","2","151","facilities.","2031"
"SRC042","277","21","January","1","104","vehicles or similar","31"
"SRC042","277","21","January","2","151","facilities.","31"
"SRC042","277","21","January","5","342","","31, 2026."
"SRC042","277","21","January","7","409","","2031"
"SRC042","277","22","future indebtedness","7","409","","2031"
"SRC042","278","1","Class A-L Loans","1","154","Notes (2) ........","(2)"
"SRC042","278","2","Class C Notes","1","154","Notes (2) ........","(1)"
"SRC042","278","3","Total Secured","3","341","Outstanding","510,000"
"SRC042","278","4","Subordinated Notes","1","154","Notes (2) ........","(1)"
"SRC042","278","4","Subordinated Notes","3","341","Outstanding","236,770"
"SRC042","278","5","Total 2024-1 Notes","3","341","Outstanding","$746,770"
"SRC042","278","6","Outstanding Amount","2","293","Floating","$412.5"
"SRC042","279","1","Non-controlled/non-affiliated investments ........","1","366","2025","$727,232"
"SRC042","279","1","Non-controlled/non-affiliated investments ........","2","428","2024","$736,551"
"SRC042","279","2","Total investments at fair value ..................","1","366","2025","727,232"
"SRC042","279","2","Total investments at fair value ..................","2","428","2024","736,551"
"SRC042","279","3","$89,406 and $2,499, respectively) .............","1","366","2025","89,406"
"SRC042","279","3","$89,406 and $2,499, respectively) .............","2","428","2024","2,499"
"SRC042","279","4","affiliated investments .......................","1","366","2025","9,291"
"SRC042","279","4","affiliated investments .......................","2","428","2024","8,268"
"SRC042","279","5","Total assets ................................","1","366","2025","$825,929"
"SRC042","279","5","Total assets ................................","2","428","2024","$747,318"
"SRC042","279","6","$2,212 and $2,417, respectively) ..............","1","366","2025","$455,288"
"SRC042","279","6","$2,212 and $2,417, respectively) ..............","2","428","2024","$455,083"
"SRC042","279","7","Interest payable .............................","1","366","2025","5,029"
"SRC042","279","7","Interest payable .............................","2","428","2024","3,125"
"SRC042","279","8","Total liabilities .............................","1","366","2025","$460,317"
"SRC042","279","8","Total liabilities .............................","2","428","2024","$458,208"
"SRC042","282","1","the date of funding.","3","289","","31, 2025"
"SRC042","282","1","the date of funding.","4","357","","31,"
"SRC042","282","1","the date of funding.","5","401","","2024,"
"SRC042","282","2","$151.8 million and","1","153","","$162.3"
"SRC042","282","3","course of its business.","2","244","","31, 2025"
"SRC042","282","3","course of its business.","4","357","","2024,"
"SRC042","282","4","On October 28,","1","153","","2021,"
"SRC042","282","5","On August 14,","1","153","","2023,"
"SRC042","282","6","issuing 6,500,000 of","4","357","","$26.78"
"SRC042","282","7","fees, the Company","4","357","","$174.1"
"SRC042","282","7","fees, the Company","6","484","","18, 2023,"
"SRC042","282","8","underwriters exercised,","4","357","","975,000"
"SRC042","282","9","cash proceeds, before","2","244","","$26.1"
"SRC042","282","9","cash proceeds, before","6","484","","$0.4"
"SRC042","282","10","As of December","1","153","","31, 2025,"
"SRC042","282","11","an aggregate sales price","1","153","","$600.0"
"SRC042","282","12","“at-the-market” offerings","5","401","","1933,"
"SRC042","282","13","needs. As of December","1","153","","31,"
"SRC042","282","13","needs. As of December","5","401","","$557.4"
"SRC042","282","14","“At-the-market” Offering","3","289","Shares Issued","9,279,950"
"SRC042","282","14","“At-the-market” Offering","4","357","Gross Proceeds","$293,527"
"SRC042","282","14","“At-the-market” Offering","5","401","Offering Expenses","$2,486"
"SRC042","282","14","“At-the-market” Offering","6","484","Net Share Proceeds Price (1)","$31.36"
"SRC042","283","1","December 31,","1","128","","2024,"
"SRC042","283","2","“At-the-market”","2","286","Shares Issued","35,385,159"
"SRC042","283","2","“At-the-market”","3","383","Gross Offering Proceeds Expenses","$6,226"
"SRC042","283","2","“At-the-market”","4","445","","$1,041,457"
"SRC042","283","2","“At-the-market”","6","497","","$29.43"
"SRC042","283","3","(2) The Company","3","383","Gross Offering Proceeds Expenses","2, 2025."
"SRC042","283","4","December 31,","1","128","Common Shares","2023,"
"SRC042","283","5","“At-the-market”","2","286","Shares Issued","17,144,870"
"SRC042","283","5","“At-the-market”","3","383","Gross Proceeds","$1,297"
"SRC042","283","5","“At-the-market”","4","445","Offering Expenses","$465,524"
"SRC042","283","5","“At-the-market”","6","497","","$27.15"
"SRC042","283","6","February","1","128","Declared","26, 2025"
"SRC042","283","6","February","2","286","Record Date","31, 2025"
"SRC042","283","6","February","3","383","Payment Date","25, 2025"
"SRC042","283","6","February","5","472","","$175,421"
"SRC042","283","7","May 7,","1","128","Declared","2025"
"SRC042","283","7","May 7,","2","286","Record Date","30, 2025"
"SRC042","283","7","May 7,","3","383","Payment Date","2025"
"SRC042","283","7","May 7,","4","445","Share Amount","0.7700"
"SRC042","283","7","May 7,","5","472","","177,007"
"SRC042","283","8","August","1","128","Declared","6, 2025"
"SRC042","283","8","August","2","286","Record Date","30, 2025"
"SRC042","283","8","August","3","383","Payment Date","24, 2025"
"SRC042","283","8","August","4","445","Share Amount","0.7700"
"SRC042","283","8","August","5","472","","177,837"
"SRC042","283","9","November","1","128","Declared","10, 2025"
"SRC042","283","9","November","2","286","Record Date","31, 2025"
"SRC042","283","9","November","3","383","Payment Date","23, 2026"
"SRC042","283","9","November","4","445","Share Amount","0.7700"
"SRC042","283","9","November","5","472","","178,616"
"SRC042","283","10","Total distributions","5","472","","$708,881"
"SRC042","283","11","February","1","128","Declared","28, 2024"
"SRC042","283","11","February","2","286","Record Date","31, 2024"
"SRC042","283","11","February","3","383","Payment Date","2024"
"SRC042","283","11","February","5","472","","$147,743"
"SRC042","283","12","May 8,","1","128","Declared","2024"
"SRC042","283","12","May 8,","2","286","Record Date","2024"
"SRC042","283","12","May 8,","3","383","Payment Date","2024"
"SRC042","283","12","May 8,","4","445","Per Share Amount","0.7700"
"SRC042","283","12","May 8,","5","472","","152,706"
"SRC042","283","13","August","1","128","Declared","7, 2024"
"SRC042","283","13","August","2","286","Record Date","30, 2024"
"SRC042","283","13","August","3","383","Payment Date","25, 2024"
"SRC042","283","13","August","4","445","Per Share Amount","0.7700"
"SRC042","283","13","August","5","472","","160,912"
"SRC042","283","14","November","1","128","Declared","12, 2024"
"SRC042","283","14","November","2","286","Record Date","31, 2024"
"SRC042","283","14","November","3","383","Payment Date","24, 2025"
"SRC042","283","14","November","4","445","Per Share Amount","0.7700"
"SRC042","283","14","November","5","472","","170,751"
"SRC042","283","15","Total distributions","5","472","","$632,112"
"SRC042","284","1","February 27,","1","150","","2023"
"SRC042","284","1","February 27,","3","287","Record Date","31, 2023"
"SRC042","284","1","February 27,","4","349","Payment Date","27, 2023"
"SRC042","284","1","February 27,","5","417","Per Share Amount","$0.7000"
"SRC042","284","1","February 27,","6","468","Total Amount","$112,400"
"SRC042","284","2","May 10, 2023","3","287","Record Date","2023"
"SRC042","284","2","May 10, 2023","4","349","Payment Date","27, 2023"
"SRC042","284","2","May 10, 2023","5","417","Per Share Amount","0.7000"
"SRC042","284","2","May 10, 2023","6","468","Total Amount","115,783"
"SRC042","284","3","June 20, 2023","3","287","Record Date","30, 2023"
"SRC042","284","3","June 20, 2023","4","349","Payment Date","26,"
"SRC042","284","3","June 20, 2023","5","417","Per Share Amount","0.7700"
"SRC042","284","3","June 20, 2023","6","468","Total Amount","133,552"
"SRC042","284","4","November 8,","1","150","","2023"
"SRC042","284","4","November 8,","3","287","Record Date","31, 2023"
"SRC042","284","4","November 8,","4","349","Payment Date","26,"
"SRC042","284","4","November 8,","5","417","Per Share Amount","0.7700"
"SRC042","284","4","November 8,","6","468","Total Amount","143,052"
"SRC042","284","5","Total distributions","5","417","Per Share Amount","$2.9400"
"SRC042","284","5","Total distributions","6","468","Total Amount","$504,787"
"SRC042","284","6","(i) the most recently","3","287","Record Date","95%"
"SRC042","284","7","example, if the most","3","287","Record Date","$25.00"
"SRC042","284","8","cash dividend is $24.00","4","349","Payment Date","$24.00"
"SRC042","284","9","computed NAV per","6","468","Total Amount","$27.00"
"SRC042","284","10","share, the Company","2","229","","$25.65"
"SRC042","284","10","share, the Company","3","287","Record Date","(95%"
"SRC042","284","11","computed NAV per","6","468","Total Amount","$26.00"
"SRC042","284","12","share, the Company","2","229","","$25.00"
"SRC042","284","13","January","1","150","Payment Date","24,"
"SRC042","284","13","January","4","349","DRIP Shares Value","5,130"
"SRC042","284","13","January","5","417","DRIP Shares Issued","165,096"
"SRC042","284","14","April","1","150","Payment Date","25, 2025"
"SRC042","284","14","April","4","349","DRIP Shares Value","5,380"
"SRC042","284","14","April","5","417","DRIP Shares Issued","191,060"
"SRC042","284","15","July","1","150","Payment Date","25, 2025"
"SRC042","284","15","July","4","349","DRIP Shares Value","5,474"
"SRC042","284","15","July","5","417","DRIP Shares Issued","177,545"
"SRC042","284","16","October","1","150","Payment Date","24,"
"SRC042","284","16","October","4","349","DRIP Shares Value","7,055"
"SRC042","284","16","October","5","417","DRIP Shares Issued","263,222"
"SRC042","284","17","Total","4","349","DRIP Shares Value","$23,039"
"SRC042","284","17","Total","5","417","DRIP Shares Issued","796,923"
"SRC042","285","1","the DRIP during the year","2","222","","31,"
"SRC042","285","2","January","1","163","","26, 2024"
"SRC042","285","2","January","4","342","","5,614"
"SRC042","285","2","January","6","415","","206,465"
"SRC042","285","3","April 26,","1","163","","2024"
"SRC042","285","3","April 26,","4","342","","5,293"
"SRC042","285","3","April 26,","6","415","","173,614"
"SRC042","285","4","July 26,","1","163","","2024"
"SRC042","285","4","July 26,","4","342","","5,074"
"SRC042","285","4","July 26,","6","415","","173,720"
"SRC042","285","5","October","1","163","","25, 2024"
"SRC042","285","5","October","4","342","","5,082"
"SRC042","285","5","October","6","415","","170,818"
"SRC042","285","6","Total distributions","4","342","","$21,063"
"SRC042","285","6","Total distributions","6","415","","724,617"
"SRC042","285","7","the Company’s DRIP","3","302","","31, 2023"
"SRC042","285","8","January","1","163","","31, 2023"
"SRC042","285","8","January","4","342","","5,132"
"SRC042","285","8","January","6","415","","208,510"
"SRC042","285","9","April 27,","1","163","","2023"
"SRC042","285","9","April 27,","4","342","","5,439"
"SRC042","285","9","April 27,","6","415","","213,130"
"SRC042","285","10","July 27,","1","163","","2023"
"SRC042","285","10","July 27,","4","342","","4,635"
"SRC042","285","10","July 27,","6","415","","172,888"
"SRC042","285","11","October","1","163","","26, 2023"
"SRC042","285","11","October","4","342","","5,445"
"SRC042","285","11","October","6","415","","205,149"
"SRC042","285","12","Total distributions","4","342","","$20,651"
"SRC042","285","12","Total distributions","6","415","","799,677"
"SRC042","285","13","Rule 10b-18 of the Exchange","4","342","","2023"
"SRC042","285","14","terminated by its terms","2","222","","22, 2024."
"SRC042","285","15","specified in the 10b-18","5","392","","2026"
"SRC042","285","16","For the years ended","2","222","","31, 2025,"
"SRC042","285","16","For the years ended","3","302","","31, 2024"
"SRC042","285","16","For the years ended","5","392","","31,"
"SRC042","285","16","For the years ended","6","415","","2023,"
"SRC042","285","17","repurchase any of its shares","2","222","","2023"
"SRC042","285","18","resulting","3","302","2025","563,455"
"SRC042","285","18","resulting","5","392","2024","694,097"
"SRC042","285","18","resulting","8","451","2023","611,951"
"SRC042","285","19","(basic and","3","302","2025","229,162,028"
"SRC042","285","19","(basic and","4","342","","201,372,008"
"SRC042","285","19","(basic and","7","435","","167,615,433"
"SRC042","285","20","and diluted)","4","342","","2.46"
"SRC042","285","20","and diluted)","5","392","2024","3.45"
"SRC042","285","20","and diluted)","8","451","2023","3.65"
"SRC042","286","1","Undistributed net investment income (loss) ..........","3","405","2024","54,084"
"SRC042","286","1","Undistributed net investment income (loss) ..........","4","457","2023","32,895"
"SRC042","286","2","Accumulated net realized gain (loss) ...............","2","353","2025","41,406"
"SRC042","286","3","During the years ended December 31, 2025, 2024 and","1","304","","2023,"
"SRC042","286","4","to $16.1 million, $14.5 million and $16.8 million, respectively,","4","457","2023","$0.0"
"SRC042","286","5","ordinary loss to the first day of the following fiscal year.","2","353","2025","31,"
"SRC042","286","5","ordinary loss to the first day of the following fiscal year.","3","405","2024","2025, 2024"
"SRC042","286","5","ordinary loss to the first day of the following fiscal year.","4","457","2023","2023,"
"SRC042","286","6","operations .................................","2","353","2025 (1)","$563,455"
"SRC042","286","6","operations .................................","3","405","2024","$694,097"
"SRC042","286","6","operations .................................","4","457","2023","$611,951"
"SRC042","286","7","depreciation ...............................","2","353","2025 (1)","153,696"
"SRC042","286","7","depreciation ...............................","3","405","2024","13,485"
"SRC042","286","7","depreciation ...............................","4","457","2023","54,573"
"SRC042","286","8","income ...................................","2","353","2025 (1)","(21,935)"
"SRC042","286","8","income ...................................","3","405","2024","4,362"
"SRC042","286","8","income ...................................","4","457","2023","(917)"
"SRC042","286","9","Non-deductible capital gains based incentive fees","4","457","2023","(5,506)"
"SRC042","286","10","Other non-deductible expenses and excise taxes","2","353","2025 (1)","16,082"
"SRC042","286","10","Other non-deductible expenses and excise taxes","3","405","2024","14,524"
"SRC042","286","10","Other non-deductible expenses and excise taxes","4","457","2023","16,984"
"SRC042","286","11","Realized losses for tax not recognized .............","2","353","2025 (1)","253"
"SRC042","286","11","Realized losses for tax not recognized .............","3","405","2024","10,674"
"SRC042","286","12","Taxable/distributable income ..................","2","353","2025 (1)","$711,551"
"SRC042","286","12","Taxable/distributable income ..................","3","405","2024","$737,142"
"SRC042","286","12","Taxable/distributable income ..................","4","457","2023","$677,085"
"SRC042","286","13","(1) Tax information for the fiscal year ended December","1","304","","31, 2025"
"SRC042","288","1","As of December 31, 2025 and 2024, BGSL Investments","4","468","","$4.0"
"SRC042","288","2","For the year ended December 31, 2025, BGSL Investments","4","468","","$0.6"
"SRC042","288","3","interest. For the years ended December 31, 2024 and December","1","313","","31,"
"SRC042","288","4","The following are the financial highlights for the years","2","377","","31, 2025,"
"SRC042","288","4","The following are the financial highlights for the years","3","420","","2024,"
"SRC042","288","4","The following are the financial highlights for the years","4","468","","2023, 2022,"
"SRC042","288","5","2025","2","377","","2024"
"SRC042","288","5","2025","3","420","","2023"
"SRC042","288","5","2025","4","468","","2022"
"SRC042","288","6","Net asset value, beginning of period .......... $","1","313","","27.39"
"SRC042","288","6","Net asset value, beginning of period .......... $","2","377","","26.66"
"SRC042","288","6","Net asset value, beginning of period .......... $","3","420","","25.93"
"SRC042","288","7","Net investment income ....................","1","313","","3.23"
"SRC042","288","7","Net investment income ....................","2","377","","3.51"
"SRC042","288","7","Net investment income ....................","3","420","","3.90"
"SRC042","288","8","(loss) ................................","1","313","","(0.77)"
"SRC042","288","8","(loss) ................................","2","377","","(0.06)"
"SRC042","288","8","(loss) ................................","3","420","","(0.24)"
"SRC042","288","9","from operations ........................","1","313","","2.46"
"SRC042","288","9","from operations ........................","2","377","","3.45"
"SRC042","288","9","from operations ........................","3","420","","3.66"
"SRC042","288","10","Distributions from net investment income (2) ...","1","313","","(3.08)"
"SRC042","288","10","Distributions from net investment income (2) ...","2","377","","(3.08)"
"SRC042","288","10","Distributions from net investment income (2) ...","3","420","","(2.94)"
"SRC042","288","11","share transactions ......................","1","313","","0.15"
"SRC042","288","11","share transactions ......................","2","377","","0.36"
"SRC042","288","11","share transactions ......................","3","420","","0.01"
"SRC042","288","12","Total increase (decrease) in net assets ........","1","313","","(0.47)"
"SRC042","288","12","Total increase (decrease) in net assets ........","2","377","","0.73"
"SRC042","288","12","Total increase (decrease) in net assets ........","3","420","","0.73"
"SRC042","288","13","Net asset value, end of period ............... $","1","313","","26.92"
"SRC042","288","13","Net asset value, end of period ............... $","2","377","","27.39"
"SRC042","288","13","Net asset value, end of period ............... $","3","420","","26.66"
"SRC042","288","14","Market value, end of period ................ $","1","313","","26.33"
"SRC042","288","14","Market value, end of period ................ $","2","377","","32.31"
"SRC042","288","14","Market value, end of period ................ $","3","420","","27.64"
"SRC042","288","15","Shares outstanding, end of period ............ 231,969,058","3","420","","185,782,408"
"SRC042","288","15","Shares outstanding, end of period ............ 231,969,058","4","468","","160,362,861"
"SRC042","288","16","Total return based on NAV (3) ...............","1","313","","9.6%"
"SRC042","288","16","Total return based on NAV (3) ...............","2","377","","13.7%"
"SRC042","288","16","Total return based on NAV (3) ...............","3","420","","14.7%"
"SRC042","288","17","Total return based on market value (4) .........","2","377","","29.8%"
"SRC042","288","17","Total return based on market value (4) .........","3","420","","37.4%"
"SRC042","288","18","Ratio of net expenses to average net assets (5) ...","1","313","","10.7%"
"SRC042","288","18","Ratio of net expenses to average net assets (5) ...","2","377","","11.2%"
"SRC042","288","18","Ratio of net expenses to average net assets (5) ...","3","420","","10.9%"
"SRC042","288","19","assets (5) ..............................","1","313","","11.7%"
"SRC042","288","19","assets (5) ..............................","2","377","","12.8%"
"SRC042","288","19","assets (5) ..............................","3","420","","14.6%"
"SRC042","288","20","Portfolio turnover rate .....................","1","313","","16.6%"
"SRC042","288","20","Portfolio turnover rate .....................","2","377","","6.9%"
"SRC042","288","20","Portfolio turnover rate .....................","3","420","","13.4%"
"SRC042","288","21","Net assets, end of period ................... $ 6,245,175","2","377","","6,076,521"
"SRC042","288","21","Net assets, end of period ................... $ 6,245,175","3","420","","4,952,041"
"SRC042","288","21","Net assets, end of period ................... $ 6,245,175","4","468","","4,158,966"
"SRC042","288","22","Asset coverage ratio ......................","1","313","","177.1%"
"SRC042","288","22","Asset coverage ratio ......................","2","377","","185.7%"
"SRC042","288","22","Asset coverage ratio ......................","3","420","","200.3%"
"SRC042","289","1","Net asset value, beginning of period ....... $","1","294","2021","25.20"
"SRC042","289","1","Net asset value, beginning of period ....... $","3","360","20","26.02"
"SRC042","289","1","Net asset value, beginning of period ....... $","4","423","2019","24.57"
"SRC042","289","1","Net asset value, beginning of period ....... $","5","489","2018 (6)","25.00"
"SRC042","289","2","Net investment income .................","1","294","2021","2.43"
"SRC042","289","2","Net investment income .................","3","360","20","2.51"
"SRC042","289","2","Net investment income .................","4","423","2019","2.18"
"SRC042","289","2","Net investment income .................","5","489","2018 (6)","0.17"
"SRC042","289","3","(loss) .............................","1","294","2021","0.76"
"SRC042","289","3","(loss) .............................","3","360","20","(0.22)"
"SRC042","289","3","(loss) .............................","4","423","2019","0.96"
"SRC042","289","3","(loss) .............................","5","489","2018 (6)","(0.57)"
"SRC042","289","4","resulting from operations ..............","1","294","2021","3.19"
"SRC042","289","4","resulting from operations ..............","3","360","20","2.29"
"SRC042","289","4","resulting from operations ..............","4","423","2019","3.14"
"SRC042","289","4","resulting from operations ..............","5","489","2018 (6)","(0.40)"
"SRC042","289","5","income (2) ..........................","1","294","2021","(2.03)"
"SRC042","289","5","income (2) ..........................","3","360","20","(2.30)"
"SRC042","289","5","income (2) ..........................","4","423","2019","(2.00)"
"SRC042","289","6","capital share transactions ..............","1","294","2021","(0.09)"
"SRC042","289","6","capital share transactions ..............","3","360","20","(0.81)"
"SRC042","289","6","capital share transactions ..............","4","423","2019","0.31"
"SRC042","289","6","capital share transactions ..............","5","489","2018 (6)","(0.03)"
"SRC042","289","7","Total increase (decrease) in net assets ......","1","294","2021","1.07"
"SRC042","289","7","Total increase (decrease) in net assets ......","3","360","20","(0.82)"
"SRC042","289","7","Total increase (decrease) in net assets ......","4","423","2019","1.45"
"SRC042","289","7","Total increase (decrease) in net assets ......","5","489","2018 (6)","(0.43)"
"SRC042","289","8","Net asset value, end of period ............ $","1","294","2021","26.27"
"SRC042","289","8","Net asset value, end of period ............ $","3","360","20","25.20"
"SRC042","289","8","Net asset value, end of period ............ $","4","423","2019","26.02"
"SRC042","289","8","Net asset value, end of period ............ $","5","489","2018 (6)","24.57"
"SRC042","289","9","Market value, end of period .............. $","1","294","2021","34.00"
"SRC042","289","10","Shares outstanding, end of period ......... 169,274,033","2","341","","129,661,586"
"SRC042","289","10","Shares outstanding, end of period ......... 169,274,033","5","489","2018 (6)","9,621,319"
"SRC042","289","11","Total return based on NAV (3) ............","1","294","2021","12.6%"
"SRC042","289","11","Total return based on NAV (3) ............","3","360","20","6.5%"
"SRC042","289","11","Total return based on NAV (3) ............","4","423","2019","14.4%"
"SRC042","289","12","Total return based on market value (4) ......","1","294","2021","32.1%"
"SRC042","289","13","assets (5) ...........................","1","294","2021","7.2%"
"SRC042","289","13","assets (5) ...........................","3","360","20","6.5%"
"SRC042","289","13","assets (5) ...........................","4","423","2019","8.5%"
"SRC042","289","13","assets (5) ...........................","5","489","2018 (6)","8.9%"
"SRC042","289","14","net assets (5) ........................","1","294","2021","9.3%"
"SRC042","289","14","net assets (5) ........................","3","360","20","10.4%"
"SRC042","289","14","net assets (5) ........................","4","423","2019","8.5%"
"SRC042","289","14","net assets (5) ........................","5","489","2018 (6)","6.1%"
"SRC042","289","15","Portfolio turnover rate ..................","1","294","2021","35.4%"
"SRC042","289","15","Portfolio turnover rate ..................","3","360","20","46.8%"
"SRC042","289","15","Portfolio turnover rate ..................","4","423","2019","31.5%"
"SRC042","289","16","Net assets, end of period ................ $ 4,447,479","2","341","","3,267,809"
"SRC042","289","16","Net assets, end of period ................ $ 4,447,479","4","423","2019","1,673,117"
"SRC042","289","16","Net assets, end of period ................ $ 4,447,479","5","489","2018 (6)","236,365"
"SRC042","289","17","Asset coverage ratio ....................","1","294","2021","180.2%"
"SRC042","289","17","Asset coverage ratio ....................","3","360","20","230.0%"
"SRC042","289","17","Asset coverage ratio ....................","4","423","2019","215.1%"
"SRC042","289","17","Asset coverage ratio ....................","5","489","2018 (6)","227.8%"
"SRC042","289","18","based incentive fee waivers by the Adviser (refer to Note 3) and","5","489","2018 (6)","2024, 2023,"
"SRC042","289","19","(6) The period ended December 31, 2018 represents the period from","2","341","","20, 2018"
"SRC042","289","19","(6) The period ended December 31, 2018 represents the period from","5","489","2018 (6)","31,"
"SRC042","290","1","December 31, 2019 .....................","1","295","Treasury Securities (1)","119,752"
"SRC042","290","1","December 31, 2019 .....................","2","361","Asset Coverage per Unit (2)","2,151"
"SRC042","290","2","December 31, 2025 .....................","1","295","Treasury Securities (1)","22,374"
"SRC042","290","2","December 31, 2025 .....................","2","361","Asset Coverage per Unit (2)","1,771"
"SRC042","290","3","December 31, 2024 .....................","1","295","Treasury Securities (1)","399,874"
"SRC042","290","3","December 31, 2024 .....................","2","361","Asset Coverage per Unit (2)","1,857"
"SRC042","290","4","December 31, 2023 .....................","1","295","Treasury Securities (1)","233,019"
"SRC042","290","4","December 31, 2023 .....................","2","361","Asset Coverage per Unit (2)","2,003"
"SRC042","290","5","December 31, 2022 .....................","1","295","Treasury Securities (1)","360,019"
"SRC042","290","5","December 31, 2022 .....................","2","361","Asset Coverage per Unit (2)","1,748"
"SRC042","290","6","December 31, 2021 .....................","1","295","Treasury Securities (1)","361,007"
"SRC042","290","6","December 31, 2021 .....................","2","361","Asset Coverage per Unit (2)","1,802"
"SRC042","290","7","December 31, 2020 .....................","1","295","Treasury Securities (1)","362,316"
"SRC042","290","7","December 31, 2020 .....................","2","361","Asset Coverage per Unit (2)","2,300"
"SRC042","290","8","December 31, 2019 .....................","1","295","Treasury Securities (1)","514,151"
"SRC042","290","8","December 31, 2019 .....................","2","361","Asset Coverage per Unit (2)","2,151"
"SRC042","290","9","December 31, 2018 .....................","1","295","Treasury Securities (1)","120,000"
"SRC042","290","9","December 31, 2018 .....................","2","361","Asset Coverage per Unit (2)","2,278"
"SRC042","290","10","December 31, 2025 .....................","1","295","Treasury Securities (1)","652,550"
"SRC042","290","10","December 31, 2025 .....................","2","361","Asset Coverage per Unit (2)","1,771"
"SRC042","290","11","December 31, 2024 .....................","1","295","Treasury Securities (1)","649,350"
"SRC042","290","11","December 31, 2024 .....................","2","361","Asset Coverage per Unit (2)","1,857"
"SRC042","290","12","December 31, 2023 .....................","1","295","Treasury Securities (1)","741,700"
"SRC042","290","12","December 31, 2023 .....................","2","361","Asset Coverage per Unit (2)","2,003"
"SRC042","290","13","December 31, 2022 .....................","1","295","Treasury Securities (1)","825,000"
"SRC042","290","13","December 31, 2022 .....................","2","361","Asset Coverage per Unit (2)","1,748"
"SRC042","290","14","December 31, 2021 .....................","1","295","Treasury Securities (1)","568,680"
"SRC042","290","14","December 31, 2021 .....................","2","361","Asset Coverage per Unit (2)","1,802"
"SRC042","290","15","December 31, 2020 .....................","1","295","Treasury Securities (1)","569,000"
"SRC042","290","15","December 31, 2020 .....................","2","361","Asset Coverage per Unit (2)","2,300"
"SRC042","290","16","December 31, 2019 .....................","1","295","Treasury Securities (1)","820,311"
"SRC042","290","16","December 31, 2019 .....................","2","361","Asset Coverage per Unit (2)","2,151"
"SRC042","290","17","December 31, 2018 .....................","1","295","Treasury Securities (1)","65,000"
"SRC042","290","17","December 31, 2018 .....................","2","361","Asset Coverage per Unit (2)","2,278"
"SRC042","290","18","December 31, 2025 .....................","1","295","Treasury Securities (1)","585,900"
"SRC042","290","18","December 31, 2025 .....................","2","361","Asset Coverage per Unit (2)","1,771"
"SRC042","290","19","December 31, 2024 .....................","1","295","Treasury Securities (1)","400,000"
"SRC042","290","19","December 31, 2024 .....................","2","361","Asset Coverage per Unit (2)","1,857"
"SRC042","290","20","December 31, 2023 .....................","1","295","Treasury Securities (1)","480,906"
"SRC042","290","20","December 31, 2023 .....................","2","361","Asset Coverage per Unit (2)","2,003"
"SRC042","290","21","December 31, 2022 .....................","1","295","Treasury Securities (1)","499,606"
"SRC042","290","21","December 31, 2022 .....................","2","361","Asset Coverage per Unit (2)","1,748"
"SRC042","290","22","December 31, 2021 .....................","1","295","Treasury Securities (1)","499,606"
"SRC042","290","22","December 31, 2021 .....................","2","361","Asset Coverage per Unit (2)","1,802"
"SRC042","290","23","December 31, 2020 .....................","1","295","Treasury Securities (1)","200,346"
"SRC042","290","23","December 31, 2020 .....................","2","361","Asset Coverage per Unit (2)","2,300"
"SRC042","290","24","December 31, 2025 .....................","1","295","Treasury Securities (1)","34,800"
"SRC042","290","24","December 31, 2025 .....................","2","361","Asset Coverage per Unit (2)","1,771"
"SRC042","290","25","December 31, 2024 .....................","2","361","Asset Coverage per Unit (2)","1,857"
"SRC042","291","1","December 31, 2025 ..................... $1,447,497","2","361","Asset Coverage per Unit (2)","$1,771"
"SRC042","291","2","December 31, 2024 .....................","1","299","Treasury Securities (1)","1,287,140"
"SRC042","291","2","December 31, 2024 .....................","2","361","Asset Coverage per Unit (2)","1,857"
"SRC042","291","3","December 31, 2023 .....................","1","299","Treasury Securities (1)","682,258"
"SRC042","291","3","December 31, 2023 .....................","2","361","Asset Coverage per Unit (2)","2,003"
"SRC042","291","4","December 31, 2022 .....................","1","299","Treasury Securities (1)","678,378"
"SRC042","291","4","December 31, 2022 .....................","2","361","Asset Coverage per Unit (2)","1,748"
"SRC042","291","5","December 31, 2021 .....................","1","299","Treasury Securities (1)","915,035"
"SRC042","291","5","December 31, 2021 .....................","2","361","Asset Coverage per Unit (2)","1,802"
"SRC042","291","6","December 31, 2020 .....................","1","299","Treasury Securities (1)","182,901"
"SRC042","291","6","December 31, 2020 .....................","2","361","Asset Coverage per Unit (2)","2,300"
"SRC042","291","7","December 31, 2022 .....................","1","299","Treasury Securities (1)","400,000"
"SRC042","291","7","December 31, 2022 .....................","2","361","Asset Coverage per Unit (2)","1,748"
"SRC042","291","8","December 31, 2021 .....................","1","299","Treasury Securities (1)","400,000"
"SRC042","291","8","December 31, 2021 .....................","2","361","Asset Coverage per Unit (2)","1,802"
"SRC042","291","9","December 31, 2020 .....................","1","299","Treasury Securities (1)","400,000"
"SRC042","291","9","December 31, 2020 .....................","2","361","Asset Coverage per Unit (2)","2,300"
"SRC042","291","10","December 31, 2025 .....................","1","299","Treasury Securities (1)","800,000"
"SRC042","291","10","December 31, 2025 .....................","2","361","Asset Coverage per Unit (2)","1,771"
"SRC042","291","11","December 31, 2024 .....................","1","299","Treasury Securities (1)","800,000"
"SRC042","291","11","December 31, 2024 .....................","2","361","Asset Coverage per Unit (2)","1,857"
"SRC042","291","12","December 31, 2023 .....................","1","299","Treasury Securities (1)","800,000"
"SRC042","291","12","December 31, 2023 .....................","2","361","Asset Coverage per Unit (2)","2,003"
"SRC042","291","13","December 31, 2022 .....................","1","299","Treasury Securities (1)","800,000"
"SRC042","291","13","December 31, 2022 .....................","2","361","Asset Coverage per Unit (2)","1,748"
"SRC042","291","14","December 31, 2021 .....................","1","299","Treasury Securities (1)","800,000"
"SRC042","291","14","December 31, 2021 .....................","2","361","Asset Coverage per Unit (2)","1,802"
"SRC042","291","15","December 31, 2020 .....................","1","299","Treasury Securities (1)","800,000"
"SRC042","291","15","December 31, 2020 .....................","2","361","Asset Coverage per Unit (2)","2,300"
"SRC042","291","16","December 31, 2025 .....................","1","299","Treasury Securities (1)","700,000"
"SRC042","291","16","December 31, 2025 .....................","2","361","Asset Coverage per Unit (2)","1,771"
"SRC042","291","17","December 31, 2024 .....................","1","299","Treasury Securities (1)","700,000"
"SRC042","291","17","December 31, 2024 .....................","2","361","Asset Coverage per Unit (2)","1,857"
"SRC042","291","18","December 31, 2023 .....................","1","299","Treasury Securities (1)","700,000"
"SRC042","291","18","December 31, 2023 .....................","2","361","Asset Coverage per Unit (2)","2,003"
"SRC042","291","19","December 31, 2022 .....................","1","299","Treasury Securities (1)","700,000"
"SRC042","291","19","December 31, 2022 .....................","2","361","Asset Coverage per Unit (2)","1,748"
"SRC042","291","20","December 31, 2021 .....................","1","299","Treasury Securities (1)","700,000"
"SRC042","291","20","December 31, 2021 .....................","2","361","Asset Coverage per Unit (2)","1,802"
"SRC042","291","21","December 31, 2025 .....................","1","299","Treasury Securities (1)","650,000"
"SRC042","291","21","December 31, 2025 .....................","2","361","Asset Coverage per Unit (2)","1,771"
"SRC042","291","22","December 31, 2024 .....................","1","299","Treasury Securities (1)","650,000"
"SRC042","291","22","December 31, 2024 .....................","2","361","Asset Coverage per Unit (2)","1,857"
"SRC042","291","23","December 31, 2023 .....................","1","299","Treasury Securities (1)","650,000"
"SRC042","291","23","December 31, 2023 .....................","2","361","Asset Coverage per Unit (2)","2,003"
"SRC042","291","24","December 31, 2022 .....................","1","299","Treasury Securities (1)","650,000"
"SRC042","291","24","December 31, 2022 .....................","2","361","Asset Coverage per Unit (2)","1,748"
"SRC042","291","25","December 31, 2021 .....................","1","299","Treasury Securities (1)","650,000"
"SRC042","291","25","December 31, 2021 .....................","2","361","Asset Coverage per Unit (2)","1,802"
"SRC042","292","1","December","1","133","Period","31,"
"SRC042","292","1","December","2","148","","2025"
"SRC042","292","1","December","3","295","Treasury Securities (1)","$650,000"
"SRC042","292","1","December","4","361","Asset Coverage per Unit (2)","$1,771"
"SRC042","292","2","December","1","133","Period","31,"
"SRC042","292","2","December","2","148","","2024"
"SRC042","292","2","December","3","295","Treasury Securities (1)","650,000"
"SRC042","292","2","December","4","361","Asset Coverage per Unit (2)","1,857"
"SRC042","292","3","December","1","133","Period","31,"
"SRC042","292","3","December","2","148","","2023"
"SRC042","292","3","December","3","295","Treasury Securities (1)","650,000"
"SRC042","292","3","December","4","361","Asset Coverage per Unit (2)","2,003"
"SRC042","292","4","December","1","133","Period","31,"
"SRC042","292","4","December","2","148","","2022"
"SRC042","292","4","December","3","295","Treasury Securities (1)","650,000"
"SRC042","292","4","December","4","361","Asset Coverage per Unit (2)","1,748"
"SRC042","292","5","December","1","133","Period","31,"
"SRC042","292","5","December","2","148","","2021"
"SRC042","292","5","December","3","295","Treasury Securities (1)","650,000"
"SRC042","292","5","December","4","361","Asset Coverage per Unit (2)","1,802"
"SRC042","292","6","December","1","133","Period","31,"
"SRC042","292","6","December","2","148","","2020"
"SRC042","292","7","December","1","133","Period","31,"
"SRC042","292","7","December","2","148","","2019"
"SRC042","292","8","December","1","133","Period","31,"
"SRC042","292","8","December","2","148","","2018"
"SRC042","292","9","December","1","133","Period","31,"
"SRC042","292","9","December","2","148","","2025"
"SRC042","292","9","December","3","295","Treasury Securities (1)","400,000"
"SRC042","292","9","December","4","361","Asset Coverage per Unit (2)","1,771"
"SRC042","292","10","December","1","133","Period","31,"
"SRC042","292","10","December","2","148","","2024"
"SRC042","292","10","December","3","295","Treasury Securities (1)","400,000"
"SRC042","292","10","December","4","361","Asset Coverage per Unit (2)","1,857"
"SRC042","292","11","December","1","133","Period","31,"
"SRC042","292","11","December","2","148","","2023"
"SRC042","292","12","December","1","133","Period","31,"
"SRC042","292","12","December","2","148","","2022"
"SRC042","292","13","December","1","133","Period","31,"
"SRC042","292","13","December","2","148","","2021"
"SRC042","292","14","December","1","133","Period","31,"
"SRC042","292","14","December","2","148","","2020"
"SRC042","292","15","December","1","133","Period","31,"
"SRC042","292","15","December","2","148","","2019"
"SRC042","292","16","December","1","133","Period","31,"
"SRC042","292","16","December","2","148","","2018"
"SRC042","292","17","December","1","133","Period","31,"
"SRC042","292","17","December","2","148","","2025"
"SRC042","292","17","December","3","295","Treasury Securities (1)","700,000"
"SRC042","292","17","December","4","361","Asset Coverage per Unit (2)","1,771"
"SRC042","292","18","December","1","133","Period","31,"
"SRC042","292","18","December","2","148","","2024"
"SRC042","292","18","December","3","295","Treasury Securities (1)","700,000"
"SRC042","292","18","December","4","361","Asset Coverage per Unit (2)","1,857"
"SRC042","292","19","December","1","133","Period","31,"
"SRC042","292","19","December","2","148","","2023"
"SRC042","292","20","December","1","133","Period","31,"
"SRC042","292","20","December","2","148","","2022"
"SRC042","292","21","December","1","133","Period","31,"
"SRC042","292","21","December","2","148","","2021"
"SRC042","292","22","December","1","133","Period","31,"
"SRC042","292","22","December","2","148","","2020"
"SRC042","292","23","December","1","133","Period","31,"
"SRC042","292","23","December","2","148","","2019"
"SRC042","292","24","December","1","133","Period","31,"
"SRC042","292","24","December","2","148","","2018"
"SRC042","292","25","December","1","133","Period","31,"
"SRC042","292","25","December","2","148","","2025"
"SRC042","292","25","December","3","295","Treasury Securities (1)","500,000"
"SRC042","292","25","December","4","361","Asset Coverage per Unit (2)","1,771"
"SRC042","292","26","December","1","133","Period","31,"
"SRC042","292","26","December","2","148","","2024"
"SRC042","292","27","December","1","133","Period","31,"
"SRC042","292","27","December","2","148","","2023"
"SRC042","292","28","December","1","133","Period","31,"
"SRC042","292","28","December","2","148","","2022"
"SRC042","292","29","December","1","133","Period","31,"
"SRC042","292","29","December","2","148","","2021"
"SRC042","292","30","December","1","133","Period","31,"
"SRC042","292","30","December","2","148","","2020"
"SRC042","292","31","December","1","133","Period","31,"
"SRC042","292","31","December","2","148","","2019"
"SRC042","292","32","December","1","133","Period","31,"
"SRC042","292","32","December","2","148","","2018"
"SRC042","292","33","December","1","133","Period","31,"
"SRC042","292","33","December","2","148","","2025"
"SRC042","292","33","December","3","295","Treasury Securities (1)","500,000"
"SRC042","292","33","December","4","361","Asset Coverage per Unit (2)","1,771"
"SRC042","292","34","December","1","133","Period","31,"
"SRC042","292","34","December","2","148","","2024"
"SRC042","292","35","December","1","133","Period","31,"
"SRC042","292","35","December","2","148","","2023"
"SRC042","292","36","December","1","133","Period","31,"
"SRC042","292","36","December","2","148","","2022"
"SRC042","292","37","December","1","133","Period","31,"
"SRC042","292","37","December","2","148","","2021"
"SRC042","292","38","December","1","133","Period","31,"
"SRC042","292","38","December","2","148","","2020"
"SRC042","292","39","December","1","133","Period","31,"
"SRC042","292","39","December","2","148","","2019"
"SRC042","292","40","December","1","133","Period","31,"
"SRC042","292","40","December","2","148","","2018"
"SRC042","297","1","terms of our Class III trustees will expire","2","264","divided","2027"
"SRC042","297","2","Vikrant Sawhney ..............","1","236","1972","1970"
"SRC042","297","2","Vikrant Sawhney ..............","3","492","2018","2021"
"SRC042","297","3","Robert Bass ...................","1","236","1972","1949"
"SRC042","297","3","Robert Bass ...................","3","492","2018","2018"
"SRC042","297","4","Tracy Collins .................","1","236","1972","1963"
"SRC042","297","4","Tracy Collins .................","3","492","2018","2018"
"SRC042","297","5","Vicki Fuller ...................","1","236","1972","1957"
"SRC042","297","5","Vicki Fuller ...................","3","492","2018","2020"
"SRC042","297","6","James F. Clark ................","1","236","1972","1961"
"SRC042","297","6","James F. Clark ................","3","492","2018","2020"
"SRC042","297","7","Michelle Greene ...............","1","236","1972","1969"
"SRC042","297","7","Michelle Greene ...............","3","492","2018","2022"
"SRC042","297","8","Carlos Whitaker .....................","2","264","Year of Birth 1982","1976"
"SRC042","297","8","Carlos Whitaker .....................","3","492","Since 2023","2021"
"SRC042","297","9","Teddy Desloge ......................","2","264","Year of Birth 1982","1988"
"SRC042","297","9","Teddy Desloge ......................","3","492","Since 2023","2023"
"SRC042","297","10","Katherine Rubenstein .................","2","264","Year of Birth 1982","1978"
"SRC042","297","10","Katherine Rubenstein .................","3","492","Since 2023","2021"
"SRC042","297","11","Matthew Alcide .....................","2","264","Year of Birth 1982","1987"
"SRC042","297","11","Matthew Alcide .....................","3","492","Since 2023","2023"
"SRC042","298","1","Stacy Wang ........................","2","264","Year of Birth 1969","1989"
"SRC042","298","1","Stacy Wang ........................","5","491","Since 2022","2023"
"SRC042","298","2","Lucie Enns .........................","2","264","Year of Birth 1969","1990"
"SRC042","298","3","* Ms. Enns was appointed","4","376","Position Compliance Officer","2024."
"SRC042","298","4","business on August","1","175","..........","4, 2025,"
"SRC042","298","5","audit committee from September","3","289","IMG and Community Health","31, 2018,"
"SRC042","298","6","committee from November","1","175","24 Hour Automatic Data","2014,"
"SRC042","298","7","(NASDAQ: GRPN) since","1","175","24 Hour Automatic Data","2012,"
"SRC042","299","1","and as a","7","396","","2014"
"SRC042","299","2","(change","7","396","","2015,"
"SRC042","299","3","January","1","106","","2015"
"SRC042","299","4","Corporation","4","244","","2016"
"SRC042","299","4","Corporation","6","315","","2025"
"SRC042","299","5","Corporation)","2","188","","2021."
"SRC042","299","6","Tracy","7","396","","2013"
"SRC042","299","6","Tracy","8","427","","2017,"
"SRC042","299","7","SmartFinance","7","396","","2017."
"SRC042","299","8","KKR Financial","2","188","","2006"
"SRC042","299","8","KKR Financial","4","244","","2014."
"SRC042","299","9","Inc. from","1","106","","2018"
"SRC042","299","10","eight for-profit","3","207","","2012"
"SRC042","299","10","eight for-profit","4","244","","2018,"
"SRC042","299","11","Stanley.","1","106","","2018,"
"SRC042","299","12","Management,","5","288","","2004."
"SRC042","299","13","worked","5","288","","1984"
"SRC042","299","13","worked","6","315","","2004,"
"SRC042","299","14","1996 to","1","106","","2004."
"SRC042","299","14","1996 to","7","396","","2000"
"SRC042","299","14","1996 to","8","427","","2004,"
"SRC042","299","15","International","4","244","","1989"
"SRC042","299","15","International","5","288","","2000."
"SRC042","299","16","member","3","207","","2020"
"SRC042","299","16","member","4","244","","2024."
"SRC042","307","1","within 60 days.","3","293","","18,"
"SRC042","307","2","officers and","4","404","","5%"
"SRC042","307","3","common shares","5","460","","5%"
"SRC042","307","4","The percentage","3","293","","232,279,811"
"SRC042","307","5","February 18,","1","118","","2026."
"SRC042","307","6","Brad","4","404","","203,284"
"SRC042","307","7","Robert","4","404","","22,293"
"SRC042","307","8","James","4","404","","2,000"
"SRC042","307","9","Carlos","4","404","","3,895"
"SRC042","307","10","Katherine","4","404","","4,736"
"SRC042","307","11","Stacy","4","404","","9,730"
"SRC042","307","12","Group","1","118","","(15"
"SRC042","307","12","Group","4","404","","245,938"
"SRC042","307","13","Greenwich","2","223","","(1)"
"SRC042","307","13","Greenwich","4","404","","12,595,999"
"SRC042","307","13","Greenwich","5","460","","5.4%"
"SRC042","307","14","QIA FIG","2","223","","(2)"
"SRC042","307","14","QIA FIG","4","404","","13,723,035"
"SRC042","307","14","QIA FIG","5","460","","5.9%"
"SRC042","307","15","* Amounts","2","223","","1%"
"SRC042","309","1","As of December 31, 2025 and December","1","255","","31,"
"SRC042","309","1","As of December 31, 2025 and December","2","270","","2024,"
"SRC042","309","1","As of December 31, 2025 and December","3","295","","$26.4"
"SRC042","309","1","As of December 31, 2025 and December","4","366","","$38.7"
"SRC042","309","2","We accrued no capital gains based incentive","5","410","","31, 2025"
"SRC042","309","3","As of December 31, 2025 and December","1","255","","31,"
"SRC042","309","3","As of December 31, 2025 and December","2","270","","2024,"
"SRC042","309","4","For the year ended December 31, 2025,","4","366","","$3.5"
"SRC042","309","5","Consolidated Statements of Operations. For the","4","366","","31, 2024"
"SRC042","309","5","Consolidated Statements of Operations. For the","5","410","","2023,"
"SRC042","309","6","As of December 31, 2025 and December","1","255","","31,"
"SRC042","309","6","As of December 31, 2025 and December","2","270","","2024,"
"SRC042","309","6","As of December 31, 2025 and December","3","295","","$1.6"
"SRC042","309","6","As of December 31, 2025 and December","4","366","","$1.5"
"SRC042","310","1","The following table presents the aggregate fees billed by Deloitte","4","483","Officers and","31, 2025"
"SRC042","310","2","For","3","429","Executive","31,"
"SRC042","310","3","Audit Fees ............................ $1,260,000","2","405","Directors,","$1,215,100"
"SRC042","310","4","Audit-Related Fees .....................","1","346","see “Item 10.","267,500"
"SRC042","310","4","Audit-Related Fees .....................","3","429","Executive","355,000"
"SRC042","310","5","Tax Fees .............................","1","346","see “Item 10.","53,000"
"SRC042","310","6","All Other Fees .........................","1","346","see “Item 10.","27,000"
"SRC042","310","7","$1,607,500","2","405","Directors,","$1,570,100"
"SRC042","313","1","4.1.5 Sixth Supplemental","4","290","","20,"
"SRC042","313","1","4.1.5 Sixth Supplemental","6","417","","5.875%"
"SRC042","313","1","4.1.5 Sixth Supplemental","7","492","","2027,"
"SRC042","313","2","(incorporated","3","269","","4.2"
"SRC042","313","3","4.1.6 Seventh","5","357","","15, 2025,"
"SRC042","313","3","4.1.6 Seventh","6","417","","5.350%"
"SRC042","313","4","(incorporated","3","269","","4.2"
"SRC042","313","5","October","1","152","","15,"
"SRC042","313","6","4.1.7 Eighth","5","357","","2025,"
"SRC042","313","6","4.1.7 Eighth","6","417","","5.300%"
"SRC042","313","6","4.1.7 Eighth","7","492","","2030,"
"SRC042","313","7","(incorporated","3","269","","4.2"
"SRC042","313","8","March","1","152","","4,"
"SRC042","313","9","4.1.8 Ninth Supplemental","5","357","","2025,"
"SRC042","313","9","4.1.8 Ninth Supplemental","6","417","","5.125%"
"SRC042","313","9","4.1.8 Ninth Supplemental","7","492","","2031,"
"SRC042","313","10","(incorporated","3","269","","4.2"
"SRC042","313","11","October","1","152","","14,"
"SRC042","313","12","4.1.9 Form of","1","152","","3.625%"
"SRC042","313","12","4.1.9 Form of","2","229","","2026"
"SRC042","313","12","4.1.9 Form of","5","357","","4.2)"
"SRC042","313","13","Exhibit","1","152","","4.3"
"SRC042","313","13","Exhibit","6","417","","27,"
"SRC042","313","14","4.1.10 Form of","1","152","","2.750%"
"SRC042","313","14","4.1.10 Form of","2","229","","2026"
"SRC042","313","14","4.1.10 Form of","5","357","","4.2)"
"SRC042","313","15","Exhibit","1","152","","4.3"
"SRC042","313","15","Exhibit","6","417","","18,"
"SRC042","313","16","4.1.11 Form of","1","152","","2.125%"
"SRC042","313","16","4.1.11 Form of","2","229","","2027"
"SRC042","313","16","4.1.11 Form of","5","357","","4.2)"
"SRC042","313","17","Exhibit","1","152","","4.3"
"SRC042","313","17","Exhibit","6","417","","27,"
"SRC042","313","18","4.1.12 Form of","1","152","","2.850%"
"SRC042","313","18","4.1.12 Form of","2","229","","2028"
"SRC042","313","18","4.1.12 Form of","5","357","","4.2)"
"SRC042","313","19","Exhibit","1","152","","4.3"
"SRC042","313","19","Exhibit","6","417","","1,"
"SRC042","313","20","4.1.13 Form of","1","152","","5.875%"
"SRC042","313","20","4.1.13 Form of","2","229","","2027"
"SRC042","313","20","4.1.13 Form of","5","357","","4.2)"
"SRC042","313","21","Exhibit","1","152","","4.3"
"SRC042","313","21","Exhibit","6","417","","21,"
"SRC042","313","22","4.1.14 Form of","1","152","","5.350%"
"SRC042","313","22","4.1.14 Form of","2","229","","2028"
"SRC042","313","22","4.1.14 Form of","5","357","","4.2)"
"SRC042","313","23","Exhibit","1","152","","4.3"
"SRC042","313","23","Exhibit","6","417","","15,"
"SRC042","313","24","4.1.15 Form of","1","152","","5.300%"
"SRC042","313","24","4.1.15 Form of","2","229","","2030"
"SRC042","313","24","4.1.15 Form of","6","417","","4.3"
"SRC042","313","25","Report","3","269","","4,"
"SRC042","313","26","4.1.16 Form of","1","152","","5.125%"
"SRC042","313","26","4.1.16 Form of","2","229","","2031"
"SRC042","313","26","4.1.16 Form of","6","417","","4.3"
"SRC042","313","27","Report","3","269","","14,"
"SRC042","313","28","4.2 Description","7","492","","4.6"
"SRC042","313","29","Company’s","5","357","","28,"
"SRC042","313","30","Blackstone","5","357","","7, 2024,"
"SRC042","313","30","Blackstone","7","492","","1,"
"SRC042","313","31","2025 (incorporated","4","290","","10.1"
"SRC042","313","32","Blackstone","5","357","","7, 2024,"
"SRC042","313","32","Blackstone","7","492","","1, 2025"
"SRC042","313","33","(incorporated","3","269","","10.2"
"SRC042","313","34","November","1","152","","12,"
"SRC042","315","1","dated June","1","185","party thereto,","11, 2019"
"SRC042","315","1","dated June","3","377","Wells Fargo","10.1"
"SRC042","315","2","Report on Form","2","288","BNP Paribas, the Company","13,"
"SRC042","315","3","dated August","1","185","party thereto,","2, 2019"
"SRC042","315","4","Report on Form","2","288","BNP Paribas, the Company","28,"
"SRC042","315","5","dated September","1","185","party thereto,","27,"
"SRC042","315","5","dated September","3","377","Wells Fargo","10.1"
"SRC042","315","6","Report on Form","2","288","BNP Paribas, the Company","14,"
"SRC042","315","7","dated April","1","185","party thereto,","13, 2020"
"SRC042","315","7","dated April","3","377","Wells Fargo","10.1"
"SRC042","315","8","Report on Form","2","288","BNP Paribas, the Company","7,"
"SRC042","315","9","October 5,","1","185","party thereto,","2021"
"SRC042","315","10","on Form 10-K","2","288","BNP Paribas, the Company","28,"
"SRC042","315","11","February 28,","1","185","party thereto,","2022"
"SRC042","315","12","Report on Form","2","288","BNP Paribas, the Company","27,"
"SRC042","315","13","dated May","1","185","party thereto,","19, 2022"
"SRC042","315","14","Report on Form","2","288","BNP Paribas, the Company","27,"
"SRC042","315","15","dated November","1","185","party thereto,","1,"
"SRC042","315","15","dated November","3","377","Wells Fargo","10.1"
"SRC042","315","16","Report on Form","2","288","BNP Paribas, the Company","3,"
"SRC042","315","17","January 17,","1","185","party thereto,","2024"
"SRC042","315","18","on Form 10-K","2","288","BNP Paribas, the Company","28,"
"SRC042","315","19","Association,","2","288","BNP Paribas, the Company","2024"
"SRC042","315","19","Association,","4","444","Bank, National","10.1"
"SRC042","315","20","Company’s","3","377","Wells Fargo","23,"
"SRC042","315","21","Exhibit 10.11","5","459","Association,","27,"
"SRC042","315","22","Funding, the","4","444","Bank, National","30,"
"SRC042","315","22","Funding, the","5","459","Association,","2023"
"SRC042","315","23","(incorporated","2","288","BNP Paribas, the Company","10.1"
