"file_id","source_page","row_index","source_row_label","column_index","column_x","source_column_label","value_raw"
"SRC048","1","1","(cid:1399) ANNUAL REPORT PURSUANT TO SECTION 13 OR 15(d) OF THE","3","531","","1934."
"SRC048","1","2","For the fiscal year ended December 31,","1","366","","2025"
"SRC048","1","3","(cid:1398) TRANSITION REPORT PURSUANT TO SECTION 13 OR 15(d) OF","3","531","","1934."
"SRC048","1","4","Austin, Texas","2","430","","78701"
"SRC048","1","5","Registrant’sTelephone Number, Including Area Code:","1","366","","(512)"
"SRC048","1","6","Indicate by check mark whether the registrant (1) has filed all reports required to be filed by Section","1","366","","13"
"SRC048","1","6","Indicate by check mark whether the registrant (1) has filed all reports required to be filed by Section","3","531","","1934"
"SRC048","1","7","the preceding 12 months (or for such shorter period that the registrant was required to file such reports),","1","366","","(2)"
"SRC048","1","8","Indicate by check mark whether the registrant has submitted electronically every Interactive Data","3","531","","405"
"SRC048","2","1","PART","2","566","","1"
"SRC048","2","2","Item","1","71","","1."
"SRC048","2","2","Item","2","566","","1"
"SRC048","2","3","Item","2","566","","28"
"SRC048","2","4","Item","2","566","","58"
"SRC048","2","5","Item","2","566","","59"
"SRC048","2","6","Item","1","71","","2."
"SRC048","2","6","Item","2","566","","60"
"SRC048","2","7","Item","1","71","","3."
"SRC048","2","7","Item","2","566","","60"
"SRC048","2","8","Item","1","71","","4."
"SRC048","2","8","Item","2","566","","60"
"SRC048","2","9","PART","2","566","","61"
"SRC048","2","10","Item","1","71","","5."
"SRC048","2","11","Item","1","71","","6."
"SRC048","2","11","Item","2","566","","62"
"SRC048","2","12","Item","1","71","","7."
"SRC048","2","12","Item","2","566","","63"
"SRC048","2","13","Item","2","566","","77"
"SRC048","2","14","Item","1","71","","8."
"SRC048","2","14","Item","2","566","","78"
"SRC048","2","15","Item","1","71","","9."
"SRC048","2","15","Item","2","566","","78"
"SRC048","2","16","Item","2","566","","78"
"SRC048","2","17","Item","2","566","","78"
"SRC048","2","18","Item","2","566","","78"
"SRC048","2","19","PART","2","566","","79"
"SRC048","2","20","Item","1","71","","10."
"SRC048","2","20","Item","2","566","","79"
"SRC048","2","21","Item","1","71","","11."
"SRC048","2","21","Item","2","566","","83"
"SRC048","2","22","Item","1","71","","12."
"SRC048","2","22","Item","2","566","","85"
"SRC048","2","23","Item","1","71","","13."
"SRC048","2","23","Item","2","566","","85"
"SRC048","2","24","Item","1","71","","14."
"SRC048","2","24","Item","2","566","","88"
"SRC048","2","25","PART","2","566","","89"
"SRC048","2","26","Item","1","71","","15."
"SRC048","2","26","Item","2","566","","89"
"SRC048","2","27","Item","1","71","","16."
"SRC048","2","27","Item","2","566","","96"
"SRC048","2","28","SIGNATURES...................................................................................................................................................................................","2","566","","97"
"SRC048","5","1","• the date on which the Fund has, during the prior","3","417","","$1.0"
"SRC048","5","2","• the last day of a fiscal year in which the Fund","1","260","","(1)"
"SRC048","5","3","Fund’smost recently completed second fiscal","2","312","","(2)"
"SRC048","5","4","generally defines as having enterprise values between","1","260","intends current income","200"
"SRC048","5","4","generally defines as having enterprise values between","2","312","to take advantage and prioritize","$2.0"
"SRC048","5","5","income tax expense, depreciation and amortization (or“EBITDA”)between","3","417","extended transition preservation","$75.0"
"SRC048","7","1","meeting of stockholders; the terms of theFund’sClass II directors","2","374","I directors will directors will serve","2027"
"SRC048","7","2","subsidiary of AllianceBernstein L.P.(“AB”),was formed in April","1","302","theFund’sClass Fund's Class","2014."
"SRC048","7","3","firms, with approximately $792 billion in assets under management","2","374","I directors will directors will serve","31, 2025,"
"SRC048","7","4","Agreement”).The Advisory Agreement was amended and restated","2","374","I directors will directors will serve","10, 2026,"
"SRC048","8","1","As","2","360","","10, 2026,"
"SRC048","8","2","1.375% to","1","80","","1.25%"
"SRC048","8","2","1.375% to","3","509","","10,"
"SRC048","8","3","fee in excess","2","360","","1.25%"
"SRC048","8","3","fee in excess","3","509","","1, 2026"
"SRC048","8","4","February","1","80","","10, 2026."
"SRC048","8","4","February","2","360","","31,"
"SRC048","9","1","•","10","441","","1.5%"
"SRC048","9","2","•","1","78","Description of Quarterly Incentive Fee","100%"
"SRC048","9","2","•","9","416","","6%"
"SRC048","9","2","•","12","544","","1.67%"
"SRC048","9","3","•","1","78","Description of Quarterly Incentive Fee","10.0%"
"SRC048","9","3","•","6","303","","6%"
"SRC048","9","3","•","10","441","","1.94%"
"SRC048","9","4","•","1","78","Description of Quarterly Incentive Fee","100%"
"SRC048","9","4","•","9","416","","7%"
"SRC048","9","4","•","12","544","","2.06%"
"SRC048","9","5","•","1","78","Description of Quarterly Incentive Fee","15.0%"
"SRC048","9","5","•","6","303","","7%"
"SRC048","9","5","•","10","441","","2.35%"
"SRC048","9","6","•","1","78","Description of Quarterly Incentive Fee","100%"
"SRC048","9","6","•","9","416","","8%"
"SRC048","9","6","•","12","544","","2.42%"
"SRC048","9","7","•","1","78","Description of Quarterly Incentive Fee","17.5%"
"SRC048","9","7","•","6","303","","2.42%"
"SRC048","9","8","As","7","340","","10,"
"SRC048","9","8","As","8","394","","2026,"
"SRC048","9","9","reduced to","4","212","","8%"
"SRC048","9","9","reduced to","12","544","","8%"
"SRC048","9","10","Hurdle Rate","2","144","","2.50%"
"SRC048","9","10","Hurdle Rate","7","340","","10%"
"SRC048","9","11","exceeds the","1","78","Description of Quarterly Incentive Fee","8%"
"SRC048","9","11","exceeds the","4","212","","2.42%"
"SRC048","9","11","exceeds the","8","394","","9.7%"
"SRC048","9","11","exceeds the","11","477","","20%"
"SRC048","9","12","of PIFNII,","2","144","","2.50%"
"SRC048","9","12","of PIFNII,","7","340","","17.5%"
"SRC048","9","13","February","1","78","Description of Quarterly Incentive Fee","10, 2026,"
"SRC048","9","14","of the incentive","12","544","","1, 2026"
"SRC048","9","15","through February","2","144","","2026."
"SRC048","9","15","through February","8","394","","31,"
"SRC048","10","1","Capital","6","538","","17.5%"
"SRC048","10","2","As","4","362","results.","10, 2026,"
"SRC048","10","3","from 20.0%","4","362","results.","17.5%"
"SRC048","10","4","capital gains,","6","538","","10, 2026,"
"SRC048","10","5","incentive","5","390","","17.5%"
"SRC048","10","5","incentive","6","538","","1, 2026"
"SRC048","10","6","through February","2","142","fee expense","2026."
"SRC048","10","6","through February","5","390","","31,"
"SRC048","10","7","•","3","161","Rate(2)= 1.50%","0.31%"
"SRC048","10","8","•","4","362","","0.22%"
"SRC048","10","9","expressed","4","362","","6.0%"
"SRC048","12","1","Alternative","1","87","","4"
"SRC048","12","2","• Investment","8","329","","2.60%"
"SRC048","12","3","(investment","7","306","","2.0%"
"SRC048","12","4","PIFNII","3","130","","7%"
"SRC048","12","4","PIFNII","6","271","","7%"
"SRC048","12","4","PIFNII","9","490","","2."
"SRC048","12","5","Alternative","1","87","","5"
"SRC048","12","6","• Investment","8","329","","2.80%"
"SRC048","12","7","(investment","7","306","","2.20%"
"SRC048","12","8","PIFNII","3","130","","7%"
"SRC048","12","8","PIFNII","6","271","","8%"
"SRC048","12","8","PIFNII","9","490","","2."
"SRC048","12","9","Alternative","1","87","","6"
"SRC048","12","10","• Investment","8","329","","3.00%"
"SRC048","12","11","(investment","7","306","","2.40%"
"SRC048","12","12","PIFNII","3","130","","8%"
"SRC048","12","12","PIFNII","6","271","","8%"
"SRC048","12","12","PIFNII","9","490","","2."
"SRC048","13","1","• Investment","8","306","","3.20%"
"SRC048","13","2","(investment","8","306","","2.60%"
"SRC048","13","3","PIFNII","3","129","","8%"
"SRC048","13","3","PIFNII","6","259","","8%"
"SRC048","13","3","PIFNII","10","485","","2."
"SRC048","13","4","=","1","97","","0.17%"
"SRC048","13","5","=","1","97","","0.17%"
"SRC048","13","5","=","3","129","","0.03%"
"SRC048","13","5","=","4","168","","0.11%"
"SRC048","13","5","=","5","203","","0.04%"
"SRC048","13","5","=","6","259","","0.15%"
"SRC048","13","5","=","7","281","","0.02%"
"SRC048","13","6","=","1","97","","0.52%"
"SRC048","13","7","• Year","2","111","","$20"
"SRC048","13","7","• Year","9","394","","$30"
"SRC048","13","8","• Year","5","203","","$50"
"SRC048","13","8","• Year","10","485","","$32"
"SRC048","13","9","• Year","6","259","","$25"
"SRC048","13","10","• Year","5","203","","$31"
"SRC048","13","11","• Year","6","259","be:","$30"
"SRC048","13","12","• Year","7","281","","($30"
"SRC048","13","12","• Year","10","485","","$5"
"SRC048","13","13","capital","4","168","incentive fee,","$6"
"SRC048","13","13","capital","9","394","","2)"
"SRC048","13","14","• Year","8","306","","$31"
"SRC048","13","15","(Capital","5","203","if any, would","2)"
"SRC048","13","16","• Year","2","111","gains","$20"
"SRC048","13","17","(“InvestmentB”)and","4","168","incentive fee,","$25"
"SRC048","13","18","• Year","5","203","if any, would","$50"
"SRC048","13","18","• Year","9","394","","$25"
"SRC048","13","19","determined","3","129","","$25"
"SRC048","13","20","• Year","6","259","be:","$27"
"SRC048","13","20","• Year","9","394","","$30"
"SRC048","13","21","• Year","6","259","be:","$35"
"SRC048","13","22","• Year","5","203","if any, would","$20"
"SRC048","14","1","Year","1","58","Period","1,"
"SRC048","14","1","Year","2","101","","1"
"SRC048","14","1","Year","3","188","Hurdle Rate","1.5%"
"SRC048","14","1","Year","4","256","Management Fee","0.38%"
"SRC048","14","1","Year","6","329","Other Expenses","0.22%"
"SRC048","14","1","Year","8","402","Investment Income","2.80%"
"SRC048","14","1","Year","10","474","Investment Income","2.20%"
"SRC048","14","1","Year","12","547","Income-Based Fee(2)","0.33%"
"SRC048","14","2","Year","1","58","Period","1,"
"SRC048","14","2","Year","2","101","","2"
"SRC048","14","2","Year","3","188","Hurdle Rate","1.5%"
"SRC048","14","2","Year","4","256","Management Fee","0.38%"
"SRC048","14","2","Year","6","329","Other Expenses","0.22%"
"SRC048","14","2","Year","8","402","Investment Income","2.80%"
"SRC048","14","2","Year","10","474","Investment Income","2.20%"
"SRC048","14","2","Year","12","547","Income-Based Fee(2)","0.33%"
"SRC048","14","3","Year","1","58","Period","1,"
"SRC048","14","3","Year","2","101","","3"
"SRC048","14","3","Year","3","188","Hurdle Rate","1.5%"
"SRC048","14","3","Year","4","256","Management Fee","0.38%"
"SRC048","14","3","Year","6","329","Other Expenses","0.22%"
"SRC048","14","3","Year","8","402","Investment Income","2.80%"
"SRC048","14","3","Year","10","474","Investment Income","2.20%"
"SRC048","14","3","Year","12","547","Income-Based Fee(2)","0.33%"
"SRC048","14","4","Year","1","58","Period","1,"
"SRC048","14","4","Year","2","101","","4"
"SRC048","14","4","Year","3","188","Hurdle Rate","1.5%"
"SRC048","14","4","Year","4","256","Management Fee","0.38%"
"SRC048","14","4","Year","6","329","Other Expenses","0.22%"
"SRC048","14","4","Year","8","402","Investment Income","2.80%"
"SRC048","14","4","Year","10","474","Investment Income","2.20%"
"SRC048","14","4","Year","12","547","Income-Based Fee(2)","0.33%"
"SRC048","14","5","Year","1","58","Period","2,"
"SRC048","14","5","Year","2","101","","1"
"SRC048","14","5","Year","3","188","Hurdle Rate","1.5%"
"SRC048","14","5","Year","4","256","Management Fee","0.38%"
"SRC048","14","5","Year","6","329","Other Expenses","0.22%"
"SRC048","14","5","Year","8","402","Investment Income","2.80%"
"SRC048","14","5","Year","10","474","Investment Income","2.20%"
"SRC048","14","5","Year","12","547","Income-Based Fee(2)","0.33%"
"SRC048","14","6","Year","1","58","Period","2,"
"SRC048","14","6","Year","2","101","","2"
"SRC048","14","6","Year","3","188","Hurdle Rate","1.5%"
"SRC048","14","6","Year","4","256","Management Fee","0.38%"
"SRC048","14","6","Year","6","329","Other Expenses","0.22%"
"SRC048","14","6","Year","8","402","Investment Income","2.80%"
"SRC048","14","6","Year","10","474","Investment Income","2.20%"
"SRC048","14","6","Year","12","547","Income-Based Fee(2)","0.33%"
"SRC048","14","7","Year","1","58","Period","2,"
"SRC048","14","7","Year","2","101","","3"
"SRC048","14","7","Year","3","188","Hurdle Rate","1.5%"
"SRC048","14","7","Year","4","256","Management Fee","0.38%"
"SRC048","14","7","Year","6","329","Other Expenses","0.22%"
"SRC048","14","7","Year","8","402","Investment Income","2.80%"
"SRC048","14","7","Year","10","474","Investment Income","2.20%"
"SRC048","14","7","Year","12","547","Income-Based Fee(2)","0.33%"
"SRC048","14","8","Year","1","58","Period","2,"
"SRC048","14","8","Year","2","101","","4"
"SRC048","14","8","Year","3","188","Hurdle Rate","1.5%"
"SRC048","14","8","Year","4","256","Management Fee","0.38%"
"SRC048","14","8","Year","6","329","Other Expenses","0.22%"
"SRC048","14","8","Year","8","402","Investment Income","2.80%"
"SRC048","14","8","Year","10","474","Investment Income","2.20%"
"SRC048","14","8","Year","12","547","Income-Based Fee(2)","0.33%"
"SRC048","17","1","September 30, 2017 $ 1,002,147 $ 1,002,147 $ — n/a September","1","464","Eligibility Expiration","30, 2020"
"SRC048","17","1","September 30, 2017 $ 1,002,147 $ 1,002,147 $ — n/a September","2","552","Percentage Limit(2)","1.5%"
"SRC048","17","2","December 31, 2017 1,027,398 1,027,398 — n/a December","1","464","Eligibility Expiration","31, 2020"
"SRC048","17","2","December 31, 2017 1,027,398 1,027,398 — n/a December","2","552","Percentage Limit(2)","1.5%"
"SRC048","17","3","March 31, 2018 503,592 503,592 — n/a March 31,","1","464","Eligibility Expiration","2021"
"SRC048","17","3","March 31, 2018 503,592 503,592 — n/a March 31,","2","552","Percentage Limit(2)","1.5%"
"SRC048","17","4","June 30, 2018 1,086,482 755,992 330,490 4.787% June 30,","1","464","Eligibility Expiration","2021"
"SRC048","17","4","June 30, 2018 1,086,482 755,992 330,490 4.787% June 30,","2","552","Percentage Limit(2)","1.0%"
"SRC048","17","5","September 30, 2018 462,465 462,465 — 4.715% September","1","464","Eligibility Expiration","30, 2021"
"SRC048","17","5","September 30, 2018 462,465 462,465 — 4.715% September","2","552","Percentage Limit(2)","1.0%"
"SRC048","17","6","December 31, 2018 254,742 — 254,742 6.762% December","1","464","Eligibility Expiration","31, 2021"
"SRC048","17","6","December 31, 2018 254,742 — 254,742 6.762% December","2","552","Percentage Limit(2)","1.0%"
"SRC048","17","7","March 31, 2019 156,418 156,418 — 5.599% March 31,","1","464","Eligibility Expiration","2022"
"SRC048","17","7","March 31, 2019 156,418 156,418 — 5.599% March 31,","2","552","Percentage Limit(2)","1.0%"
"SRC048","17","8","June 30, 2019 259,263 259,263 — 6.057% June 30,","1","464","Eligibility Expiration","2022"
"SRC048","17","8","June 30, 2019 259,263 259,263 — 6.057% June 30,","2","552","Percentage Limit(2)","1.0%"
"SRC048","17","9","September 30, 2019 31,875 31,875 — 5.154% September","1","464","Eligibility Expiration","30, 2022"
"SRC048","17","9","September 30, 2019 31,875 31,875 — 5.154% September","2","552","Percentage Limit(2)","1.0%"
"SRC048","17","10","December 31, 2019 — — — 6.423% December","1","464","Eligibility Expiration","31, 2022"
"SRC048","17","10","December 31, 2019 — — — 6.423% December","2","552","Percentage Limit(2)","1.0%"
"SRC048","17","11","March 31, 2020 89,757 — 89,757 10.17% March 31,","1","464","Eligibility Expiration","2023"
"SRC048","17","11","March 31, 2020 89,757 — 89,757 10.17% March 31,","2","552","Percentage Limit(2)","1.0%"
"SRC048","18","1","On September","1","117","","26, 2017,"
"SRC048","18","1","On September","2","536","","6, 2018"
"SRC048","18","2","and November 11,","1","117","","2021"
"SRC048","21","1","If the Fund","3","552","","4%"
"SRC048","21","2","• at least","1","109","","98%"
"SRC048","21","3","• at least","1","109","","98.2%"
"SRC048","21","4","losses)","2","306","","31"
"SRC048","21","5","The Fund","3","552","","1940"
"SRC048","21","6","Fund’sportfolio","1","109","","(2)"
"SRC048","22","1","income for purposes of the","1","151","characterization","90%"
"SRC048","22","2","Requirement and to avoid the","1","151","characterization","4%"
"SRC048","22","3","corporation for the taxable","2","299","transactions","50%"
"SRC048","28","1","which","5","513","","70%"
"SRC048","28","2","and","3","457","","70%"
"SRC048","28","3","purpose","3","457","","1, 2"
"SRC048","28","3","purpose","4","491","","3."
"SRC048","39","1","employs leverage such that its asset coverage equals (1)","3","415","","31,"
"SRC048","39","1","employs leverage such that its asset coverage equals (1)","4","487","","(2)"
"SRC048","39","2","various annual returns, net of expenses and as of December","1","264","","31,"
"SRC048","39","2","various annual returns, net of expenses and as of December","2","296","","2025."
"SRC048","39","3","expenses)","4","487","","5.00%"
"SRC048","39","3","expenses)","5","548","","10.00%"
"SRC048","39","4","2025(1)","4","487","","3.4%"
"SRC048","39","4","2025(1)","5","548","","17.0%"
"SRC048","39","5","assuming 150% asset coverage(2)","4","487","","3.1%"
"SRC048","39","5","assuming 150% asset coverage(2)","5","548","","18.1%"
"SRC048","39","6","(1) Assumes $1,980.9 million in total portfolio assets,","1","264","","$1,250.6"
"SRC048","39","6","(1) Assumes $1,980.9 million in total portfolio assets,","3","415","","$730.3"
"SRC048","39","7","(2) Assumes $1,980.9 million in total portfolio assets,","1","264","","$1,320.6"
"SRC048","39","7","(2) Assumes $1,980.9 million in total portfolio assets,","3","415","","$660.3"
"SRC048","48","1","leverage. In October","1","120","may invest","2020,"
"SRC048","48","1","leverage. In October","2","301","that are subject","1940"
"SRC048","48","2","calculated under the","1","120","may invest","1940"
"SRC048","64","1","price equal to the net asset value per share","3","401","theinvestors’Capital Commitments,","23"
"SRC048","64","2","The Initial Closing was September","1","205","generally be made","29, 2017."
"SRC048","64","3","The total Capital Commitments of","3","401","theinvestors’Capital Commitments,","$775,624,993."
"SRC048","64","4","As of March 25, 2026, there were","1","205","generally be made","4,146"
"SRC048","64","5","during each calendar year an amount at least","2","301","realized short-term","98%"
"SRC048","64","6","gains or losses) for such calendar year; (b)","1","205","ordinary income","98.2%"
"SRC048","64","7","certain ordinary losses) for a one-year period","2","301","realized short-term","31"
"SRC048","65","1","The following table sets forth information regarding repurchases of Shares during the three months ended December","1","537","","31,"
"SRC048","65","2","Offer Date November","1","537","","28,"
"SRC048","65","2","Offer Date November","2","552","","2025"
"SRC048","65","3","Expiration Date December","1","537","","31,"
"SRC048","65","3","Expiration Date December","2","552","","2025"
"SRC048","65","4","Purchase Price per Share $","2","552","","9.48"
"SRC048","65","5","Shares Repurchased","1","537","","539,142"
"SRC048","65","6","Aggregate Dollar Amount of Shares Accepted for Repurchase $","1","537","","5,108,699"
"SRC048","67","1","Draw Downs Against Revolvers and Delayed Draw Term","3","404","","(135,318,835)"
"SRC048","67","1","Draw Downs Against Revolvers and Delayed Draw Term","5","513","","(97,181,550)"
"SRC048","67","2","Principal Repayments","3","404","","300,228,985"
"SRC048","67","2","Principal Repayments","5","513","","214,122,466"
"SRC048","67","3","Sales","3","404","","12,471,896"
"SRC048","67","3","Sales","5","513","","10,515,472"
"SRC048","67","4","Net Repayments (Investments)","3","404","","(226,020,469)"
"SRC048","67","4","Net Repayments (Investments)","5","513","","(298,528,429)"
"SRC048","67","5","First Lien Senior Secured Debt $ 1,828,650,502","2","342","Percentage","92.26%"
"SRC048","67","5","First Lien Senior Secured Debt $ 1,828,650,502","3","404","","1,802,229,181"
"SRC048","67","5","First Lien Senior Secured Debt $ 1,828,650,502","4","490","Percentage","91.62%"
"SRC048","67","6","Second Lien Junior Secured Debt","1","254","Amortized","3,101,516"
"SRC048","67","6","Second Lien Junior Secured Debt","2","342","Percentage","0.16%"
"SRC048","67","6","Second Lien Junior Secured Debt","3","404","","2,574,947"
"SRC048","67","6","Second Lien Junior Secured Debt","4","490","Percentage","0.13%"
"SRC048","67","7","Preferred Stock","1","254","Amortized","5,566,431"
"SRC048","67","7","Preferred Stock","2","342","Percentage","0.28%"
"SRC048","67","7","Preferred Stock","3","404","","8,128,435"
"SRC048","67","7","Preferred Stock","4","490","Percentage","0.41%"
"SRC048","67","8","Common Stock","1","254","Amortized","9,525,137"
"SRC048","67","8","Common Stock","2","342","Percentage","0.48%"
"SRC048","67","8","Common Stock","3","404","","9,938,983"
"SRC048","67","8","Common Stock","4","490","Percentage","0.51%"
"SRC048","67","9","Investment companies","1","254","Amortized","28,975,016"
"SRC048","67","9","Investment companies","2","342","Percentage","1.46%"
"SRC048","67","9","Investment companies","3","404","","36,322,816"
"SRC048","67","9","Investment companies","4","490","Percentage","1.85%"
"SRC048","67","10","Warrants","1","254","Amortized","394,025"
"SRC048","67","10","Warrants","2","342","Percentage","0.02%"
"SRC048","67","10","Warrants","3","404","","2,102,100"
"SRC048","67","10","Warrants","4","490","Percentage","0.11%"
"SRC048","67","11","Cash and cash equivalents","1","254","Amortized","105,808,043"
"SRC048","67","11","Cash and cash equivalents","2","342","Percentage","5.34%"
"SRC048","67","11","Cash and cash equivalents","3","404","","105,808,043"
"SRC048","67","11","Cash and cash equivalents","4","490","Percentage","5.37%"
"SRC048","67","12","Total $ 1,982,020,670","2","342","Percentage","100.00%"
"SRC048","67","12","Total $ 1,982,020,670","3","404","","1,967,104,505"
"SRC048","67","12","Total $ 1,982,020,670","4","490","Percentage","100.00%"
"SRC048","68","1","First Lien Senior Secured Debt $ 1,599,194,191","2","342","Percentage","94.70%"
"SRC048","68","1","First Lien Senior Secured Debt $ 1,599,194,191","3","380","","1,582,307,975"
"SRC048","68","1","First Lien Senior Secured Debt $ 1,599,194,191","5","490","Percentage","94.04%"
"SRC048","68","1","First Lien Senior Secured Debt $ 1,599,194,191","6","546","Average","10.51%"
"SRC048","68","2","Second Lien Junior Secured Debt 3,095,849","2","342","Percentage","0.18%"
"SRC048","68","2","Second Lien Junior Secured Debt 3,095,849","3","380","","2,825,397"
"SRC048","68","2","Second Lien Junior Secured Debt 3,095,849","5","490","Percentage","0.17%"
"SRC048","68","2","Second Lien Junior Secured Debt 3,095,849","6","546","Average","17.52%"
"SRC048","68","3","Preferred Stock 6,018,697","2","342","Percentage","0.36%"
"SRC048","68","3","Preferred Stock 6,018,697","3","380","","8,028,728"
"SRC048","68","3","Preferred Stock 6,018,697","5","490","Percentage","0.48%"
"SRC048","68","4","Common Stock 8,927,211","2","342","Percentage","0.53%"
"SRC048","68","4","Common Stock 8,927,211","3","380","","11,128,137"
"SRC048","68","4","Common Stock 8,927,211","5","490","Percentage","0.66%"
"SRC048","68","5","Investment Companies 18,967,780","2","342","Percentage","1.12%"
"SRC048","68","5","Investment Companies 18,967,780","3","380","","24,355,711"
"SRC048","68","5","Investment Companies 18,967,780","5","490","Percentage","1.45%"
"SRC048","68","6","Warrants","1","267","","394,025"
"SRC048","68","6","Warrants","2","342","Percentage","0.02%"
"SRC048","68","6","Warrants","3","380","","1,703,357"
"SRC048","68","6","Warrants","5","490","Percentage","0.10%"
"SRC048","68","7","Cash and cash equivalents 52,178,854","2","342","Percentage","3.09%"
"SRC048","68","7","Cash and cash equivalents 52,178,854","3","380","","52,178,854"
"SRC048","68","7","Cash and cash equivalents 52,178,854","5","490","Percentage","3.10%"
"SRC048","68","8","Total $ 1,688,776,607","2","342","Percentage","100.00%"
"SRC048","68","8","Total $ 1,688,776,607","3","380","","1,682,528,159"
"SRC048","68","8","Total $ 1,688,776,607","5","490","Percentage","100.00%"
"SRC048","68","9","Number of portfolio companies","4","435","","161"
"SRC048","68","9","Number of portfolio companies","6","546","Average","208"
"SRC048","68","10","Percentage of debt bearing a floating rate(1)","4","435","","100%"
"SRC048","68","10","Percentage of debt bearing a floating rate(1)","6","546","Average","100%"
"SRC048","68","11","Performing $","1","267","Amortized Cost","1,802,346,415"
"SRC048","68","11","Performing $","3","380","Amortized Cost","98.39%"
"SRC048","68","11","Performing $","4","435","Fair Value","1,795,749,095"
"SRC048","68","11","Performing $","6","546","Fair Value","99.50%"
"SRC048","68","12","Non-accrual","1","267","Amortized Cost","29,405,603"
"SRC048","68","12","Non-accrual","3","380","Amortized Cost","1.61%"
"SRC048","68","12","Non-accrual","4","435","Fair Value","9,055,033"
"SRC048","68","12","Non-accrual","6","546","Fair Value","0.50%"
"SRC048","68","13","Total $","1","267","Amortized Cost","1,831,752,018"
"SRC048","68","13","Total $","3","380","Amortized Cost","100.00%"
"SRC048","68","13","Total $","4","435","Fair Value","1,804,804,128"
"SRC048","68","13","Total $","6","546","Fair Value","100%"
"SRC048","68","14","Performing $","1","267","Amortized Cost","1,580,802,069"
"SRC048","68","14","Performing $","3","380","Amortized Cost","98.66%"
"SRC048","68","14","Performing $","4","435","Fair Value","1,582,211,786"
"SRC048","68","14","Performing $","6","546","Fair Value","99.82%"
"SRC048","68","15","Non-accrual","1","267","Amortized Cost","21,487,969"
"SRC048","68","15","Non-accrual","3","380","Amortized Cost","1.34%"
"SRC048","68","15","Non-accrual","4","435","Fair Value","2,921,585"
"SRC048","68","15","Non-accrual","6","546","Fair Value","0.18%"
"SRC048","68","16","Total $","1","267","Amortized Cost","1,602,290,038"
"SRC048","68","16","Total $","3","380","Amortized Cost","100.00%"
"SRC048","68","16","Total $","4","435","Fair Value","1,585,133,371"
"SRC048","68","16","Total $","6","546","Fair Value","100%"
"SRC048","69","1","Digital Infrastructure & Services $","1","278","","323,490,755"
"SRC048","69","1","Digital Infrastructure & Services $","2","382","Percentage","17.25%"
"SRC048","69","1","Digital Infrastructure & Services $","3","443","","321,542,152"
"SRC048","69","1","Digital Infrastructure & Services $","4","547","Percentage","17.28%"
"SRC048","69","2","Healthcare","1","278","","337,463,189"
"SRC048","69","2","Healthcare","2","382","Percentage","17.99%"
"SRC048","69","2","Healthcare","3","443","","318,274,077"
"SRC048","69","2","Healthcare","4","547","Percentage","17.10%"
"SRC048","69","3","Investment Companies","1","278","","28,975,016"
"SRC048","69","3","Investment Companies","2","382","Percentage","1.54%"
"SRC048","69","3","Investment Companies","3","443","","36,322,816"
"SRC048","69","3","Investment Companies","4","547","Percentage","1.95%"
"SRC048","69","4","Software & Tech Services","1","278","","929,569,330"
"SRC048","69","4","Software & Tech Services","2","382","Percentage","49.54%"
"SRC048","69","4","Software & Tech Services","3","443","","931,073,132"
"SRC048","69","4","Software & Tech Services","4","547","Percentage","50.01%"
"SRC048","69","5","Services","1","278","","162,932,838"
"SRC048","69","5","Services","2","382","Percentage","8.68%"
"SRC048","69","5","Services","3","443","","161,760,374"
"SRC048","69","5","Services","4","547","Percentage","8.69%"
"SRC048","69","6","Consumer Non-Cyclical","1","278","","38,897,799"
"SRC048","69","6","Consumer Non-Cyclical","2","382","Percentage","2.07%"
"SRC048","69","6","Consumer Non-Cyclical","3","443","","37,339,221"
"SRC048","69","6","Consumer Non-Cyclical","4","547","Percentage","2.01%"
"SRC048","69","7","Financials","1","278","","50,274,312"
"SRC048","69","7","Financials","2","382","Percentage","2.68%"
"SRC048","69","7","Financials","3","443","","50,375,641"
"SRC048","69","7","Financials","4","547","Percentage","2.71%"
"SRC048","69","8","NAV Loan","1","278","","4,609,388"
"SRC048","69","8","NAV Loan","2","382","Percentage","0.25%"
"SRC048","69","8","NAV Loan","3","443","","4,609,049"
"SRC048","69","8","NAV Loan","4","547","Percentage","0.25%"
"SRC048","69","9","$","1","278","","1,876,212,627"
"SRC048","69","9","$","2","382","Percentage","100.00%"
"SRC048","69","9","$","3","443","","1,861,296,462"
"SRC048","69","9","$","4","547","Percentage","100.00%"
"SRC048","69","10","Business Services $","1","278","","11,879,295"
"SRC048","69","10","Business Services $","2","382","Percentage","0.73%"
"SRC048","69","10","Business Services $","3","443","","11,912,193"
"SRC048","69","10","Business Services $","4","547","Percentage","0.73%"
"SRC048","69","11","Consumer Non-Cyclical","1","278","","31,148,727"
"SRC048","69","11","Consumer Non-Cyclical","2","382","Percentage","1.90%"
"SRC048","69","11","Consumer Non-Cyclical","3","443","","29,642,280"
"SRC048","69","11","Consumer Non-Cyclical","4","547","Percentage","1.82%"
"SRC048","69","12","Digital Infrastructure & Services","1","278","","295,258,555"
"SRC048","69","12","Digital Infrastructure & Services","2","382","Percentage","18.04%"
"SRC048","69","12","Digital Infrastructure & Services","3","443","","294,907,619"
"SRC048","69","12","Digital Infrastructure & Services","4","547","Percentage","18.09%"
"SRC048","69","13","Financials","1","278","","51,958,761"
"SRC048","69","13","Financials","2","382","Percentage","3.17%"
"SRC048","69","13","Financials","3","443","","52,160,429"
"SRC048","69","13","Financials","4","547","Percentage","3.20%"
"SRC048","69","14","Software & Tech Services","1","278","","839,988,662"
"SRC048","69","14","Software & Tech Services","2","382","Percentage","51.33%"
"SRC048","69","14","Software & Tech Services","3","443","","846,266,226"
"SRC048","69","14","Software & Tech Services","4","547","Percentage","51.91%"
"SRC048","69","15","Healthcare","1","278","","278,386,614"
"SRC048","69","15","Healthcare","2","382","Percentage","17.01%"
"SRC048","69","15","Healthcare","3","443","","262,241,611"
"SRC048","69","15","Healthcare","4","547","Percentage","16.08%"
"SRC048","69","16","Investment Companies","1","278","","18,967,780"
"SRC048","69","16","Investment Companies","2","382","Percentage","1.16%"
"SRC048","69","16","Investment Companies","3","443","","24,355,711"
"SRC048","69","16","Investment Companies","4","547","Percentage","1.49%"
"SRC048","69","17","Services","1","278","","109,009,359"
"SRC048","69","17","Services","2","382","Percentage","6.66%"
"SRC048","69","17","Services","3","443","","108,863,236"
"SRC048","69","17","Services","4","547","Percentage","6.68%"
"SRC048","69","18","$","1","278","","1,636,597,753"
"SRC048","69","18","$","2","382","Percentage","100.00%"
"SRC048","69","18","$","3","443","","1,630,349,305"
"SRC048","69","18","$","4","547","Percentage","100.00%"
"SRC048","70","1","December","1","435","","31,"
"SRC048","70","1","December","2","527","","31,"
"SRC048","70","2","Total investment income $","1","435","","181,782,245"
"SRC048","70","2","Total investment income $","2","527","","173,125,161"
"SRC048","70","3","Total expenses","1","435","","124,500,078"
"SRC048","70","3","Total expenses","2","527","","119,521,563"
"SRC048","70","4","Net investment income before taxes","1","435","","57,282,167"
"SRC048","70","4","Net investment income before taxes","2","527","","53,603,598"
"SRC048","70","5","Income tax expense, including excise tax","1","435","","637,214"
"SRC048","70","5","Income tax expense, including excise tax","2","527","","359,038"
"SRC048","70","6","Net investment income after tax","1","435","","56,644,953"
"SRC048","70","6","Net investment income after tax","2","527","","53,244,560"
"SRC048","70","7","Net realized and change in unrealized appreciation (depreciation) on investments","1","435","","(3,335,268)"
"SRC048","70","7","Net realized and change in unrealized appreciation (depreciation) on investments","2","527","","14,022,427"
"SRC048","70","8","Net increase (decrease) in net assets resulting from operations","1","435","","53,309,685"
"SRC048","70","8","Net increase (decrease) in net assets resulting from operations","2","527","","67,266,987"
"SRC048","70","9","Non-Controlling Interest in ABPCIC Equity Holdings, LLC","1","435","","7,554"
"SRC048","70","9","Non-Controlling Interest in ABPCIC Equity Holdings, LLC","2","527","","1,734"
"SRC048","70","10","Credit Investors Corporation $","1","435","","53,302,131"
"SRC048","70","10","Credit Investors Corporation $","2","527","","67,265,253"
"SRC048","70","11","December","1","435","of $165,590,867","31,"
"SRC048","70","11","December","2","527","interest income,","31,"
"SRC048","70","12","Interest and borrowing expenses $","1","435","of $165,590,867","79,774,822"
"SRC048","70","12","Interest and borrowing expenses $","2","527","interest income,","79,873,478"
"SRC048","70","13","Management fees","1","435","of $165,590,867","23,925,583"
"SRC048","70","13","Management fees","2","527","interest income,","20,213,153"
"SRC048","70","14","Income-based incentive fee","1","435","of $165,590,867","14,161,116"
"SRC048","70","14","Income-based incentive fee","2","527","interest income,","13,311,149"
"SRC048","70","15","Professional fees","1","435","of $165,590,867","2,854,876"
"SRC048","70","15","Professional fees","2","527","interest income,","2,273,397"
"SRC048","70","16","Administration and custodian fees","1","435","of $165,590,867","1,395,801"
"SRC048","70","16","Administration and custodian fees","2","527","interest income,","1,323,509"
"SRC048","70","17","Insurance expenses","1","435","of $165,590,867","217,970"
"SRC048","70","17","Insurance expenses","2","527","interest income,","461,618"
"SRC048","70","18","Directors’fees","1","435","of $165,590,867","234,858"
"SRC048","70","18","Directors’fees","2","527","interest income,","244,625"
"SRC048","70","19","Transfer agent fees","1","435","of $165,590,867","166,989"
"SRC048","70","19","Transfer agent fees","2","527","interest income,","140,303"
"SRC048","70","20","Other expenses","1","435","of $165,590,867","1,768,063"
"SRC048","70","20","Other expenses","2","527","interest income,","1,680,331"
"SRC048","70","21","Total expenses","1","435","of $165,590,867","124,500,078"
"SRC048","70","21","Total expenses","2","527","interest income,","119,521,563"
"SRC048","70","22","Income tax expense, including excise tax","1","435","of $165,590,867","637,214"
"SRC048","70","22","Income tax expense, including excise tax","2","527","interest income,","359,038"
"SRC048","70","23","Net expenses $","1","435","of $165,590,867","125,137,292"
"SRC048","70","23","Net expenses $","2","527","interest income,","119,880,601"
"SRC048","70","24","Total operating expenses for the year ended December 31, 2025, increased by approximately","1","435","of $165,590,867","$5.0"
"SRC048","71","1","Interest and borrowing expenses","3","330","","31, 2025"
"SRC048","71","1","Interest and borrowing expenses","6","464","","79,774,822"
"SRC048","71","2","Fund’sdebt outstanding was 6.59% and","1","196","","8.08%"
"SRC048","71","2","Fund’sdebt outstanding was 6.59% and","4","348","","31,"
"SRC048","71","2","Fund’sdebt outstanding was 6.59% and","5","364","","2025"
"SRC048","71","2","Fund’sdebt outstanding was 6.59% and","6","464","","31, 2024,"
"SRC048","71","3","decrease in interest and borrowing expenses","4","348","","31,"
"SRC048","71","3","decrease in interest and borrowing expenses","5","364","","2025"
"SRC048","71","3","decrease in interest and borrowing expenses","7","545","","31,"
"SRC048","71","4","The gross management fee expenses","3","330","","31,"
"SRC048","71","4","The gross management fee expenses","4","348","","2025"
"SRC048","71","4","The gross management fee expenses","6","464","","2024 $23,925,583"
"SRC048","71","5","average gross assets during this period,","7","545","","31, 2025"
"SRC048","71","6","and December 31, 2024, the Adviser waived","2","295","","$0"
"SRC048","71","6","and December 31, 2024, the Adviser waived","3","330","","$0,"
"SRC048","71","7","During the year ended December","1","196","","31, 2025,"
"SRC048","71","7","During the year ended December","6","464","","$5,332,449"
"SRC048","71","8","During the year ended December","1","196","","31, 2024,"
"SRC048","71","8","During the year ended December","6","464","","$1,850,609"
"SRC048","71","9","During the year ended December","1","196","","31, 2025,"
"SRC048","71","9","During the year ended December","2","295","","$8,667,717"
"SRC048","71","10","of investments in 218 portfolio companies.","6","464","","31,"
"SRC048","71","11","from a decrease in fair value, primarily","5","364","","3"
"SRC048","71","12","During the year ended December","1","196","","31, 2024,"
"SRC048","71","12","During the year ended December","2","295","","$12,171,818"
"SRC048","71","13","$1,630,349,305 of investments in 208","7","545","","31,"
"SRC048","71","14","For the years ended December 31,","1","196","Assets","2025"
"SRC048","71","14","For the years ended December 31,","2","295","Resulting from Operations","31, 2024,"
"SRC048","71","15","$53,309,685 and $67,266,987, respectively.","7","545","","31, 2025"
"SRC048","71","16","and December 31, 2024, theFund’sper","6","464","","$0.76"
"SRC048","71","17","For the year ended December 31,","1","196","Assets","2025,"
"SRC048","71","17","For the year ended December 31,","2","295","Resulting from Operations","$53,629,189."
"SRC048","71","18","operating activities, primarily on the net","6","464","","31, 2025,"
"SRC048","71","19","For the year ended December 31,","1","196","Assets","2024,"
"SRC048","71","19","For the year ended December 31,","2","295","Resulting from Operations","$20,493,074."
"SRC048","71","20","operating activities, primarily as a result","6","464","","31, 2024,"
"SRC048","72","1","For the year ended","2","207","","2025"
"SRC048","72","1","For the year ended","3","265","","31,"
"SRC048","72","1","For the year ended","4","310","","2024,"
"SRC048","72","2","At December 31,","1","129","","2025,"
"SRC048","72","2","At December 31,","2","207","","31, 2024,"
"SRC048","72","2","At December 31,","4","310","","$105,808,043"
"SRC048","72","2","At December 31,","5","374","","$52,178,854"
"SRC048","72","3","Cash and cash equivalents","3","265","","2025,"
"SRC048","72","4","As of December","1","129","","31, 2025,"
"SRC048","72","5","contractual obligations","3","265","","$680,000,000"
"SRC048","72","5","contractual obligations","5","374","","$538,000,000."
"SRC048","72","6","The Fund has the","2","207","","200,000,000"
"SRC048","72","7","Commitments of investors","3","265","","31, 2025"
"SRC048","72","7","Commitments of investors","4","310","","$775,624,993."
"SRC048","72","7","Commitments of investors","7","458","","31, 2025,"
"SRC048","72","8","Capital Contributions","5","374","","2025 $633,690,515."
"SRC048","72","9","Consistent with","6","434","","31, 2021,"
"SRC048","72","10","with the requirements","4","310","","1940"
"SRC048","72","11","As part of the General","4","310","","2,929,637"
"SRC048","72","11","As part of the General","5","374","","3,290,040"
"SRC048","72","11","As part of the General","7","458","","$27,860,011"
"SRC048","72","12","$31,120,345 for the years","2","207","","31, 2025"
"SRC048","72","12","$31,120,345 for the years","4","310","","31, 2024,"
"SRC048","72","13","December 31, 2025 and","2","207","","2024,"
"SRC048","72","13","December 31, 2025 and","5","374","","$58,283,302"
"SRC048","72","13","December 31, 2025 and","6","434","","$53,059,145,"
"SRC048","73","1","As part of the","4","391","was amended","3,367,682"
"SRC048","73","1","As part of the","5","435","","3,018,996"
"SRC048","73","2","$32,016,022 and $28,553,580,","2","283","","31,"
"SRC048","73","2","$32,016,022 and $28,553,580,","3","299","reinvestment","2025"
"SRC048","73","2","$32,016,022 and $28,553,580,","4","391","was amended","31, 2024,"
"SRC048","73","3","Capital Commitments","5","435","2025","84,071,196"
"SRC048","73","3","Capital Commitments","6","527","2024","94,282,995"
"SRC048","73","4","Capital Commitments","5","435","2025","29,323,949"
"SRC048","73","4","Capital Commitments","6","527","2024","21,997,165"
"SRC048","73","5","Dividend reinvestments","5","435","2025","32,016,022"
"SRC048","73","5","Dividend reinvestments","6","527","2024","28,553,580"
"SRC048","73","6","Shares issued to investors","5","435","2025","3,367,682"
"SRC048","73","6","Shares issued to investors","6","527","2024","3,018,996"
"SRC048","73","7","Value of capital drawdown","5","435","2025","124,103,542"
"SRC048","73","7","Value of capital drawdown","6","527","2024","91,204,663"
"SRC048","73","8","Shares issued to investors","5","435","2025","12,935,607"
"SRC048","73","8","Shares issued to investors","6","527","2024","9,609,300"
"SRC048","73","9","Value of Shares purchased","5","435","2025","27,860,011"
"SRC048","73","9","Value of Shares purchased","6","527","2024","31,120,345"
"SRC048","73","10","Shares purchased in","5","435","2025","2,929,637"
"SRC048","73","10","Shares purchased in","6","527","2024","3,290,040"
"SRC048","73","11","On November","1","123","","15, 2017,"
"SRC048","73","12","the HSBC Credit Agreement,","6","527","2024","2019,"
"SRC048","73","13","HSBC Joinder, pursuant","3","299","","2021"
"SRC048","73","14","Agreement. As of December","4","391","","2021"
"SRC048","73","14","Agreement. As of December","6","527","2024","$42,000,000."
"SRC048","73","15","As of December","1","123","","31, 2025,"
"SRC048","73","15","As of December","3","299","","2021"
"SRC048","73","16","the terms of the 2021","2","283","","31,"
"SRC048","73","16","the terms of the 2021","3","299","","2024,"
"SRC048","73","16","the terms of the 2021","4","391","","$10,000,000"
"SRC048","73","16","the terms of the 2021","6","527","2024","2021"
"SRC048","73","17","Credit Facility. Borrowings","5","435","2025","1940"
"SRC048","73","18","On October 15,","1","123","","2020,"
"SRC048","73","19","December 31, 2025,","5","435","2025","$200,000,000."
"SRC048","77","1","exemptive relief previously granted to the Fund in August","1","271","","2018"
"SRC048","77","1","exemptive relief previously granted to the Fund in August","3","354","","2016"
"SRC048","77","2","other things, a“requiredmajority”(as defined in Section","2","316","","1940"
"SRC048","77","3","conclusions in connection with a co-investment transaction,","3","354","","(1)"
"SRC048","77","4","the Fund or theFund’sstockholders on the part of any person","3","354","","(2)"
"SRC048","77","5","indebtedness not represented by“seniorsecurities,”as defined","2","316","permitting","1940"
"SRC048","77","6","the 1940 Act to reduce the required asset coverage ratio applicable","3","354","the Fund refers to","200%"
"SRC048","77","7","persons of the BDC and who have no financial interest in","3","354","the Fund refers to","5, 2018,"
"SRC048","77","8","2018 annual meeting of stockholders. On September 26,","1","271","borrowing, equity.“Assetcoverage”generally","2018,"
"SRC048","78","1","As of December 31, 2025, and December 31,","1","247","","2024,"
"SRC048","78","1","As of December 31, 2025, and December 31,","2","426","","$1,218,000,000"
"SRC048","78","2","Pursuant to the amended SEC Rule 2a-5 of the","1","247","","1940"
"SRC048","78","3","the level within the hierarchy of information used in","2","426","","820,"
"SRC048","80","1","Down 300 basis points $","1","370","Interest Income","(51,476,459)"
"SRC048","80","1","Down 300 basis points $","3","448","Interest Expense","(36,071,288)"
"SRC048","80","1","Down 300 basis points $","4","526","Income","(15,405,171)"
"SRC048","80","2","Down 200 basis points $","1","370","Interest Income","(37,052,806)"
"SRC048","80","2","Down 200 basis points $","3","448","Interest Expense","(24,801,288)"
"SRC048","80","2","Down 200 basis points $","4","526","Income","(12,251,519)"
"SRC048","80","3","Down 100 basis points $","1","370","Interest Income","(18,546,159)"
"SRC048","80","3","Down 100 basis points $","3","448","Interest Expense","(13,531,288)"
"SRC048","80","3","Down 100 basis points $","4","526","Income","(5,014,871)"
"SRC048","80","4","Down 25 basis points $","1","370","Interest Income","(4,636,540)"
"SRC048","80","4","Down 25 basis points $","3","448","Interest Expense","(2,970,000)"
"SRC048","80","4","Down 25 basis points $","4","526","Income","(1,666,540)"
"SRC048","80","5","Up 100 basis points $","1","370","Interest Income","18,546,159"
"SRC048","80","5","Up 100 basis points $","3","448","Interest Expense","9,008,712"
"SRC048","80","5","Up 100 basis points $","4","526","Income","9,537,446"
"SRC048","80","6","Up 200 basis points $","1","370","Interest Income","37,092,317"
"SRC048","80","6","Up 200 basis points $","3","448","Interest Expense","20,278,712"
"SRC048","80","6","Up 200 basis points $","4","526","Income","16,813,605"
"SRC048","80","7","Up 300 basis points $","1","370","Interest Income","55,638,476"
"SRC048","80","7","Up 300 basis points $","3","448","Interest Expense","31,548,712"
"SRC048","80","7","Up 300 basis points $","4","526","Income","24,089,764"
"SRC048","83","1","Matthew Bass","1","182","58","47"
"SRC048","83","1","Matthew Bass","5","479","","2016"
"SRC048","83","1","Matthew Bass","6","539","","2027"
"SRC048","83","2","Terry Sebastian","1","182","58","58"
"SRC048","83","2","Terry Sebastian","5","479","","2016"
"SRC048","83","2","Terry Sebastian","6","539","","2026"
"SRC048","83","3","John G. Jordan","1","182","58","55"
"SRC048","83","3","John G. Jordan","5","479","","2016"
"SRC048","83","3","John G. Jordan","6","539","","2027"
"SRC048","83","4","Richard S. Pontin","1","182","58","72"
"SRC048","83","4","Richard S. Pontin","5","479","","2016"
"SRC048","83","4","Richard S. Pontin","6","539","","2028"
"SRC048","83","5","The address for each of theFund’sdirectors","4","436","Private Credit","405"
"SRC048","83","5","The address for each of theFund’sdirectors","6","539","","1500,"
"SRC048","83","6","Jennifer Friedland","2","282","President","51"
"SRC048","83","6","Jennifer Friedland","3","365","Chairman of AB","2021"
"SRC048","83","7","Wesley Raper","2","282","President","47"
"SRC048","83","7","Wesley Raper","3","365","Chairman of AB","2016"
"SRC048","83","8","“interestedperson”as defined in Section2(a)(19)","2","282","President","1940"
"SRC048","83","9","2024. Brent Humphries joined AB","1","182","58","2014"
"SRC048","83","10","AB CarVal Credit Opportunities Fund","4","436","Private Credit","2024."
"SRC048","83","11","investment teams, product development","3","365","Chairman of AB","2010,"
"SRC048","87","1","John G. Jordan $","1","386","","91,000"
"SRC048","87","1","John G. Jordan $","2","465","","91,000"
"SRC048","87","1","John G. Jordan $","3","540","","202,000"
"SRC048","87","2","Richard S. Pontin $","1","386","","97,500"
"SRC048","87","2","Richard S. Pontin $","2","465","","97,500"
"SRC048","87","2","Richard S. Pontin $","3","540","","204,000"
"SRC048","87","3","Terry Sebastian $","1","386","","91,000"
"SRC048","87","3","Terry Sebastian $","2","465","","91,000"
"SRC048","87","3","Terry Sebastian $","3","540","","190,000"
"SRC048","88","1","director, theFund’sexecutive officers, each person known to the Fund","3","405","","5.0%"
"SRC048","88","2","The percentage ownership is based on 78,042,219.678 Shares","3","405","","25,"
"SRC048","88","2","The percentage ownership is based on 78,042,219.678 Shares","4","425","","2026."
"SRC048","88","3","individual is c/o AB Private Credit Investors Corporation, 405 Colorado","2","376","","1500,"
"SRC048","88","3","individual is c/o AB Private Credit Investors Corporation, 405 Colorado","5","479","","78701."
"SRC048","88","4","J. Brent Humphries","5","479","","0%"
"SRC048","88","5","Matthew Bass","5","479","","0%"
"SRC048","88","6","Wesley Raper","5","479","","0%"
"SRC048","88","7","John G. Jordan","2","376","","24,220.211"
"SRC048","88","8","Richard S Pontin","5","479","","0%"
"SRC048","88","9","Terry Sebastian","2","376","","25,395.168"
"SRC048","88","10","AB Private Credit Investors Corporation","2","376","","49,615.379"
"SRC048","88","10","AB Private Credit Investors Corporation","5","479","","0%"
"SRC048","88","11","such investment will be apportioned by theAdviser’ssenior investment","4","425","by theAdviser’ssenior","(1)"
"SRC048","88","12","interest and allocation policies, (2) the requirements of the Advisers","5","479","investment would","1940"
"SRC048","89","1","Affiliated Funds if, among other things, a“requiredmajority”(as defined","3","427","","1940"
"SRC048","89","2","directors make certain conclusions in connection with a co-investment transaction,","3","427","","(1)"
"SRC048","89","3","respect of the Fund or its shareholders on the part of any person concerned,","2","357","","(2)"
"SRC048","89","4","The Fund entered into the Advisory Agreement with the Adviser on","2","357","","13,"
"SRC048","89","5","March 24, 2022 and on February 10, 2026. For the years ended December","1","331","","31,"
"SRC048","89","5","March 24, 2022 and on February 10, 2026. For the years ended December","2","357","","2025"
"SRC048","89","5","March 24, 2022 and on February 10, 2026. For the years ended December","3","427","","31, 2024,"
"SRC048","89","6","management fee of $23,925,583 and $20,213,153, respectively, of which","1","331","","$0"
"SRC048","89","6","management fee of $23,925,583 and $20,213,153, respectively, of which","2","357","","$0"
"SRC048","89","7","respectively. For the years ended December 31, 2025 and December 31,","1","331","","2024,"
"SRC048","90","1","September","1","80","","30,"
"SRC048","90","1","September","2","95","Quarters Ended","2017"
"SRC048","90","1","September","4","179","Expense Support","1,002,147"
"SRC048","90","1","September","5","248","Reimbursement Payment","1,002,147"
"SRC048","90","1","September","8","464","Eligibility Expiration","30,"
"SRC048","90","1","September","9","481","","2020"
"SRC048","90","1","September","10","552","Percentage Limit(2)","1.5%"
"SRC048","90","2","December","1","80","","31,"
"SRC048","90","2","December","2","95","Quarters Ended","2017"
"SRC048","90","2","December","4","179","Expense Support","1,027,398"
"SRC048","90","2","December","5","248","Reimbursement Payment","1,027,398"
"SRC048","90","2","December","8","464","Eligibility Expiration","31,"
"SRC048","90","2","December","9","481","","2020"
"SRC048","90","2","December","10","552","Percentage Limit(2)","1.5%"
"SRC048","90","3","March 31,","1","80","","2018"
"SRC048","90","3","March 31,","4","179","Expense Support","503,592"
"SRC048","90","3","March 31,","5","248","Reimbursement Payment","503,592"
"SRC048","90","3","March 31,","8","464","Eligibility Expiration","31, 2021"
"SRC048","90","3","March 31,","10","552","Percentage Limit(2)","1.5%"
"SRC048","90","4","June 30,","1","80","","2018"
"SRC048","90","4","June 30,","4","179","Expense Support","1,086,482"
"SRC048","90","4","June 30,","5","248","Reimbursement Payment","755,992"
"SRC048","90","4","June 30,","6","310","Expense Support","330,490"
"SRC048","90","4","June 30,","7","381","Distribution per Share(1)","4.787%"
"SRC048","90","4","June 30,","8","464","Eligibility Expiration","30, 2021"
"SRC048","90","4","June 30,","10","552","Percentage Limit(2)","1.0%"
"SRC048","90","5","September","1","80","","30,"
"SRC048","90","5","September","2","95","Quarters Ended","2018"
"SRC048","90","5","September","4","179","Expense Support","462,465"
"SRC048","90","5","September","5","248","Reimbursement Payment","462,465"
"SRC048","90","5","September","7","381","Distribution per Share(1)","4.715%"
"SRC048","90","5","September","8","464","Eligibility Expiration","30,"
"SRC048","90","5","September","9","481","","2021"
"SRC048","90","5","September","10","552","Percentage Limit(2)","1.0%"
"SRC048","90","6","December","1","80","","31,"
"SRC048","90","6","December","2","95","Quarters Ended","2018"
"SRC048","90","6","December","4","179","Expense Support","254,742"
"SRC048","90","6","December","6","310","Expense Support","254,742"
"SRC048","90","6","December","7","381","Distribution per Share(1)","6.762%"
"SRC048","90","6","December","8","464","Eligibility Expiration","31,"
"SRC048","90","6","December","9","481","","2021"
"SRC048","90","6","December","10","552","Percentage Limit(2)","1.0%"
"SRC048","90","7","March 31,","1","80","","2019"
"SRC048","90","7","March 31,","4","179","Expense Support","156,418"
"SRC048","90","7","March 31,","5","248","Reimbursement Payment","156,418"
"SRC048","90","7","March 31,","7","381","Distribution per Share(1)","5.599%"
"SRC048","90","7","March 31,","8","464","Eligibility Expiration","31, 2022"
"SRC048","90","7","March 31,","10","552","Percentage Limit(2)","1.0%"
"SRC048","90","8","June 30,","1","80","","2019"
"SRC048","90","8","June 30,","4","179","Expense Support","259,263"
"SRC048","90","8","June 30,","5","248","Reimbursement Payment","259,263"
"SRC048","90","8","June 30,","7","381","Distribution per Share(1)","6.057%"
"SRC048","90","8","June 30,","8","464","Eligibility Expiration","30, 2022"
"SRC048","90","8","June 30,","10","552","Percentage Limit(2)","1.0%"
"SRC048","90","9","September","1","80","","30,"
"SRC048","90","9","September","2","95","Quarters Ended","2019"
"SRC048","90","9","September","4","179","Expense Support","31,875"
"SRC048","90","9","September","5","248","Reimbursement Payment","31,875"
"SRC048","90","9","September","7","381","Distribution per Share(1)","5.154%"
"SRC048","90","9","September","8","464","Eligibility Expiration","30,"
"SRC048","90","9","September","9","481","","2022"
"SRC048","90","9","September","10","552","Percentage Limit(2)","1.0%"
"SRC048","90","10","December","1","80","","31,"
"SRC048","90","10","December","2","95","Quarters Ended","2019"
"SRC048","90","10","December","7","381","Distribution per Share(1)","6.423%"
"SRC048","90","10","December","8","464","Eligibility Expiration","31,"
"SRC048","90","10","December","9","481","","2022"
"SRC048","90","10","December","10","552","Percentage Limit(2)","1.0%"
"SRC048","90","11","March 31,","1","80","","2020"
"SRC048","90","11","March 31,","4","179","Expense Support","89,757"
"SRC048","90","11","March 31,","6","310","Expense Support","89,757"
"SRC048","90","11","March 31,","7","381","Distribution per Share(1)","10.17%"
"SRC048","90","11","March 31,","8","464","Eligibility Expiration","31, 2023"
"SRC048","90","11","March 31,","10","552","Percentage Limit(2)","1.0%"
"SRC048","90","12","Total","4","179","Expense Support","4,874,139"
"SRC048","90","12","Total","5","248","Reimbursement Payment","4,199,150"
"SRC048","90","12","Total","6","310","Expense Support","674,989"
"SRC048","91","1","December","1","443","PricewaterhouseCoopers Year Ended","31, 2025"
"SRC048","91","1","December","2","536","LLP(“PwC”) Fiscal Year Ended","31, 2024"
"SRC048","91","2","Audit Fees $","1","443","PricewaterhouseCoopers Year Ended","425,300"
"SRC048","91","2","Audit Fees $","2","536","LLP(“PwC”) Fiscal Year Ended","409,300"
"SRC048","91","3","Audit Related Fees","1","443","PricewaterhouseCoopers Year Ended","1,022,000"
"SRC048","91","3","Audit Related Fees","2","536","LLP(“PwC”) Fiscal Year Ended","1,022,000"
"SRC048","91","4","Tax Fees","1","443","PricewaterhouseCoopers Year Ended","43,000"
"SRC048","91","5","Total Fees $","1","443","PricewaterhouseCoopers Year Ended","1,490,300"
"SRC048","91","5","Total Fees $","2","536","LLP(“PwC”) Fiscal Year Ended","1,431,300"
"SRC048","95","1","borrowers, AB-Abbott Private Equity Investors G.P. L.P., AB-Abbott Private","3","465","","2020"
"SRC048","95","2","10.29 Eighth Amendment to Revolving Credit Agreement, dated as of March","1","381","","31, 2023,"
"SRC048","95","3","Equity Investors 2019 (Delaware) Fund L.P., AB-Abbott Private Equity","2","426","Report on Form","2020"
"SRC048","95","4","L.P., AB Private Credit Investors Corporation and AB-Abbott Private Equity","2","426","Report on Form","2022"
"SRC048","95","5","borrowers, AB-Abbott Private Equity Investors G.P. L.P., AB-Abbott Private","3","465","8-K (File No. 814-01196) filed","2020"
"SRC048","95","6","Private Credit Investors Corporation, AB-Abbott Private Equity Solutions","1","381","Investors 2020","2022"
"SRC048","95","7","Abbott Private Equity Investors 2020 G.P. L.P., AB-Abbott Private Equity","2","426","(Delaware) Fund L.P., AB-Abbott Private","2021"
"SRC048","95","8","Investors Middle Market Direct Lending G.P. L.P., AB-Abbott Private Equity","2","426","(Delaware) Fund L.P., AB-Abbott Private","2022"
"SRC048","95","9","10.31 Tenth Amendment to Revolving Credit Agreement, dated as of November","1","381","Investors 2020","15, 2023,"
"SRC048","95","10","Equity Investors 2019 (Delaware) Fund L.P., AB-Abbott Private Equity","2","426","(Delaware) Fund L.P., AB-Abbott Private","2020"
"SRC048","95","11","L.P., AB Private Credit Investors Corporation, AB-Abbott Private Equity","2","426","(Delaware) Fund L.P., AB-Abbott Private","2022"
"SRC048","95","12","AB-Abbott Private Equity Investors 2020 G.P. L.P., AB-Abbott Private","2","426","(Delaware) Fund L.P., AB-Abbott Private","2021"
"SRC048","95","13","Credit Investors Middle Market Direct Lending G.P. L.P., AB-Abbott Private","3","465","","2022"
"SRC048","95","14","10.32 Twelfth Amendment to Revolving Credit Agreement, dated as of June 6,","1","381","Investors 2020","2024,"
"SRC048","95","15","Private Equity Investors 2019 (Delaware) Fund L.P., AB-Abbott Private","2","426","(Delaware) Fund L.P., AB-Abbott Private","2020"
"SRC048","95","16","Solutions2023 (Delaware) Fund L.P. and AB-Abbott Private Equity Solutions","1","381","Investors 2020","2024"
"SRC048","95","17","AB-Abbott Private Equity Investors G.P. L.P., AB-Abbott Private Equity","2","426","(Delaware) Fund L.P., AB-Abbott Private","2020"
"SRC048","95","18","Private Equity Solutions 2022 G.P. L.P., AB-Abbott Private Equity Solutions","1","381","Investors 2020","2023"
"SRC048","95","19","Investors 2019 (Delaware) Fund L.P., AB-Abbott Private Equity Investors","1","381","Investors 2020","2020"
"SRC048","95","20","Private Credit Investors Corporation, AB-Abbott Private Equity Solutions","1","381","Investors 2020","2022"
"SRC048","95","21","Investors 2019 (Delaware) Fund L.P., AB-Abbott Private Equity Investors","1","381","Investors 2020","2020"
"SRC048","98","1","10.54 Borrower Joinder, Lender Joinder and Seventeenth Amendment","4","547","","8,"
"SRC048","98","2","2020 (Delaware) Fund L.P., AB-Abbott Private Equity Solutions","1","347","","2021"
"SRC048","98","3","AB-Abbott Private Equity Solutions 2023 (Delaware) Fund L.P.,","3","476","","2024"
"SRC048","98","4","Equity Investors 2020 G.P. L.P., AB-Abbott Private Equity Solutions","1","347","","2021"
"SRC048","98","5","Market Direct Lending G.P. L.P., AB-Abbott Private Equity Solutions","1","347","","2022"
"SRC048","98","6","Solutions 2023 G.P. L.P., AB-Abbott Private Equity Solutions 2024","4","547","","2025"
"SRC048","98","7","administrative agent for the secured parties and a lender (incorporated","3","476","","10.1"
"SRC048","98","8","10.55 Amended and Restated Credit Agreement, dated as of December","1","347","","18, 2025,"
"SRC048","98","9","10.56 Amended and Restated Master Loan Sale and Contribution Agreement,","3","476","Trust Company, as custodian","18, 2025,"
"SRC048","98","10","Exhibit 10.2 to theFund’sCurrent Report on Form 8-K (File No.","3","476","Trust Company, as custodian","23,"
"SRC048","98","11","10.57 Amended and Restated Account Control Agreement, dated as of","2","414","agent, U.S. Bank National Association","2025,"
"SRC048","98","12","Association, as securities intermediary (incorporated by reference","2","414","agent, U.S. Bank National Association","10.3"
"SRC048","98","13","10.58 Amended and Restated Collateral Management Agreement, dated","2","414","agent, U.S. Bank National Association","18, 2025,"
"SRC048","98","14","Exhibit 10.4 to theFund’sCurrent Report on Form 8-K (File No.","3","476","Trust Company, as custodian","23,"
"SRC048","98","15","10.60 Amended and Restated Retention Letter, dated as of December","1","347","administrative U.S. Bank","18, 2025,"
"SRC048","98","16","Corporation, as retention provider, and ABPCI Funding II LLC,","4","547","National","10.6"
"SRC048","98","17","theFund’sCurrent Report on Form 8-K (File No. 814-01196) filed","2","414","agent, U.S. Bank National Association","23,"
"SRC048","98","18","10.62 Third Amended and Restated Investment Advisory Agreement,","2","414","agent, U.S. Bank National Association","10, 2026,"
"SRC048","98","19","Business Conduct and Ethics of AllianceBernstein L.P.) (Incorporated","4","547","National","14.2"
"SRC048","98","20","31.1 Certification of Chief Executive Officer pursuant to Rule 13a-14","3","476","Trust Company, as custodian","1934,"
"SRC048","98","21","31.2 Certification of Chief Financial Officer pursuant to Rule 13a-14","3","476","Trust Company, as custodian","1934,"
"SRC048","100","1","Date:March","1","90","","25,"
"SRC048","100","1","Date:March","2","105","","2026"
"SRC048","100","2","Pursuant to","3","296","","1934,"
"SRC048","100","3","Date:March","1","90","","25,"
"SRC048","100","3","Date:March","2","105","","2026"
"SRC048","100","4","Date:March","1","90","","25,"
"SRC048","100","4","Date:March","2","105","","2026"
"SRC048","100","5","Date:March","1","90","","25,"
"SRC048","100","5","Date:March","2","105","","2026"
"SRC048","100","6","Date:March","1","90","","25,"
"SRC048","100","6","Date:March","2","105","","2026"
"SRC048","100","7","Date:March","1","90","","25,"
"SRC048","100","7","Date:March","2","105","","2026"
"SRC048","100","8","Date:March","1","90","","25,"
"SRC048","100","8","Date:March","2","105","","2026"
"SRC048","101","1","investments,","4","475","","31, 2025"
"SRC048","101","1","investments,","5","527","","2024,"
"SRC048","101","2","December","2","80","","31,"
"SRC048","101","2","December","3","95","","2025,"
"SRC048","101","3","consolidated","5","527","","31, 2025"
"SRC048","101","4","and","1","59","","2024,"
"SRC048","101","5","December","2","80","","31,"
"SRC048","101","5","December","3","95","","2025"
"SRC048","101","6","March","1","59","","25,"
"SRC048","101","6","March","2","80","","2026"
"SRC048","101","7","since","1","59","","2016."
"SRC048","102","1","$1,634,572,997, respectively) $ 1,860,510,569","2","531","December 31,","1,629,513,317"
"SRC048","102","2","Non-controlled affiliated investments (amortized cost of $2,030,867 and $2,024,756)","1","439","December 31,","785,893"
"SRC048","102","2","Non-controlled affiliated investments (amortized cost of $2,030,867 and $2,024,756)","2","531","December 31,","835,988"
"SRC048","102","3","Total investments, at fair value (amortized cost of $ 1,876,212,627 and $1,636,597,753) 1,861,296,462","2","531","December 31,","1,630,349,305"
"SRC048","102","4","Cash and cash equivalents 105,808,043","2","531","December 31,","52,178,854"
"SRC048","102","5","Interest receivable","1","439","December 31,","9,217,941"
"SRC048","102","5","Interest receivable","2","531","December 31,","8,578,553"
"SRC048","102","6","Receivable for investments sold","1","439","December 31,","51,593"
"SRC048","102","6","Receivable for investments sold","2","531","December 31,","25,770"
"SRC048","102","7","Receivable for fund shares","2","531","December 31,","27,000"
"SRC048","102","8","Deferred financing costs","1","439","December 31,","4,569,276"
"SRC048","102","8","Deferred financing costs","2","531","December 31,","2,835,743"
"SRC048","102","9","Total assets $ 1,980,943,315","2","531","December 31,","1,693,995,225"
"SRC048","102","10","and debt issuance costs of $2,359,715 and $2,250,921, respectively) $ 535,640,285","2","531","December 31,","544,145,969"
"SRC048","102","11","Credit facility payable 680,000,000","2","531","December 31,","502,250,000"
"SRC048","102","12","Interest and borrowing expenses payable","1","439","December 31,","9,210,053"
"SRC048","102","12","Interest and borrowing expenses payable","2","531","December 31,","11,991,564"
"SRC048","102","13","Payable for fund shares repurchased","1","439","December 31,","5,108,699"
"SRC048","102","13","Payable for fund shares repurchased","2","531","December 31,","7,838,223"
"SRC048","102","14","Distribution payable","1","439","December 31,","7,261,023"
"SRC048","102","14","Distribution payable","2","531","December 31,","6,097,343"
"SRC048","102","15","Incentive fee payable","1","439","December 31,","3,598,459"
"SRC048","102","15","Incentive fee payable","2","531","December 31,","3,352,536"
"SRC048","102","16","Management fees payable","1","439","December 31,","6,362,763"
"SRC048","102","16","Management fees payable","2","531","December 31,","5,451,281"
"SRC048","102","17","Professional fees payable","1","439","December 31,","711,194"
"SRC048","102","17","Professional fees payable","2","531","December 31,","574,434"
"SRC048","102","18","Administrator and custodian fees payable","1","439","December 31,","1,389,396"
"SRC048","102","18","Administrator and custodian fees payable","2","531","December 31,","765,843"
"SRC048","102","19","Payable to Adviser","1","439","December 31,","909,726"
"SRC048","102","19","Payable to Adviser","2","531","December 31,","1,191,952"
"SRC048","102","20","Accrued expenses and other liabilities","1","439","December 31,","30,312"
"SRC048","102","20","Accrued expenses and other liabilities","2","531","December 31,","107,033"
"SRC048","102","21","Accrued tax liability","1","439","December 31,","318,578"
"SRC048","102","21","Accrued tax liability","2","531","December 31,","288,433"
"SRC048","102","22","Payable for investments purchased","1","439","December 31,","9,284"
"SRC048","102","22","Payable for investments purchased","2","531","December 31,","6,568"
"SRC048","102","23","Transfer agent fees payable","1","439","December 31,","44,812"
"SRC048","102","23","Transfer agent fees payable","2","531","December 31,","37,384"
"SRC048","102","24","Secured borrowings","2","531","December 31,","2,845,117"
"SRC048","102","25","Total liabilities $ 1,250,594,584","2","531","December 31,","1,086,943,680"
"SRC048","102","26","and December 31, 2024, respectively)","1","439","December 31,","770,766"
"SRC048","102","26","and December 31, 2024, respectively)","2","531","December 31,","637,030"
"SRC048","102","27","Paid-in capital in excess of par value 743,824,152","2","531","December 31,","612,231,039"
"SRC048","102","28","Distributable earnings (accumulated loss) (14,327,405)","2","531","December 31,","(5,878,938)"
"SRC048","102","29","Total net assets of AB Private Credit Investors Corporation $ 730,267,513","2","531","December 31,","606,989,131"
"SRC048","102","30","Non-Controlling Interest in ABPCIC Equity Holdings, LLC","1","439","December 31,","81,218"
"SRC048","102","30","Non-Controlling Interest in ABPCIC Equity Holdings, LLC","2","531","December 31,","62,414"
"SRC048","102","31","Total net assets $ 730,348,731","2","531","December 31,","607,051,545"
"SRC048","102","32","Total liabilities and net assets $ 1,980,943,315","2","531","December 31,","1,693,995,225"
"SRC048","102","33","Net asset value per share of AB Private Credit Investors Corporation $","1","439","December 31,","9.47"
"SRC048","102","33","Net asset value per share of AB Private Credit Investors Corporation $","2","531","December 31,","9.53"
"SRC048","103","1","Interest income, net of amortization/accretion $ 175,147,668","2","453","2024","165,590,867"
"SRC048","103","1","Interest income, net of amortization/accretion $ 175,147,668","3","531","2023","143,183,230"
"SRC048","103","2","Payment-in-kind interest","1","374","2025","5,512,013"
"SRC048","103","2","Payment-in-kind interest","2","453","2024","6,745,453"
"SRC048","103","2","Payment-in-kind interest","3","531","2023","4,764,325"
"SRC048","103","3","Dividend income","1","374","2025","1,122,564"
"SRC048","103","3","Dividend income","2","453","2024","788,841"
"SRC048","103","3","Dividend income","3","531","2023","1,084,626"
"SRC048","103","4","Total investment income 181,782,245","2","453","2024","173,125,161"
"SRC048","103","4","Total investment income 181,782,245","3","531","2023","149,032,181"
"SRC048","103","5","Interest and borrowing expenses","1","374","2025","79,774,822"
"SRC048","103","5","Interest and borrowing expenses","2","453","2024","79,873,478"
"SRC048","103","5","Interest and borrowing expenses","3","531","2023","66,672,590"
"SRC048","103","6","Management fees","1","374","2025","23,925,583"
"SRC048","103","6","Management fees","2","453","2024","20,213,153"
"SRC048","103","6","Management fees","3","531","2023","16,898,965"
"SRC048","103","7","Income-based incentive fee","1","374","2025","14,161,116"
"SRC048","103","7","Income-based incentive fee","2","453","2024","13,311,149"
"SRC048","103","7","Income-based incentive fee","3","531","2023","11,850,031"
"SRC048","103","8","Professional fees","1","374","2025","2,854,876"
"SRC048","103","8","Professional fees","2","453","2024","2,273,397"
"SRC048","103","8","Professional fees","3","531","2023","2,242,058"
"SRC048","103","9","Administration and custodian fees","1","374","2025","1,395,801"
"SRC048","103","9","Administration and custodian fees","2","453","2024","1,323,509"
"SRC048","103","9","Administration and custodian fees","3","531","2023","1,231,987"
"SRC048","103","10","Insurance expenses","1","374","2025","217,970"
"SRC048","103","10","Insurance expenses","2","453","2024","461,618"
"SRC048","103","10","Insurance expenses","3","531","2023","327,680"
"SRC048","103","11","Directors’fees","1","374","2025","234,858"
"SRC048","103","11","Directors’fees","2","453","2024","244,625"
"SRC048","103","11","Directors’fees","3","531","2023","279,500"
"SRC048","103","12","Transfer agent fees","1","374","2025","166,989"
"SRC048","103","12","Transfer agent fees","2","453","2024","140,303"
"SRC048","103","12","Transfer agent fees","3","531","2023","143,797"
"SRC048","103","13","Other expenses","1","374","2025","1,768,063"
"SRC048","103","13","Other expenses","2","453","2024","1,680,331"
"SRC048","103","13","Other expenses","3","531","2023","1,462,061"
"SRC048","103","14","Total expenses 124,500,078","2","453","2024","119,521,563"
"SRC048","103","14","Total expenses 124,500,078","3","531","2023","101,108,669"
"SRC048","103","15","Net investment income before taxes","1","374","2025","57,282,167"
"SRC048","103","15","Net investment income before taxes","2","453","2024","53,603,598"
"SRC048","103","15","Net investment income before taxes","3","531","2023","47,923,512"
"SRC048","103","16","Income tax expense, including excise tax","1","374","2025","637,214"
"SRC048","103","16","Income tax expense, including excise tax","2","453","2024","359,038"
"SRC048","103","16","Income tax expense, including excise tax","3","531","2023","523,389"
"SRC048","103","17","Net investment income after tax","1","374","2025","56,644,953"
"SRC048","103","17","Net investment income after tax","2","453","2024","53,244,560"
"SRC048","103","17","Net investment income after tax","3","531","2023","47,400,123"
"SRC048","103","18","Non-controlled/non-affiliated investments","1","374","2025","5,332,449"
"SRC048","103","18","Non-controlled/non-affiliated investments","2","453","2024","1,850,609"
"SRC048","103","18","Non-controlled/non-affiliated investments","3","531","2023","(3,700,122)"
"SRC048","103","19","Controlled affiliated investments","3","531","2023","307,140"
"SRC048","103","20","Non-controlled/non-affiliated investments","1","374","2025","(8,611,511)"
"SRC048","103","20","Non-controlled/non-affiliated investments","2","453","2024","11,791,070"
"SRC048","103","20","Non-controlled/non-affiliated investments","3","531","2023","5,458,755"
"SRC048","103","21","Non-controlled affiliated investments","1","374","2025","(56,206)"
"SRC048","103","21","Non-controlled affiliated investments","2","453","2024","380,748"
"SRC048","103","21","Non-controlled affiliated investments","3","531","2023","8,985"
"SRC048","103","22","Controlled affiliated investments","3","531","2023","(173,837)"
"SRC048","103","23","transactions","1","374","2025","(3,335,268)"
"SRC048","103","23","transactions","2","453","2024","14,022,427"
"SRC048","103","23","transactions","3","531","2023","1,900,921"
"SRC048","103","24","Net increase in net assets resulting from operations","1","374","2025","53,309,685"
"SRC048","103","24","Net increase in net assets resulting from operations","2","453","2024","67,266,987"
"SRC048","103","24","Net increase in net assets resulting from operations","3","531","2023","49,301,044"
"SRC048","103","25","to Non-Controlling Interest in ABPCIC Equity Holdings, LLC $","1","374","2025","7,554"
"SRC048","103","25","to Non-Controlling Interest in ABPCIC Equity Holdings, LLC $","2","453","2024","1,734"
"SRC048","103","25","to Non-Controlling Interest in ABPCIC Equity Holdings, LLC $","3","531","2023","4,345"
"SRC048","103","26","Credit Investors Corporation","1","374","2025","53,302,131"
"SRC048","103","26","Credit Investors Corporation","2","453","2024","67,265,253"
"SRC048","103","26","Credit Investors Corporation","3","531","2023","49,296,699"
"SRC048","103","27","Net investment income per share (basic and diluted): $","1","374","2025","0.81"
"SRC048","103","27","Net investment income per share (basic and diluted): $","2","453","2024","0.90"
"SRC048","103","27","Net investment income per share (basic and diluted): $","3","531","2023","0.91"
"SRC048","103","28","Earnings per share (basic and diluted): $","1","374","2025","0.76"
"SRC048","103","28","Earnings per share (basic and diluted): $","2","453","2024","1.14"
"SRC048","103","28","Earnings per share (basic and diluted): $","3","531","2023","0.94"
"SRC048","103","29","Weighted average shares outstanding:","1","374","2025","69,906,266"
"SRC048","103","29","Weighted average shares outstanding:","2","453","2024","59,099,675"
"SRC048","103","29","Weighted average shares outstanding:","3","531","2023","52,318,840"
"SRC048","104","1","Net assets at December 31, 2024","1","220","Shares","63,702,963"
"SRC048","104","1","Net assets at December 31, 2024","2","291","Par Amount","637,030"
"SRC048","104","1","Net assets at December 31, 2024","3","339","Capital in Excess of Par","612,231,039"
"SRC048","104","1","Net assets at December 31, 2024","4","409","Distributable Earnings","(5,878,938)"
"SRC048","104","1","Net assets at December 31, 2024","5","483","Holdings, LLC","62,414"
"SRC048","104","1","Net assets at December 31, 2024","6","529","Total Net Assets","607,051,545"
"SRC048","104","2","Net investment income","4","409","Distributable Earnings","56,647,113"
"SRC048","104","2","Net investment income","5","483","Holdings, LLC","(2,160)"
"SRC048","104","2","Net investment income","6","529","Total Net Assets","56,644,953"
"SRC048","104","3","Net realized gain (loss) on investments","4","409","Distributable Earnings","5,322,039"
"SRC048","104","3","Net realized gain (loss) on investments","5","483","Holdings, LLC","10,410"
"SRC048","104","3","Net realized gain (loss) on investments","6","529","Total Net Assets","5,332,449"
"SRC048","104","4","(depreciation) on investments","4","409","Distributable Earnings","(8,667,021)"
"SRC048","104","4","(depreciation) on investments","5","483","Holdings, LLC","(696)"
"SRC048","104","4","(depreciation) on investments","6","529","Total Net Assets","(8,667,717)"
"SRC048","104","5","Issuance of common stock","1","220","Shares","12,935,607"
"SRC048","104","5","Issuance of common stock","2","291","Par Amount","129,356"
"SRC048","104","5","Issuance of common stock","3","339","Capital in Excess of Par","123,974,186"
"SRC048","104","5","Issuance of common stock","6","529","Total Net Assets","124,103,542"
"SRC048","104","6","ABPCIC Equity Holdings, LLC","5","483","Holdings, LLC","11,250"
"SRC048","104","6","ABPCIC Equity Holdings, LLC","6","529","Total Net Assets","11,250"
"SRC048","104","7","distribution reinvestment plan","1","220","Shares","3,367,682"
"SRC048","104","7","distribution reinvestment plan","2","291","Par Amount","33,676"
"SRC048","104","7","distribution reinvestment plan","3","339","Capital in Excess of Par","31,982,346"
"SRC048","104","7","distribution reinvestment plan","6","529","Total Net Assets","32,016,022"
"SRC048","104","8","Repurchase of common stock","1","220","Shares","(2,929,637)"
"SRC048","104","8","Repurchase of common stock","2","291","Par Amount","(29,296)"
"SRC048","104","8","Repurchase of common stock","3","339","Capital in Excess of Par","(27,830,715)"
"SRC048","104","8","Repurchase of common stock","6","529","Total Net Assets","(27,860,011)"
"SRC048","104","9","Distributions to stockholders","4","409","Distributable Earnings","(58,283,302)"
"SRC048","104","9","Distributions to stockholders","6","529","Total Net Assets","(58,283,302)"
"SRC048","104","10","December 31, 2025","1","220","Shares","13,373,652"
"SRC048","104","10","December 31, 2025","2","291","Par Amount","133,736"
"SRC048","104","10","December 31, 2025","3","339","Capital in Excess of Par","128,125,817"
"SRC048","104","10","December 31, 2025","4","409","Distributable Earnings","(4,981,171)"
"SRC048","104","10","December 31, 2025","5","483","Holdings, LLC","18,804"
"SRC048","104","10","December 31, 2025","6","529","Total Net Assets","123,297,186"
"SRC048","104","11","accordance with GAAP","3","339","Capital in Excess of Par","3,467,296"
"SRC048","104","11","accordance with GAAP","4","409","Distributable Earnings","(3,467,296)"
"SRC048","104","12","Net assets at December 31, 2025","1","220","Shares","77,076,615"
"SRC048","104","12","Net assets at December 31, 2025","2","291","Par Amount","770,766"
"SRC048","104","12","Net assets at December 31, 2025","3","339","Capital in Excess of Par","743,824,152"
"SRC048","104","12","Net assets at December 31, 2025","4","409","Distributable Earnings","(14,327,405)"
"SRC048","104","12","Net assets at December 31, 2025","5","483","Holdings, LLC","81,218"
"SRC048","104","12","Net assets at December 31, 2025","6","529","Total Net Assets","730,348,731"
"SRC048","104","13","Distributions declared per share","4","409","Distributable Earnings","0.81"
"SRC048","105","1","Net assets at December 31, 2023","1","223","Shares","54,364,707"
"SRC048","105","1","Net assets at December 31, 2023","2","294","Par Amount","543,647"
"SRC048","105","1","Net assets at December 31, 2023","3","344","Capital in Excess of Par","524,279,891"
"SRC048","105","1","Net assets at December 31, 2023","4","407","Distributable Earnings","(20,678,340)"
"SRC048","105","1","Net assets at December 31, 2023","5","488","Holdings, LLC","52,047"
"SRC048","105","1","Net assets at December 31, 2023","6","529","","504,197,245"
"SRC048","105","2","Net investment income","4","407","Distributable Earnings","53,244,791"
"SRC048","105","2","Net investment income","5","488","Holdings, LLC","(231)"
"SRC048","105","2","Net investment income","6","529","","53,244,560"
"SRC048","105","3","Net realized gain (loss) on investments","4","407","Distributable Earnings","1,850,536"
"SRC048","105","3","Net realized gain (loss) on investments","5","488","Holdings, LLC","73"
"SRC048","105","3","Net realized gain (loss) on investments","6","529","","1,850,609"
"SRC048","105","4","(depreciation) on investments","4","407","Distributable Earnings","12,169,853"
"SRC048","105","4","(depreciation) on investments","5","488","Holdings, LLC","1,965"
"SRC048","105","4","(depreciation) on investments","6","529","","12,171,818"
"SRC048","105","5","Issuance of common stock","1","223","Shares","9,609,300"
"SRC048","105","5","Issuance of common stock","2","294","Par Amount","96,093"
"SRC048","105","5","Issuance of common stock","3","344","Capital in Excess of Par","91,108,570"
"SRC048","105","5","Issuance of common stock","6","529","","91,204,663"
"SRC048","105","6","ABPCIC Equity Holdings, LLC","5","488","Holdings, LLC","8,560"
"SRC048","105","6","ABPCIC Equity Holdings, LLC","7","553","Total Net Assets","8,560"
"SRC048","105","7","distribution reinvestment plan","1","223","Shares","3,018,996"
"SRC048","105","7","distribution reinvestment plan","2","294","Par Amount","30,190"
"SRC048","105","7","distribution reinvestment plan","3","344","Capital in Excess of Par","28,523,390"
"SRC048","105","7","distribution reinvestment plan","6","529","","28,553,580"
"SRC048","105","8","Repurchase of common stock","1","223","Shares","(3,290,040)"
"SRC048","105","8","Repurchase of common stock","2","294","Par Amount","(32,900)"
"SRC048","105","8","Repurchase of common stock","3","344","Capital in Excess of Par","(31,087,445)"
"SRC048","105","8","Repurchase of common stock","6","529","","(31,120,345)"
"SRC048","105","9","Distributions to stockholders","4","407","Distributable Earnings","(53,059,145)"
"SRC048","105","9","Distributions to stockholders","6","529","","(53,059,145)"
"SRC048","105","10","December 31, 2024","1","223","Shares","9,338,256"
"SRC048","105","10","December 31, 2024","2","294","Par Amount","93,383"
"SRC048","105","10","December 31, 2024","3","344","Capital in Excess of Par","88,544,515"
"SRC048","105","10","December 31, 2024","4","407","Distributable Earnings","14,206,035"
"SRC048","105","10","December 31, 2024","5","488","Holdings, LLC","10,367"
"SRC048","105","10","December 31, 2024","6","529","","102,854,300"
"SRC048","105","11","accordance with GAAP","3","344","Capital in Excess of Par","(593,367)"
"SRC048","105","11","accordance with GAAP","4","407","Distributable Earnings","593,367"
"SRC048","105","12","Net assets at December 31, 2024","1","223","Shares","63,702,963"
"SRC048","105","12","Net assets at December 31, 2024","2","294","Par Amount","637,030"
"SRC048","105","12","Net assets at December 31, 2024","3","344","Capital in Excess of Par","612,231,039"
"SRC048","105","12","Net assets at December 31, 2024","4","407","Distributable Earnings","(5,878,938)"
"SRC048","105","12","Net assets at December 31, 2024","5","488","Holdings, LLC","62,414"
"SRC048","105","12","Net assets at December 31, 2024","6","529","","607,051,545"
"SRC048","105","13","Distributions declared per share","4","407","Distributable Earnings","0.88"
"SRC048","105","13","Distributions declared per share","7","553","Total Net Assets","0.88"
"SRC048","106","1","Net assets at December 31, 2022","1","223","Shares","50,228,088"
"SRC048","106","1","Net assets at December 31, 2022","2","294","Par Amount","502,281"
"SRC048","106","1","Net assets at December 31, 2022","3","342","Capital in Excess of Par","485,940,938"
"SRC048","106","1","Net assets at December 31, 2022","4","409","Distributable Earnings","(29,599,112)"
"SRC048","106","1","Net assets at December 31, 2022","5","483","Holdings, LLC","34,386"
"SRC048","106","1","Net assets at December 31, 2022","6","531","Total Net Assets","456,878,493"
"SRC048","106","2","Net investment income","4","409","Distributable Earnings","47,401,308"
"SRC048","106","2","Net investment income","5","483","Holdings, LLC","(1,185)"
"SRC048","106","2","Net investment income","6","531","Total Net Assets","47,400,123"
"SRC048","106","3","Net realized gain (loss) on investments","4","409","Distributable Earnings","(3,392,982)"
"SRC048","106","3","Net realized gain (loss) on investments","6","531","Total Net Assets","(3,392,982)"
"SRC048","106","4","(depreciation) on investments","4","409","Distributable Earnings","5,288,373"
"SRC048","106","4","(depreciation) on investments","5","483","Holdings, LLC","5,530"
"SRC048","106","4","(depreciation) on investments","6","531","Total Net Assets","5,293,903"
"SRC048","106","5","Issuance of common stock","1","223","Shares","4,343,036"
"SRC048","106","5","Issuance of common stock","2","294","Par Amount","43,431"
"SRC048","106","5","Issuance of common stock","3","342","Capital in Excess of Par","40,210,731"
"SRC048","106","5","Issuance of common stock","6","531","Total Net Assets","40,254,162"
"SRC048","106","6","ABPCIC Equity Holdings, LLC","5","483","Holdings, LLC","13,316"
"SRC048","106","6","ABPCIC Equity Holdings, LLC","6","531","Total Net Assets","13,316"
"SRC048","106","7","distribution reinvestment plan","1","223","Shares","2,319,546"
"SRC048","106","7","distribution reinvestment plan","2","294","Par Amount","23,195"
"SRC048","106","7","distribution reinvestment plan","3","342","Capital in Excess of Par","21,437,502"
"SRC048","106","7","distribution reinvestment plan","6","531","Total Net Assets","21,460,697"
"SRC048","106","8","Repurchase of common stock","1","223","Shares","(2,525,963)"
"SRC048","106","8","Repurchase of common stock","2","294","Par Amount","(25,260)"
"SRC048","106","8","Repurchase of common stock","3","342","Capital in Excess of Par","(23,378,509)"
"SRC048","106","8","Repurchase of common stock","6","531","Total Net Assets","(23,403,769)"
"SRC048","106","9","Distributions to stockholders","4","409","Distributable Earnings","(40,306,698)"
"SRC048","106","9","Distributions to stockholders","6","531","Total Net Assets","(40,306,698)"
"SRC048","106","10","December 31, 2023","1","223","Shares","4,136,619"
"SRC048","106","10","December 31, 2023","2","294","Par Amount","41,366"
"SRC048","106","10","December 31, 2023","3","342","Capital in Excess of Par","38,269,724"
"SRC048","106","10","December 31, 2023","4","409","Distributable Earnings","8,990,001"
"SRC048","106","10","December 31, 2023","5","483","Holdings, LLC","17,661"
"SRC048","106","10","December 31, 2023","6","531","Total Net Assets","47,318,752"
"SRC048","106","11","accordance with GAAP","3","342","Capital in Excess of Par","69,229"
"SRC048","106","11","accordance with GAAP","4","409","Distributable Earnings","(69,229)"
"SRC048","106","12","Net assets at December 31, 2023","1","223","Shares","54,364,707"
"SRC048","106","12","Net assets at December 31, 2023","2","294","Par Amount","543,647"
"SRC048","106","12","Net assets at December 31, 2023","3","342","Capital in Excess of Par","524,279,891"
"SRC048","106","12","Net assets at December 31, 2023","4","409","Distributable Earnings","(20,678,340)"
"SRC048","106","12","Net assets at December 31, 2023","5","483","Holdings, LLC","52,047"
"SRC048","106","12","Net assets at December 31, 2023","6","531","Total Net Assets","504,197,245"
"SRC048","106","13","Distributions declared per share","4","409","Distributable Earnings","0.77"
"SRC048","106","13","Distributions declared per share","6","531","Total Net Assets","0.77"
"SRC048","107","1","Purchases of investments (532,977,680)","2","454","ended December 31,","(516,457,752)"
"SRC048","107","1","Purchases of investments (532,977,680)","3","532","ended December 31,","(334,930,745)"
"SRC048","107","2","Payment-in-kind interest capitalized","1","376","ended December 31,","(5,743,670)"
"SRC048","107","2","Payment-in-kind interest capitalized","2","454","ended December 31,","(6,745,453)"
"SRC048","107","2","Payment-in-kind interest capitalized","3","532","ended December 31,","(4,764,325)"
"SRC048","107","3","Proceeds from sales of investments and principal repayments","1","376","ended December 31,","312,700,881"
"SRC048","107","3","Proceeds from sales of investments and principal repayments","2","454","ended December 31,","224,637,938"
"SRC048","107","3","Proceeds from sales of investments and principal repayments","3","532","ended December 31,","159,068,033"
"SRC048","107","4","Net realized (gain) loss on investments","1","376","ended December 31,","(5,332,449)"
"SRC048","107","4","Net realized (gain) loss on investments","2","454","ended December 31,","(1,850,609)"
"SRC048","107","4","Net realized (gain) loss on investments","3","532","ended December 31,","3,392,982"
"SRC048","107","5","Net change in unrealized (appreciation) depreciation on investments","1","376","ended December 31,","8,667,717"
"SRC048","107","5","Net change in unrealized (appreciation) depreciation on investments","2","454","ended December 31,","(12,171,818)"
"SRC048","107","5","Net change in unrealized (appreciation) depreciation on investments","3","532","ended December 31,","(5,293,903)"
"SRC048","107","6","Amortization of premium and accretion of discount, net","1","376","ended December 31,","(8,261,956)"
"SRC048","107","6","Amortization of premium and accretion of discount, net","2","454","ended December 31,","(6,641,027)"
"SRC048","107","6","Amortization of premium and accretion of discount, net","3","532","ended December 31,","(6,075,530)"
"SRC048","107","7","Amortization of discount, debt issuance and deferred financing costs","1","376","ended December 31,","5,853,397"
"SRC048","107","7","Amortization of discount, debt issuance and deferred financing costs","2","454","ended December 31,","3,978,731"
"SRC048","107","7","Amortization of discount, debt issuance and deferred financing costs","3","532","ended December 31,","3,851,415"
"SRC048","107","8","(Increase) decrease in receivable for investments sold","1","376","ended December 31,","(25,823)"
"SRC048","107","8","(Increase) decrease in receivable for investments sold","2","454","ended December 31,","21,357"
"SRC048","107","8","(Increase) decrease in receivable for investments sold","3","532","ended December 31,","6,381,582"
"SRC048","107","9","(Increase) decrease in interest receivable","1","376","ended December 31,","(639,388)"
"SRC048","107","9","(Increase) decrease in interest receivable","2","454","ended December 31,","(133,534)"
"SRC048","107","9","(Increase) decrease in interest receivable","3","532","ended December 31,","1,350,002"
"SRC048","107","10","(Increase) decrease in prepaid expenses","3","532","ended December 31,","226,644"
"SRC048","107","11","Increase (decrease) in payable for investments purchased","1","376","ended December 31,","2,716"
"SRC048","107","11","Increase (decrease) in payable for investments purchased","2","454","ended December 31,","6,568"
"SRC048","107","11","Increase (decrease) in payable for investments purchased","3","532","ended December 31,","(1,990,087)"
"SRC048","107","12","Increase (decrease) in management fees payable","1","376","ended December 31,","911,482"
"SRC048","107","12","Increase (decrease) in management fees payable","2","454","ended December 31,","971,746"
"SRC048","107","12","Increase (decrease) in management fees payable","3","532","ended December 31,","701,412"
"SRC048","107","13","Increase (decrease) in payable to Adviser","1","376","ended December 31,","(282,226)"
"SRC048","107","13","Increase (decrease) in payable to Adviser","2","454","ended December 31,","33,676"
"SRC048","107","13","Increase (decrease) in payable to Adviser","3","532","ended December 31,","(188,934)"
"SRC048","107","14","Increase (decrease) in administrator and custodian fees payable","1","376","ended December 31,","623,553"
"SRC048","107","14","Increase (decrease) in administrator and custodian fees payable","2","454","ended December 31,","(66,333)"
"SRC048","107","14","Increase (decrease) in administrator and custodian fees payable","3","532","ended December 31,","106,706"
"SRC048","107","15","Increase (decrease) in professional fees payable","1","376","ended December 31,","136,760"
"SRC048","107","15","Increase (decrease) in professional fees payable","2","454","ended December 31,","78,145"
"SRC048","107","15","Increase (decrease) in professional fees payable","3","532","ended December 31,","(98,066)"
"SRC048","107","16","Increase (decrease) in accrued expenses and other liabilities","1","376","ended December 31,","(76,721)"
"SRC048","107","16","Increase (decrease) in accrued expenses and other liabilities","2","454","ended December 31,","107,033"
"SRC048","107","17","Increase (decrease) in accrued tax liability","1","376","ended December 31,","30,145"
"SRC048","107","17","Increase (decrease) in accrued tax liability","2","454","ended December 31,","47,238"
"SRC048","107","17","Increase (decrease) in accrued tax liability","3","532","ended December 31,","(1,062,723)"
"SRC048","107","18","Increase (decrease) in incentive fee payable","1","376","ended December 31,","245,923"
"SRC048","107","18","Increase (decrease) in incentive fee payable","2","454","ended December 31,","(16,596)"
"SRC048","107","18","Increase (decrease) in incentive fee payable","3","532","ended December 31,","834,197"
"SRC048","107","19","Increase (decrease) in transfer agent fees payable","1","376","ended December 31,","7,428"
"SRC048","107","19","Increase (decrease) in transfer agent fees payable","2","454","ended December 31,","2,003"
"SRC048","107","19","Increase (decrease) in transfer agent fees payable","3","532","ended December 31,","1,157"
"SRC048","107","20","Increase (decrease) in interest and borrowing expenses payable","1","376","ended December 31,","(2,781,511)"
"SRC048","107","20","Increase (decrease) in interest and borrowing expenses payable","2","454","ended December 31,","(787,772)"
"SRC048","107","20","Increase (decrease) in interest and borrowing expenses payable","3","532","ended December 31,","4,468,198"
"SRC048","107","21","Net cash provided by (used for) operating activities (173,631,737)","2","454","ended December 31,","(247,719,472)"
"SRC048","107","21","Net cash provided by (used for) operating activities (173,631,737)","3","532","ended December 31,","(124,720,941)"
"SRC048","107","22","Issuance of common stock","1","376","ended December 31,","124,130,542"
"SRC048","107","22","Issuance of common stock","2","454","ended December 31,","91,195,663"
"SRC048","107","22","Issuance of common stock","3","532","ended December 31,","43,070,188"
"SRC048","107","23","Contribution of Non-Controlling Interest into ABPCIC Equity Holdings, LLC","1","376","ended December 31,","11,250"
"SRC048","107","23","Contribution of Non-Controlling Interest into ABPCIC Equity Holdings, LLC","2","454","ended December 31,","8,560"
"SRC048","107","23","Contribution of Non-Controlling Interest into ABPCIC Equity Holdings, LLC","3","532","ended December 31,","13,316"
"SRC048","107","24","Repurchase of common stock","1","376","ended December 31,","(30,589,535)"
"SRC048","107","24","Repurchase of common stock","2","454","ended December 31,","(28,212,362)"
"SRC048","107","24","Repurchase of common stock","3","532","ended December 31,","(24,777,778)"
"SRC048","107","25","Distributions paid","1","376","ended December 31,","(25,103,600)"
"SRC048","107","25","Distributions paid","2","454","ended December 31,","(24,149,131)"
"SRC048","107","25","Distributions paid","3","532","ended December 31,","(22,014,147)"
"SRC048","107","26","Financing costs paid","1","376","ended December 31,","(7,342,614)"
"SRC048","107","26","Financing costs paid","2","454","ended December 31,","(2,885,832)"
"SRC048","107","26","Financing costs paid","3","532","ended December 31,","(7,593,036)"
"SRC048","107","27","Borrowings on notes","1","376","ended December 31,","163,000,000"
"SRC048","107","27","Borrowings on notes","3","532","ended December 31,","300,000,000"
"SRC048","107","28","Borrowings on credit facility","1","376","ended December 31,","860,750,000"
"SRC048","107","28","Borrowings on credit facility","2","454","ended December 31,","424,500,000"
"SRC048","107","28","Borrowings on credit facility","3","532","ended December 31,","349,500,000"
"SRC048","107","29","Repayments of credit facility (683,000,000)","2","454","ended December 31,","(233,750,000)"
"SRC048","107","29","Repayments of credit facility (683,000,000)","3","532","ended December 31,","(486,000,000)"
"SRC048","107","30","Proceeds on secured borrowings","2","454","ended December 31,","45,680,611"
"SRC048","107","30","Proceeds on secured borrowings","3","532","ended December 31,","11,215,495"
"SRC048","107","31","Repayments on secured borrowings","1","376","ended December 31,","(2,845,117)"
"SRC048","107","31","Repayments on secured borrowings","2","454","ended December 31,","(45,161,111)"
"SRC048","107","31","Repayments on secured borrowings","3","532","ended December 31,","(14,807,154)"
"SRC048","107","32","Net cash provided by (used for) financing activities","1","376","ended December 31,","227,260,926"
"SRC048","107","32","Net cash provided by (used for) financing activities","2","454","ended December 31,","227,226,398"
"SRC048","107","32","Net cash provided by (used for) financing activities","3","532","ended December 31,","148,606,884"
"SRC048","107","33","Net increase (decrease) in cash","1","376","ended December 31,","53,629,189"
"SRC048","107","33","Net increase (decrease) in cash","2","454","ended December 31,","(20,493,074)"
"SRC048","107","33","Net increase (decrease) in cash","3","532","ended December 31,","23,885,943"
"SRC048","107","34","Cash and cash equivalents, beginning of period","1","376","ended December 31,","52,178,854"
"SRC048","107","34","Cash and cash equivalents, beginning of period","2","454","ended December 31,","72,671,928"
"SRC048","107","34","Cash and cash equivalents, beginning of period","3","532","ended December 31,","48,785,985"
"SRC048","107","35","Cash and cash equivalents, end of period $","1","376","ended December 31,","105,808,043"
"SRC048","107","35","Cash and cash equivalents, end of period $","2","454","ended December 31,","52,178,854"
"SRC048","107","35","Cash and cash equivalents, end of period $","3","532","ended December 31,","72,671,928"
"SRC048","107","36","Cash paid during the period for interest $","1","376","ended December 31,","76,193,789"
"SRC048","107","36","Cash paid during the period for interest $","2","454","ended December 31,","75,056,012"
"SRC048","107","36","Cash paid during the period for interest $","3","532","ended December 31,","59,427,187"
"SRC048","107","37","Issuance of common shares pursuant to distribution reinvestment plan $","1","376","ended December 31,","32,016,022"
"SRC048","107","37","Issuance of common shares pursuant to distribution reinvestment plan $","2","454","ended December 31,","28,553,580"
"SRC048","107","37","Issuance of common shares pursuant to distribution reinvestment plan $","3","532","ended December 31,","21,460,697"
"SRC048","107","38","State taxes paid $","1","376","ended December 31,","607,069"
"SRC048","107","38","State taxes paid $","2","454","ended December 31,","311,800"
"SRC048","107","38","State taxes paid $","3","532","ended December 31,","1,586,112"
"SRC048","108","1","123.Net, LLC Digital Infrastructure Term Loan","1","272","","8.10%"
"SRC048","108","1","123.Net, LLC Digital Infrastructure Term Loan","2","291","","4.25%)"
"SRC048","108","2","& Services","4","406","","4,331,058"
"SRC048","108","2","& Services","5","455","","4,298,072"
"SRC048","108","2","& Services","6","506","","4,276,920"
"SRC048","108","3","123.Net, LLC Digital Infrastructure Delayed Draw","1","272","","8.02%"
"SRC048","108","3","123.Net, LLC Digital Infrastructure Delayed Draw","2","291","","4.25%)"
"SRC048","108","4","& Services Term Loan","4","406","","1,201,297"
"SRC048","108","4","& Services Term Loan","5","455","","1,187,540"
"SRC048","108","4","& Services Term Loan","6","506","","1,178,502"
"SRC048","108","5","AAH Topco, LLC Healthcare Delayed Draw","1","272","","9.06%"
"SRC048","108","5","AAH Topco, LLC Healthcare Delayed Draw","3","328","","0.75%"
"SRC048","108","6","Term Loan","4","406","","3,176,329"
"SRC048","108","6","Term Loan","5","455","","3,143,908"
"SRC048","108","6","Term Loan","6","506","","3,176,329"
"SRC048","108","7","AAH Topco, LLC Healthcare Delayed Draw","1","272","","8.81%"
"SRC048","108","7","AAH Topco, LLC Healthcare Delayed Draw","3","328","","0.75%"
"SRC048","108","8","Term Loan","4","406","","920,245"
"SRC048","108","8","Term Loan","5","455","","902,190"
"SRC048","108","8","Term Loan","6","506","","920,245"
"SRC048","108","9","AAH Topco, LLC Healthcare Term Loan","1","272","","9.06%"
"SRC048","108","9","AAH Topco, LLC Healthcare Term Loan","3","328","","0.75%"
"SRC048","108","10","AAH Topco, LLC Healthcare Delayed Draw","1","272","","9.06%"
"SRC048","108","10","AAH Topco, LLC Healthcare Delayed Draw","3","328","","0.75%"
"SRC048","108","11","Term Loan","4","406","","6,365,603"
"SRC048","108","11","Term Loan","5","455","","6,305,145"
"SRC048","108","11","Term Loan","6","506","","6,365,603"
"SRC048","108","12","AAH Topco, LLC Healthcare Revolver","3","328","","0.75%"
"SRC048","108","13","Admiral Buyer, Inc. Software & Tech Delayed Draw","1","272","","8.77%"
"SRC048","108","13","Admiral Buyer, Inc. Software & Tech Delayed Draw","3","328","","0.75%"
"SRC048","108","14","Services Term Loan","4","406","","431,509"
"SRC048","108","14","Services Term Loan","5","455","","426,979"
"SRC048","108","14","Services Term Loan","6","506","","431,509"
"SRC048","108","15","Admiral Buyer, Inc. Software & Tech Term Loan","1","272","","8.67%"
"SRC048","108","15","Admiral Buyer, Inc. Software & Tech Term Loan","3","328","","0.75%"
"SRC048","108","16","Services","4","406","","1,365,427"
"SRC048","108","16","Services","5","455","","1,353,879"
"SRC048","108","16","Services","6","506","","1,358,600"
"SRC048","108","17","Admiral Buyer, Inc. Software & Tech Delayed Draw","3","328","","0.75%"
"SRC048","108","18","Services Term Loan","5","455","","(1,053)"
"SRC048","108","19","Admiral Buyer, Inc. Software & Tech Term Loan","1","272","","8.67%"
"SRC048","108","19","Admiral Buyer, Inc. Software & Tech Term Loan","3","328","","0.75%"
"SRC048","108","20","Services","4","406","","10,433,409"
"SRC048","108","20","Services","5","455","","10,331,728"
"SRC048","108","20","Services","6","506","","10,381,242"
"SRC048","108","21","Admiral Buyer, Inc. Software & Tech Delayed Draw","1","272","","8.73%"
"SRC048","108","21","Admiral Buyer, Inc. Software & Tech Delayed Draw","3","328","","0.75%"
"SRC048","108","22","Services Term Loan","4","406","","442,625"
"SRC048","108","22","Services Term Loan","5","455","","438,533"
"SRC048","108","22","Services Term Loan","6","506","","440,411"
"SRC048","108","23","Admiral Buyer, Inc. Software & Tech Revolver","3","328","","0.75%"
"SRC048","108","24","Services","5","455","","(12,942)"
"SRC048","108","24","Services","6","506","","(7,008)"
"SRC048","108","25","Airwavz Solutions Inc. Digital Infrastructure Term Loan","1","272","","9.06%"
"SRC048","108","25","Airwavz Solutions Inc. Digital Infrastructure Term Loan","3","328","","1.00%"
"SRC048","108","26","& Services","4","406","","3,469,532"
"SRC048","108","26","& Services","5","455","","3,454,037"
"SRC048","108","26","& Services","6","506","","3,469,532"
"SRC048","108","27","Airwavz Solutions Inc. Digital Infrastructure Delayed Draw","1","272","","9.06%"
"SRC048","108","27","Airwavz Solutions Inc. Digital Infrastructure Delayed Draw","3","328","","1.00%"
"SRC048","108","28","& Services Term Loan","4","406","","2,168,458"
"SRC048","108","28","& Services Term Loan","5","455","","2,159,710"
"SRC048","108","28","& Services Term Loan","6","506","","2,168,458"
"SRC048","108","29","Airwavz Solutions Inc. Digital Infrastructure Revolver","3","328","","1.00%"
"SRC048","108","30","& Services","5","455","","(1,932)"
"SRC048","108","31","Airwavz Solutions Inc. Digital Infrastructure Delayed Draw","1","272","","9.06%"
"SRC048","108","31","Airwavz Solutions Inc. Digital Infrastructure Delayed Draw","3","328","","1.00%"
"SRC048","108","32","& Services Term Loan","4","406","","3,459,046"
"SRC048","108","32","& Services Term Loan","5","455","","3,433,182"
"SRC048","108","32","& Services Term Loan","6","506","","3,459,046"
"SRC048","108","33","Airwavz Solutions Inc. Digital Infrastructure Delayed Draw","1","272","","9.06%"
"SRC048","108","33","Airwavz Solutions Inc. Digital Infrastructure Delayed Draw","3","328","","1.00%"
"SRC048","108","34","& Services Term Loan","4","406","","1,605,954"
"SRC048","108","34","& Services Term Loan","5","455","","1,585,483"
"SRC048","108","34","& Services Term Loan","6","506","","1,605,954"
"SRC048","108","35","Amercare Royal LLC Services Term Loan","1","272","","8.71%"
"SRC048","108","35","Amercare Royal LLC Services Term Loan","3","328","","1.00%"
"SRC048","108","36","Amercare Royal LLC Services Revolver","1","272","","8.71%"
"SRC048","108","36","Amercare Royal LLC Services Revolver","3","328","","1.00%"
"SRC048","108","37","Amercare Royal LLC Services Delayed Draw","3","328","","1.00%"
"SRC048","108","38","Term Loan","6","506","","(19,254)"
"SRC048","108","39","Amercare Royal LLC Services Delayed Draw","1","272","","8.71%"
"SRC048","108","39","Amercare Royal LLC Services Delayed Draw","3","328","","1.00%"
"SRC048","108","40","Term Loan","4","406","","1,321,971"
"SRC048","108","40","Term Loan","5","455","","1,310,950"
"SRC048","108","40","Term Loan","6","506","","1,302,141"
"SRC048","108","41","American Physician Partners, LLC Healthcare Term Loan","3","328","","1.00%"
"SRC048","108","42","American Physician Partners, LLC Healthcare Revolver","3","328","","1.00%"
"SRC048","108","43","American Physician Partners, LLC Healthcare Delayed Draw","3","328","","1.00%"
"SRC048","108","44","Term Loan","2","291","","3.50%"
"SRC048","108","44","Term Loan","4","406","","1,260,321"
"SRC048","108","44","Term Loan","5","455","","1,082,011"
"SRC048","108","45","American Physician Partners, LLC Healthcare Term Loan","3","328","","1.00%"
"SRC048","108","46","American Physician Partners, LLC Healthcare Delayed Draw","3","328","","1.00%"
"SRC048","108","47","Term Loan","2","291","","3.50%"
"SRC048","108","47","Term Loan","4","406","","949,042"
"SRC048","108","47","Term Loan","5","455","","817,051"
"SRC048","108","48","American Physician Partners, LLC Healthcare Term Loan","3","328","","1.00%"
"SRC048","108","49","Amivie Acquisition, Inc. Healthcare Delayed Draw","1","272","","9.02%"
"SRC048","108","49","Amivie Acquisition, Inc. Healthcare Delayed Draw","3","328","","1.00%"
"SRC048","108","50","Term Loan","4","406","","3,287,507"
"SRC048","108","50","Term Loan","5","455","","3,254,015"
"SRC048","108","50","Term Loan","6","506","","3,287,507"
"SRC048","108","51","Amivie Acquisition, Inc. Healthcare Delayed Draw","1","272","","9.02%"
"SRC048","108","51","Amivie Acquisition, Inc. Healthcare Delayed Draw","3","328","","0.75%"
"SRC048","108","52","Term Loan","4","406","","2,387,175"
"SRC048","108","52","Term Loan","5","455","","2,363,792"
"SRC048","108","52","Term Loan","6","506","","2,387,175"
"SRC048","108","53","Amivie Acquisition, Inc. Healthcare Delayed Draw","1","272","","9.02%"
"SRC048","108","53","Amivie Acquisition, Inc. Healthcare Delayed Draw","3","328","","1.00%"
"SRC048","108","54","Term Loan","4","406","","2,079,153"
"SRC048","108","54","Term Loan","5","455","","2,067,457"
"SRC048","108","54","Term Loan","6","506","","2,079,153"
"SRC048","108","55","Amivie Acquisition, Inc. Healthcare Term Loan","1","272","","9.02%"
"SRC048","108","55","Amivie Acquisition, Inc. Healthcare Term Loan","3","328","","1.00%"
"SRC048","108","56","Amivie Acquisition, Inc. Healthcare Revolver","3","328","","1.00%"
"SRC048","108","57","Amivie Acquisition, Inc. Healthcare Delayed Draw","1","272","","9.02%"
"SRC048","108","57","Amivie Acquisition, Inc. Healthcare Delayed Draw","3","328","","1.00%"
"SRC048","108","58","Term Loan","4","406","","2,856,499"
"SRC048","108","58","Term Loan","5","455","","2,835,579"
"SRC048","108","58","Term Loan","6","506","","2,856,499"
"SRC048","109","1","AppViewX, Inc. Software & Tech Term Loan","1","273","","9.12%"
"SRC048","109","1","AppViewX, Inc. Software & Tech Term Loan","2","328","Interest","0.75%"
"SRC048","109","2","Services","3","406","Par Amount","14,773,116"
"SRC048","109","2","Services","4","455","Cost","14,644,550"
"SRC048","109","2","Services","5","507","Fair Value","14,625,385"
"SRC048","109","3","AppViewX, Inc. Software & Tech Revolver","2","328","Interest","0.75%"
"SRC048","109","4","Services","4","455","Cost","(15,822)"
"SRC048","109","4","Services","5","507","Fair Value","(18,466)"
"SRC048","109","5","AppViewX, Inc. Software & Tech Delayed Draw","2","328","Interest","0.75%"
"SRC048","109","6","Software & Tech Term Loan","1","273","","7.82%"
"SRC048","109","6","Software & Tech Term Loan","2","328","Interest","0.50%"
"SRC048","109","7","Artifact Bidco, Inc.","6","555","Tickmarks","(15)"
"SRC048","109","8","Services","3","406","Par Amount","4,018,743"
"SRC048","109","8","Services","4","455","Cost","3,985,135"
"SRC048","109","8","Services","5","507","Fair Value","4,018,743"
"SRC048","109","9","Artifact Bidco, Inc. Software & Tech Delayed Draw","2","328","Interest","0.50%"
"SRC048","109","10","Services Term Loan","4","455","Cost","(3,900)"
"SRC048","109","11","Artifact Bidco, Inc. Software & Tech Revolver","2","328","Interest","0.50%"
"SRC048","109","12","Services","4","455","Cost","(3,614)"
"SRC048","109","13","Artifact Bidco, Inc. Software & Tech Revolver","2","328","Interest","0.50%"
"SRC048","109","14","Services","4","455","Cost","(1,769)"
"SRC048","109","15","Azurite Intermediate Holdings, Inc. Software & Tech Term Loan","1","273","","9.71%"
"SRC048","109","15","Azurite Intermediate Holdings, Inc. Software & Tech Term Loan","2","328","Interest","0.75%"
"SRC048","109","16","Services","3","406","Par Amount","3,128,738"
"SRC048","109","16","Services","4","455","Cost","3,090,503"
"SRC048","109","16","Services","5","507","Fair Value","3,113,094"
"SRC048","109","17","Azurite Intermediate Holdings, Inc. Software & Tech Revolver","2","328","Interest","0.75%"
"SRC048","109","18","Services","4","455","Cost","(12,759)"
"SRC048","109","18","Services","5","507","Fair Value","(5,689)"
"SRC048","109","19","Azurite Intermediate Holdings, Inc. Software & Tech Delayed Draw","1","273","","9.71%"
"SRC048","109","19","Azurite Intermediate Holdings, Inc. Software & Tech Delayed Draw","2","328","Interest","0.75%"
"SRC048","109","20","Services Term Loan","3","406","Par Amount","7,110,768"
"SRC048","109","20","Services Term Loan","4","455","Cost","7,026,063"
"SRC048","109","20","Services Term Loan","5","507","Fair Value","7,075,214"
"SRC048","109","21","BHG Holdings, LLC Healthcare Term Loan","1","273","","9.34%"
"SRC048","109","21","BHG Holdings, LLC Healthcare Term Loan","2","328","Interest","0.75%"
"SRC048","109","22","BHG Holdings, LLC Healthcare Delayed Draw","2","328","Interest","0.75%"
"SRC048","109","23","Term Loan","4","455","Cost","(29,012)"
"SRC048","109","24","BHG Holdings, LLC Healthcare Revolver","2","328","Interest","0.75%"
"SRC048","109","25","Blink Holdings, Inc. Consumer Non- Term Loan","2","328","Interest","1.00%"
"SRC048","109","26","Cyclical","3","406","Par Amount","873,971"
"SRC048","109","26","Cyclical","4","455","Cost","602,258"
"SRC048","109","27","Blink Holdings, Inc. Consumer Non- Delayed Draw","2","328","Interest","1.00%"
"SRC048","109","28","Cyclical Term Loan","3","406","Par Amount","753,961"
"SRC048","109","28","Cyclical Term Loan","4","455","Cost","548,638"
"SRC048","109","29","Blink Holdings, Inc. Consumer Non- Delayed Draw","2","328","Interest","1.00%"
"SRC048","109","30","Cyclical Term Loan","3","406","Par Amount","611,618"
"SRC048","109","30","Cyclical Term Loan","4","455","Cost","435,555"
"SRC048","109","31","Bonterra LLC Software & Tech Term Loan","1","273","","8.42%"
"SRC048","109","31","Bonterra LLC Software & Tech Term Loan","2","328","Interest","0.75%"
"SRC048","109","32","Services","3","406","Par Amount","9,827,394"
"SRC048","109","32","Services","4","455","Cost","9,737,678"
"SRC048","109","32","Services","5","507","Fair Value","9,802,825"
"SRC048","109","33","Bonterra LLC Software & Tech Delayed Draw","1","273","","8.68%"
"SRC048","109","33","Bonterra LLC Software & Tech Delayed Draw","2","328","Interest","0.75%"
"SRC048","109","34","Services Term Loan","3","406","Par Amount","1,067,760"
"SRC048","109","34","Services Term Loan","4","455","Cost","1,058,295"
"SRC048","109","34","Services Term Loan","5","507","Fair Value","1,065,090"
"SRC048","109","35","Bonterra LLC Software & Tech Revolver","1","273","","8.43%"
"SRC048","109","35","Bonterra LLC Software & Tech Revolver","2","328","Interest","0.75%"
"SRC048","109","36","Services","3","406","Par Amount","160,164"
"SRC048","109","36","Services","4","455","Cost","150,416"
"SRC048","109","36","Services","5","507","Fair Value","157,495"
"SRC048","109","37","Bridgepointe Technologies, LLC Digital Infrastructure Term Loan","1","273","","8.67%"
"SRC048","109","37","Bridgepointe Technologies, LLC Digital Infrastructure Term Loan","2","328","Interest","1.00%"
"SRC048","109","38","& Services","3","406","Par Amount","2,225,422"
"SRC048","109","38","& Services","4","455","Cost","2,202,683"
"SRC048","109","38","& Services","5","507","Fair Value","2,225,422"
"SRC048","109","39","Bridgepointe Technologies, LLC Digital Infrastructure Term Loan","1","273","","8.67%"
"SRC048","109","39","Bridgepointe Technologies, LLC Digital Infrastructure Term Loan","2","328","Interest","1.00%"
"SRC048","109","40","& Services","3","406","Par Amount","1,014,951"
"SRC048","109","40","& Services","4","455","Cost","1,000,888"
"SRC048","109","40","& Services","5","507","Fair Value","1,014,951"
"SRC048","109","41","Bridgepointe Technologies, LLC Digital Infrastructure Delayed Draw","1","273","","8.67%"
"SRC048","109","41","Bridgepointe Technologies, LLC Digital Infrastructure Delayed Draw","2","328","Interest","1.00%"
"SRC048","109","42","& Services Term Loan","3","406","Par Amount","2,050,668"
"SRC048","109","42","& Services Term Loan","4","455","Cost","2,019,979"
"SRC048","109","42","& Services Term Loan","5","507","Fair Value","2,050,668"
"SRC048","109","43","Bridgepointe Technologies, LLC Digital Infrastructure Delayed Draw","1","273","","8.67%"
"SRC048","109","43","Bridgepointe Technologies, LLC Digital Infrastructure Delayed Draw","2","328","Interest","1.00%"
"SRC048","109","44","& Services Term Loan","3","406","Par Amount","4,901,796"
"SRC048","109","44","& Services Term Loan","4","455","Cost","4,855,424"
"SRC048","109","44","& Services Term Loan","5","507","Fair Value","4,901,796"
"SRC048","109","45","Bridgepointe Technologies, LLC Digital Infrastructure Delayed Draw","1","273","","8.67%"
"SRC048","109","45","Bridgepointe Technologies, LLC Digital Infrastructure Delayed Draw","2","328","Interest","1.00%"
"SRC048","109","46","& Services Term Loan","3","406","Par Amount","951,077"
"SRC048","109","46","& Services Term Loan","4","455","Cost","943,136"
"SRC048","109","46","& Services Term Loan","5","507","Fair Value","951,077"
"SRC048","109","47","Bridgepointe Technologies, LLC Digital Infrastructure Delayed Draw","2","328","Interest","1.00%"
"SRC048","109","48","& Services Term Loan","4","455","Cost","(3,863)"
"SRC048","109","49","Bridgepointe Technologies, LLC Digital Infrastructure Delayed Draw","1","273","","8.67%"
"SRC048","109","49","Bridgepointe Technologies, LLC Digital Infrastructure Delayed Draw","2","328","Interest","1.00%"
"SRC048","109","50","& Services Term Loan","3","406","Par Amount","4,863,823"
"SRC048","109","50","& Services Term Loan","4","455","Cost","4,813,856"
"SRC048","109","50","& Services Term Loan","5","507","Fair Value","4,863,823"
"SRC048","109","51","Bridgepointe Technologies, LLC Digital Infrastructure Term Loan","1","273","","8.67%"
"SRC048","109","51","Bridgepointe Technologies, LLC Digital Infrastructure Term Loan","2","328","Interest","1.00%"
"SRC048","109","52","& Services","3","406","Par Amount","4,609,764"
"SRC048","109","52","& Services","4","455","Cost","4,574,505"
"SRC048","109","52","& Services","5","507","Fair Value","4,609,764"
"SRC048","109","53","Bridgepointe Technologies, LLC Digital Infrastructure Delayed Draw","1","273","","8.67%"
"SRC048","109","53","Bridgepointe Technologies, LLC Digital Infrastructure Delayed Draw","2","328","Interest","1.00%"
"SRC048","109","54","& Services Term Loan","3","406","Par Amount","2,682,258"
"SRC048","109","54","& Services Term Loan","4","455","Cost","2,673,580"
"SRC048","109","54","& Services Term Loan","5","507","Fair Value","2,682,258"
"SRC048","109","55","Bridgepointe Technologies, LLC Digital Infrastructure Delayed Draw","1","273","","8.67%"
"SRC048","109","55","Bridgepointe Technologies, LLC Digital Infrastructure Delayed Draw","2","328","Interest","1.00%"
"SRC048","109","56","& Services Term Loan","3","406","Par Amount","3,770,848"
"SRC048","109","56","& Services Term Loan","4","455","Cost","3,753,606"
"SRC048","109","56","& Services Term Loan","5","507","Fair Value","3,770,848"
"SRC048","109","57","Bridgepointe Technologies, LLC Digital Infrastructure Revolver","2","328","Interest","1.00%"
"SRC048","109","58","& Services","4","455","Cost","(5,263)"
"SRC048","109","59","Brightspot Buyer, Inc. Software & Tech Term Loan","1","273","","10.42%"
"SRC048","109","60","Services","1","273","","0.75%"
"SRC048","109","60","Services","3","406","Par Amount","1,448,598"
"SRC048","109","60","Services","4","455","Cost","1,433,749"
"SRC048","109","60","Services","5","507","Fair Value","1,426,869"
"SRC048","109","61","Brightspot Buyer, Inc. Software & Tech Term Loan","1","273","","10.42%"
"SRC048","109","62","Services","1","273","","0.75%"
"SRC048","109","62","Services","3","406","Par Amount","5,215,571"
"SRC048","109","62","Services","4","455","Cost","5,180,607"
"SRC048","109","62","Services","5","507","Fair Value","5,137,338"
"SRC048","109","63","Brightspot Buyer, Inc. Software & Tech Revolver","2","328","Interest","0.75%"
"SRC048","109","64","Services","4","455","Cost","(4,572)"
"SRC048","109","64","Services","5","507","Fair Value","(10,204)"
"SRC048","109","65","BRP2 HOLD JONQUIL, INC. Software & Tech Revolver","1","273","","9.18%"
"SRC048","109","65","BRP2 HOLD JONQUIL, INC. Software & Tech Revolver","2","328","Interest","0.75%"
"SRC048","109","66","Services","3","406","Par Amount","380,329"
"SRC048","109","66","Services","4","455","Cost","364,745"
"SRC048","109","66","Services","5","507","Fair Value","351,804"
"SRC048","109","67","BRP2 HOLD JONQUIL, INC. Software & Tech Delayed Draw","1","273","","9.17%"
"SRC048","109","67","BRP2 HOLD JONQUIL, INC. Software & Tech Delayed Draw","2","328","Interest","0.75%"
"SRC048","109","68","Services Term Loan","3","406","Par Amount","810,785"
"SRC048","109","68","Services Term Loan","4","455","Cost","795,237"
"SRC048","109","68","Services Term Loan","5","507","Fair Value","787,014"
"SRC048","109","69","BRP2 HOLD JONQUIL, INC. Software & Tech Term Loan","1","273","","9.17%"
"SRC048","109","69","BRP2 HOLD JONQUIL, INC. Software & Tech Term Loan","2","328","Interest","0.75%"
"SRC048","109","70","Services","3","406","Par Amount","15,847,025"
"SRC048","109","70","Services","4","455","Cost","15,715,599"
"SRC048","109","70","Services","5","507","Fair Value","15,609,320"
"SRC048","110","1","BSI2 Hold Nettle, LLC Software & Tech Term Loan","1","272","","8.42%"
"SRC048","110","1","BSI2 Hold Nettle, LLC Software & Tech Term Loan","2","327","Interest","0.75%"
"SRC048","110","2","Services","3","406","Par Amount","608,357"
"SRC048","110","2","Services","4","454","Cost","600,992"
"SRC048","110","2","Services","5","506","Fair Value","608,357"
"SRC048","110","3","BSI2 Hold Nettle, LLC Software & Tech Term Loan","1","272","","8.42%"
"SRC048","110","3","BSI2 Hold Nettle, LLC Software & Tech Term Loan","2","327","Interest","0.75%"
"SRC048","110","4","Services","3","406","Par Amount","4,558,260"
"SRC048","110","4","Services","4","454","Cost","4,529,178"
"SRC048","110","4","Services","5","506","Fair Value","4,558,260"
"SRC048","110","5","BSI2 Hold Nettle, LLC Software & Tech Revolver","1","272","","8.42%"
"SRC048","110","5","BSI2 Hold Nettle, LLC Software & Tech Revolver","2","327","Interest","0.75%"
"SRC048","110","6","Services","3","406","Par Amount","117,784"
"SRC048","110","6","Services","4","454","Cost","113,976"
"SRC048","110","6","Services","5","506","Fair Value","117,784"
"SRC048","110","7","Businessolver.com, Inc. Software & Tech Term Loan","1","272","","8.17%"
"SRC048","110","7","Businessolver.com, Inc. Software & Tech Term Loan","2","327","Interest","0.75%"
"SRC048","110","8","Services","3","406","Par Amount","9,108,880"
"SRC048","110","8","Services","4","454","Cost","9,104,341"
"SRC048","110","8","Services","5","506","Fair Value","9,063,336"
"SRC048","110","9","Businessolver.com, Inc. Software & Tech Delayed Draw","2","327","Interest","0.75%"
"SRC048","110","10","Services Term Loan","4","454","Cost","(3,132)"
"SRC048","110","10","Services Term Loan","5","506","Fair Value","(3,168)"
"SRC048","110","11","Businessolver.com, Inc. Software & Tech Revolver","2","327","Interest","0.75%"
"SRC048","110","12","Services","4","454","Cost","(2,790)"
"SRC048","110","12","Services","5","506","Fair Value","(2,822)"
"SRC048","110","13","BV EMS Buyer, Inc Healthcare Term Loan","1","272","","9.06%"
"SRC048","110","13","BV EMS Buyer, Inc Healthcare Term Loan","2","327","Interest","1.00%"
"SRC048","110","14","BV EMS Buyer, Inc Healthcare Revolver","1","272","","9.06%"
"SRC048","110","14","BV EMS Buyer, Inc Healthcare Revolver","2","327","Interest","1.00%"
"SRC048","110","15","BV EMS Buyer, Inc Healthcare Term Loan","1","272","","9.06%"
"SRC048","110","15","BV EMS Buyer, Inc Healthcare Term Loan","2","327","Interest","1.00%"
"SRC048","110","16","BV EMS Buyer, Inc Healthcare Term Loan","1","272","","9.06%"
"SRC048","110","16","BV EMS Buyer, Inc Healthcare Term Loan","2","327","Interest","1.00%"
"SRC048","110","17","BV EMS Buyer, Inc Healthcare Delayed Draw","1","272","","9.06%"
"SRC048","110","17","BV EMS Buyer, Inc Healthcare Delayed Draw","2","327","Interest","1.00%"
"SRC048","110","18","Term Loan","3","406","Par Amount","3,443,624"
"SRC048","110","18","Term Loan","4","454","Cost","3,408,270"
"SRC048","110","18","Term Loan","5","506","Fair Value","3,443,624"
"SRC048","110","19","CallTower, Inc. Digital Infrastructure Term Loan","1","272","","8.31%"
"SRC048","110","19","CallTower, Inc. Digital Infrastructure Term Loan","2","327","Interest","1.00%"
"SRC048","110","20","& Services","3","406","Par Amount","4,878,514"
"SRC048","110","20","& Services","4","454","Cost","4,804,521"
"SRC048","110","20","& Services","5","506","Fair Value","4,878,514"
"SRC048","110","21","CallTower, Inc. Digital Infrastructure Revolver","2","327","Interest","1.00%"
"SRC048","110","22","& Services","4","454","Cost","(9,179)"
"SRC048","110","23","Caregiver 2, Inc. Healthcare Term Loan","1","272","","10.11%"
"SRC048","110","24","Caregiver 2, Inc. Healthcare Delayed Draw","1","272","","10.11%"
"SRC048","110","25","Term Loan","1","272","","2.00%"
"SRC048","110","25","Term Loan","3","406","Par Amount","1,113,255"
"SRC048","110","25","Term Loan","4","454","Cost","1,092,683"
"SRC048","110","25","Term Loan","5","506","Fair Value","1,096,556"
"SRC048","110","26","Cerifi, LLC Services Term Loan","1","272","","9.56%"
"SRC048","110","26","Cerifi, LLC Services Term Loan","2","327","Interest","1.00%"
"SRC048","110","27","Cerifi, LLC Services Revolver","1","272","","9.56%"
"SRC048","110","27","Cerifi, LLC Services Revolver","2","327","Interest","1.00%"
"SRC048","110","28","Choice Health at Home, LLC Healthcare Term Loan","1","272","","8.86%"
"SRC048","110","28","Choice Health at Home, LLC Healthcare Term Loan","2","327","Interest","1.00%"
"SRC048","110","29","Choice Health at Home, LLC Healthcare Delayed Draw","1","272","","8.86%"
"SRC048","110","29","Choice Health at Home, LLC Healthcare Delayed Draw","2","327","Interest","1.00%"
"SRC048","110","30","Term Loan","3","406","Par Amount","2,245,487"
"SRC048","110","30","Term Loan","4","454","Cost","2,224,280"
"SRC048","110","30","Term Loan","5","506","Fair Value","2,245,487"
"SRC048","110","31","CHV Holdings LLC Digital Infrastructure Term Loan","1","272","","12.56%"
"SRC048","110","32","& Services","1","272","","1.00%"
"SRC048","110","32","& Services","2","327","Interest","4.75%"
"SRC048","110","32","& Services","3","406","Par Amount","5,416,969"
"SRC048","110","32","& Services","4","454","Cost","5,322,217"
"SRC048","110","32","& Services","5","506","Fair Value","5,416,969"
"SRC048","110","33","CHV Holdings LLC Digital Infrastructure Revolver","2","327","Interest","1.00%"
"SRC048","110","34","& Services","1","272","","4.75%"
"SRC048","110","34","& Services","4","454","Cost","(20,136)"
"SRC048","110","35","Coding Solutions Acquisition, Inc. Healthcare Term Loan","1","272","","8.71%"
"SRC048","110","35","Coding Solutions Acquisition, Inc. Healthcare Term Loan","2","327","Interest","0.75%"
"SRC048","110","36","Coding Solutions Acquisition, Inc. Healthcare Delayed Draw","2","327","Interest","0.75%"
"SRC048","110","37","Term Loan","4","454","Cost","(4,977)"
"SRC048","110","38","Coding Solutions Acquisition, Inc. Healthcare Revolver","2","327","Interest","0.75%"
"SRC048","110","39","Contruent Intermediate Company Software & Tech Term Loan","1","272","","9.50%"
"SRC048","110","39","Contruent Intermediate Company Software & Tech Term Loan","2","327","Interest","0.75%"
"SRC048","110","40","Services","3","406","Par Amount","7,433,794"
"SRC048","110","40","Services","4","454","Cost","7,324,730"
"SRC048","110","40","Services","5","506","Fair Value","7,322,287"
"SRC048","110","41","Contruent Intermediate Company Software & Tech Delayed Draw","2","327","Interest","0.75%"
"SRC048","110","42","Contruent Intermediate Company Software & Tech Revolver","2","327","Interest","0.75%"
"SRC048","110","43","Services","4","454","Cost","(8,577)"
"SRC048","110","43","Services","5","506","Fair Value","(8,577)"
"SRC048","110","44","Coretelligent Intermediate LLC Digital Infrastructure Term Loan","1","272","","9.69%"
"SRC048","110","44","Coretelligent Intermediate LLC Digital Infrastructure Term Loan","2","327","Interest","1.00%"
"SRC048","110","45","& Services","3","406","Par Amount","6,891,073"
"SRC048","110","45","& Services","4","454","Cost","6,858,670"
"SRC048","110","45","& Services","5","506","Fair Value","6,512,064"
"SRC048","110","46","Coretelligent Intermediate LLC Digital Infrastructure Delayed Draw","1","272","","9.69%"
"SRC048","110","46","Coretelligent Intermediate LLC Digital Infrastructure Delayed Draw","2","327","Interest","1.00%"
"SRC048","110","47","& Services Term Loan","3","406","Par Amount","3,291,912"
"SRC048","110","47","& Services Term Loan","4","454","Cost","3,275,385"
"SRC048","110","47","& Services Term Loan","5","506","Fair Value","3,110,857"
"SRC048","110","48","Coretelligent Intermediate LLC Digital Infrastructure Revolver","1","272","","10.86%"
"SRC048","110","49","& Services","1","272","","1.00%"
"SRC048","110","49","& Services","3","406","Par Amount","886,495"
"SRC048","110","49","& Services","4","454","Cost","880,302"
"SRC048","110","49","& Services","5","506","Fair Value","816,842"
"SRC048","110","50","Coupa Holdings, LLC Software & Tech Term Loan","1","272","","9.09%"
"SRC048","110","50","Coupa Holdings, LLC Software & Tech Term Loan","2","327","Interest","0.75%"
"SRC048","110","51","Services","3","406","Par Amount","10,458,556"
"SRC048","110","51","Services","4","454","Cost","10,274,550"
"SRC048","110","51","Services","5","506","Fair Value","10,458,556"
"SRC048","110","52","Coupa Holdings, LLC Software & Tech Delayed Draw","2","327","Interest","0.75%"
"SRC048","110","53","Services Term Loan","4","454","Cost","(7,186)"
"SRC048","110","54","Coupa Holdings, LLC Software & Tech Revolver","2","327","Interest","0.75%"
"SRC048","110","55","Services","4","454","Cost","(9,670)"
"SRC048","110","56","Crewline Buyer, Inc. Software & Tech Term Loan","1","272","","10.59%"
"SRC048","110","57","Services","1","272","","1.00%"
"SRC048","110","57","Services","3","406","Par Amount","13,625,952"
"SRC048","110","57","Services","4","454","Cost","13,364,293"
"SRC048","110","57","Services","5","506","Fair Value","13,625,952"
"SRC048","110","58","Crewline Buyer, Inc. Software & Tech Revolver","2","327","Interest","1.00%"
"SRC048","110","59","Services","4","454","Cost","(23,890)"
"SRC048","111","1","DA Blocker Corp. Software & Tech Term Loan","1","273","","8.42%"
"SRC048","111","1","DA Blocker Corp. Software & Tech Term Loan","3","323","Interest","0.75%"
"SRC048","111","2","Services","4","406","Par Amount","15,103,993"
"SRC048","111","2","Services","5","460","Cost","14,967,323"
"SRC048","111","2","Services","6","512","Fair Value","14,990,713"
"SRC048","111","3","DA Blocker Corp. Software & Tech Revolver","3","323","Interest","0.75%"
"SRC048","111","4","Services","5","460","Cost","(14,236)"
"SRC048","111","4","Services","6","512","Fair Value","(11,800)"
"SRC048","111","5","DA Blocker Corp. Software & Tech Delayed Draw","3","323","Interest","0.75%"
"SRC048","111","6","Services Term Loan","5","460","Cost","(20,605)"
"SRC048","111","7","Datacor, Inc. Software & Tech Term Loan","1","273","","10.21%"
"SRC048","111","8","Services","1","273","","1.00%"
"SRC048","111","8","Services","3","323","Interest","2.00%"
"SRC048","111","8","Services","4","406","Par Amount","18,042,052"
"SRC048","111","8","Services","5","460","Cost","17,972,673"
"SRC048","111","8","Services","6","512","Fair Value","18,042,052"
"SRC048","111","9","Datacor, Inc. Software & Tech Delayed Draw","1","273","","10.21%"
"SRC048","111","10","Services Term Loan","1","273","","1.00%"
"SRC048","111","10","Services Term Loan","3","323","Interest","2.00%"
"SRC048","111","10","Services Term Loan","4","406","Par Amount","6,071,492"
"SRC048","111","10","Services Term Loan","5","460","Cost","6,043,081"
"SRC048","111","10","Services Term Loan","6","512","Fair Value","6,071,492"
"SRC048","111","11","Datacor, Inc. Software & Tech Revolver","1","273","","10.21%"
"SRC048","111","12","Services","1","273","","1.00%"
"SRC048","111","12","Services","3","323","Interest","2.00%"
"SRC048","111","12","Services","4","406","Par Amount","777,223"
"SRC048","111","12","Services","5","460","Cost","775,550"
"SRC048","111","12","Services","6","512","Fair Value","777,223"
"SRC048","111","13","Dearborn TopCo, LLC Software & Tech Revolver","1","273","","9.71%"
"SRC048","111","13","Dearborn TopCo, LLC Software & Tech Revolver","3","323","Interest","1.00%"
"SRC048","111","14","Services","4","406","Par Amount","224,013"
"SRC048","111","14","Services","5","460","Cost","214,358"
"SRC048","111","14","Services","6","512","Fair Value","221,913"
"SRC048","111","15","Dearborn TopCo, LLC Software & Tech Term Loan","1","273","","9.82%"
"SRC048","111","15","Dearborn TopCo, LLC Software & Tech Term Loan","3","323","Interest","1.00%"
"SRC048","111","16","Services","4","406","Par Amount","7,409,448"
"SRC048","111","16","Services","5","460","Cost","7,312,074"
"SRC048","111","16","Services","6","512","Fair Value","7,390,924"
"SRC048","111","17","Delaware Valley Management Healthcare Term Loan","3","323","Interest","1.00%"
"SRC048","111","18","Holdings, Inc.","4","406","Par Amount","2,657,013"
"SRC048","111","18","Holdings, Inc.","5","460","Cost","1,511,867"
"SRC048","111","18","Holdings, Inc.","6","512","Fair Value","539,108"
"SRC048","111","19","Delaware Valley Management Healthcare Revolver","3","323","Interest","1.00%"
"SRC048","111","20","Holdings, Inc.","4","406","Par Amount","413,145"
"SRC048","111","20","Holdings, Inc.","5","460","Cost","233,153"
"SRC048","111","20","Holdings, Inc.","6","512","Fair Value","83,827"
"SRC048","111","21","Delaware Valley Management Healthcare Delayed Draw","3","323","Interest","1.00%"
"SRC048","111","22","Holdings, Inc. Term Loan","4","406","Par Amount","523,459"
"SRC048","111","22","Holdings, Inc. Term Loan","5","460","Cost","120,253"
"SRC048","111","22","Holdings, Inc. Term Loan","6","512","Fair Value","106,210"
"SRC048","111","23","Delaware Valley Management Healthcare Delayed Draw","3","323","Interest","1.00%"
"SRC048","111","24","Holdings, Inc. Term Loan","4","406","Par Amount","279,686"
"SRC048","111","24","Holdings, Inc. Term Loan","5","460","Cost","165,594"
"SRC048","111","24","Holdings, Inc. Term Loan","6","512","Fair Value","56,748"
"SRC048","111","25","DeLorean Purchaser, Inc. Software & Tech Term Loan","1","273","","8.42%"
"SRC048","111","25","DeLorean Purchaser, Inc. Software & Tech Term Loan","3","323","Interest","0.75%"
"SRC048","111","26","Services","4","406","Par Amount","15,944,969"
"SRC048","111","26","Services","5","460","Cost","15,733,118"
"SRC048","111","26","Services","6","512","Fair Value","15,865,244"
"SRC048","111","27","DeLorean Purchaser, Inc. Software & Tech Revolver","3","323","Interest","0.75%"
"SRC048","111","28","Services","5","460","Cost","(30,775)"
"SRC048","111","28","Services","6","512","Fair Value","(12,049)"
"SRC048","111","29","Dispatchtrack, LLC Software & Tech Term Loan","1","273","","8.31%"
"SRC048","111","29","Dispatchtrack, LLC Software & Tech Term Loan","3","323","Interest","1.00%"
"SRC048","111","30","Services","4","406","Par Amount","9,849,936"
"SRC048","111","30","Services","5","460","Cost","9,826,103"
"SRC048","111","30","Services","6","512","Fair Value","9,849,936"
"SRC048","111","31","Dispatchtrack, LLC Software & Tech Revolver","3","323","Interest","1.00%"
"SRC048","111","32","Services","5","460","Cost","(643)"
"SRC048","111","33","DLRdmv, LLC Software & Tech Term Loan","1","273","","9.02%"
"SRC048","111","33","DLRdmv, LLC Software & Tech Term Loan","3","323","Interest","1.00%"
"SRC048","111","34","Services","4","406","Par Amount","6,011,044"
"SRC048","111","34","Services","5","460","Cost","5,954,839"
"SRC048","111","34","Services","6","512","Fair Value","5,980,989"
"SRC048","111","35","DLRdmv, LLC Software & Tech Delayed Draw","3","323","Interest","1.00%"
"SRC048","111","36","Services Term Loan","5","460","Cost","(3,666)"
"SRC048","111","37","DLRdmv, LLC Software & Tech Revolver","3","323","Interest","1.00%"
"SRC048","111","38","Services","5","460","Cost","(7,321)"
"SRC048","111","38","Services","6","512","Fair Value","(4,028)"
"SRC048","111","39","Dorado Buyer LLC Software & Tech Term Loan","1","273","","9.92%"
"SRC048","111","39","Dorado Buyer LLC Software & Tech Term Loan","3","323","Interest","1.00%"
"SRC048","111","40","Services","2","292","","3.37%"
"SRC048","111","40","Services","4","406","Par Amount","6,616,320"
"SRC048","111","40","Services","5","460","Cost","6,530,161"
"SRC048","111","40","Services","6","512","Fair Value","6,417,830"
"SRC048","111","41","Dorado Buyer LLC Software & Tech Delayed Draw","1","273","","9.95%"
"SRC048","111","41","Dorado Buyer LLC Software & Tech Delayed Draw","3","323","Interest","1.00%"
"SRC048","111","42","Services Term Loan","2","292","","3.37%"
"SRC048","111","42","Services Term Loan","4","406","Par Amount","55,870"
"SRC048","111","42","Services Term Loan","5","460","Cost","42,739"
"SRC048","111","42","Services Term Loan","6","512","Fair Value","43,454"
"SRC048","111","43","Dorado Buyer LLC Software & Tech Revolver","1","273","","9.92%"
"SRC048","111","43","Dorado Buyer LLC Software & Tech Revolver","3","323","Interest","1.00%"
"SRC048","111","44","Services","2","292","","3.37%"
"SRC048","111","44","Services","4","406","Par Amount","388,359"
"SRC048","111","44","Services","5","460","Cost","381,960"
"SRC048","111","44","Services","6","512","Fair Value","369,259"
"SRC048","111","45","Duetto Research, Inc Software & Tech Term Loan","1","273","","9.97%"
"SRC048","111","45","Duetto Research, Inc Software & Tech Term Loan","3","323","Interest","0.75%"
"SRC048","111","46","Services","2","292","","5.25%"
"SRC048","111","46","Services","4","406","Par Amount","15,368,998"
"SRC048","111","46","Services","5","460","Cost","15,084,703"
"SRC048","111","46","Services","6","512","Fair Value","15,215,308"
"SRC048","111","47","Duetto Research, Inc Software & Tech Delayed Draw","3","323","Interest","0.75%"
"SRC048","111","48","Services Term Loan","5","460","Cost","(10,098)"
"SRC048","111","48","Services Term Loan","6","512","Fair Value","(10,088)"
"SRC048","111","49","Duetto Research, Inc Software & Tech Revolver","3","323","Interest","0.75%"
"SRC048","111","50","Services","5","460","Cost","(9,474)"
"SRC048","111","50","Services","6","512","Fair Value","(10,088)"
"SRC048","111","51","EAGAN PARENT, INC Software & Tech Term Loan","1","273","","7.98%"
"SRC048","111","51","EAGAN PARENT, INC Software & Tech Term Loan","3","323","Interest","0.50%"
"SRC048","111","52","Services","4","406","Par Amount","14,257,773"
"SRC048","111","52","Services","5","460","Cost","14,188,899"
"SRC048","111","52","Services","6","512","Fair Value","14,186,484"
"SRC048","111","53","EAGAN PARENT, INC Software & Tech Delayed Draw","3","323","Interest","0.50%"
"SRC048","111","54","Services Term Loan","5","460","Cost","(8,497)"
"SRC048","111","54","Services Term Loan","6","512","Fair Value","(8,911)"
"SRC048","111","55","EAGAN PARENT, INC Software & Tech Revolver","3","323","Interest","0.50%"
"SRC048","111","56","Services","5","460","Cost","(9,071)"
"SRC048","111","56","Services","6","512","Fair Value","(9,505)"
"SRC048","111","57","EET Buyer, Inc. Software & Tech Term Loan","1","273","","9.09%"
"SRC048","111","57","EET Buyer, Inc. Software & Tech Term Loan","3","323","Interest","0.75%"
"SRC048","111","58","Services","4","406","Par Amount","4,985,995"
"SRC048","111","58","Services","5","460","Cost","4,935,335"
"SRC048","111","58","Services","6","512","Fair Value","4,948,600"
"SRC048","111","59","EET Buyer, Inc. Software & Tech Delayed Draw","1","273","","9.09%"
"SRC048","111","59","EET Buyer, Inc. Software & Tech Delayed Draw","3","323","Interest","0.75%"
"SRC048","111","60","Services Term Loan","4","406","Par Amount","1,513,574"
"SRC048","111","60","Services Term Loan","5","460","Cost","1,508,380"
"SRC048","111","60","Services Term Loan","6","512","Fair Value","1,499,384"
"SRC048","111","61","EET Buyer, Inc. Software & Tech Term Loan","1","273","","9.09%"
"SRC048","111","61","EET Buyer, Inc. Software & Tech Term Loan","3","323","Interest","0.75%"
"SRC048","111","62","Services","4","406","Par Amount","6,648,889"
"SRC048","111","62","Services","5","460","Cost","6,605,593"
"SRC048","111","62","Services","6","512","Fair Value","6,599,023"
"SRC048","111","63","EET Buyer, Inc. Software & Tech Revolver","3","323","Interest","0.75%"
"SRC048","111","64","Services","5","460","Cost","(7,937)"
"SRC048","111","64","Services","6","512","Fair Value","(7,775)"
"SRC048","111","65","Einstein Parent, Inc. Software & Tech Revolver","3","323","Interest","0.75%"
"SRC048","111","66","Services","5","460","Cost","(18,042)"
"SRC048","111","66","Services","6","512","Fair Value","(23,989)"
"SRC048","111","67","Einstein Parent, Inc. Software & Tech Term Loan","1","273","","10.35%"
"SRC048","111","68","Services","1","273","","0.75%"
"SRC048","111","68","Services","4","406","Par Amount","10,306,433"
"SRC048","111","68","Services","5","460","Cost","10,124,488"
"SRC048","111","68","Services","6","512","Fair Value","10,074,538"
"SRC048","111","69","Engage2Excel, Inc. Services Term Loan","1","273","","10.37%"
"SRC048","112","1","Engage2Excel, Inc. Services Revolver","1","273","","11.19%"
"SRC048","112","2","Exterro, Inc. Software & Tech Term Loan","1","273","","9.02%"
"SRC048","112","2","Exterro, Inc. Software & Tech Term Loan","3","328","Interest","1.00%"
"SRC048","112","3","Services","4","406","Par Amount","2,735,931"
"SRC048","112","3","Services","5","458","Cost","2,727,746"
"SRC048","112","3","Services","6","507","Fair Value","2,735,931"
"SRC048","112","4","Exterro, Inc. Software & Tech Revolver","3","328","Interest","1.00%"
"SRC048","112","5","Services","5","458","Cost","(9,322)"
"SRC048","112","6","Exterro, Inc. Software & Tech Term Loan","1","273","","9.02%"
"SRC048","112","6","Exterro, Inc. Software & Tech Term Loan","3","328","Interest","1.00%"
"SRC048","112","7","Services","4","406","Par Amount","5,664,034"
"SRC048","112","7","Services","5","458","Cost","5,655,770"
"SRC048","112","7","Services","6","507","Fair Value","5,664,034"
"SRC048","112","8","Exterro, Inc. Software & Tech Term Loan","1","273","","9.02%"
"SRC048","112","8","Exterro, Inc. Software & Tech Term Loan","3","328","Interest","1.00%"
"SRC048","112","9","Services","4","406","Par Amount","4,393,876"
"SRC048","112","9","Services","5","458","Cost","4,357,322"
"SRC048","112","9","Services","6","507","Fair Value","4,393,876"
"SRC048","112","10","Exterro, Inc. Software & Tech Delayed Draw","3","328","Interest","1.00%"
"SRC048","112","11","Services Term Loan","5","458","Cost","(5,789)"
"SRC048","112","12","Exterro, Inc. Software & Tech Term Loan","1","273","","9.02%"
"SRC048","112","12","Exterro, Inc. Software & Tech Term Loan","3","328","Interest","1.00%"
"SRC048","112","13","Services","4","406","Par Amount","6,212,406"
"SRC048","112","13","Services","5","458","Cost","6,188,165"
"SRC048","112","13","Services","6","507","Fair Value","6,212,406"
"SRC048","112","14","Firebird Midco, Inc Software & Tech Term Loan","1","273","","8.71%"
"SRC048","112","14","Firebird Midco, Inc Software & Tech Term Loan","3","328","Interest","0.75%"
"SRC048","112","15","Services","4","406","Par Amount","6,756,862"
"SRC048","112","15","Services","5","458","Cost","6,688,531"
"SRC048","112","15","Services","6","507","Fair Value","6,672,401"
"SRC048","112","16","Firebird Midco, Inc Software & Tech Revolver","3","328","Interest","0.75%"
"SRC048","112","17","Services","5","458","Cost","(11,737)"
"SRC048","112","17","Services","6","507","Fair Value","(15,357)"
"SRC048","112","18","FirstDigital Communications, LLC Digital Infrastructure Term Loan","1","273","","8.33%"
"SRC048","112","18","FirstDigital Communications, LLC Digital Infrastructure Term Loan","3","328","Interest","0.75%"
"SRC048","112","19","& Services","2","292","","0.25%"
"SRC048","112","19","& Services","4","406","Par Amount","13,347,355"
"SRC048","112","19","& Services","5","458","Cost","13,292,460"
"SRC048","112","19","& Services","6","507","Fair Value","13,147,144"
"SRC048","112","20","FirstDigital Communications, LLC Digital Infrastructure Term Loan","1","273","","8.33%"
"SRC048","112","20","FirstDigital Communications, LLC Digital Infrastructure Term Loan","3","328","Interest","0.75%"
"SRC048","112","21","& Services","2","292","","0.25%"
"SRC048","112","21","& Services","4","406","Par Amount","407,596"
"SRC048","112","21","& Services","5","458","Cost","407,596"
"SRC048","112","21","& Services","6","507","Fair Value","401,482"
"SRC048","112","22","FirstDigital Communications, LLC Digital Infrastructure Term Loan","3","328","Interest","0.75%"
"SRC048","112","23","& Services","4","406","Par Amount","34,453"
"SRC048","112","23","& Services","6","507","Fair Value","33,937"
"SRC048","112","24","FirstEnroll LLC Healthcare Term Loan","1","273","","8.46%"
"SRC048","112","24","FirstEnroll LLC Healthcare Term Loan","3","328","Interest","1.00%"
"SRC048","112","25","FirstEnroll LLC Healthcare Revolver","3","328","Interest","1.00%"
"SRC048","112","26","Foundation Risk Partners, Corp. Financials Term Loan","1","273","","8.42%"
"SRC048","112","26","Foundation Risk Partners, Corp. Financials Term Loan","3","328","Interest","0.75%"
"SRC048","112","27","Foundation Risk Partners, Corp. Financials Delayed Draw","1","273","","5.5%"
"SRC048","112","27","Foundation Risk Partners, Corp. Financials Delayed Draw","3","328","Interest","0.75%"
"SRC048","112","28","Term Loan","4","406","Par Amount","2,058,003"
"SRC048","112","28","Term Loan","5","458","Cost","2,050,954"
"SRC048","112","28","Term Loan","6","507","Fair Value","2,058,003"
"SRC048","112","29","Foundation Risk Partners, Corp. Financials Revolver","1","273","","8.42%"
"SRC048","112","29","Foundation Risk Partners, Corp. Financials Revolver","3","328","Interest","0.75%"
"SRC048","112","30","Foundation Risk Partners, Corp. Financials Term Loan","1","273","","8.42%"
"SRC048","112","30","Foundation Risk Partners, Corp. Financials Term Loan","3","328","Interest","0.75%"
"SRC048","112","31","Foundation Risk Partners, Corp. Financials Delayed Draw","1","273","","5.5%"
"SRC048","112","31","Foundation Risk Partners, Corp. Financials Delayed Draw","3","328","Interest","0.75%"
"SRC048","112","32","Term Loan","4","406","Par Amount","3,085,874"
"SRC048","112","32","Term Loan","5","458","Cost","3,062,613"
"SRC048","112","32","Term Loan","6","507","Fair Value","3,085,874"
"SRC048","112","33","FULLSTEAM OPERATIONS, LLC Software & Tech Term Loan","1","273","","9.11%"
"SRC048","112","33","FULLSTEAM OPERATIONS, LLC Software & Tech Term Loan","3","328","Interest","0.75%"
"SRC048","112","34","Services","4","406","Par Amount","10,017,013"
"SRC048","112","34","Services","5","458","Cost","9,921,879"
"SRC048","112","34","Services","6","507","Fair Value","9,941,885"
"SRC048","112","35","FULLSTEAM OPERATIONS, LLC Software & Tech Delayed Draw","3","328","Interest","0.75%"
"SRC048","112","36","Services Term Loan","5","458","Cost","(15,624)"
"SRC048","112","36","Services Term Loan","6","507","Fair Value","(16,695)"
"SRC048","112","37","FULLSTEAM OPERATIONS, LLC Software & Tech Revolver","3","328","Interest","0.75%"
"SRC048","112","38","Services","5","458","Cost","(10,408)"
"SRC048","112","38","Services","6","507","Fair Value","(8,348)"
"SRC048","112","39","Fusion Holding, Corp. Software & Tech Term Loan","1","273","","9.92%"
"SRC048","112","39","Fusion Holding, Corp. Software & Tech Term Loan","3","328","Interest","0.75%"
"SRC048","112","40","Services","4","406","Par Amount","16,388,209"
"SRC048","112","40","Services","5","458","Cost","16,187,431"
"SRC048","112","40","Services","6","507","Fair Value","15,691,710"
"SRC048","112","41","Fusion Holding, Corp. Software & Tech Revolver","1","273","","12%"
"SRC048","112","41","Fusion Holding, Corp. Software & Tech Revolver","3","328","Interest","0.75%"
"SRC048","112","42","Services","4","406","Par Amount","758,556"
"SRC048","112","42","Services","5","458","Cost","747,794"
"SRC048","112","42","Services","6","507","Fair Value","699,940"
"SRC048","112","43","Galway Borrower LLC Financials Revolver","1","273","","8.18%"
"SRC048","112","43","Galway Borrower LLC Financials Revolver","3","328","Interest","0.75%"
"SRC048","112","44","Galway Borrower LLC Financials Term Loan","1","273","","8.17%"
"SRC048","112","44","Galway Borrower LLC Financials Term Loan","3","328","Interest","0.75%"
"SRC048","112","45","Galway Borrower LLC Financials Delayed Draw","1","273","","8.17%"
"SRC048","112","45","Galway Borrower LLC Financials Delayed Draw","3","328","Interest","0.75%"
"SRC048","112","46","Term Loan","4","406","Par Amount","281,142"
"SRC048","112","46","Term Loan","5","458","Cost","280,849"
"SRC048","112","46","Term Loan","6","507","Fair Value","281,142"
"SRC048","112","47","Garnett Station Partners, LLC NAV Loan Term Loan","1","273","","9.18%"
"SRC048","112","47","Garnett Station Partners, LLC NAV Loan Term Loan","3","328","Interest","2.00%"
"SRC048","112","48","Garnett Station Partners, LLC NAV Loan Revolver","1","273","","9.18%"
"SRC048","112","48","Garnett Station Partners, LLC NAV Loan Revolver","3","328","Interest","2.00%"
"SRC048","112","49","GH PARENT HOLDINGS INC. Services Delayed Draw","1","273","","8.96%"
"SRC048","112","49","GH PARENT HOLDINGS INC. Services Delayed Draw","3","328","Interest","1.00%"
"SRC048","112","50","Term Loan","4","406","Par Amount","6,078,872"
"SRC048","112","50","Term Loan","5","458","Cost","6,049,006"
"SRC048","112","50","Term Loan","6","507","Fair Value","6,018,083"
"SRC048","112","51","GH PARENT HOLDINGS INC. Services Delayed Draw","1","273","","8.96%"
"SRC048","112","51","GH PARENT HOLDINGS INC. Services Delayed Draw","3","328","Interest","1.00%"
"SRC048","112","52","Term Loan","4","406","Par Amount","179,069"
"SRC048","112","52","Term Loan","5","458","Cost","172,050"
"SRC048","112","52","Term Loan","6","507","Fair Value","171,559"
"SRC048","112","53","Greenhouse Software, Inc. Software & Tech Term Loan","1","273","","9.42%"
"SRC048","112","53","Greenhouse Software, Inc. Software & Tech Term Loan","3","328","Interest","1.00%"
"SRC048","112","54","Services","4","406","Par Amount","14,507,975"
"SRC048","112","54","Services","5","458","Cost","14,342,245"
"SRC048","112","54","Services","6","507","Fair Value","14,507,975"
"SRC048","112","55","Greenhouse Software, Inc. Software & Tech Revolver","3","328","Interest","1.00%"
"SRC048","112","56","Services","5","458","Cost","(6,834)"
"SRC048","112","57","Greenhouse Software, Inc. Software & Tech Term Loan","1","273","","9.42%"
"SRC048","112","57","Greenhouse Software, Inc. Software & Tech Term Loan","3","328","Interest","1.00%"
"SRC048","112","58","Services","4","406","Par Amount","12,376,845"
"SRC048","112","58","Services","5","458","Cost","12,307,164"
"SRC048","112","58","Services","6","507","Fair Value","12,376,845"
"SRC048","112","59","Greenhouse Software, Inc. Software & Tech Revolver","3","328","Interest","1.00%"
"SRC048","112","60","Services","5","458","Cost","(5,528)"
"SRC048","113","1","Greenlight Intermediate II, Inc. Digital Infrastructure Delayed Draw","1","273","","9.42%"
"SRC048","113","1","Greenlight Intermediate II, Inc. Digital Infrastructure Delayed Draw","2","328","Interest","0.75%"
"SRC048","113","2","& Services Term Loan","3","406","Par Amount","10,549,955"
"SRC048","113","2","& Services Term Loan","4","455","Cost","10,432,122"
"SRC048","113","2","& Services Term Loan","5","507","Fair Value","10,444,455"
"SRC048","113","3","Greenlight Intermediate II, Inc. Digital Infrastructure Delayed Draw","1","273","","9.42%"
"SRC048","113","3","Greenlight Intermediate II, Inc. Digital Infrastructure Delayed Draw","2","328","Interest","0.75%"
"SRC048","113","4","& Services Term Loan","3","406","Par Amount","1,220,305"
"SRC048","113","4","& Services Term Loan","4","455","Cost","1,184,017"
"SRC048","113","4","& Services Term Loan","5","507","Fair Value","1,185,439"
"SRC048","113","5","Greenlight Intermediate II, Inc. Digital Infrastructure Term Loan","1","273","","9.42%"
"SRC048","113","5","Greenlight Intermediate II, Inc. Digital Infrastructure Term Loan","2","328","Interest","0.75%"
"SRC048","113","6","& Services","3","406","Par Amount","5,331,605"
"SRC048","113","6","& Services","4","455","Cost","5,284,209"
"SRC048","113","6","& Services","5","507","Fair Value","5,278,289"
"SRC048","113","7","Greenlight Intermediate II, Inc. Digital Infrastructure Delayed Draw","1","273","","9.42%"
"SRC048","113","7","Greenlight Intermediate II, Inc. Digital Infrastructure Delayed Draw","2","328","Interest","0.75%"
"SRC048","113","8","& Services Term Loan","3","406","Par Amount","6,702,083"
"SRC048","113","8","& Services Term Loan","4","455","Cost","6,639,450"
"SRC048","113","8","& Services Term Loan","5","507","Fair Value","6,635,063"
"SRC048","113","9","Gryphon-Redwood Acquisition LLC Software & Tech Term Loan","1","273","","13.78%"
"SRC048","113","10","Services","1","273","","1.00%"
"SRC048","113","10","Services","2","328","Interest","5.00%"
"SRC048","113","10","Services","3","406","Par Amount","4,008,474"
"SRC048","113","10","Services","4","455","Cost","3,965,284"
"SRC048","113","10","Services","5","507","Fair Value","3,858,157"
"SRC048","113","11","Gryphon-Redwood Acquisition LLC Software & Tech Delayed Draw","1","273","","13.78%"
"SRC048","113","12","Services Term Loan","1","273","","1.00%"
"SRC048","113","12","Services Term Loan","2","328","Interest","5.00%"
"SRC048","113","12","Services Term Loan","3","406","Par Amount","1,716,063"
"SRC048","113","12","Services Term Loan","4","455","Cost","1,661,876"
"SRC048","113","12","Services Term Loan","5","507","Fair Value","1,651,711"
"SRC048","113","13","GS AcquisitionCo, Inc. Software & Tech Term Loan","1","273","","8.92%"
"SRC048","113","13","GS AcquisitionCo, Inc. Software & Tech Term Loan","2","328","Interest","1.00%"
"SRC048","113","14","Services","3","406","Par Amount","9,830,528"
"SRC048","113","14","Services","4","455","Cost","9,808,566"
"SRC048","113","14","Services","5","507","Fair Value","9,756,799"
"SRC048","113","15","GS AcquisitionCo, Inc. Software & Tech Revolver","1","273","","8.92%"
"SRC048","113","15","GS AcquisitionCo, Inc. Software & Tech Revolver","2","328","Interest","1.00%"
"SRC048","113","16","Services","3","406","Par Amount","259,564"
"SRC048","113","16","Services","4","455","Cost","256,862"
"SRC048","113","16","Services","5","507","Fair Value","254,308"
"SRC048","113","17","GS AcquisitionCo, Inc. Software & Tech Delayed Draw","1","273","","8.92%"
"SRC048","113","17","GS AcquisitionCo, Inc. Software & Tech Delayed Draw","2","328","Interest","0.75%"
"SRC048","113","18","Services Term Loan","3","406","Par Amount","119,296"
"SRC048","113","18","Services Term Loan","4","455","Cost","118,831"
"SRC048","113","18","Services Term Loan","5","507","Fair Value","119,296"
"SRC048","113","19","Heartland PPC Buyer LLC Services Term Loan","1","273","","8.42%"
"SRC048","113","19","Heartland PPC Buyer LLC Services Term Loan","2","328","Interest","0.75%"
"SRC048","113","20","Heartland PPC Buyer LLC Services Revolver","1","273","","10.5%"
"SRC048","113","20","Heartland PPC Buyer LLC Services Revolver","2","328","Interest","0.75%"
"SRC048","113","21","Heartland PPC Buyer LLC Services Delayed Draw","1","273","","8.45%"
"SRC048","113","21","Heartland PPC Buyer LLC Services Delayed Draw","2","328","Interest","0.75%"
"SRC048","113","22","Term Loan","3","406","Par Amount","1,867,803"
"SRC048","113","22","Term Loan","4","455","Cost","1,851,274"
"SRC048","113","22","Term Loan","5","507","Fair Value","1,849,125"
"SRC048","113","23","Heartland PPC Buyer LLC Services Delayed Draw","1","273","","8.48%"
"SRC048","113","23","Heartland PPC Buyer LLC Services Delayed Draw","2","328","Interest","0.75%"
"SRC048","113","24","Term Loan","3","406","Par Amount","33,908"
"SRC048","113","24","Term Loan","4","455","Cost","24,243"
"SRC048","113","24","Term Loan","5","507","Fair Value","24,078"
"SRC048","113","25","Heartland PPC Buyer LLC Services Term Loan","1","273","","8.42%"
"SRC048","113","25","Heartland PPC Buyer LLC Services Term Loan","2","328","Interest","0.75%"
"SRC048","113","26","HIG Operations Holdings, INC Financials Term Loan","1","273","","8.21%"
"SRC048","113","26","HIG Operations Holdings, INC Financials Term Loan","2","328","Interest","1.00%"
"SRC048","113","27","HireVue, Inc. Software & Tech Term Loan","1","273","","10.59%"
"SRC048","113","28","Services","1","273","","1.00%"
"SRC048","113","28","Services","3","406","Par Amount","12,675,559"
"SRC048","113","28","Services","4","455","Cost","12,469,519"
"SRC048","113","28","Services","5","507","Fair Value","11,503,070"
"SRC048","113","29","HireVue, Inc. Software & Tech Revolver","1","273","","10.56%"
"SRC048","113","30","Services","1","273","","1.00%"
"SRC048","113","30","Services","3","406","Par Amount","1,646,176"
"SRC048","113","30","Services","4","455","Cost","1,622,780"
"SRC048","113","30","Services","5","507","Fair Value","1,493,905"
"SRC048","113","31","HITRUST Services, LLC Services Term Loan","1","273","","8.17%"
"SRC048","113","31","HITRUST Services, LLC Services Term Loan","2","328","Interest","0.75%"
"SRC048","113","32","HITRUST Services, LLC Services Revolver","2","328","Interest","0.75%"
"SRC048","113","33","Honor HN Buyer, Inc. Healthcare Delayed Draw","1","273","","9.57%"
"SRC048","113","33","Honor HN Buyer, Inc. Healthcare Delayed Draw","2","328","Interest","1.00%"
"SRC048","113","34","Term Loan","3","406","Par Amount","3,908,646"
"SRC048","113","34","Term Loan","4","455","Cost","3,860,702"
"SRC048","113","34","Term Loan","5","507","Fair Value","3,908,646"
"SRC048","113","35","Honor HN Buyer, Inc. Healthcare Delayed Draw","2","328","Interest","1.00%"
"SRC048","113","36","Term Loan","4","455","Cost","(10,904)"
"SRC048","113","37","Honor HN Buyer, Inc. Healthcare Term Loan","1","273","","9.57%"
"SRC048","113","37","Honor HN Buyer, Inc. Healthcare Term Loan","2","328","Interest","1.00%"
"SRC048","113","38","Honor HN Buyer, Inc. Healthcare Delayed Draw","1","273","","9.57%"
"SRC048","113","38","Honor HN Buyer, Inc. Healthcare Delayed Draw","2","328","Interest","1.00%"
"SRC048","113","39","Term Loan","3","406","Par Amount","1,604,848"
"SRC048","113","39","Term Loan","4","455","Cost","1,595,007"
"SRC048","113","39","Term Loan","5","507","Fair Value","1,604,848"
"SRC048","113","40","Honor HN Buyer, Inc. Healthcare Revolver","1","273","","11.5%"
"SRC048","113","40","Honor HN Buyer, Inc. Healthcare Revolver","2","328","Interest","1.00%"
"SRC048","113","41","Honor HN Buyer, Inc. Healthcare Delayed Draw","1","273","","9.57%"
"SRC048","113","41","Honor HN Buyer, Inc. Healthcare Delayed Draw","2","328","Interest","1.00%"
"SRC048","113","42","Term Loan","3","406","Par Amount","2,385,132"
"SRC048","113","42","Term Loan","4","455","Cost","2,367,181"
"SRC048","113","42","Term Loan","5","507","Fair Value","2,385,132"
"SRC048","113","43","Joink, LLC Digital Infrastructure Revolver","2","328","Interest","1.00%"
"SRC048","113","44","& Services","4","455","Cost","(8,719)"
"SRC048","113","44","& Services","5","507","Fair Value","(5,458)"
"SRC048","113","45","Joink, LLC Digital Infrastructure Delayed Draw","1","273","","8.71%"
"SRC048","113","45","Joink, LLC Digital Infrastructure Delayed Draw","2","328","Interest","1.00%"
"SRC048","113","46","& Services Term Loan","3","406","Par Amount","4,664,339"
"SRC048","113","46","& Services Term Loan","4","455","Cost","4,584,971"
"SRC048","113","46","& Services Term Loan","5","507","Fair Value","4,621,914"
"SRC048","113","47","Joink, LLC Digital Infrastructure Term Loan","1","273","","8.71%"
"SRC048","113","47","Joink, LLC Digital Infrastructure Term Loan","2","328","Interest","1.00%"
"SRC048","113","48","& Services","3","406","Par Amount","10,212,907"
"SRC048","113","48","& Services","4","455","Cost","10,087,562"
"SRC048","113","48","& Services","5","507","Fair Value","10,136,310"
"SRC048","113","49","JS Parent, Inc. Software & Tech Term Loan","1","273","","8.59%"
"SRC048","113","49","JS Parent, Inc. Software & Tech Term Loan","2","328","Interest","0.75%"
"SRC048","113","50","Services","3","406","Par Amount","5,391,415"
"SRC048","113","50","Services","4","455","Cost","5,369,338"
"SRC048","113","50","Services","5","507","Fair Value","5,391,415"
"SRC048","113","51","JS Parent, Inc. Software & Tech Revolver","2","328","Interest","0.75%"
"SRC048","113","52","Services","4","455","Cost","(2,014)"
"SRC048","113","53","Juniper Square, Inc. Software & Tech Term Loan","1","273","","8.53%"
"SRC048","113","53","Juniper Square, Inc. Software & Tech Term Loan","2","328","Interest","0.75%"
"SRC048","113","54","Services","3","406","Par Amount","12,035,566"
"SRC048","113","54","Services","4","455","Cost","11,916,280"
"SRC048","113","54","Services","5","507","Fair Value","11,915,210"
"SRC048","113","55","Juniper Square, Inc. Software & Tech Revolver","2","328","Interest","0.75%"
"SRC048","113","56","Services","4","455","Cost","(11,728)"
"SRC048","113","56","Services","5","507","Fair Value","(12,036)"
"SRC048","113","57","Juniper Square, Inc. Software & Tech Delayed Draw","2","328","Interest","0.75%"
"SRC048","113","58","Services Term Loan","4","455","Cost","(26,388)"
"SRC048","113","58","Services Term Loan","5","507","Fair Value","(27,080)"
"SRC048","113","59","Juniper Square, Inc. Software & Tech Delayed Draw","2","328","Interest","0.75%"
"SRC048","113","60","Kalkomey Borrower, LLC Services Term Loan","1","273","","8.67%"
"SRC048","113","60","Kalkomey Borrower, LLC Services Term Loan","2","328","Interest","1.00%"
"SRC048","114","1","Kalkomey Borrower, LLC Services Delayed Draw","3","328","Interest","1.00%"
"SRC048","114","2","Term Loan","5","458","Cost","(10,786)"
"SRC048","114","2","Term Loan","6","507","Fair Value","(9,155)"
"SRC048","114","3","Kalkomey Borrower, LLC Services Revolver","3","328","Interest","1.00%"
"SRC048","114","4","KPA Parent Holdings, Inc Software & Tech Term Loan","1","273","","8.21%"
"SRC048","114","4","KPA Parent Holdings, Inc Software & Tech Term Loan","3","328","Interest","0.75%"
"SRC048","114","5","Services","4","406","Par Amount","10,361,803"
"SRC048","114","5","Services","5","458","Cost","10,269,566"
"SRC048","114","5","Services","6","507","Fair Value","10,361,803"
"SRC048","114","6","KPA Parent Holdings, Inc Software & Tech Delayed Draw","3","328","Interest","0.75%"
"SRC048","114","7","Services Term Loan","5","458","Cost","(6,581)"
"SRC048","114","8","KPA Parent Holdings, Inc Software & Tech Revolver","3","328","Interest","0.75%"
"SRC048","114","9","Services","5","458","Cost","(9,216)"
"SRC048","114","10","Krispy Krunchy Foods, L.L.C. Consumer Non- Term Loan","1","273","","8.31%"
"SRC048","114","10","Krispy Krunchy Foods, L.L.C. Consumer Non- Term Loan","3","328","Interest","1.00%"
"SRC048","114","11","Cyclical","4","406","Par Amount","4,686,021"
"SRC048","114","11","Cyclical","5","458","Cost","4,655,764"
"SRC048","114","11","Cyclical","6","507","Fair Value","4,686,021"
"SRC048","114","12","Last Dance Intermediate I(c), LLC Digital Infrastructure Term Loan","1","273","","8.96%"
"SRC048","114","12","Last Dance Intermediate I(c), LLC Digital Infrastructure Term Loan","3","328","Interest","0.75%"
"SRC048","114","13","& Services","4","406","Par Amount","8,442,703"
"SRC048","114","13","& Services","5","458","Cost","8,328,138"
"SRC048","114","13","& Services","6","507","Fair Value","8,421,596"
"SRC048","114","14","Last Dance Intermediate I(c), LLC Digital Infrastructure Delayed Draw","1","273","","8.96%"
"SRC048","114","14","Last Dance Intermediate I(c), LLC Digital Infrastructure Delayed Draw","3","328","Interest","0.75%"
"SRC048","114","15","& Services Term Loan","4","406","Par Amount","1,806,930"
"SRC048","114","15","& Services Term Loan","5","458","Cost","1,759,963"
"SRC048","114","15","& Services Term Loan","6","507","Fair Value","1,806,930"
"SRC048","114","16","Last Dance Intermediate I(c), LLC Digital Infrastructure Revolver","3","328","Interest","0.75%"
"SRC048","114","17","& Services","5","458","Cost","(19,044)"
"SRC048","114","17","& Services","6","507","Fair Value","(4,301)"
"SRC048","114","18","Last Dance Intermediate I(c), LLC Digital Infrastructure Term Loan","1","273","","8.96%"
"SRC048","114","18","Last Dance Intermediate I(c), LLC Digital Infrastructure Term Loan","3","328","Interest","0.75%"
"SRC048","114","19","& Services","4","406","Par Amount","8,221,280"
"SRC048","114","19","& Services","5","458","Cost","8,145,891"
"SRC048","114","19","& Services","6","507","Fair Value","8,200,727"
"SRC048","114","20","LeadVenture, Inc. Software & Tech Term Loan","1","273","","8.92%"
"SRC048","114","20","LeadVenture, Inc. Software & Tech Term Loan","3","328","Interest","0.75%"
"SRC048","114","21","Services","4","406","Par Amount","19,272,188"
"SRC048","114","21","Services","5","458","Cost","18,998,692"
"SRC048","114","21","Services","6","507","Fair Value","19,272,188"
"SRC048","114","22","LeadVenture, Inc. Software & Tech Delayed Draw","1","273","","8.92%"
"SRC048","114","22","LeadVenture, Inc. Software & Tech Delayed Draw","3","328","Interest","0.75%"
"SRC048","114","23","Services Term Loan","4","406","Par Amount","1,211,395"
"SRC048","114","23","Services Term Loan","5","458","Cost","1,177,409"
"SRC048","114","23","Services Term Loan","6","507","Fair Value","1,211,395"
"SRC048","114","24","LeadVenture, Inc. Software & Tech Revolver","1","273","","8.57%"
"SRC048","114","24","LeadVenture, Inc. Software & Tech Revolver","3","328","Interest","0.75%"
"SRC048","114","25","Services","4","406","Par Amount","368,009"
"SRC048","114","25","Services","5","458","Cost","342,430"
"SRC048","114","25","Services","6","507","Fair Value","368,009"
"SRC048","114","26","Level Data, LLC Software & Tech Term Loan","1","273","","9.32%"
"SRC048","114","26","Level Data, LLC Software & Tech Term Loan","3","328","Interest","0.75%"
"SRC048","114","27","Services","4","406","Par Amount","7,468,997"
"SRC048","114","27","Services","5","458","Cost","7,402,012"
"SRC048","114","27","Services","6","507","Fair Value","7,394,307"
"SRC048","114","28","Level Data, LLC Software & Tech Delayed Draw","3","328","Interest","0.75%"
"SRC048","114","29","Services Term Loan","5","458","Cost","(10,411)"
"SRC048","114","29","Services Term Loan","6","507","Fair Value","(12,023)"
"SRC048","114","30","Level Data, LLC Software & Tech Revolver","1","273","","9.32%"
"SRC048","114","30","Level Data, LLC Software & Tech Revolver","3","328","Interest","0.75%"
"SRC048","114","31","Services","4","406","Par Amount","480,905"
"SRC048","114","31","Services","5","458","Cost","473,018"
"SRC048","114","31","Services","6","507","Fair Value","471,888"
"SRC048","114","32","LivTech Purchaser, Inc. Software & Tech Term Loan","1","273","","8.67%"
"SRC048","114","32","LivTech Purchaser, Inc. Software & Tech Term Loan","3","328","Interest","0.75%"
"SRC048","114","33","Services","4","406","Par Amount","6,997,646"
"SRC048","114","33","Services","5","458","Cost","6,937,083"
"SRC048","114","33","Services","6","507","Fair Value","6,945,163"
"SRC048","114","34","LivTech Purchaser, Inc. Software & Tech Delayed Draw","1","273","","8.85%"
"SRC048","114","34","LivTech Purchaser, Inc. Software & Tech Delayed Draw","3","328","Interest","0.75%"
"SRC048","114","35","Services Term Loan","4","406","Par Amount","6,429,837"
"SRC048","114","35","Services Term Loan","5","458","Cost","6,367,534"
"SRC048","114","35","Services Term Loan","6","507","Fair Value","6,369,857"
"SRC048","114","36","LivTech Purchaser, Inc. Software & Tech Revolver","3","328","Interest","0.75%"
"SRC048","114","37","Services","5","458","Cost","(16,930)"
"SRC048","114","37","Services","6","507","Fair Value","(14,995)"
"SRC048","114","38","Lotus HPI Buyer, Inc Healthcare Term Loan","1","273","","10.46%"
"SRC048","114","39","Lotus HPI Buyer, Inc Healthcare Delayed Draw","3","328","Interest","1.00%"
"SRC048","114","40","Term Loan","5","458","Cost","(32,038)"
"SRC048","114","40","Term Loan","6","507","Fair Value","(395,623)"
"SRC048","114","41","Lotus HPI Buyer, Inc Healthcare Revolver","1","273","","10.23%"
"SRC048","114","42","Magaya Corporation Software & Tech Term Loan","1","273","","9.42%"
"SRC048","114","42","Magaya Corporation Software & Tech Term Loan","3","328","Interest","0.75%"
"SRC048","114","43","Services","2","292","","5.75%"
"SRC048","114","43","Services","4","406","Par Amount","3,739,718"
"SRC048","114","43","Services","5","458","Cost","3,709,431"
"SRC048","114","43","Services","6","507","Fair Value","3,664,924"
"SRC048","114","44","Magaya Corporation Software & Tech Delayed Draw","1","273","","9.42%"
"SRC048","114","44","Magaya Corporation Software & Tech Delayed Draw","3","328","Interest","0.75%"
"SRC048","114","45","Services Term Loan","2","292","","5.75%"
"SRC048","114","45","Services Term Loan","4","406","Par Amount","144,290"
"SRC048","114","45","Services Term Loan","5","458","Cost","134,338"
"SRC048","114","45","Services Term Loan","6","507","Fair Value","107,403"
"SRC048","114","46","Magaya Corporation Software & Tech Revolver","1","273","","11.5%"
"SRC048","114","46","Magaya Corporation Software & Tech Revolver","3","328","Interest","0.75%"
"SRC048","114","47","Services","2","292","","4.75%"
"SRC048","114","47","Services","4","406","Par Amount","682,497"
"SRC048","114","47","Services","5","458","Cost","674,985"
"SRC048","114","47","Services","6","507","Fair Value","663,933"
"SRC048","114","48","Mastery Acquisition Corp. Software & Tech Term Loan","1","273","","8.92%"
"SRC048","114","48","Mastery Acquisition Corp. Software & Tech Term Loan","3","328","Interest","1.00%"
"SRC048","114","49","Services","4","406","Par Amount","6,565,889"
"SRC048","114","49","Services","5","458","Cost","6,565,889"
"SRC048","114","49","Services","6","507","Fair Value","6,565,889"
"SRC048","114","50","Mastery Acquisition Corp. Software & Tech Revolver","3","328","Interest","1.00%"
"SRC048","114","51","Mastery Acquisition Corp. Software & Tech Delayed Draw","3","328","Interest","1.00%"
"SRC048","114","52","Services Term Loan","5","458","Cost","(4,158)"
"SRC048","114","53","Mavenlink, Inc. Software & Tech Term Loan","1","273","","9.49%"
"SRC048","114","53","Mavenlink, Inc. Software & Tech Term Loan","3","328","Interest","0.75%"
"SRC048","114","54","Services","4","406","Par Amount","12,997,483"
"SRC048","114","54","Services","5","458","Cost","12,847,519"
"SRC048","114","54","Services","6","507","Fair Value","12,672,546"
"SRC048","114","55","Mavenlink, Inc. Software & Tech Revolver","1","273","","9.36%"
"SRC048","114","55","Mavenlink, Inc. Software & Tech Revolver","3","328","Interest","0.75%"
"SRC048","114","56","Services","4","406","Par Amount","1,231,782"
"SRC048","114","56","Services","5","458","Cost","1,221,403"
"SRC048","114","56","Services","6","507","Fair Value","1,183,089"
"SRC048","114","57","MBS Holdings, Inc. Digital Infrastructure Revolver","3","328","Interest","1.00%"
"SRC048","114","58","& Services","5","458","Cost","(4,295)"
"SRC048","114","58","& Services","6","507","Fair Value","(2,435)"
"SRC048","114","59","MBS Holdings, Inc. Digital Infrastructure Term Loan","1","273","","8.92%"
"SRC048","114","59","MBS Holdings, Inc. Digital Infrastructure Term Loan","3","328","Interest","1.00%"
"SRC048","114","60","& Services","4","406","Par Amount","771,363"
"SRC048","114","60","& Services","5","458","Cost","763,015"
"SRC048","114","60","& Services","6","507","Fair Value","769,434"
"SRC048","114","61","MBS Holdings, Inc. Digital Infrastructure Term Loan","1","273","","8.92%"
"SRC048","114","61","MBS Holdings, Inc. Digital Infrastructure Term Loan","3","328","Interest","1.00%"
"SRC048","114","62","& Services","4","406","Par Amount","820,552"
"SRC048","114","62","& Services","5","458","Cost","810,903"
"SRC048","114","62","& Services","6","507","Fair Value","818,501"
"SRC048","114","63","MBS Holdings, Inc. Digital Infrastructure Term Loan","1","273","","8.92%"
"SRC048","114","63","MBS Holdings, Inc. Digital Infrastructure Term Loan","3","328","Interest","1.00%"
"SRC048","114","64","& Services","4","406","Par Amount","357,998"
"SRC048","114","64","& Services","5","458","Cost","355,648"
"SRC048","114","64","& Services","6","507","Fair Value","357,103"
"SRC048","114","65","MBS Holdings, Inc. Digital Infrastructure Term Loan","1","273","","8.92%"
"SRC048","114","65","MBS Holdings, Inc. Digital Infrastructure Term Loan","3","328","Interest","1.00%"
"SRC048","114","66","& Services","4","406","Par Amount","10,047,581"
"SRC048","114","66","& Services","5","458","Cost","10,000,685"
"SRC048","114","66","& Services","6","507","Fair Value","10,022,462"
"SRC048","115","1","MedBridge Holdings, LLC Software & Tech Term Loan","1","273","","8.21%"
"SRC048","115","1","MedBridge Holdings, LLC Software & Tech Term Loan","2","328","Interest","1.00%"
"SRC048","115","2","Services","3","406","Par Amount","11,917,944"
"SRC048","115","2","Services","4","455","Cost","11,874,730"
"SRC048","115","2","Services","5","507","Fair Value","11,917,944"
"SRC048","115","3","MedBridge Holdings, LLC Software & Tech Revolver","2","328","Interest","1.00%"
"SRC048","115","4","Services","4","455","Cost","(4,568)"
"SRC048","115","5","MedBridge Holdings, LLC Software & Tech Term Loan","1","273","","8.21%"
"SRC048","115","5","MedBridge Holdings, LLC Software & Tech Term Loan","2","328","Interest","1.00%"
"SRC048","115","6","Services","3","406","Par Amount","755,623"
"SRC048","115","6","Services","4","455","Cost","752,317"
"SRC048","115","6","Services","5","507","Fair Value","755,623"
"SRC048","115","7","MediaLab Solutions, LLC Software & Tech Term Loan","1","273","","8.71%"
"SRC048","115","7","MediaLab Solutions, LLC Software & Tech Term Loan","2","328","Interest","0.75%"
"SRC048","115","8","Services","3","406","Par Amount","7,848,102"
"SRC048","115","8","Services","4","455","Cost","7,773,416"
"SRC048","115","8","Services","5","507","Fair Value","7,769,621"
"SRC048","115","9","MediaLab Solutions, LLC Software & Tech Revolver","2","328","Interest","0.75%"
"SRC048","115","10","Services","4","455","Cost","(7,206)"
"SRC048","115","10","Services","5","507","Fair Value","(7,698)"
"SRC048","115","11","Medical Management Resource Healthcare Term Loan","1","273","","9.52%"
"SRC048","115","11","Medical Management Resource Healthcare Term Loan","2","328","Interest","0.75%"
"SRC048","115","12","Group, L.L.C.","3","406","Par Amount","3,696,202"
"SRC048","115","12","Group, L.L.C.","4","455","Cost","3,673,387"
"SRC048","115","12","Group, L.L.C.","5","507","Fair Value","3,659,240"
"SRC048","115","13","Medical Management Resource Healthcare Delayed Draw","1","273","","9.52%"
"SRC048","115","13","Medical Management Resource Healthcare Delayed Draw","2","328","Interest","0.75%"
"SRC048","115","14","Group, L.L.C. Term Loan","3","406","Par Amount","1,526,702"
"SRC048","115","14","Group, L.L.C. Term Loan","4","455","Cost","1,510,720"
"SRC048","115","14","Group, L.L.C. Term Loan","5","507","Fair Value","1,511,435"
"SRC048","115","15","Medical Management Resource Healthcare Revolver","1","273","","9.53%"
"SRC048","115","15","Medical Management Resource Healthcare Revolver","2","328","Interest","0.75%"
"SRC048","115","16","Group, L.L.C.","3","406","Par Amount","126,566"
"SRC048","115","16","Group, L.L.C.","4","455","Cost","125,593"
"SRC048","115","16","Group, L.L.C.","5","507","Fair Value","123,402"
"SRC048","115","17","MedMark Services, Inc. Healthcare Term Loan","2","328","Interest","1.00%"
"SRC048","115","18","MedMark Services, Inc. Healthcare Delayed Draw","2","328","Interest","1.00%"
"SRC048","115","19","Term Loan","3","406","Par Amount","3,813,418"
"SRC048","115","19","Term Loan","4","455","Cost","3,801,678"
"SRC048","115","19","Term Loan","5","507","Fair Value","3,174,670"
"SRC048","115","20","Medsuite Purchaser, LLC (FKA Healthcare Term Loan","1","273","","8.81%"
"SRC048","115","20","Medsuite Purchaser, LLC (FKA Healthcare Term Loan","2","328","Interest","1.00%"
"SRC048","115","21","Millin Purchaser, LLC)","3","406","Par Amount","7,655,473"
"SRC048","115","21","Millin Purchaser, LLC)","4","455","Cost","7,628,652"
"SRC048","115","21","Millin Purchaser, LLC)","5","507","Fair Value","7,636,334"
"SRC048","115","22","Medsuite Purchaser, LLC (FKA Healthcare Revolver","2","328","Interest","1.00%"
"SRC048","115","23","Millin Purchaser, LLC)","4","455","Cost","(1,680)"
"SRC048","115","23","Millin Purchaser, LLC)","5","507","Fair Value","(1,701)"
"SRC048","115","24","Medsuite Purchaser, LLC (FKA Healthcare Delayed Draw","1","273","","8.81%"
"SRC048","115","24","Medsuite Purchaser, LLC (FKA Healthcare Delayed Draw","2","328","Interest","1.00%"
"SRC048","115","25","Millin Purchaser, LLC) Term Loan","3","406","Par Amount","1,300,240"
"SRC048","115","25","Millin Purchaser, LLC) Term Loan","4","455","Cost","1,295,901"
"SRC048","115","25","Millin Purchaser, LLC) Term Loan","5","507","Fair Value","1,296,989"
"SRC048","115","26","Mist Holding Co. Software & Tech Term Loan","1","273","","8.92%"
"SRC048","115","26","Mist Holding Co. Software & Tech Term Loan","2","328","Interest","0.75%"
"SRC048","115","27","Services","3","406","Par Amount","4,836,131"
"SRC048","115","27","Services","4","455","Cost","4,794,218"
"SRC048","115","27","Services","5","507","Fair Value","4,836,131"
"SRC048","115","28","Mist Holding Co. Software & Tech Delayed Draw","1","273","","9.09%"
"SRC048","115","28","Mist Holding Co. Software & Tech Delayed Draw","2","328","Interest","0.75%"
"SRC048","115","29","Services Term Loan","3","406","Par Amount","2,714,386"
"SRC048","115","29","Services Term Loan","4","455","Cost","2,691,793"
"SRC048","115","29","Services Term Loan","5","507","Fair Value","2,714,386"
"SRC048","115","30","Mist Holding Co. Software & Tech Revolver","1","273","","8.93%"
"SRC048","115","30","Mist Holding Co. Software & Tech Revolver","2","328","Interest","0.75%"
"SRC048","115","31","Services","3","406","Par Amount","301,598"
"SRC048","115","31","Services","4","455","Cost","291,145"
"SRC048","115","31","Services","5","507","Fair Value","301,598"
"SRC048","115","32","Mist Holding Co. Software & Tech Delayed Draw","2","328","Interest","0.75%"
"SRC048","115","33","Services Term Loan","4","455","Cost","(11,838)"
"SRC048","115","34","MMP Intermediate, LLC Consumer Non- Term Loan","1","273","","9.58%"
"SRC048","115","34","MMP Intermediate, LLC Consumer Non- Term Loan","2","328","Interest","1.00%"
"SRC048","115","35","Cyclical","3","406","Par Amount","1,963,984"
"SRC048","115","35","Cyclical","4","455","Cost","1,937,543"
"SRC048","115","35","Cyclical","5","507","Fair Value","1,963,984"
"SRC048","115","36","MMP Intermediate, LLC Consumer Non- Term Loan","1","273","","9.58%"
"SRC048","115","36","MMP Intermediate, LLC Consumer Non- Term Loan","2","328","Interest","1.00%"
"SRC048","115","37","Cyclical","3","406","Par Amount","7,688,974"
"SRC048","115","37","Cyclical","4","455","Cost","7,644,888"
"SRC048","115","37","Cyclical","5","507","Fair Value","7,688,974"
"SRC048","115","38","MMP Intermediate, LLC Consumer Non- Revolver","2","328","Interest","1.00%"
"SRC048","115","39","Cyclical","4","455","Cost","(2,542)"
"SRC048","115","40","Moon Buyer, Inc. Software & Tech Revolver","2","328","Interest","0.75%"
"SRC048","115","41","Services","4","455","Cost","(7,489)"
"SRC048","115","42","Moon Buyer, Inc. Software & Tech Term Loan","1","273","","8.42%"
"SRC048","115","42","Moon Buyer, Inc. Software & Tech Term Loan","2","328","Interest","0.75%"
"SRC048","115","43","Services","3","406","Par Amount","16,090,295"
"SRC048","115","43","Services","4","455","Cost","16,012,920"
"SRC048","115","43","Services","5","507","Fair Value","16,090,295"
"SRC048","115","44","Moon Buyer, Inc. Software & Tech Delayed Draw","1","273","","8.42%"
"SRC048","115","44","Moon Buyer, Inc. Software & Tech Delayed Draw","2","328","Interest","0.75%"
"SRC048","115","45","Services Term Loan","3","406","Par Amount","564,440"
"SRC048","115","45","Services Term Loan","4","455","Cost","563,375"
"SRC048","115","45","Services Term Loan","5","507","Fair Value","564,440"
"SRC048","115","46","Mr. Greens Intermediate, LLC Services Term Loan","1","273","","9.70%"
"SRC048","115","46","Mr. Greens Intermediate, LLC Services Term Loan","2","328","Interest","1.00%"
"SRC048","115","47","Mr. Greens Intermediate, LLC Services Delayed Draw","1","273","","9.71%"
"SRC048","115","47","Mr. Greens Intermediate, LLC Services Delayed Draw","2","328","Interest","1.00%"
"SRC048","115","48","Term Loan","3","406","Par Amount","543,577"
"SRC048","115","48","Term Loan","4","455","Cost","498,951"
"SRC048","115","48","Term Loan","5","507","Fair Value","543,577"
"SRC048","115","49","Mr. Greens Intermediate, LLC Services Revolver","1","273","","9.65%"
"SRC048","115","49","Mr. Greens Intermediate, LLC Services Revolver","2","328","Interest","1.00%"
"SRC048","115","50","Mr. Greens Intermediate, LLC Services Term Loan","1","273","","9.70%"
"SRC048","115","50","Mr. Greens Intermediate, LLC Services Term Loan","2","328","Interest","1.00%"
"SRC048","115","51","MSM Acquisitions, Inc. Services Term Loan","1","273","","9.82%"
"SRC048","115","51","MSM Acquisitions, Inc. Services Term Loan","2","328","Interest","1.00%"
"SRC048","115","52","MSM Acquisitions, Inc. Services Delayed Draw","1","273","","9.82%"
"SRC048","115","52","MSM Acquisitions, Inc. Services Delayed Draw","2","328","Interest","1.00%"
"SRC048","115","53","Term Loan","3","406","Par Amount","3,065,881"
"SRC048","115","53","Term Loan","4","455","Cost","3,052,582"
"SRC048","115","53","Term Loan","5","507","Fair Value","2,521,687"
"SRC048","115","54","MSM Acquisitions, Inc. Services Revolver","1","273","","9.81%"
"SRC048","115","54","MSM Acquisitions, Inc. Services Revolver","2","328","Interest","1.00%"
"SRC048","115","55","MSM Acquisitions, Inc. Services Delayed Draw","1","273","","9.82%"
"SRC048","115","55","MSM Acquisitions, Inc. Services Delayed Draw","2","328","Interest","1.00%"
"SRC048","115","56","Term Loan","3","406","Par Amount","375,818"
"SRC048","115","56","Term Loan","4","455","Cost","374,481"
"SRC048","115","56","Term Loan","5","507","Fair Value","309,110"
"SRC048","115","57","MSP Global Holdings, Inc. Digital Infrastructure Term Loan","1","273","","9.31%"
"SRC048","115","57","MSP Global Holdings, Inc. Digital Infrastructure Term Loan","2","328","Interest","1.00%"
"SRC048","115","58","& Services","3","406","Par Amount","8,643,618"
"SRC048","115","58","& Services","4","455","Cost","8,520,616"
"SRC048","115","58","& Services","5","507","Fair Value","8,513,964"
"SRC048","115","59","MSP Global Holdings, Inc. Digital Infrastructure Delayed Draw","2","328","Interest","1.00%"
"SRC048","115","60","& Services Term Loan","4","455","Cost","(15,992)"
"SRC048","115","60","& Services Term Loan","5","507","Fair Value","(18,178)"
"SRC048","115","61","MSP Global Holdings, Inc. Digital Infrastructure Term Loan","1","273","","9.49%"
"SRC048","115","61","MSP Global Holdings, Inc. Digital Infrastructure Term Loan","2","328","Interest","1.00%"
"SRC048","115","62","& Services","3","406","Par Amount","7,633,189"
"SRC048","115","62","& Services","4","455","Cost","7,590,831"
"SRC048","115","62","& Services","5","507","Fair Value","7,518,691"
"SRC048","116","1","MSP Global Holdings, Inc. Digital Infrastructure Delayed Draw","1","273","","9.31%"
"SRC048","116","1","MSP Global Holdings, Inc. Digital Infrastructure Delayed Draw","2","328","Interest","1.00%"
"SRC048","116","2","& Services Term Loan","3","406","Par Amount","596,289"
"SRC048","116","2","& Services Term Loan","4","460","Cost","592,870"
"SRC048","116","2","& Services Term Loan","5","507","Fair Value","587,345"
"SRC048","116","3","MSP Global Holdings, Inc. Digital Infrastructure Revolver","1","273","","9.31%"
"SRC048","116","3","MSP Global Holdings, Inc. Digital Infrastructure Revolver","2","328","Interest","1.00%"
"SRC048","116","4","& Services","3","406","Par Amount","602,716"
"SRC048","116","4","& Services","4","460","Cost","591,696"
"SRC048","116","4","& Services","5","507","Fair Value","575,485"
"SRC048","116","5","MyKaarma Acquisition LLC Software & Tech Term Loan","1","273","","8.35%"
"SRC048","116","5","MyKaarma Acquisition LLC Software & Tech Term Loan","2","328","Interest","0.75%"
"SRC048","116","6","Services","3","406","Par Amount","8,906,050"
"SRC048","116","6","Services","4","460","Cost","8,835,700"
"SRC048","116","6","Services","5","507","Fair Value","8,906,050"
"SRC048","116","7","MyKaarma Acquisition LLC Software & Tech Revolver","2","328","Interest","0.75%"
"SRC048","116","8","Services","4","460","Cost","(8,918)"
"SRC048","116","9","Nasuni Corporation Software & Tech Term Loan","1","273","","8.67%"
"SRC048","116","9","Nasuni Corporation Software & Tech Term Loan","2","328","Interest","0.75%"
"SRC048","116","10","Services","3","406","Par Amount","12,575,067"
"SRC048","116","10","Services","4","460","Cost","12,414,034"
"SRC048","116","10","Services","5","507","Fair Value","12,417,879"
"SRC048","116","11","Nasuni Corporation Software & Tech Revolver","2","328","Interest","0.75%"
"SRC048","116","12","Services","4","460","Cost","(30,853)"
"SRC048","116","12","Services","5","507","Fair Value","(32,748)"
"SRC048","116","13","Navigate360, LLC Software & Tech Term Loan","1","273","","9.31%"
"SRC048","116","13","Navigate360, LLC Software & Tech Term Loan","2","328","Interest","1.00%"
"SRC048","116","14","Services","3","406","Par Amount","1,058,980"
"SRC048","116","14","Services","4","460","Cost","1,051,993"
"SRC048","116","14","Services","5","507","Fair Value","1,053,686"
"SRC048","116","15","Navigate360, LLC Software & Tech Delayed Draw","1","273","","9.31%"
"SRC048","116","15","Navigate360, LLC Software & Tech Delayed Draw","2","328","Interest","1.00%"
"SRC048","116","16","Services Term Loan","3","406","Par Amount","2,015,566"
"SRC048","116","16","Services Term Loan","4","460","Cost","2,002,990"
"SRC048","116","16","Services Term Loan","5","507","Fair Value","2,005,488"
"SRC048","116","17","Navigate360, LLC Software & Tech Term Loan","1","273","","9.31%"
"SRC048","116","17","Navigate360, LLC Software & Tech Term Loan","2","328","Interest","1.00%"
"SRC048","116","18","Services","3","406","Par Amount","3,830,589"
"SRC048","116","18","Services","4","460","Cost","3,808,334"
"SRC048","116","18","Services","5","507","Fair Value","3,811,436"
"SRC048","116","19","Navigate360, LLC Software & Tech Delayed Draw","1","273","","9.31%"
"SRC048","116","19","Navigate360, LLC Software & Tech Delayed Draw","2","328","Interest","1.00%"
"SRC048","116","20","Services Term Loan","3","406","Par Amount","1,753,792"
"SRC048","116","20","Services Term Loan","4","460","Cost","1,747,596"
"SRC048","116","20","Services Term Loan","5","507","Fair Value","1,745,024"
"SRC048","116","21","Navigate360, LLC Software & Tech Revolver","2","328","Interest","1.00%"
"SRC048","116","22","Services","4","460","Cost","(3,115)"
"SRC048","116","22","Services","5","507","Fair Value","(3,021)"
"SRC048","116","23","Navigate360, LLC Software & Tech Term Loan","1","273","","9.31%"
"SRC048","116","23","Navigate360, LLC Software & Tech Term Loan","2","328","Interest","1.00%"
"SRC048","116","24","Services","3","406","Par Amount","2,197,651"
"SRC048","116","24","Services","4","460","Cost","2,183,545"
"SRC048","116","24","Services","5","507","Fair Value","2,186,663"
"SRC048","116","25","NC Topco, LLC Software & Tech Term Loan","1","273","","8.21%"
"SRC048","116","25","NC Topco, LLC Software & Tech Term Loan","2","328","Interest","0.75%"
"SRC048","116","26","Services","3","406","Par Amount","11,321,430"
"SRC048","116","26","Services","4","460","Cost","11,230,277"
"SRC048","116","26","Services","5","507","Fair Value","11,321,430"
"SRC048","116","27","NC Topco, LLC Software & Tech Revolver","2","328","Interest","0.75%"
"SRC048","116","28","Services","4","460","Cost","(10,524)"
"SRC048","116","29","NC Topco, LLC Software & Tech Delayed Draw","2","328","Interest","0.75%"
"SRC048","116","30","Services Term Loan","4","460","Cost","(13,149)"
"SRC048","116","31","Netwrix Corporation Software & Tech Term Loan","1","273","","8.58%"
"SRC048","116","31","Netwrix Corporation Software & Tech Term Loan","2","328","Interest","0.75%"
"SRC048","116","32","Services","3","406","Par Amount","12,296,373"
"SRC048","116","32","Services","4","460","Cost","12,284,404"
"SRC048","116","32","Services","5","507","Fair Value","12,265,633"
"SRC048","116","33","Netwrix Corporation Software & Tech Revolver","2","328","Interest","0.75%"
"SRC048","116","34","Services","4","460","Cost","(1,261)"
"SRC048","116","34","Services","5","507","Fair Value","(1,937)"
"SRC048","116","35","Netwrix Corporation Software & Tech Delayed Draw","1","273","","8.32%"
"SRC048","116","35","Netwrix Corporation Software & Tech Delayed Draw","2","328","Interest","0.75%"
"SRC048","116","36","Services Term Loan","3","406","Par Amount","88,028"
"SRC048","116","36","Services Term Loan","4","460","Cost","82,963"
"SRC048","116","36","Services Term Loan","5","507","Fair Value","88,028"
"SRC048","116","37","Netwrix Corporation Software & Tech Term Loan","1","273","","8.32%"
"SRC048","116","37","Netwrix Corporation Software & Tech Term Loan","2","328","Interest","0.75%"
"SRC048","116","38","Services","3","406","Par Amount","203,209"
"SRC048","116","38","Services","4","460","Cost","203,209"
"SRC048","116","38","Services","5","507","Fair Value","202,701"
"SRC048","116","39","Next Holdco, LLC Software & Tech Term Loan","1","273","","9.09%"
"SRC048","116","39","Next Holdco, LLC Software & Tech Term Loan","2","328","Interest","0.75%"
"SRC048","116","40","Services","3","406","Par Amount","9,122,623"
"SRC048","116","40","Services","4","460","Cost","9,017,001"
"SRC048","116","40","Services","5","507","Fair Value","8,962,977"
"SRC048","116","41","Next Holdco, LLC Software & Tech Revolver","2","328","Interest","0.75%"
"SRC048","116","42","Services","4","460","Cost","(8,673)"
"SRC048","116","42","Services","5","507","Fair Value","(15,637)"
"SRC048","116","43","OPOC Acquisition, LLC Healthcare Revolver","2","328","Interest","1.00%"
"SRC048","116","44","OPOC Acquisition, LLC Healthcare Delayed Draw","1","273","","8.87%"
"SRC048","116","44","OPOC Acquisition, LLC Healthcare Delayed Draw","2","328","Interest","1.00%"
"SRC048","116","45","Term Loan","3","406","Par Amount","181,796"
"SRC048","116","45","Term Loan","4","460","Cost","171,219"
"SRC048","116","45","Term Loan","5","507","Fair Value","178,009"
"SRC048","116","46","OPOC Acquisition, LLC Healthcare Term Loan","1","273","","8.98%"
"SRC048","116","46","OPOC Acquisition, LLC Healthcare Term Loan","2","328","Interest","1.00%"
"SRC048","116","47","Pace Health Companies, LLC Healthcare Term Loan","1","273","","9.07%"
"SRC048","116","47","Pace Health Companies, LLC Healthcare Term Loan","2","328","Interest","1.00%"
"SRC048","116","48","Pace Health Companies, LLC Healthcare Revolver","2","328","Interest","1.00%"
"SRC048","116","49","Pace Health Companies, LLC Healthcare Term Loan","1","273","","9.32%"
"SRC048","116","49","Pace Health Companies, LLC Healthcare Term Loan","2","328","Interest","1.00%"
"SRC048","116","50","Pace Health Companies, LLC Healthcare Delayed Draw","1","273","","9.07%"
"SRC048","116","50","Pace Health Companies, LLC Healthcare Delayed Draw","2","328","Interest","1.00%"
"SRC048","116","51","Term Loan","3","406","Par Amount","191,217"
"SRC048","116","51","Term Loan","4","460","Cost","191,217"
"SRC048","116","51","Term Loan","5","507","Fair Value","191,217"
"SRC048","116","52","Pace Health Companies, LLC Healthcare Delayed Draw","2","328","Interest","1.00%"
"SRC048","116","53","Term Loan","4","460","Cost","(13,834)"
"SRC048","116","54","Pamlico Avant Holdings, L.P. Digital Infrastructure Term Loan","1","273","","8.17%"
"SRC048","116","54","Pamlico Avant Holdings, L.P. Digital Infrastructure Term Loan","2","328","Interest","0.75%"
"SRC048","116","55","& Services","3","406","Par Amount","16,333,655"
"SRC048","116","55","& Services","4","460","Cost","16,170,344"
"SRC048","116","55","& Services","5","507","Fair Value","16,170,319"
"SRC048","116","56","Pamlico Avant Holdings, L.P. Digital Infrastructure Revolver","1","273","","8.17%"
"SRC048","116","56","Pamlico Avant Holdings, L.P. Digital Infrastructure Revolver","2","328","Interest","0.75%"
"SRC048","116","57","& Services","3","406","Par Amount","220,924"
"SRC048","116","57","& Services","4","460","Cost","198,840"
"SRC048","116","57","& Services","5","507","Fair Value","198,832"
"SRC048","116","58","Patriot Acquireco L.L.C. Consumer Non- Term Loan","1","273","","8.17%"
"SRC048","116","58","Patriot Acquireco L.L.C. Consumer Non- Term Loan","2","328","Interest","0.75%"
"SRC048","116","59","Cyclical","3","406","Par Amount","12,727,998"
"SRC048","116","59","Cyclical","4","460","Cost","12,605,577"
"SRC048","116","59","Cyclical","5","507","Fair Value","12,600,718"
"SRC048","116","60","Patriot Acquireco L.L.C. Consumer Non- Revolver","1","273","","8.17%"
"SRC048","116","60","Patriot Acquireco L.L.C. Consumer Non- Revolver","2","328","Interest","0.75%"
"SRC048","116","61","Cyclical","3","406","Par Amount","255,198"
"SRC048","116","61","Cyclical","4","460","Cost","243,003"
"SRC048","116","61","Cyclical","5","507","Fair Value","242,438"
"SRC048","116","62","PDI TA Holdings, Inc Software & Tech Term Loan","1","273","","9.34%"
"SRC048","116","62","PDI TA Holdings, Inc Software & Tech Term Loan","2","328","Interest","0.75%"
"SRC048","116","63","Services","3","406","Par Amount","11,708,397"
"SRC048","116","63","Services","4","460","Cost","11,646,648"
"SRC048","116","63","Services","5","507","Fair Value","11,532,771"
"SRC048","116","64","PDI TA Holdings, Inc Software & Tech Revolver","1","273","","9.33%"
"SRC048","116","64","PDI TA Holdings, Inc Software & Tech Revolver","2","328","Interest","0.75%"
"SRC048","116","65","Services","3","406","Par Amount","691,955"
"SRC048","116","65","Services","4","460","Cost","685,062"
"SRC048","116","65","Services","5","507","Fair Value","677,801"
"SRC048","117","1","Penn TRGRP Holdings LLC Software & Tech Term Loan","1","273","","11.42%"
"SRC048","117","2","Services","1","273","","0.75%"
"SRC048","117","2","Services","2","328","Interest","6.00%"
"SRC048","117","2","Services","3","406","Par Amount","7,281,745"
"SRC048","117","2","Services","4","460","Cost","7,159,739"
"SRC048","117","2","Services","5","512","Fair Value","6,954,066"
"SRC048","117","3","Penn TRGRP Holdings LLC Software & Tech Revolver","1","273","","16.42%"
"SRC048","117","4","Services","1","273","","0.75%"
"SRC048","117","4","Services","2","328","Interest","6.00%"
"SRC048","117","4","Services","3","406","Par Amount","579,890"
"SRC048","117","4","Services","4","460","Cost","565,549"
"SRC048","117","4","Services","5","512","Fair Value","532,444"
"SRC048","117","5","Penn TRGRP Holdings LLC Software & Tech Delayed Draw","1","273","","11.42%"
"SRC048","117","6","Services Term Loan","1","273","","0.75%"
"SRC048","117","6","Services Term Loan","2","328","Interest","6.00%"
"SRC048","117","6","Services Term Loan","3","406","Par Amount","571,783"
"SRC048","117","6","Services Term Loan","4","460","Cost","571,783"
"SRC048","117","6","Services Term Loan","5","512","Fair Value","524,058"
"SRC048","117","7","Pharmalogic Holdings Corp Healthcare Term Loan","1","273","","8.71%"
"SRC048","117","7","Pharmalogic Holdings Corp Healthcare Term Loan","2","328","Interest","1.00%"
"SRC048","117","8","Pharmalogic Holdings Corp Healthcare Delayed Draw","1","273","","8.71%"
"SRC048","117","8","Pharmalogic Holdings Corp Healthcare Delayed Draw","2","328","Interest","1.00%"
"SRC048","117","9","Term Loan","3","406","Par Amount","1,386,922"
"SRC048","117","9","Term Loan","4","460","Cost","1,340,029"
"SRC048","117","9","Term Loan","5","512","Fair Value","1,386,922"
"SRC048","117","10","Pieper Memorial, LLC Healthcare Term Loan","1","273","","8.86%"
"SRC048","117","10","Pieper Memorial, LLC Healthcare Term Loan","2","328","Interest","1.00%"
"SRC048","117","11","Pieper Memorial, LLC Healthcare Delayed Draw","1","273","","8.86%"
"SRC048","117","11","Pieper Memorial, LLC Healthcare Delayed Draw","2","328","Interest","1.00%"
"SRC048","117","12","Term Loan","3","406","Par Amount","6,860,976"
"SRC048","117","12","Term Loan","4","460","Cost","6,799,453"
"SRC048","117","12","Term Loan","5","512","Fair Value","6,860,976"
"SRC048","117","13","Pieper Memorial, LLC Healthcare Term Loan","1","273","","8.86%"
"SRC048","117","13","Pieper Memorial, LLC Healthcare Term Loan","2","328","Interest","1.00%"
"SRC048","117","14","Pieper Memorial, LLC Healthcare Delayed Draw","2","328","Interest","1.00%"
"SRC048","117","15","Term Loan","4","460","Cost","(43,806)"
"SRC048","117","16","Pieper Memorial, LLC Healthcare Revolver","2","328","Interest","1.00%"
"SRC048","117","17","Pinnacle Treatment Centers, Inc. Healthcare Term Loan","1","273","","9.66%"
"SRC048","117","17","Pinnacle Treatment Centers, Inc. Healthcare Term Loan","2","328","Interest","1.00%"
"SRC048","117","18","Pinnacle Treatment Centers, Inc. Healthcare Revolver","1","273","","11.74%"
"SRC048","117","19","Pinnacle Treatment Centers, Inc. Healthcare Term Loan","1","273","","9.66%"
"SRC048","117","19","Pinnacle Treatment Centers, Inc. Healthcare Term Loan","2","328","Interest","1.00%"
"SRC048","117","20","Pinnacle Treatment Centers, Inc. Healthcare Term Loan","1","273","","9.66%"
"SRC048","117","20","Pinnacle Treatment Centers, Inc. Healthcare Term Loan","2","328","Interest","1.00%"
"SRC048","117","21","Pinnacle Treatment Centers, Inc. Healthcare Delayed Draw","1","273","","9.57%"
"SRC048","117","21","Pinnacle Treatment Centers, Inc. Healthcare Delayed Draw","2","328","Interest","1.00%"
"SRC048","117","22","Term Loan","3","406","Par Amount","333,089"
"SRC048","117","22","Term Loan","4","460","Cost","333,094"
"SRC048","117","22","Term Loan","5","512","Fair Value","325,595"
"SRC048","117","23","Pinnacle Treatment Centers, Inc. Healthcare Term Loan","1","273","","9.57%"
"SRC048","117","23","Pinnacle Treatment Centers, Inc. Healthcare Term Loan","2","328","Interest","1.00%"
"SRC048","117","24","Point Quest Group, Inc Healthcare Term Loan","1","273","","8.59%"
"SRC048","117","24","Point Quest Group, Inc Healthcare Term Loan","2","328","Interest","0.75%"
"SRC048","117","25","Point Quest Group, Inc Healthcare Delayed Draw","2","328","Interest","0.75%"
"SRC048","117","26","Term Loan","4","460","Cost","(12,771)"
"SRC048","117","26","Term Loan","5","512","Fair Value","(13,065)"
"SRC048","117","27","Point Quest Group, Inc Healthcare Revolver","2","328","Interest","0.75%"
"SRC048","117","28","Priority OnDemand Midco 2, L.P. Healthcare Term Loan","1","273","","9.13%"
"SRC048","117","28","Priority OnDemand Midco 2, L.P. Healthcare Term Loan","2","328","Interest","1.00%"
"SRC048","117","29","Priority OnDemand Midco 2, L.P. Healthcare Delayed Draw","1","273","","9.13%"
"SRC048","117","29","Priority OnDemand Midco 2, L.P. Healthcare Delayed Draw","2","328","Interest","1.00%"
"SRC048","117","30","Term Loan","3","406","Par Amount","175,695"
"SRC048","117","30","Term Loan","4","460","Cost","164,718"
"SRC048","117","30","Term Loan","5","512","Fair Value","175,695"
"SRC048","117","31","QualDerm Partners, LLC Healthcare Term Loan","1","273","","9.83%"
"SRC048","117","31","QualDerm Partners, LLC Healthcare Term Loan","2","328","Interest","0.75%"
"SRC048","117","32","QualDerm Partners, LLC Healthcare Delayed Draw","1","273","","12.01%"
"SRC048","117","33","Term Loan","1","273","","0.75%"
"SRC048","117","33","Term Loan","2","328","Interest","2.75%"
"SRC048","117","33","Term Loan","3","406","Par Amount","686,155"
"SRC048","117","33","Term Loan","4","460","Cost","655,400"
"SRC048","117","33","Term Loan","5","512","Fair Value","644,985"
"SRC048","117","34","QualDerm Partners, LLC Healthcare Revolver","1","273","","8.05%"
"SRC048","117","34","QualDerm Partners, LLC Healthcare Revolver","2","328","Interest","0.75%"
"SRC048","117","35","Quest Analytics Inc. Healthcare Term Loan","1","273","","8.11%"
"SRC048","117","35","Quest Analytics Inc. Healthcare Term Loan","2","328","Interest","0.50%"
"SRC048","117","36","Quest Analytics Inc. Healthcare Delayed Draw","2","328","Interest","0.50%"
"SRC048","117","37","Term Loan","4","460","Cost","(16,817)"
"SRC048","117","37","Term Loan","5","512","Fair Value","(17,227)"
"SRC048","117","38","Quest Analytics Inc. Healthcare Revolver","2","328","Interest","0.50%"
"SRC048","117","39","Quirch Foods Holdings, LLC Consumer Non- Term Loan","1","273","","10.34%"
"SRC048","117","40","Cyclical","1","273","","1.00%"
"SRC048","117","40","Cyclical","3","406","Par Amount","10,009,937"
"SRC048","117","40","Cyclical","4","460","Cost","9,910,917"
"SRC048","117","40","Cyclical","5","512","Fair Value","9,909,838"
"SRC048","117","41","Quirch Foods Holdings, LLC Consumer Non- Delayed Draw","2","328","Interest","1.00%"
"SRC048","117","42","Cyclical Term Loan","4","460","Cost","(5,111)"
"SRC048","117","42","Cyclical Term Loan","5","512","Fair Value","(5,178)"
"SRC048","117","43","Race Finco, LLC Digital Infrastructure Term Loan","1","273","","9.55%"
"SRC048","117","43","Race Finco, LLC Digital Infrastructure Term Loan","2","328","Interest","1.00%"
"SRC048","117","44","& Services","3","406","Par Amount","9,178,206"
"SRC048","117","44","& Services","4","460","Cost","9,074,184"
"SRC048","117","44","& Services","5","512","Fair Value","8,994,641"
"SRC048","117","45","Race Finco, LLC Digital Infrastructure Revolver","2","328","Interest","1.00%"
"SRC048","117","46","& Services","4","460","Cost","(7,581)"
"SRC048","117","46","& Services","5","512","Fair Value","(12,196)"
"SRC048","117","47","Race Finco, LLC Digital Infrastructure Delayed Draw","1","273","","9.46%"
"SRC048","117","47","Race Finco, LLC Digital Infrastructure Delayed Draw","2","328","Interest","1.00%"
"SRC048","117","48","& Services Term Loan","3","406","Par Amount","5,019,680"
"SRC048","117","48","& Services Term Loan","4","460","Cost","4,925,466"
"SRC048","117","48","& Services Term Loan","5","512","Fair Value","4,890,953"
"SRC048","117","49","Ranger Buyer, Inc. Software & Tech Term Loan","1","273","","8.42%"
"SRC048","117","49","Ranger Buyer, Inc. Software & Tech Term Loan","2","328","Interest","0.75%"
"SRC048","117","50","Services","3","406","Par Amount","15,134,289"
"SRC048","117","50","Services","4","460","Cost","14,994,092"
"SRC048","117","50","Services","5","512","Fair Value","15,134,289"
"SRC048","117","51","Ranger Buyer, Inc. Software & Tech Revolver","2","328","Interest","0.75%"
"SRC048","117","52","Services","4","460","Cost","(7,745)"
"SRC048","117","53","RCP Encore Acquisition, Inc. Healthcare Term Loan","2","328","Interest","1.00%"
"SRC048","118","1","Redwood Family Care Network, Inc. Healthcare Revolver","3","328","Interest","1.00%"
"SRC048","118","2","Redwood Family Care Network, Inc. Healthcare Term Loan","1","273","","9.17%"
"SRC048","118","2","Redwood Family Care Network, Inc. Healthcare Term Loan","3","328","Interest","1.00%"
"SRC048","118","3","Redwood Family Care Network, Inc. Healthcare Delayed Draw","1","273","","9.17%"
"SRC048","118","3","Redwood Family Care Network, Inc. Healthcare Delayed Draw","3","328","Interest","1.00%"
"SRC048","118","4","Term Loan","4","406","Par Amount","5,653,186"
"SRC048","118","4","Term Loan","5","455","Cost","5,642,393"
"SRC048","118","4","Term Loan","6","507","Fair Value","5,653,186"
"SRC048","118","5","Redwood Family Care Network, Inc. Healthcare Delayed Draw","1","273","","9.17%"
"SRC048","118","5","Redwood Family Care Network, Inc. Healthcare Delayed Draw","3","328","Interest","1.00%"
"SRC048","118","6","Term Loan","4","406","Par Amount","4,238,327"
"SRC048","118","6","Term Loan","5","455","Cost","4,216,247"
"SRC048","118","6","Term Loan","6","507","Fair Value","4,238,327"
"SRC048","118","7","REP TEC Intermediate Holdings, Services Term Loan","1","273","","8.42%"
"SRC048","118","7","REP TEC Intermediate Holdings, Services Term Loan","3","328","Interest","1.00%"
"SRC048","118","8","Inc.","4","406","Par Amount","20,862,153"
"SRC048","118","8","Inc.","5","455","Cost","20,729,349"
"SRC048","118","8","Inc.","6","507","Fair Value","20,809,998"
"SRC048","118","9","REP TEC Intermediate Holdings, Services Revolver","3","328","Interest","1.00%"
"SRC048","118","10","Inc.","5","455","Cost","(14,505)"
"SRC048","118","10","Inc.","6","507","Fair Value","(6,128)"
"SRC048","118","11","Ridge Trail US Bidco, Inc. Digital Infrastructure Term Loan","1","273","","8.37%"
"SRC048","118","11","Ridge Trail US Bidco, Inc. Digital Infrastructure Term Loan","3","328","Interest","0.75%"
"SRC048","118","12","& Services","4","406","Par Amount","6,396,204"
"SRC048","118","12","& Services","5","455","Cost","6,313,403"
"SRC048","118","12","& Services","6","507","Fair Value","6,396,204"
"SRC048","118","13","Ridge Trail US Bidco, Inc. Digital Infrastructure Delayed Draw","3","328","Interest","0.75%"
"SRC048","118","14","& Services Term Loan","5","455","Cost","(13,806)"
"SRC048","118","15","Ridge Trail US Bidco, Inc. Digital Infrastructure Revolver","1","273","","8.37%"
"SRC048","118","15","Ridge Trail US Bidco, Inc. Digital Infrastructure Revolver","3","328","Interest","0.75%"
"SRC048","118","16","& Services","4","406","Par Amount","200,508"
"SRC048","118","16","& Services","5","455","Cost","191,452"
"SRC048","118","16","& Services","6","507","Fair Value","200,508"
"SRC048","118","17","Saab Purchaser, Inc. Software & Tech Term Loan","1","273","","8.42%"
"SRC048","118","17","Saab Purchaser, Inc. Software & Tech Term Loan","3","328","Interest","0.75%"
"SRC048","118","18","Services","4","406","Par Amount","19,070,216"
"SRC048","118","18","Services","5","455","Cost","18,902,117"
"SRC048","118","18","Services","6","507","Fair Value","19,070,216"
"SRC048","118","19","Saab Purchaser, Inc. Software & Tech Delayed Draw","1","273","","8.42%"
"SRC048","118","19","Saab Purchaser, Inc. Software & Tech Delayed Draw","3","328","Interest","0.75%"
"SRC048","118","20","Services Term Loan","4","406","Par Amount","5,149,152"
"SRC048","118","20","Services Term Loan","5","455","Cost","5,103,897"
"SRC048","118","20","Services Term Loan","6","507","Fair Value","5,149,152"
"SRC048","118","21","Saab Purchaser, Inc. Software & Tech Revolver","3","328","Interest","0.75%"
"SRC048","118","22","Services","5","455","Cost","(22,823)"
"SRC048","118","23","Saab Purchaser, Inc. Software & Tech Term Loan","1","273","","8.42%"
"SRC048","118","23","Saab Purchaser, Inc. Software & Tech Term Loan","3","328","Interest","0.75%"
"SRC048","118","24","Services","4","406","Par Amount","916,717"
"SRC048","118","24","Services","5","455","Cost","907,871"
"SRC048","118","24","Services","6","507","Fair Value","916,717"
"SRC048","118","25","Saab Purchaser, Inc. Software & Tech Delayed Draw","3","328","Interest","0.75%"
"SRC048","118","26","Services Term Loan","5","455","Cost","(4,239)"
"SRC048","118","27","Sako and Partners Lower Holdings Services Delayed Draw","1","273","","8.17%"
"SRC048","118","27","Sako and Partners Lower Holdings Services Delayed Draw","3","328","Interest","1.00%"
"SRC048","118","28","LLC Term Loan","4","406","Par Amount","3,931,789"
"SRC048","118","28","LLC Term Loan","5","455","Cost","3,885,277"
"SRC048","118","28","LLC Term Loan","6","507","Fair Value","3,931,789"
"SRC048","118","29","Sako and Partners Lower Holdings Services Term Loan","1","273","","8.17%"
"SRC048","118","29","Sako and Partners Lower Holdings Services Term Loan","3","328","Interest","1.00%"
"SRC048","118","30","LLC","4","406","Par Amount","1,665,857"
"SRC048","118","30","LLC","5","455","Cost","1,644,410"
"SRC048","118","30","LLC","6","507","Fair Value","1,665,857"
"SRC048","118","31","Sako and Partners Lower Holdings Services Term Loan","1","273","","8.17%"
"SRC048","118","31","Sako and Partners Lower Holdings Services Term Loan","3","328","Interest","1.00%"
"SRC048","118","32","LLC","4","406","Par Amount","382,674"
"SRC048","118","32","LLC","5","455","Cost","379,264"
"SRC048","118","32","LLC","6","507","Fair Value","382,674"
"SRC048","118","33","Sako and Partners Lower Holdings Services Term Loan","1","273","","8.17%"
"SRC048","118","33","Sako and Partners Lower Holdings Services Term Loan","3","328","Interest","1.00%"
"SRC048","118","34","LLC","4","406","Par Amount","16,974,853"
"SRC048","118","34","LLC","5","455","Cost","16,752,715"
"SRC048","118","34","LLC","6","507","Fair Value","16,974,853"
"SRC048","118","35","Sako and Partners Lower Holdings Services Delayed Draw","1","273","","8.17%"
"SRC048","118","35","Sako and Partners Lower Holdings Services Delayed Draw","3","328","Interest","1.00%"
"SRC048","118","36","LLC Term Loan","4","406","Par Amount","3,461,048"
"SRC048","118","36","LLC Term Loan","5","455","Cost","3,414,151"
"SRC048","118","36","LLC Term Loan","6","507","Fair Value","3,461,048"
"SRC048","118","37","Sako and Partners Lower Holdings Services Revolver","1","273","","8.20%"
"SRC048","118","37","Sako and Partners Lower Holdings Services Revolver","3","328","Interest","1.00%"
"SRC048","118","38","LLC","4","406","Par Amount","475,730"
"SRC048","118","38","LLC","5","455","Cost","454,656"
"SRC048","118","38","LLC","6","507","Fair Value","475,730"
"SRC048","118","39","Salisbury House, LLC Healthcare Term Loan","1","273","","8.72%"
"SRC048","118","39","Salisbury House, LLC Healthcare Term Loan","3","328","Interest","0.75%"
"SRC048","118","40","Salisbury House, LLC Healthcare Delayed Draw","3","328","Interest","0.75%"
"SRC048","118","41","Term Loan","5","455","Cost","(14,770)"
"SRC048","118","42","Salisbury House, LLC Healthcare Revolver","1","273","","8.71%"
"SRC048","118","42","Salisbury House, LLC Healthcare Revolver","3","328","Interest","0.75%"
"SRC048","118","43","Sandstone Care Holdings, LLC Healthcare Delayed Draw","1","273","","9.39%"
"SRC048","118","43","Sandstone Care Holdings, LLC Healthcare Delayed Draw","3","328","Interest","1.00%"
"SRC048","118","44","Term Loan","4","406","Par Amount","373,690"
"SRC048","118","44","Term Loan","5","455","Cost","373,690"
"SRC048","118","44","Term Loan","6","507","Fair Value","373,690"
"SRC048","118","45","Sandstone Care Holdings, LLC Healthcare Term Loan","1","273","","9.27%"
"SRC048","118","45","Sandstone Care Holdings, LLC Healthcare Term Loan","3","328","Interest","1.00%"
"SRC048","118","46","Sandstone Care Holdings, LLC Healthcare Delayed Draw","1","273","","9.27%"
"SRC048","118","46","Sandstone Care Holdings, LLC Healthcare Delayed Draw","3","328","Interest","1.00%"
"SRC048","118","47","Term Loan","4","406","Par Amount","907,758"
"SRC048","118","47","Term Loan","5","455","Cost","901,019"
"SRC048","118","47","Term Loan","6","507","Fair Value","787,480"
"SRC048","118","48","Sandstone Care Holdings, LLC Healthcare Revolver","1","273","","9.27%"
"SRC048","118","48","Sandstone Care Holdings, LLC Healthcare Revolver","3","328","Interest","1.00%"
"SRC048","118","49","Sapphire Software Buyer, Inc. Software & Tech Term Loan","1","273","","8.87%"
"SRC048","118","49","Sapphire Software Buyer, Inc. Software & Tech Term Loan","3","328","Interest","0.75%"
"SRC048","118","50","Services","4","406","Par Amount","14,335,033"
"SRC048","118","50","Services","5","455","Cost","14,215,419"
"SRC048","118","50","Services","6","507","Fair Value","14,227,520"
"SRC048","118","51","Sapphire Software Buyer, Inc. Software & Tech Revolver","3","328","Interest","0.75%"
"SRC048","118","52","Services","5","455","Cost","(14,246)"
"SRC048","118","52","Services","6","507","Fair Value","(12,928)"
"SRC048","118","53","Sauce Labs Inc Software & Tech Revolver","3","328","Interest","1.00%"
"SRC048","118","54","Services","2","292","","0.5%"
"SRC048","118","54","Services","5","455","Cost","(7,113)"
"SRC048","118","54","Services","6","507","Fair Value","(35,250)"
"SRC048","118","55","Sauce Labs Inc Software & Tech Delayed Draw","1","273","","9.94%"
"SRC048","118","55","Sauce Labs Inc Software & Tech Delayed Draw","3","328","Interest","1.00%"
"SRC048","118","56","Services Term Loan","2","292","","0.5%"
"SRC048","118","56","Services Term Loan","4","406","Par Amount","1,954,456"
"SRC048","118","56","Services Term Loan","5","455","Cost","1,943,742"
"SRC048","118","56","Services Term Loan","6","507","Fair Value","1,900,708"
"SRC048","118","57","Sauce Labs Inc Software & Tech Term Loan","1","273","","9.94%"
"SRC048","118","57","Sauce Labs Inc Software & Tech Term Loan","3","328","Interest","1.00%"
"SRC048","118","58","Services","2","292","","0.5%"
"SRC048","118","58","Services","4","406","Par Amount","7,618,444"
"SRC048","118","58","Services","5","455","Cost","7,565,991"
"SRC048","118","58","Services","6","507","Fair Value","7,408,937"
"SRC048","118","59","Sauce Labs Inc Software & Tech Delayed Draw","1","273","","9.94%"
"SRC048","118","59","Sauce Labs Inc Software & Tech Delayed Draw","3","328","Interest","1.00%"
"SRC048","118","60","Services Term Loan","2","292","","0.5%"
"SRC048","118","60","Services Term Loan","4","406","Par Amount","865,537"
"SRC048","118","60","Services Term Loan","5","455","Cost","861,623"
"SRC048","118","60","Services Term Loan","6","507","Fair Value","841,735"
"SRC048","118","61","Saviynt, Inc. Software & Tech Term Loan","1","273","","9.46%"
"SRC048","118","61","Saviynt, Inc. Software & Tech Term Loan","3","328","Interest","1.00%"
"SRC048","118","62","Services","2","292","","2.75%"
"SRC048","118","62","Services","4","406","Par Amount","20,232,168"
"SRC048","118","62","Services","5","455","Cost","20,019,909"
"SRC048","118","62","Services","6","507","Fair Value","20,232,168"
"SRC048","118","63","Saviynt, Inc. Software & Tech Delayed Draw","1","273","","9.46%"
"SRC048","118","63","Saviynt, Inc. Software & Tech Delayed Draw","3","328","Interest","1.00%"
"SRC048","118","64","Services Term Loan","2","292","","2.75%"
"SRC048","118","64","Services Term Loan","4","406","Par Amount","6,466,329"
"SRC048","118","64","Services Term Loan","5","455","Cost","6,399,672"
"SRC048","118","64","Services Term Loan","6","507","Fair Value","6,466,329"
"SRC048","119","1","Saviynt, Inc. Software & Tech Revolver","3","328","Interest","1.00%"
"SRC048","119","2","Services","2","292","","2.75%"
"SRC048","119","2","Services","5","460","Cost","(5,314)"
"SRC048","119","3","SCA Buyer, LLC Healthcare Term Loan","1","273","","10.60%"
"SRC048","119","4","SCA Buyer, LLC Healthcare Revolver","1","273","","10.59%"
"SRC048","119","5","SCA Buyer, LLC Healthcare Term Loan","1","273","","10.60%"
"SRC048","119","6","SDC Atlas Acquistionco, LLC Digital Infrastructure Term Loan","1","273","","8.81%"
"SRC048","119","6","SDC Atlas Acquistionco, LLC Digital Infrastructure Term Loan","3","328","Interest","0.75%"
"SRC048","119","7","& Services","4","406","Par Amount","10,715,390"
"SRC048","119","7","& Services","5","460","Cost","10,616,342"
"SRC048","119","7","& Services","6","510","Fair Value","10,527,871"
"SRC048","119","8","SDC Atlas Acquistionco, LLC Digital Infrastructure Delayed Draw","1","273","","8.81%"
"SRC048","119","8","SDC Atlas Acquistionco, LLC Digital Infrastructure Delayed Draw","3","328","Interest","0.75%"
"SRC048","119","9","& Services Term Loan","4","406","Par Amount","1,868,963"
"SRC048","119","9","& Services Term Loan","5","460","Cost","1,781,462"
"SRC048","119","9","& Services Term Loan","6","510","Fair Value","1,705,429"
"SRC048","119","10","SDC Atlas Acquistionco, LLC Digital Infrastructure Revolver","1","273","","8.81%"
"SRC048","119","10","SDC Atlas Acquistionco, LLC Digital Infrastructure Revolver","3","328","Interest","0.75%"
"SRC048","119","11","& Services","4","406","Par Amount","622,988"
"SRC048","119","11","& Services","5","460","Cost","617,334"
"SRC048","119","11","& Services","6","510","Fair Value","612,086"
"SRC048","119","12","Second Nature Brands, Inc. Software & Tech Term Loan","1","273","","10.10%"
"SRC048","119","13","Services","1","273","","1.00%"
"SRC048","119","13","Services","4","406","Par Amount","5,477,782"
"SRC048","119","13","Services","5","460","Cost","5,404,974"
"SRC048","119","13","Services","6","510","Fair Value","5,436,699"
"SRC048","119","14","Second Nature Brands, Inc. Software & Tech Revolver","3","328","Interest","1.00%"
"SRC048","119","15","Services","5","460","Cost","(7,800)"
"SRC048","119","15","Services","6","510","Fair Value","(4,565)"
"SRC048","119","16","Securonix, Inc Software & Tech Term Loan","1","273","","11.18%"
"SRC048","119","17","Services","1","273","","0.75%"
"SRC048","119","17","Services","3","328","Interest","3.75%"
"SRC048","119","17","Services","4","406","Par Amount","8,875,915"
"SRC048","119","17","Services","5","460","Cost","8,808,544"
"SRC048","119","17","Services","6","510","Fair Value","7,011,972"
"SRC048","119","18","Securonix, Inc Software & Tech Revolver","3","328","Interest","0.75%"
"SRC048","119","19","Services","5","460","Cost","(10,328)"
"SRC048","119","19","Services","6","510","Fair Value","(323,051)"
"SRC048","119","20","Serrano Parent, LLC Software & Tech Term Loan","1","273","","10.36%"
"SRC048","119","21","Services","1","273","","1.00%"
"SRC048","119","21","Services","4","406","Par Amount","21,207,477"
"SRC048","119","21","Services","5","460","Cost","20,852,609"
"SRC048","119","21","Services","6","510","Fair Value","20,253,140"
"SRC048","119","22","Serrano Parent, LLC Software & Tech Revolver","3","328","Interest","1.00%"
"SRC048","119","23","Services","5","460","Cost","(32,928)"
"SRC048","119","23","Services","6","510","Fair Value","(93,869)"
"SRC048","119","24","Single Digits, Inc. Digital Infrastructure Term Loan","3","328","Interest","1.00%"
"SRC048","119","25","& Services","2","292","","3.00%"
"SRC048","119","25","& Services","4","406","Par Amount","3,162,179"
"SRC048","119","25","& Services","5","460","Cost","2,580,446"
"SRC048","119","25","& Services","6","510","Fair Value","1,017,526"
"SRC048","119","26","Single Digits, Inc. Digital Infrastructure Delayed Draw","3","328","Interest","1.00%"
"SRC048","119","27","& Services Term Loan","4","406","Par Amount","675,554"
"SRC048","119","27","& Services Term Loan","5","460","Cost","550,284"
"SRC048","119","27","& Services Term Loan","6","510","Fair Value","217,380"
"SRC048","119","28","Single Digits, Inc. Digital Infrastructure Revolver","3","328","Interest","1.00%"
"SRC048","119","29","& Services","5","460","Cost","(1,624)"
"SRC048","119","30","Slipstream IT, LLC Digital Infrastructure Term Loan","1","273","","8.21%"
"SRC048","119","30","Slipstream IT, LLC Digital Infrastructure Term Loan","3","328","Interest","0.75%"
"SRC048","119","31","& Services","4","406","Par Amount","6,775,340"
"SRC048","119","31","& Services","5","460","Cost","6,711,228"
"SRC048","119","31","& Services","6","510","Fair Value","6,707,587"
"SRC048","119","32","Slipstream IT, LLC Digital Infrastructure Delayed Draw","3","328","Interest","0.75%"
"SRC048","119","33","& Services Term Loan","5","460","Cost","(5,280)"
"SRC048","119","33","& Services Term Loan","6","510","Fair Value","(5,660)"
"SRC048","119","34","Slipstream IT, LLC Digital Infrastructure Revolver","3","328","Interest","0.75%"
"SRC048","119","35","& Services","5","460","Cost","(10,550)"
"SRC048","119","35","& Services","6","510","Fair Value","(11,321)"
"SRC048","119","36","Smile Brands, Inc. Healthcare Term Loan","1","273","","9.94%"
"SRC048","119","36","Smile Brands, Inc. Healthcare Term Loan","3","328","Interest","0.75%"
"SRC048","119","37","Smile Brands, Inc. Healthcare Revolver","1","273","","9.93%"
"SRC048","119","37","Smile Brands, Inc. Healthcare Revolver","3","328","Interest","0.75%"
"SRC048","119","38","Smile Brands, Inc. Healthcare Delayed Draw","1","273","","9.93%"
"SRC048","119","38","Smile Brands, Inc. Healthcare Delayed Draw","3","328","Interest","0.75%"
"SRC048","119","39","Term Loan","2","292","","1.50%"
"SRC048","119","39","Term Loan","4","406","Par Amount","500,444"
"SRC048","119","39","Term Loan","5","460","Cost","481,414"
"SRC048","119","39","Term Loan","6","510","Fair Value","449,148"
"SRC048","119","40","Soladoc, LLC Software & Tech Term Loan","1","273","","8.76%"
"SRC048","119","40","Soladoc, LLC Software & Tech Term Loan","3","328","Interest","0.75%"
"SRC048","119","41","Services","4","406","Par Amount","5,889,225"
"SRC048","119","41","Services","5","460","Cost","5,840,129"
"SRC048","119","41","Services","6","510","Fair Value","5,771,441"
"SRC048","119","42","Soladoc, LLC Software & Tech Revolver","3","328","Interest","0.75%"
"SRC048","119","43","Services","5","460","Cost","(4,886)"
"SRC048","119","43","Services","6","510","Fair Value","(11,778)"
"SRC048","119","44","Stratus Networks, Inc. Digital Infrastructure Term Loan","1","273","","8.31%"
"SRC048","119","44","Stratus Networks, Inc. Digital Infrastructure Term Loan","3","328","Interest","1.00%"
"SRC048","119","45","& Services","4","406","Par Amount","7,920,781"
"SRC048","119","45","& Services","5","460","Cost","7,862,257"
"SRC048","119","45","& Services","6","510","Fair Value","7,900,979"
"SRC048","119","46","Stratus Networks, Inc. Digital Infrastructure Delayed Draw","1","273","","8.31%"
"SRC048","119","46","Stratus Networks, Inc. Digital Infrastructure Delayed Draw","3","328","Interest","1.00%"
"SRC048","119","47","& Services Term Loan","4","406","Par Amount","3,960,391"
"SRC048","119","47","& Services Term Loan","5","460","Cost","3,931,732"
"SRC048","119","47","& Services Term Loan","6","510","Fair Value","3,950,490"
"SRC048","119","48","Stratus Networks, Inc. Digital Infrastructure Revolver","3","328","Interest","1.00%"
"SRC048","119","49","& Services","5","460","Cost","(6,676)"
"SRC048","119","49","& Services","6","510","Fair Value","(2,475)"
"SRC048","119","50","Stratus Networks, Inc. Digital Infrastructure Delayed Draw","1","273","","8.31%"
"SRC048","119","50","Stratus Networks, Inc. Digital Infrastructure Delayed Draw","3","328","Interest","1.00%"
"SRC048","119","51","& Services Term Loan","4","406","Par Amount","830,632"
"SRC048","119","51","& Services Term Loan","5","460","Cost","808,449"
"SRC048","119","51","& Services Term Loan","6","510","Fair Value","830,632"
"SRC048","119","52","SugarCrm, Inc. Software & Tech Term Loan","1","273","","9.26%"
"SRC048","119","52","SugarCrm, Inc. Software & Tech Term Loan","3","328","Interest","1.00%"
"SRC048","119","53","Services","4","406","Par Amount","4,268,824"
"SRC048","119","53","Services","5","460","Cost","4,254,293"
"SRC048","119","53","Services","6","510","Fair Value","4,247,480"
"SRC048","119","54","SugarCrm, Inc. Software & Tech Revolver","3","328","Interest","1.00%"
"SRC048","119","55","Services","5","460","Cost","(804)"
"SRC048","119","55","Services","6","510","Fair Value","(1,551)"
"SRC048","119","56","SugarCrm, Inc. Software & Tech Term Loan","1","273","","9.26%"
"SRC048","119","56","SugarCrm, Inc. Software & Tech Term Loan","3","328","Interest","1.00%"
"SRC048","119","57","Services","4","406","Par Amount","566,197"
"SRC048","119","57","Services","5","460","Cost","560,390"
"SRC048","119","57","Services","6","510","Fair Value","563,366"
"SRC048","119","58","Sundance Group Holdings, Inc. Software & Tech Term Loan","1","273","","8.17%"
"SRC048","119","58","Sundance Group Holdings, Inc. Software & Tech Term Loan","3","328","Interest","1.00%"
"SRC048","119","59","Services","4","406","Par Amount","19,776,067"
"SRC048","119","59","Services","5","460","Cost","19,776,067"
"SRC048","119","59","Services","6","510","Fair Value","19,726,627"
"SRC048","119","60","Sundance Group Holdings, Inc. Software & Tech Revolver","1","273","","8.17%"
"SRC048","119","60","Sundance Group Holdings, Inc. Software & Tech Revolver","3","328","Interest","1.00%"
"SRC048","119","61","Services","4","406","Par Amount","508,079"
"SRC048","119","61","Services","5","460","Cost","498,366"
"SRC048","119","61","Services","6","510","Fair Value","501,314"
"SRC048","119","62","Tau Buyer, LLC Digital Infrastructure Term Loan","1","273","","8.17%"
"SRC048","119","62","Tau Buyer, LLC Digital Infrastructure Term Loan","3","328","Interest","0.75%"
"SRC048","119","63","& Services","4","406","Par Amount","15,538,480"
"SRC048","119","63","& Services","5","460","Cost","15,398,353"
"SRC048","119","63","& Services","6","510","Fair Value","15,499,634"
"SRC048","119","64","Tau Buyer, LLC Digital Infrastructure Delayed Draw","1","273","","8.42%"
"SRC048","119","64","Tau Buyer, LLC Digital Infrastructure Delayed Draw","3","328","Interest","0.75%"
"SRC048","119","65","& Services Term Loan","4","406","Par Amount","3,567,095"
"SRC048","119","65","& Services Term Loan","5","460","Cost","3,526,638"
"SRC048","119","65","& Services Term Loan","6","510","Fair Value","3,567,095"
"SRC048","120","1","Tau Buyer, LLC Digital Infrastructure Revolver","1","273","","8.40%"
"SRC048","120","1","Tau Buyer, LLC Digital Infrastructure Revolver","2","328","Interest","0.75%"
"SRC048","120","2","& Services","3","406","Par Amount","324,281"
"SRC048","120","2","& Services","4","458","Cost","306,621"
"SRC048","120","2","& Services","5","507","Fair Value","319,214"
"SRC048","120","3","Telcor Buyer, Inc. Software & Tech Term Loan","1","273","","8.06%"
"SRC048","120","3","Telcor Buyer, Inc. Software & Tech Term Loan","2","328","Interest","1.00%"
"SRC048","120","4","Services","3","406","Par Amount","6,203,083"
"SRC048","120","4","Services","4","458","Cost","6,177,017"
"SRC048","120","4","Services","5","507","Fair Value","6,203,083"
"SRC048","120","5","Telcor Buyer, Inc. Software & Tech Revolver","2","328","Interest","1.00%"
"SRC048","120","6","Services","4","458","Cost","(1,213)"
"SRC048","120","7","Telesoft Holdings, LLC Software & Tech Term Loan","1","273","","9.56%"
"SRC048","120","7","Telesoft Holdings, LLC Software & Tech Term Loan","2","328","Interest","1.00%"
"SRC048","120","8","Services","3","406","Par Amount","5,625,466"
"SRC048","120","8","Services","4","458","Cost","5,611,900"
"SRC048","120","8","Services","5","507","Fair Value","5,611,403"
"SRC048","120","9","Telesoft Holdings, LLC Software & Tech Revolver","1","273","","9.56%"
"SRC048","120","9","Telesoft Holdings, LLC Software & Tech Revolver","2","328","Interest","1.00%"
"SRC048","120","10","Services","3","406","Par Amount","89,530"
"SRC048","120","10","Services","4","458","Cost","88,902"
"SRC048","120","10","Services","5","507","Fair Value","88,038"
"SRC048","120","11","The Center for Orthopedic and Healthcare Term Loan","1","273","","9.99%"
"SRC048","120","11","The Center for Orthopedic and Healthcare Term Loan","2","328","Interest","1.00%"
"SRC048","120","12","Research Excellence, Inc.","3","406","Par Amount","4,693,460"
"SRC048","120","12","Research Excellence, Inc.","4","458","Cost","4,684,233"
"SRC048","120","12","Research Excellence, Inc.","5","507","Fair Value","4,693,460"
"SRC048","120","13","The Center for Orthopedic and Healthcare Revolver","1","273","","9.95%"
"SRC048","120","13","The Center for Orthopedic and Healthcare Revolver","2","328","Interest","1.00%"
"SRC048","120","14","Research Excellence, Inc.","3","406","Par Amount","328,003"
"SRC048","120","14","Research Excellence, Inc.","4","458","Cost","326,303"
"SRC048","120","14","Research Excellence, Inc.","5","507","Fair Value","328,003"
"SRC048","120","15","The Center for Orthopedic and Healthcare Delayed Draw","1","273","","9.99%"
"SRC048","120","15","The Center for Orthopedic and Healthcare Delayed Draw","2","328","Interest","1.00%"
"SRC048","120","16","Research Excellence, Inc. Term Loan","3","406","Par Amount","1,106,729"
"SRC048","120","16","Research Excellence, Inc. Term Loan","4","458","Cost","1,105,513"
"SRC048","120","16","Research Excellence, Inc. Term Loan","5","507","Fair Value","1,106,729"
"SRC048","120","17","The Center for Orthopedic and Healthcare Delayed Draw","1","273","","9.99%"
"SRC048","120","17","The Center for Orthopedic and Healthcare Delayed Draw","2","328","Interest","1.00%"
"SRC048","120","18","Research Excellence, Inc. Term Loan","3","406","Par Amount","1,682,887"
"SRC048","120","18","Research Excellence, Inc. Term Loan","4","458","Cost","1,680,982"
"SRC048","120","18","Research Excellence, Inc. Term Loan","5","507","Fair Value","1,682,887"
"SRC048","120","19","The Center for Orthopedic and Healthcare Delayed Draw","1","273","","9.97%"
"SRC048","120","19","The Center for Orthopedic and Healthcare Delayed Draw","2","328","Interest","1.00%"
"SRC048","120","20","Research Excellence, Inc. Term Loan","3","406","Par Amount","1,671,157"
"SRC048","120","20","Research Excellence, Inc. Term Loan","4","458","Cost","1,671,157"
"SRC048","120","20","Research Excellence, Inc. Term Loan","5","507","Fair Value","1,671,157"
"SRC048","120","21","The Center for Orthopedic and Healthcare Term Loan","1","273","","10.02%"
"SRC048","120","22","Research Excellence, Inc.","1","273","","1.00%"
"SRC048","120","22","Research Excellence, Inc.","3","406","Par Amount","3,134,875"
"SRC048","120","22","Research Excellence, Inc.","4","458","Cost","3,122,874"
"SRC048","120","22","Research Excellence, Inc.","5","507","Fair Value","3,134,875"
"SRC048","120","23","TMA Buyer LLC Software & Tech Term Loan","1","273","","8.82%"
"SRC048","120","23","TMA Buyer LLC Software & Tech Term Loan","2","328","Interest","0.75%"
"SRC048","120","24","Services","3","406","Par Amount","11,490,458"
"SRC048","120","24","Services","4","458","Cost","11,385,473"
"SRC048","120","24","Services","5","507","Fair Value","11,375,553"
"SRC048","120","25","TMA Buyer LLC Software & Tech Delayed Draw","1","273","","8.82%"
"SRC048","120","25","TMA Buyer LLC Software & Tech Delayed Draw","2","328","Interest","0.75%"
"SRC048","120","26","Services Term Loan","3","406","Par Amount","3,020,625"
"SRC048","120","26","Services Term Loan","4","458","Cost","2,993,359"
"SRC048","120","26","Services Term Loan","5","507","Fair Value","3,005,522"
"SRC048","120","27","TMA Buyer LLC Software & Tech Delayed Draw","2","328","Interest","0.75%"
"SRC048","120","28","TMA Buyer LLC Software & Tech Revolver","2","328","Interest","0.75%"
"SRC048","120","29","Services","4","458","Cost","(10,754)"
"SRC048","120","29","Services","5","507","Fair Value","(12,083)"
"SRC048","120","30","ToolWatch Intermediate, LLC Software & Tech Term Loan","1","273","","9.34%"
"SRC048","120","30","ToolWatch Intermediate, LLC Software & Tech Term Loan","2","328","Interest","0.75%"
"SRC048","120","31","Services","3","406","Par Amount","12,899,463"
"SRC048","120","31","Services","4","458","Cost","12,741,567"
"SRC048","120","31","Services","5","507","Fair Value","12,834,966"
"SRC048","120","32","ToolWatch Intermediate, LLC Software & Tech Delayed Draw","1","273","","9.34%"
"SRC048","120","32","ToolWatch Intermediate, LLC Software & Tech Delayed Draw","2","328","Interest","0.75%"
"SRC048","120","33","Services Term Loan","3","406","Par Amount","1,228,520"
"SRC048","120","33","Services Term Loan","4","458","Cost","1,228,520"
"SRC048","120","33","Services Term Loan","5","507","Fair Value","1,222,384"
"SRC048","120","34","ToolWatch Intermediate, LLC Software & Tech Revolver","2","328","Interest","0.75%"
"SRC048","120","35","Services","4","458","Cost","(14,195)"
"SRC048","120","35","Services","5","507","Fair Value","(6,143)"
"SRC048","120","36","Towerco IV Holdings, LLC Digital Infrastructure Delayed Draw","1","273","","7.58%"
"SRC048","120","36","Towerco IV Holdings, LLC Digital Infrastructure Delayed Draw","2","328","Interest","1.00%"
"SRC048","120","37","& Services Term Loan","3","406","Par Amount","21,954,771"
"SRC048","120","37","& Services Term Loan","4","458","Cost","21,898,002"
"SRC048","120","37","& Services Term Loan","5","507","Fair Value","21,954,771"
"SRC048","120","38","UFS, LLC Digital Infrastructure Term Loan","1","273","","8.50%"
"SRC048","120","38","UFS, LLC Digital Infrastructure Term Loan","2","328","Interest","7.50%"
"SRC048","120","39","& Services","3","406","Par Amount","11,004,383"
"SRC048","120","39","& Services","4","458","Cost","10,897,460"
"SRC048","120","39","& Services","5","507","Fair Value","10,894,339"
"SRC048","120","40","UFS, LLC Digital Infrastructure Revolver","1","273","","8.50%"
"SRC048","120","40","UFS, LLC Digital Infrastructure Revolver","2","328","Interest","7.50%"
"SRC048","120","41","& Services","3","406","Par Amount","174,673"
"SRC048","120","41","& Services","4","458","Cost","167,686"
"SRC048","120","41","& Services","5","507","Fair Value","167,686"
"SRC048","120","42","Unanet, Inc Software & Tech Term Loan","1","273","","9.23%"
"SRC048","120","42","Unanet, Inc Software & Tech Term Loan","2","328","Interest","0.75%"
"SRC048","120","43","Services","3","406","Par Amount","12,003,044"
"SRC048","120","43","Services","4","458","Cost","11,881,047"
"SRC048","120","43","Services","5","507","Fair Value","11,822,998"
"SRC048","120","44","Unanet, Inc Software & Tech Delayed Draw","1","273","","9.23%"
"SRC048","120","44","Unanet, Inc Software & Tech Delayed Draw","2","328","Interest","0.75%"
"SRC048","120","45","Services Term Loan","3","406","Par Amount","2,703,844"
"SRC048","120","45","Services Term Loan","4","458","Cost","2,671,372"
"SRC048","120","45","Services Term Loan","5","507","Fair Value","2,665,939"
"SRC048","120","46","Unanet, Inc Software & Tech Revolver","2","328","Interest","0.75%"
"SRC048","120","47","Services","4","458","Cost","(21,554)"
"SRC048","120","47","Services","5","507","Fair Value","(30,954)"
"SRC048","120","48","Unanet, Inc Software & Tech Delayed Draw","2","328","Interest","0.75%"
"SRC048","120","49","Services Term Loan","4","458","Cost","(3,331)"
"SRC048","120","49","Services Term Loan","5","507","Fair Value","(5,399)"
"SRC048","120","50","Ungerboeck Systems International, Software & Tech Term Loan","1","273","","9.04%"
"SRC048","120","50","Ungerboeck Systems International, Software & Tech Term Loan","2","328","Interest","1.00%"
"SRC048","120","51","LLC Services","3","406","Par Amount","259,792"
"SRC048","120","51","LLC Services","4","458","Cost","257,152"
"SRC048","120","51","LLC Services","5","507","Fair Value","259,792"
"SRC048","120","52","Ungerboeck Systems International, Software & Tech Term Loan","1","273","","9.04%"
"SRC048","120","52","Ungerboeck Systems International, Software & Tech Term Loan","2","328","Interest","1.00%"
"SRC048","120","53","LLC Services","3","406","Par Amount","300,579"
"SRC048","120","53","LLC Services","4","458","Cost","298,387"
"SRC048","120","53","LLC Services","5","507","Fair Value","300,579"
"SRC048","120","54","Ungerboeck Systems International, Software & Tech Term Loan","1","273","","9.04%"
"SRC048","120","54","Ungerboeck Systems International, Software & Tech Term Loan","2","328","Interest","1.00%"
"SRC048","120","55","LLC Services","3","406","Par Amount","2,676,518"
"SRC048","120","55","LLC Services","4","458","Cost","2,667,244"
"SRC048","120","55","LLC Services","5","507","Fair Value","2,676,518"
"SRC048","120","56","Ungerboeck Systems International, Software & Tech Delayed Draw","1","273","","9.04%"
"SRC048","120","56","Ungerboeck Systems International, Software & Tech Delayed Draw","2","328","Interest","1.00%"
"SRC048","120","57","LLC Services Term Loan","3","406","Par Amount","317,555"
"SRC048","120","57","LLC Services Term Loan","4","458","Cost","316,413"
"SRC048","120","57","LLC Services Term Loan","5","507","Fair Value","317,555"
"SRC048","120","58","Ungerboeck Systems International, Software & Tech Delayed Draw","1","273","","9.04%"
"SRC048","120","58","Ungerboeck Systems International, Software & Tech Delayed Draw","2","328","Interest","1.00%"
"SRC048","120","59","LLC Services Term Loan","3","406","Par Amount","680,432"
"SRC048","120","59","LLC Services Term Loan","4","458","Cost","680,432"
"SRC048","120","59","LLC Services Term Loan","5","507","Fair Value","680,432"
"SRC048","120","60","Ungerboeck Systems International, Software & Tech Term Loan","1","273","","9.04%"
"SRC048","120","60","Ungerboeck Systems International, Software & Tech Term Loan","2","328","Interest","1.00%"
"SRC048","120","61","LLC Services","3","406","Par Amount","134,337"
"SRC048","120","61","LLC Services","4","458","Cost","133,567"
"SRC048","120","61","LLC Services","5","507","Fair Value","134,337"
"SRC048","120","62","Ungerboeck Systems International, Software & Tech Delayed Draw","1","273","","9.04%"
"SRC048","120","62","Ungerboeck Systems International, Software & Tech Delayed Draw","2","328","Interest","1.00%"
"SRC048","120","63","LLC Services Term Loan","3","406","Par Amount","470,180"
"SRC048","120","63","LLC Services Term Loan","4","458","Cost","468,696"
"SRC048","120","63","LLC Services Term Loan","5","507","Fair Value","470,180"
"SRC048","120","64","Ungerboeck Systems International, Software & Tech Revolver","2","328","Interest","1.00%"
"SRC048","120","65","LLC Services","4","458","Cost","(938)"
"SRC048","120","66","Unlimited Technology Holdings, Healthcare Term Loan","1","273","","8.17%"
"SRC048","120","66","Unlimited Technology Holdings, Healthcare Term Loan","2","328","Interest","0.75%"
"SRC048","120","67","LLC","3","406","Par Amount","14,366,654"
"SRC048","120","67","LLC","4","458","Cost","14,301,020"
"SRC048","120","67","LLC","5","507","Fair Value","14,366,654"
"SRC048","120","68","Unlimited Technology Holdings, Healthcare Revolver","2","328","Interest","0.75%"
"SRC048","120","69","LLC","4","458","Cost","(8,536)"
"SRC048","121","1","UpStack Holdco Inc. Digital Infrastructure Revolver","1","272","","9.06%"
"SRC048","121","1","UpStack Holdco Inc. Digital Infrastructure Revolver","2","328","Interest","0.75%"
"SRC048","121","2","& Services","3","406","Par Amount","230,800"
"SRC048","121","2","& Services","4","455","Cost","223,325"
"SRC048","121","2","& Services","5","506","Fair Value","230,800"
"SRC048","121","3","UpStack Holdco Inc. Digital Infrastructure Delayed Draw","1","272","","8.86%"
"SRC048","121","3","UpStack Holdco Inc. Digital Infrastructure Delayed Draw","2","328","Interest","0.75%"
"SRC048","121","4","& Services Term Loan","3","406","Par Amount","844,727"
"SRC048","121","4","& Services Term Loan","4","455","Cost","831,278"
"SRC048","121","4","& Services Term Loan","5","506","Fair Value","844,727"
"SRC048","121","5","UpStack Holdco Inc. Digital Infrastructure Term Loan","1","272","","9.04%"
"SRC048","121","5","UpStack Holdco Inc. Digital Infrastructure Term Loan","2","328","Interest","0.75%"
"SRC048","121","6","& Services","3","406","Par Amount","6,000,793"
"SRC048","121","6","& Services","4","455","Cost","5,949,592"
"SRC048","121","6","& Services","5","506","Fair Value","6,000,793"
"SRC048","121","7","Vectra AI, Inc. Software & Tech Revolver","2","328","Interest","1.00%"
"SRC048","121","8","Services","4","455","Cost","(1,720)"
"SRC048","121","8","Services","5","506","Fair Value","(12,001)"
"SRC048","121","9","Vectra AI, Inc. Software & Tech Term Loan","1","272","","9.20%"
"SRC048","121","9","Vectra AI, Inc. Software & Tech Term Loan","2","328","Interest","1.00%"
"SRC048","121","10","Services","3","406","Par Amount","8,575,830"
"SRC048","121","10","Services","4","455","Cost","8,539,571"
"SRC048","121","10","Services","5","506","Fair Value","8,490,072"
"SRC048","121","11","Vectra AI, Inc. Software & Tech Delayed Draw","1","272","","9.20%"
"SRC048","121","11","Vectra AI, Inc. Software & Tech Delayed Draw","2","328","Interest","1.00%"
"SRC048","121","12","Services Term Loan","3","406","Par Amount","1,163,793"
"SRC048","121","12","Services Term Loan","4","455","Cost","1,139,774"
"SRC048","121","12","Services Term Loan","5","506","Fair Value","1,127,971"
"SRC048","121","13","Vehlo Purchaser, LLC Software & Tech Term Loan","1","272","","8.96%"
"SRC048","121","13","Vehlo Purchaser, LLC Software & Tech Term Loan","2","328","Interest","0.75%"
"SRC048","121","14","Services","3","406","Par Amount","2,006,737"
"SRC048","121","14","Services","4","455","Cost","1,991,140"
"SRC048","121","14","Services","5","506","Fair Value","2,006,737"
"SRC048","121","15","Vehlo Purchaser, LLC Software & Tech Term Loan","1","272","","9.22%"
"SRC048","121","15","Vehlo Purchaser, LLC Software & Tech Term Loan","2","328","Interest","0.75%"
"SRC048","121","16","Services","3","406","Par Amount","514,831"
"SRC048","121","16","Services","4","455","Cost","510,970"
"SRC048","121","16","Services","5","506","Fair Value","514,831"
"SRC048","121","17","Vehlo Purchaser, LLC Software & Tech Term Loan","1","272","","8.96%"
"SRC048","121","17","Vehlo Purchaser, LLC Software & Tech Term Loan","2","328","Interest","0.75%"
"SRC048","121","18","Services","3","406","Par Amount","20,877,300"
"SRC048","121","18","Services","4","455","Cost","20,748,140"
"SRC048","121","18","Services","5","506","Fair Value","20,877,300"
"SRC048","121","19","Vehlo Purchaser, LLC Software & Tech Delayed Draw","1","272","","9.21%"
"SRC048","121","19","Vehlo Purchaser, LLC Software & Tech Delayed Draw","2","328","Interest","0.75%"
"SRC048","121","20","Services Term Loan","3","406","Par Amount","5,799,250"
"SRC048","121","20","Services Term Loan","4","455","Cost","5,771,328"
"SRC048","121","20","Services Term Loan","5","506","Fair Value","5,799,250"
"SRC048","121","21","Vehlo Purchaser, LLC Software & Tech Revolver","2","328","Interest","0.75%"
"SRC048","121","22","Services","4","455","Cost","(10,059)"
"SRC048","121","23","Venture Buyer LLC Digital Infrastructure Term Loan","1","272","","8.96%"
"SRC048","121","23","Venture Buyer LLC Digital Infrastructure Term Loan","2","328","Interest","1.00%"
"SRC048","121","24","& Services","3","406","Par Amount","4,822,021"
"SRC048","121","24","& Services","4","455","Cost","4,749,302"
"SRC048","121","24","& Services","5","506","Fair Value","4,785,856"
"SRC048","121","25","Venture Buyer LLC Digital Infrastructure Delayed Draw","1","272","","9.11%"
"SRC048","121","25","Venture Buyer LLC Digital Infrastructure Delayed Draw","2","328","Interest","1.00%"
"SRC048","121","26","& Services Term Loan","3","406","Par Amount","175,219"
"SRC048","121","26","& Services Term Loan","4","455","Cost","166,964"
"SRC048","121","26","& Services Term Loan","5","506","Fair Value","175,219"
"SRC048","121","27","Venture Buyer LLC Digital Infrastructure Revolver","2","328","Interest","1.00%"
"SRC048","121","28","& Services","4","455","Cost","(10,567)"
"SRC048","121","28","& Services","5","506","Fair Value","(5,675)"
"SRC048","121","29","Veracross LLC Software & Tech Delayed Draw","1","272","","10.31%"
"SRC048","121","30","Services Term Loan","1","272","","1.00%"
"SRC048","121","30","Services Term Loan","3","406","Par Amount","820,058"
"SRC048","121","30","Services Term Loan","4","455","Cost","820,058"
"SRC048","121","30","Services Term Loan","5","506","Fair Value","820,058"
"SRC048","121","31","Veracross LLC Software & Tech Term Loan","1","272","","10.31%"
"SRC048","121","32","Services","1","272","","1.00%"
"SRC048","121","32","Services","3","406","Par Amount","15,416,509"
"SRC048","121","32","Services","4","455","Cost","15,312,266"
"SRC048","121","32","Services","5","506","Fair Value","15,416,509"
"SRC048","121","33","Veracross LLC Software & Tech Delayed Draw","1","272","","10.31%"
"SRC048","121","34","Services Term Loan","1","272","","1.00%"
"SRC048","121","34","Services Term Loan","3","406","Par Amount","1,821,742"
"SRC048","121","34","Services Term Loan","4","455","Cost","1,791,648"
"SRC048","121","34","Services Term Loan","5","506","Fair Value","1,821,742"
"SRC048","121","35","Veracross LLC Software & Tech Revolver","1","272","","10.31%"
"SRC048","121","36","Services","1","272","","1.00%"
"SRC048","121","36","Services","3","406","Par Amount","346,767"
"SRC048","121","36","Services","4","455","Cost","332,318"
"SRC048","121","36","Services","5","506","Fair Value","346,767"
"SRC048","121","37","Vhagar Purchaser, LLC Software & Tech Revolver","2","328","Interest","1.00%"
"SRC048","121","38","Services","4","455","Cost","(6,513)"
"SRC048","121","38","Services","5","506","Fair Value","(1,867)"
"SRC048","121","39","Vhagar Purchaser, LLC Software & Tech Term Loan","1","272","","9.48%"
"SRC048","121","39","Vhagar Purchaser, LLC Software & Tech Term Loan","2","328","Interest","1.00%"
"SRC048","121","40","Services","3","406","Par Amount","1,873,375"
"SRC048","121","40","Services","4","455","Cost","1,847,254"
"SRC048","121","40","Services","5","506","Fair Value","1,864,008"
"SRC048","121","41","Vhagar Purchaser, LLC Software & Tech Delayed Draw","2","328","Interest","1.00%"
"SRC048","121","42","Services Term Loan","4","455","Cost","(6,375)"
"SRC048","121","43","Vhagar Purchaser, LLC Software & Tech Term Loan","1","272","","9.48%"
"SRC048","121","43","Vhagar Purchaser, LLC Software & Tech Term Loan","2","328","Interest","1.00%"
"SRC048","121","44","Services","3","406","Par Amount","4,106,912"
"SRC048","121","44","Services","4","455","Cost","4,094,576"
"SRC048","121","44","Services","5","506","Fair Value","4,086,378"
"SRC048","121","45","Visionary Buyer, LLC Digital Infrastructure Term Loan","1","272","","9.17%"
"SRC048","121","45","Visionary Buyer, LLC Digital Infrastructure Term Loan","2","328","Interest","0.75%"
"SRC048","121","46","& Services","3","406","Par Amount","5,653,672"
"SRC048","121","46","& Services","4","455","Cost","5,585,156"
"SRC048","121","46","& Services","5","506","Fair Value","5,625,404"
"SRC048","121","47","Visionary Buyer, LLC Digital Infrastructure Delayed Draw","1","272","","9.17%"
"SRC048","121","47","Visionary Buyer, LLC Digital Infrastructure Delayed Draw","2","328","Interest","0.75%"
"SRC048","121","48","& Services Term Loan","3","406","Par Amount","5,653,672"
"SRC048","121","48","& Services Term Loan","4","455","Cost","5,587,913"
"SRC048","121","48","& Services Term Loan","5","506","Fair Value","5,625,404"
"SRC048","121","49","Visionary Buyer, LLC Digital Infrastructure Revolver","2","328","Interest","0.75%"
"SRC048","121","50","& Services","4","455","Cost","(14,943)"
"SRC048","121","50","& Services","5","506","Fair Value","(7,067)"
"SRC048","121","51","Visionary Buyer, LLC Digital Infrastructure Delayed Draw","1","272","","9.17%"
"SRC048","121","51","Visionary Buyer, LLC Digital Infrastructure Delayed Draw","2","328","Interest","0.75%"
"SRC048","121","52","& Services Term Loan","3","406","Par Amount","909,600"
"SRC048","121","52","& Services Term Loan","4","455","Cost","869,246"
"SRC048","121","52","& Services Term Loan","5","506","Fair Value","909,600"
"SRC048","121","53","Wealth Enhancement Group, LLC Financials Delayed Draw","1","272","","8.48%"
"SRC048","121","53","Wealth Enhancement Group, LLC Financials Delayed Draw","2","328","Interest","1.00%"
"SRC048","121","54","Term Loan","3","406","Par Amount","1,864,539"
"SRC048","121","54","Term Loan","4","455","Cost","1,852,973"
"SRC048","121","54","Term Loan","5","506","Fair Value","1,864,539"
"SRC048","121","55","Wealth Enhancement Group, LLC Financials Delayed Draw","1","272","","8.36%"
"SRC048","121","55","Wealth Enhancement Group, LLC Financials Delayed Draw","2","328","Interest","1.00%"
"SRC048","121","56","Term Loan","3","406","Par Amount","712,389"
"SRC048","121","56","Term Loan","4","455","Cost","706,861"
"SRC048","121","56","Term Loan","5","506","Fair Value","712,389"
"SRC048","121","57","Wealth Enhancement Group, LLC Financials Delayed Draw","2","328","Interest","1.00%"
"SRC048","121","58","Term Loan","4","455","Cost","(1,390)"
"SRC048","121","59","Wealth Enhancement Group, LLC Financials Delayed Draw","1","272","","8.48%"
"SRC048","121","59","Wealth Enhancement Group, LLC Financials Delayed Draw","2","328","Interest","1.00%"
"SRC048","121","60","Term Loan","3","406","Par Amount","6,104,825"
"SRC048","121","60","Term Loan","4","455","Cost","6,098,682"
"SRC048","121","60","Term Loan","5","506","Fair Value","6,104,825"
"SRC048","121","61","Wealth Enhancement Group, LLC Financials Revolver","2","328","Interest","1.00%"
"SRC048","121","62","Wealth Enhancement Group, LLC Financials Delayed Draw","1","272","","8.48%"
"SRC048","121","62","Wealth Enhancement Group, LLC Financials Delayed Draw","2","328","Interest","1.00%"
"SRC048","121","63","Term Loan","3","406","Par Amount","1,330,960"
"SRC048","121","63","Term Loan","4","455","Cost","1,329,044"
"SRC048","121","63","Term Loan","5","506","Fair Value","1,330,960"
"SRC048","121","64","West Dermatology Management Healthcare Term Loan","1","272","","10.22%"
"SRC048","121","65","Holdings, LLC","1","272","","1.00%"
"SRC048","121","65","Holdings, LLC","3","406","Par Amount","11,136,490"
"SRC048","121","65","Holdings, LLC","4","455","Cost","11,035,917"
"SRC048","121","65","Holdings, LLC","5","506","Fair Value","10,718,872"
"SRC048","121","66","West Dermatology Management Healthcare Delayed Draw","1","272","","10.17%"
"SRC048","121","67","Holdings, LLC Term Loan","1","272","","1.00%"
"SRC048","121","67","Holdings, LLC Term Loan","3","406","Par Amount","1,490,661"
"SRC048","121","67","Holdings, LLC Term Loan","4","455","Cost","1,482,217"
"SRC048","121","67","Holdings, LLC Term Loan","5","506","Fair Value","1,434,761"
"SRC048","122","1","Consolidated Schedule","3","385","","31,"
"SRC048","122","1","Consolidated Schedule","4","445","","2025"
"SRC048","122","2","West Dermatology Management Healthcare Revolver","1","247","","10.25%"
"SRC048","122","3","Holdings, LLC","1","247","","1.00%"
"SRC048","122","3","Holdings, LLC","3","385","Par Amount","1,253,284"
"SRC048","122","3","Holdings, LLC","4","445","Cost","1,237,742"
"SRC048","122","3","Holdings, LLC","5","506","Fair Value","1,206,286"
"SRC048","122","4","Wolverine Seller Holdings, LLC Services Term Loan","1","247","","8.42%"
"SRC048","122","4","Wolverine Seller Holdings, LLC Services Term Loan","2","302","Interest","0.75%"
"SRC048","122","5","Wolverine Seller Holdings, LLC Services Delayed Draw","1","247","","8.42%"
"SRC048","122","5","Wolverine Seller Holdings, LLC Services Delayed Draw","2","302","Interest","0.75%"
"SRC048","122","6","Term Loan","3","385","Par Amount","3,709,627"
"SRC048","122","6","Term Loan","4","445","Cost","3,656,811"
"SRC048","122","6","Term Loan","5","506","Fair Value","3,700,353"
"SRC048","122","7","Wolverine Seller Holdings, LLC Services Revolver","1","247","","8.42%"
"SRC048","122","7","Wolverine Seller Holdings, LLC Services Revolver","2","302","Interest","0.75%"
"SRC048","122","8","Wolverine Seller Holdings, LLC Services Delayed Draw","1","247","","8.42%"
"SRC048","122","8","Wolverine Seller Holdings, LLC Services Delayed Draw","2","302","Interest","0.75%"
"SRC048","122","9","Term Loan","3","385","Par Amount","1,094,924"
"SRC048","122","9","Term Loan","4","445","Cost","1,057,481"
"SRC048","122","9","Term Loan","5","506","Fair Value","1,094,924"
"SRC048","122","10","Your Part-Time Controller, LLC Services Term Loan","1","247","","8.21%"
"SRC048","122","10","Your Part-Time Controller, LLC Services Term Loan","2","302","Interest","1.00%"
"SRC048","122","11","Your Part-Time Controller, LLC Services Revolver","2","302","Interest","1.00%"
"SRC048","122","12","Zendesk, Inc. Software & Delayed Draw","1","247","","8.68%"
"SRC048","122","12","Zendesk, Inc. Software & Delayed Draw","2","302","Interest","0.75%"
"SRC048","122","13","Tech Services Term Loan","3","385","Par Amount","2,179,099"
"SRC048","122","13","Tech Services Term Loan","4","445","Cost","2,169,449"
"SRC048","122","13","Tech Services Term Loan","5","506","Fair Value","2,179,099"
"SRC048","122","14","Zendesk, Inc. Software & Revolver","2","302","Interest","0.75%"
"SRC048","122","15","Zendesk, Inc. Software & Term Loan","1","247","","8.68%"
"SRC048","122","15","Zendesk, Inc. Software & Term Loan","2","302","Interest","0.75%"
"SRC048","122","16","Tech Services","3","385","Par Amount","13,514,769"
"SRC048","122","16","Tech Services","4","445","Cost","13,514,769"
"SRC048","122","16","Tech Services","5","506","Fair Value","13,514,769"
"SRC048","122","17","Zendesk, Inc. Software & Delayed Draw","2","302","Interest","0.75%"
"SRC048","122","18","Tech Services Term Loan","4","445","Cost","(11,437)"
"SRC048","122","19","Secured Debt","4","445","Cost","1,780,097,169"
"SRC048","122","19","Secured Debt","5","506","Fair Value","1,753,574,042"
"SRC048","123","1","Symplr Software, Inc. Software & Tech Term Loan","1","255","Type","11.81%"
"SRC048","123","2","Services","2","277","Interest","0.75%"
"SRC048","123","3","Secured Debt","4","428","Cost","3,101,516"
"SRC048","123","3","Secured Debt","5","503","Fair Value","2,574,947"
"SRC048","123","4","Total U.S. Corporate Debt","4","428","Cost","1,783,198,685"
"SRC048","123","4","Total U.S. Corporate Debt","5","503","Fair Value","1,756,148,989"
"SRC048","123","5","RevauAdvanced Underwriting Inc. Financials Term Loan","1","255","Type","8.46%"
"SRC048","123","6","RevauAdvanced Underwriting Inc. Financials Delayed Draw","1","255","Type","8.46%"
"SRC048","123","7","Term Loan","2","277","Interest","0.75%"
"SRC048","123","8","Syntax Systems Ltd. Digital Term Loan","1","255","Type","8.81%"
"SRC048","123","9","Infrastructure &","2","277","Interest","0.75%"
"SRC048","123","10","Services","3","372","Par Amount","8,489,024"
"SRC048","123","10","Services","4","428","Cost","8,452,147"
"SRC048","123","10","Services","5","503","Fair Value","8,340,466"
"SRC048","123","11","Syntax Systems Ltd. Digital Term Loan","1","255","Type","8.82%"
"SRC048","123","12","Infrastructure &","2","277","Interest","0.75%"
"SRC048","123","13","Services","3","372","Par Amount","1,182,381"
"SRC048","123","13","Services","4","428","Cost","1,178,753"
"SRC048","123","13","Services","5","503","Fair Value","1,161,689"
"SRC048","123","14","Secured Debt","4","428","Cost","19,241,603"
"SRC048","123","14","Secured Debt","5","503","Fair Value","19,104,513"
"SRC048","123","15","Total Canadian Corporate Debt","4","428","Cost","19,241,603"
"SRC048","123","15","Total Canadian Corporate Debt","5","503","Fair Value","19,104,513"
"SRC048","123","16","SumUp Holdings Luxembourg Software & Tech Delayed Draw","1","255","Type","9.82%"
"SRC048","123","17","Services Term Loan","2","277","Interest","1.50%"
"SRC048","123","18","Lien/Senior Secured Debt","4","428","Cost","10,025,193"
"SRC048","123","18","Lien/Senior Secured Debt","5","503","Fair Value","10,088,201"
"SRC048","123","19","Debt","4","428","Cost","10,025,193"
"SRC048","123","19","Debt","5","503","Fair Value","10,088,201"
"SRC048","123","20","Services","1","255","Type","1.00%"
"SRC048","123","20","Services","4","428","Cost","(24,007)"
"SRC048","123","20","Services","5","503","Fair Value","(11,419)"
"SRC048","123","21","Labvantage Systems Limited Software & Tech Term Loan","1","255","Type","9.10%"
"SRC048","123","22","Services","2","277","Interest","1.00%"
"SRC048","123","23","Lien/Senior Secured Debt","4","428","Cost","19,286,537"
"SRC048","123","23","Lien/Senior Secured Debt","5","503","Fair Value","19,462,425"
"SRC048","123","24","Corporate Debt","4","428","Cost","19,286,537"
"SRC048","123","24","Corporate Debt","5","503","Fair Value","19,462,425"
"SRC048","124","1","U.S. Preferred Stock—1.08%","4","556","Tickmarks","(18)"
"SRC048","124","2","Alphasense, LLC Series C Preferred Software & Tech Services 6/1/2021","1","418","Shares","119,806"
"SRC048","124","2","Alphasense, LLC Series C Preferred Software & Tech Services 6/1/2021","2","464","Cost","369,843"
"SRC048","124","2","Alphasense, LLC Series C Preferred Software & Tech Services 6/1/2021","3","514","Value","1,062,686"
"SRC048","124","2","Alphasense, LLC Series C Preferred Software & Tech Services 6/1/2021","4","556","Tickmarks","(8)"
"SRC048","124","3","Services 12/31/2025","1","418","Shares","375,804"
"SRC048","124","3","Services 12/31/2025","2","464","Cost","375,804"
"SRC048","124","3","Services 12/31/2025","3","514","Value","375,804"
"SRC048","124","4","Concerto HealthAI Solutions LLC Series B-1 Preferred Software & Tech Services 12/23/2019","1","418","Shares","65,614"
"SRC048","124","4","Concerto HealthAI Solutions LLC Series B-1 Preferred Software & Tech Services 12/23/2019","2","464","Cost","349,977"
"SRC048","124","4","Concerto HealthAI Solutions LLC Series B-1 Preferred Software & Tech Services 12/23/2019","3","514","Value","266,200"
"SRC048","124","5","Datarobot, Inc. Series E Software & Tech Services 8/31/2019","1","418","Shares","38,190"
"SRC048","124","5","Datarobot, Inc. Series E Software & Tech Services 8/31/2019","2","464","Cost","289,278"
"SRC048","124","5","Datarobot, Inc. Series E Software & Tech Services 8/31/2019","3","514","Value","158,120"
"SRC048","124","6","Datarobot, Inc. Series F Software & Tech Services 10/27/2020","1","418","Shares","6,715"
"SRC048","124","6","Datarobot, Inc. Series F Software & Tech Services 10/27/2020","2","464","Cost","88,248"
"SRC048","124","6","Datarobot, Inc. Series F Software & Tech Services 10/27/2020","3","514","Value","42,915"
"SRC048","124","7","Degreed, Inc. Series C-1 Preferred Software & Tech Services 6/19/2019","1","418","Shares","43,819"
"SRC048","124","7","Degreed, Inc. Series C-1 Preferred Software & Tech Services 6/19/2019","2","464","Cost","278,541"
"SRC048","124","7","Degreed, Inc. Series C-1 Preferred Software & Tech Services 6/19/2019","3","514","Value","232,945"
"SRC048","124","8","Degreed, Inc. Series D Preferred Software & Tech Services 4/30/2021","1","418","Shares","16,943"
"SRC048","124","8","Degreed, Inc. Series D Preferred Software & Tech Services 4/30/2021","2","464","Cost","278,308"
"SRC048","124","8","Degreed, Inc. Series D Preferred Software & Tech Services 4/30/2021","3","514","Value","247,248"
"SRC048","124","9","Stock 6/23/2022","1","418","Shares","738"
"SRC048","124","9","Stock 6/23/2022","2","464","Cost","719,791"
"SRC048","124","9","Stock 6/23/2022","3","514","Value","1,183,155"
"SRC048","124","10","Units Services 1/24/2022","1","418","Shares","333,937"
"SRC048","124","10","Units Services 1/24/2022","2","464","Cost","272,826"
"SRC048","124","10","Units Services 1/24/2022","3","514","Value","350,966"
"SRC048","124","11","Phenom People, Inc. Series C Preferred Software & Tech Services 1/10/2020","1","418","Shares","35,055"
"SRC048","124","11","Phenom People, Inc. Series C Preferred Software & Tech Services 1/10/2020","2","464","Cost","220,610"
"SRC048","124","11","Phenom People, Inc. Series C Preferred Software & Tech Services 1/10/2020","3","514","Value","631,399"
"SRC048","124","12","Units 8/29/2025","1","418","Shares","66,435"
"SRC048","124","12","Units 8/29/2025","2","464","Cost","66,435"
"SRC048","124","12","Units 8/29/2025","3","514","Value","66,435"
"SRC048","124","13","Swyft Parent Holdings LP Preferred Units Services 2/7/2022","1","418","Shares","850,470"
"SRC048","124","13","Swyft Parent Holdings LP Preferred Units Services 2/7/2022","2","464","Cost","758,389"
"SRC048","124","13","Swyft Parent Holdings LP Preferred Units Services 2/7/2022","3","514","Value","1,065,958"
"SRC048","124","14","Shares 11/30/2018","1","418","Shares","1,196"
"SRC048","124","14","Shares 11/30/2018","2","464","Cost","1,160,531"
"SRC048","124","14","Shares 11/30/2018","3","514","Value","2,072,936"
"SRC048","124","15","Vectra AI, Inc. Series F Preferred Software & Tech Services 5/28/2021","1","418","Shares","17,064"
"SRC048","124","15","Vectra AI, Inc. Series F Preferred Software & Tech Services 5/28/2021","2","464","Cost","131,095"
"SRC048","124","15","Vectra AI, Inc. Series F Preferred Software & Tech Services 5/28/2021","3","514","Value","135,355"
"SRC048","124","16","Total U.S. Preferred Stock","2","464","Cost","5,359,676"
"SRC048","124","16","Total U.S. Preferred Stock","3","514","Value","7,892,122"
"SRC048","124","17","France Preferred Stock—0.03%","4","556","Tickmarks","(18)"
"SRC048","124","18","Content Square SAS Series F Preferred Software & Tech Services 11/30/2023","1","418","Shares","27,976"
"SRC048","124","18","Content Square SAS Series F Preferred Software & Tech Services 11/30/2023","2","464","Cost","206,755"
"SRC048","124","18","Content Square SAS Series F Preferred Software & Tech Services 11/30/2023","3","514","Value","236,313"
"SRC048","124","18","Content Square SAS Series F Preferred Software & Tech Services 11/30/2023","4","556","Tickmarks","(8)"
"SRC048","124","19","Total France Preferred Stock","2","464","Cost","206,755"
"SRC048","124","19","Total France Preferred Stock","3","514","Value","236,313"
"SRC048","124","20","U.S. Common Stock—1.15%","4","556","Tickmarks","(18)"
"SRC048","124","21","Advantage AVP Parent Holdings, L.P. Units Healthcare 9/24/2021","1","418","Shares","34,492"
"SRC048","124","21","Advantage AVP Parent Holdings, L.P. Units Healthcare 9/24/2021","2","464","Cost","34,492"
"SRC048","124","21","Advantage AVP Parent Holdings, L.P. Units Healthcare 9/24/2021","3","514","Value","30,529"
"SRC048","124","22","Artemis Investor Holdings, LLC Class A Units Services 1/22/2021","1","418","Shares","38,551"
"SRC048","124","22","Artemis Investor Holdings, LLC Class A Units Services 1/22/2021","2","464","Cost","385,509"
"SRC048","124","22","Artemis Investor Holdings, LLC Class A Units Services 1/22/2021","3","514","Value","386,310"
"SRC048","124","22","Artemis Investor Holdings, LLC Class A Units Services 1/22/2021","4","556","Tickmarks","(8)"
"SRC048","124","23","Common Units 11/16/2021","1","418","Shares","433,207"
"SRC048","124","23","Common Units 11/16/2021","2","464","Cost","433,207"
"SRC048","124","23","Common Units 11/16/2021","3","514","Value","354,384"
"SRC048","124","24","CL Services Acquisition, LLC Common Units Services 3/31/2025","1","418","Shares","405,787"
"SRC048","124","24","CL Services Acquisition, LLC Common Units Services 3/31/2025","2","464","Cost","628,970"
"SRC048","124","24","CL Services Acquisition, LLC Common Units Services 3/31/2025","3","514","Value","969,291"
"SRC048","124","24","CL Services Acquisition, LLC Common Units Services 3/31/2025","4","556","Tickmarks","(8)"
"SRC048","124","25","Services 10/31/2023","1","418","Shares","811,572"
"SRC048","124","25","Services 10/31/2023","2","464","Cost","811,572"
"SRC048","124","25","Services 10/31/2023","3","514","Value","818,894"
"SRC048","124","26","Coinvest YPTC Blocked Aggregator, L.P. Class A-1 Units Services 11/14/2021","1","418","Shares","138,390"
"SRC048","124","26","Coinvest YPTC Blocked Aggregator, L.P. Class A-1 Units Services 11/14/2021","2","464","Cost","138,390"
"SRC048","124","26","Coinvest YPTC Blocked Aggregator, L.P. Class A-1 Units Services 11/14/2021","3","514","Value","260,780"
"SRC048","124","27","Units 1/3/2022","1","418","Shares","180"
"SRC048","124","27","Units 1/3/2022","2","464","Cost","179,861"
"SRC048","124","27","Units 1/3/2022","3","514","Value","558,708"
"SRC048","124","28","GSV Medsuite Investments, LLC Class A Units Healthcare 12/22/2021","1","418","Shares","86,555"
"SRC048","124","28","GSV Medsuite Investments, LLC Class A Units Healthcare 12/22/2021","2","464","Cost","85,705"
"SRC048","124","28","GSV Medsuite Investments, LLC Class A Units Healthcare 12/22/2021","3","514","Value","74,322"
"SRC048","124","29","GSV Vehlo Investments, LLC Class A Units Software & Tech Services 5/20/2022","1","418","Shares","150,297"
"SRC048","124","29","GSV Vehlo Investments, LLC Class A Units Software & Tech Services 5/20/2022","2","464","Cost","150,297"
"SRC048","124","29","GSV Vehlo Investments, LLC Class A Units Software & Tech Services 5/20/2022","3","514","Value","195,689"
"SRC048","124","30","Leeds FEG Investors, LLC Class A Units Consumer Non-Cyclical 11/20/2017","1","418","Shares","320"
"SRC048","124","30","Leeds FEG Investors, LLC Class A Units Consumer Non-Cyclical 11/20/2017","2","464","Cost","321,309"
"SRC048","124","30","Leeds FEG Investors, LLC Class A Units Consumer Non-Cyclical 11/20/2017","3","514","Value","252,426"
"SRC048","124","31","Moon Topco, L.P. Units Software & Tech Services 4/19/2021","1","418","Shares","1,772"
"SRC048","124","31","Moon Topco, L.P. Units Software & Tech Services 4/19/2021","2","464","Cost","17,719"
"SRC048","124","31","Moon Topco, L.P. Units Software & Tech Services 4/19/2021","3","514","Value","66,317"
"SRC048","124","32","Units 3/18/2022","1","418","Shares","257,031"
"SRC048","124","32","Units 3/18/2022","2","464","Cost","257,031"
"SRC048","124","32","Units 3/18/2022","3","514","Value","383,519"
"SRC048","124","33","Services 10/21/2021","1","418","Shares","98"
"SRC048","124","33","Services 10/21/2021","2","464","Cost","97,884"
"SRC048","124","34","Stock 1/27/2020","1","418","Shares","36,144"
"SRC048","124","34","Stock 1/27/2020","2","464","Cost","686,736"
"SRC048","124","34","Stock 1/27/2020","3","514","Value","821,553"
"SRC048","124","35","Services 9/27/2019","1","418","Shares","396,513"
"SRC048","124","35","Services 9/27/2019","2","464","Cost","439,931"
"SRC048","124","35","Services 9/27/2019","3","514","Value","161,369"
"SRC048","124","36","NP/AB Care Holdings, L.P. Class A Units Software & Tech Services 12/17/2025","1","418","Shares","939"
"SRC048","124","36","NP/AB Care Holdings, L.P. Class A Units Software & Tech Services 12/17/2025","2","464","Cost","938,815"
"SRC048","124","36","NP/AB Care Holdings, L.P. Class A Units Software & Tech Services 12/17/2025","3","514","Value","954,467"
"SRC048","124","36","NP/AB Care Holdings, L.P. Class A Units Software & Tech Services 12/17/2025","4","556","Tickmarks","(8)"
"SRC048","124","37","Units Services 1/24/2022","1","418","Shares","333,937"
"SRC048","124","37","Units Services 1/24/2022","2","464","Cost","61,110"
"SRC048","124","37","Units Services 1/24/2022","3","514","Value","45,215"
"SRC048","124","38","Ranger Lexipol Holdings, LLC Class A-1 Units Software & Tech Services 11/18/2021","1","418","Shares","437"
"SRC048","124","38","Ranger Lexipol Holdings, LLC Class A-1 Units Software & Tech Services 11/18/2021","2","464","Cost","359,487"
"SRC048","124","38","Ranger Lexipol Holdings, LLC Class A-1 Units Software & Tech Services 11/18/2021","3","514","Value","527,494"
"SRC048","124","39","Ranger Lexipol Holdings, LLC Class B Units Software & Tech Services 11/18/2021","1","418","Shares","434"
"SRC048","124","39","Ranger Lexipol Holdings, LLC Class B Units Software & Tech Services 11/18/2021","2","464","Cost","77,470"
"SRC048","124","39","Ranger Lexipol Holdings, LLC Class B Units Software & Tech Services 11/18/2021","3","514","Value","111,563"
"SRC048","124","40","REP AOM Holdings, LLC Earn Out Healthcare 2/15/2022","1","418","Shares","290,393"
"SRC048","124","40","REP AOM Holdings, LLC Earn Out Healthcare 2/15/2022","3","514","Value","1,452"
"SRC048","124","41","REP Coinvest III AGP Blocker, L.P. Earn Out Healthcare 10/14/2021","1","418","Shares","32,293"
"SRC048","124","41","REP Coinvest III AGP Blocker, L.P. Earn Out Healthcare 10/14/2021","3","514","Value","8,073"
"SRC048","124","42","REP COINVEST III OMNI, L.P. Units Services 2/4/2021","1","418","Shares","193,770"
"SRC048","124","42","REP COINVEST III OMNI, L.P. Units Services 2/4/2021","2","464","Cost","53,301"
"SRC048","124","42","REP COINVEST III OMNI, L.P. Units Services 2/4/2021","3","514","Value","102,698"
"SRC048","124","42","REP COINVEST III OMNI, L.P. Units Services 2/4/2021","4","556","Tickmarks","(17)"
"SRC048","124","43","REP Coinvest III TEC, L.P. Class A Units Services 6/18/2020","1","418","Shares","167,509"
"SRC048","124","43","REP Coinvest III TEC, L.P. Class A Units Services 6/18/2020","2","464","Cost","190,658"
"SRC048","124","43","REP Coinvest III TEC, L.P. Class A Units Services 6/18/2020","3","514","Value","185,290"
"SRC048","124","44","REP RO Coinvest IV-A, L.P. Class A Units Services 12/28/2022 66,441,840","2","464","Cost","664,418"
"SRC048","124","44","REP RO Coinvest IV-A, L.P. Class A Units Services 12/28/2022 66,441,840","3","514","Value","285,035"
"SRC048","124","45","RFCN Parent, LP Class A Units Healthcare 6/18/2021","1","418","Shares","77"
"SRC048","124","45","RFCN Parent, LP Class A Units Healthcare 6/18/2021","2","464","Cost","78,284"
"SRC048","124","45","RFCN Parent, LP Class A Units Healthcare 6/18/2021","3","514","Value","122,530"
"SRC048","124","46","SBS Super Holdings, LLC Class A Voting Units Healthcare 5/12/2023","1","418","Shares","21"
"SRC048","124","46","SBS Super Holdings, LLC Class A Voting Units Healthcare 5/12/2023","4","556","Tickmarks","(5)"
"SRC048","124","47","Units 5/12/2023","1","418","Shares","100"
"SRC048","124","47","Units 5/12/2023","2","464","Cost","10"
"SRC048","124","48","Singularity Topco LLC Common Units Software & Tech Services 9/30/2022","1","418","Shares","337,841"
"SRC048","124","48","Singularity Topco LLC Common Units Software & Tech Services 9/30/2022","2","464","Cost","953,133"
"SRC048","124","48","Singularity Topco LLC Common Units Software & Tech Services 9/30/2022","3","514","Value","544,686"
"SRC048","124","49","Stock 5/17/2021","1","418","Shares","4,158"
"SRC048","124","49","Stock 5/17/2021","2","464","Cost","166,854"
"SRC048","124","49","Stock 5/17/2021","3","514","Value","171,725"
"SRC048","124","50","Swyft Parent Holdings LP Common Units Services 2/7/2022","1","418","Shares","4,485"
"SRC048","124","50","Swyft Parent Holdings LP Common Units Services 2/7/2022","2","464","Cost","53,048"
"SRC048","124","51","Total U.S. Common Stock","2","464","Cost","8,265,201"
"SRC048","124","51","Total U.S. Common Stock","3","514","Value","8,394,319"
"SRC048","124","52","France Common Stock—0.06%","4","556","Tickmarks","(18)"
"SRC048","124","53","Content Square SAS Ordinary Shares Software & Tech Services 11/30/2023","1","418","Shares","78,527"
"SRC048","124","53","Content Square SAS Ordinary Shares Software & Tech Services 11/30/2023","2","464","Cost","416,757"
"SRC048","124","53","Content Square SAS Ordinary Shares Software & Tech Services 11/30/2023","3","514","Value","431,245"
"SRC048","124","53","Content Square SAS Ordinary Shares Software & Tech Services 11/30/2023","4","556","Tickmarks","(8)"
"SRC048","124","54","Total France Common Stock","2","464","Cost","416,757"
"SRC048","124","54","Total France Common Stock","3","514","Value","431,245"
"SRC048","124","55","Luxembourg Common Stock—0.15%","4","556","Tickmarks","(18)"
"SRC048","124","56","Astorg VIII Co-Invest Acturis Limited Partnership Software & Tech Services 10/18/2024","1","418","Shares","770,000"
"SRC048","124","56","Astorg VIII Co-Invest Acturis Limited Partnership Software & Tech Services 10/18/2024","2","464","Cost","843,179"
"SRC048","124","56","Astorg VIII Co-Invest Acturis Limited Partnership Software & Tech Services 10/18/2024","3","514","Value","1,113,419"
"SRC048","124","56","Astorg VIII Co-Invest Acturis Limited Partnership Software & Tech Services 10/18/2024","4","556","Tickmarks","(8)"
"SRC048","124","57","Total Luxembourg Common Stock","2","464","Cost","843,179"
"SRC048","124","57","Total Luxembourg Common Stock","3","514","Value","1,113,419"
"SRC048","125","1","U.S. Warrants—0.25%","4","555","s","(18)"
"SRC048","125","2","Alphasense, LLC Series B Warrants Software & Tech Services 6/2/2020","1","406","Shares","201,972"
"SRC048","125","2","Alphasense, LLC Series B Warrants Software & Tech Services 6/2/2020","2","458","Cost","35,185"
"SRC048","125","2","Alphasense, LLC Series B Warrants Software & Tech Services 6/2/2020","3","510","Fair Value","1,509,865"
"SRC048","125","2","Alphasense, LLC Series B Warrants Software & Tech Services 6/2/2020","4","555","s","(8)"
"SRC048","125","3","Warrants 5/31/2019","1","406","Shares","26,294"
"SRC048","125","3","Warrants 5/31/2019","2","458","Cost","46,823"
"SRC048","125","3","Warrants 5/31/2019","3","510","Fair Value","28,847"
"SRC048","125","4","Degreed, Inc. Series D Warrants Software & Tech Services 4/11/2021","1","406","Shares","7,624"
"SRC048","125","4","Degreed, Inc. Series D Warrants Software & Tech Services 4/11/2021","3","510","Fair Value","1,932"
"SRC048","125","5","Degreed, Inc. Common Warrants Software & Tech Services 8/31/2022","1","406","Shares","9,374"
"SRC048","125","5","Degreed, Inc. Common Warrants Software & Tech Services 8/31/2022","2","458","Cost","41,527"
"SRC048","125","5","Degreed, Inc. Common Warrants Software & Tech Services 8/31/2022","3","510","Fair Value","14,369"
"SRC048","125","6","Warrants 9/9/2022","1","406","Shares","239,984"
"SRC048","125","6","Warrants 9/9/2022","2","458","Cost","43,880"
"SRC048","125","6","Warrants 9/9/2022","3","510","Fair Value","144,142"
"SRC048","125","7","Vectra AI, Inc. Warrants Software & Tech Services 3/18/2021","1","406","Shares","35,156"
"SRC048","125","7","Vectra AI, Inc. Warrants Software & Tech Services 3/18/2021","2","458","Cost","58,190"
"SRC048","125","7","Vectra AI, Inc. Warrants Software & Tech Services 3/18/2021","3","510","Fair Value","121,797"
"SRC048","125","8","Total U.S. Warrants","2","458","Cost","225,605"
"SRC048","125","8","Total U.S. Warrants","3","510","Fair Value","1,820,952"
"SRC048","125","9","United Kingdom Warrants—0.04%","4","555","s","(18)"
"SRC048","125","10","Global WebIndex Holdings Limited Warrants Software & Tech Services 12/30/2020","1","406","Shares","11,776"
"SRC048","125","10","Global WebIndex Holdings Limited Warrants Software & Tech Services 12/30/2020","2","458","Cost","159,859"
"SRC048","125","10","Global WebIndex Holdings Limited Warrants Software & Tech Services 12/30/2020","3","510","Fair Value","281,148"
"SRC048","125","11","Total United Kingdom Warrants","2","458","Cost","159,859"
"SRC048","125","11","Total United Kingdom Warrants","3","510","Fair Value","281,148"
"SRC048","125","12","France Warrants—0.00%","4","555","s","(18)"
"SRC048","125","13","Shares Warrants 11/30/2023","1","406","Shares","2,027"
"SRC048","125","13","Shares Warrants 11/30/2023","2","458","Cost","8,561"
"SRC048","125","14","Total France Warrants","2","458","Cost","8,561"
"SRC048","125","15","AB EQUITY INVESTORS, L.P. LP Interests 22,615,250","2","458","Cost","22,615,250"
"SRC048","125","15","AB EQUITY INVESTORS, L.P. LP Interests 22,615,250","3","510","Fair Value","27,595,076"
"SRC048","125","15","AB EQUITY INVESTORS, L.P. LP Interests 22,615,250","4","555","s","(11)"
"SRC048","125","16","Falcon Co-Investment Partners, L.P. Units","1","406","Shares","849,577"
"SRC048","125","16","Falcon Co-Investment Partners, L.P. Units","2","458","Cost","849,577"
"SRC048","125","16","Falcon Co-Investment Partners, L.P. Units","3","510","Fair Value","850,426"
"SRC048","125","16","Falcon Co-Investment Partners, L.P. Units","4","555","s","(11)"
"SRC048","125","17","GHP E AGGREGATOR, LLC Units","1","406","Shares","417,813"
"SRC048","125","17","GHP E AGGREGATOR, LLC Units","2","458","Cost","186,588"
"SRC048","125","17","GHP E AGGREGATOR, LLC Units","3","510","Fair Value","942,042"
"SRC048","125","17","GHP E AGGREGATOR, LLC Units","4","555","s","(11)"
"SRC048","125","18","GHP-EIP Aggregator, LLC Common Units","1","406","Shares","50,957"
"SRC048","125","18","GHP-EIP Aggregator, LLC Common Units","2","458","Cost","174,608"
"SRC048","125","19","Interests","1","406","Shares","605,989"
"SRC048","125","19","Interests","2","458","Cost","605,989"
"SRC048","125","19","Interests","3","510","Fair Value","617,488"
"SRC048","125","20","GTCR A-1 Investors LP Units","1","406","Shares","1,100,000"
"SRC048","125","20","GTCR A-1 Investors LP Units","2","458","Cost","1,100,000"
"SRC048","125","20","GTCR A-1 Investors LP Units","3","510","Fair Value","1,320,000"
"SRC048","125","20","GTCR A-1 Investors LP Units","4","555","s","(11)"
"SRC048","125","21","Magenta Blocker Aggregator LP Units","1","406","Shares","821,396"
"SRC048","125","21","Magenta Blocker Aggregator LP Units","2","458","Cost","676,978"
"SRC048","125","21","Magenta Blocker Aggregator LP Units","3","510","Fair Value","977,461"
"SRC048","125","21","Magenta Blocker Aggregator LP Units","4","555","s","(11)"
"SRC048","125","22","Orangewood WWB Co-Invest, L.P. Units","1","406","Shares","829,314"
"SRC048","125","22","Orangewood WWB Co-Invest, L.P. Units","2","458","Cost","781,612"
"SRC048","125","22","Orangewood WWB Co-Invest, L.P. Units","3","510","Fair Value","1,434,713"
"SRC048","125","22","Orangewood WWB Co-Invest, L.P. Units","4","555","s","(11)"
"SRC048","125","23","ORCP III TRITON CO-INVESTORS, L.P. Units","1","406","Shares","341,592"
"SRC048","125","23","ORCP III TRITON CO-INVESTORS, L.P. Units","4","555","s","(11)"
"SRC048","125","24","OSS SPV LP Units","1","406","Shares","393,055"
"SRC048","125","24","OSS SPV LP Units","2","458","Cost","381,076"
"SRC048","125","24","OSS SPV LP Units","3","510","Fair Value","581,721"
"SRC048","125","24","OSS SPV LP Units","4","555","s","(11)"
"SRC048","125","25","Palms Co-Investment Partners D, L.P. Units","1","406","Shares","261,450"
"SRC048","125","25","Palms Co-Investment Partners D, L.P. Units","2","458","Cost","261,450"
"SRC048","125","25","Palms Co-Investment Partners D, L.P. Units","3","510","Fair Value","295,438"
"SRC048","125","25","Palms Co-Investment Partners D, L.P. Units","4","555","s","(11)"
"SRC048","125","26","QCS Co-Invest Aggregator, L.P. Units","1","406","Shares","529,116"
"SRC048","125","26","QCS Co-Invest Aggregator, L.P. Units","2","458","Cost","529,116"
"SRC048","125","26","QCS Co-Invest Aggregator, L.P. Units","3","510","Fair Value","652,400"
"SRC048","125","26","QCS Co-Invest Aggregator, L.P. Units","4","555","s","(11)"
"SRC048","125","27","Units","1","406","Shares","32,450"
"SRC048","125","27","Units","2","458","Cost","171,840"
"SRC048","125","27","Units","3","510","Fair Value","34,397"
"SRC048","125","28","Units","1","406","Shares","541"
"SRC048","125","28","Units","2","458","Cost","368,990"
"SRC048","125","28","Units","3","510","Fair Value","674,112"
"SRC048","125","29","Total U.S. Investment Companies","2","458","Cost","28,703,074"
"SRC048","125","29","Total U.S. Investment Companies","3","510","Fair Value","35,975,274"
"SRC048","125","30","Canada Investment Companies—0.05%","4","555","s","(18)"
"SRC048","125","31","GHP SPV-2, L.P. Units","1","406","Shares","271,942"
"SRC048","125","31","GHP SPV-2, L.P. Units","2","458","Cost","271,942"
"SRC048","125","31","GHP SPV-2, L.P. Units","3","510","Fair Value","347,542"
"SRC048","125","32","Total Canada Investment Companies","2","458","Cost","271,942"
"SRC048","125","32","Total Canada Investment Companies","3","510","Fair Value","347,542"
"SRC048","125","33","Total Investments—(254.85%)","2","458","Cost","1,876,212,627"
"SRC048","125","33","Total Investments—(254.85%)","3","510","Fair Value","2"
"SRC048","125","34","Cash Equivalents—11.20%","4","555","s","(13)"
"SRC048","125","35","BLACKROCK T FUND INST 4.34% 12,327,286","2","458","Cost","12,327,286"
"SRC048","125","35","BLACKROCK T FUND INST 4.34% 12,327,286","3","510","Fair Value","12,327,286"
"SRC048","125","36","Market Fund 4.42%","1","406","Shares","3,077,289"
"SRC048","125","36","Market Fund 4.42%","2","458","Cost","3,077,289"
"SRC048","125","36","Market Fund 4.42%","3","510","Fair Value","3,077,289"
"SRC048","125","37","US BANK MMDA GCTS 3.73% 66,394,741","2","458","Cost","66,394,741"
"SRC048","125","37","US BANK MMDA GCTS 3.73% 66,394,741","3","510","Fair Value","66,394,741"
"SRC048","125","38","Total Cash Equivalents","2","458","Cost","81,799,316"
"SRC048","125","38","Total Cash Equivalents","3","510","Fair Value","81,799,316"
"SRC048","125","39","US Dollar","2","458","Cost","24,008,727"
"SRC048","125","39","US Dollar","3","510","Fair Value","24,008,727"
"SRC048","125","39","US Dollar","4","555","s","(13)"
"SRC048","125","40","Total Cash","2","458","Cost","24,008,727"
"SRC048","125","40","Total Cash","3","510","Fair Value","24,008,727"
"SRC048","125","41","TOTAL CASH AND CASH EQUIVALENTS","2","458","Cost","105,808,043"
"SRC048","125","41","TOTAL CASH AND CASH EQUIVALENTS","3","510","Fair Value","105,808,043"
"SRC048","125","42","LIABILITIES IN EXCESS OF OTHER ASSETS","3","510","Fair Value","(1,236,755,7"
"SRC048","125","43","—(169.34%)","3","510","Fair Value","74)"
"SRC048","125","44","NETASSETS—100.00%","3","510","Fair Value","730,348,731"
"SRC048","127","1","7/19/2029","4","552","Tickmarks","(15)"
"SRC048","127","2","Services 8.86% (S + 4.25%) $","1","417","Par Amount","4,331,058"
"SRC048","127","2","Services 8.86% (S + 4.25%) $","2","461","Cost","4,288,833"
"SRC048","127","2","Services 8.86% (S + 4.25%) $","3","506","Fair Value","4,287,748"
"SRC048","127","3","7/19/2029","4","552","Tickmarks","(6)"
"SRC048","127","4","Services Loan 8.57% (S + 4.25%)","1","417","Par Amount","300,894"
"SRC048","127","4","Services Loan 8.57% (S + 4.25%)","2","461","Cost","283,574"
"SRC048","127","4","Services Loan 8.57% (S + 4.25%)","3","506","Fair Value","282,658"
"SRC048","127","5","Loan 9.71% (S + 5.25%; 0.75% Floor)","1","417","Par Amount","2,160,730"
"SRC048","127","5","Loan 9.71% (S + 5.25%; 0.75% Floor)","2","461","Cost","2,121,383"
"SRC048","127","5","Loan 9.71% (S + 5.25%; 0.75% Floor)","3","506","Fair Value","2,128,680"
"SRC048","127","6","AAH Topco, LLC Healthcare Term Loan 9.70% (S + 5.25%; 0.75% Floor) 12/22/2027","1","417","Par Amount","6,354,363"
"SRC048","127","6","AAH Topco, LLC Healthcare Term Loan 9.70% (S + 5.25%; 0.75% Floor) 12/22/2027","2","461","Cost","6,284,751"
"SRC048","127","6","AAH Topco, LLC Healthcare Term Loan 9.70% (S + 5.25%; 0.75% Floor) 12/22/2027","3","506","Fair Value","6,259,048"
"SRC048","127","6","AAH Topco, LLC Healthcare Term Loan 9.70% (S + 5.25%; 0.75% Floor) 12/22/2027","4","552","Tickmarks","(15)"
"SRC048","127","7","12/22/2027","4","552","Tickmarks","(15)"
"SRC048","127","8","Loan 9.70% (S + 5.25%; 0.75% Floor)","1","417","Par Amount","6,431,136"
"SRC048","127","8","Loan 9.70% (S + 5.25%; 0.75% Floor)","2","461","Cost","6,341,046"
"SRC048","127","8","Loan 9.70% (S + 5.25%; 0.75% Floor)","3","506","Fair Value","6,334,669"
"SRC048","127","9","AAH Topco, LLC Healthcare Revolver —(S + 5.25%; 0.75% Floor) 12/22/2027","2","461","Cost","(7,940)"
"SRC048","127","9","AAH Topco, LLC Healthcare Revolver —(S + 5.25%; 0.75% Floor) 12/22/2027","3","506","Fair Value","(11,809)"
"SRC048","127","10","Services Loan 9.85% (S + 5.50%; 0.75% Floor)","1","417","Par Amount","241,364"
"SRC048","127","10","Services Loan 9.85% (S + 5.50%; 0.75% Floor)","2","461","Cost","235,307"
"SRC048","127","10","Services Loan 9.85% (S + 5.50%; 0.75% Floor)","3","506","Fair Value","241,364"
"SRC048","127","11","5/8/2028","4","552","Tickmarks","(15)"
"SRC048","127","12","Services Term Loan 9.82% (S + 5.50%; 0.75% Floor)","1","417","Par Amount","10,539,872"
"SRC048","127","12","Services Term Loan 9.82% (S + 5.50%; 0.75% Floor)","2","461","Cost","10,400,939"
"SRC048","127","12","Services Term Loan 9.82% (S + 5.50%; 0.75% Floor)","3","506","Fair Value","10,539,872"
"SRC048","127","13","Services Loan 9.89% (S + 5.50%; 0.75% Floor) 5/8/2028","1","417","Par Amount","447,161"
"SRC048","127","13","Services Loan 9.89% (S + 5.50%; 0.75% Floor) 5/8/2028","2","461","Cost","442,084"
"SRC048","127","13","Services Loan 9.89% (S + 5.50%; 0.75% Floor) 5/8/2028","3","506","Fair Value","447,161"
"SRC048","127","14","Services Revolver —(S + 5.50%; 0.75% Floor)","2","461","Cost","(18,272)"
"SRC048","127","15","3/31/2027","4","552","Tickmarks","(15)"
"SRC048","127","16","Services Term Loan Floor)","1","417","Par Amount","5,208,864"
"SRC048","127","16","Services Term Loan Floor)","2","461","Cost","5,167,185"
"SRC048","127","16","Services Term Loan Floor)","3","506","Fair Value","5,143,753"
"SRC048","127","17","3/31/2027","4","552","Tickmarks","(15)"
"SRC048","127","18","Services Loan Floor)","1","417","Par Amount","3,255,540"
"SRC048","127","18","Services Loan Floor)","2","461","Cost","3,229,481"
"SRC048","127","18","Services Loan Floor)","3","506","Fair Value","3,214,846"
"SRC048","127","19","Services Revolver —(S + 5.75%; 1.00% Floor)","2","461","Cost","(5,211)"
"SRC048","127","19","Services Revolver —(S + 5.75%; 1.00% Floor)","3","506","Fair Value","(8,159)"
"SRC048","127","20","3/31/2027","4","552","Tickmarks","(15)"
"SRC048","127","21","Services Loan Floor)","1","417","Par Amount","5,193,120"
"SRC048","127","21","Services Loan Floor)","2","461","Cost","5,130,384"
"SRC048","127","21","Services Loan Floor)","3","506","Fair Value","5,128,206"
"SRC048","127","22","Services Loan —(S + 5.75%; 1.00% Floor)","2","461","Cost","(38,069)"
"SRC048","127","22","Services Loan —(S + 5.75%; 1.00% Floor)","3","506","Fair Value","(25,379)"
"SRC048","127","23","Amercare Royal LLC Services Term Loan 9.35% (S + 5.00%; 1.00% Floor) 9/10/2030","1","417","Par Amount","8,384,591"
"SRC048","127","23","Amercare Royal LLC Services Term Loan 9.35% (S + 5.00%; 1.00% Floor) 9/10/2030","2","461","Cost","8,300,745"
"SRC048","127","23","Amercare Royal LLC Services Term Loan 9.35% (S + 5.00%; 1.00% Floor) 9/10/2030","3","506","Fair Value","8,342,668"
"SRC048","127","23","Amercare Royal LLC Services Term Loan 9.35% (S + 5.00%; 1.00% Floor) 9/10/2030","4","552","Tickmarks","(15)"
"SRC048","127","24","Amercare Royal LLC Services Revolver 9.35% (S + 5.00%; 1.00% Floor) 9/10/2030","1","417","Par Amount","1,040,311"
"SRC048","127","24","Amercare Royal LLC Services Revolver 9.35% (S + 5.00%; 1.00% Floor) 9/10/2030","2","461","Cost","1,027,889"
"SRC048","127","24","Amercare Royal LLC Services Revolver 9.35% (S + 5.00%; 1.00% Floor) 9/10/2030","3","506","Fair Value","1,034,100"
"SRC048","127","24","Amercare Royal LLC Services Revolver 9.35% (S + 5.00%; 1.00% Floor) 9/10/2030","4","552","Tickmarks","(6)"
"SRC048","127","25","9/10/2030","4","552","Tickmarks","(6)"
"SRC048","127","26","9/10/2030","4","552","Tickmarks","(15)"
"SRC048","127","27","Loan 9.35% (S + 5.00%; 1.00% Floor)","1","417","Par Amount","1,335,324"
"SRC048","127","27","Loan 9.35% (S + 5.00%; 1.00% Floor)","2","461","Cost","1,321,971"
"SRC048","127","27","Loan 9.35% (S + 5.00%; 1.00% Floor)","3","506","Fair Value","1,328,647"
"SRC048","127","28","1/31/2025","4","552","Tickmarks","(16)"
"SRC048","127","29","3.00% PIK)","1","417","Par Amount","6,791,604"
"SRC048","127","29","3.00% PIK)","2","461","Cost","5,733,816"
"SRC048","127","30","1/31/2025","4","552","Tickmarks","(16)"
"SRC048","127","31","3.50% PIK)","1","417","Par Amount","346,322"
"SRC048","127","31","3.50% PIK)","2","461","Cost","345,024"
"SRC048","127","32","Loan 3.50% PIK)","1","417","Par Amount","1,260,322"
"SRC048","127","32","Loan 3.50% PIK)","2","461","Cost","1,082,011"
"SRC048","127","33","1/31/2025","4","552","Tickmarks","(16)"
"SRC048","127","34","Term Loan 3.00% PIK)","1","417","Par Amount","1,444,963"
"SRC048","127","34","Term Loan 3.00% PIK)","2","461","Cost","1,243,170"
"SRC048","127","35","1/31/2025","4","552","Tickmarks","(16)"
"SRC048","127","36","Loan 3.50% PIK)","1","417","Par Amount","949,042"
"SRC048","127","36","Loan 3.50% PIK)","2","461","Cost","817,051"
"SRC048","127","37","1/31/2025","4","552","Tickmarks","(16)"
"SRC048","127","38","Loan 3.50% PIK)","1","417","Par Amount","31,879"
"SRC048","127","38","Loan 3.50% PIK)","2","461","Cost","20,395"
"SRC048","127","38","Loan 3.50% PIK)","3","506","Fair Value","10,403"
"SRC048","127","39","1/31/2025","4","552","Tickmarks","(16)"
"SRC048","127","40","3.00% PIK)","1","417","Par Amount","2,682,124"
"SRC048","127","40","3.00% PIK)","2","461","Cost","2,278,901"
"SRC048","127","41","7/21/2027","4","552","Tickmarks","(15)"
"SRC048","127","42","Cyclical Floor)","1","417","Par Amount","12,096,740"
"SRC048","127","42","Cyclical Floor)","2","461","Cost","11,967,066"
"SRC048","127","42","Cyclical Floor)","3","506","Fair Value","12,096,740"
"SRC048","127","43","AOM Acquisition, LLC Healthcare Term Loan 9.97% (S + 5.50%; 1.00% Floor) 2/18/2027","1","417","Par Amount","5,351,851"
"SRC048","127","43","AOM Acquisition, LLC Healthcare Term Loan 9.97% (S + 5.50%; 1.00% Floor) 2/18/2027","2","461","Cost","5,301,923"
"SRC048","127","43","AOM Acquisition, LLC Healthcare Term Loan 9.97% (S + 5.50%; 1.00% Floor) 2/18/2027","3","506","Fair Value","5,351,851"
"SRC048","127","43","AOM Acquisition, LLC Healthcare Term Loan 9.97% (S + 5.50%; 1.00% Floor) 2/18/2027","4","552","Tickmarks","(15)"
"SRC048","127","44","AOM Acquisition, LLC Healthcare Revolver —(S + 5.50%; 1.00% Floor) 2/18/2027","2","461","Cost","(10,569)"
"SRC048","127","45","AOM Acquisition, LLC Healthcare Term Loan 9.97% (S + 5.50%; 1.00% Floor) 2/18/2027","1","417","Par Amount","5,871,929"
"SRC048","127","45","AOM Acquisition, LLC Healthcare Term Loan 9.97% (S + 5.50%; 1.00% Floor) 2/18/2027","2","461","Cost","5,759,025"
"SRC048","127","45","AOM Acquisition, LLC Healthcare Term Loan 9.97% (S + 5.50%; 1.00% Floor) 2/18/2027","3","506","Fair Value","5,871,929"
"SRC048","127","45","AOM Acquisition, LLC Healthcare Term Loan 9.97% (S + 5.50%; 1.00% Floor) 2/18/2027","4","552","Tickmarks","(15)"
"SRC048","127","46","12/24/2031","4","552","Tickmarks","(15)"
"SRC048","127","47","Services Term Loan 9.57% (S + 5.25%; 0.75% Floor)","1","417","Par Amount","14,773,116"
"SRC048","127","47","Services Term Loan 9.57% (S + 5.25%; 0.75% Floor)","2","461","Cost","14,625,721"
"SRC048","127","47","Services Term Loan 9.57% (S + 5.25%; 0.75% Floor)","3","506","Fair Value","14,625,385"
"SRC048","127","48","Services Revolver —(S + 5.25%; 0.75% Floor)","2","461","Cost","(18,467)"
"SRC048","127","48","Services Revolver —(S + 5.25%; 0.75% Floor)","3","506","Fair Value","(18,467)"
"SRC048","127","49","12/24/2031","4","552","Tickmarks","(6)"
"SRC048","128","1","Services","1","281","","8.82%"
"SRC048","128","1","Services","2","328","Interest","0.50%"
"SRC048","128","1","Services","4","420","Par Amount","4,018,743"
"SRC048","128","1","Services","5","465","Cost","3,978,556"
"SRC048","128","1","Services","6","510","Fair Value","4,018,743"
"SRC048","128","2","Services Loan","2","328","Interest","0.50%"
"SRC048","128","2","Services Loan","5","465","Cost","(4,918)"
"SRC048","128","3","Services Revolver","2","328","Interest","0.50%"
"SRC048","128","3","Services Revolver","5","465","Cost","(4,778)"
"SRC048","128","4","Services Revolver","2","328","Interest","0.50%"
"SRC048","128","4","Services Revolver","5","465","Cost","(2,338)"
"SRC048","128","5","Avalara, Inc. Software & Tech","1","281","","10.57%"
"SRC048","128","5","Avalara, Inc. Software & Tech","2","328","Interest","0.75%"
"SRC048","128","6","Services Term Loan","4","420","Par Amount","10,653,748"
"SRC048","128","6","Services Term Loan","5","465","Cost","10,482,723"
"SRC048","128","6","Services Term Loan","6","510","Fair Value","10,653,748"
"SRC048","128","7","Services","2","328","Interest","0.75%"
"SRC048","128","7","Services","5","465","Cost","(17,076)"
"SRC048","128","8","Services","1","281","","9.47%"
"SRC048","128","8","Services","2","328","Interest","1.00%"
"SRC048","128","8","Services","4","420","Par Amount","14,812,038"
"SRC048","128","8","Services","5","465","Cost","14,676,906"
"SRC048","128","8","Services","6","510","Fair Value","14,812,038"
"SRC048","128","9","Services Revolver","2","328","Interest","1.00%"
"SRC048","128","9","Services Revolver","5","465","Cost","(4,419)"
"SRC048","128","10","Azurite Intermediate Holdings, Inc. Software & Tech","1","281","","10.85%"
"SRC048","128","10","Azurite Intermediate Holdings, Inc. Software & Tech","2","328","Interest","0.75%"
"SRC048","128","11","Services Term Loan","4","420","Par Amount","3,128,738"
"SRC048","128","11","Services Term Loan","5","465","Cost","3,085,420"
"SRC048","128","11","Services Term Loan","6","510","Fair Value","3,128,738"
"SRC048","128","12","Services Revolver","2","328","Interest","0.75%"
"SRC048","128","12","Services Revolver","5","465","Cost","(15,177)"
"SRC048","128","13","Azurite Intermediate Holdings, Inc. Software & Tech Delayed Draw Term","1","281","","10.85%"
"SRC048","128","13","Azurite Intermediate Holdings, Inc. Software & Tech Delayed Draw Term","2","328","Interest","0.75%"
"SRC048","128","14","Services Loan","4","420","Par Amount","7,110,768"
"SRC048","128","14","Services Loan","5","465","Cost","7,014,439"
"SRC048","128","14","Services Loan","6","510","Fair Value","7,110,768"
"SRC048","128","15","Cyclical Term Loan","2","328","Interest","1.00%"
"SRC048","128","15","Cyclical Term Loan","4","420","Par Amount","866,384"
"SRC048","128","15","Cyclical Term Loan","5","465","Cost","720,271"
"SRC048","128","16","Cyclical Loan","2","328","Interest","1.00%"
"SRC048","128","16","Cyclical Loan","4","420","Par Amount","755,824"
"SRC048","128","16","Cyclical Loan","5","465","Cost","636,060"
"SRC048","128","17","Cyclical Loan","2","328","Interest","1.00%"
"SRC048","128","17","Cyclical Loan","4","420","Par Amount","606,108"
"SRC048","128","17","Cyclical Loan","5","465","Cost","505,154"
"SRC048","128","18","Bonterra LLC Software & Tech","1","281","","12.07%"
"SRC048","128","18","Bonterra LLC Software & Tech","2","328","Interest","0.75% 12.07%"
"SRC048","128","19","Services Term Loan","4","420","Par Amount","3,093,998"
"SRC048","128","19","Services Term Loan","5","465","Cost","2,970,467"
"SRC048","128","19","Services Term Loan","6","510","Fair Value","3,093,998"
"SRC048","128","20","Bonterra LLC Software & Tech","1","281","","11.42%"
"SRC048","128","20","Bonterra LLC Software & Tech","2","328","Interest","0.75%"
"SRC048","128","21","Services Term Loan","4","420","Par Amount","606,467"
"SRC048","128","21","Services Term Loan","5","465","Cost","597,370"
"SRC048","128","21","Services Term Loan","6","510","Fair Value","604,951"
"SRC048","128","22","Bonterra LLC Software & Tech Term Loan","1","281","","11.32%"
"SRC048","128","22","Bonterra LLC Software & Tech Term Loan","2","328","Interest","0.75%"
"SRC048","128","23","Services","4","420","Par Amount","15,944,506"
"SRC048","128","23","Services","5","465","Cost","15,836,363"
"SRC048","128","23","Services","6","510","Fair Value","15,904,644"
"SRC048","128","24","Bonterra LLC Software & Tech","1","281","","11.32%"
"SRC048","128","24","Bonterra LLC Software & Tech","2","328","Interest","0.75%"
"SRC048","128","25","Services Revolver","4","420","Par Amount","737,121"
"SRC048","128","25","Services Revolver","5","465","Cost","729,154"
"SRC048","128","25","Services Revolver","6","510","Fair Value","734,241"
"SRC048","128","26","Services Term Loan","1","281","","9.32%"
"SRC048","128","26","Services Term Loan","2","328","Interest","1.00%"
"SRC048","128","26","Services Term Loan","4","420","Par Amount","2,248,365"
"SRC048","128","26","Services Term Loan","5","465","Cost","2,202,816"
"SRC048","128","26","Services Term Loan","6","510","Fair Value","2,231,502"
"SRC048","128","27","Services","1","281","","9.32%"
"SRC048","128","27","Services","2","328","Interest","1.00%"
"SRC048","128","27","Services","4","420","Par Amount","1,025,334"
"SRC048","128","27","Services","5","465","Cost","1,004,194"
"SRC048","128","27","Services","6","510","Fair Value","1,012,517"
"SRC048","128","28","Services Loan","1","281","","9.32%"
"SRC048","128","28","Services Loan","2","328","Interest","1.00%"
"SRC048","128","28","Services Loan","4","420","Par Amount","2,071,434"
"SRC048","128","28","Services Loan","5","465","Cost","2,021,869"
"SRC048","128","28","Services Loan","6","510","Fair Value","2,045,542"
"SRC048","128","29","Services Loan","1","281","","9.32%"
"SRC048","128","29","Services Loan","2","328","Interest","1.00%"
"SRC048","128","29","Services Loan","4","420","Par Amount","1,589,098"
"SRC048","128","29","Services Loan","5","465","Cost","1,546,220"
"SRC048","128","29","Services Loan","6","510","Fair Value","1,527,672"
"SRC048","128","30","Services Loan","1","281","","9.32%"
"SRC048","128","30","Services Loan","2","328","Interest","1.00%"
"SRC048","128","30","Services Loan","4","420","Par Amount","4,913,581"
"SRC048","128","30","Services Loan","5","465","Cost","4,815,239"
"SRC048","128","30","Services Loan","6","510","Fair Value","4,852,161"
"SRC048","128","31","Services Term Loan","1","281","","9.32%"
"SRC048","128","31","Services Term Loan","2","328","Interest","1.00%"
"SRC048","128","31","Services Term Loan","4","420","Par Amount","4,657,658"
"SRC048","128","31","Services Term Loan","5","465","Cost","4,606,224"
"SRC048","128","31","Services Term Loan","6","510","Fair Value","4,599,437"
"SRC048","128","32","Services Loan","1","281","","9.32%"
"SRC048","128","32","Services Loan","2","328","Interest","1.00%"
"SRC048","128","32","Services Loan","4","420","Par Amount","2,710,054"
"SRC048","128","32","Services Loan","5","465","Cost","2,696,971"
"SRC048","128","32","Services Loan","6","510","Fair Value","2,676,178"
"SRC048","128","33","Services Loan","1","281","","9.32%"
"SRC048","128","33","Services Loan","2","328","Interest","1.00%"
"SRC048","128","33","Services Loan","4","420","Par Amount","3,809,723"
"SRC048","128","33","Services Loan","5","465","Cost","3,767,197"
"SRC048","128","33","Services Loan","6","510","Fair Value","3,762,101"
"SRC048","128","34","Services","2","328","Interest","1.00%"
"SRC048","128","34","Services","5","465","Cost","(7,865)"
"SRC048","128","34","Services","6","510","Fair Value","(9,718)"
"SRC048","128","35","Brightspot Buyer, Inc. Software & Tech Term Loan","1","281","","11.11%"
"SRC048","128","35","Brightspot Buyer, Inc. Software & Tech Term Loan","2","328","Interest","0.75%"
"SRC048","128","36","Services","4","420","Par Amount","1,448,598"
"SRC048","128","36","Services","5","465","Cost","1,425,994"
"SRC048","128","36","Services","6","510","Fair Value","1,426,869"
"SRC048","128","37","Brightspot Buyer, Inc. Software & Tech Term Loan","1","281","","11.11%"
"SRC048","128","37","Brightspot Buyer, Inc. Software & Tech Term Loan","2","328","Interest","0.75%"
"SRC048","128","38","Services","4","420","Par Amount","5,215,571"
"SRC048","128","38","Services","5","465","Cost","5,164,587"
"SRC048","128","38","Services","6","510","Fair Value","5,137,338"
"SRC048","128","39","Services Revolver","2","328","Interest","0.75%"
"SRC048","128","39","Services Revolver","5","465","Cost","(6,796)"
"SRC048","128","39","Services Revolver","6","510","Fair Value","(10,204)"
"SRC048","128","40","Services Revolver","1","281","","9.82%"
"SRC048","128","40","Services Revolver","2","328","Interest","0.75%"
"SRC048","128","40","Services Revolver","4","420","Par Amount","316,941"
"SRC048","128","40","Services Revolver","5","465","Cost","297,925"
"SRC048","128","40","Services Revolver","6","510","Fair Value","297,925"
"SRC048","129","1","Services Loan","3","331","Interest","0.75%"
"SRC048","129","1","Services Loan","6","466","Cost","(15,847)"
"SRC048","129","1","Services Loan","7","510","Fair Value","(31,694)"
"SRC048","129","2","Services Term Loan","1","283","","9.82%"
"SRC048","129","2","Services Term Loan","3","331","Interest","0.75%"
"SRC048","129","2","Services Term Loan","5","423","Par Amount","15,847,025"
"SRC048","129","2","Services Term Loan","6","466","Cost","15,688,555"
"SRC048","129","2","Services Term Loan","7","510","Fair Value","15,688,555"
"SRC048","129","3","Services","1","283","","9.32%"
"SRC048","129","3","Services","3","331","Interest","0.75%"
"SRC048","129","3","Services","5","423","Par Amount","614,565"
"SRC048","129","3","Services","6","466","Cost","604,966"
"SRC048","129","3","Services","7","510","Fair Value","614,565"
"SRC048","129","4","Services Term Loan","1","283","","9.32%"
"SRC048","129","4","Services Term Loan","3","331","Interest","0.75%"
"SRC048","129","4","Services Term Loan","5","423","Par Amount","4,605,374"
"SRC048","129","4","Services Term Loan","6","466","Cost","4,564,477"
"SRC048","129","4","Services Term Loan","7","510","Fair Value","4,605,374"
"SRC048","129","5","Services Revolver","1","283","","9.74%"
"SRC048","129","5","Services Revolver","3","331","Interest","0.75%"
"SRC048","129","5","Services Revolver","5","423","Par Amount","265,016"
"SRC048","129","5","Services Revolver","6","466","Cost","259,753"
"SRC048","129","5","Services Revolver","7","510","Fair Value","265,016"
"SRC048","129","6","Services Term Loan","1","283","","9.92%"
"SRC048","129","6","Services Term Loan","3","331","Interest","0.75%"
"SRC048","129","6","Services Term Loan","5","423","Par Amount","7,177,014"
"SRC048","129","6","Services Term Loan","6","466","Cost","7,140,009"
"SRC048","129","6","Services Term Loan","7","510","Fair Value","7,177,014"
"SRC048","129","7","Services Loan","1","283","","9.92%"
"SRC048","129","7","Services Loan","3","331","Interest","0.75%"
"SRC048","129","7","Services Loan","5","423","Par Amount","256,418"
"SRC048","129","7","Services Loan","6","466","Cost","253,502"
"SRC048","129","7","Services Loan","7","510","Fair Value","256,418"
"SRC048","129","8","BV EMS Buyer, Inc Healthcare","1","283","","10.20%"
"SRC048","129","8","BV EMS Buyer, Inc Healthcare","3","331","Interest","1.00%"
"SRC048","129","9","Term Loan","5","423","Par Amount","3,276,941"
"SRC048","129","9","Term Loan","6","466","Cost","3,222,695"
"SRC048","129","9","Term Loan","7","510","Fair Value","3,276,941"
"SRC048","129","10","BV EMS Buyer, Inc Healthcare","1","283","","10.20%"
"SRC048","129","10","BV EMS Buyer, Inc Healthcare","3","331","Interest","1.00%"
"SRC048","129","11","Revolver","5","423","Par Amount","219,561"
"SRC048","129","11","Revolver","6","466","Cost","214,648"
"SRC048","129","11","Revolver","7","510","Fair Value","219,561"
"SRC048","129","12","BV EMS Buyer, Inc Healthcare Term Loan","1","283","","10.20%"
"SRC048","129","12","BV EMS Buyer, Inc Healthcare Term Loan","3","331","Interest","1.00%"
"SRC048","129","13","BV EMS Buyer, Inc Healthcare Delayed Draw Term","1","283","","10.20%"
"SRC048","129","13","BV EMS Buyer, Inc Healthcare Delayed Draw Term","3","331","Interest","1.00%"
"SRC048","129","14","Loan","5","423","Par Amount","3,478,922"
"SRC048","129","14","Loan","6","466","Cost","3,427,219"
"SRC048","129","14","Loan","7","510","Fair Value","3,478,922"
"SRC048","129","15","CallTower, Inc. Digital Infrastructure &","1","283","","10.70%"
"SRC048","129","15","CallTower, Inc. Digital Infrastructure &","3","331","Interest","2.00%"
"SRC048","129","16","Services Term Loan","5","423","Par Amount","4,928,295"
"SRC048","129","16","Services Term Loan","6","466","Cost","4,827,959"
"SRC048","129","16","Services Term Loan","7","510","Fair Value","4,928,295"
"SRC048","129","17","Services Loan","3","331","Interest","2.00%"
"SRC048","129","17","Services Loan","6","466","Cost","(19,581)"
"SRC048","129","18","Services","3","331","Interest","2.00%"
"SRC048","129","18","Services","6","466","Cost","(12,254)"
"SRC048","129","19","Caregiver 2, Inc. Healthcare Term Loan","1","283","","10.78%"
"SRC048","129","19","Caregiver 2, Inc. Healthcare Term Loan","3","331","Interest","2.00%"
"SRC048","129","20","Loan","3","331","Interest","2.00%"
"SRC048","129","20","Loan","6","466","Cost","(12,647)"
"SRC048","129","20","Loan","7","510","Fair Value","(44,867)"
"SRC048","129","21","Cerifi, LLC Services","1","283","","10.20%"
"SRC048","129","21","Cerifi, LLC Services","3","331","Interest","1.00%"
"SRC048","129","22","Term Loan","5","423","Par Amount","15,743,686"
"SRC048","129","22","Term Loan","6","466","Cost","15,555,834"
"SRC048","129","22","Term Loan","7","510","Fair Value","15,664,967"
"SRC048","129","23","Cerifi, LLC Services","1","283","","10.20%"
"SRC048","129","23","Cerifi, LLC Services","3","331","Interest","1.00%"
"SRC048","129","24","Revolver","5","423","Par Amount","1,107,792"
"SRC048","129","24","Revolver","6","466","Cost","1,096,847"
"SRC048","129","24","Revolver","7","510","Fair Value","1,102,253"
"SRC048","129","25","Choice Health at Home, LLC Healthcare Term Loan","1","283","","9.53%"
"SRC048","129","25","Choice Health at Home, LLC Healthcare Term Loan","3","331","Interest","1.00%"
"SRC048","129","25","Choice Health at Home, LLC Healthcare Term Loan","5","423","Par Amount","2,253,235"
"SRC048","129","25","Choice Health at Home, LLC Healthcare Term Loan","6","466","Cost","2,236,185"
"SRC048","129","25","Choice Health at Home, LLC Healthcare Term Loan","7","510","Fair Value","2,253,235"
"SRC048","129","25","Choice Health at Home, LLC Healthcare Term Loan","8","554","Tickmarks","(15)"
"SRC048","129","26","Loan","1","283","","9.53%"
"SRC048","129","26","Loan","3","331","Interest","1.00%"
"SRC048","129","26","Loan","5","423","Par Amount","831,615"
"SRC048","129","26","Loan","6","466","Cost","804,005"
"SRC048","129","26","Loan","7","510","Fair Value","831,615"
"SRC048","129","27","CHV Holdings LLC Digital Infrastructure & Term Loan","1","283","","13.20%"
"SRC048","129","27","CHV Holdings LLC Digital Infrastructure & Term Loan","3","331","Interest","1.00%"
"SRC048","129","28","Services","2","301","","4.75%"
"SRC048","129","28","Services","5","423","Par Amount","8,887,235"
"SRC048","129","28","Services","6","466","Cost","8,697,441"
"SRC048","129","28","Services","7","510","Fair Value","8,776,144"
"SRC048","129","29","CHV Holdings LLC Digital Infrastructure &","3","331","Interest","1.00%"
"SRC048","129","30","Services Revolver","1","283","","4.75%"
"SRC048","129","30","Services Revolver","6","466","Cost","(26,337)"
"SRC048","129","30","Services Revolver","7","510","Fair Value","(15,519)"
"SRC048","129","31","Coding Solutions Acquisition, Inc. Healthcare Term Loan","1","283","","9.24%"
"SRC048","129","31","Coding Solutions Acquisition, Inc. Healthcare Term Loan","3","331","Interest","0.75%"
"SRC048","129","31","Coding Solutions Acquisition, Inc. Healthcare Term Loan","5","423","Par Amount","7,385,189"
"SRC048","129","31","Coding Solutions Acquisition, Inc. Healthcare Term Loan","6","466","Cost","7,335,251"
"SRC048","129","31","Coding Solutions Acquisition, Inc. Healthcare Term Loan","7","510","Fair Value","7,385,189"
"SRC048","129","31","Coding Solutions Acquisition, Inc. Healthcare Term Loan","8","554","Tickmarks","(15)"
"SRC048","129","32","Loan","3","331","Interest","0.75%"
"SRC048","129","32","Loan","6","466","Cost","(14,238)"
"SRC048","129","33","Coding Solutions Acquisition, Inc. Healthcare Revolver","1","283","","9.31%"
"SRC048","129","33","Coding Solutions Acquisition, Inc. Healthcare Revolver","3","331","Interest","0.75%"
"SRC048","129","33","Coding Solutions Acquisition, Inc. Healthcare Revolver","5","423","Par Amount","615,432"
"SRC048","129","33","Coding Solutions Acquisition, Inc. Healthcare Revolver","6","466","Cost","605,469"
"SRC048","129","33","Coding Solutions Acquisition, Inc. Healthcare Revolver","7","510","Fair Value","615,432"
"SRC048","129","33","Coding Solutions Acquisition, Inc. Healthcare Revolver","8","554","Tickmarks","(6)"
"SRC048","129","34","Services","1","283","","20.50%"
"SRC048","129","34","Services","2","301","","(20.50%"
"SRC048","129","34","Services","5","423","Par Amount","673,703"
"SRC048","129","34","Services","6","466","Cost","643,498"
"SRC048","129","34","Services","7","510","Fair Value","673,703"
"SRC048","129","35","Loan","1","283","","9.92%"
"SRC048","129","35","Loan","3","331","Interest","1.00%"
"SRC048","129","35","Loan","5","423","Par Amount","1,437,277"
"SRC048","129","35","Loan","6","466","Cost","1,398,699"
"SRC048","129","35","Loan","7","510","Fair Value","1,437,277"
"SRC048","129","36","Community Based Care Acquisition, Inc. Healthcare Delayed Draw Term","1","283","","9.67%"
"SRC048","129","36","Community Based Care Acquisition, Inc. Healthcare Delayed Draw Term","3","331","Interest","1.00%"
"SRC048","129","37","Loan","5","423","Par Amount","2,100,748"
"SRC048","129","37","Loan","6","466","Cost","2,082,597"
"SRC048","129","37","Loan","7","510","Fair Value","2,090,244"
"SRC048","129","38","Community Based Care Acquisition, Inc. Healthcare Term Loan","1","283","","9.67%"
"SRC048","129","38","Community Based Care Acquisition, Inc. Healthcare Term Loan","3","331","Interest","1.00%"
"SRC048","129","38","Community Based Care Acquisition, Inc. Healthcare Term Loan","5","423","Par Amount","5,181,582"
"SRC048","129","38","Community Based Care Acquisition, Inc. Healthcare Term Loan","6","466","Cost","5,131,222"
"SRC048","129","38","Community Based Care Acquisition, Inc. Healthcare Term Loan","7","510","Fair Value","5,155,674"
"SRC048","129","38","Community Based Care Acquisition, Inc. Healthcare Term Loan","8","554","Tickmarks","(15)"
"SRC048","129","39","Community Based Care Acquisition, Inc. Healthcare Revolver","3","331","Interest","1.00%"
"SRC048","129","39","Community Based Care Acquisition, Inc. Healthcare Revolver","6","466","Cost","(7,995)"
"SRC048","129","39","Community Based Care Acquisition, Inc. Healthcare Revolver","7","510","Fair Value","(4,319)"
"SRC048","129","40","Community Based Care Acquisition, Inc. Healthcare Delayed Draw Term","1","283","","9.92%"
"SRC048","129","40","Community Based Care Acquisition, Inc. Healthcare Delayed Draw Term","3","331","Interest","1.00%"
"SRC048","129","41","Loan","5","423","Par Amount","2,885,620"
"SRC048","129","41","Loan","6","466","Cost","2,852,208"
"SRC048","129","41","Loan","7","510","Fair Value","2,878,406"
"SRC048","129","42","Coretelligent Intermediate LLC Digital Infrastructure & Term Loan","1","283","","10.43%"
"SRC048","129","42","Coretelligent Intermediate LLC Digital Infrastructure & Term Loan","3","331","Interest","1.00%"
"SRC048","129","43","Services","5","423","Par Amount","7,788,237"
"SRC048","129","43","Services","6","466","Cost","7,732,587"
"SRC048","129","43","Services","7","510","Fair Value","7,067,825"
"SRC048","129","44","Coretelligent Intermediate LLC Digital Infrastructure & Delayed Draw Term","1","283","","10.43%"
"SRC048","129","44","Coretelligent Intermediate LLC Digital Infrastructure & Delayed Draw Term","3","331","Interest","1.00%"
"SRC048","129","45","Services Loan","5","423","Par Amount","3,720,298"
"SRC048","129","45","Services Loan","6","466","Cost","3,692,802"
"SRC048","129","45","Services Loan","7","510","Fair Value","3,376,170"
"SRC048","130","1","Coretelligent Intermediate LLC Digital Infrastructure Revolver","1","283","","11.27%"
"SRC048","130","1","Coretelligent Intermediate LLC Digital Infrastructure Revolver","3","331","Interest","1.00%"
"SRC048","130","2","& Services","5","423","Par Amount","1,203,100"
"SRC048","130","2","& Services","6","470","Cost","1,193,812"
"SRC048","130","2","& Services","7","510","Fair Value","1,085,956"
"SRC048","130","3","Coupa Holdings, LLC Software & Tech Term Loan","1","283","","9.83%"
"SRC048","130","3","Coupa Holdings, LLC Software & Tech Term Loan","3","331","Interest","0.75%"
"SRC048","130","4","Services","5","423","Par Amount","10,564,735"
"SRC048","130","4","Services","6","470","Cost","10,346,239"
"SRC048","130","4","Services","7","510","Fair Value","10,564,735"
"SRC048","130","5","Coupa Holdings, LLC Software & Tech Delayed Draw Term","3","331","Interest","0.75%"
"SRC048","130","6","Services Loan","6","470","Cost","(8,842)"
"SRC048","130","7","Coupa Holdings, LLC Software & Tech Revolver","3","331","Interest","0.75%"
"SRC048","130","8","Services","6","470","Cost","(12,677)"
"SRC048","130","9","Crewline Buyer, Inc. Software & Tech Term Loan","1","283","","11.10%"
"SRC048","130","9","Crewline Buyer, Inc. Software & Tech Term Loan","3","331","Interest","1.00%"
"SRC048","130","10","Services","5","423","Par Amount","13,625,952"
"SRC048","130","10","Services","6","470","Cost","13,325,709"
"SRC048","130","10","Services","7","510","Fair Value","13,625,952"
"SRC048","130","11","Crewline Buyer, Inc. Software & Tech Revolver","3","331","Interest","1.00%"
"SRC048","130","12","Services","6","470","Cost","(28,692)"
"SRC048","130","13","Datacor, Inc. Software & Tech Term Loan","1","283","","10.35%"
"SRC048","130","13","Datacor, Inc. Software & Tech Term Loan","3","331","Interest","1.00%"
"SRC048","130","14","Services","5","423","Par Amount","17,780,468"
"SRC048","130","14","Services","6","470","Cost","17,638,938"
"SRC048","130","14","Services","7","510","Fair Value","17,780,468"
"SRC048","130","15","Datacor, Inc. Software & Tech Delayed Draw Term","3","331","Interest","1.00%"
"SRC048","130","16","Services Loan","6","470","Cost","(33,217)"
"SRC048","130","17","Datacor, Inc. Software & Tech Revolver","1","283","","10.35%"
"SRC048","130","17","Datacor, Inc. Software & Tech Revolver","3","331","Interest","1.00%"
"SRC048","130","18","Services","5","423","Par Amount","307,778"
"SRC048","130","18","Services","6","470","Cost","289,813"
"SRC048","130","18","Services","7","510","Fair Value","307,778"
"SRC048","130","19","Dearborn TopCo, LLC Software & Tech Revolver","3","331","Interest","1.00%"
"SRC048","130","20","Services","6","470","Cost","(12,421)"
"SRC048","130","20","Services","7","510","Fair Value","(12,601)"
"SRC048","130","21","Dearborn TopCo, LLC Software & Tech Term Loan","1","283","","10.82%"
"SRC048","130","21","Dearborn TopCo, LLC Software & Tech Term Loan","3","331","Interest","1.00%"
"SRC048","130","22","Services","5","423","Par Amount","7,409,448"
"SRC048","130","22","Services","6","470","Cost","7,286,917"
"SRC048","130","22","Services","7","510","Fair Value","7,298,306"
"SRC048","130","23","Delaware Valley Management Holdings, Inc. Healthcare Term Loan","3","331","Interest","1.00%"
"SRC048","130","23","Delaware Valley Management Holdings, Inc. Healthcare Term Loan","5","423","Par Amount","2,387,413"
"SRC048","130","23","Delaware Valley Management Holdings, Inc. Healthcare Term Loan","6","470","Cost","1,511,867"
"SRC048","130","23","Delaware Valley Management Holdings, Inc. Healthcare Term Loan","7","510","Fair Value","573,457"
"SRC048","130","24","Delaware Valley Management Holdings, Inc. Healthcare Revolver","2","299","","1.00%"
"SRC048","130","24","Delaware Valley Management Holdings, Inc. Healthcare Revolver","5","423","Par Amount","371,224"
"SRC048","130","24","Delaware Valley Management Holdings, Inc. Healthcare Revolver","6","470","Cost","227,042"
"SRC048","130","24","Delaware Valley Management Holdings, Inc. Healthcare Revolver","7","510","Fair Value","89,190"
"SRC048","130","25","Delaware Valley Management Holdings, Inc. Healthcare Delayed Draw Term","2","299","","1.00%"
"SRC048","130","26","Loan","5","423","Par Amount","470,345"
"SRC048","130","26","Loan","6","470","Cost","120,253"
"SRC048","130","26","Loan","7","510","Fair Value","112,977"
"SRC048","130","27","Delaware Valley Management Holdings, Inc. Healthcare Delayed Draw Term","2","299","","1.00%"
"SRC048","130","28","Loan","5","423","Par Amount","251,307"
"SRC048","130","28","Loan","6","470","Cost","165,594"
"SRC048","130","28","Loan","7","510","Fair Value","60,364"
"SRC048","130","29","DeLorean Purchaser, Inc. Software & Tech Term Loan","1","283","","9.07%"
"SRC048","130","29","DeLorean Purchaser, Inc. Software & Tech Term Loan","3","331","Interest","0.75%"
"SRC048","130","30","Services","5","423","Par Amount","16,065,460"
"SRC048","130","30","Services","6","470","Cost","15,824,478"
"SRC048","130","30","Services","7","510","Fair Value","15,824,478"
"SRC048","130","31","DeLorean Purchaser, Inc. Software & Tech Revolver","3","331","Interest","0.75%"
"SRC048","130","32","Services","6","470","Cost","(36,147)"
"SRC048","130","32","Services","7","510","Fair Value","(36,147)"
"SRC048","130","33","Dispatchtrack, LLC Software & Tech Term Loan","1","283","","8.95%"
"SRC048","130","33","Dispatchtrack, LLC Software & Tech Term Loan","3","331","Interest","1.00%"
"SRC048","130","34","Services","5","423","Par Amount","9,849,936"
"SRC048","130","34","Services","6","470","Cost","9,801,546"
"SRC048","130","34","Services","7","510","Fair Value","9,849,936"
"SRC048","130","35","Dispatchtrack, LLC Software & Tech Revolver","3","331","Interest","1.00%"
"SRC048","130","36","Services","6","470","Cost","(1,307)"
"SRC048","130","37","Dorado Buyer LLC Software & Tech Term Loan","1","283","","10.78%"
"SRC048","130","37","Dorado Buyer LLC Software & Tech Term Loan","3","331","Interest","1.00%"
"SRC048","130","38","Services","2","299","","3.37%"
"SRC048","130","38","Services","5","423","Par Amount","6,363,671"
"SRC048","130","38","Services","6","470","Cost","6,261,044"
"SRC048","130","38","Services","7","510","Fair Value","6,284,125"
"SRC048","130","39","Dorado Buyer LLC Software & Tech Delayed Draw Term","3","331","Interest","1.00%"
"SRC048","130","40","Services Loan","6","470","Cost","(15,896)"
"SRC048","130","40","Services Loan","7","510","Fair Value","(12,416)"
"SRC048","130","41","Dorado Buyer LLC Software & Tech Revolver","1","283","","10.79%"
"SRC048","130","41","Dorado Buyer LLC Software & Tech Revolver","3","331","Interest","1.00%"
"SRC048","130","42","Services","2","299","","3.37%"
"SRC048","130","42","Services","5","423","Par Amount","373,506"
"SRC048","130","42","Services","6","470","Cost","365,571"
"SRC048","130","42","Services","7","510","Fair Value","365,733"
"SRC048","130","43","Duetto Research, Inc Software & Tech Term Loan","1","283","","11.11%"
"SRC048","130","43","Duetto Research, Inc Software & Tech Term Loan","3","331","Interest","0.75%"
"SRC048","130","44","Services","2","299","","5.75%"
"SRC048","130","44","Services","5","423","Par Amount","14,551,882"
"SRC048","130","44","Services","6","470","Cost","14,240,952"
"SRC048","130","44","Services","7","510","Fair Value","14,479,123"
"SRC048","130","45","Duetto Research, Inc Software & Tech Delayed Draw Term","3","331","Interest","0.75%"
"SRC048","130","46","Services Loan","6","470","Cost","(12,610)"
"SRC048","130","47","Duetto Research, Inc Software & Tech Revolver","3","331","Interest","0.75%"
"SRC048","130","48","Services","6","470","Cost","(11,547)"
"SRC048","130","48","Services","7","510","Fair Value","(5,044)"
"SRC048","130","49","EET Buyer, Inc. Software & Tech Term Loan","1","283","","9.27%"
"SRC048","130","49","EET Buyer, Inc. Software & Tech Term Loan","3","331","Interest","0.75%"
"SRC048","130","50","Services","5","423","Par Amount","5,037,003"
"SRC048","130","50","Services","6","470","Cost","4,961,672"
"SRC048","130","50","Services","7","510","Fair Value","5,037,003"
"SRC048","130","51","EET Buyer, Inc. Software & Tech Delayed Draw Term","3","331","Interest","0.75%"
"SRC048","130","52","Services Loan","6","470","Cost","(3,833)"
"SRC048","130","53","EET Buyer, Inc. Software & Tech Term Loan","1","283","","9.27%"
"SRC048","130","53","EET Buyer, Inc. Software & Tech Term Loan","3","331","Interest","0.75%"
"SRC048","130","54","Services","5","423","Par Amount","6,717,969"
"SRC048","130","54","Services","6","470","Cost","6,651,907"
"SRC048","130","54","Services","7","510","Fair Value","6,717,969"
"SRC048","130","55","EET Buyer, Inc. Software & Tech Revolver","3","331","Interest","0.75%"
"SRC048","130","56","Services","6","470","Cost","(12,184)"
"SRC048","130","57","Engage2Excel, Inc. Services Term Loan","1","283","","10.74%"
"SRC048","130","57","Engage2Excel, Inc. Services Term Loan","3","331","Interest","1.00%"
"SRC048","130","58","Engage2Excel, Inc. Services Revolver","1","283","","11.74%"
"SRC048","130","58","Engage2Excel, Inc. Services Revolver","3","331","Interest","1.00%"
"SRC048","131","1","Enverus Holdings, Inc. Software & Tech Term Loan","1","283","","9.85%"
"SRC048","131","1","Enverus Holdings, Inc. Software & Tech Term Loan","2","331","Interest","0.75%"
"SRC048","131","2","Services","4","423","Par Amount","8,754,097"
"SRC048","131","2","Services","5","468","Cost","8,639,824"
"SRC048","131","2","Services","6","510","Fair Value","8,754,097"
"SRC048","131","3","Enverus Holdings, Inc. Software & Tech Revolver","1","283","","9.85%"
"SRC048","131","3","Enverus Holdings, Inc. Software & Tech Revolver","2","331","Interest","0.75%"
"SRC048","131","4","Services","4","423","Par Amount","19,991"
"SRC048","131","4","Services","5","468","Cost","11,614"
"SRC048","131","4","Services","6","510","Fair Value","19,991"
"SRC048","131","5","Enverus Holdings, Inc. Software & Tech Delayed Draw Term","2","331","Interest","0.75%"
"SRC048","131","6","Services Loan","5","468","Cost","(2,756)"
"SRC048","131","7","Exterro, Inc. Software & Tech Term Loan","1","283","","10.11%"
"SRC048","131","7","Exterro, Inc. Software & Tech Term Loan","2","331","Interest","1.00%"
"SRC048","131","8","Services","4","423","Par Amount","2,776,950"
"SRC048","131","8","Services","5","468","Cost","2,763,225"
"SRC048","131","8","Services","6","510","Fair Value","2,776,950"
"SRC048","131","9","Exterro, Inc. Software & Tech Revolver","2","331","Interest","1.00%"
"SRC048","131","10","Services","5","468","Cost","(15,817)"
"SRC048","131","11","Exterro, Inc. Software & Tech Term Loan","1","283","","10.11%"
"SRC048","131","11","Exterro, Inc. Software & Tech Term Loan","2","331","Interest","1.00%"
"SRC048","131","12","Services","4","423","Par Amount","5,748,294"
"SRC048","131","12","Services","5","468","Cost","5,725,103"
"SRC048","131","12","Services","6","510","Fair Value","5,748,294"
"SRC048","131","13","Exterro, Inc. Software & Tech Term Loan","1","283","","10.11%"
"SRC048","131","13","Exterro, Inc. Software & Tech Term Loan","2","331","Interest","1.00%"
"SRC048","131","14","Services","4","423","Par Amount","6,237,900"
"SRC048","131","14","Services","5","468","Cost","6,195,843"
"SRC048","131","14","Services","6","510","Fair Value","6,237,900"
"SRC048","131","15","Faithlife, LLC Software & Tech Term Loan","1","283","","9.95%"
"SRC048","131","15","Faithlife, LLC Software & Tech Term Loan","2","331","Interest","1.00%"
"SRC048","131","16","Services","4","423","Par Amount","300,290"
"SRC048","131","16","Services","5","468","Cost","299,412"
"SRC048","131","16","Services","6","510","Fair Value","300,290"
"SRC048","131","17","Faithlife, LLC Software & Tech Delayed Draw Term","1","283","","9.95%"
"SRC048","131","17","Faithlife, LLC Software & Tech Delayed Draw Term","2","331","Interest","1.00%"
"SRC048","131","18","Services Loan","4","423","Par Amount","699,247"
"SRC048","131","18","Services Loan","5","468","Cost","697,212"
"SRC048","131","18","Services Loan","6","510","Fair Value","699,247"
"SRC048","131","19","Faithlife, LLC Software & Tech Revolver","2","331","Interest","1.00%"
"SRC048","131","20","Services","5","468","Cost","(807)"
"SRC048","131","21","FH MD Buyer, Inc Healthcare Term Loan","1","283","","9.47%"
"SRC048","131","21","FH MD Buyer, Inc Healthcare Term Loan","2","331","Interest","0.75%"
"SRC048","131","21","FH MD Buyer, Inc Healthcare Term Loan","4","423","Par Amount","5,354,717"
"SRC048","131","21","FH MD Buyer, Inc Healthcare Term Loan","5","468","Cost","5,324,287"
"SRC048","131","21","FH MD Buyer, Inc Healthcare Term Loan","6","510","Fair Value","5,327,943"
"SRC048","131","21","FH MD Buyer, Inc Healthcare Term Loan","7","554","Tickmarks","(15)"
"SRC048","131","22","Firebird Midco, Inc Software & Tech Term Loan","1","283","","9.37%"
"SRC048","131","22","Firebird Midco, Inc Software & Tech Term Loan","2","331","Interest","0.75%"
"SRC048","131","23","Services","4","423","Par Amount","6,756,862"
"SRC048","131","23","Services","5","468","Cost","6,674,464"
"SRC048","131","23","Services","6","510","Fair Value","6,672,401"
"SRC048","131","24","Firebird Midco, Inc Software & Tech Revolver","2","331","Interest","0.75%"
"SRC048","131","25","Services","5","468","Cost","(14,233)"
"SRC048","131","25","Services","6","510","Fair Value","(15,356)"
"SRC048","131","26","FirstDigital Communications, LLC Digital Infrastructure & Term Loan","1","283","","8.72%"
"SRC048","131","26","FirstDigital Communications, LLC Digital Infrastructure & Term Loan","2","331","Interest","0.75%"
"SRC048","131","27","Services","4","423","Par Amount","13,475,267"
"SRC048","131","27","Services","5","468","Cost","13,356,522"
"SRC048","131","27","Services","6","510","Fair Value","13,003,633"
"SRC048","131","28","FirstDigital Communications, LLC Digital Infrastructure & Term Loan","1","283","","8.72%"
"SRC048","131","28","FirstDigital Communications, LLC Digital Infrastructure & Term Loan","2","331","Interest","0.75%"
"SRC048","131","29","Services","4","423","Par Amount","411,517"
"SRC048","131","29","Services","5","468","Cost","411,517"
"SRC048","131","29","Services","6","510","Fair Value","397,114"
"SRC048","131","30","Foundation Risk Partners, Corp. Financials Term Loan","1","283","","9.57%"
"SRC048","131","30","Foundation Risk Partners, Corp. Financials Term Loan","2","331","Interest","0.75%"
"SRC048","131","30","Foundation Risk Partners, Corp. Financials Term Loan","4","423","Par Amount","9,560,706"
"SRC048","131","30","Foundation Risk Partners, Corp. Financials Term Loan","5","468","Cost","9,494,530"
"SRC048","131","30","Foundation Risk Partners, Corp. Financials Term Loan","6","510","Fair Value","9,560,706"
"SRC048","131","30","Foundation Risk Partners, Corp. Financials Term Loan","7","554","Tickmarks","(15)"
"SRC048","131","31","Foundation Risk Partners, Corp. Financials Delayed Draw Term","1","283","","9.57%"
"SRC048","131","31","Foundation Risk Partners, Corp. Financials Delayed Draw Term","2","331","Interest","0.75%"
"SRC048","131","32","Loan","4","423","Par Amount","2,079,375"
"SRC048","131","32","Loan","5","468","Cost","2,070,060"
"SRC048","131","32","Loan","6","510","Fair Value","2,079,375"
"SRC048","131","33","Foundation Risk Partners, Corp. Financials Revolver","2","331","Interest","0.75%"
"SRC048","131","33","Foundation Risk Partners, Corp. Financials Revolver","5","468","Cost","(6,118)"
"SRC048","131","34","Foundation Risk Partners, Corp. Financials Term Loan","1","283","","9.57%"
"SRC048","131","34","Foundation Risk Partners, Corp. Financials Term Loan","2","331","Interest","0.75%"
"SRC048","131","34","Foundation Risk Partners, Corp. Financials Term Loan","4","423","Par Amount","771,426"
"SRC048","131","34","Foundation Risk Partners, Corp. Financials Term Loan","5","468","Cost","764,549"
"SRC048","131","34","Foundation Risk Partners, Corp. Financials Term Loan","6","510","Fair Value","771,426"
"SRC048","131","34","Foundation Risk Partners, Corp. Financials Term Loan","7","554","Tickmarks","(15)"
"SRC048","131","35","Foundation Risk Partners, Corp. Financials Delayed Draw Term","1","283","","9.57%"
"SRC048","131","35","Foundation Risk Partners, Corp. Financials Delayed Draw Term","2","331","Interest","0.75%"
"SRC048","131","36","Loan","4","423","Par Amount","3,117,603"
"SRC048","131","36","Loan","5","468","Cost","3,088,477"
"SRC048","131","36","Loan","6","510","Fair Value","3,117,603"
"SRC048","131","37","Fullsteam Operations, LLC Software & Tech Term Loan","1","283","","12.91%"
"SRC048","131","37","Fullsteam Operations, LLC Software & Tech Term Loan","2","331","Interest","1.00%"
"SRC048","131","38","Services","4","423","Par Amount","7,423,938"
"SRC048","131","38","Services","5","468","Cost","7,234,589"
"SRC048","131","38","Services","6","510","Fair Value","7,423,938"
"SRC048","131","39","Fullsteam Operations, LLC Software & Tech Delayed Draw Term","1","283","","12.91%"
"SRC048","131","39","Fullsteam Operations, LLC Software & Tech Delayed Draw Term","2","331","Interest","1.00%"
"SRC048","131","40","Services Loan","4","423","Par Amount","2,336,204"
"SRC048","131","40","Services Loan","5","468","Cost","2,277,425"
"SRC048","131","40","Services Loan","6","510","Fair Value","2,336,204"
"SRC048","131","41","Fullsteam Operations, LLC Software & Tech Delayed Draw Term","1","283","","12.91%"
"SRC048","131","41","Fullsteam Operations, LLC Software & Tech Delayed Draw Term","2","331","Interest","1.00%"
"SRC048","131","42","Services Loan","4","423","Par Amount","1,038,313"
"SRC048","131","42","Services Loan","5","468","Cost","1,011,102"
"SRC048","131","42","Services Loan","6","510","Fair Value","1,033,121"
"SRC048","131","43","Fullsteam Operations, LLC Software & Tech Revolver","2","331","Interest","1.00%"
"SRC048","131","44","Services","5","468","Cost","(10,241)"
"SRC048","131","45","Fullsteam Operations, LLC Software & Tech Delayed Draw Term","1","283","","11.64%"
"SRC048","131","45","Fullsteam Operations, LLC Software & Tech Delayed Draw Term","2","331","Interest","1.00%"
"SRC048","131","46","Services Loan","4","423","Par Amount","389,776"
"SRC048","131","46","Services Loan","5","468","Cost","360,302"
"SRC048","131","46","Services Loan","6","510","Fair Value","368,759"
"SRC048","131","47","Fullsteam Operations, LLC Software & Tech Delayed Draw Term","1","283","","11.66%"
"SRC048","131","47","Fullsteam Operations, LLC Software & Tech Delayed Draw Term","2","331","Interest","1.00%"
"SRC048","131","48","Services Loan","4","423","Par Amount","297,414"
"SRC048","131","48","Services Loan","5","468","Cost","288,762"
"SRC048","131","48","Services Loan","6","510","Fair Value","292,160"
"SRC048","131","49","Services Loan","2","331","Interest","1.00%"
"SRC048","131","49","Services Loan","5","468","Cost","(20,932)"
"SRC048","131","49","Services Loan","6","510","Fair Value","(13,955)"
"SRC048","131","50","Services Loan","2","331","Interest","1.00%"
"SRC048","131","50","Services Loan","5","468","Cost","(2,325)"
"SRC048","131","50","Services Loan","6","510","Fair Value","(1,550)"
"SRC048","131","51","Fusion Holding, Corp. Software & Tech Term Loan","1","283","","10.57%"
"SRC048","131","51","Fusion Holding, Corp. Software & Tech Term Loan","2","331","Interest","0.75%"
"SRC048","131","52","Services","4","423","Par Amount","16,557,160"
"SRC048","131","52","Services","5","468","Cost","16,303,082"
"SRC048","131","52","Services","6","510","Fair Value","16,101,838"
"SRC048","131","53","Services","2","331","Interest","0.75%"
"SRC048","131","53","Services","5","468","Cost","(17,007)"
"SRC048","131","53","Services","6","510","Fair Value","(37,928)"
"SRC048","131","54","Services","1","283","","9.82%"
"SRC048","131","54","Services","2","331","Interest","1.00%"
"SRC048","131","54","Services","4","423","Par Amount","3,658,885"
"SRC048","131","54","Services","5","468","Cost","3,615,478"
"SRC048","131","54","Services","6","510","Fair Value","3,658,885"
"SRC048","131","55","Services Loan","1","283","","9.82%"
"SRC048","131","55","Services Loan","2","331","Interest","1.00%"
"SRC048","131","55","Services Loan","4","423","Par Amount","1,916,113"
"SRC048","131","55","Services Loan","5","468","Cost","1,892,069"
"SRC048","131","55","Services Loan","6","510","Fair Value","1,916,113"
"SRC048","132","1","G Treasury SS LLC Software & Tech Delayed Draw Term","3","331","Interest","1.00%"
"SRC048","132","2","Services Loan","6","466","Cost","(8,646)"
"SRC048","132","3","G Treasury SS LLC Software & Tech Revolver","3","331","Interest","1.00%"
"SRC048","132","4","Services","6","466","Cost","(13,823)"
"SRC048","132","5","Galway Borrower LLC Financials Revolver","1","283","","8.82%"
"SRC048","132","5","Galway Borrower LLC Financials Revolver","3","331","Interest","0.75%"
"SRC048","132","5","Galway Borrower LLC Financials Revolver","5","423","Par Amount","37,147"
"SRC048","132","5","Galway Borrower LLC Financials Revolver","6","466","Cost","33,310"
"SRC048","132","5","Galway Borrower LLC Financials Revolver","7","510","Fair Value","34,926"
"SRC048","132","5","Galway Borrower LLC Financials Revolver","8","554","Tickmarks","(6)"
"SRC048","132","6","Galway Borrower LLC Financials Term Loan","1","283","","8.82%"
"SRC048","132","6","Galway Borrower LLC Financials Term Loan","3","331","Interest","0.75%"
"SRC048","132","6","Galway Borrower LLC Financials Term Loan","5","423","Par Amount","3,781,612"
"SRC048","132","6","Galway Borrower LLC Financials Term Loan","6","466","Cost","3,781,612"
"SRC048","132","6","Galway Borrower LLC Financials Term Loan","7","510","Fair Value","3,762,704"
"SRC048","132","6","Galway Borrower LLC Financials Term Loan","8","554","Tickmarks","(15)"
"SRC048","132","7","Galway Borrower LLC Financials Delayed Draw Term","1","283","","8.82%"
"SRC048","132","7","Galway Borrower LLC Financials Delayed Draw Term","3","331","Interest","0.75%"
"SRC048","132","8","Loan","5","423","Par Amount","24,809"
"SRC048","132","8","Loan","6","466","Cost","24,809"
"SRC048","132","8","Loan","7","510","Fair Value","24,809"
"SRC048","132","9","GH Parent Holdings Inc. Services Delayed Draw Term","1","283","","9.70%"
"SRC048","132","9","GH Parent Holdings Inc. Services Delayed Draw Term","3","331","Interest","1.00%"
"SRC048","132","10","Loan","5","423","Par Amount","2,348,521"
"SRC048","132","10","Loan","6","466","Cost","2,311,968"
"SRC048","132","10","Loan","7","510","Fair Value","2,302,497"
"SRC048","132","11","GHA Buyer, Inc. Healthcare Term Loan","1","283","","9.82%"
"SRC048","132","11","GHA Buyer, Inc. Healthcare Term Loan","3","331","Interest","1.00%"
"SRC048","132","11","GHA Buyer, Inc. Healthcare Term Loan","5","423","Par Amount","2,017,335"
"SRC048","132","11","GHA Buyer, Inc. Healthcare Term Loan","6","466","Cost","1,998,269"
"SRC048","132","11","GHA Buyer, Inc. Healthcare Term Loan","7","510","Fair Value","2,012,292"
"SRC048","132","11","GHA Buyer, Inc. Healthcare Term Loan","8","554","Tickmarks","(15)"
"SRC048","132","12","GHA Buyer, Inc. Healthcare Revolver","3","331","Interest","1.00%"
"SRC048","132","12","GHA Buyer, Inc. Healthcare Revolver","6","466","Cost","(4,817)"
"SRC048","132","12","GHA Buyer, Inc. Healthcare Revolver","7","510","Fair Value","(2,378)"
"SRC048","132","13","GHA Buyer, Inc. Healthcare Term Loan","1","283","","9.82%"
"SRC048","132","13","GHA Buyer, Inc. Healthcare Term Loan","3","331","Interest","1.00%"
"SRC048","132","13","GHA Buyer, Inc. Healthcare Term Loan","5","423","Par Amount","576,805"
"SRC048","132","13","GHA Buyer, Inc. Healthcare Term Loan","6","466","Cost","568,129"
"SRC048","132","13","GHA Buyer, Inc. Healthcare Term Loan","7","510","Fair Value","575,363"
"SRC048","132","13","GHA Buyer, Inc. Healthcare Term Loan","8","554","Tickmarks","(15)"
"SRC048","132","14","GHA Buyer, Inc. Healthcare Term Loan","1","283","","9.82%"
"SRC048","132","14","GHA Buyer, Inc. Healthcare Term Loan","3","331","Interest","1.00%"
"SRC048","132","14","GHA Buyer, Inc. Healthcare Term Loan","5","423","Par Amount","5,520,263"
"SRC048","132","14","GHA Buyer, Inc. Healthcare Term Loan","6","466","Cost","5,493,756"
"SRC048","132","14","GHA Buyer, Inc. Healthcare Term Loan","7","510","Fair Value","5,506,463"
"SRC048","132","14","GHA Buyer, Inc. Healthcare Term Loan","8","554","Tickmarks","(15)"
"SRC048","132","15","GHA Buyer, Inc. Healthcare Term Loan","1","283","","9.82%"
"SRC048","132","15","GHA Buyer, Inc. Healthcare Term Loan","3","331","Interest","1.00%"
"SRC048","132","15","GHA Buyer, Inc. Healthcare Term Loan","5","423","Par Amount","4,780,259"
"SRC048","132","15","GHA Buyer, Inc. Healthcare Term Loan","6","466","Cost","4,755,549"
"SRC048","132","15","GHA Buyer, Inc. Healthcare Term Loan","7","510","Fair Value","4,768,308"
"SRC048","132","15","GHA Buyer, Inc. Healthcare Term Loan","8","554","Tickmarks","(15)"
"SRC048","132","16","GHA Buyer, Inc. Healthcare Delayed Draw Term","1","283","","9.82%"
"SRC048","132","16","GHA Buyer, Inc. Healthcare Delayed Draw Term","3","331","Interest","1.00%"
"SRC048","132","17","Loan","5","423","Par Amount","836,545"
"SRC048","132","17","Loan","6","466","Cost","831,003"
"SRC048","132","17","Loan","7","510","Fair Value","834,454"
"SRC048","132","18","GHA Buyer, Inc. Healthcare Term Loan","1","283","","9.82%"
"SRC048","132","18","GHA Buyer, Inc. Healthcare Term Loan","3","331","Interest","1.00%"
"SRC048","132","18","GHA Buyer, Inc. Healthcare Term Loan","5","423","Par Amount","749,009"
"SRC048","132","18","GHA Buyer, Inc. Healthcare Term Loan","6","466","Cost","745,046"
"SRC048","132","18","GHA Buyer, Inc. Healthcare Term Loan","7","510","Fair Value","747,137"
"SRC048","132","18","GHA Buyer, Inc. Healthcare Term Loan","8","554","Tickmarks","(15)"
"SRC048","132","19","Greenhouse Software, Inc. Software & Tech Term Loan","1","283","","10.57%"
"SRC048","132","19","Greenhouse Software, Inc. Software & Tech Term Loan","3","331","Interest","1.00%"
"SRC048","132","20","Services","5","423","Par Amount","14,507,975"
"SRC048","132","20","Services","6","466","Cost","14,282,957"
"SRC048","132","20","Services","7","510","Fair Value","14,507,975"
"SRC048","132","21","Greenhouse Software, Inc. Software & Tech Revolver","3","331","Interest","1.00%"
"SRC048","132","22","Services","6","466","Cost","(9,357)"
"SRC048","132","23","Greenhouse Software, Inc. Software & Tech Term Loan","1","283","","10.57%"
"SRC048","132","23","Greenhouse Software, Inc. Software & Tech Term Loan","3","331","Interest","1.00%"
"SRC048","132","24","Services","5","423","Par Amount","12,376,845"
"SRC048","132","24","Services","6","466","Cost","12,269,197"
"SRC048","132","24","Services","7","510","Fair Value","12,376,845"
"SRC048","132","25","Greenhouse Software, Inc. Software & Tech Revolver","3","331","Interest","1.00%"
"SRC048","132","26","Services","6","466","Cost","(10,236)"
"SRC048","132","27","Greenlight Intermediate II, Inc. Digital Infrastructure & Delayed Draw Term","1","283","","9.97%"
"SRC048","132","27","Greenlight Intermediate II, Inc. Digital Infrastructure & Delayed Draw Term","3","331","Interest","0.75%"
"SRC048","132","28","Services Loan","5","423","Par Amount","2,549,573"
"SRC048","132","28","Services Loan","6","466","Cost","2,449,671"
"SRC048","132","28","Services Loan","7","510","Fair Value","2,549,573"
"SRC048","132","29","Greenlight Intermediate II, Inc. Digital Infrastructure & Term Loan","1","283","","9.97%"
"SRC048","132","29","Greenlight Intermediate II, Inc. Digital Infrastructure & Term Loan","3","331","Interest","0.75%"
"SRC048","132","30","Services","5","423","Par Amount","5,331,605"
"SRC048","132","30","Services","6","466","Cost","5,263,219"
"SRC048","132","30","Services","7","510","Fair Value","5,331,605"
"SRC048","132","31","Greenlight Intermediate II, Inc. Digital Infrastructure & Delayed Draw Term","1","283","","9.97%"
"SRC048","132","31","Greenlight Intermediate II, Inc. Digital Infrastructure & Delayed Draw Term","3","331","Interest","0.75%"
"SRC048","132","32","Services Loan","5","423","Par Amount","6,702,083"
"SRC048","132","32","Services Loan","6","466","Cost","6,617,273"
"SRC048","132","32","Services Loan","7","510","Fair Value","6,702,083"
"SRC048","132","33","Gryphon-Redwood Acquisition LLC Software & Tech Term Loan","1","283","","14.35%"
"SRC048","132","33","Gryphon-Redwood Acquisition LLC Software & Tech Term Loan","3","331","Interest","1.00%"
"SRC048","132","34","Services","2","299","","5.00%"
"SRC048","132","34","Services","5","423","Par Amount","3,878,271"
"SRC048","132","34","Services","6","466","Cost","3,841,219"
"SRC048","132","34","Services","7","510","Fair Value","3,761,923"
"SRC048","132","35","Gryphon-Redwood Acquisition LLC Software & Tech Delayed Draw Term","1","283","","14.35%"
"SRC048","132","35","Gryphon-Redwood Acquisition LLC Software & Tech Delayed Draw Term","3","331","Interest","1.00%"
"SRC048","132","36","Services Loan","2","299","","5.00%"
"SRC048","132","36","Services Loan","5","423","Par Amount","16,666,767"
"SRC048","132","36","Services Loan","6","466","Cost","1,596,525"
"SRC048","132","36","Services Loan","7","510","Fair Value","1,616,675"
"SRC048","132","37","GS AcquisitionCo, Inc. Software & Tech Term Loan","1","283","","9.57%"
"SRC048","132","37","GS AcquisitionCo, Inc. Software & Tech Term Loan","3","331","Interest","1.00%"
"SRC048","132","38","Services","5","423","Par Amount","9,934,861"
"SRC048","132","38","Services","6","466","Cost","9,903,968"
"SRC048","132","38","Services","7","510","Fair Value","9,910,024"
"SRC048","132","39","GS AcquisitionCo, Inc. Software & Tech Revolver","3","331","Interest","1.00%"
"SRC048","132","40","Services","6","466","Cost","(3,576)"
"SRC048","132","40","Services","7","510","Fair Value","(1,752)"
"SRC048","132","41","GS AcquisitionCo, Inc. Software & Tech Delayed Draw Term","1","283","","9.57%"
"SRC048","132","41","GS AcquisitionCo, Inc. Software & Tech Delayed Draw Term","3","331","Interest","0.75%"
"SRC048","132","42","Services Loan","5","423","Par Amount","71,431"
"SRC048","132","42","Services Loan","6","466","Cost","70,773"
"SRC048","132","42","Services Loan","7","510","Fair Value","71,431"
"SRC048","132","43","Heartland PPC Buyer LLC Services Term Loan","1","283","","9.57%"
"SRC048","132","43","Heartland PPC Buyer LLC Services Term Loan","3","331","Interest","0.75%"
"SRC048","132","43","Heartland PPC Buyer LLC Services Term Loan","5","423","Par Amount","5,609,373"
"SRC048","132","43","Heartland PPC Buyer LLC Services Term Loan","6","466","Cost","5,513,961"
"SRC048","132","43","Heartland PPC Buyer LLC Services Term Loan","7","510","Fair Value","5,553,280"
"SRC048","132","43","Heartland PPC Buyer LLC Services Term Loan","8","554","Tickmarks","(15)"
"SRC048","132","44","Heartland PPC Buyer LLC Services Revolver","1","283","","9.64%"
"SRC048","132","44","Heartland PPC Buyer LLC Services Revolver","3","331","Interest","0.75%"
"SRC048","132","44","Heartland PPC Buyer LLC Services Revolver","5","423","Par Amount","124,338"
"SRC048","132","44","Heartland PPC Buyer LLC Services Revolver","6","466","Cost","105,574"
"SRC048","132","44","Heartland PPC Buyer LLC Services Revolver","7","510","Fair Value","113,035"
"SRC048","132","44","Heartland PPC Buyer LLC Services Revolver","8","554","Tickmarks","(6)"
"SRC048","133","1","Loan","1","283","","9.66%"
"SRC048","133","1","Loan","2","331","Interest","0.75%"
"SRC048","133","1","Loan","4","423","Par Amount","1,167,183"
"SRC048","133","1","Loan","5","466","Cost","1,149,191"
"SRC048","133","1","Loan","6","510","Fair Value","1,162,480"
"SRC048","133","2","Higginbotham Insurance Agency, Inc. Financials Term Loan","1","283","","8.86%"
"SRC048","133","2","Higginbotham Insurance Agency, Inc. Financials Term Loan","2","331","Interest","1.00%"
"SRC048","133","2","Higginbotham Insurance Agency, Inc. Financials Term Loan","4","423","Par Amount","11,155,340"
"SRC048","133","2","Higginbotham Insurance Agency, Inc. Financials Term Loan","5","466","Cost","11,155,340"
"SRC048","133","2","Higginbotham Insurance Agency, Inc. Financials Term Loan","6","510","Fair Value","11,071,675"
"SRC048","133","2","Higginbotham Insurance Agency, Inc. Financials Term Loan","7","554","Tickmarks","(15)"
"SRC048","133","3","HireVue, Inc. Software & Tech Term Loan","1","283","","11.33%"
"SRC048","133","3","HireVue, Inc. Software & Tech Term Loan","2","331","Interest","1.00%"
"SRC048","133","4","Services","4","423","Par Amount","12,804,901"
"SRC048","133","4","Services","5","466","Cost","12,550,842"
"SRC048","133","4","Services","6","510","Fair Value","12,676,852"
"SRC048","133","5","HireVue, Inc. Software & Tech Revolver","1","283","","11.29%"
"SRC048","133","5","HireVue, Inc. Software & Tech Revolver","2","331","Interest","1.00%"
"SRC048","133","6","Services","4","423","Par Amount","1,046,497"
"SRC048","133","6","Services","5","466","Cost","1,016,358"
"SRC048","133","6","Services","6","510","Fair Value","1,030,036"
"SRC048","133","7","Honor HN Buyer, Inc. Healthcare Delayed Draw Term","1","283","","10.22%"
"SRC048","133","7","Honor HN Buyer, Inc. Healthcare Delayed Draw Term","2","331","Interest","1.00%"
"SRC048","133","8","Loan","4","423","Par Amount","2,425,267"
"SRC048","133","8","Loan","5","466","Cost","2,362,834"
"SRC048","133","8","Loan","6","510","Fair Value","2,425,267"
"SRC048","133","9","Loan","2","331","Interest","1.00%"
"SRC048","133","9","Loan","5","466","Cost","(18,194)"
"SRC048","133","10","Honor HN Buyer, Inc. Healthcare Term Loan","1","283","","10.22%"
"SRC048","133","10","Honor HN Buyer, Inc. Healthcare Term Loan","2","331","Interest","1.00%"
"SRC048","133","11","Honor HN Buyer, Inc. Healthcare Delayed Draw Term","1","283","","10.22%"
"SRC048","133","11","Honor HN Buyer, Inc. Healthcare Delayed Draw Term","2","331","Interest","1.00%"
"SRC048","133","12","Loan","4","423","Par Amount","1,621,444"
"SRC048","133","12","Loan","5","466","Cost","1,606,038"
"SRC048","133","12","Loan","6","510","Fair Value","1,621,444"
"SRC048","133","13","Honor HN Buyer, Inc. Healthcare Revolver","1","283","","12.25%"
"SRC048","133","13","Honor HN Buyer, Inc. Healthcare Revolver","2","331","Interest","1.00%"
"SRC048","133","14","Honor HN Buyer, Inc. Healthcare Delayed Draw Term","1","283","","10.22%"
"SRC048","133","14","Honor HN Buyer, Inc. Healthcare Delayed Draw Term","2","331","Interest","1.00%"
"SRC048","133","15","Loan","4","423","Par Amount","2,409,525"
"SRC048","133","15","Loan","5","466","Cost","2,380,923"
"SRC048","133","15","Loan","6","510","Fair Value","2,409,525"
"SRC048","133","16","Services","1","283","","9.60%"
"SRC048","133","16","Services","2","331","Interest","1.00%"
"SRC048","133","16","Services","4","423","Par Amount","5,174,260"
"SRC048","133","16","Services","5","466","Cost","5,132,194"
"SRC048","133","16","Services","6","510","Fair Value","5,174,260"
"SRC048","133","17","Services Loan","1","283","","9.60%"
"SRC048","133","17","Services Loan","2","331","Interest","1.00%"
"SRC048","133","17","Services Loan","4","423","Par Amount","7,795,073"
"SRC048","133","17","Services Loan","5","466","Cost","7,725,418"
"SRC048","133","17","Services Loan","6","510","Fair Value","7,795,073"
"SRC048","133","18","Services","2","331","Interest","1.00%"
"SRC048","133","18","Services","5","466","Cost","(8,832)"
"SRC048","133","19","Services","2","331","Interest","1.00%"
"SRC048","133","19","Services","5","466","Cost","(10,487)"
"SRC048","133","19","Services","6","510","Fair Value","(10,917)"
"SRC048","133","20","Services Loan","2","331","Interest","1.00%"
"SRC048","133","20","Services Loan","5","466","Cost","(61,163)"
"SRC048","133","20","Services Loan","6","510","Fair Value","(63,679)"
"SRC048","133","21","Services","1","283","","9.77%"
"SRC048","133","21","Services","2","331","Interest","1.00%"
"SRC048","133","21","Services","4","423","Par Amount","10,212,907"
"SRC048","133","21","Services","5","466","Cost","10,065,743"
"SRC048","133","21","Services","6","510","Fair Value","10,059,713"
"SRC048","133","22","Services","1","283","","9.58%"
"SRC048","133","22","Services","2","331","Interest","0.75%"
"SRC048","133","22","Services","4","423","Par Amount","5,446,012"
"SRC048","133","22","Services","5","466","Cost","5,420,697"
"SRC048","133","22","Services","6","510","Fair Value","5,446,012"
"SRC048","133","23","Services","2","331","Interest","0.75%"
"SRC048","133","23","Services","5","466","Cost","(2,386)"
"SRC048","133","24","Kalkomey Borrower, LLC Services Term Loan","1","283","","9.57%"
"SRC048","133","24","Kalkomey Borrower, LLC Services Term Loan","2","331","Interest","1.00%"
"SRC048","133","24","Kalkomey Borrower, LLC Services Term Loan","4","423","Par Amount","9,131,796"
"SRC048","133","24","Kalkomey Borrower, LLC Services Term Loan","5","466","Cost","8,995,383"
"SRC048","133","24","Kalkomey Borrower, LLC Services Term Loan","6","510","Fair Value","9,040,478"
"SRC048","133","24","Kalkomey Borrower, LLC Services Term Loan","7","554","Tickmarks","(15)"
"SRC048","133","25","Loan","2","331","Interest","1.00%"
"SRC048","133","25","Loan","5","466","Cost","(12,706)"
"SRC048","133","25","Loan","6","510","Fair Value","(4,578)"
"SRC048","133","26","Kalkomey Borrower, LLC Services Revolver","2","331","Interest","1.00%"
"SRC048","133","26","Kalkomey Borrower, LLC Services Revolver","5","466","Cost","(20,335)"
"SRC048","133","26","Kalkomey Borrower, LLC Services Revolver","6","510","Fair Value","(14,647)"
"SRC048","133","27","Kaseya Inc. Software & Tech Delayed Draw Term","1","283","","10.08%"
"SRC048","133","27","Kaseya Inc. Software & Tech Delayed Draw Term","2","331","Interest","0.75%"
"SRC048","133","28","Services Loan","4","423","Par Amount","163,600"
"SRC048","133","28","Services Loan","5","466","Cost","157,007"
"SRC048","133","28","Services Loan","6","510","Fair Value","163,600"
"SRC048","133","29","Services","1","283","","9.82%"
"SRC048","133","29","Services","2","331","Interest","0.75%"
"SRC048","133","29","Services","4","423","Par Amount","160,904"
"SRC048","133","29","Services","5","466","Cost","157,810"
"SRC048","133","29","Services","6","510","Fair Value","160,904"
"SRC048","133","30","Kaseya Inc. Software & Tech Term Loan","1","283","","10.08%"
"SRC048","133","30","Kaseya Inc. Software & Tech Term Loan","2","331","Interest","0.75%"
"SRC048","133","31","Services","4","423","Par Amount","10,678,513"
"SRC048","133","31","Services","5","466","Cost","10,576,768"
"SRC048","133","31","Services","6","510","Fair Value","10,678,513"
"SRC048","133","32","Krispy Krunchy Foods, L.L.C. Consumer Non-Cyclical Term Loan","1","283","","8.95%"
"SRC048","133","32","Krispy Krunchy Foods, L.L.C. Consumer Non-Cyclical Term Loan","2","331","Interest","1.00%"
"SRC048","133","32","Krispy Krunchy Foods, L.L.C. Consumer Non-Cyclical Term Loan","4","423","Par Amount","7,239,149"
"SRC048","133","32","Krispy Krunchy Foods, L.L.C. Consumer Non-Cyclical Term Loan","5","466","Cost","7,168,042"
"SRC048","133","32","Krispy Krunchy Foods, L.L.C. Consumer Non-Cyclical Term Loan","6","510","Fair Value","7,239,149"
"SRC048","133","32","Krispy Krunchy Foods, L.L.C. Consumer Non-Cyclical Term Loan","7","554","Tickmarks","(15)"
"SRC048","133","33","Services","1","283","","9.58%"
"SRC048","133","33","Services","2","331","Interest","1.00%"
"SRC048","133","33","Services","4","423","Par Amount","570,941"
"SRC048","133","33","Services","5","466","Cost","543,178"
"SRC048","133","33","Services","6","510","Fair Value","548,103"
"SRC048","133","34","Services","1","283","","9.60%"
"SRC048","133","34","Services","2","331","Interest","1.00%"
"SRC048","133","34","Services","4","423","Par Amount","19,818,444"
"SRC048","133","34","Services","5","466","Cost","19,457,015"
"SRC048","133","34","Services","6","510","Fair Value","19,521,168"
"SRC048","133","35","Services","1","283","","9.01%"
"SRC048","133","35","Services","2","331","Interest","0.75%"
"SRC048","133","35","Services","4","423","Par Amount","6,997,646"
"SRC048","133","35","Services","5","466","Cost","6,928,731"
"SRC048","133","35","Services","6","510","Fair Value","6,927,669"
"SRC048","133","36","Services Loan","2","331","Interest","0.75%"
"SRC048","133","36","Services Loan","5","466","Cost","(39,378)"
"SRC048","133","36","Services Loan","6","510","Fair Value","(39,986)"
"SRC048","133","37","Services","2","331","Interest","0.75%"
"SRC048","133","37","Services","5","466","Cost","(19,689)"
"SRC048","133","37","Services","6","510","Fair Value","(19,993)"
"SRC048","134","1","Lotus HPI Buyer, Inc Healthcare Term Loan","1","283","","11.13%"
"SRC048","134","1","Lotus HPI Buyer, Inc Healthcare Term Loan","3","331","Interest","1.00%"
"SRC048","134","2","Lotus HPI Buyer, Inc Healthcare Delayed Draw Term","3","331","Interest","1.00%"
"SRC048","134","3","Loan","6","470","Cost","(39,802)"
"SRC048","134","3","Loan","7","510","Fair Value","(18,839)"
"SRC048","134","4","Lotus HPI Buyer, Inc Healthcare Revolver","3","331","Interest","1.00%"
"SRC048","134","4","Lotus HPI Buyer, Inc Healthcare Revolver","6","470","Cost","(39,754)"
"SRC048","134","4","Lotus HPI Buyer, Inc Healthcare Revolver","7","510","Fair Value","(32,969)"
"SRC048","134","5","Magaya Corporation Software & Tech Term Loan","1","283","","9.10%"
"SRC048","134","5","Magaya Corporation Software & Tech Term Loan","3","331","Interest","0.75%"
"SRC048","134","6","Services","5","423","Par Amount","3,685,561"
"SRC048","134","6","Services","6","470","Cost","3,648,705"
"SRC048","134","6","Services","7","510","Fair Value","3,648,705"
"SRC048","134","7","Magaya Corporation Software & Tech Delayed Draw Term","3","331","Interest","0.75%"
"SRC048","134","8","Services Loan","6","470","Cost","(12,286)"
"SRC048","134","8","Services Loan","7","510","Fair Value","(12,286)"
"SRC048","134","9","Magaya Corporation Software & Tech Revolver","3","331","Interest","0.75%"
"SRC048","134","10","Services","6","470","Cost","(9,214)"
"SRC048","134","10","Services","7","510","Fair Value","(9,214)"
"SRC048","134","11","Mastery Acquisition Corp. Software & Tech Term Loan","1","283","","9.49%"
"SRC048","134","11","Mastery Acquisition Corp. Software & Tech Term Loan","3","331","Interest","1.00%"
"SRC048","134","12","Services","5","423","Par Amount","6,632,548"
"SRC048","134","12","Services","6","470","Cost","6,598,556"
"SRC048","134","12","Services","7","510","Fair Value","6,632,548"
"SRC048","134","13","Mastery Acquisition Corp. Software & Tech Revolver","3","331","Interest","1.00%"
"SRC048","134","14","Services","6","470","Cost","(3,052)"
"SRC048","134","15","Mastery Acquisition Corp. Software & Tech Delayed Draw Term","3","331","Interest","1.00%"
"SRC048","134","16","Services Loan","6","470","Cost","(5,272)"
"SRC048","134","17","Mavenlink, Inc. Software & Tech Term Loan","1","283","","11.17%"
"SRC048","134","17","Mavenlink, Inc. Software & Tech Term Loan","3","331","Interest","0.75%"
"SRC048","134","18","Services","2","299","","4.50%"
"SRC048","134","18","Services","5","423","Par Amount","16,261,632"
"SRC048","134","18","Services","6","470","Cost","16,055,840"
"SRC048","134","18","Services","7","510","Fair Value","15,814,438"
"SRC048","134","19","Mavenlink, Inc. Software & Tech Revolver","1","283","","11.03%"
"SRC048","134","19","Mavenlink, Inc. Software & Tech Revolver","3","331","Interest","0.75%"
"SRC048","134","20","Services","2","299","","4.50%"
"SRC048","134","20","Services","5","423","Par Amount","1,542,779"
"SRC048","134","20","Services","6","470","Cost","1,525,976"
"SRC048","134","20","Services","7","510","Fair Value","1,490,508"
"SRC048","134","21","MBS Holdings, Inc. Digital Infrastructure & Revolver","1","283","","10.24%"
"SRC048","134","21","MBS Holdings, Inc. Digital Infrastructure & Revolver","3","331","Interest","1.00%"
"SRC048","134","22","Services","5","423","Par Amount","116,900"
"SRC048","134","22","Services","6","470","Cost","109,303"
"SRC048","134","22","Services","7","510","Fair Value","116,900"
"SRC048","134","23","MBS Holdings, Inc. Digital Infrastructure & Term Loan","1","283","","11.34%"
"SRC048","134","23","MBS Holdings, Inc. Digital Infrastructure & Term Loan","3","331","Interest","1.00%"
"SRC048","134","24","Services","5","423","Par Amount","779,254"
"SRC048","134","24","Services","6","470","Cost","764,411"
"SRC048","134","24","Services","7","510","Fair Value","779,254"
"SRC048","134","25","MBS Holdings, Inc. Digital Infrastructure & Term Loan","1","283","","11.09%"
"SRC048","134","25","MBS Holdings, Inc. Digital Infrastructure & Term Loan","3","331","Interest","1.00%"
"SRC048","134","26","Services","5","423","Par Amount","828,925"
"SRC048","134","26","Services","6","470","Cost","812,589"
"SRC048","134","26","Services","7","510","Fair Value","828,925"
"SRC048","134","27","MBS Holdings, Inc. Digital Infrastructure & Term Loan","1","283","","10.59%"
"SRC048","134","27","MBS Holdings, Inc. Digital Infrastructure & Term Loan","3","331","Interest","1.00%"
"SRC048","134","28","Services","5","423","Par Amount","10,152,792"
"SRC048","134","28","Services","6","470","Cost","10,071,055"
"SRC048","134","28","Services","7","510","Fair Value","10,152,792"
"SRC048","134","29","MedBridge Holdings, LLC Software & Tech Term Loan","1","283","","8.85%"
"SRC048","134","29","MedBridge Holdings, LLC Software & Tech Term Loan","3","331","Interest","1.00%"
"SRC048","134","30","Services","5","423","Par Amount","13,592,035"
"SRC048","134","30","Services","6","470","Cost","13,495,277"
"SRC048","134","30","Services","7","510","Fair Value","13,592,035"
"SRC048","134","31","MedBridge Holdings, LLC Software & Tech Revolver","3","331","Interest","1.00%"
"SRC048","134","32","Services","6","470","Cost","(9,214)"
"SRC048","134","33","MedBridge Holdings, LLC Software & Tech Term Loan","1","283","","8.85%"
"SRC048","134","33","MedBridge Holdings, LLC Software & Tech Term Loan","3","331","Interest","1.00%"
"SRC048","134","34","Services","5","423","Par Amount","861,764"
"SRC048","134","34","Services","6","470","Cost","854,182"
"SRC048","134","34","Services","7","510","Fair Value","861,764"
"SRC048","134","35","Medical Management Resource Group, L.L.C. Healthcare Term Loan","1","283","","10.42%"
"SRC048","134","35","Medical Management Resource Group, L.L.C. Healthcare Term Loan","3","331","Interest","0.75%"
"SRC048","134","36","Medical Management Resource Group, L.L.C. Healthcare Delayed Draw Term","1","283","","10.42%"
"SRC048","134","36","Medical Management Resource Group, L.L.C. Healthcare Delayed Draw Term","3","331","Interest","0.75%"
"SRC048","134","37","Loan","5","423","Par Amount","1,542,523"
"SRC048","134","37","Loan","6","470","Cost","1,517,318"
"SRC048","134","37","Loan","7","510","Fair Value","1,523,242"
"SRC048","134","38","Medical Management Resource Group, L.L.C. Healthcare Revolver","1","283","","10.42%"
"SRC048","134","38","Medical Management Resource Group, L.L.C. Healthcare Revolver","3","331","Interest","0.75%"
"SRC048","134","39","MedMark Services, Inc. Healthcare Term Loan","1","283","","9.59%"
"SRC048","134","39","MedMark Services, Inc. Healthcare Term Loan","3","331","Interest","1.00%"
"SRC048","134","39","MedMark Services, Inc. Healthcare Term Loan","5","423","Par Amount","4,626,021"
"SRC048","134","39","MedMark Services, Inc. Healthcare Term Loan","6","470","Cost","4,608,033"
"SRC048","134","39","MedMark Services, Inc. Healthcare Term Loan","7","510","Fair Value","4,394,720"
"SRC048","134","39","MedMark Services, Inc. Healthcare Term Loan","8","554","Tickmarks","(15)"
"SRC048","134","40","MedMark Services, Inc. Healthcare Delayed Draw Term","1","283","","9.59%"
"SRC048","134","40","MedMark Services, Inc. Healthcare Delayed Draw Term","3","331","Interest","1.00%"
"SRC048","134","41","Loan","5","423","Par Amount","3,833,138"
"SRC048","134","41","Loan","6","470","Cost","3,816,060"
"SRC048","134","41","Loan","7","510","Fair Value","3,641,481"
"SRC048","134","42","Medsuite Purchaser, LLC (FKA Millin Healthcare Term Loan","1","283","","9.45%"
"SRC048","134","42","Medsuite Purchaser, LLC (FKA Millin Healthcare Term Loan","3","331","Interest","1.00%"
"SRC048","134","43","Purchaser, LLC)","5","423","Par Amount","7,734,297"
"SRC048","134","43","Purchaser, LLC)","6","470","Cost","7,674,616"
"SRC048","134","43","Purchaser, LLC)","7","510","Fair Value","7,618,282"
"SRC048","134","44","Medsuite Purchaser, LLC (FKA Millin Healthcare Revolver","3","331","Interest","1.00%"
"SRC048","134","45","Purchaser, LLC)","6","470","Cost","(3,751)"
"SRC048","134","45","Purchaser, LLC)","7","510","Fair Value","(10,206)"
"SRC048","134","46","Medsuite Purchaser, LLC (FKA Millin Healthcare Delayed Draw Term","1","283","","9.45%"
"SRC048","134","46","Medsuite Purchaser, LLC (FKA Millin Healthcare Delayed Draw Term","3","331","Interest","1.00%"
"SRC048","134","47","Purchaser, LLC) Loan","5","423","Par Amount","1,313,422"
"SRC048","134","47","Purchaser, LLC) Loan","6","470","Cost","1,281,226"
"SRC048","134","47","Purchaser, LLC) Loan","7","510","Fair Value","1,270,749"
"SRC048","134","48","Mist Holding Co. Software & Tech Term Loan","1","283","","9.60%"
"SRC048","134","48","Mist Holding Co. Software & Tech Term Loan","3","331","Interest","0.75%"
"SRC048","134","49","Services","5","423","Par Amount","4,836,131"
"SRC048","134","49","Services","6","470","Cost","4,787,769"
"SRC048","134","49","Services","7","510","Fair Value","4,787,769"
"SRC048","134","50","Mist Holding Co. Software & Tech Delayed Draw Term","3","331","Interest","0.75%"
"SRC048","134","51","Services Loan","6","470","Cost","(13,572)"
"SRC048","134","51","Services Loan","7","510","Fair Value","(13,572)"
"SRC048","134","52","Mist Holding Co. Software & Tech Delayed Draw Term","3","331","Interest","0.75%"
"SRC048","134","53","Services Loan","6","470","Cost","(5,979)"
"SRC048","134","53","Services Loan","7","510","Fair Value","(5,979)"
"SRC048","134","54","Mist Holding Co. Software & Tech Revolver","1","283","","9.58%"
"SRC048","134","54","Mist Holding Co. Software & Tech Revolver","3","331","Interest","0.75%"
"SRC048","134","55","Services","5","423","Par Amount","301,599"
"SRC048","134","55","Services","6","470","Cost","289,535"
"SRC048","134","55","Services","7","510","Fair Value","289,535"
"SRC048","134","56","MMP Intermediate, LLC Consumer Non-Cyclical Term Loan","1","283","","10.22%"
"SRC048","134","56","MMP Intermediate, LLC Consumer Non-Cyclical Term Loan","3","331","Interest","1.00%"
"SRC048","134","57","MMP Intermediate, LLC Consumer Non-Cyclical Term Loan","1","283","","10.22%"
"SRC048","134","57","MMP Intermediate, LLC Consumer Non-Cyclical Term Loan","3","331","Interest","1.00%"
"SRC048","134","58","MMP Intermediate, LLC Consumer Non-Cyclical Revolver","3","331","Interest","1.00%"
"SRC048","134","58","MMP Intermediate, LLC Consumer Non-Cyclical Revolver","6","470","Cost","(4,785)"
"SRC048","134","58","MMP Intermediate, LLC Consumer Non-Cyclical Revolver","7","510","Fair Value","(1,382)"
"SRC048","134","59","Moon Buyer, Inc. Software & Tech Revolver","3","331","Interest","0.75%"
"SRC048","134","60","Services","6","470","Cost","(13,145)"
"SRC048","134","60","Services","7","510","Fair Value","(13,345)"
"SRC048","134","61","Moon Buyer, Inc. Software & Tech Term Loan","1","283","","9.42%"
"SRC048","134","61","Moon Buyer, Inc. Software & Tech Term Loan","3","331","Interest","0.75%"
"SRC048","134","62","Services","5","423","Par Amount","16,255,086"
"SRC048","134","62","Services","6","470","Cost","16,122,215"
"SRC048","134","62","Services","7","510","Fair Value","16,133,173"
"SRC048","134","63","Moon Buyer, Inc. Software & Tech Delayed Draw Term","1","283","","9.32%"
"SRC048","134","63","Moon Buyer, Inc. Software & Tech Delayed Draw Term","3","331","Interest","0.75%"
"SRC048","134","64","Services Loan","5","423","Par Amount","570,259"
"SRC048","134","64","Services Loan","6","470","Cost","568,368"
"SRC048","134","64","Services Loan","7","510","Fair Value","565,982"
"SRC048","134","65","Mr. Greens Intermediate, LLC Services Term Loan","1","283","","10.74%"
"SRC048","134","65","Mr. Greens Intermediate, LLC Services Term Loan","3","331","Interest","1.00%"
"SRC048","134","66","Mr. Greens Intermediate, LLC Services Delayed Draw Term","3","331","Interest","1.00%"
"SRC048","134","67","Loan","6","470","Cost","(57,664)"
"SRC048","134","68","Mr. Greens Intermediate, LLC Services Revolver","3","331","Interest","1.00%"
"SRC048","134","68","Mr. Greens Intermediate, LLC Services Revolver","6","470","Cost","(23,067)"
"SRC048","134","69","MSM Acquisitions, Inc. Services Term Loan","1","283","","10.51%"
"SRC048","134","69","MSM Acquisitions, Inc. Services Term Loan","3","331","Interest","1.00%"
"SRC048","134","70","MSM Acquisitions, Inc. Services Delayed Draw Term","1","283","","10.51%"
"SRC048","134","70","MSM Acquisitions, Inc. Services Delayed Draw Term","3","331","Interest","1.00%"
"SRC048","134","71","Loan","5","423","Par Amount","3,019,684"
"SRC048","134","71","Loan","6","470","Cost","2,997,057"
"SRC048","134","71","Loan","7","510","Fair Value","2,679,969"
"SRC048","134","72","MSM Acquisitions, Inc. Services Revolver","1","283","","10.65%"
"SRC048","134","72","MSM Acquisitions, Inc. Services Revolver","3","331","Interest","1.00%"
"SRC048","134","73","MSM Acquisitions, Inc. Services Delayed Draw Term","1","283","","10.51%"
"SRC048","134","73","MSM Acquisitions, Inc. Services Delayed Draw Term","3","331","Interest","1.00%"
"SRC048","134","74","Loan","5","423","Par Amount","370,113"
"SRC048","134","74","Loan","6","470","Cost","368,458"
"SRC048","134","74","Loan","7","510","Fair Value","328,475"
"SRC048","134","75","MSP Global Holdings, Inc. Digital Infrastructure & Term Loan","1","283","","10.14%"
"SRC048","134","75","MSP Global Holdings, Inc. Digital Infrastructure & Term Loan","3","331","Interest","1.00%"
"SRC048","134","76","Services","5","423","Par Amount","8,731,371"
"SRC048","134","76","Services","6","470","Cost","8,576,853"
"SRC048","134","76","Services","7","510","Fair Value","8,709,542"
"SRC048","134","77","MSP Global Holdings, Inc. Digital Infrastructure & Delayed Draw Term","3","331","Interest","1.00%"
"SRC048","134","78","Services Loan","6","470","Cost","(20,771)"
"SRC048","134","78","Services Loan","7","510","Fair Value","(3,030)"
"SRC048","135","1","MSP Global Holdings, Inc. Digital Infrastructure & Term Loan","1","277","","9.95%"
"SRC048","135","1","MSP Global Holdings, Inc. Digital Infrastructure & Term Loan","3","324","Interest","1.00%"
"SRC048","135","2","Services","5","413","Par Amount","7,712,495"
"SRC048","135","2","Services","6","459","Cost","7,647,473"
"SRC048","135","3","MSP Global Holdings, Inc. Digital Infrastructure & Delayed Draw Term","1","277","","11.00%"
"SRC048","135","3","MSP Global Holdings, Inc. Digital Infrastructure & Delayed Draw Term","3","324","Interest","1.00%"
"SRC048","135","4","Services Loan","5","413","Par Amount","602,453"
"SRC048","135","4","Services Loan","6","459","Cost","595,806"
"SRC048","135","5","MSP Global Holdings, Inc. Digital Infrastructure & Revolver","1","277","","10.14%"
"SRC048","135","5","MSP Global Holdings, Inc. Digital Infrastructure & Revolver","3","324","Interest","1.00%"
"SRC048","135","6","Services","5","413","Par Amount","421,175"
"SRC048","135","6","Services","6","459","Cost","400,293"
"SRC048","135","7","MyKaarma Acquisition LLC Software & Tech Term Loan","1","277","","9.32%"
"SRC048","135","7","MyKaarma Acquisition LLC Software & Tech Term Loan","3","324","Interest","1.00%"
"SRC048","135","8","Services","5","413","Par Amount","6,468,735"
"SRC048","135","8","Services","6","459","Cost","6,389,564"
"SRC048","135","9","Services","3","324","Interest","1.00%"
"SRC048","135","9","Services","6","459","Cost","(6,437)"
"SRC048","135","10","Nasuni Corporation Software & Tech Term Loan","1","277","","10.17%"
"SRC048","135","10","Nasuni Corporation Software & Tech Term Loan","3","324","Interest","0.75%"
"SRC048","135","11","Services","5","413","Par Amount","12,575,067"
"SRC048","135","11","Services","6","459","Cost","12,386,441"
"SRC048","135","12","Services","3","324","Interest","0.75%"
"SRC048","135","12","Services","6","459","Cost","(39,297)"
"SRC048","135","13","Navigate360, LLC Software & Tech Term Loan","1","277","","10.20%"
"SRC048","135","13","Navigate360, LLC Software & Tech Term Loan","3","324","Interest","1.00%"
"SRC048","135","14","Services","5","413","Par Amount","1,069,759"
"SRC048","135","14","Services","6","459","Cost","1,057,546"
"SRC048","135","15","Services Loan","3","324","Interest","1.00%"
"SRC048","135","15","Services Loan","6","459","Cost","(11,155)"
"SRC048","135","16","Navigate360, LLC Software & Tech Term Loan","1","277","","10.20%"
"SRC048","135","16","Navigate360, LLC Software & Tech Term Loan","3","324","Interest","1.00%"
"SRC048","135","17","Services","5","413","Par Amount","4,113,331"
"SRC048","135","17","Services","6","459","Cost","4,073,803"
"SRC048","135","18","Navigate360, LLC Software & Tech Delayed Draw Term","1","277","","10.20%"
"SRC048","135","18","Navigate360, LLC Software & Tech Delayed Draw Term","3","324","Interest","1.00%"
"SRC048","135","19","Services Loan","5","413","Par Amount","1,771,920"
"SRC048","135","19","Services Loan","6","459","Cost","1,760,545"
"SRC048","135","20","Services","3","324","Interest","1.00%"
"SRC048","135","20","Services","6","459","Cost","(5,526)"
"SRC048","135","21","Navigate360, LLC Software & Tech Term Loan","1","277","","10.20%"
"SRC048","135","21","Navigate360, LLC Software & Tech Term Loan","3","324","Interest","1.00%"
"SRC048","135","22","Services","5","413","Par Amount","2,220,366"
"SRC048","135","22","Services","6","459","Cost","2,195,673"
"SRC048","135","23","NC Topco, LLC Software & Tech Term Loan","1","277","","9.60%"
"SRC048","135","23","NC Topco, LLC Software & Tech Term Loan","3","324","Interest","0.75%"
"SRC048","135","24","Services","2","293","","2.75%"
"SRC048","135","24","Services","5","413","Par Amount","11,303,415"
"SRC048","135","24","Services","6","459","Cost","11,195,839"
"SRC048","135","25","NC Topco, LLC Software & Tech Revolver","3","324","Interest","0.75%"
"SRC048","135","26","Services","1","277","","2.75%"
"SRC048","135","26","Services","6","459","Cost","(12,314)"
"SRC048","135","27","NC Topco, LLC Software & Tech Delayed Draw Term","3","324","Interest","0.75%"
"SRC048","135","28","Services Loan","1","277","","2.75%"
"SRC048","135","28","Services Loan","6","459","Cost","(15,390)"
"SRC048","135","29","Netwrix Corporation Software & Tech Term Loan","1","277","","9.26%"
"SRC048","135","29","Netwrix Corporation Software & Tech Term Loan","3","324","Interest","0.75%"
"SRC048","135","30","Services","5","413","Par Amount","12,422,736"
"SRC048","135","30","Services","6","459","Cost","12,407,060"
"SRC048","135","31","Services","3","324","Interest","0.75%"
"SRC048","135","31","Services","6","459","Cost","(1,627)"
"SRC048","135","32","Netwrix Corporation Software & Tech Delayed Draw Term","1","277","","9.26%"
"SRC048","135","32","Netwrix Corporation Software & Tech Delayed Draw Term","3","324","Interest","0.75%"
"SRC048","135","33","Services Loan","5","413","Par Amount","29,619"
"SRC048","135","33","Services Loan","6","459","Cost","17,380"
"SRC048","135","34","Netwrix Corporation Software & Tech Term Loan","1","277","","9.26%"
"SRC048","135","34","Netwrix Corporation Software & Tech Term Loan","3","324","Interest","0.75%"
"SRC048","135","35","Services","5","413","Par Amount","205,271"
"SRC048","135","35","Services","6","459","Cost","205,271"
"SRC048","135","36","Next Holdco, LLC Software & Tech Term Loan","1","277","","10.27%"
"SRC048","135","36","Next Holdco, LLC Software & Tech Term Loan","3","324","Interest","0.75%"
"SRC048","135","37","Services","5","413","Par Amount","9,215,474"
"SRC048","135","37","Services","6","459","Cost","9,093,168"
"SRC048","135","37","Services","7","502","Fair Value","9,215,474"
"SRC048","135","38","Next Holdco, LLC Software & Tech Revolver","3","324","Interest","0.75%"
"SRC048","135","39","Services","6","459","Cost","(10,883)"
"SRC048","135","40","Next Holdco, LLC Software & Tech Delayed Draw Term","3","324","Interest","0.75%"
"SRC048","135","41","Services Loan","6","459","Cost","(14,976)"
"SRC048","135","42","NI Topco, Inc. Digital Infrastructure & Term Loan","1","277","","9.07%"
"SRC048","135","42","NI Topco, Inc. Digital Infrastructure & Term Loan","3","324","Interest","0.75%"
"SRC048","135","43","Services","5","413","Par Amount","6,979,740"
"SRC048","135","43","Services","6","459","Cost","6,885,544"
"SRC048","135","43","Services","7","502","Fair Value","6,979,740"
"SRC048","135","44","NI Topco, Inc. Digital Infrastructure & Term Loan","1","277","","9.07%"
"SRC048","135","44","NI Topco, Inc. Digital Infrastructure & Term Loan","3","324","Interest","0.75%"
"SRC048","135","45","Services","5","413","Par Amount","1,205,819"
"SRC048","135","45","Services","6","459","Cost","1,188,817"
"SRC048","135","45","Services","7","502","Fair Value","1,205,819"
"SRC048","135","46","OPOC Acquisition, LLC Healthcare Revolver","1","277","","9.35%"
"SRC048","135","46","OPOC Acquisition, LLC Healthcare Revolver","3","324","Interest","1.00%"
"SRC048","135","47","OPOC Acquisition, LLC Healthcare Delayed Draw Term","3","324","Interest","1.00%"
"SRC048","135","48","Loan","6","459","Cost","(11,363)"
"SRC048","135","48","Loan","7","502","Fair Value","(11,363)"
"SRC048","135","49","OPOC Acquisition, LLC Healthcare Term Loan","1","277","","9.35%"
"SRC048","135","49","OPOC Acquisition, LLC Healthcare Term Loan","3","324","Interest","1.00%"
"SRC048","135","50","Pace Health Companies, LLC Healthcare Term Loan","1","277","","9.72%"
"SRC048","135","50","Pace Health Companies, LLC Healthcare Term Loan","3","324","Interest","1.00%"
"SRC048","135","51","Pace Health Companies, LLC Healthcare Revolver","3","324","Interest","1.00%"
"SRC048","135","51","Pace Health Companies, LLC Healthcare Revolver","6","459","Cost","(638)"
"SRC048","135","52","Pace Health Companies, LLC Healthcare Term Loan","1","277","","9.97%"
"SRC048","135","52","Pace Health Companies, LLC Healthcare Term Loan","3","324","Interest","1.00%"
"SRC048","135","53","Pace Health Companies, LLC Healthcare Delayed Draw Term","1","277","","9.97%"
"SRC048","135","53","Pace Health Companies, LLC Healthcare Delayed Draw Term","3","324","Interest","1.00%"
"SRC048","135","54","Loan","5","413","Par Amount","193,169"
"SRC048","135","54","Loan","6","459","Cost","187,768"
"SRC048","135","54","Loan","7","502","Fair Value","193,169"
"SRC048","135","55","PDI TA Holdings, Inc Software & Tech Term Loan","1","277","","10.08%"
"SRC048","135","55","PDI TA Holdings, Inc Software & Tech Term Loan","3","324","Interest","0.75%"
"SRC048","135","56","Services","5","413","Par Amount","9,268,297"
"SRC048","135","56","Services","6","459","Cost","9,195,466"
"SRC048","135","56","Services","7","502","Fair Value","9,221,956"
"SRC048","135","57","PDI TA Holdings, Inc Software & Tech Revolver","3","324","Interest","0.75%"
"SRC048","135","58","Services","6","459","Cost","(8,224)"
"SRC048","135","58","Services","7","502","Fair Value","(4,718)"
"SRC048","135","59","PDI TA Holdings, Inc Software & Tech Delayed Draw Term","1","277","","9.99%"
"SRC048","135","59","PDI TA Holdings, Inc Software & Tech Delayed Draw Term","3","324","Interest","0.75%"
"SRC048","135","60","Services Loan","5","413","Par Amount","1,204,647"
"SRC048","135","60","Services Loan","6","459","Cost","1,195,250"
"SRC048","135","60","Services Loan","7","502","Fair Value","1,204,647"
"SRC048","135","61","Penn TRGRP Holdings LLC Software & Tech Term Loan","1","277","","12.07%"
"SRC048","135","61","Penn TRGRP Holdings LLC Software & Tech Term Loan","3","324","Interest","0.75%"
"SRC048","135","62","Services","2","293","","6.00%"
"SRC048","135","62","Services","5","413","Par Amount","7,281,745"
"SRC048","135","62","Services","6","459","Cost","7,135,814"
"SRC048","135","62","Services","7","502","Fair Value","7,281,745"
"SRC048","135","63","Penn TRGRP Holdings LLC Software & Tech Revolver","3","324","Interest","0.75%"
"SRC048","135","64","Services","1","277","","6.00%"
"SRC048","135","64","Services","6","459","Cost","(17,351)"
"SRC048","135","65","Penn TRGRP Holdings LLC Software & Tech Delayed Draw Term","1","277","","12.07%"
"SRC048","135","65","Penn TRGRP Holdings LLC Software & Tech Delayed Draw Term","3","324","Interest","0.75%"
"SRC048","135","66","Services Loan","2","293","","6.00%"
"SRC048","135","66","Services Loan","5","413","Par Amount","111,653"
"SRC048","135","66","Services Loan","6","459","Cost","111,653"
"SRC048","135","66","Services Loan","7","502","Fair Value","111,653"
"SRC048","135","67","Peter C. Foy & Associates Insurance Financials Delayed Draw Term","1","277","","9.82%"
"SRC048","135","67","Peter C. Foy & Associates Insurance Financials Delayed Draw Term","3","324","Interest","0.75%"
"SRC048","135","68","Services, LLC Loan","5","413","Par Amount","5,810,088"
"SRC048","135","68","Services, LLC Loan","6","459","Cost","5,777,093"
"SRC048","135","68","Services, LLC Loan","7","502","Fair Value","5,795,563"
"SRC048","135","69","Peter C. Foy & Associates Insurance Financials Term Loan","1","277","","9.82%"
"SRC048","135","69","Peter C. Foy & Associates Insurance Financials Term Loan","3","324","Interest","0.75%"
"SRC048","135","70","Services, LLC","5","413","Par Amount","492,171"
"SRC048","135","70","Services, LLC","6","459","Cost","487,666"
"SRC048","135","70","Services, LLC","7","502","Fair Value","490,941"
"SRC048","135","71","Peter C. Foy & Associates Insurance Financials Delayed Draw Term","1","277","","9.82%"
"SRC048","135","71","Peter C. Foy & Associates Insurance Financials Delayed Draw Term","3","324","Interest","0.75%"
"SRC048","135","72","Services, LLC Loan","5","413","Par Amount","1,231,606"
"SRC048","135","72","Services, LLC Loan","6","459","Cost","1,218,289"
"SRC048","135","72","Services, LLC Loan","7","502","Fair Value","1,228,527"
"SRC048","135","73","Pharmalogic Holdings Corp Healthcare Term Loan","1","277","","9.35%"
"SRC048","135","73","Pharmalogic Holdings Corp Healthcare Term Loan","3","324","Interest","1.00%"
"SRC048","136","1","Pharmalogic Holdings Corp Healthcare Delayed Draw Term","2","331","Interest","1.00%"
"SRC048","136","2","Loan","5","470","Cost","(47,550)"
"SRC048","136","2","Loan","6","514","Fair Value","(69,346)"
"SRC048","136","3","Pieper Memorial, LLC Healthcare Term Loan","1","283","","10.63%"
"SRC048","136","3","Pieper Memorial, LLC Healthcare Term Loan","2","331","Interest","1.00%"
"SRC048","136","4","Pieper Memorial, LLC Healthcare Delayed Draw Term","1","283","","10.63%"
"SRC048","136","4","Pieper Memorial, LLC Healthcare Delayed Draw Term","2","331","Interest","1.00%"
"SRC048","136","5","Loan","4","422","Par Amount","3,547,619"
"SRC048","136","5","Loan","5","470","Cost","3,492,869"
"SRC048","136","5","Loan","6","514","Fair Value","3,547,619"
"SRC048","136","6","Ping Identity Holding Corp. Software & Tech Term Loan","1","283","","9.07%"
"SRC048","136","6","Ping Identity Holding Corp. Software & Tech Term Loan","2","331","Interest","0.75%"
"SRC048","136","7","Services","4","422","Par Amount","12,003,362"
"SRC048","136","7","Services","5","470","Cost","11,787,673"
"SRC048","136","7","Services","6","514","Fair Value","12,003,362"
"SRC048","136","8","Ping Identity Holding Corp. Software & Tech Revolver","2","331","Interest","0.75%"
"SRC048","136","9","Services","5","470","Cost","(19,269)"
"SRC048","136","10","Pinnacle Dermatology Management, LLC Healthcare Term Loan","1","283","","10.27%"
"SRC048","136","10","Pinnacle Dermatology Management, LLC Healthcare Term Loan","2","331","Interest","0.75%"
"SRC048","136","11","Pinnacle Dermatology Management, LLC Healthcare Delayed Draw Term","1","283","","10.38%"
"SRC048","136","11","Pinnacle Dermatology Management, LLC Healthcare Delayed Draw Term","2","331","Interest","0.75%"
"SRC048","136","12","Loan","4","422","Par Amount","643,349"
"SRC048","136","12","Loan","5","470","Cost","638,557"
"SRC048","136","12","Loan","6","514","Fair Value","574,189"
"SRC048","136","13","Pinnacle Dermatology Management, LLC Healthcare Revolver","1","283","","8.98%"
"SRC048","136","13","Pinnacle Dermatology Management, LLC Healthcare Revolver","2","331","Interest","0.75%"
"SRC048","136","13","Pinnacle Dermatology Management, LLC Healthcare Revolver","4","422","Par Amount","537,696"
"SRC048","136","13","Pinnacle Dermatology Management, LLC Healthcare Revolver","5","470","Cost","532,199"
"SRC048","136","13","Pinnacle Dermatology Management, LLC Healthcare Revolver","6","514","Fair Value","530,974"
"SRC048","136","14","Pinnacle Treatment Centers, Inc. Healthcare Term Loan","1","283","","10.01%"
"SRC048","136","14","Pinnacle Treatment Centers, Inc. Healthcare Term Loan","2","331","Interest","1.00%"
"SRC048","136","15","Pinnacle Treatment Centers, Inc. Healthcare Revolver","1","283","","11.75%"
"SRC048","136","15","Pinnacle Treatment Centers, Inc. Healthcare Revolver","2","331","Interest","1.00%"
"SRC048","136","16","Pinnacle Treatment Centers, Inc. Healthcare Term Loan","1","283","","10.01%"
"SRC048","136","16","Pinnacle Treatment Centers, Inc. Healthcare Term Loan","2","331","Interest","1.00%"
"SRC048","136","17","Pinnacle Treatment Centers, Inc. Healthcare Term Loan","1","283","","10.01%"
"SRC048","136","17","Pinnacle Treatment Centers, Inc. Healthcare Term Loan","2","331","Interest","1.00%"
"SRC048","136","18","Pinnacle Treatment Centers, Inc. Healthcare Delayed Draw Term","1","283","","10.01%"
"SRC048","136","18","Pinnacle Treatment Centers, Inc. Healthcare Delayed Draw Term","2","331","Interest","1.00%"
"SRC048","136","19","Loan","4","422","Par Amount","336,605"
"SRC048","136","19","Loan","5","470","Cost","336,116"
"SRC048","136","19","Loan","6","514","Fair Value","334,922"
"SRC048","136","20","Pinnacle Treatment Centers, Inc. Healthcare Term Loan","1","283","","10.01%"
"SRC048","136","20","Pinnacle Treatment Centers, Inc. Healthcare Term Loan","2","331","Interest","1.00%"
"SRC048","136","21","Priority OnDemand Midco 2, L.P. Healthcare Term Loan","1","283","","9.77%"
"SRC048","136","21","Priority OnDemand Midco 2, L.P. Healthcare Term Loan","2","331","Interest","1.00%"
"SRC048","136","21","Priority OnDemand Midco 2, L.P. Healthcare Term Loan","4","422","Par Amount","7,465,525"
"SRC048","136","21","Priority OnDemand Midco 2, L.P. Healthcare Term Loan","5","470","Cost","7,386,715"
"SRC048","136","21","Priority OnDemand Midco 2, L.P. Healthcare Term Loan","6","514","Fair Value","7,465,525"
"SRC048","136","21","Priority OnDemand Midco 2, L.P. Healthcare Term Loan","7","554","Tickmarks","(15)"
"SRC048","136","22","Priority OnDemand Midco 2, L.P. Healthcare Delayed Draw Term","1","283","","9.77%"
"SRC048","136","22","Priority OnDemand Midco 2, L.P. Healthcare Delayed Draw Term","2","331","Interest","1.00%"
"SRC048","136","23","Loan","4","422","Par Amount","117,614"
"SRC048","136","23","Loan","5","470","Cost","102,736"
"SRC048","136","23","Loan","6","514","Fair Value","117,614"
"SRC048","136","24","Race Finco, LLC Digital Infrastructure & Term Loan","1","283","","10.12%"
"SRC048","136","24","Race Finco, LLC Digital Infrastructure & Term Loan","2","331","Interest","1.00%"
"SRC048","136","25","Services","4","422","Par Amount","9,178,206"
"SRC048","136","25","Services","5","470","Cost","9,027,903"
"SRC048","136","25","Services","6","514","Fair Value","8,971,696"
"SRC048","136","26","Race Finco, LLC Digital Infrastructure & Revolver","2","331","Interest","1.00%"
"SRC048","136","27","Services","5","470","Cost","(11,235)"
"SRC048","136","27","Services","6","514","Fair Value","(13,720)"
"SRC048","136","28","Race Finco, LLC Digital Infrastructure & Delayed Draw Term","1","283","","10.10%"
"SRC048","136","28","Race Finco, LLC Digital Infrastructure & Delayed Draw Term","2","331","Interest","1.00%"
"SRC048","136","29","Services Loan","4","422","Par Amount","1,829,395"
"SRC048","136","29","Services Loan","5","470","Cost","1,717,321"
"SRC048","136","29","Services Loan","6","514","Fair Value","1,732,849"
"SRC048","136","30","Ranger Buyer, Inc. Software & Tech Term Loan","1","283","","9.07%"
"SRC048","136","30","Ranger Buyer, Inc. Software & Tech Term Loan","2","331","Interest","0.75%"
"SRC048","136","31","Services","4","422","Par Amount","15,291,191"
"SRC048","136","31","Services","5","470","Cost","15,105,896"
"SRC048","136","31","Services","6","514","Fair Value","15,291,191"
"SRC048","136","32","Ranger Buyer, Inc. Software & Tech Revolver","2","331","Interest","0.75%"
"SRC048","136","33","Services","5","470","Cost","(11,820)"
"SRC048","136","34","RCP Encore Acquisition, Inc. Healthcare Term Loan","2","331","Interest","1.00%"
"SRC048","136","34","RCP Encore Acquisition, Inc. Healthcare Term Loan","4","422","Par Amount","2,861,633"
"SRC048","136","34","RCP Encore Acquisition, Inc. Healthcare Term Loan","5","470","Cost","2,793,661"
"SRC048","136","34","RCP Encore Acquisition, Inc. Healthcare Term Loan","6","514","Fair Value","28,616"
"SRC048","136","34","RCP Encore Acquisition, Inc. Healthcare Term Loan","7","554","Tickmarks","(16)"
"SRC048","136","35","Redwood Family Care Network, Inc. Healthcare Revolver","2","331","Interest","1.00%"
"SRC048","136","35","Redwood Family Care Network, Inc. Healthcare Revolver","5","470","Cost","(3,519)"
"SRC048","136","35","Redwood Family Care Network, Inc. Healthcare Revolver","6","514","Fair Value","(1,472)"
"SRC048","136","36","Redwood Family Care Network, Inc. Healthcare Term Loan","1","283","","9.97%"
"SRC048","136","36","Redwood Family Care Network, Inc. Healthcare Term Loan","2","331","Interest","1.00%"
"SRC048","136","36","Redwood Family Care Network, Inc. Healthcare Term Loan","4","422","Par Amount","7,711,388"
"SRC048","136","36","Redwood Family Care Network, Inc. Healthcare Term Loan","5","470","Cost","7,645,959"
"SRC048","136","36","Redwood Family Care Network, Inc. Healthcare Term Loan","6","514","Fair Value","7,692,110"
"SRC048","136","36","Redwood Family Care Network, Inc. Healthcare Term Loan","7","554","Tickmarks","(15)"
"SRC048","136","37","Redwood Family Care Network, Inc. Healthcare Delayed Draw Term","1","283","","9.97%"
"SRC048","136","37","Redwood Family Care Network, Inc. Healthcare Delayed Draw Term","2","331","Interest","1.00%"
"SRC048","136","38","Loan","4","422","Par Amount","5,712,057"
"SRC048","136","38","Loan","5","470","Cost","5,677,763"
"SRC048","136","38","Loan","6","514","Fair Value","5,697,777"
"SRC048","136","39","Redwood Family Care Network, Inc. Healthcare Delayed Draw Term","1","283","","9.97%"
"SRC048","136","39","Redwood Family Care Network, Inc. Healthcare Delayed Draw Term","2","331","Interest","1.00%"
"SRC048","136","40","Loan","4","422","Par Amount","4,281,817"
"SRC048","136","40","Loan","5","470","Cost","4,213,403"
"SRC048","136","40","Loan","6","514","Fair Value","4,271,112"
"SRC048","136","41","REP TEC Intermediate Holdings, Inc. Services Term Loan","1","283","","9.82%"
"SRC048","136","41","REP TEC Intermediate Holdings, Inc. Services Term Loan","2","331","Interest","1.00%"
"SRC048","136","41","REP TEC Intermediate Holdings, Inc. Services Term Loan","4","422","Par Amount","11,912,193"
"SRC048","136","41","REP TEC Intermediate Holdings, Inc. Services Term Loan","5","470","Cost","11,883,010"
"SRC048","136","41","REP TEC Intermediate Holdings, Inc. Services Term Loan","6","514","Fair Value","11,912,193"
"SRC048","136","41","REP TEC Intermediate Holdings, Inc. Services Term Loan","7","554","Tickmarks","(15)"
"SRC048","136","42","REP TEC Intermediate Holdings, Inc. Services Revolver","2","331","Interest","1.00%"
"SRC048","136","42","REP TEC Intermediate Holdings, Inc. Services Revolver","5","470","Cost","(3,715)"
"SRC048","136","43","Ridge Trail US Bidco, Inc. Digital Infrastructure & Term Loan","1","283","","8.82%"
"SRC048","136","43","Ridge Trail US Bidco, Inc. Digital Infrastructure & Term Loan","2","331","Interest","0.75%"
"SRC048","136","44","Services","4","422","Par Amount","6,460,812"
"SRC048","136","44","Services","5","470","Cost","6,365,194"
"SRC048","136","44","Services","6","514","Fair Value","6,363,900"
"SRC048","136","45","Ridge Trail US Bidco, Inc. Digital Infrastructure & Delayed Draw Term","2","331","Interest","0.75%"
"SRC048","136","46","Services Loan","4","422","Par Amount","(0)"
"SRC048","136","46","Services Loan","5","470","Cost","(16,121)"
"SRC048","136","46","Services Loan","6","514","Fair Value","(16,709)"
"SRC048","136","47","Ridge Trail US Bidco, Inc. Digital Infrastructure & Revolver","1","283","","8.85%"
"SRC048","136","47","Ridge Trail US Bidco, Inc. Digital Infrastructure & Revolver","2","331","Interest","0.75%"
"SRC048","136","48","Services","4","422","Par Amount","200,508"
"SRC048","136","48","Services","5","470","Cost","189,791"
"SRC048","136","48","Services","6","514","Fair Value","189,369"
"SRC048","136","49","Saab Purchaser, Inc. Software & Tech Term Loan","1","283","","9.52%"
"SRC048","136","49","Saab Purchaser, Inc. Software & Tech Term Loan","2","331","Interest","0.75%"
"SRC048","136","50","Services","4","422","Par Amount","19,214,323"
"SRC048","136","50","Services","5","470","Cost","19,022,180"
"SRC048","136","50","Services","6","514","Fair Value","19,022,180"
"SRC048","136","51","Saab Purchaser, Inc. Software & Tech Delayed Draw Term","2","331","Interest","0.75%"
"SRC048","136","52","Services Loan","5","470","Cost","(25,810)"
"SRC048","136","52","Services Loan","6","514","Fair Value","(25,810)"
"SRC048","136","53","Saab Purchaser, Inc. Software & Tech Revolver","2","331","Interest","0.75%"
"SRC048","136","54","Services","5","470","Cost","(25,810)"
"SRC048","136","54","Services","6","514","Fair Value","(25,810)"
"SRC048","136","55","Sako and Partners Lower Holdings LLC Services Delayed Draw Term","2","331","Interest","1.00%"
"SRC048","136","56","Loan","5","470","Cost","(31,266)"
"SRC048","136","57","Sako and Partners Lower Holdings LLC Services Term Loan","1","283","","8.82%"
"SRC048","136","57","Sako and Partners Lower Holdings LLC Services Term Loan","2","331","Interest","1.00%"
"SRC048","136","57","Sako and Partners Lower Holdings LLC Services Term Loan","4","422","Par Amount","1,682,812"
"SRC048","136","57","Sako and Partners Lower Holdings LLC Services Term Loan","5","470","Cost","1,654,986"
"SRC048","136","57","Sako and Partners Lower Holdings LLC Services Term Loan","6","514","Fair Value","1,670,191"
"SRC048","136","57","Sako and Partners Lower Holdings LLC Services Term Loan","7","554","Tickmarks","(15)"
"SRC048","136","58","Sako and Partners Lower Holdings LLC Services Term Loan","1","283","","8.82%"
"SRC048","136","58","Sako and Partners Lower Holdings LLC Services Term Loan","2","331","Interest","1.00%"
"SRC048","136","58","Sako and Partners Lower Holdings LLC Services Term Loan","4","422","Par Amount","17,149,457"
"SRC048","136","58","Sako and Partners Lower Holdings LLC Services Term Loan","5","470","Cost","16,848,791"
"SRC048","136","58","Sako and Partners Lower Holdings LLC Services Term Loan","6","514","Fair Value","17,020,837"
"SRC048","136","58","Sako and Partners Lower Holdings LLC Services Term Loan","7","554","Tickmarks","(15)"
"SRC048","136","59","Sako and Partners Lower Holdings LLC Services Delayed Draw Term","1","283","","8.82%"
"SRC048","136","59","Sako and Partners Lower Holdings LLC Services Delayed Draw Term","2","331","Interest","1.00%"
"SRC048","136","60","Loan","4","422","Par Amount","3,496,560"
"SRC048","136","60","Loan","5","470","Cost","3,432,154"
"SRC048","136","60","Loan","6","514","Fair Value","3,470,336"
"SRC048","136","61","Sako and Partners Lower Holdings LLC Services Revolver","2","331","Interest","1.00%"
"SRC048","136","61","Sako and Partners Lower Holdings LLC Services Revolver","5","470","Cost","(27,898)"
"SRC048","136","61","Sako and Partners Lower Holdings LLC Services Revolver","6","514","Fair Value","(13,192)"
"SRC048","136","62","Salisbury House, LLC Healthcare Term Loan","1","283","","10.48%"
"SRC048","136","62","Salisbury House, LLC Healthcare Term Loan","2","331","Interest","1.00%"
"SRC048","136","63","Salisbury House, LLC Healthcare Delayed Draw Term","1","283","","10.48%"
"SRC048","136","63","Salisbury House, LLC Healthcare Delayed Draw Term","2","331","Interest","1.00%"
"SRC048","136","64","Loan","4","422","Par Amount","568,850"
"SRC048","136","64","Loan","5","470","Cost","557,473"
"SRC048","136","64","Loan","6","514","Fair Value","568,850"
"SRC048","136","65","Salisbury House, LLC Healthcare Term Loan","1","283","","10.48%"
"SRC048","136","65","Salisbury House, LLC Healthcare Term Loan","2","331","Interest","1.00%"
"SRC048","136","66","Salisbury House, LLC Healthcare Delayed Draw Term","1","283","","10.48%"
"SRC048","136","66","Salisbury House, LLC Healthcare Delayed Draw Term","2","331","Interest","1.00%"
"SRC048","136","67","Loan","4","422","Par Amount","494,802"
"SRC048","136","67","Loan","5","470","Cost","489,027"
"SRC048","136","67","Loan","6","514","Fair Value","494,802"
"SRC048","136","68","Salisbury House, LLC Healthcare Term Loan","1","283","","10.48%"
"SRC048","136","68","Salisbury House, LLC Healthcare Term Loan","2","331","Interest","1.00%"
"SRC048","136","69","Salisbury House, LLC Healthcare Revolver","1","283","","10.47%"
"SRC048","136","69","Salisbury House, LLC Healthcare Revolver","2","331","Interest","1.00%"
"SRC048","137","1","Salisbury House, LLC Healthcare Term Loan","1","283","","10.48%"
"SRC048","137","1","Salisbury House, LLC Healthcare Term Loan","3","331","Interest","1.00%"
"SRC048","137","2","Salisbury House, LLC Healthcare Term Loan","1","283","","10.48%"
"SRC048","137","2","Salisbury House, LLC Healthcare Term Loan","3","331","Interest","1.00%"
"SRC048","137","3","Sandstone Care Holdings, LLC Healthcare Term Loan","1","283","","10.18%"
"SRC048","137","3","Sandstone Care Holdings, LLC Healthcare Term Loan","3","331","Interest","1.00%"
"SRC048","137","4","Sandstone Care Holdings, LLC Healthcare Delayed Draw Term","1","283","","10.42%"
"SRC048","137","4","Sandstone Care Holdings, LLC Healthcare Delayed Draw Term","3","331","Interest","1.00%"
"SRC048","137","5","Loan","5","423","Par Amount","916,975"
"SRC048","137","5","Loan","6","466","Cost","907,015"
"SRC048","137","5","Loan","7","510","Fair Value","820,692"
"SRC048","137","6","Sandstone Care Holdings, LLC Healthcare Revolver","1","283","","10.10%"
"SRC048","137","6","Sandstone Care Holdings, LLC Healthcare Revolver","3","331","Interest","1.00%"
"SRC048","137","7","Sapphire Software Buyer, Inc. Software & Tech Services Term Loan","1","283","","9.74%"
"SRC048","137","7","Sapphire Software Buyer, Inc. Software & Tech Services Term Loan","3","331","Interest","0.75%"
"SRC048","137","8","Sapphire Software Buyer, Inc. Software & Tech Services Revolver","3","331","Interest","0.75%"
"SRC048","137","8","Sapphire Software Buyer, Inc. Software & Tech Services Revolver","6","466","Cost","(16,632)"
"SRC048","137","8","Sapphire Software Buyer, Inc. Software & Tech Services Revolver","7","510","Fair Value","(17,238)"
"SRC048","137","9","Sauce Labs Inc Software & Tech Services Revolver","3","331","Interest","1.00%"
"SRC048","137","9","Sauce Labs Inc Software & Tech Services Revolver","6","466","Cost","(11,443)"
"SRC048","137","9","Sauce Labs Inc Software & Tech Services Revolver","7","510","Fair Value","(28,841)"
"SRC048","137","10","Sauce Labs Inc Software & Tech Services Revolver","1","283","","10.68%"
"SRC048","137","10","Sauce Labs Inc Software & Tech Services Revolver","3","331","Interest","1.00%"
"SRC048","137","11","Sauce Labs Inc Software & Tech Services Term Loan","1","283","","10.68%"
"SRC048","137","11","Sauce Labs Inc Software & Tech Services Term Loan","3","331","Interest","1.00%"
"SRC048","137","12","Sauce Labs Inc Software & Tech Services Delayed Draw Term","1","283","","10.68%"
"SRC048","137","12","Sauce Labs Inc Software & Tech Services Delayed Draw Term","3","331","Interest","1.00%"
"SRC048","137","13","Loan","2","299","","0.50%"
"SRC048","137","13","Loan","5","423","Par Amount","861,163"
"SRC048","137","13","Loan","6","466","Cost","843,857"
"SRC048","137","13","Loan","7","510","Fair Value","831,532"
"SRC048","137","14","Saviynt, Inc. Software & Tech Services Term Loan","1","283","","11.95%"
"SRC048","137","14","Saviynt, Inc. Software & Tech Services Term Loan","3","331","Interest","1.00%"
"SRC048","137","15","Saviynt, Inc. Software & Tech Services Delayed Draw Term","1","283","","11.95%"
"SRC048","137","15","Saviynt, Inc. Software & Tech Services Delayed Draw Term","3","331","Interest","1.00%"
"SRC048","137","16","Loan","2","299","","3.50%"
"SRC048","137","16","Loan","5","423","Par Amount","6,282,329"
"SRC048","137","16","Loan","6","466","Cost","6,173,842"
"SRC048","137","16","Loan","7","510","Fair Value","6,266,623"
"SRC048","137","17","Saviynt, Inc. Software & Tech Services Revolver","3","331","Interest","1.00%"
"SRC048","137","17","Saviynt, Inc. Software & Tech Services Revolver","6","466","Cost","(9,180)"
"SRC048","137","17","Saviynt, Inc. Software & Tech Services Revolver","7","510","Fair Value","(1,524)"
"SRC048","137","18","SCA Buyer, LLC Healthcare Revolver","1","283","","11.33%"
"SRC048","137","18","SCA Buyer, LLC Healthcare Revolver","3","331","Interest","1.00%"
"SRC048","137","19","SCA Buyer, LLC Healthcare Term Loan","1","283","","11.32%"
"SRC048","137","19","SCA Buyer, LLC Healthcare Term Loan","3","331","Interest","1.00%"
"SRC048","137","20","SDC Atlas Acquistionco, LLC Digital Infrastructure & Services Term Loan","1","283","","9.95%"
"SRC048","137","20","SDC Atlas Acquistionco, LLC Digital Infrastructure & Services Term Loan","3","331","Interest","0.75%"
"SRC048","137","20","SDC Atlas Acquistionco, LLC Digital Infrastructure & Services Term Loan","5","423","Par Amount","10,715,390"
"SRC048","137","20","SDC Atlas Acquistionco, LLC Digital Infrastructure & Services Term Loan","6","466","Cost","10,567,634"
"SRC048","137","20","SDC Atlas Acquistionco, LLC Digital Infrastructure & Services Term Loan","7","510","Fair Value","10,635,025"
"SRC048","137","20","SDC Atlas Acquistionco, LLC Digital Infrastructure & Services Term Loan","8","554","Tickmarks","(15)"
"SRC048","137","21","SDC Atlas Acquistionco, LLC Digital Infrastructure & Services Delayed Draw Term","1","283","","9.95%"
"SRC048","137","21","SDC Atlas Acquistionco, LLC Digital Infrastructure & Services Delayed Draw Term","3","331","Interest","0.75%"
"SRC048","137","22","Loan","5","423","Par Amount","1,868,963"
"SRC048","137","22","Loan","6","466","Cost","1,739,485"
"SRC048","137","22","Loan","7","510","Fair Value","1,798,877"
"SRC048","137","23","SDC Atlas Acquistionco, LLC Digital Infrastructure & Services Revolver","1","283","","9.95%"
"SRC048","137","23","SDC Atlas Acquistionco, LLC Digital Infrastructure & Services Revolver","3","331","Interest","0.75%"
"SRC048","137","23","SDC Atlas Acquistionco, LLC Digital Infrastructure & Services Revolver","5","423","Par Amount","622,988"
"SRC048","137","23","SDC Atlas Acquistionco, LLC Digital Infrastructure & Services Revolver","6","466","Cost","614,418"
"SRC048","137","23","SDC Atlas Acquistionco, LLC Digital Infrastructure & Services Revolver","7","510","Fair Value","618,315"
"SRC048","137","24","Securonix, Inc Software & Tech Services Term Loan","1","283","","12.33%"
"SRC048","137","24","Securonix, Inc Software & Tech Services Term Loan","3","331","Interest","0.75%"
"SRC048","137","25","Securonix, Inc Software & Tech Services Revolver","1","283","","11.58%"
"SRC048","137","25","Securonix, Inc Software & Tech Services Revolver","3","331","Interest","0.75%"
"SRC048","137","26","Serrano Parent, LLC Software & Tech Services Term Loan","1","283","","10.92%"
"SRC048","137","26","Serrano Parent, LLC Software & Tech Services Term Loan","3","331","Interest","1.00%"
"SRC048","137","27","Serrano Parent, LLC Software & Tech Services Revolver","3","331","Interest","1.00%"
"SRC048","137","27","Serrano Parent, LLC Software & Tech Services Revolver","6","466","Cost","(40,298)"
"SRC048","137","27","Serrano Parent, LLC Software & Tech Services Revolver","7","510","Fair Value","(41,719)"
"SRC048","137","28","Single Digits, Inc. Digital Infrastructure & Services Term Loan","3","331","Interest","1.00%"
"SRC048","137","29","Single Digits, Inc. Digital Infrastructure & Services Delayed Draw Term","3","331","Interest","1.00%"
"SRC048","137","30","Loan","5","423","Par Amount","626,535"
"SRC048","137","30","Loan","6","466","Cost","578,624"
"SRC048","137","30","Loan","7","510","Fair Value","360,258"
"SRC048","137","31","Single Digits, Inc. Digital Infrastructure & Services Revolver","3","331","Interest","1.00%"
"SRC048","137","31","Single Digits, Inc. Digital Infrastructure & Services Revolver","6","466","Cost","(842)"
"SRC048","137","32","Smile Brands, Inc. Healthcare Term Loan","1","283","","12.68%"
"SRC048","137","32","Smile Brands, Inc. Healthcare Term Loan","3","331","Interest","0.75%"
"SRC048","137","33","Smile Brands, Inc. Healthcare Revolver","1","283","","15.35%"
"SRC048","137","33","Smile Brands, Inc. Healthcare Revolver","3","331","Interest","0.75%"
"SRC048","137","34","Smile Brands, Inc. Healthcare Delayed Draw Term","1","283","","13.16%"
"SRC048","137","34","Smile Brands, Inc. Healthcare Delayed Draw Term","3","331","Interest","0.75%"
"SRC048","137","35","Loan","2","299","","4.00%"
"SRC048","137","35","Loan","5","423","Par Amount","484,816"
"SRC048","137","35","Loan","6","466","Cost","479,064"
"SRC048","137","35","Loan","7","510","Fair Value","436,335"
"SRC048","137","36","Soladoc, LLC Software & Tech Services Term Loan","1","283","","9.39%"
"SRC048","137","36","Soladoc, LLC Software & Tech Services Term Loan","3","331","Interest","0.75%"
"SRC048","137","36","Soladoc, LLC Software & Tech Services Term Loan","5","423","Par Amount","5,889,225"
"SRC048","137","36","Soladoc, LLC Software & Tech Services Term Loan","6","466","Cost","5,820,508"
"SRC048","137","36","Soladoc, LLC Software & Tech Services Term Loan","7","510","Fair Value","5,697,825"
"SRC048","137","36","Soladoc, LLC Software & Tech Services Term Loan","8","554","Tickmarks","(15)"
"SRC048","137","37","Soladoc, LLC Software & Tech Services Revolver","3","331","Interest","0.75%"
"SRC048","137","37","Soladoc, LLC Software & Tech Services Revolver","6","466","Cost","(6,857)"
"SRC048","137","37","Soladoc, LLC Software & Tech Services Revolver","7","510","Fair Value","(19,140)"
"SRC048","137","38","Spark DSO, LLC Healthcare Term Loan","1","283","","12.49%"
"SRC048","137","38","Spark DSO, LLC Healthcare Term Loan","3","331","Interest","1.00%"
"SRC048","137","39","Spark DSO, LLC Healthcare Revolver","1","283","","12.49%"
"SRC048","137","39","Spark DSO, LLC Healthcare Revolver","3","331","Interest","1.00%"
"SRC048","137","40","Stratus Networks, Inc. Digital Infrastructure & Services Term Loan","1","283","","8.70%"
"SRC048","137","40","Stratus Networks, Inc. Digital Infrastructure & Services Term Loan","3","331","Interest","1.00%"
"SRC048","137","40","Stratus Networks, Inc. Digital Infrastructure & Services Term Loan","5","423","Par Amount","7,920,781"
"SRC048","137","40","Stratus Networks, Inc. Digital Infrastructure & Services Term Loan","6","466","Cost","7,835,060"
"SRC048","137","40","Stratus Networks, Inc. Digital Infrastructure & Services Term Loan","7","510","Fair Value","7,881,177"
"SRC048","137","40","Stratus Networks, Inc. Digital Infrastructure & Services Term Loan","8","554","Tickmarks","(15)"
"SRC048","137","41","Stratus Networks, Inc. Digital Infrastructure & Services Delayed Draw Term","1","283","","8.70%"
"SRC048","137","41","Stratus Networks, Inc. Digital Infrastructure & Services Delayed Draw Term","3","331","Interest","1.00%"
"SRC048","137","42","Loan","5","423","Par Amount","3,630,358"
"SRC048","137","42","Loan","6","466","Cost","3,591,796"
"SRC048","137","42","Loan","7","510","Fair Value","3,620,457"
"SRC048","137","43","Stratus Networks, Inc. Digital Infrastructure & Services Revolver","3","331","Interest","1.00%"
"SRC048","137","43","Stratus Networks, Inc. Digital Infrastructure & Services Revolver","6","466","Cost","(9,983)"
"SRC048","137","43","Stratus Networks, Inc. Digital Infrastructure & Services Revolver","7","510","Fair Value","(4,951)"
"SRC048","137","44","Stratus Networks, Inc. Digital Infrastructure & Services Delayed Draw Term","3","331","Interest","1.00%"
"SRC048","137","45","Loan","6","466","Cost","(23,815)"
"SRC048","137","46","SugarCrm, Inc. Software & Tech Services Term Loan","1","283","","9.70%"
"SRC048","137","46","SugarCrm, Inc. Software & Tech Services Term Loan","3","331","Interest","1.00%"
"SRC048","137","46","SugarCrm, Inc. Software & Tech Services Term Loan","5","423","Par Amount","4,268,824"
"SRC048","137","46","SugarCrm, Inc. Software & Tech Services Term Loan","6","466","Cost","4,245,326"
"SRC048","137","46","SugarCrm, Inc. Software & Tech Services Term Loan","7","510","Fair Value","4,226,136"
"SRC048","137","46","SugarCrm, Inc. Software & Tech Services Term Loan","8","554","Tickmarks","(15)"
"SRC048","137","47","SugarCrm, Inc. Software & Tech Services Revolver","3","331","Interest","1.00%"
"SRC048","137","47","SugarCrm, Inc. Software & Tech Services Revolver","6","466","Cost","(1,309)"
"SRC048","137","47","SugarCrm, Inc. Software & Tech Services Revolver","7","510","Fair Value","(3,102)"
"SRC048","137","48","SugarCrm, Inc. Software & Tech Services Term Loan","1","283","","9.70%"
"SRC048","137","48","SugarCrm, Inc. Software & Tech Services Term Loan","3","331","Interest","1.00%"
"SRC048","137","48","SugarCrm, Inc. Software & Tech Services Term Loan","5","423","Par Amount","566,197"
"SRC048","137","48","SugarCrm, Inc. Software & Tech Services Term Loan","6","466","Cost","557,012"
"SRC048","137","48","SugarCrm, Inc. Software & Tech Services Term Loan","7","510","Fair Value","560,535"
"SRC048","137","48","SugarCrm, Inc. Software & Tech Services Term Loan","8","554","Tickmarks","(15)"
"SRC048","137","49","Sundance Group Holdings, Inc. Software & Tech Services Term Loan","1","283","","9.07%"
"SRC048","137","49","Sundance Group Holdings, Inc. Software & Tech Services Term Loan","3","331","Interest","1.00%"
"SRC048","137","49","Sundance Group Holdings, Inc. Software & Tech Services Term Loan","5","423","Par Amount","19,976,331"
"SRC048","137","49","Sundance Group Holdings, Inc. Software & Tech Services Term Loan","6","466","Cost","19,976,331"
"SRC048","137","49","Sundance Group Holdings, Inc. Software & Tech Services Term Loan","7","510","Fair Value","19,976,331"
"SRC048","137","49","Sundance Group Holdings, Inc. Software & Tech Services Term Loan","8","554","Tickmarks","(15)"
"SRC048","137","50","Sundance Group Holdings, Inc. Software & Tech Services Revolver","1","283","","9.07%"
"SRC048","137","50","Sundance Group Holdings, Inc. Software & Tech Services Revolver","3","331","Interest","1.00%"
"SRC048","137","50","Sundance Group Holdings, Inc. Software & Tech Services Revolver","5","423","Par Amount","1,112,360"
"SRC048","137","50","Sundance Group Holdings, Inc. Software & Tech Services Revolver","6","466","Cost","1,100,252"
"SRC048","137","50","Sundance Group Holdings, Inc. Software & Tech Services Revolver","7","510","Fair Value","1,112,360"
"SRC048","137","50","Sundance Group Holdings, Inc. Software & Tech Services Revolver","8","554","Tickmarks","(6)"
"SRC048","137","51","Telcor Buyer, Inc. Software & Tech Services Term Loan","1","283","","8.70%"
"SRC048","137","51","Telcor Buyer, Inc. Software & Tech Services Term Loan","3","331","Interest","1.00%"
"SRC048","137","51","Telcor Buyer, Inc. Software & Tech Services Term Loan","5","423","Par Amount","7,073,460"
"SRC048","137","51","Telcor Buyer, Inc. Software & Tech Services Term Loan","6","466","Cost","7,025,868"
"SRC048","137","51","Telcor Buyer, Inc. Software & Tech Services Term Loan","7","510","Fair Value","7,073,460"
"SRC048","137","51","Telcor Buyer, Inc. Software & Tech Services Term Loan","8","554","Tickmarks","(15)"
"SRC048","137","52","Telcor Buyer, Inc. Software & Tech Services Revolver","3","331","Interest","1.00%"
"SRC048","137","52","Telcor Buyer, Inc. Software & Tech Services Revolver","6","466","Cost","(1,950)"
"SRC048","137","53","Telesoft Holdings, LLC Software & Tech Services Term Loan","1","283","","10.20%"
"SRC048","137","53","Telesoft Holdings, LLC Software & Tech Services Term Loan","3","331","Interest","1.00%"
"SRC048","138","1","Telesoft Holdings, LLC Software & Tech Revolver","1","271","","10.18%"
"SRC048","138","1","Telesoft Holdings, LLC Software & Tech Revolver","2","322","Interest","1.00%"
"SRC048","138","2","Services","4","407","Par Amount","149,216"
"SRC048","138","2","Services","5","459","Cost","147,023"
"SRC048","138","2","Services","6","511","Fair Value","146,232"
"SRC048","138","3","The Center for Orthopedic and Research Healthcare Term Loan","1","271","","10.73%"
"SRC048","138","3","The Center for Orthopedic and Research Healthcare Term Loan","2","322","Interest","1.00%"
"SRC048","138","4","Excellence, Inc.","4","407","Par Amount","4,743,523"
"SRC048","138","4","Excellence, Inc.","5","459","Cost","4,733,351"
"SRC048","138","4","Excellence, Inc.","6","511","Fair Value","4,743,523"
"SRC048","138","5","The Center for Orthopedic and Research Healthcare Revolver","1","271","","10.76%"
"SRC048","138","5","The Center for Orthopedic and Research Healthcare Revolver","2","322","Interest","1.00%"
"SRC048","138","6","Excellence, Inc.","4","407","Par Amount","552,426"
"SRC048","138","6","Excellence, Inc.","5","459","Cost","551,081"
"SRC048","138","6","Excellence, Inc.","6","511","Fair Value","552,426"
"SRC048","138","7","The Center for Orthopedic and Research Healthcare Delayed Draw Term","1","271","","10.73%"
"SRC048","138","7","The Center for Orthopedic and Research Healthcare Delayed Draw Term","2","322","Interest","1.00%"
"SRC048","138","8","Excellence, Inc. Loan","4","407","Par Amount","1,118,347"
"SRC048","138","8","Excellence, Inc. Loan","5","459","Cost","1,117,298"
"SRC048","138","8","Excellence, Inc. Loan","6","511","Fair Value","1,118,347"
"SRC048","138","9","The Center for Orthopedic and Research Healthcare Delayed Draw Term","1","271","","10.73%"
"SRC048","138","9","The Center for Orthopedic and Research Healthcare Delayed Draw Term","2","322","Interest","1.00%"
"SRC048","138","10","Excellence, Inc. Loan","4","407","Par Amount","1,700,291"
"SRC048","138","10","Excellence, Inc. Loan","5","459","Cost","1,695,637"
"SRC048","138","10","Excellence, Inc. Loan","6","511","Fair Value","1,700,291"
"SRC048","138","11","The Center for Orthopedic and Research Healthcare Delayed Draw Term","1","271","","10.66%"
"SRC048","138","11","The Center for Orthopedic and Research Healthcare Delayed Draw Term","2","322","Interest","1.00%"
"SRC048","138","12","Excellence, Inc. Loan","4","407","Par Amount","1,688,254"
"SRC048","138","12","Excellence, Inc. Loan","5","459","Cost","1,682,571"
"SRC048","138","12","Excellence, Inc. Loan","6","511","Fair Value","1,688,254"
"SRC048","138","13","The Center for Orthopedic and Research Healthcare Term Loan","1","271","","10.67%"
"SRC048","138","13","The Center for Orthopedic and Research Healthcare Term Loan","2","322","Interest","1.00%"
"SRC048","138","14","Excellence, Inc.","4","407","Par Amount","3,167,360"
"SRC048","138","14","Excellence, Inc.","5","459","Cost","3,156,597"
"SRC048","138","14","Excellence, Inc.","6","511","Fair Value","3,167,360"
"SRC048","138","15","Thrive Buyer, Inc. Digital Infrastructure Term Loan","1","271","","10.97%"
"SRC048","138","15","Thrive Buyer, Inc. Digital Infrastructure Term Loan","2","322","Interest","1.00%"
"SRC048","138","16","& Services","4","407","Par Amount","1,186,308"
"SRC048","138","16","& Services","5","459","Cost","1,163,838"
"SRC048","138","16","& Services","6","511","Fair Value","1,198,171"
"SRC048","138","17","Thrive Buyer, Inc. Digital Infrastructure Term Loan","1","271","","9.47%"
"SRC048","138","17","Thrive Buyer, Inc. Digital Infrastructure Term Loan","2","322","Interest","1.00%"
"SRC048","138","18","& Services","4","407","Par Amount","2,169,060"
"SRC048","138","18","& Services","5","459","Cost","2,136,524"
"SRC048","138","18","& Services","6","511","Fair Value","2,169,060"
"SRC048","138","19","Thrive Buyer, Inc. Digital Infrastructure Term Loan","1","271","","9.22%"
"SRC048","138","19","Thrive Buyer, Inc. Digital Infrastructure Term Loan","2","322","Interest","1.00%"
"SRC048","138","20","& Services","4","407","Par Amount","1,552,161"
"SRC048","138","20","& Services","5","459","Cost","1,531,363"
"SRC048","138","20","& Services","6","511","Fair Value","1,552,161"
"SRC048","138","21","Thrive Buyer, Inc. Digital Infrastructure Revolver","1","271","","11.73%"
"SRC048","138","21","Thrive Buyer, Inc. Digital Infrastructure Revolver","2","322","Interest","1.00%"
"SRC048","138","22","& Services","4","407","Par Amount","739,815"
"SRC048","138","22","& Services","5","459","Cost","731,453"
"SRC048","138","22","& Services","6","511","Fair Value","739,815"
"SRC048","138","23","Thrive Buyer, Inc. Digital Infrastructure Delayed Draw Term","1","271","","10.47%"
"SRC048","138","23","Thrive Buyer, Inc. Digital Infrastructure Delayed Draw Term","2","322","Interest","1.00%"
"SRC048","138","24","& Services Loan","4","407","Par Amount","8,090,784"
"SRC048","138","24","& Services Loan","5","459","Cost","8,027,781"
"SRC048","138","24","& Services Loan","6","511","Fair Value","8,090,784"
"SRC048","138","25","Thrive Buyer, Inc. Digital Infrastructure Term Loan","1","271","","10.47%"
"SRC048","138","25","Thrive Buyer, Inc. Digital Infrastructure Term Loan","2","322","Interest","1.00%"
"SRC048","138","26","& Services","4","407","Par Amount","11,526,100"
"SRC048","138","26","& Services","5","459","Cost","11,439,393"
"SRC048","138","26","& Services","6","511","Fair Value","11,526,100"
"SRC048","138","27","ToolWatch Intermediate, LLC Software & Tech Term Loan","1","271","","10.58%"
"SRC048","138","27","ToolWatch Intermediate, LLC Software & Tech Term Loan","2","322","Interest","0.75%"
"SRC048","138","28","Services","4","407","Par Amount","12,899,463"
"SRC048","138","28","Services","5","459","Cost","12,705,971"
"SRC048","138","28","Services","6","511","Fair Value","12,705,971"
"SRC048","138","29","ToolWatch Intermediate, LLC Software & Tech Delayed Draw Term","1","271","","10.58%"
"SRC048","138","29","ToolWatch Intermediate, LLC Software & Tech Delayed Draw Term","2","322","Interest","0.75%"
"SRC048","138","30","Services Loan","4","407","Par Amount","370,929"
"SRC048","138","30","Services Loan","5","459","Cost","370,929"
"SRC048","138","30","Services Loan","6","511","Fair Value","352,502"
"SRC048","138","31","ToolWatch Intermediate, LLC Software & Tech Revolver","2","322","Interest","0.75%"
"SRC048","138","32","Services","5","459","Cost","(17,186)"
"SRC048","138","32","Services","6","511","Fair Value","(18,427)"
"SRC048","138","33","Towerco IV Holdings, LLC Digital Infrastructure Delayed Draw Term","1","271","","8.21%"
"SRC048","138","33","Towerco IV Holdings, LLC Digital Infrastructure Delayed Draw Term","2","322","Interest","1.00%"
"SRC048","138","34","& Services Loan","4","407","Par Amount","20,328,272"
"SRC048","138","34","& Services Loan","5","459","Cost","20,253,407"
"SRC048","138","34","& Services Loan","6","511","Fair Value","20,328,272"
"SRC048","138","35","Transtelco Holding, Inc. Digital Infrastructure Term Loan","1","271","","9.82%"
"SRC048","138","35","Transtelco Holding, Inc. Digital Infrastructure Term Loan","2","322","Interest","1.00%"
"SRC048","138","36","& Services","4","407","Par Amount","8,503,727"
"SRC048","138","36","& Services","5","459","Cost","8,408,459"
"SRC048","138","36","& Services","6","511","Fair Value","8,461,208"
"SRC048","138","37","Transtelco Holding, Inc. Digital Infrastructure Term Loan","1","271","","10.58%"
"SRC048","138","37","Transtelco Holding, Inc. Digital Infrastructure Term Loan","2","322","Interest","0.50%"
"SRC048","138","38","& Services","4","407","Par Amount","4,613,481"
"SRC048","138","38","& Services","5","459","Cost","4,603,676"
"SRC048","138","38","& Services","6","511","Fair Value","4,601,948"
"SRC048","138","39","Transtelco Holding, Inc. Digital Infrastructure Term Loan","1","271","","10.61%"
"SRC048","138","39","Transtelco Holding, Inc. Digital Infrastructure Term Loan","2","322","Interest","0.50%"
"SRC048","138","40","& Services","4","407","Par Amount","4,613,481"
"SRC048","138","40","& Services","5","459","Cost","4,603,363"
"SRC048","138","40","& Services","6","511","Fair Value","4,590,414"
"SRC048","138","41","Unanet, Inc Software & Tech Term Loan","1","271","","10.51%"
"SRC048","138","41","Unanet, Inc Software & Tech Term Loan","2","322","Interest","0.75%"
"SRC048","138","42","Services","4","407","Par Amount","12,003,044"
"SRC048","138","42","Services","5","459","Cost","11,841,068"
"SRC048","138","42","Services","6","511","Fair Value","11,822,998"
"SRC048","138","43","Unanet, Inc Software & Tech Delayed Draw Term","1","271","","9.80%"
"SRC048","138","43","Unanet, Inc Software & Tech Delayed Draw Term","2","322","Interest","0.75%"
"SRC048","138","44","Services Loan","4","407","Par Amount","1,850,997"
"SRC048","138","44","Services Loan","5","459","Cost","1,813,569"
"SRC048","138","44","Services Loan","6","511","Fair Value","1,813,092"
"SRC048","138","45","Unanet, Inc Software & Tech Revolver","2","322","Interest","0.75%"
"SRC048","138","46","Services","5","459","Cost","(28,550)"
"SRC048","138","46","Services","6","511","Fair Value","(30,954)"
"SRC048","138","47","Unanet, Inc Software & Tech Delayed Draw Term","2","322","Interest","0.75%"
"SRC048","138","48","Services Loan","5","459","Cost","(3,984)"
"SRC048","138","48","Services Loan","6","511","Fair Value","(5,400)"
"SRC048","138","49","Ungerboeck Systems International, LLC Software & Tech Term Loan","1","271","","10.26%"
"SRC048","138","49","Ungerboeck Systems International, LLC Software & Tech Term Loan","2","322","Interest","1.00%"
"SRC048","138","50","Services","4","407","Par Amount","262,429"
"SRC048","138","50","Services","5","459","Cost","258,017"
"SRC048","138","50","Services","6","511","Fair Value","261,117"
"SRC048","138","51","Ungerboeck Systems International, LLC Software & Tech Term Loan","1","271","","10.26%"
"SRC048","138","51","Ungerboeck Systems International, LLC Software & Tech Term Loan","2","322","Interest","1.00%"
"SRC048","138","52","Services","4","407","Par Amount","303,630"
"SRC048","138","52","Services","5","459","Cost","299,963"
"SRC048","138","52","Services","6","511","Fair Value","302,112"
"SRC048","138","53","Ungerboeck Systems International, LLC Software & Tech Term Loan","1","271","","10.26%"
"SRC048","138","53","Ungerboeck Systems International, LLC Software & Tech Term Loan","2","322","Interest","1.00%"
"SRC048","138","54","Services","4","407","Par Amount","2,703,690"
"SRC048","138","54","Services","5","459","Cost","2,687,374"
"SRC048","138","54","Services","6","511","Fair Value","2,690,172"
"SRC048","138","55","Ungerboeck Systems International, LLC Software & Tech Delayed Draw Term","1","271","","10.26%"
"SRC048","138","55","Ungerboeck Systems International, LLC Software & Tech Delayed Draw Term","2","322","Interest","1.00%"
"SRC048","138","56","Services Loan","4","407","Par Amount","320,779"
"SRC048","138","56","Services Loan","5","459","Cost","318,842"
"SRC048","138","56","Services Loan","6","511","Fair Value","319,175"
"SRC048","138","57","Ungerboeck Systems International, LLC Software & Tech Delayed Draw Term","1","271","","10.26%"
"SRC048","138","57","Ungerboeck Systems International, LLC Software & Tech Delayed Draw Term","2","322","Interest","1.00%"
"SRC048","138","58","Services Loan","4","407","Par Amount","687,340"
"SRC048","138","58","Services Loan","5","459","Cost","687,340"
"SRC048","138","58","Services Loan","6","511","Fair Value","683,903"
"SRC048","138","59","Ungerboeck Systems International, LLC Software & Tech Term Loan","1","271","","10.26%"
"SRC048","138","59","Ungerboeck Systems International, LLC Software & Tech Term Loan","2","322","Interest","1.00%"
"SRC048","138","60","Services","4","407","Par Amount","135,701"
"SRC048","138","60","Services","5","459","Cost","134,346"
"SRC048","138","60","Services","6","511","Fair Value","135,022"
"SRC048","138","61","Ungerboeck Systems International, LLC Software & Tech Delayed Draw Term","1","271","","10.26%"
"SRC048","138","61","Ungerboeck Systems International, LLC Software & Tech Delayed Draw Term","2","322","Interest","1.00%"
"SRC048","138","62","Services Loan","4","407","Par Amount","474,953"
"SRC048","138","62","Services Loan","5","459","Cost","472,342"
"SRC048","138","62","Services Loan","6","511","Fair Value","472,578"
"SRC048","138","63","Ungerboeck Systems International, LLC Software & Tech Revolver","2","322","Interest","1.00%"
"SRC048","138","64","Services","5","459","Cost","(1,637)"
"SRC048","138","64","Services","6","511","Fair Value","(1,147)"
"SRC048","138","65","UpStack Holdco Inc. Digital Infrastructure Revolver","1","271","","9.38%"
"SRC048","138","65","UpStack Holdco Inc. Digital Infrastructure Revolver","2","322","Interest","0.75%"
"SRC048","138","66","& Services","4","407","Par Amount","138,480"
"SRC048","138","66","& Services","5","459","Cost","129,248"
"SRC048","138","66","& Services","6","511","Fair Value","133,864"
"SRC048","138","67","UpStack Holdco Inc. Digital Infrastructure Delayed Draw Term","2","322","Interest","0.75%"
"SRC048","138","68","& Services Loan","5","459","Cost","(11,540)"
"SRC048","138","69","UpStack Holdco Inc. Digital Infrastructure Term Loan","1","271","","9.52%"
"SRC048","138","69","UpStack Holdco Inc. Digital Infrastructure Term Loan","2","322","Interest","0.75%"
"SRC048","138","70","& Services","4","407","Par Amount","6,000,793"
"SRC048","138","70","& Services","5","459","Cost","5,940,785"
"SRC048","138","70","& Services","6","511","Fair Value","5,970,789"
"SRC048","138","71","Vectra AI, Inc. Software & Tech Revolver","2","322","Interest","1.00%"
"SRC048","138","72","Services","5","459","Cost","(9,872)"
"SRC048","138","72","Services","6","511","Fair Value","(12,001)"
"SRC048","138","73","Vectra AI, Inc. Software & Tech Term Loan","1","271","","9.97%"
"SRC048","138","73","Vectra AI, Inc. Software & Tech Term Loan","2","322","Interest","1.00%"
"SRC048","138","74","Services","4","407","Par Amount","8,575,830"
"SRC048","138","74","Services","5","459","Cost","8,490,164"
"SRC048","138","74","Services","6","511","Fair Value","8,490,072"
"SRC048","138","75","Vectra AI, Inc. Software & Tech Delayed Draw Term","1","271","","9.98%"
"SRC048","138","75","Vectra AI, Inc. Software & Tech Delayed Draw Term","2","322","Interest","1.00%"
"SRC048","138","76","Services Loan","4","407","Par Amount","1,163,793"
"SRC048","138","76","Services Loan","5","459","Cost","1,128,630"
"SRC048","138","76","Services Loan","6","511","Fair Value","1,127,972"
"SRC048","138","77","Vehlo Purchaser, LLC Software & Tech Term Loan","1","271","","9.69%"
"SRC048","138","77","Vehlo Purchaser, LLC Software & Tech Term Loan","2","322","Interest","0.75%"
"SRC048","138","78","Services","4","407","Par Amount","2,006,737"
"SRC048","138","78","Services","5","459","Cost","1,985,713"
"SRC048","138","78","Services","6","511","Fair Value","2,006,737"
"SRC048","138","79","Vehlo Purchaser, LLC Software & Tech Term Loan","1","271","","9.60%"
"SRC048","138","79","Vehlo Purchaser, LLC Software & Tech Term Loan","2","322","Interest","0.75%"
"SRC048","138","80","Services","4","407","Par Amount","20,877,300"
"SRC048","138","80","Services","5","459","Cost","20,694,752"
"SRC048","138","80","Services","6","511","Fair Value","20,877,300"
"SRC048","138","81","Vehlo Purchaser, LLC Software & Tech Delayed Draw Term","1","271","","9.58%"
"SRC048","138","81","Vehlo Purchaser, LLC Software & Tech Delayed Draw Term","2","322","Interest","0.75%"
"SRC048","138","82","Services Loan","4","407","Par Amount","5,799,250"
"SRC048","138","82","Services Loan","5","459","Cost","5,761,113"
"SRC048","138","82","Services Loan","6","511","Fair Value","5,799,250"
"SRC048","138","83","Vehlo Purchaser, LLC Software & Tech Revolver","2","322","Interest","0.75%"
"SRC048","138","84","Services","5","459","Cost","(10,154)"
"SRC048","138","85","Venture Buyer LLC Digital Infrastructure Term Loan","1","271","","9.83%"
"SRC048","138","85","Venture Buyer LLC Digital Infrastructure Term Loan","2","322","Interest","1.00%"
"SRC048","138","86","& Services","4","407","Par Amount","4,871,100"
"SRC048","138","86","& Services","5","459","Cost","4,784,022"
"SRC048","138","86","& Services","6","511","Fair Value","4,822,389"
"SRC048","138","87","Venture Buyer LLC Digital Infrastructure Delayed Draw Term","2","322","Interest","1.00%"
"SRC048","138","88","& Services Loan","5","459","Cost","(8,705)"
"SRC048","138","89","Venture Buyer LLC Digital Infrastructure Revolver","1","271","","9.69%"
"SRC048","138","89","Venture Buyer LLC Digital Infrastructure Revolver","2","322","Interest","1.00%"
"SRC048","138","90","& Services","4","407","Par Amount","60,529"
"SRC048","138","90","& Services","5","459","Cost","47,462"
"SRC048","138","90","& Services","6","511","Fair Value","52,963"
"SRC048","139","1","Consolidated Schedule","4","380","","31, 2024"
"SRC048","139","2","Veracross LLC Software & Tech Term Loan","1","271","","10.95%"
"SRC048","139","2","Veracross LLC Software & Tech Term Loan","3","319","","1.00%"
"SRC048","139","3","Services","2","287","","4.50%"
"SRC048","139","3","Services","5","407","","14,173,949"
"SRC048","139","3","Services","6","459","","14,049,535"
"SRC048","139","3","Services","7","511","","14,173,949"
"SRC048","139","4","Veracross LLC Software & Tech Delayed Draw Term","1","271","","10.95%"
"SRC048","139","4","Veracross LLC Software & Tech Delayed Draw Term","3","319","","1.00%"
"SRC048","139","5","Services Loan","2","287","","4.50%"
"SRC048","139","5","Services Loan","5","407","","1,821,742"
"SRC048","139","5","Services Loan","6","459","","1,780,094"
"SRC048","139","5","Services Loan","7","511","","1,821,742"
"SRC048","139","6","Veracross LLC Software & Tech Revolver","1","271","","10.95%"
"SRC048","139","6","Veracross LLC Software & Tech Revolver","3","319","","1.00%"
"SRC048","139","7","Services","2","287","","4.50%"
"SRC048","139","7","Services","5","407","","620,978"
"SRC048","139","7","Services","6","459","","609,537"
"SRC048","139","7","Services","7","511","","620,978"
"SRC048","139","8","Vhagar Purchaser, LLC Software & Tech Term Loan","1","271","","10.59%"
"SRC048","139","8","Vhagar Purchaser, LLC Software & Tech Term Loan","3","319","","1.00%"
"SRC048","139","9","Services","5","407","","3,360,201"
"SRC048","139","9","Services","6","459","","3,282,681"
"SRC048","139","9","Services","7","511","","3,326,599"
"SRC048","139","10","Vhagar Purchaser, LLC Software & Tech Delayed Draw Term","1","271","","10.59%"
"SRC048","139","10","Vhagar Purchaser, LLC Software & Tech Delayed Draw Term","3","319","","1.00%"
"SRC048","139","11","Services Loan","5","407","","168,010"
"SRC048","139","11","Services Loan","6","459","","157,649"
"SRC048","139","11","Services Loan","7","511","","168,010"
"SRC048","139","12","Vhagar Purchaser, LLC Software & Tech Revolver","3","319","","1.00%"
"SRC048","139","13","Services","6","459","","(8,363)"
"SRC048","139","13","Services","7","511","","(3,734)"
"SRC048","139","14","Visionary Buyer, LLC Digital Infrastructure Term Loan","1","271","","9.57%"
"SRC048","139","14","Visionary Buyer, LLC Digital Infrastructure Term Loan","3","319","","0.75%"
"SRC048","139","15","& Services","5","407","","5,653,672"
"SRC048","139","15","& Services","6","459","","5,575,636"
"SRC048","139","15","& Services","7","511","","5,639,538"
"SRC048","139","16","Visionary Buyer, LLC Digital Infrastructure Delayed Draw Term","1","271","","9.76%"
"SRC048","139","16","Visionary Buyer, LLC Digital Infrastructure Delayed Draw Term","3","319","","0.75%"
"SRC048","139","17","& Services Loan","5","407","","1,978,785"
"SRC048","139","17","& Services Loan","6","459","","1,927,123"
"SRC048","139","17","& Services Loan","7","511","","1,978,785"
"SRC048","139","18","Visionary Buyer, LLC Digital Infrastructure Revolver","3","319","","0.75%"
"SRC048","139","19","& Services","5","407","","(0)"
"SRC048","139","19","& Services","6","459","","(18,464)"
"SRC048","139","19","& Services","7","511","","(3,533)"
"SRC048","139","20","Wealth Enhancement Group, LLC Financials Delayed Draw Term","1","271","","9.44%"
"SRC048","139","20","Wealth Enhancement Group, LLC Financials Delayed Draw Term","3","319","","1.00%"
"SRC048","139","21","Loan","5","407","","1,348,447"
"SRC048","139","21","Loan","6","459","","1,334,244"
"SRC048","139","21","Loan","7","511","","1,348,447"
"SRC048","139","22","Wealth Enhancement Group, LLC Financials Delayed Draw Term","3","319","","1.00%"
"SRC048","139","23","Loan","6","459","","(4,382)"
"SRC048","139","24","Wealth Enhancement Group, LLC Financials Term Loan","1","271","","9.55%"
"SRC048","139","24","Wealth Enhancement Group, LLC Financials Term Loan","3","319","","1.00%"
"SRC048","139","25","Wealth Enhancement Group, LLC Financials Revolver","3","319","","1.00%"
"SRC048","139","25","Wealth Enhancement Group, LLC Financials Revolver","6","459","","(1,459)"
"SRC048","139","26","Wealth Enhancement Group, LLC Financials Delayed Draw Term","1","271","","9.55%"
"SRC048","139","26","Wealth Enhancement Group, LLC Financials Delayed Draw Term","3","319","","1.00%"
"SRC048","139","27","Loan","5","407","","1,344,589"
"SRC048","139","27","Loan","6","459","","1,341,293"
"SRC048","139","27","Loan","7","511","","1,344,589"
"SRC048","139","28","Webster Equity Partners III-A, L.P. Financials Delayed Draw Term","1","271","","15.44%"
"SRC048","139","28","Webster Equity Partners III-A, L.P. Financials Delayed Draw Term","3","319","","2.00%"
"SRC048","139","29","Loan","2","287","","7.35%"
"SRC048","139","29","Loan","5","407","","5,444,483"
"SRC048","139","29","Loan","6","459","","5,241,318"
"SRC048","139","29","Loan","7","511","","5,361,051"
"SRC048","139","30","West Dermatology Management Holdings, Healthcare Term Loan","1","271","","11.91%"
"SRC048","139","30","West Dermatology Management Holdings, Healthcare Term Loan","3","319","","1.00%"
"SRC048","139","31","LLC","5","407","","11,262,748"
"SRC048","139","31","LLC","6","459","","11,104,647"
"SRC048","139","31","LLC","7","511","","10,361,728"
"SRC048","139","32","West Dermatology Management Holdings, Healthcare Delayed Draw Term","1","271","","11.86%"
"SRC048","139","32","West Dermatology Management Holdings, Healthcare Delayed Draw Term","3","319","","1.00%"
"SRC048","139","33","LLC Loan","5","407","","1,501,925"
"SRC048","139","33","LLC Loan","6","459","","1,471,787"
"SRC048","139","33","LLC Loan","7","511","","1,258,549"
"SRC048","139","34","West Dermatology Management Holdings, Healthcare Revolver","1","271","","11.95%"
"SRC048","139","34","West Dermatology Management Holdings, Healthcare Revolver","3","319","","1.00%"
"SRC048","139","35","LLC","5","407","","1,253,284"
"SRC048","139","35","LLC","6","459","","1,233,753"
"SRC048","139","35","LLC","7","511","","1,153,021"
"SRC048","139","36","Wolverine Seller Holdings, LLC Services Term Loan","1","271","","9.32%"
"SRC048","139","36","Wolverine Seller Holdings, LLC Services Term Loan","3","319","","0.75%"
"SRC048","139","37","Wolverine Seller Holdings, LLC Services Delayed Draw Term","1","271","","9.32%"
"SRC048","139","37","Wolverine Seller Holdings, LLC Services Delayed Draw Term","3","319","","0.75%"
"SRC048","139","38","Loan","5","407","","579,219"
"SRC048","139","38","Loan","6","459","","542,608"
"SRC048","139","38","Loan","7","511","","579,219"
"SRC048","139","39","Wolverine Seller Holdings, LLC Services Revolver","3","319","","0.75%"
"SRC048","139","39","Wolverine Seller Holdings, LLC Services Revolver","6","459","","(18,837)"
"SRC048","139","40","Your Part-Time Controller, LLC Services Term Loan","1","271","","9.85%"
"SRC048","139","40","Your Part-Time Controller, LLC Services Term Loan","3","319","","1.00%"
"SRC048","139","41","Your Part-Time Controller, LLC Services Revolver","3","319","","1.00%"
"SRC048","139","41","Your Part-Time Controller, LLC Services Revolver","6","459","","(10,221)"
"SRC048","139","42","Zendesk, Inc. Software & Tech Delayed Draw Term","3","319","","0.75%"
"SRC048","139","43","Zendesk, Inc. Software & Tech Revolver","3","319","","0.75%"
"SRC048","139","44","Zendesk, Inc. Software & Tech Term Loan","1","271","","9.32%"
"SRC048","139","44","Zendesk, Inc. Software & Tech Term Loan","3","319","","0.75%"
"SRC048","139","45","Services","5","407","","13,648,111"
"SRC048","139","45","Services","6","459","","13,648,111"
"SRC048","139","45","Services","7","511","","13,648,111"
"SRC048","139","46","Debt","6","459","","1,565,171,913"
"SRC048","139","46","Debt","7","511","","1,548,035,015"
"SRC048","139","47","Symplr Software, Inc. Software & Tech Term Loan","1","271","","12.56%"
"SRC048","139","47","Symplr Software, Inc. Software & Tech Term Loan","3","319","","0.75%"
"SRC048","139","48","Services","5","407","","3,130,634"
"SRC048","139","48","Services","6","459","","3,095,849"
"SRC048","139","48","Services","7","511","","2,825,397"
"SRC048","139","49","Debt","6","459","","3,095,849"
"SRC048","139","49","Debt","7","511","","2,825,397"
"SRC048","139","50","Total U.S. Corporate Debt","6","459","","1,568,267,762"
"SRC048","139","50","Total U.S. Corporate Debt","7","511","","1,550,860,412"
"SRC048","139","51","Syntax Systems Ltd. Digital Infrastructure Term Loan","1","271","","9.45%"
"SRC048","139","51","Syntax Systems Ltd. Digital Infrastructure Term Loan","3","319","","0.75%"
"SRC048","139","52","& Services","5","407","","8,588,145"
"SRC048","139","52","& Services","6","459","","8,538,539"
"SRC048","139","52","& Services","7","511","","8,588,145"
"SRC048","139","53","Syntax Systems Ltd. Digital Infrastructure Term Loan","1","271","","9.49%"
"SRC048","139","53","Syntax Systems Ltd. Digital Infrastructure Term Loan","3","319","","0.75%"
"SRC048","139","54","& Services","5","407","","1,194,390"
"SRC048","139","54","& Services","6","459","","1,189,403"
"SRC048","139","54","& Services","7","511","","1,194,390"
"SRC048","139","55","Versaterm Public Safety Inc. Software & Tech Term Loan","1","271","","10.70%"
"SRC048","139","55","Versaterm Public Safety Inc. Software & Tech Term Loan","3","319","","1.00%"
"SRC048","139","56","Services","5","407","","13,258,433"
"SRC048","139","56","Services","6","459","","13,167,854"
"SRC048","139","56","Services","7","511","","13,258,433"
"SRC048","139","57","Versaterm Public Safety Inc. Software & Tech Delayed Draw Term","1","271","","10.70%"
"SRC048","139","57","Versaterm Public Safety Inc. Software & Tech Delayed Draw Term","3","319","","1.00%"
"SRC048","139","58","Services Loan","5","407","","1,024,233"
"SRC048","139","58","Services Loan","6","459","","1,019,406"
"SRC048","139","58","Services Loan","7","511","","1,024,233"
"SRC048","139","59","Versaterm Public Safety Inc. Software & Tech Revolver","1","271","","12.75%"
"SRC048","139","59","Versaterm Public Safety Inc. Software & Tech Revolver","3","319","","1.00%"
"SRC048","139","60","Services","5","407","","119,558"
"SRC048","139","60","Services","6","459","","112,997"
"SRC048","139","60","Services","7","511","","119,558"
"SRC048","139","61","Secured Debt","6","459","","24,028,199"
"SRC048","139","61","Secured Debt","7","511","","24,184,759"
"SRC048","139","62","Total Canadian Corporate Debt","6","459","","24,028,199"
"SRC048","139","62","Total Canadian Corporate Debt","7","511","","24,184,759"
"SRC048","139","63","SumUp Holdings Luxembourg Software & Tech Delayed Draw Term","1","271","","11.01%"
"SRC048","139","63","SumUp Holdings Luxembourg Software & Tech Delayed Draw Term","3","319","","1.50%"
"SRC048","139","64","Services Loan","5","407","","10,088,201"
"SRC048","139","64","Services Loan","6","459","","9,994,079"
"SRC048","139","64","Services Loan","7","511","","10,088,201"
"SRC048","139","65","Secured Debt","6","459","","9,994,079"
"SRC048","139","65","Secured Debt","7","511","","10,088,201"
"SRC048","139","66","Total Luxembourg Corporate Debt","6","459","","9,994,079"
"SRC048","139","66","Total Luxembourg Corporate Debt","7","511","","10,088,201"
"SRC048","140","1","Preferred 6/1/2021","1","395","Shares","23,961"
"SRC048","140","1","Preferred 6/1/2021","2","450","Cost","369,843"
"SRC048","140","1","Preferred 6/1/2021","3","507","Fair Value","802,769"
"SRC048","140","2","Preferred 12/23/2019","1","395","Shares","65,614"
"SRC048","140","2","Preferred 12/23/2019","2","450","Cost","349,977"
"SRC048","140","2","Preferred 12/23/2019","3","507","Fair Value","274,087"
"SRC048","140","3","Datarobot, Inc. Series E Software & Tech Services 8/31/2019","1","395","Shares","38,190"
"SRC048","140","3","Datarobot, Inc. Series E Software & Tech Services 8/31/2019","2","450","Cost","289,278"
"SRC048","140","3","Datarobot, Inc. Series E Software & Tech Services 8/31/2019","3","507","Fair Value","219,083"
"SRC048","140","4","Datarobot, Inc. Series F Software & Tech Services 10/27/2020","1","395","Shares","6,715"
"SRC048","140","4","Datarobot, Inc. Series F Software & Tech Services 10/27/2020","2","450","Cost","88,248"
"SRC048","140","4","Datarobot, Inc. Series F Software & Tech Services 10/27/2020","3","507","Fair Value","54,861"
"SRC048","140","5","Preferred 6/19/2019","1","395","Shares","43,819"
"SRC048","140","5","Preferred 6/19/2019","2","450","Cost","278,541"
"SRC048","140","5","Preferred 6/19/2019","3","507","Fair Value","220,981"
"SRC048","140","6","Preferred 4/30/2021","1","395","Shares","16,943"
"SRC048","140","6","Preferred 4/30/2021","2","450","Cost","278,308"
"SRC048","140","6","Preferred 4/30/2021","3","507","Fair Value","217,184"
"SRC048","140","7","Preferred Stock 6/23/2022","1","395","Shares","1,345"
"SRC048","140","7","Preferred Stock 6/23/2022","2","450","Cost","1,311,760"
"SRC048","140","7","Preferred Stock 6/23/2022","3","507","Fair Value","1,835,648"
"SRC048","140","8","Preferred 1/27/2020","1","395","Shares","36,144"
"SRC048","140","8","Preferred 1/27/2020","2","450","Cost","302,536"
"SRC048","140","8","Preferred 1/27/2020","3","507","Fair Value","448,362"
"SRC048","140","9","Preferred Units Services 1/24/2022","1","395","Shares","333,937"
"SRC048","140","9","Preferred Units Services 1/24/2022","2","450","Cost","272,826"
"SRC048","140","9","Preferred Units Services 1/24/2022","3","507","Fair Value","321,471"
"SRC048","140","10","Preferred 1/10/2020","1","395","Shares","35,055"
"SRC048","140","10","Preferred 1/10/2020","2","450","Cost","220,610"
"SRC048","140","10","Preferred 1/10/2020","3","507","Fair Value","528,568"
"SRC048","140","11","Swyft Parent Holdings LP Preferred Units Software & Tech Services 2/7/2022","1","395","Shares","850,470"
"SRC048","140","11","Swyft Parent Holdings LP Preferred Units Software & Tech Services 2/7/2022","2","450","Cost","758,389"
"SRC048","140","11","Swyft Parent Holdings LP Preferred Units Software & Tech Services 2/7/2022","3","507","Fair Value","603,899"
"SRC048","140","12","Preferred Shares 11/30/2018","1","395","Shares","1,196"
"SRC048","140","12","Preferred Shares 11/30/2018","2","450","Cost","1,160,531"
"SRC048","140","12","Preferred Shares 11/30/2018","3","507","Fair Value","2,179,320"
"SRC048","140","13","Preferred 5/28/2021","1","395","Shares","17,064"
"SRC048","140","13","Preferred 5/28/2021","2","450","Cost","131,095"
"SRC048","140","13","Preferred 5/28/2021","3","507","Fair Value","115,780"
"SRC048","140","14","Total U.S. Preferred Stock","2","450","Cost","5,811,942"
"SRC048","140","14","Total U.S. Preferred Stock","3","507","Fair Value","7,822,013"
"SRC048","140","15","Preferred","1","395","Shares","24,472"
"SRC048","140","15","Preferred","2","450","Cost","206,755"
"SRC048","140","15","Preferred","3","507","Fair Value","206,715"
"SRC048","140","15","Preferred","4","552","Tickmarks","(8)"
"SRC048","140","16","Total France Preferred Stock","2","450","Cost","206,755"
"SRC048","140","16","Total France Preferred Stock","3","507","Fair Value","206,715"
"SRC048","140","17","Advantage AVP Parent Holdings, L.P. Units Healthcare 9/24/2021","1","395","Shares","34,492"
"SRC048","140","17","Advantage AVP Parent Holdings, L.P. Units Healthcare 9/24/2021","2","450","Cost","34,492"
"SRC048","140","17","Advantage AVP Parent Holdings, L.P. Units Healthcare 9/24/2021","3","507","Fair Value","28,002"
"SRC048","140","18","Artemis Investor Holdings, LLC Class A Units Services 1/22/2021","1","395","Shares","38,551"
"SRC048","140","18","Artemis Investor Holdings, LLC Class A Units Services 1/22/2021","2","450","Cost","385,509"
"SRC048","140","18","Artemis Investor Holdings, LLC Class A Units Services 1/22/2021","3","507","Fair Value","394,187"
"SRC048","140","19","Common Units 11/16/2021","1","395","Shares","433,207"
"SRC048","140","19","Common Units 11/16/2021","2","450","Cost","433,207"
"SRC048","140","19","Common Units 11/16/2021","3","507","Fair Value","473,156"
"SRC048","140","20","Coinvest YPTC Blocked Aggregator, L.P. Class A-1 Units Services 11/14/2021","1","395","Shares","138,390"
"SRC048","140","20","Coinvest YPTC Blocked Aggregator, L.P. Class A-1 Units Services 11/14/2021","2","450","Cost","138,390"
"SRC048","140","20","Coinvest YPTC Blocked Aggregator, L.P. Class A-1 Units Services 11/14/2021","3","507","Fair Value","213,195"
"SRC048","140","21","Services 10/31/2023","1","395","Shares","776,334"
"SRC048","140","21","Services 10/31/2023","2","450","Cost","776,334"
"SRC048","140","21","Services 10/31/2023","3","507","Fair Value","719,786"
"SRC048","140","22","Units 1/3/2022","1","395","Shares","180"
"SRC048","140","22","Units 1/3/2022","2","450","Cost","179,861"
"SRC048","140","22","Units 1/3/2022","3","507","Fair Value","375,960"
"SRC048","140","23","Freddy's Acquisition Units Consumer Non-Cyclical 3/3/2021","1","395","Shares","72,483"
"SRC048","140","23","Freddy's Acquisition Units Consumer Non-Cyclical 3/3/2021","2","450","Cost","72,483"
"SRC048","140","23","Freddy's Acquisition Units Consumer Non-Cyclical 3/3/2021","3","507","Fair Value","162,168"
"SRC048","140","24","GSV Medsuite Investments, LLC Class A Units Healthcare 12/22/2021","1","395","Shares","86,555"
"SRC048","140","24","GSV Medsuite Investments, LLC Class A Units Healthcare 12/22/2021","2","450","Cost","85,705"
"SRC048","140","24","GSV Medsuite Investments, LLC Class A Units Healthcare 12/22/2021","3","507","Fair Value","65,189"
"SRC048","140","25","GSV Vehlo Investments, LLC Class A Units Software & Tech Services 5/20/2022","1","395","Shares","150,297"
"SRC048","140","25","GSV Vehlo Investments, LLC Class A Units Software & Tech Services 5/20/2022","2","450","Cost","150,297"
"SRC048","140","25","GSV Vehlo Investments, LLC Class A Units Software & Tech Services 5/20/2022","3","507","Fair Value","198,062"
"SRC048","140","26","INH Group Holdings, LLC Common Units Healthcare 1/31/2019","1","395","Shares","484,552"
"SRC048","140","26","INH Group Holdings, LLC Common Units Healthcare 1/31/2019","2","450","Cost","484,552"
"SRC048","140","27","Leeds FEG Investors, LLC Class A Units Consumer Non-Cyclical 11/20/2017","1","395","Shares","320"
"SRC048","140","27","Leeds FEG Investors, LLC Class A Units Consumer Non-Cyclical 11/20/2017","2","450","Cost","321,309"
"SRC048","140","27","Leeds FEG Investors, LLC Class A Units Consumer Non-Cyclical 11/20/2017","3","507","Fair Value","296,473"
"SRC048","140","28","Moon Topco, L.P. Units Software & Tech Services 4/19/2021","1","395","Shares","3,600"
"SRC048","140","28","Moon Topco, L.P. Units Software & Tech Services 4/19/2021","2","450","Cost","35,999"
"SRC048","140","28","Moon Topco, L.P. Units Software & Tech Services 4/19/2021","3","507","Fair Value","97,600"
"SRC048","140","29","Common Units 3/18/2022","1","395","Shares","257,031"
"SRC048","140","29","Common Units 3/18/2022","2","450","Cost","257,031"
"SRC048","140","29","Common Units 3/18/2022","3","507","Fair Value","575,776"
"SRC048","140","30","Services 10/21/2021","1","395","Shares","98"
"SRC048","140","30","Services 10/21/2021","2","450","Cost","97,884"
"SRC048","140","30","Services 10/21/2021","3","507","Fair Value","19,567"
"SRC048","140","31","Services 9/27/2019","1","395","Shares","396,513"
"SRC048","140","31","Services 9/27/2019","2","450","Cost","439,931"
"SRC048","140","31","Services 9/27/2019","3","507","Fair Value","199,947"
"SRC048","140","32","Common Units Services 1/24/2022","1","395","Shares","333,937"
"SRC048","140","32","Common Units Services 1/24/2022","2","450","Cost","61,110"
"SRC048","140","32","Common Units Services 1/24/2022","3","507","Fair Value","97,343"
"SRC048","140","33","Services 12/1/2021","1","395","Shares","236,307"
"SRC048","140","33","Services 12/1/2021","2","450","Cost","236,307"
"SRC048","140","33","Services 12/1/2021","3","507","Fair Value","458,919"
"SRC048","140","34","Ranger Lexipol Holdings, LLC Class A-1 Units Software & Tech Services 11/18/2021","1","395","Shares","437"
"SRC048","140","34","Ranger Lexipol Holdings, LLC Class A-1 Units Software & Tech Services 11/18/2021","2","450","Cost","359,487"
"SRC048","140","34","Ranger Lexipol Holdings, LLC Class A-1 Units Software & Tech Services 11/18/2021","3","507","Fair Value","462,231"
"SRC048","140","35","Ranger Lexipol Holdings, LLC Class B Units Software & Tech Services 11/18/2021","1","395","Shares","433"
"SRC048","140","35","Ranger Lexipol Holdings, LLC Class B Units Software & Tech Services 11/18/2021","2","450","Cost","77,371"
"SRC048","140","35","Ranger Lexipol Holdings, LLC Class B Units Software & Tech Services 11/18/2021","3","507","Fair Value","137,766"
"SRC048","140","36","REP AOM Holdings, LLC Class A Units Healthcare 2/15/2022","1","395","Shares","290,393"
"SRC048","140","36","REP AOM Holdings, LLC Class A Units Healthcare 2/15/2022","2","450","Cost","18,979"
"SRC048","140","36","REP AOM Holdings, LLC Class A Units Healthcare 2/15/2022","3","507","Fair Value","1,187,009"
"SRC048","140","37","REP Coinvest III AGP Blocker, L.P. Units Healthcare 10/14/2021","1","395","Shares","590,203"
"SRC048","140","37","REP Coinvest III AGP Blocker, L.P. Units Healthcare 10/14/2021","2","450","Cost","590,203"
"SRC048","140","37","REP Coinvest III AGP Blocker, L.P. Units Healthcare 10/14/2021","3","507","Fair Value","1,351,261"
"SRC048","141","1","REP COINVEST III OMNI, L.P. Units Services 2/4/2021","1","411","Shares","193,770"
"SRC048","141","1","REP COINVEST III OMNI, L.P. Units Services 2/4/2021","2","459","Cost","53,301"
"SRC048","141","1","REP COINVEST III OMNI, L.P. Units Services 2/4/2021","3","509","Fair Value","131,764"
"SRC048","141","2","REP Coinvest III TEC, L.P. Class A Units Services 6/18/2020","1","411","Shares","167,509"
"SRC048","141","2","REP Coinvest III TEC, L.P. Class A Units Services 6/18/2020","2","459","Cost","190,658"
"SRC048","141","2","REP Coinvest III TEC, L.P. Class A Units Services 6/18/2020","3","509","Fair Value","261,131"
"SRC048","141","3","REP RO Coinvest IV-A, L.P. Class A Units Services 12/28/2022 66,441,840","2","459","Cost","664,418"
"SRC048","141","3","REP RO Coinvest IV-A, L.P. Class A Units Services 12/28/2022 66,441,840","3","509","Fair Value","522,632"
"SRC048","141","4","RFCN Parent, LP Class A Units Healthcare 6/18/2021","1","411","Shares","77"
"SRC048","141","4","RFCN Parent, LP Class A Units Healthcare 6/18/2021","2","459","Cost","78,284"
"SRC048","141","4","RFCN Parent, LP Class A Units Healthcare 6/18/2021","3","509","Fair Value","90,965"
"SRC048","141","5","SBS Super Holdings, LLC Class A Voting Units Healthcare 5/12/2023","1","411","Shares","21"
"SRC048","141","5","SBS Super Holdings, LLC Class A Voting Units Healthcare 5/12/2023","4","553","Tickmarks","(5)"
"SRC048","141","6","SBS Super Holdings, LLC Class B Non-Voting Units Healthcare 5/12/2023","1","411","Shares","100"
"SRC048","141","6","SBS Super Holdings, LLC Class B Non-Voting Units Healthcare 5/12/2023","2","459","Cost","10"
"SRC048","141","6","SBS Super Holdings, LLC Class B Non-Voting Units Healthcare 5/12/2023","4","553","Tickmarks","(5)"
"SRC048","141","7","Singularity Topco LLC Common Units Software & Tech Services 9/30/2022","1","411","Shares","329,116"
"SRC048","141","7","Singularity Topco LLC Common Units Software & Tech Services 9/30/2022","2","459","Cost","953,133"
"SRC048","141","7","Singularity Topco LLC Common Units Software & Tech Services 9/30/2022","3","509","Fair Value","518,296"
"SRC048","141","8","Stripe, Inc. Class B Common Stock Software & Tech Services 5/17/2021","1","411","Shares","4,158"
"SRC048","141","8","Stripe, Inc. Class B Common Stock Software & Tech Services 5/17/2021","2","459","Cost","166,854"
"SRC048","141","8","Stripe, Inc. Class B Common Stock Software & Tech Services 5/17/2021","3","509","Fair Value","119,085"
"SRC048","141","9","Swyft Parent Holdings LP Common Units Software & Tech Services 2/7/2022","1","411","Shares","4,485"
"SRC048","141","9","Swyft Parent Holdings LP Common Units Software & Tech Services 2/7/2022","2","459","Cost","53,048"
"SRC048","141","10","Services 1/22/2021","1","411","Shares","102,108"
"SRC048","141","10","Services 1/22/2021","2","459","Cost","271,128"
"SRC048","141","10","Services 1/22/2021","3","509","Fair Value","756,921"
"SRC048","141","11","Total U.S. Common Stock","2","459","Cost","7,667,275"
"SRC048","141","11","Total U.S. Common Stock","3","509","Fair Value","9,914,391"
"SRC048","141","12","Content Square SAS Ordinary Shares Software & Tech Services 11/30/2023","1","411","Shares","75,889"
"SRC048","141","12","Content Square SAS Ordinary Shares Software & Tech Services 11/30/2023","2","459","Cost","416,757"
"SRC048","141","12","Content Square SAS Ordinary Shares Software & Tech Services 11/30/2023","3","509","Fair Value","416,758"
"SRC048","141","12","Content Square SAS Ordinary Shares Software & Tech Services 11/30/2023","4","553","Tickmarks","(8)"
"SRC048","141","13","Total France Common Stock","2","459","Cost","416,757"
"SRC048","141","13","Total France Common Stock","3","509","Fair Value","416,758"
"SRC048","141","14","Astorg VIII Co-Invest Acturis Limited Partnership Software & Tech Services 10/18/2024","1","411","Shares","770,000"
"SRC048","141","14","Astorg VIII Co-Invest Acturis Limited Partnership Software & Tech Services 10/18/2024","2","459","Cost","843,179"
"SRC048","141","14","Astorg VIII Co-Invest Acturis Limited Partnership Software & Tech Services 10/18/2024","3","509","Fair Value","796,988"
"SRC048","141","14","Astorg VIII Co-Invest Acturis Limited Partnership Software & Tech Services 10/18/2024","4","553","Tickmarks","(8)"
"SRC048","141","15","Total Luxembourg Common Stock","2","459","Cost","843,179"
"SRC048","141","15","Total Luxembourg Common Stock","3","509","Fair Value","796,988"
"SRC048","141","16","Alphasense, LLC Series B Warrants Software & Tech Services 6/2/2020","1","411","Shares","40,394"
"SRC048","141","16","Alphasense, LLC Series B Warrants Software & Tech Services 6/2/2020","2","459","Cost","35,185"
"SRC048","141","16","Alphasense, LLC Series B Warrants Software & Tech Services 6/2/2020","3","509","Fair Value","1,073,591"
"SRC048","141","16","Alphasense, LLC Series B Warrants Software & Tech Services 6/2/2020","4","553","Tickmarks","(8)"
"SRC048","141","17","Degreed, Inc. Series C-1 Warrants Software & Tech Services 5/31/2019","1","411","Shares","26,294"
"SRC048","141","17","Degreed, Inc. Series C-1 Warrants Software & Tech Services 5/31/2019","2","459","Cost","46,823"
"SRC048","141","17","Degreed, Inc. Series C-1 Warrants Software & Tech Services 5/31/2019","3","509","Fair Value","38,580"
"SRC048","141","18","Degreed, Inc. Series D Warrants Software & Tech Services 4/11/2021","1","411","Shares","7,624"
"SRC048","141","18","Degreed, Inc. Series D Warrants Software & Tech Services 4/11/2021","3","509","Fair Value","3,784"
"SRC048","141","19","Degreed, Inc. Common Warrants Software & Tech Services 8/31/2022","1","411","Shares","9,374"
"SRC048","141","19","Degreed, Inc. Common Warrants Software & Tech Services 8/31/2022","2","459","Cost","41,527"
"SRC048","141","19","Degreed, Inc. Common Warrants Software & Tech Services 8/31/2022","3","509","Fair Value","17,959"
"SRC048","141","20","Scylla DB Ltd Series C-1 Warrants Software & Tech Services 9/9/2022","1","411","Shares","239,984"
"SRC048","141","20","Scylla DB Ltd Series C-1 Warrants Software & Tech Services 9/9/2022","2","459","Cost","43,880"
"SRC048","141","20","Scylla DB Ltd Series C-1 Warrants Software & Tech Services 9/9/2022","3","509","Fair Value","187,094"
"SRC048","141","21","Vectra AI, Inc. Warrants Software & Tech Services 3/18/2021","1","411","Shares","35,156"
"SRC048","141","21","Vectra AI, Inc. Warrants Software & Tech Services 3/18/2021","2","459","Cost","58,190"
"SRC048","141","21","Vectra AI, Inc. Warrants Software & Tech Services 3/18/2021","3","509","Fair Value","96,278"
"SRC048","141","22","Total U.S. Warrants","2","459","Cost","225,605"
"SRC048","141","22","Total U.S. Warrants","3","509","Fair Value","1,417,286"
"SRC048","141","23","Global WebIndex Holdings Limited Warrants Software & Tech Services 12/30/2020","1","411","Shares","11,776"
"SRC048","141","23","Global WebIndex Holdings Limited Warrants Software & Tech Services 12/30/2020","2","459","Cost","159,859"
"SRC048","141","23","Global WebIndex Holdings Limited Warrants Software & Tech Services 12/30/2020","3","509","Fair Value","286,071"
"SRC048","141","24","Total United Kingdom Warrants","2","459","Cost","159,859"
"SRC048","141","24","Total United Kingdom Warrants","3","509","Fair Value","286,071"
"SRC048","141","25","Warrants 11/30/2023","1","411","Shares","2,027"
"SRC048","141","25","Warrants 11/30/2023","2","459","Cost","8,561"
"SRC048","141","26","Total French Warrants","2","459","Cost","8,561"
"SRC048","142","1","AB Equity Investors, L.P. LP Interests $ 13,872,011","2","446","Cost","13,872,011"
"SRC048","142","1","AB Equity Investors, L.P. LP Interests $ 13,872,011","3","503","Fair Value","16,441,109"
"SRC048","142","1","AB Equity Investors, L.P. LP Interests $ 13,872,011","4","549","Tickmarks","(11)"
"SRC048","142","2","Falcon Co-Investment Partners, L.P. Units","1","388","Shares","837,445"
"SRC048","142","2","Falcon Co-Investment Partners, L.P. Units","2","446","Cost","837,445"
"SRC048","142","2","Falcon Co-Investment Partners, L.P. Units","3","503","Fair Value","838,282"
"SRC048","142","2","Falcon Co-Investment Partners, L.P. Units","4","549","Tickmarks","(11)"
"SRC048","142","3","GHP E AGGREGATOR, LLC Units","1","388","Shares","417,813"
"SRC048","142","3","GHP E AGGREGATOR, LLC Units","2","446","Cost","186,588"
"SRC048","142","3","GHP E AGGREGATOR, LLC Units","3","503","Fair Value","704,014"
"SRC048","142","3","GHP E AGGREGATOR, LLC Units","4","549","Tickmarks","(11)"
"SRC048","142","4","GHP-EIP Aggregator, LLC Common Units","1","388","Shares","51,191"
"SRC048","142","4","GHP-EIP Aggregator, LLC Common Units","2","446","Cost","174,608"
"SRC048","142","4","GHP-EIP Aggregator, LLC Common Units","4","549","Tickmarks","(11)"
"SRC048","142","5","GTCR A-1 Investors LP Units","1","388","Shares","1,100,000"
"SRC048","142","5","GTCR A-1 Investors LP Units","2","446","Cost","1,100,000"
"SRC048","142","5","GTCR A-1 Investors LP Units","3","503","Fair Value","1,100,000"
"SRC048","142","6","Magenta Blocker Aggregator LP Units","1","388","Shares","821,396"
"SRC048","142","6","Magenta Blocker Aggregator LP Units","2","446","Cost","676,978"
"SRC048","142","6","Magenta Blocker Aggregator LP Units","3","503","Fair Value","1,183,632"
"SRC048","142","6","Magenta Blocker Aggregator LP Units","4","549","Tickmarks","(11)"
"SRC048","142","7","Orangewood WWB Co-Invest, L.P. Units","1","388","Shares","829,314"
"SRC048","142","7","Orangewood WWB Co-Invest, L.P. Units","2","446","Cost","786,428"
"SRC048","142","7","Orangewood WWB Co-Invest, L.P. Units","3","503","Fair Value","1,302,023"
"SRC048","142","7","Orangewood WWB Co-Invest, L.P. Units","4","549","Tickmarks","(11)"
"SRC048","142","8","ORCP III Triton Co-Investors, L.P. Units","1","388","Shares","341,592"
"SRC048","142","8","ORCP III Triton Co-Investors, L.P. Units","3","503","Fair Value","1,153,215"
"SRC048","142","8","ORCP III Triton Co-Investors, L.P. Units","4","549","Tickmarks","(11)"
"SRC048","142","9","OSS SPV LP Units","1","388","Shares","277,533"
"SRC048","142","9","OSS SPV LP Units","2","446","Cost","259,500"
"SRC048","142","9","OSS SPV LP Units","3","503","Fair Value","499,559"
"SRC048","142","9","OSS SPV LP Units","4","549","Tickmarks","(11)"
"SRC048","142","10","Palms Co-Investment Partners D, L.P. Units","1","388","Shares","261,450"
"SRC048","142","10","Palms Co-Investment Partners D, L.P. Units","2","446","Cost","261,450"
"SRC048","142","10","Palms Co-Investment Partners D, L.P. Units","3","503","Fair Value","295,438"
"SRC048","142","10","Palms Co-Investment Partners D, L.P. Units","4","549","Tickmarks","(11)"
"SRC048","142","11","Preferred Units","1","388","Shares","541"
"SRC048","142","11","Preferred Units","2","446","Cost","368,990"
"SRC048","142","11","Preferred Units","3","503","Fair Value","551,333"
"SRC048","142","12","Common Units","1","388","Shares","32,450"
"SRC048","142","12","Common Units","2","446","Cost","171,840"
"SRC048","142","12","Common Units","3","503","Fair Value","4,024"
"SRC048","142","13","Total U.S. Investment Companies","2","446","Cost","18,695,838"
"SRC048","142","13","Total U.S. Investment Companies","3","503","Fair Value","24,072,629"
"SRC048","142","14","Canadian Investment Companies 0.05%","4","549","Tickmarks","(18)"
"SRC048","142","15","GHP SPV-2, L.P. Units","1","388","Shares","271,942"
"SRC048","142","15","GHP SPV-2, L.P. Units","2","446","Cost","271,942"
"SRC048","142","15","GHP SPV-2, L.P. Units","3","503","Fair Value","283,082"
"SRC048","142","16","Total Canadian Investment Companies","2","446","Cost","271,942"
"SRC048","142","16","Total Canadian Investment Companies","3","503","Fair Value","283,082"
"SRC048","142","17","Total Investments","2","446","Cost","1,636,597,753"
"SRC048","142","17","Total Investments","3","503","Fair Value","$1,630,349,305"
"SRC048","142","18","Portfolio 4.34%","1","388","Shares","16,728,975"
"SRC048","142","18","Portfolio 4.34%","2","446","Cost","16,728,975"
"SRC048","142","18","Portfolio 4.34%","3","503","Fair Value","16,728,975"
"SRC048","142","19","Fund Portfolio 4.42%","1","388","Shares","7,922,941"
"SRC048","142","19","Fund Portfolio 4.42%","2","446","Cost","7,922,941"
"SRC048","142","19","Fund Portfolio 4.42%","3","503","Fair Value","7,922,941"
"SRC048","142","20","Portfolio 3.73%","1","388","Shares","20,306,417"
"SRC048","142","20","Portfolio 3.73%","2","446","Cost","20,306,417"
"SRC048","142","20","Portfolio 3.73%","3","503","Fair Value","20,306,417"
"SRC048","142","21","Total Cash Equivalents","2","446","Cost","44,958,333"
"SRC048","142","21","Total Cash Equivalents","3","503","Fair Value","44,958,333"
"SRC048","142","22","US Dollar","2","446","Cost","7,220,521"
"SRC048","142","22","US Dollar","3","503","Fair Value","7,220,521"
"SRC048","142","22","US Dollar","4","549","Tickmarks","(13)"
"SRC048","142","23","Total Cash","2","446","Cost","7,220,521"
"SRC048","142","23","Total Cash","3","503","Fair Value","7,220,521"
"SRC048","142","24","Total Cash and Cash Equivalents","2","446","Cost","52,178,854"
"SRC048","142","24","Total Cash and Cash Equivalents","3","503","Fair Value","52,178,854"
"SRC048","142","25","(177.17%)","3","503","Fair Value","(1,075,476,614)"
"SRC048","142","26","NETASSETS—100.00%","3","503","Fair Value","607,051,545"
"SRC048","142","27","day, 90-day or 180-day rates (1M, 3M or 6M, respectively) at theborrower’soption.","2","446","S loans are","31,"
"SRC048","142","27","day, 90-day or 180-day rates (1M, 3M or 6M, respectively) at theborrower’soption.","3","503","typically","2024,"
"SRC048","142","28","3M S and 6M S are 4.33% ,4.31%, and 4.25%, respectively. As of December 31,","1","388","reporting period.","2024,"
"SRC048","144","1","December","1","315","","31, 2025"
"SRC048","144","2","Company Act of 1940, as amended (the“1940Act”),was incorporated","4","538","","6, 2015."
"SRC048","144","3","exemption from the registration requirements of the Securities Act of","1","315","","1933,"
"SRC048","144","4","Shares. The total Capital Commitments of investors in the Fund as of","2","375","","31, 2025"
"SRC048","144","4","Shares. The total Capital Commitments of investors in the Fund as of","3","501","","18%"
"SRC048","144","5","equity investments sourced by Abbott. The Fund is the managing member","2","375","","100%"
"SRC048","144","5","equity investments sourced by Abbott. The Fund is the managing member","3","501","","93%"
"SRC048","146","1","December","1","80","dividends may make","31,"
"SRC048","146","1","December","2","99","are paid and, exceptions","2025,"
"SRC048","146","2","As of December","2","99","are paid and, exceptions","31, 2024,"
"SRC048","146","3","1.31% and","1","80","dividends may make","0.18%"
"SRC048","147","1","borrowings approximates the carrying","6","394","","120"
"SRC048","147","2","value of the Secured Borrowings would","4","286","","2."
"SRC048","147","3","of uncertainty in tax positions. ASC","1","185","","740"
"SRC048","147","4","does not have any uncertain tax positions","8","436","","740."
"SRC048","147","5","Fund is required to distribute at least","1","185","","90%"
"SRC048","147","6","ordinary income (taking into account","7","415","","98.2%"
"SRC048","147","7","capital losses for the one-year period","3","267","","31"
"SRC048","147","8","income as required. As of December","1","185","","31,"
"SRC048","147","8","income as required. As of December","2","201","","2025,"
"SRC048","147","8","income as required. As of December","4","286","","31,"
"SRC048","147","8","income as required. As of December","5","300","","2024,"
"SRC048","147","9","For the years ended December","1","185","theFund’sconsolidated","31,"
"SRC048","147","9","For the years ended December","2","201","subsidiaries","2025,"
"SRC048","147","9","For the years ended December","3","267","are subject","31,"
"SRC048","147","9","For the years ended December","4","286","","2024"
"SRC048","147","9","For the years ended December","6","394","","2023,"
"SRC048","147","10","$637,214, $359,038 and $523,389,","5","300","to U.S. federal","31, 2025,"
"SRC048","147","10","$637,214, $359,038 and $523,389,","6","394","","31,"
"SRC048","147","10","$637,214, $359,038 and $523,389,","7","415","state corporate-level","2024,"
"SRC048","147","10","$637,214, $359,038 and $523,389,","8","436","income","$318,578"
"SRC048","148","1","For the years ended December 31, 2025, December 31,","1","278","","2024,"
"SRC048","148","1","For the years ended December 31, 2025, December 31,","2","382","","31, 2023,"
"SRC048","148","2","ended December 31, 2025, 2024 and 2023. As of December","1","278","","31, 2025,"
"SRC048","148","2","ended December 31, 2025, 2024 and 2023. As of December","2","382","","31, 2024,"
"SRC048","149","1","•","10","428","","1.5%"
"SRC048","149","1","•","12","504","","(6%"
"SRC048","149","2","•","1","78","increasing at","100%"
"SRC048","149","2","•","10","428","","6%"
"SRC048","149","2","•","13","544","","1.67%"
"SRC048","149","3","•","1","78","increasing at","10.0%"
"SRC048","149","3","•","7","303","","6%"
"SRC048","149","3","•","10","428","","1.94%"
"SRC048","149","4","•","1","78","increasing at","100%"
"SRC048","149","4","•","10","428","","7%"
"SRC048","149","4","•","13","544","","2.06%"
"SRC048","149","5","•","1","78","increasing at","15.0%"
"SRC048","149","5","•","7","303","","7%"
"SRC048","149","5","•","10","428","","2.35%"
"SRC048","149","6","•","1","78","increasing at","100%"
"SRC048","149","6","•","10","428","","8%"
"SRC048","149","6","•","13","544","","2.50%"
"SRC048","149","7","•","1","78","increasing at","20.0%"
"SRC048","149","7","•","6","286","","2.50%"
"SRC048","149","8","For","4","181","","31, 2025,"
"SRC048","149","8","For","6","286","","31, 2024,"
"SRC048","149","8","For","9","369","","2023,"
"SRC048","149","9","fee of $14,161,116,","3","139","rate.","$13,311,149,"
"SRC048","149","9","fee of $14,161,116,","4","181","","$11,850,031,"
"SRC048","149","9","fee of $14,161,116,","9","369","","31, 2025,"
"SRC048","149","9","fee of $14,161,116,","11","474","","31, 2024,"
"SRC048","149","9","fee of $14,161,116,","12","504","","$3,598,459"
"SRC048","152","1","Holdings, Inc. Term Loan $","1","230","","573,457"
"SRC048","152","1","Holdings, Inc. Term Loan $","4","444","","(34,349)"
"SRC048","152","1","Holdings, Inc. Term Loan $","5","497","","539,108"
"SRC048","152","2","Holdings, Inc. Term Loan","1","230","","112,977"
"SRC048","152","2","Holdings, Inc. Term Loan","4","444","","(6,767)"
"SRC048","152","2","Holdings, Inc. Term Loan","5","497","","106,210"
"SRC048","152","3","Holdings, Inc. Revolver","1","230","","89,190"
"SRC048","152","3","Holdings, Inc. Revolver","2","286","","6,111"
"SRC048","152","3","Holdings, Inc. Revolver","4","444","","(11,474)"
"SRC048","152","3","Holdings, Inc. Revolver","5","497","","83,827"
"SRC048","152","4","Holdings, Inc. Term Loan","1","230","","60,364"
"SRC048","152","4","Holdings, Inc. Term Loan","4","444","","(3,616)"
"SRC048","152","4","Holdings, Inc. Term Loan","5","497","","56,748"
"SRC048","152","5","Affiliates $","1","230","","835,988"
"SRC048","152","5","Affiliates $","2","286","","6,111"
"SRC048","152","5","Affiliates $","4","444","","(56,206)"
"SRC048","152","5","Affiliates $","5","497","","785,893"
"SRC048","152","6","Revolver","1","230","","350,292"
"SRC048","152","6","Revolver","3","333","","(309,170)"
"SRC048","152","6","Revolver","4","444","","48,068"
"SRC048","152","6","Revolver","5","497","","89,190"
"SRC048","152","7","Term Loan","1","230","","2,252,790"
"SRC048","152","7","Term Loan","2","286","","10,273"
"SRC048","152","7","Term Loan","3","333","","(1,946,168)"
"SRC048","152","7","Term Loan","4","444","","256,542"
"SRC048","152","7","Term Loan","5","497","","573,437"
"SRC048","152","8","Affiliates $","1","230","","3,464,863"
"SRC048","152","8","Affiliates $","2","286","","50,813"
"SRC048","152","8","Affiliates $","3","333","","(3,060,436)"
"SRC048","152","8","Affiliates $","4","444","","380,748"
"SRC048","152","8","Affiliates $","5","497","","835,988"
"SRC048","153","1","subscription financing","9","532","","14,"
"SRC048","153","2","among AB-Abbott Private","2","210","","2019"
"SRC048","153","2","among AB-Abbott Private","8","497","","2020"
"SRC048","153","3","L.P., AB-Abbott Private","2","210","","2021"
"SRC048","153","4","Fund L.P., AB-Abbott","3","227","","2022"
"SRC048","153","5","to time party thereto as","9","532","","2021"
"SRC048","153","6","HSBC Credit Facility","2","210","","2025,"
"SRC048","153","7","Borrowings under","1","129","","2021"
"SRC048","153","8","Adjusted Term SOFR","2","210","","2021"
"SRC048","153","8","Adjusted Term SOFR","6","392","","2.10%"
"SRC048","153","9","Period (as defined in","1","129","","2021"
"SRC048","153","9","Period (as defined in","9","532","","2021"
"SRC048","153","10","Credit Agreement), the","4","281","","2021"
"SRC048","153","11","pay an unused commitment","8","497","","2021"
"SRC048","153","12","Agreement) are then-currently","2","210","","66%"
"SRC048","153","12","Agreement) are then-currently","7","428","","2021"
"SRC048","153","13","0.35% per annum, (y)","9","532","","66%"
"SRC048","153","14","greater than thirty-three","5","317","","0.50%"
"SRC048","153","15","Principal Obligations","4","281","","33%"
"SRC048","153","15","Principal Obligations","7","428","","1.00%"
"SRC048","153","16","As of December","1","129","","31, 2025,"
"SRC048","153","16","As of December","5","317","","2021"
"SRC048","153","16","As of December","7","428","","$450,000,000,"
"SRC048","153","17","December7, 2026. The","1","129","documents,","2021"
"SRC048","153","18","cure and notice provisions.","4","281","corporate","2021"
"SRC048","153","19","and capital contributions.","8","497","Any amounts","1940"
"SRC048","153","20","On October 15,","1","129","documents,","2020,"
"SRC048","153","21","Synovus Credit Facility","2","210","custodian","20,"
"SRC048","153","21","Synovus Credit Facility","3","227","(in such","2024,"
"SRC048","153","22","As of December","1","129","“SynovusCollateralAgent”),collateral","31, 2025,"
"SRC048","153","22","As of December","8","497","securities","$200,000,000."
"SRC048","153","23","Borrowings under the","9","532","intermediary","2.50%"
"SRC048","153","24","and unpaid interest thereunder","6","392","the“SynovusCollateralCustodian”)and","20, 2027"
"SRC048","153","25","revolving commitments","6","392","the“SynovusCollateralCustodian”)and","20, 2026."
"SRC048","156","1","The Scotia Credit Facility provides for a revolving credit facility","3","458","","$50,000,000,"
"SRC048","156","2","Maximum capacity under the Scotia Credit Facility may be increased","1","319","","$100,000,000"
"SRC048","156","3","HSBC $","1","319","Amount Committed","42,000,000"
"SRC048","156","3","HSBC $","3","458","Amount Available","42,000,000"
"SRC048","156","4","Synovus","1","319","Amount Committed","200,000,000"
"SRC048","156","4","Synovus","2","383","Outstanding Borrowing","190,000,000"
"SRC048","156","4","Synovus","3","458","Amount Available","10,000,000"
"SRC048","156","4","Synovus","4","522","Carrying Value","190,000,000"
"SRC048","156","5","Natixis","1","319","Amount Committed","325,000,000"
"SRC048","156","5","Natixis","2","383","Outstanding Borrowing","235,000,000"
"SRC048","156","5","Natixis","3","458","Amount Available","90,000,000"
"SRC048","156","5","Natixis","4","522","Carrying Value","235,000,000"
"SRC048","156","6","MUFG","1","319","Amount Committed","150,000,000"
"SRC048","156","6","MUFG","2","383","Outstanding Borrowing","150,000,000"
"SRC048","156","6","MUFG","4","522","Carrying Value","150,000,000"
"SRC048","156","7","NatWest","1","319","Amount Committed","75,000,000"
"SRC048","156","7","NatWest","2","383","Outstanding Borrowing","75,000,000"
"SRC048","156","7","NatWest","4","522","Carrying Value","75,000,000"
"SRC048","156","8","Scotia","1","319","Amount Committed","50,000,000"
"SRC048","156","8","Scotia","2","383","Outstanding Borrowing","30,000,000"
"SRC048","156","8","Scotia","3","458","Amount Available","20,000,000"
"SRC048","156","8","Scotia","4","522","Carrying Value","30,000,000"
"SRC048","156","9","Total $842,000,000","2","383","Outstanding Borrowing","$680,000,000"
"SRC048","156","9","Total $842,000,000","3","458","Amount Available","$162,000,000"
"SRC048","156","9","Total $842,000,000","4","522","Carrying Value","$680,000,000"
"SRC048","157","1","HSBC","4","314","Amount Committed","40,000,000"
"SRC048","157","1","HSBC","5","386","Outstanding Borrowing","10,000,000"
"SRC048","157","1","HSBC","6","458","Amount Available","30,000,000"
"SRC048","157","1","HSBC","8","522","Carrying Value","10,000,000"
"SRC048","157","2","Synovus","4","314","Amount Committed","200,000,000"
"SRC048","157","2","Synovus","5","386","Outstanding Borrowing","188,250,000"
"SRC048","157","2","Synovus","6","458","Amount Available","11,750,000"
"SRC048","157","2","Synovus","8","522","Carrying Value","188,250,000"
"SRC048","157","3","Natixis","4","314","Amount Committed","200,000,000"
"SRC048","157","3","Natixis","5","386","Outstanding Borrowing","200,000,000"
"SRC048","157","3","Natixis","8","522","Carrying Value","200,000,000"
"SRC048","157","4","MUFG","4","314","Amount Committed","150,000,000"
"SRC048","157","4","MUFG","5","386","Outstanding Borrowing","104,000,000"
"SRC048","157","4","MUFG","6","458","Amount Available","46,000,000"
"SRC048","157","4","MUFG","8","522","Carrying Value","104,000,000"
"SRC048","157","5","Total","4","314","Amount Committed","$590,000,000"
"SRC048","157","5","Total","5","386","Outstanding Borrowing","$502,250,000"
"SRC048","157","5","Total","6","458","Amount Available","87,750,000"
"SRC048","157","5","Total","8","522","Carrying Value","$502,250,000"
"SRC048","157","6","As of December","1","110","","31,"
"SRC048","157","6","As of December","2","204","","31,"
"SRC048","157","6","As of December","5","386","Outstanding Borrowing","$4,569,276"
"SRC048","157","6","As of December","6","458","Amount Available","$2,835,743,"
"SRC048","157","7","On August","1","110","","9, 2019,"
"SRC048","157","8","each a newly formed","3","271","","$300,500,000"
"SRC048","157","9","stated reinvestment","2","204","","9, 2022."
"SRC048","157","10","The CLO VI","6","458","Amount Available","28, 2022"
"SRC048","157","11","Notes) under the","2","204","","9, 2019"
"SRC048","157","11","Notes) under the","4","314","Amount Committed","$246,900,000"
"SRC048","157","12","On March","1","110","","5, 2025,"
"SRC048","157","13","issued by the VI","5","386","Outstanding Borrowing","9, 2019,"
"SRC048","157","14","Supplemental Indenture,","2","204","","28, 2022"
"SRC048","157","14","Supplemental Indenture,","8","522","Carrying Value","8, 2024,"
"SRC048","157","15","$103,000,000 of","7","500","","1.40%"
"SRC048","157","16","(ii) $100,000,000","8","522","Carrying Value","1.40%"
"SRC048","157","17","annum; (iii) $14,000,000","8","522","Carrying Value","1.60%"
"SRC048","157","18","per annum; (iv) $21,000,000","7","500","","1.70%"
"SRC048","157","19","(v) $28,000,000","6","458","Amount Available","2.00%"
"SRC048","157","20","$18,980,000 of additional","5","386","Outstanding Borrowing","$61,320,000"
"SRC048","157","21","scheduled to mature","2","204","","2037."
"SRC048","158","1","Class A-1-RR Senior Secured Floating Rate Note(“ClassA-1-RR”) $","1","364","Principal Amount","103,000,000"
"SRC048","158","1","Class A-1-RR Senior Secured Floating Rate Note(“ClassA-1-RR”) $","2","464","Interest Rate","1.40%"
"SRC048","158","1","Class A-1-RR Senior Secured Floating Rate Note(“ClassA-1-RR”) $","3","517","Carrying Value(1)","102,492,220"
"SRC048","158","2","Class A-1-LR Senior Secured Floating Rate Note(“ClassA-1-LR”) $","1","364","Principal Amount","100,000,000"
"SRC048","158","2","Class A-1-LR Senior Secured Floating Rate Note(“ClassA-1-LR”) $","2","464","Interest Rate","1.40%"
"SRC048","158","2","Class A-1-LR Senior Secured Floating Rate Note(“ClassA-1-LR”) $","3","517","Carrying Value(1)","99,507,009"
"SRC048","158","3","RR”) $","1","364","Principal Amount","14,000,000"
"SRC048","158","3","RR”) $","2","464","Interest Rate","1.60%"
"SRC048","158","3","RR”) $","3","517","Carrying Value(1)","13,930,982"
"SRC048","158","4","Class B-RR Senior Secured Deferrable Floating Rate Note(“ClassB-RR”) $","1","364","Principal Amount","21,000,000"
"SRC048","158","4","Class B-RR Senior Secured Deferrable Floating Rate Note(“ClassB-RR”) $","2","464","Interest Rate","1.70%"
"SRC048","158","4","Class B-RR Senior Secured Deferrable Floating Rate Note(“ClassB-RR”) $","3","517","Carrying Value(1)","20,896,472"
"SRC048","158","5","Class C-RR Secured Deferrable Floating Rate Note(“ClassC-RR”) $","1","364","Principal Amount","28,000,000"
"SRC048","158","5","Class C-RR Secured Deferrable Floating Rate Note(“ClassC-RR”) $","2","464","Interest Rate","2.00%"
"SRC048","158","6","Subordinated Notes $","1","364","Principal Amount","80,300,000"
"SRC048","158","7","Class A-1-R Senior Secured Floating Rate Note(“ClassA-1-R”) $","1","364","Principal Amount","98,250,000"
"SRC048","158","7","Class A-1-R Senior Secured Floating Rate Note(“ClassA-1-R”) $","2","464","Interest Rate","1.83%"
"SRC048","158","7","Class A-1-R Senior Secured Floating Rate Note(“ClassA-1-R”) $","3","517","Carrying Value(1)","98,041,837"
"SRC048","158","8","Class A-1-L Senior Secured Floating Rate Note(“ClassA-1-L”) $","1","364","Principal Amount","75,000,000"
"SRC048","158","8","Class A-1-L Senior Secured Floating Rate Note(“ClassA-1-L”) $","2","464","Interest Rate","1.83%"
"SRC048","158","8","Class A-1-L Senior Secured Floating Rate Note(“ClassA-1-L”) $","3","517","Carrying Value(1)","74,841,098"
"SRC048","158","9","Class A-1-F Senior Secured Fixed Rate Note(“ClassA-1-F”) $","1","364","Principal Amount","30,000,000"
"SRC048","158","9","Class A-1-F Senior Secured Fixed Rate Note(“ClassA-1-F”) $","2","464","Interest Rate","4.305%"
"SRC048","158","9","Class A-1-F Senior Secured Fixed Rate Note(“ClassA-1-F”) $","3","517","Carrying Value(1)","29,936,439"
"SRC048","158","10","Class A-2-R Senior Secured Deferrable Floating Rate (“ClassA-2-R”) $","1","364","Principal Amount","43,500,000"
"SRC048","158","10","Class A-2-R Senior Secured Deferrable Floating Rate (“ClassA-2-R”) $","2","464","Interest Rate","2.25%"
"SRC048","158","10","Class A-2-R Senior Secured Deferrable Floating Rate (“ClassA-2-R”) $","3","517","Carrying Value(1)","43,407,837"
"SRC048","158","11","Class B-R Senior Secured Deferrable Floating Rate(“ClassB-R”) $","1","364","Principal Amount","19,250,000"
"SRC048","158","11","Class B-R Senior Secured Deferrable Floating Rate(“ClassB-R”) $","2","464","Interest Rate","3.10%"
"SRC048","158","12","Class C-R Secured Deferrable Floating Rate Note(“ClassC-R”) $","1","364","Principal Amount","20,125,000"
"SRC048","158","12","Class C-R Secured Deferrable Floating Rate Note(“ClassC-R”) $","2","464","Interest Rate","4.15%"
"SRC048","158","13","Subordinated Notes $","1","364","Principal Amount","61,320,000"
"SRC048","159","1","Class A Senior Secured Floating Rate Note(“ClassA”) $","1","365","Principal Amount","228,000,000"
"SRC048","159","1","Class A Senior Secured Floating Rate Note(“ClassA”) $","2","464","Interest Rate","1.45%"
"SRC048","159","1","Class A Senior Secured Floating Rate Note(“ClassA”) $","3","518","","227,098,338"
"SRC048","159","2","Class B Senior Secured Floating Rate Note(“ClassB”) $","1","365","Principal Amount","36,000,000"
"SRC048","159","2","Class B Senior Secured Floating Rate Note(“ClassB”) $","2","464","Interest Rate","1.80%"
"SRC048","159","2","Class B Senior Secured Floating Rate Note(“ClassB”) $","3","518","","35,857,632"
"SRC048","159","3","Class C Secured Deferrable Floating Rate Note(“ClassC”) $","1","365","Principal Amount","36,000,000"
"SRC048","159","3","Class C Secured Deferrable Floating Rate Note(“ClassC”) $","2","464","Interest Rate","2.20%"
"SRC048","159","3","Class C Secured Deferrable Floating Rate Note(“ClassC”) $","3","518","","35,857,632"
"SRC048","159","4","Class D Secured Deferrable Floating Rate Note(“ClassD”) $","1","365","Principal Amount","28,000,000"
"SRC048","159","4","Class D Secured Deferrable Floating Rate Note(“ClassD”) $","2","464","Interest Rate","3.25%"
"SRC048","159","5","Subordinated Notes $","1","365","Principal Amount","67,000,000"
"SRC048","159","6","Class A Senior Secured Floating Rate Note(“ClassA”) $","1","365","Principal Amount","228,000,000"
"SRC048","159","6","Class A Senior Secured Floating Rate Note(“ClassA”) $","2","464","Interest Rate","2.60%"
"SRC048","159","6","Class A Senior Secured Floating Rate Note(“ClassA”) $","3","518","","226,418,256"
"SRC048","159","7","Class B Senior Secured Floating Rate Note(“ClassB”) $","1","365","Principal Amount","36,000,000"
"SRC048","159","7","Class B Senior Secured Floating Rate Note(“ClassB”) $","2","464","Interest Rate","3.65%"
"SRC048","159","7","Class B Senior Secured Floating Rate Note(“ClassB”) $","3","518","","35,750,251"
"SRC048","159","8","Class C Secured Deferrable Floating Rate Note(“ClassC”) $","1","365","Principal Amount","36,000,000"
"SRC048","159","8","Class C Secured Deferrable Floating Rate Note(“ClassC”) $","2","464","Interest Rate","4.55%"
"SRC048","159","8","Class C Secured Deferrable Floating Rate Note(“ClassC”) $","3","518","","35,750,251"
"SRC048","159","9","Class D Secured Deferrable Floating Rate Note(“ClassD”) $","1","365","Principal Amount","28,000,000"
"SRC048","159","9","Class D Secured Deferrable Floating Rate Note(“ClassD”) $","2","464","Interest Rate","6.90%"
"SRC048","159","10","Subordinated Notes $","1","365","Principal Amount","67,000,000"
"SRC048","159","11","Bonterra LLC 9/6/2024 120 days or less from","2","464","bps Daily Rate","2.37"
"SRC048","159","11","Bonterra LLC 9/6/2024 120 days or less from","4","536","Amount","2,319,165"
"SRC048","159","12","Colo Holdings, LLC 9/5/2024 120 days or less from","2","464","bps Daily Rate","2.37"
"SRC048","159","12","Colo Holdings, LLC 9/5/2024 120 days or less from","4","536","Amount","525,952"
"SRC048","160","1","costs, under the Credit Facilities, Notes and Secured Borrowings","2","342","","$1,215,640,285"
"SRC048","160","2","For the years ended December 31, 2025, December 31,","1","287","","2024"
"SRC048","160","2","For the years ended December 31, 2025, December 31,","2","342","","31,"
"SRC048","160","3","Interest and borrowing expenses","2","342","","73,395,816"
"SRC048","160","3","Interest and borrowing expenses","3","431","","75,325,877"
"SRC048","160","3","Interest and borrowing expenses","5","532","","62,143,437"
"SRC048","160","4","Commitment fees","2","342","","525,609"
"SRC048","160","4","Commitment fees","3","431","","568,870"
"SRC048","160","4","Commitment fees","5","532","","677,738"
"SRC048","160","5","costs","2","342","","5,853,397"
"SRC048","160","5","costs","3","431","","3,978,731"
"SRC048","160","5","costs","5","532","","3,851,415"
"SRC048","160","6","Total","2","342","","79,774,822"
"SRC048","160","6","Total","3","431","","79,873,478"
"SRC048","160","6","Total","5","532","","66,672,590"
"SRC048","160","7","Weighted average interest rate(1)","2","342","","6.59%"
"SRC048","160","7","Weighted average interest rate(1)","4","455","","8.08%"
"SRC048","160","7","Weighted average interest rate(1)","5","532","","7.83%"
"SRC048","160","8","Average outstanding balance","2","342","","1,114,310,955"
"SRC048","160","8","Average outstanding balance","3","431","","938,831,078"
"SRC048","160","8","Average outstanding balance","5","532","","797,276,741"
"SRC048","160","9","The Fund conducts the valuation of its investments, upon","5","532","","1940"
"SRC048","160","10","Act. The Fund values its investments in accordance with ASC","1","287","","820,"
"SRC048","160","11","Active, publicly traded instruments are classified as Level","1","287","Act, the Board things, for making","1"
"SRC048","162","1","The following table summarizes the valuation of theFund’sinvestments","5","420","","31,"
"SRC048","162","2","Assets*","2","307","","1"
"SRC048","162","2","Assets*","4","371","","2"
"SRC048","162","2","Assets*","6","438","","3"
"SRC048","162","3","Money Market Funds $","1","284","","81,799,316"
"SRC048","162","3","Money Market Funds $","8","527","","81,799,316"
"SRC048","162","4","Total Cash Equivalents $","1","284","","81,799,316"
"SRC048","162","4","Total Cash Equivalents $","8","527","","81,799,316"
"SRC048","162","5","Assets*","2","307","","1"
"SRC048","162","5","Assets*","4","371","","2"
"SRC048","162","5","Assets*","6","438","","3"
"SRC048","162","6","1st Lien/Senior Secured Debt $","5","420","","1,802,229,181"
"SRC048","162","6","1st Lien/Senior Secured Debt $","7","515","","1,802,229,181"
"SRC048","162","7","2nd Lien/Junior Secured Debt","6","438","","2,574,947"
"SRC048","162","7","2nd Lien/Junior Secured Debt","8","527","","2,574,947"
"SRC048","162","8","Preferred Stock","6","438","","8,128,435"
"SRC048","162","8","Preferred Stock","8","527","","8,128,435"
"SRC048","162","9","Common Stocks and LPInterests","2","307","","821,553"
"SRC048","162","9","Common Stocks and LPInterests","3","351","","102,698"
"SRC048","162","9","Common Stocks and LPInterests","6","438","","9,632,220"
"SRC048","162","9","Common Stocks and LPInterests","8","527","","10,556,471"
"SRC048","162","10","Warrants","6","438","","2,102,100"
"SRC048","162","10","Warrants","8","527","","2,102,100"
"SRC048","162","11","Total $","2","307","","821,553"
"SRC048","162","11","Total $","3","351","","102,698"
"SRC048","162","11","Total $","5","420","","1,824,666,883"
"SRC048","162","11","Total $","7","515","","1,825,591,134"
"SRC048","162","12","Investments valued at NAV as a practical expedient#","8","527","","35,705,328"
"SRC048","162","13","Total investments# $","2","307","","821,553"
"SRC048","162","13","Total investments# $","3","351","","102,698"
"SRC048","162","13","Total investments# $","5","420","","1,824,666,883"
"SRC048","162","13","Total investments# $","7","515","","1,861,296,462"
"SRC048","162","14","The following table summarizes the valuation of theFund’sinvestments","5","420","","31,"
"SRC048","162","15","Assets*","2","307","","1"
"SRC048","162","15","Assets*","4","371","","2"
"SRC048","162","15","Assets*","6","438","","3"
"SRC048","162","16","Money Market Funds $","1","284","","44,958,333"
"SRC048","162","16","Money Market Funds $","8","527","","44,958,333"
"SRC048","162","17","Total Cash Equivalents $","1","284","","44,958,333"
"SRC048","162","17","Total Cash Equivalents $","8","527","","44,958,333"
"SRC048","162","18","Assets*","2","307","","1"
"SRC048","162","18","Assets*","4","371","","2"
"SRC048","162","18","Assets*","6","438","","3"
"SRC048","162","19","1st Lien/Senior Secured Debt $","5","420","","1,582,307,975"
"SRC048","162","19","1st Lien/Senior Secured Debt $","7","515","","1,582,307,975"
"SRC048","162","20","2nd Lien/Junior Secured Debt","6","438","","2,825,397"
"SRC048","162","20","2nd Lien/Junior Secured Debt","8","527","","2,825,397"
"SRC048","162","21","Preferred Stock","6","438","","8,028,728"
"SRC048","162","21","Preferred Stock","8","527","","8,028,728"
"SRC048","162","22","Common Stocks and LPInterests","3","351","","131,764"
"SRC048","162","22","Common Stocks and LPInterests","6","438","","10,996,373"
"SRC048","162","22","Common Stocks and LPInterests","8","527","","11,128,137"
"SRC048","162","23","Warrants","6","438","","1,703,357"
"SRC048","162","23","Warrants","8","527","","1,703,357"
"SRC048","162","24","Total $","3","351","","131,764"
"SRC048","162","24","Total $","5","420","","1,605,861,830"
"SRC048","162","24","Total $","7","515","","1,605,993,594"
"SRC048","162","25","Investments valued at NAV as a practical expedient#","8","527","","24,355,711"
"SRC048","162","26","Total investments# $","3","351","","131,764"
"SRC048","162","26","Total investments# $","5","420","","1,605,861,830"
"SRC048","162","26","Total investments# $","7","515","","1,630,349,305"
"SRC048","163","1","Balance as of January 1, 2025 $","1","199","Lien/Senior Secured Debt","1,582,307,975"
"SRC048","163","1","Balance as of January 1, 2025 $","3","275","Junior Secured Debt","2,825,397"
"SRC048","163","1","Balance as of January 1, 2025 $","4","339","Preferred Stock","8,028,728"
"SRC048","163","1","Balance as of January 1, 2025 $","5","397","Stocks and LPInterests","10,996,373"
"SRC048","163","1","Balance as of January 1, 2025 $","6","462","Warrants","1,703,357"
"SRC048","163","1","Balance as of January 1, 2025 $","7","533","Total","1,605,861,830"
"SRC048","163","2","Purchases (including PIK)","1","199","Lien/Senior Secured Debt","525,816,354"
"SRC048","163","2","Purchases (including PIK)","4","339","Preferred Stock","442,239"
"SRC048","163","2","Purchases (including PIK)","5","397","Stocks and LPInterests","2,209,112"
"SRC048","163","2","Purchases (including PIK)","7","533","Total","528,467,705"
"SRC048","163","3","Sales and principal payments","1","199","Lien/Senior Secured Debt","(304,780,076)"
"SRC048","163","3","Sales and principal payments","4","339","Preferred Stock","(1,575,208)"
"SRC048","163","3","Sales and principal payments","5","397","Stocks and LPInterests","(5,352,470)"
"SRC048","163","3","Sales and principal payments","7","533","Total","(311,707,754)"
"SRC048","163","4","Realized Gain (Loss)","1","199","Lien/Senior Secured Debt","163,320"
"SRC048","163","4","Realized Gain (Loss)","4","339","Preferred Stock","680,703"
"SRC048","163","4","Realized Gain (Loss)","5","397","Stocks and LPInterests","3,660,538"
"SRC048","163","4","Realized Gain (Loss)","7","533","Total","4,504,561"
"SRC048","163","5","Premium/Discount","1","199","Lien/Senior Secured Debt","8,256,314"
"SRC048","163","5","Premium/Discount","3","275","Junior Secured Debt","5,667"
"SRC048","163","5","Premium/Discount","7","533","Total","8,261,981"
"SRC048","163","6","Appreciation (Depreciation)","1","199","Lien/Senior Secured Debt","(9,534,706)"
"SRC048","163","6","Appreciation (Depreciation)","3","275","Junior Secured Debt","(256,117)"
"SRC048","163","6","Appreciation (Depreciation)","4","339","Preferred Stock","551,973"
"SRC048","163","6","Appreciation (Depreciation)","5","397","Stocks and LPInterests","(1,881,333)"
"SRC048","163","6","Appreciation (Depreciation)","6","462","Warrants","398,743"
"SRC048","163","6","Appreciation (Depreciation)","7","533","Total","(10,721,440)"
"SRC048","163","7","December 31, 2025 $","1","199","Lien/Senior Secured Debt","1,802,229,181"
"SRC048","163","7","December 31, 2025 $","3","275","Junior Secured Debt","2,574,947"
"SRC048","163","7","December 31, 2025 $","4","339","Preferred Stock","8,128,435"
"SRC048","163","7","December 31, 2025 $","5","397","Stocks and LPInterests","9,632,220"
"SRC048","163","7","December 31, 2025 $","6","462","Warrants","2,102,100"
"SRC048","163","7","December 31, 2025 $","7","533","Total","1,824,666,883"
"SRC048","163","8","for Investments Still Held $","1","199","Lien/Senior Secured Debt","(6,933,652)"
"SRC048","163","8","for Investments Still Held $","3","275","Junior Secured Debt","(256,117)"
"SRC048","163","8","for Investments Still Held $","4","339","Preferred Stock","697,799"
"SRC048","163","8","for Investments Still Held $","5","397","Stocks and LPInterests","(1,567,794)"
"SRC048","163","8","for Investments Still Held $","6","462","Warrants","398,743"
"SRC048","163","8","for Investments Still Held $","7","533","Total","(7,661,021)"
"SRC048","163","9","For the year ended December","1","199","Lien/Senior Secured Debt","31, 2025,"
"SRC048","163","10","The following is a reconciliation","2","235","","3"
"SRC048","163","10","The following is a reconciliation","5","397","Stocks and LPInterests","31,"
"SRC048","163","11","Balance as of January 1, 2024 $","1","199","Lien/Senior Secured Debt","1,270,762,647"
"SRC048","163","11","Balance as of January 1, 2024 $","3","275","Junior Secured Debt","9,205,885"
"SRC048","163","11","Balance as of January 1, 2024 $","4","339","Preferred Stock","8,777,660"
"SRC048","163","11","Balance as of January 1, 2024 $","5","397","Stocks and LPInterests","10,039,580"
"SRC048","163","11","Balance as of January 1, 2024 $","6","462","Warrants","1,290,859"
"SRC048","163","11","Balance as of January 1, 2024 $","7","533","Total","1,300,076,631"
"SRC048","163","12","Purchases (including PIK)","1","199","Lien/Senior Secured Debt","513,442,490"
"SRC048","163","12","Purchases (including PIK)","5","397","Stocks and LPInterests","1,232,430"
"SRC048","163","12","Purchases (including PIK)","7","533","Total","514,674,920"
"SRC048","163","13","Sales and principal payments","1","199","Lien/Senior Secured Debt","(216,214,013)"
"SRC048","163","13","Sales and principal payments","3","275","Junior Secured Debt","(6,537,711)"
"SRC048","163","13","Sales and principal payments","4","339","Preferred Stock","(771,864)"
"SRC048","163","13","Sales and principal payments","7","533","Total","(223,523,588)"
"SRC048","163","14","Realized Gain (Loss)","1","199","Lien/Senior Secured Debt","733,497"
"SRC048","163","14","Realized Gain (Loss)","4","339","Preferred Stock","173,651"
"SRC048","163","14","Realized Gain (Loss)","7","533","Total","907,148"
"SRC048","163","15","Premium/Discount","1","199","Lien/Senior Secured Debt","6,586,088"
"SRC048","163","15","Premium/Discount","3","275","Junior Secured Debt","54,939"
"SRC048","163","15","Premium/Discount","7","533","Total","6,641,027"
"SRC048","163","16","Transfers Out","4","339","Preferred Stock","(368,990)"
"SRC048","163","16","Transfers Out","5","397","Stocks and LPInterests","(1,813,344)"
"SRC048","163","16","Transfers Out","7","533","Total","(2,182,334)"
"SRC048","163","17","Appreciation (Depreciation)","1","199","Lien/Senior Secured Debt","6,997,266"
"SRC048","163","17","Appreciation (Depreciation)","3","275","Junior Secured Debt","102,284"
"SRC048","163","17","Appreciation (Depreciation)","4","339","Preferred Stock","218,271"
"SRC048","163","17","Appreciation (Depreciation)","5","397","Stocks and LPInterests","1,537,707"
"SRC048","163","17","Appreciation (Depreciation)","6","462","Warrants","412,498"
"SRC048","163","17","Appreciation (Depreciation)","7","533","Total","9,268,026"
"SRC048","163","18","December 31, 2024 $","1","199","Lien/Senior Secured Debt","1,582,307,975"
"SRC048","163","18","December 31, 2024 $","3","275","Junior Secured Debt","2,825,397"
"SRC048","163","18","December 31, 2024 $","4","339","Preferred Stock","8,028,728"
"SRC048","163","18","December 31, 2024 $","5","397","Stocks and LPInterests","10,996,373"
"SRC048","163","18","December 31, 2024 $","6","462","Warrants","1,703,357"
"SRC048","163","18","December 31, 2024 $","7","533","Total","1,605,861,830"
"SRC048","163","19","for Investments Still Held $","1","199","Lien/Senior Secured Debt","5,470,146"
"SRC048","163","19","for Investments Still Held $","3","275","Junior Secured Debt","134,565"
"SRC048","163","19","for Investments Still Held $","4","339","Preferred Stock","260,473"
"SRC048","163","19","for Investments Still Held $","5","397","Stocks and LPInterests","1,542,159"
"SRC048","163","19","for Investments Still Held $","6","462","Warrants","412,498"
"SRC048","163","19","for Investments Still Held $","7","533","Total","12,454,985"
"SRC048","163","20","For the year ended December 31,","1","199","Lien/Senior Secured Debt","2024,"
"SRC048","163","20","For the year ended December 31,","4","339","Preferred Stock","3."
"SRC048","163","21","transfers out of Level 3 into Level 2 of","1","199","Lien/Senior Secured Debt","$263,971."
"SRC048","163","21","transfers out of Level 3 into Level 2 of","4","339","Preferred Stock","3"
"SRC048","163","22","broker quotes obtained. Further amounts","1","199","Lien/Senior Secured Debt","$1,918,363"
"SRC048","163","22","broker quotes obtained. Further amounts","7","533","Total","3"
"SRC048","163","23","positions are now valued using their net","7","533","Total","2, 3."
"SRC048","164","1","December 31, 2025 and December 31,","1","189","","2024,"
"SRC048","164","2","December","1","189","","31,"
"SRC048","164","3","1st Lien/Senior Secured Debt $ 1,684,703,626","2","446","","20.0%"
"SRC048","164","4","2nd Lien/Junior Secured Debt","1","189","","2,574,947"
"SRC048","164","4","2nd Lien/Junior Secured Debt","2","446","","20.8%"
"SRC048","164","5","Common Stocks and","1","189","","6,027,489"
"SRC048","164","5","Common Stocks and","2","446","","6.8x 24.3x (15.1x)"
"SRC048","164","6","Preferred Stock","1","189","","2,843,303"
"SRC048","164","6","Preferred Stock","2","446","","3.0x 8.0x (6.5x)"
"SRC048","164","7","Warrants","1","189","","2,102,100"
"SRC048","164","7","Warrants","2","446","","4.5x 8.0x (7.6x)"
"SRC048","165","1","December","1","192","","31,"
"SRC048","165","2","1st Lien/Senior Secured Debt $ 1,430,997,418","4","449","","8.3% 25.6%"
"SRC048","165","3","2nd Lien/Junior Secured Debt","1","192","","2,825,397"
"SRC048","165","3","2nd Lien/Junior Secured Debt","4","449","","16.3%"
"SRC048","165","4","Common Stocks and","1","192","","6,479,153"
"SRC048","165","4","Common Stocks and","4","449","","7.3x 25.0x"
"SRC048","165","5","LPInterests","4","449","","(13.4x)"
"SRC048","165","6","Preferred Stock","1","192","","603,899"
"SRC048","165","6","Preferred Stock","4","449","","13.0x"
"SRC048","165","7","Warrants","1","192","","1,703,357"
"SRC048","165","7","Warrants","4","449","","5.0x 8.1x (7.6x)"
"SRC048","165","8","(“ClassA-1-RR”)","2","288","Carrying Value(1)","102,492,220"
"SRC048","165","8","(“ClassA-1-RR”)","3","357","Fair Value","104,030,000"
"SRC048","165","8","(“ClassA-1-RR”)","5","525","Level 3","104,030,000"
"SRC048","165","9","(“ClassA-1-LR”)","2","288","Carrying Value(1)","99,507,009"
"SRC048","165","9","(“ClassA-1-LR”)","3","357","Fair Value","101,000,000"
"SRC048","165","9","(“ClassA-1-LR”)","5","525","Level 3","101,000,000"
"SRC048","165","10","Note(“ClassA-2-RR”)","2","288","Carrying Value(1)","13,930,982"
"SRC048","165","10","Note(“ClassA-2-RR”)","3","357","Fair Value","14,175,000"
"SRC048","165","10","Note(“ClassA-2-RR”)","5","525","Level 3","14,175,000"
"SRC048","165","11","Note(“ClassB-RR”)","2","288","Carrying Value(1)","20,896,472"
"SRC048","165","11","Note(“ClassB-RR”)","3","357","Fair Value","21,262,500"
"SRC048","165","11","Note(“ClassB-RR”)","5","525","Level 3","21,262,500"
"SRC048","165","12","(“ClassA”)","2","288","Carrying Value(1)","227,098,338"
"SRC048","165","12","(“ClassA”)","3","357","Fair Value","230,280,000"
"SRC048","165","12","(“ClassA”)","5","525","Level 3","230,280,000"
"SRC048","165","13","(“ClassB”)","2","288","Carrying Value(1)","35,857,632"
"SRC048","165","13","(“ClassB”)","3","357","Fair Value","36,450,000"
"SRC048","165","13","(“ClassB”)","5","525","Level 3","36,450,000"
"SRC048","165","14","Note(“ClassC”)","2","288","Carrying Value(1)","35,857,632"
"SRC048","165","14","Note(“ClassC”)","3","357","Fair Value","36,900,000"
"SRC048","165","14","Note(“ClassC”)","5","525","Level 3","36,900,000"
"SRC048","165","15","Total","2","288","Carrying Value(1)","535,640,285"
"SRC048","165","15","Total","3","357","Fair Value","544,097,500"
"SRC048","165","15","Total","5","525","Level 3","544,097,500"
"SRC048","165","16","with the Notes totaled $0 and $2,359,715","2","288","Carrying Value(1)","31, 2025"
"SRC048","166","1","CLO VI Class A-1-R Senior Secured Floating Rate Note $","1","288","Carrying Value(1)","98,041,837"
"SRC048","166","1","CLO VI Class A-1-R Senior Secured Floating Rate Note $","2","360","Fair Value","99,478,125"
"SRC048","166","1","CLO VI Class A-1-R Senior Secured Floating Rate Note $","3","527","Level 3","99,478,125"
"SRC048","166","2","CLO VI Class A-1-L Senior Secured Floating Rate Note","1","288","Carrying Value(1)","74,841,098"
"SRC048","166","2","CLO VI Class A-1-L Senior Secured Floating Rate Note","2","360","Fair Value","75,937,500"
"SRC048","166","2","CLO VI Class A-1-L Senior Secured Floating Rate Note","3","527","Level 3","75,937,500"
"SRC048","166","3","CLO VI Class A-1-F Senior Secured Fixed Rate Note","1","288","Carrying Value(1)","29,936,439"
"SRC048","166","3","CLO VI Class A-1-F Senior Secured Fixed Rate Note","2","360","Fair Value","29,550,000"
"SRC048","166","3","CLO VI Class A-1-F Senior Secured Fixed Rate Note","3","527","Level 3","29,550,000"
"SRC048","166","4","Floating Rate Note","1","288","Carrying Value(1)","43,407,837"
"SRC048","166","4","Floating Rate Note","2","360","Fair Value","44,696,250"
"SRC048","166","4","Floating Rate Note","3","527","Level 3","44,696,250"
"SRC048","166","5","(“ClassA”)","1","288","Carrying Value(1)","226,418,256"
"SRC048","166","5","(“ClassA”)","2","360","Fair Value","229,710,000"
"SRC048","166","5","(“ClassA”)","3","527","Level 3","229,710,000"
"SRC048","166","6","(“ClassB”)","1","288","Carrying Value(1)","35,750,251"
"SRC048","166","6","(“ClassB”)","2","360","Fair Value","36,540,000"
"SRC048","166","6","(“ClassB”)","3","527","Level 3","36,540,000"
"SRC048","166","7","Note(“ClassC”)","1","288","Carrying Value(1)","35,750,251"
"SRC048","166","7","Note(“ClassC”)","2","360","Fair Value","36,630,000"
"SRC048","166","7","Note(“ClassC”)","3","527","Level 3","36,630,000"
"SRC048","166","8","Total $","1","288","Carrying Value(1)","544,145,969"
"SRC048","166","8","Total $","2","360","Fair Value","552,541,875"
"SRC048","166","8","Total $","3","527","Level 3","552,541,875"
"SRC048","166","9","with the Notes totaled $353,110 and $2,250,921 as of December","2","360","Fair Value","2024"
"SRC048","167","1","The Fund may enter into commitments to fund investments. As of","2","406","","2025"
"SRC048","167","1","The Fund may enter into commitments to fund investments. As of","3","468","","31, 2024"
"SRC048","167","2","requirement. The Fund had the following unfunded commitments by investment","3","468","","31, 2025"
"SRC048","167","2","requirement. The Fund had the following unfunded commitments by investment","4","546","","31,"
"SRC048","167","3","Loan 7/19/2026","1","332","Unfunded Commitment(2)","622,304"
"SRC048","167","3","Loan 7/19/2026","2","406","Fair Value(3)","(7,779)"
"SRC048","167","3","Loan 7/19/2026","3","468","Unfunded Commitment(2)","1,522,707"
"SRC048","167","3","Loan 7/19/2026","4","546","Fair Value(3)","(15,227)"
"SRC048","167","4","AAH Topco, LLC Revolver 12/22/2027","1","332","Unfunded Commitment(2)","787,273"
"SRC048","167","4","AAH Topco, LLC Revolver 12/22/2027","3","468","Unfunded Commitment(2)","787,273"
"SRC048","167","4","AAH Topco, LLC Revolver 12/22/2027","4","546","Fair Value(3)","(11,809)"
"SRC048","167","5","Loan 3/31/2027","1","332","Unfunded Commitment(2)","2,298,207"
"SRC048","167","6","Loan 11/1/2025","3","468","Unfunded Commitment(2)","1,044,316"
"SRC048","167","6","Loan 11/1/2025","4","546","Fair Value(3)","(10,443)"
"SRC048","167","7","Admiral Buyer, Inc. Revolver 12/6/2029","1","332","Unfunded Commitment(2)","1,401,522"
"SRC048","167","7","Admiral Buyer, Inc. Revolver 12/6/2029","2","406","Fair Value(3)","(7,008)"
"SRC048","167","7","Admiral Buyer, Inc. Revolver 12/6/2029","3","468","Unfunded Commitment(2)","1,401,522"
"SRC048","167","8","Loan 8/17/2026","1","332","Unfunded Commitment(2)","533,691"
"SRC048","167","8","Loan 8/17/2026","3","468","Unfunded Commitment(2)","727,761"
"SRC048","167","9","Loan 2/8/2027","1","332","Unfunded Commitment(2)","257,534"
"SRC048","167","10","Loan 5/4/2026","1","332","Unfunded Commitment(2)","1,775,001"
"SRC048","167","10","Loan 5/4/2026","3","468","Unfunded Commitment(2)","5,075,881"
"SRC048","167","10","Loan 5/4/2026","4","546","Fair Value(3)","(25,379)"
"SRC048","167","11","Airwavz Solutions Inc. Revolver 3/31/2027","1","332","Unfunded Commitment(2)","434,778"
"SRC048","167","11","Airwavz Solutions Inc. Revolver 3/31/2027","3","468","Unfunded Commitment(2)","652,740"
"SRC048","167","11","Airwavz Solutions Inc. Revolver 3/31/2027","4","546","Fair Value(3)","(8,159)"
"SRC048","167","12","Amercare Royal LLC Revolver 9/10/2030","1","332","Unfunded Commitment(2)","791,878"
"SRC048","167","12","Amercare Royal LLC Revolver 9/10/2030","2","406","Fair Value(3)","(11,878)"
"SRC048","167","12","Amercare Royal LLC Revolver 9/10/2030","3","468","Unfunded Commitment(2)","201,851"
"SRC048","167","12","Amercare Royal LLC Revolver 9/10/2030","4","546","Fair Value(3)","(1,009)"
"SRC048","167","13","Loan 9/10/2026","1","332","Unfunded Commitment(2)","1,925,351"
"SRC048","167","13","Loan 9/10/2026","2","406","Fair Value(3)","(19,254)"
"SRC048","167","13","Loan 9/10/2026","3","468","Unfunded Commitment(2)","1,925,351"
"SRC048","167","14","Loan 3/19/2026","3","468","Unfunded Commitment(2)","1,869,312"
"SRC048","167","15","AOM Acquisition, LLC Revolver 2/18/2027","3","468","Unfunded Commitment(2)","1,218,605"
"SRC048","167","16","AppViewX, Inc. Revolver 12/24/2031","1","332","Unfunded Commitment(2)","1,846,640"
"SRC048","167","16","AppViewX, Inc. Revolver 12/24/2031","2","406","Fair Value(3)","(18,466)"
"SRC048","167","16","AppViewX, Inc. Revolver 12/24/2031","3","468","Unfunded Commitment(2)","1,846,640"
"SRC048","167","16","AppViewX, Inc. Revolver 12/24/2031","4","546","Fair Value(3)","(18,466)"
"SRC048","167","17","Loan 3/31/2027","1","332","Unfunded Commitment(2)","1,908,194"
"SRC048","167","17","Loan 3/31/2027","3","468","Unfunded Commitment(2)","1,908,194"
"SRC048","167","18","Artifact Bidco, Inc. Revolver 7/26/2030","1","332","Unfunded Commitment(2)","233,786"
"SRC048","167","18","Artifact Bidco, Inc. Revolver 7/26/2030","3","468","Unfunded Commitment(2)","233,786"
"SRC048","167","19","Loan 7/26/2027","1","332","Unfunded Commitment(2)","983,608"
"SRC048","167","19","Loan 7/26/2027","3","468","Unfunded Commitment(2)","983,608"
"SRC048","167","20","Artifact Bidco, Inc. Revolver 7/26/2030","1","332","Unfunded Commitment(2)","477,753"
"SRC048","167","20","Artifact Bidco, Inc. Revolver 7/26/2030","3","468","Unfunded Commitment(2)","477,753"
"SRC048","167","21","Avalara, Inc. Revolver 10/19/2028","3","468","Unfunded Commitment(2)","1,065,375"
"SRC048","167","22","Avant Communications, LLC Revolver 11/30/2026","3","468","Unfunded Commitment(2)","566,910"
"SRC048","167","23","Inc. Revolver 3/19/2031","1","332","Unfunded Commitment(2)","1,137,723"
"SRC048","167","23","Inc. Revolver 3/19/2031","2","406","Fair Value(3)","(5,689)"
"SRC048","167","23","Inc. Revolver 3/19/2031","3","468","Unfunded Commitment(2)","1,137,723"
"SRC048","167","24","BHG Holdings, LLC Revolver 4/22/2032","1","332","Unfunded Commitment(2)","1,619,055"
"SRC048","167","24","BHG Holdings, LLC Revolver 4/22/2032","2","406","Fair Value(3)","(12,143)"
"SRC048","167","25","Loan 4/22/2027","1","332","Unfunded Commitment(2)","3,667,902"
"SRC048","167","26","Bonterra LLC Revolver 3/5/2032","1","332","Unfunded Commitment(2)","907,596"
"SRC048","167","26","Bonterra LLC Revolver 3/5/2032","2","406","Fair Value(3)","(2,269)"
"SRC048","167","27","Bonterra LLC Revolver 9/8/2027","3","468","Unfunded Commitment(2)","414,630"
"SRC048","167","27","Bonterra LLC Revolver 9/8/2027","4","546","Fair Value(3)","(1,037)"
"SRC048","167","28","Bridgepointe Technologies, LLC Revolver 12/31/2027","1","332","Unfunded Commitment(2)","777,494"
"SRC048","167","28","Bridgepointe Technologies, LLC Revolver 12/31/2027","3","468","Unfunded Commitment(2)","777,494"
"SRC048","167","28","Bridgepointe Technologies, LLC Revolver 12/31/2027","4","546","Fair Value(3)","(9,719)"
"SRC048","167","29","Loan 7/3/2026","1","332","Unfunded Commitment(2)","10,053"
"SRC048","168","1","Loan 7/3/2026","1","341","Unfunded Commitment(2)","961,130"
"SRC048","168","2","Loan 7/1/2026","3","473","Unfunded Commitment(2)","3,324,983"
"SRC048","168","2","Loan 7/1/2026","4","547","Fair Value(3)","(41,562)"
"SRC048","168","3","Brightspot Buyer, Inc. Revolver 11/16/2027","1","341","Unfunded Commitment(2)","680,292"
"SRC048","168","3","Brightspot Buyer, Inc. Revolver 11/16/2027","2","409","Fair Value(3)","(10,204)"
"SRC048","168","3","Brightspot Buyer, Inc. Revolver 11/16/2027","3","473","Unfunded Commitment(2)","680,292"
"SRC048","168","3","Brightspot Buyer, Inc. Revolver 11/16/2027","4","547","Fair Value(3)","(10,204)"
"SRC048","168","4","BRP2 HOLD JONQUIL, INC. Revolver 8/26/2030","1","341","Unfunded Commitment(2)","1,521,314"
"SRC048","168","4","BRP2 HOLD JONQUIL, INC. Revolver 8/26/2030","2","409","Fair Value(3)","(22,820)"
"SRC048","168","4","BRP2 HOLD JONQUIL, INC. Revolver 8/26/2030","3","473","Unfunded Commitment(2)","1,584,702"
"SRC048","168","4","BRP2 HOLD JONQUIL, INC. Revolver 8/26/2030","4","547","Fair Value(3)","(15,847)"
"SRC048","168","5","Loan 8/26/2026","1","341","Unfunded Commitment(2)","2,358,620"
"SRC048","168","5","Loan 8/26/2026","2","409","Fair Value(3)","(17,690)"
"SRC048","168","5","Loan 8/26/2026","3","473","Unfunded Commitment(2)","3,169,405"
"SRC048","168","5","Loan 8/26/2026","4","547","Fair Value(3)","(31,694)"
"SRC048","168","6","BSI2 Hold Nettle, LLC Revolver 6/30/2028","1","341","Unfunded Commitment(2)","471,138"
"SRC048","168","6","BSI2 Hold Nettle, LLC Revolver 6/30/2028","3","473","Unfunded Commitment(2)","323,907"
"SRC048","168","7","Loan 12/3/2027","1","341","Unfunded Commitment(2)","1,267,138"
"SRC048","168","7","Loan 12/3/2027","2","409","Fair Value(3)","(3,168)"
"SRC048","168","8","Businessolver.com, Inc. Revolver 12/3/2032","1","341","Unfunded Commitment(2)","564,347"
"SRC048","168","8","Businessolver.com, Inc. Revolver 12/3/2032","2","409","Fair Value(3)","(2,822)"
"SRC048","168","9","Loan 12/1/2025","3","473","Unfunded Commitment(2)","817,473"
"SRC048","168","10","BV EMS Buyer, Inc Revolver 11/23/2027","1","341","Unfunded Commitment(2)","231,350"
"SRC048","168","10","BV EMS Buyer, Inc Revolver 11/23/2027","3","473","Unfunded Commitment(2)","79,840"
"SRC048","168","11","CallTower, Inc. Revolver 11/30/2028","1","341","Unfunded Commitment(2)","622,259"
"SRC048","168","11","CallTower, Inc. Revolver 11/30/2028","3","473","Unfunded Commitment(2)","622,259"
"SRC048","168","12","Loan 12/1/2025","3","473","Unfunded Commitment(2)","1,991,230"
"SRC048","168","13","Loan 7/1/2026","3","473","Unfunded Commitment(2)","1,121,667"
"SRC048","168","13","Loan 7/1/2026","4","547","Fair Value(3)","(44,867)"
"SRC048","168","14","Revolver 12/31/2026","1","341","Unfunded Commitment(2)","362,529"
"SRC048","168","14","Revolver 12/31/2026","3","473","Unfunded Commitment(2)","138,106"
"SRC048","168","15","Loan 10/23/2026","1","341","Unfunded Commitment(2)","878,578"
"SRC048","168","15","Loan 10/23/2026","3","473","Unfunded Commitment(2)","2,307,997"
"SRC048","168","16","CHV Holdings LLC Revolver 3/27/2029","1","341","Unfunded Commitment(2)","1,241,546"
"SRC048","168","16","CHV Holdings LLC Revolver 3/27/2029","3","473","Unfunded Commitment(2)","1,241,546"
"SRC048","168","16","CHV Holdings LLC Revolver 3/27/2029","4","547","Fair Value(3)","(15,519)"
"SRC048","168","17","Coding Solutions Acquisition, Inc. Revolver 8/7/2031","1","341","Unfunded Commitment(2)","703,351"
"SRC048","168","17","Coding Solutions Acquisition, Inc. Revolver 8/7/2031","3","473","Unfunded Commitment(2)","87,919"
"SRC048","168","18","Loan 8/7/2026","1","341","Unfunded Commitment(2)","312,991"
"SRC048","168","18","Loan 8/7/2026","3","473","Unfunded Commitment(2)","1,125,362"
"SRC048","168","19","Amivie Acquisition, Inc. Revolver 9/16/2027","1","341","Unfunded Commitment(2)","863,813"
"SRC048","168","19","Amivie Acquisition, Inc. Revolver 9/16/2027","3","473","Unfunded Commitment(2)","863,813"
"SRC048","168","19","Amivie Acquisition, Inc. Revolver 9/16/2027","4","547","Fair Value(3)","(4,319)"
"SRC048","168","20","Loan 7/23/2027","1","341","Unfunded Commitment(2)","158,346"
"SRC048","168","21","Loan 11/12/2027","1","341","Unfunded Commitment(2)","857,745"
"SRC048","168","22","Contruent Intermediate Company Revolver 11/14/2031","1","341","Unfunded Commitment(2)","571,830"
"SRC048","168","22","Contruent Intermediate Company Revolver 11/14/2031","2","409","Fair Value(3)","(8,577)"
"SRC048","168","23","Coretelligent Intermediate LLC Revolver 10/21/2027","1","341","Unfunded Commitment(2)","379,926"
"SRC048","168","23","Coretelligent Intermediate LLC Revolver 10/21/2027","2","409","Fair Value(3)","(20,896)"
"SRC048","168","23","Coretelligent Intermediate LLC Revolver 10/21/2027","3","473","Unfunded Commitment(2)","63,321"
"SRC048","168","23","Coretelligent Intermediate LLC Revolver 10/21/2027","4","547","Fair Value(3)","(5,857)"
"SRC048","168","24","Coupa Holdings, LLC Revolver 2/27/2029","1","341","Unfunded Commitment(2)","725,890"
"SRC048","168","24","Coupa Holdings, LLC Revolver 2/27/2029","3","473","Unfunded Commitment(2)","725,890"
"SRC048","168","25","Loan 6/3/2027","1","341","Unfunded Commitment(2)","948,020"
"SRC048","168","25","Loan 6/3/2027","3","473","Unfunded Commitment(2)","948,020"
"SRC048","168","26","Crewline Buyer, Inc. Revolver 11/8/2030","1","341","Unfunded Commitment(2)","1,366,496"
"SRC048","168","26","Crewline Buyer, Inc. Revolver 11/8/2030","3","473","Unfunded Commitment(2)","1,366,496"
"SRC048","168","27","Loan 2/10/2027","1","341","Unfunded Commitment(2)","4,719,998"
"SRC048","168","28","DA Blocker Corp. Revolver 2/10/2032","1","341","Unfunded Commitment(2)","1,573,333"
"SRC048","168","28","DA Blocker Corp. Revolver 2/10/2032","2","409","Fair Value(3)","(11,800)"
"SRC048","168","29","Datacor, Inc. Revolver 3/13/2029","1","341","Unfunded Commitment(2)","1,692,780"
"SRC048","168","29","Datacor, Inc. Revolver 3/13/2029","3","473","Unfunded Commitment(2)","2,154,447"
"SRC048","168","30","Loan 3/13/2026","3","473","Unfunded Commitment(2)","5,988,015"
"SRC048","168","31","Holdings, Inc. Revolver 1/30/2026","3","473","Unfunded Commitment(2)","293,952"
"SRC048","168","31","Holdings, Inc. Revolver 1/30/2026","4","547","Fair Value(3)","(124,636)"
"SRC048","168","32","DeLorean Purchaser, Inc. Revolver 12/16/2031","1","341","Unfunded Commitment(2)","2,409,819"
"SRC048","168","32","DeLorean Purchaser, Inc. Revolver 12/16/2031","2","409","Fair Value(3)","(12,049)"
"SRC048","168","32","DeLorean Purchaser, Inc. Revolver 12/16/2031","3","473","Unfunded Commitment(2)","2,409,819"
"SRC048","168","32","DeLorean Purchaser, Inc. Revolver 12/16/2031","4","547","Fair Value(3)","(36,147)"
"SRC048","168","33","Dispatchtrack, LLC Revolver 12/17/2026","1","341","Unfunded Commitment(2)","301,930"
"SRC048","168","33","Dispatchtrack, LLC Revolver 12/17/2026","3","473","Unfunded Commitment(2)","301,930"
"SRC048","168","34","Loan 5/7/2027","1","341","Unfunded Commitment(2)","805,500"
"SRC048","168","35","DLRdmv, LLC Revolver 5/7/2032","1","341","Unfunded Commitment(2)","805,500"
"SRC048","168","35","DLRdmv, LLC Revolver 5/7/2032","2","409","Fair Value(3)","(4,027)"
"SRC048","168","36","Dorado Buyer LLC Revolver 2/6/2030","1","341","Unfunded Commitment(2)","248,308"
"SRC048","168","36","Dorado Buyer LLC Revolver 2/6/2030","2","409","Fair Value(3)","(7,449)"
"SRC048","168","36","Dorado Buyer LLC Revolver 2/6/2030","3","473","Unfunded Commitment(2)","248,309"
"SRC048","168","36","Dorado Buyer LLC Revolver 2/6/2030","4","547","Fair Value(3)","(3,104)"
"SRC048","168","37","Loan 2/6/2026","1","341","Unfunded Commitment(2)","2,427,222"
"SRC048","168","37","Loan 2/6/2026","2","409","Fair Value(3)","(12,136)"
"SRC048","168","37","Loan 2/6/2026","3","473","Unfunded Commitment(2)","2,483,092"
"SRC048","168","37","Loan 2/6/2026","4","547","Fair Value(3)","(12,415)"
"SRC048","168","38","Loan 6/26/2026","1","341","Unfunded Commitment(2)","2,017,640"
"SRC048","168","38","Loan 6/26/2026","2","409","Fair Value(3)","(10,088)"
"SRC048","168","38","Loan 6/26/2026","3","473","Unfunded Commitment(2)","2,017,640"
"SRC048","168","39","Duetto Research, Inc Revolver 6/26/2030","1","341","Unfunded Commitment(2)","1,008,820"
"SRC048","168","39","Duetto Research, Inc Revolver 6/26/2030","2","409","Fair Value(3)","(10,088)"
"SRC048","168","39","Duetto Research, Inc Revolver 6/26/2030","3","473","Unfunded Commitment(2)","1,008,820"
"SRC048","168","39","Duetto Research, Inc Revolver 6/26/2030","4","547","Fair Value(3)","(5,044)"
"SRC048","169","1","Loan 9/10/2027","1","326","Unfunded Commitment(2)","3,564,443"
"SRC048","169","1","Loan 9/10/2027","2","408","Fair Value(3)","(8,911)"
"SRC048","169","2","EAGAN PARENT, INC Revolver 9/8/2032","1","326","Unfunded Commitment(2)","1,901,036"
"SRC048","169","2","EAGAN PARENT, INC Revolver 9/8/2032","2","408","Fair Value(3)","(9,505)"
"SRC048","169","3","EET Buyer, Inc. Revolver 11/8/2027","1","326","Unfunded Commitment(2)","1,036,629"
"SRC048","169","3","EET Buyer, Inc. Revolver 11/8/2027","2","408","Fair Value(3)","(7,775)"
"SRC048","169","3","EET Buyer, Inc. Revolver 11/8/2027","3","470","Unfunded Commitment(2)","1,036,629"
"SRC048","169","4","Loan 1/29/2027","1","326","Unfunded Commitment(2)","378,394"
"SRC048","169","4","Loan 1/29/2027","2","408","Fair Value(3)","(2,838)"
"SRC048","169","4","Loan 1/29/2027","3","470","Unfunded Commitment(2)","1,891,968"
"SRC048","169","5","Einstein Parent, Inc. Revolver 1/22/2031","1","326","Unfunded Commitment(2)","1,066,183"
"SRC048","169","5","Einstein Parent, Inc. Revolver 1/22/2031","2","408","Fair Value(3)","(23,989)"
"SRC048","169","6","Engage2Excel, Inc. Revolver 7/2/2029","1","326","Unfunded Commitment(2)","184,278"
"SRC048","169","6","Engage2Excel, Inc. Revolver 7/2/2029","2","408","Fair Value(3)","(1,382)"
"SRC048","169","6","Engage2Excel, Inc. Revolver 7/2/2029","3","470","Unfunded Commitment(2)","184,278"
"SRC048","169","6","Engage2Excel, Inc. Revolver 7/2/2029","4","545","Fair Value(3)","(1,843)"
"SRC048","169","7","Loan 12/22/2025","3","470","Unfunded Commitment(2)","441,012"
"SRC048","169","8","Enverus Holdings, Inc. Revolver 12/24/2029","3","470","Unfunded Commitment(2)","651,115"
"SRC048","169","9","Exterro, Inc. Revolver 6/1/2027","1","326","Unfunded Commitment(2)","1,107,844"
"SRC048","169","9","Exterro, Inc. Revolver 6/1/2027","3","470","Unfunded Commitment(2)","1,107,842"
"SRC048","169","10","Loan 9/10/2026","1","326","Unfunded Commitment(2)","1,408,670"
"SRC048","169","11","Faithlife, LLC Revolver 9/18/2025","3","470","Unfunded Commitment(2)","279,053"
"SRC048","169","12","Firebird Midco, Inc Revolver 7/18/2030","1","326","Unfunded Commitment(2)","1,228,520"
"SRC048","169","12","Firebird Midco, Inc Revolver 7/18/2030","2","408","Fair Value(3)","(15,356)"
"SRC048","169","12","Firebird Midco, Inc Revolver 7/18/2030","3","470","Unfunded Commitment(2)","1,228,520"
"SRC048","169","12","Firebird Midco, Inc Revolver 7/18/2030","4","545","Fair Value(3)","(15,357)"
"SRC048","169","13","FirstEnroll LLC Revolver 9/19/2031","1","326","Unfunded Commitment(2)","726,695"
"SRC048","169","13","FirstEnroll LLC Revolver 9/19/2031","2","408","Fair Value(3)","(7,267)"
"SRC048","169","14","Foundation Risk Partners, Corp. Revolver 10/29/2029","1","326","Unfunded Commitment(2)","778,547"
"SRC048","169","14","Foundation Risk Partners, Corp. Revolver 10/29/2029","3","470","Unfunded Commitment(2)","1,038,062"
"SRC048","169","15","LLC Loan 8/6/2027","1","326","Unfunded Commitment(2)","3,339,004"
"SRC048","169","15","LLC Loan 8/6/2027","2","408","Fair Value(3)","(16,695)"
"SRC048","169","16","LLC Revolver 8/8/2031","1","326","Unfunded Commitment(2)","1,113,001"
"SRC048","169","16","LLC Revolver 8/8/2031","2","408","Fair Value(3)","(8,348)"
"SRC048","169","17","LLC Revolver 11/27/2029","3","470","Unfunded Commitment(2)","415,325"
"SRC048","169","18","LLC Loan 8/25/2025","3","470","Unfunded Commitment(2)","3,813,641"
"SRC048","169","18","LLC Loan 8/25/2025","4","545","Fair Value(3)","(19,068)"
"SRC048","169","19","LLC Loan 5/1/2026","3","470","Unfunded Commitment(2)","2,790,966"
"SRC048","169","19","LLC Loan 5/1/2026","4","545","Fair Value(3)","(13,955)"
"SRC048","169","20","LLC Loan 6/30/2026","3","470","Unfunded Commitment(2)","310,107"
"SRC048","169","20","LLC Loan 6/30/2026","4","545","Fair Value(3)","(1,551)"
"SRC048","169","21","LLC Loan 2/23/2026","3","470","Unfunded Commitment(2)","753,440"
"SRC048","169","21","LLC Loan 2/23/2026","4","545","Fair Value(3)","(3,767)"
"SRC048","169","22","Fusion Holding, Corp. Revolver 9/14/2027","1","326","Unfunded Commitment(2)","620,637"
"SRC048","169","22","Fusion Holding, Corp. Revolver 9/14/2027","2","408","Fair Value(3)","(26,377)"
"SRC048","169","22","Fusion Holding, Corp. Revolver 9/14/2027","3","470","Unfunded Commitment(2)","1,379,193"
"SRC048","169","22","Fusion Holding, Corp. Revolver 9/14/2027","4","545","Fair Value(3)","(37,928)"
"SRC048","169","23","Fusion Holding, Corp. Revolver 5/22/2029","1","326","Unfunded Commitment(2)","616,037"
"SRC048","169","23","Fusion Holding, Corp. Revolver 5/22/2029","2","408","Fair Value(3)","(1,540)"
"SRC048","169","23","Fusion Holding, Corp. Revolver 5/22/2029","3","470","Unfunded Commitment(2)","840,050"
"SRC048","169","23","Fusion Holding, Corp. Revolver 5/22/2029","4","545","Fair Value(3)","(12,601)"
"SRC048","169","24","G Treasury SS LLC Revolver 6/29/2029","3","470","Unfunded Commitment(2)","914,721"
"SRC048","169","25","Loan 12/31/2025","3","470","Unfunded Commitment(2)","2,042,878"
"SRC048","169","26","Galway Borrower LLC Revolver 9/29/2028","1","326","Unfunded Commitment(2)","366,401"
"SRC048","169","26","Galway Borrower LLC Revolver 9/29/2028","2","408","Fair Value(3)","(916)"
"SRC048","169","26","Galway Borrower LLC Revolver 9/29/2028","3","470","Unfunded Commitment(2)","406,925"
"SRC048","169","26","Galway Borrower LLC Revolver 9/29/2028","4","545","Fair Value(3)","(2,035)"
"SRC048","169","27","Loan 2/6/2026","1","326","Unfunded Commitment(2)","1,095,753"
"SRC048","169","27","Loan 2/6/2026","3","470","Unfunded Commitment(2)","1,353,462"
"SRC048","169","28","Loan 4/23/2027","1","326","Unfunded Commitment(2)","1,323,099"
"SRC048","169","28","Loan 4/23/2027","2","408","Fair Value(3)","(6,615)"
"SRC048","169","29","Loan 6/29/2026","3","470","Unfunded Commitment(2)","3,787,938"
"SRC048","169","29","Loan 6/29/2026","4","545","Fair Value(3)","(28,410)"
"SRC048","169","30","GHA Buyer, Inc. Revolver 6/24/2026","3","470","Unfunded Commitment(2)","951,077"
"SRC048","169","30","GHA Buyer, Inc. Revolver 6/24/2026","4","545","Fair Value(3)","(2,378)"
"SRC048","169","31","Greenhouse Software, Inc. Revolver 9/1/2028","1","326","Unfunded Commitment(2)","1,232,251"
"SRC048","169","31","Greenhouse Software, Inc. Revolver 9/1/2028","3","470","Unfunded Commitment(2)","1,232,251"
"SRC048","169","32","Greenhouse Software, Inc. Revolver 9/1/2028","1","326","Unfunded Commitment(2)","604,499"
"SRC048","169","32","Greenhouse Software, Inc. Revolver 9/1/2028","3","470","Unfunded Commitment(2)","604,499"
"SRC048","169","33","Loan 7/2/2027","1","326","Unfunded Commitment(2)","5,752,865"
"SRC048","169","33","Loan 7/2/2027","2","408","Fair Value(3)","(28,764)"
"SRC048","169","34","Loan 11/14/2025","3","470","Unfunded Commitment(2)","8,000,382"
"SRC048","169","35","GS AcquisitionCo, Inc. Revolver 5/25/2028","1","326","Unfunded Commitment(2)","441,259"
"SRC048","169","35","GS AcquisitionCo, Inc. Revolver 5/25/2028","2","408","Fair Value(3)","(3,309)"
"SRC048","169","35","GS AcquisitionCo, Inc. Revolver 5/25/2028","3","470","Unfunded Commitment(2)","700,823"
"SRC048","169","35","GS AcquisitionCo, Inc. Revolver 5/25/2028","4","545","Fair Value(3)","(1,752)"
"SRC048","169","36","Loan 3/26/2026","1","326","Unfunded Commitment(2)","201,810"
"SRC048","169","36","Loan 3/26/2026","3","470","Unfunded Commitment(2)","250,635"
"SRC048","169","37","Heartland PPC Buyer LLC Revolver 12/12/2029","1","326","Unfunded Commitment(2)","1,389,132"
"SRC048","169","37","Heartland PPC Buyer LLC Revolver 12/12/2029","2","408","Fair Value(3)","(13,891)"
"SRC048","169","37","Heartland PPC Buyer LLC Revolver 12/12/2029","3","470","Unfunded Commitment(2)","1,006,014"
"SRC048","169","37","Heartland PPC Buyer LLC Revolver 12/12/2029","4","545","Fair Value(3)","(10,060)"
"SRC048","169","38","Loan 11/12/2027","1","326","Unfunded Commitment(2)","1,932,086"
"SRC048","169","38","Loan 11/12/2027","2","408","Fair Value(3)","(9,660)"
"SRC048","170","1","Loan 12/12/2025","3","470","Unfunded Commitment(2)","714,077"
"SRC048","170","1","Loan 12/12/2025","4","545","Fair Value(3)","(1,785)"
"SRC048","170","2","HireVue, Inc. Revolver 5/3/2029","3","470","Unfunded Commitment(2)","599,679"
"SRC048","170","2","HireVue, Inc. Revolver 5/3/2029","4","545","Fair Value(3)","(5,997)"
"SRC048","170","3","HITRUST Services, LLC Revolver 3/14/2031","1","325","Unfunded Commitment(2)","2,419,131"
"SRC048","170","3","HITRUST Services, LLC Revolver 3/14/2031","2","403","Fair Value(3)","(24,191)"
"SRC048","170","4","Honor HN Buyer, Inc. Revolver 10/15/2027","1","325","Unfunded Commitment(2)","266,081"
"SRC048","170","4","Honor HN Buyer, Inc. Revolver 10/15/2027","3","470","Unfunded Commitment(2)","266,081"
"SRC048","170","5","Loan 5/18/2026","1","325","Unfunded Commitment(2)","2,330,767"
"SRC048","170","5","Loan 5/18/2026","3","470","Unfunded Commitment(2)","3,842,299"
"SRC048","170","6","Loan 10/15/2026","1","325","Unfunded Commitment(2)","3,638,803"
"SRC048","170","6","Loan 10/15/2026","3","470","Unfunded Commitment(2)","3,638,803"
"SRC048","170","7","Iodine Software, LLC Revolver 5/19/2027","3","470","Unfunded Commitment(2)","1,089,030"
"SRC048","170","8","Loan 4/2/2027","1","325","Unfunded Commitment(2)","3,820,743"
"SRC048","170","8","Loan 4/2/2027","2","403","Fair Value(3)","(19,104)"
"SRC048","170","8","Loan 4/2/2027","3","470","Unfunded Commitment(2)","8,490,540"
"SRC048","170","8","Loan 4/2/2027","4","545","Fair Value(3)","(63,679)"
"SRC048","170","9","Joink, LLC Revolver 10/4/2030","1","325","Unfunded Commitment(2)","727,761"
"SRC048","170","9","Joink, LLC Revolver 10/4/2030","2","403","Fair Value(3)","(5,458)"
"SRC048","170","9","Joink, LLC Revolver 10/4/2030","3","470","Unfunded Commitment(2)","727,761"
"SRC048","170","9","Joink, LLC Revolver 10/4/2030","4","545","Fair Value(3)","(10,916)"
"SRC048","170","10","JS Parent, Inc. Revolver 4/24/2031","1","325","Unfunded Commitment(2)","528,354"
"SRC048","170","10","JS Parent, Inc. Revolver 4/24/2031","3","470","Unfunded Commitment(2)","528,354"
"SRC048","170","11","Loan 11/6/2028","1","325","Unfunded Commitment(2)","3,610,670"
"SRC048","170","12","Juniper Square, Inc. Revolver 11/6/2031","1","325","Unfunded Commitment(2)","1,203,557"
"SRC048","170","12","Juniper Square, Inc. Revolver 11/6/2031","2","403","Fair Value(3)","(12,036)"
"SRC048","170","13","Loan 11/8/2027","1","325","Unfunded Commitment(2)","5,416,005"
"SRC048","170","13","Loan 11/8/2027","2","403","Fair Value(3)","(27,080)"
"SRC048","170","14","Kalkomey Borrower, LLC Revolver 6/18/2031","1","325","Unfunded Commitment(2)","1,464,749"
"SRC048","170","14","Kalkomey Borrower, LLC Revolver 6/18/2031","2","403","Fair Value(3)","(14,647)"
"SRC048","170","14","Kalkomey Borrower, LLC Revolver 6/18/2031","3","470","Unfunded Commitment(2)","1,464,749"
"SRC048","170","14","Kalkomey Borrower, LLC Revolver 6/18/2031","4","545","Fair Value(3)","(14,647)"
"SRC048","170","15","Loan 6/18/2026","1","325","Unfunded Commitment(2)","1,830,937"
"SRC048","170","15","Loan 6/18/2026","2","403","Fair Value(3)","(9,155)"
"SRC048","170","15","Loan 6/18/2026","3","470","Unfunded Commitment(2)","1,830,937"
"SRC048","170","15","Loan 6/18/2026","4","545","Fair Value(3)","(4,577)"
"SRC048","170","16","Loan 6/23/2025","3","470","Unfunded Commitment(2)","473,761"
"SRC048","170","17","Kaseya Inc. Revolver 6/25/2029","3","470","Unfunded Commitment(2)","477,582"
"SRC048","170","18","KPA Parent Holdings, Inc Revolver 3/12/2032","1","325","Unfunded Commitment(2)","1,036,180"
"SRC048","170","19","Loan 3/15/2027","1","325","Unfunded Commitment(2)","1,480,258"
"SRC048","170","20","Labvantage Solutions Inc. Revolver 11/23/2030","1","325","Unfunded Commitment(2)","1,522,509"
"SRC048","170","20","Labvantage Solutions Inc. Revolver 11/23/2030","2","403","Fair Value(3)","(11,419)"
"SRC048","170","20","Labvantage Solutions Inc. Revolver 11/23/2030","3","470","Unfunded Commitment(2)","951,568"
"SRC048","170","20","Labvantage Solutions Inc. Revolver 11/23/2030","4","545","Fair Value(3)","(14,274)"
"SRC048","170","21","LLC Loan 6/30/2027","1","325","Unfunded Commitment(2)","4,861,503"
"SRC048","170","22","LLC Revolver 3/31/2031","1","325","Unfunded Commitment(2)","1,720,521"
"SRC048","170","22","LLC Revolver 3/31/2031","2","403","Fair Value(3)","(4,301)"
"SRC048","170","23","Loan 6/23/2027","1","325","Unfunded Commitment(2)","2,465,662"
"SRC048","170","24","LeadVenture, Inc. Revolver 6/23/2032","1","325","Unfunded Commitment(2)","1,472,037"
"SRC048","170","25","Loan 3/5/2027","1","325","Unfunded Commitment(2)","2,404,526"
"SRC048","170","25","Loan 3/5/2027","2","403","Fair Value(3)","(12,023)"
"SRC048","170","26","Level Data, LLC Revolver 3/5/2031","1","325","Unfunded Commitment(2)","420,792"
"SRC048","170","26","Level Data, LLC Revolver 3/5/2031","2","403","Fair Value(3)","(4,208)"
"SRC048","170","27","Loan 11/23/2026","1","325","Unfunded Commitment(2)","1,567,473"
"SRC048","170","27","Loan 11/23/2026","2","403","Fair Value(3)","(11,756)"
"SRC048","170","27","Loan 11/23/2026","3","470","Unfunded Commitment(2)","7,997,309"
"SRC048","170","27","Loan 11/23/2026","4","545","Fair Value(3)","(39,987)"
"SRC048","170","28","LivTech Purchaser, Inc. Revolver 11/24/2031","1","325","Unfunded Commitment(2)","1,999,327"
"SRC048","170","28","LivTech Purchaser, Inc. Revolver 11/24/2031","2","403","Fair Value(3)","(14,995)"
"SRC048","170","28","LivTech Purchaser, Inc. Revolver 11/24/2031","3","470","Unfunded Commitment(2)","1,999,327"
"SRC048","170","28","LivTech Purchaser, Inc. Revolver 11/24/2031","4","545","Fair Value(3)","(19,993)"
"SRC048","170","29","Loan 1/19/2026","1","325","Unfunded Commitment(2)","3,767,841"
"SRC048","170","29","Loan 1/19/2026","2","403","Fair Value(3)","(395,623)"
"SRC048","170","29","Loan 1/19/2026","3","470","Unfunded Commitment(2)","3,767,841"
"SRC048","170","29","Loan 1/19/2026","4","545","Fair Value(3)","(18,839)"
"SRC048","170","30","Lotus HPI Buyer, Inc Revolver 1/21/2030","3","470","Unfunded Commitment(2)","1,883,921"
"SRC048","170","30","Lotus HPI Buyer, Inc Revolver 1/21/2030","4","545","Fair Value(3)","(32,969)"
"SRC048","170","31","Magaya Corporation Revolver 7/26/2030","1","325","Unfunded Commitment(2)","245,704"
"SRC048","170","31","Magaya Corporation Revolver 7/26/2030","2","403","Fair Value(3)","(4,914)"
"SRC048","170","31","Magaya Corporation Revolver 7/26/2030","3","470","Unfunded Commitment(2)","921,390"
"SRC048","170","31","Magaya Corporation Revolver 7/26/2030","4","545","Fair Value(3)","(9,214)"
"SRC048","170","32","Loan 7/24/2026","1","325","Unfunded Commitment(2)","2,314,841"
"SRC048","170","32","Loan 7/24/2026","2","403","Fair Value(3)","(34,723)"
"SRC048","170","32","Loan 7/24/2026","3","470","Unfunded Commitment(2)","2,457,041"
"SRC048","170","32","Loan 7/24/2026","4","545","Fair Value(3)","(12,285)"
"SRC048","170","33","Mastery Acquisition Corp. Revolver 9/7/2029","1","325","Unfunded Commitment(2)","851,781"
"SRC048","170","33","Mastery Acquisition Corp. Revolver 9/7/2029","3","470","Unfunded Commitment(2)","851,781"
"SRC048","170","34","Loan 4/30/2026","1","325","Unfunded Commitment(2)","802,394"
"SRC048","170","34","Loan 4/30/2026","3","470","Unfunded Commitment(2)","802,394"
"SRC048","171","1","Mavenlink, Inc. Revolver 6/1/2029","1","332","Unfunded Commitment(2)","715,926"
"SRC048","171","1","Mavenlink, Inc. Revolver 6/1/2029","2","408","Fair Value(3)","(17,898)"
"SRC048","171","1","Mavenlink, Inc. Revolver 6/1/2029","3","467","Unfunded Commitment(2)","357,963"
"SRC048","171","1","Mavenlink, Inc. Revolver 6/1/2029","4","550","Fair Value(3)","(9,844)"
"SRC048","171","2","MBS Holdings, Inc. Revolver 4/16/2027","1","332","Unfunded Commitment(2)","974,169"
"SRC048","171","2","MBS Holdings, Inc. Revolver 4/16/2027","2","408","Fair Value(3)","(2,435)"
"SRC048","171","2","MBS Holdings, Inc. Revolver 4/16/2027","3","467","Unfunded Commitment(2)","857,269"
"SRC048","171","3","MedBridge Holdings, LLC Revolver 12/23/2026","1","332","Unfunded Commitment(2)","1,376,227"
"SRC048","171","3","MedBridge Holdings, LLC Revolver 12/23/2026","3","467","Unfunded Commitment(2)","1,376,227"
"SRC048","171","4","MediaLab Solutions, LLC Revolver 8/11/2031","1","332","Unfunded Commitment(2)","769,796"
"SRC048","171","4","MediaLab Solutions, LLC Revolver 8/11/2031","2","408","Fair Value(3)","(7,698)"
"SRC048","171","5","Group, L.L.C. Revolver 9/30/2026","1","332","Unfunded Commitment(2)","189,849"
"SRC048","171","5","Group, L.L.C. Revolver 9/30/2026","2","408","Fair Value(3)","(1,898)"
"SRC048","171","5","Group, L.L.C. Revolver 9/30/2026","3","467","Unfunded Commitment(2)","113,909"
"SRC048","171","5","Group, L.L.C. Revolver 9/30/2026","4","550","Fair Value(3)","(1,424)"
"SRC048","171","6","Millin Purchaser, LLC) Revolver 10/22/2026","1","332","Unfunded Commitment(2)","680,400"
"SRC048","171","6","Millin Purchaser, LLC) Revolver 10/22/2026","2","408","Fair Value(3)","(1,701)"
"SRC048","171","6","Millin Purchaser, LLC) Revolver 10/22/2026","3","467","Unfunded Commitment(2)","680,400"
"SRC048","171","6","Millin Purchaser, LLC) Revolver 10/22/2026","4","550","Fair Value(3)","(10,206)"
"SRC048","171","7","Millin Purchaser, LLC) Loan 11/8/2025","3","467","Unfunded Commitment(2)","2,953,911"
"SRC048","171","7","Millin Purchaser, LLC) Loan 11/8/2025","4","550","Fair Value(3)","(29,539)"
"SRC048","171","8","Mist Holding Co. Revolver 12/23/2030","1","332","Unfunded Commitment(2)","904,795"
"SRC048","171","8","Mist Holding Co. Revolver 12/23/2030","3","467","Unfunded Commitment(2)","904,795"
"SRC048","171","8","Mist Holding Co. Revolver 12/23/2030","4","550","Fair Value(3)","(9,048)"
"SRC048","171","9","Loan 8/12/2028","1","332","Unfunded Commitment(2)","2,547,120"
"SRC048","171","10","Loan 12/31/2025","3","467","Unfunded Commitment(2)","1,195,838"
"SRC048","171","10","Loan 12/31/2025","4","550","Fair Value(3)","(5,979)"
"SRC048","171","11","Loan 12/23/2027","3","467","Unfunded Commitment(2)","2,714,386"
"SRC048","171","11","Loan 12/23/2027","4","550","Fair Value(3)","(13,572)"
"SRC048","171","12","MMP Intermediate, LLC Revolver 2/15/2029","1","332","Unfunded Commitment(2)","552,880"
"SRC048","171","12","MMP Intermediate, LLC Revolver 2/15/2029","3","467","Unfunded Commitment(2)","552,880"
"SRC048","171","12","MMP Intermediate, LLC Revolver 2/15/2029","4","550","Fair Value(3)","(1,382)"
"SRC048","171","13","Moon Buyer, Inc. Revolver 4/21/2031","1","332","Unfunded Commitment(2)","1,779,259"
"SRC048","171","13","Moon Buyer, Inc. Revolver 4/21/2031","3","467","Unfunded Commitment(2)","1,779,259"
"SRC048","171","13","Moon Buyer, Inc. Revolver 4/21/2031","4","550","Fair Value(3)","(13,344)"
"SRC048","171","14","Loan 11/2/2026","1","332","Unfunded Commitment(2)","2,083,094"
"SRC048","171","14","Loan 11/2/2026","3","467","Unfunded Commitment(2)","2,630,169"
"SRC048","171","15","Mr. Greens Intermediate, LLC Revolver 5/1/2031","1","332","Unfunded Commitment(2)","805,570"
"SRC048","171","15","Mr. Greens Intermediate, LLC Revolver 5/1/2031","3","467","Unfunded Commitment(2)","1,052,068"
"SRC048","171","16","MSP Global Holdings, Inc. Revolver 4/9/2029","1","332","Unfunded Commitment(2)","1,212,693"
"SRC048","171","16","MSP Global Holdings, Inc. Revolver 4/9/2029","2","408","Fair Value(3)","(18,190)"
"SRC048","171","16","MSP Global Holdings, Inc. Revolver 4/9/2029","3","467","Unfunded Commitment(2)","1,394,234"
"SRC048","171","16","MSP Global Holdings, Inc. Revolver 4/9/2029","4","550","Fair Value(3)","(3,486)"
"SRC048","171","17","Loan 4/8/2026","1","332","Unfunded Commitment(2)","1,211,850"
"SRC048","171","17","Loan 4/8/2026","2","408","Fair Value(3)","(18,178)"
"SRC048","171","17","Loan 4/8/2026","3","467","Unfunded Commitment(2)","1,211,850"
"SRC048","171","17","Loan 4/8/2026","4","550","Fair Value(3)","(3,030)"
"SRC048","171","18","MyKaarma Acquisition LLC Revolver 12/24/2030","1","332","Unfunded Commitment(2)","1,188,307"
"SRC048","171","18","MyKaarma Acquisition LLC Revolver 12/24/2030","3","467","Unfunded Commitment(2)","593,215"
"SRC048","171","19","Nasuni Corporation Revolver 9/10/2030","1","332","Unfunded Commitment(2)","2,619,806"
"SRC048","171","19","Nasuni Corporation Revolver 9/10/2030","2","408","Fair Value(3)","(32,748)"
"SRC048","171","19","Nasuni Corporation Revolver 9/10/2030","3","467","Unfunded Commitment(2)","2,619,806"
"SRC048","171","19","Nasuni Corporation Revolver 9/10/2030","4","550","Fair Value(3)","(39,297)"
"SRC048","171","20","Navigate360, LLC Revolver 3/17/2027","1","332","Unfunded Commitment(2)","604,235"
"SRC048","171","20","Navigate360, LLC Revolver 3/17/2027","2","408","Fair Value(3)","(3,021)"
"SRC048","171","20","Navigate360, LLC Revolver 3/17/2027","3","467","Unfunded Commitment(2)","604,235"
"SRC048","171","20","Navigate360, LLC Revolver 3/17/2027","4","550","Fair Value(3)","(4,532)"
"SRC048","171","21","Loan 3/6/2025","3","467","Unfunded Commitment(2)","2,035,925"
"SRC048","171","22","NC Topco, LLC Revolver 9/1/2031","1","332","Unfunded Commitment(2)","1,291,959"
"SRC048","171","22","NC Topco, LLC Revolver 9/1/2031","3","467","Unfunded Commitment(2)","1,291,959"
"SRC048","171","22","NC Topco, LLC Revolver 9/1/2031","4","550","Fair Value(3)","(9,690)"
"SRC048","171","23","Loan 8/31/2026","1","332","Unfunded Commitment(2)","3,229,897"
"SRC048","171","23","Loan 8/31/2026","3","467","Unfunded Commitment(2)","3,229,897"
"SRC048","171","23","Loan 8/31/2026","4","550","Fair Value(3)","(24,224)"
"SRC048","171","24","Netwrix Corporation Revolver 6/11/2029","1","332","Unfunded Commitment(2)","774,755"
"SRC048","171","24","Netwrix Corporation Revolver 6/11/2029","2","408","Fair Value(3)","(1,937)"
"SRC048","171","24","Netwrix Corporation Revolver 6/11/2029","3","467","Unfunded Commitment(2)","774,755"
"SRC048","171","25","Loan 12/16/2026","1","332","Unfunded Commitment(2)","735,566"
"SRC048","171","25","Loan 12/16/2026","3","467","Unfunded Commitment(2)","1,626,914"
"SRC048","171","26","Next Holdco, LLC Revolver 11/9/2029","1","332","Unfunded Commitment(2)","893,559"
"SRC048","171","26","Next Holdco, LLC Revolver 11/9/2029","2","408","Fair Value(3)","(15,637)"
"SRC048","171","26","Next Holdco, LLC Revolver 11/9/2029","3","467","Unfunded Commitment(2)","893,559"
"SRC048","171","27","Loan 11/7/2025","3","467","Unfunded Commitment(2)","2,380,798"
"SRC048","171","28","OPOC Acquisition, LLC Revolver 12/20/2030","1","332","Unfunded Commitment(2)","605,987"
"SRC048","171","28","OPOC Acquisition, LLC Revolver 12/20/2030","2","408","Fair Value(3)","(6,060)"
"SRC048","171","28","OPOC Acquisition, LLC Revolver 12/20/2030","3","467","Unfunded Commitment(2)","545,389"
"SRC048","171","28","OPOC Acquisition, LLC Revolver 12/20/2030","4","550","Fair Value(3)","(8,181)"
"SRC048","171","29","Loan 12/21/2026","1","332","Unfunded Commitment(2)","1,333,172"
"SRC048","171","29","Loan 12/21/2026","2","408","Fair Value(3)","(3,333)"
"SRC048","171","29","Loan 12/21/2026","3","467","Unfunded Commitment(2)","1,514,969"
"SRC048","171","29","Loan 12/21/2026","4","550","Fair Value(3)","(11,362)"
"SRC048","171","30","Pace Health Companies, LLC Revolver 8/2/2027","1","332","Unfunded Commitment(2)","616,682"
"SRC048","171","30","Pace Health Companies, LLC Revolver 8/2/2027","3","467","Unfunded Commitment(2)","616,682"
"SRC048","171","31","Loan 6/2/2027","1","332","Unfunded Commitment(2)","888,879"
"SRC048","171","31","Loan 6/2/2027","3","467","Unfunded Commitment(2)","888,879"
"SRC048","171","32","Loan 6/2/2027","1","332","Unfunded Commitment(2)","1,708,092"
"SRC048","171","33","Pamlico Avant Holdings, L.P. Revolver 12/31/2032","1","332","Unfunded Commitment(2)","1,988,317"
"SRC048","171","33","Pamlico Avant Holdings, L.P. Revolver 12/31/2032","2","408","Fair Value(3)","(19,883)"
"SRC048","171","34","Patriot Acquireco L.L.C. Revolver 9/3/2032","1","332","Unfunded Commitment(2)","1,020,792"
"SRC048","171","34","Patriot Acquireco L.L.C. Revolver 9/3/2032","2","408","Fair Value(3)","(10,208)"
"SRC048","171","35","PDI TA Holdings, Inc Revolver 2/3/2031","1","332","Unfunded Commitment(2)","251,620"
"SRC048","171","35","PDI TA Holdings, Inc Revolver 2/3/2031","2","408","Fair Value(3)","(3,774)"
"SRC048","171","35","PDI TA Holdings, Inc Revolver 2/3/2031","3","467","Unfunded Commitment(2)","943,575"
"SRC048","171","35","PDI TA Holdings, Inc Revolver 2/3/2031","4","550","Fair Value(3)","(4,718)"
"SRC048","171","36","Loan 2/1/2026","3","467","Unfunded Commitment(2)","952,365"
"SRC048","171","37","Penn TRGRP Holdings LLC Revolver 9/27/2030","1","332","Unfunded Commitment(2)","474,455"
"SRC048","171","37","Penn TRGRP Holdings LLC Revolver 9/27/2030","2","408","Fair Value(3)","(21,350)"
"SRC048","171","37","Penn TRGRP Holdings LLC Revolver 9/27/2030","3","467","Unfunded Commitment(2)","1,054,345"
"SRC048","172","1","Loan 9/27/2030","1","325","Unfunded Commitment(2)","488,766"
"SRC048","172","1","Loan 9/27/2030","2","403","Fair Value(3)","(21,994)"
"SRC048","172","1","Loan 9/27/2030","3","467","Unfunded Commitment(2)","419,066"
"SRC048","172","2","Loan 6/22/2026","1","325","Unfunded Commitment(2)","5,547,689"
"SRC048","172","2","Loan 6/22/2026","3","467","Unfunded Commitment(2)","6,934,611"
"SRC048","172","2","Loan 6/22/2026","4","545","Fair Value(3)","(69,346)"
"SRC048","172","3","Loan 11/4/2027","1","325","Unfunded Commitment(2)","458,852"
"SRC048","172","3","Loan 11/4/2027","3","467","Unfunded Commitment(2)","632,098"
"SRC048","172","4","Pieper Memorial, LLC Revolver 11/2/2028","1","325","Unfunded Commitment(2)","986,852"
"SRC048","172","5","Loan 11/4/2027","1","325","Unfunded Commitment(2)","9,251,740"
"SRC048","172","6","Ping Identity Holding Corp. Revolver 10/17/2028","3","467","Unfunded Commitment(2)","1,203,345"
"SRC048","172","7","QualDerm Partners, LLC Revolver 12/8/2026","1","325","Unfunded Commitment(2)","422,475"
"SRC048","172","7","QualDerm Partners, LLC Revolver 12/8/2026","2","403","Fair Value(3)","(5,281)"
"SRC048","172","8","Pinnacle Treatment Centers, Inc. Revolver 1/4/2027","1","325","Unfunded Commitment(2)","404,224"
"SRC048","172","8","Pinnacle Treatment Centers, Inc. Revolver 1/4/2027","2","403","Fair Value(3)","(9,095)"
"SRC048","172","8","Pinnacle Treatment Centers, Inc. Revolver 1/4/2027","3","467","Unfunded Commitment(2)","474,524"
"SRC048","172","8","Pinnacle Treatment Centers, Inc. Revolver 1/4/2027","4","545","Fair Value(3)","(2,373)"
"SRC048","172","9","Loan 11/15/2027","1","325","Unfunded Commitment(2)","2,612,992"
"SRC048","172","9","Loan 11/15/2027","2","403","Fair Value(3)","(13,065)"
"SRC048","172","10","Point Quest Group, Inc Revolver 11/13/2031","1","325","Unfunded Commitment(2)","1,567,795"
"SRC048","172","10","Point Quest Group, Inc Revolver 11/13/2031","2","403","Fair Value(3)","(15,678)"
"SRC048","172","11","L.P. Loan 7/15/2026","1","325","Unfunded Commitment(2)","2,541,108"
"SRC048","172","11","L.P. Loan 7/15/2026","3","467","Unfunded Commitment(2)","2,600,963"
"SRC048","172","12","Quest Analytics Inc. Revolver 11/10/2032","1","325","Unfunded Commitment(2)","2,756,319"
"SRC048","172","12","Quest Analytics Inc. Revolver 11/10/2032","2","403","Fair Value(3)","(13,782)"
"SRC048","172","13","Loan 11/10/2027","1","325","Unfunded Commitment(2)","6,890,797"
"SRC048","172","13","Loan 11/10/2027","2","403","Fair Value(3)","(17,227)"
"SRC048","172","14","Loan 11/12/2027","1","325","Unfunded Commitment(2)","1,035,511"
"SRC048","172","14","Loan 11/12/2027","2","403","Fair Value(3)","(5,178)"
"SRC048","172","15","Race Finco, LLC Revolver 8/16/2029","1","325","Unfunded Commitment(2)","609,798"
"SRC048","172","15","Race Finco, LLC Revolver 8/16/2029","2","403","Fair Value(3)","(12,196)"
"SRC048","172","15","Race Finco, LLC Revolver 8/16/2029","3","467","Unfunded Commitment(2)","609,798"
"SRC048","172","15","Race Finco, LLC Revolver 8/16/2029","4","545","Fair Value(3)","(13,720)"
"SRC048","172","16","Loan 8/17/2026","1","325","Unfunded Commitment(2)","7,853,011"
"SRC048","172","16","Loan 8/17/2026","2","403","Fair Value(3)","(78,530)"
"SRC048","172","16","Loan 8/17/2026","3","467","Unfunded Commitment(2)","11,043,296"
"SRC048","172","16","Loan 8/17/2026","4","545","Fair Value(3)","(82,825)"
"SRC048","172","17","Ranger Buyer, Inc. Revolver 11/18/2027","1","325","Unfunded Commitment(2)","1,199,233"
"SRC048","172","17","Ranger Buyer, Inc. Revolver 11/18/2027","3","467","Unfunded Commitment(2)","1,199,233"
"SRC048","172","18","Inc. Revolver 6/19/2028","1","325","Unfunded Commitment(2)","588,705"
"SRC048","172","18","Inc. Revolver 6/19/2028","3","467","Unfunded Commitment(2)","588,705"
"SRC048","172","18","Inc. Revolver 6/19/2028","4","545","Fair Value(3)","(1,472)"
"SRC048","172","19","Holdings, Inc. Revolver 5/30/2031","1","325","Unfunded Commitment(2)","2,451,325"
"SRC048","172","19","Holdings, Inc. Revolver 5/30/2031","2","403","Fair Value(3)","(6,128)"
"SRC048","172","19","Holdings, Inc. Revolver 5/30/2031","3","467","Unfunded Commitment(2)","1,099,640"
"SRC048","172","20","Inc. Loan 5/7/2027","1","325","Unfunded Commitment(2)","4,144,298"
"SRC048","172","20","Inc. Loan 5/7/2027","2","403","Fair Value(3)","(20,721)"
"SRC048","172","21","Loan 3/30/2027","1","325","Unfunded Commitment(2)","2,227,866"
"SRC048","172","21","Loan 3/30/2027","3","467","Unfunded Commitment(2)","2,227,866"
"SRC048","172","21","Loan 3/30/2027","4","545","Fair Value(3)","(16,709)"
"SRC048","172","22","Ridge Trail US Bidco, Inc. Revolver 3/30/2031","1","325","Unfunded Commitment(2)","542,114"
"SRC048","172","22","Ridge Trail US Bidco, Inc. Revolver 3/30/2031","3","467","Unfunded Commitment(2)","542,114"
"SRC048","172","22","Ridge Trail US Bidco, Inc. Revolver 3/30/2031","4","545","Fair Value(3)","(8,132)"
"SRC048","172","23","Saab Purchaser, Inc. Revolver 11/12/2031","1","325","Unfunded Commitment(2)","2,699,315"
"SRC048","172","23","Saab Purchaser, Inc. Revolver 11/12/2031","3","467","Unfunded Commitment(2)","2,581,028"
"SRC048","172","23","Saab Purchaser, Inc. Revolver 11/12/2031","4","545","Fair Value(3)","(25,810)"
"SRC048","172","24","Loan 9/22/2027","1","325","Unfunded Commitment(2)","887,146"
"SRC048","172","25","Loan 11/12/2026","3","467","Unfunded Commitment(2)","5,162,057"
"SRC048","172","25","Loan 11/12/2026","4","545","Fair Value(3)","(25,810)"
"SRC048","172","26","Holdings LLC Loan 11/24/2025","3","467","Unfunded Commitment(2)","3,956,233"
"SRC048","172","27","Holdings LLC Revolver 9/15/2028","1","325","Unfunded Commitment(2)","1,354,000"
"SRC048","172","27","Holdings LLC Revolver 9/15/2028","3","467","Unfunded Commitment(2)","1,758,865"
"SRC048","172","27","Holdings LLC Revolver 9/15/2028","4","545","Fair Value(3)","(13,191)"
"SRC048","172","28","Loan 8/18/2027","1","325","Unfunded Commitment(2)","3,112,637"
"SRC048","172","29","Salisbury House, LLC Revolver 8/18/2032","1","325","Unfunded Commitment(2)","1,763,828"
"SRC048","172","29","Salisbury House, LLC Revolver 8/18/2032","2","403","Fair Value(3)","(17,638)"
"SRC048","172","30","Salisbury House, LLC Revolver 2/27/2026","3","467","Unfunded Commitment(2)","449,472"
"SRC048","172","31","Loan 7/1/2026","1","325","Unfunded Commitment(2)","156,340"
"SRC048","172","32","Sapphire Software Buyer, Inc. Revolver 9/30/2031","1","325","Unfunded Commitment(2)","1,723,759"
"SRC048","172","32","Sapphire Software Buyer, Inc. Revolver 9/30/2031","2","403","Fair Value(3)","(12,928)"
"SRC048","172","32","Sapphire Software Buyer, Inc. Revolver 9/30/2031","3","467","Unfunded Commitment(2)","1,723,759"
"SRC048","172","32","Sapphire Software Buyer, Inc. Revolver 9/30/2031","4","545","Fair Value(3)","(17,238)"
"SRC048","172","33","Sauce Labs Inc Revolver 8/16/2027","1","325","Unfunded Commitment(2)","1,281,821"
"SRC048","172","33","Sauce Labs Inc Revolver 8/16/2027","2","403","Fair Value(3)","(35,250)"
"SRC048","172","33","Sauce Labs Inc Revolver 8/16/2027","3","467","Unfunded Commitment(2)","1,281,821"
"SRC048","172","33","Sauce Labs Inc Revolver 8/16/2027","4","545","Fair Value(3)","(28,841)"
"SRC048","172","34","Loan 2/10/2025","3","467","Unfunded Commitment(2)","1,509,281"
"SRC048","172","34","Loan 2/10/2025","4","545","Fair Value(3)","(18,866)"
"SRC048","172","35","Saviynt, Inc. Revolver 2/18/2030","1","325","Unfunded Commitment(2)","609,798"
"SRC048","172","35","Saviynt, Inc. Revolver 2/18/2030","3","467","Unfunded Commitment(2)","609,798"
"SRC048","172","35","Saviynt, Inc. Revolver 2/18/2030","4","545","Fair Value(3)","(1,525)"
"SRC048","172","36","Loan 8/20/2027","1","325","Unfunded Commitment(2)","7,475,854"
"SRC048","172","36","Loan 8/20/2027","2","403","Fair Value(3)","(130,827)"
"SRC048","172","36","Loan 8/20/2027","3","467","Unfunded Commitment(2)","7,475,854"
"SRC048","172","36","Loan 8/20/2027","4","545","Fair Value(3)","(56,069)"
"SRC048","172","37","Second Nature Brands, Inc. Revolver 2/6/2031","1","325","Unfunded Commitment(2)","608,642"
"SRC048","172","37","Second Nature Brands, Inc. Revolver 2/6/2031","2","403","Fair Value(3)","(4,565)"
"SRC048","173","1","Securonix, Inc Revolver 4/5/2029","1","325","Unfunded Commitment(2)","1,538,337"
"SRC048","173","1","Securonix, Inc Revolver 4/5/2029","2","408","Fair Value(3)","(323,051)"
"SRC048","173","1","Securonix, Inc Revolver 4/5/2029","3","473","Unfunded Commitment(2)","1,503,677"
"SRC048","173","1","Securonix, Inc Revolver 4/5/2029","4","550","Fair Value(3)","(251,866)"
"SRC048","173","2","Serrano Parent, LLC Revolver 5/13/2030","1","325","Unfunded Commitment(2)","2,085,981"
"SRC048","173","2","Serrano Parent, LLC Revolver 5/13/2030","2","408","Fair Value(3)","(93,869)"
"SRC048","173","2","Serrano Parent, LLC Revolver 5/13/2030","3","473","Unfunded Commitment(2)","2,085,981"
"SRC048","173","2","Serrano Parent, LLC Revolver 5/13/2030","4","550","Fair Value(3)","(41,720)"
"SRC048","173","3","Single Digits, Inc. Revolver 6/22/2026","1","325","Unfunded Commitment(2)","416,149"
"SRC048","173","3","Single Digits, Inc. Revolver 6/22/2026","3","473","Unfunded Commitment(2)","416,149"
"SRC048","173","4","Slipstream IT, LLC Revolver 8/1/2031","1","325","Unfunded Commitment(2)","1,132,053"
"SRC048","173","4","Slipstream IT, LLC Revolver 8/1/2031","2","408","Fair Value(3)","(11,321)"
"SRC048","173","5","Loan 8/2/2027","1","325","Unfunded Commitment(2)","1,132,053"
"SRC048","173","5","Loan 8/2/2027","2","408","Fair Value(3)","(5,660)"
"SRC048","173","6","Smile Brands, Inc. Revolver 10/12/2027","1","325","Unfunded Commitment(2)","16,215"
"SRC048","173","6","Smile Brands, Inc. Revolver 10/12/2027","2","408","Fair Value(3)","(1,662)"
"SRC048","173","6","Smile Brands, Inc. Revolver 10/12/2027","3","473","Unfunded Commitment(2)","21,927"
"SRC048","173","6","Smile Brands, Inc. Revolver 10/12/2027","4","550","Fair Value(3)","(2,193)"
"SRC048","173","7","Soladoc, LLC Revolver 6/12/2028","1","325","Unfunded Commitment(2)","588,923"
"SRC048","173","7","Soladoc, LLC Revolver 6/12/2028","2","408","Fair Value(3)","(11,778)"
"SRC048","173","7","Soladoc, LLC Revolver 6/12/2028","3","473","Unfunded Commitment(2)","588,923"
"SRC048","173","7","Soladoc, LLC Revolver 6/12/2028","4","550","Fair Value(3)","(19,140)"
"SRC048","173","8","Spark DSO, LLC Revolver 4/20/2026","3","473","Unfunded Commitment(2)","561,561"
"SRC048","173","8","Spark DSO, LLC Revolver 4/20/2026","4","550","Fair Value(3)","(8,423)"
"SRC048","173","9","Loan 12/23/2026","1","325","Unfunded Commitment(2)","3,003,053"
"SRC048","173","9","Loan 12/23/2026","3","473","Unfunded Commitment(2)","3,833,685"
"SRC048","173","10","Stratus Networks, Inc. Revolver 12/15/2028","1","325","Unfunded Commitment(2)","990,098"
"SRC048","173","10","Stratus Networks, Inc. Revolver 12/15/2028","2","408","Fair Value(3)","(2,475)"
"SRC048","173","10","Stratus Networks, Inc. Revolver 12/15/2028","3","473","Unfunded Commitment(2)","990,098"
"SRC048","173","10","Stratus Networks, Inc. Revolver 12/15/2028","4","550","Fair Value(3)","(4,950)"
"SRC048","173","11","Loan 12/23/2026","3","473","Unfunded Commitment(2)","330,033"
"SRC048","173","11","Loan 12/23/2026","4","550","Fair Value(3)","(825)"
"SRC048","173","12","SugarCrm, Inc. Revolver 7/30/2027","1","325","Unfunded Commitment(2)","310,244"
"SRC048","173","12","SugarCrm, Inc. Revolver 7/30/2027","2","408","Fair Value(3)","(1,551)"
"SRC048","173","12","SugarCrm, Inc. Revolver 7/30/2027","3","473","Unfunded Commitment(2)","310,244"
"SRC048","173","12","SugarCrm, Inc. Revolver 7/30/2027","4","550","Fair Value(3)","(3,102)"
"SRC048","173","13","Loan 10/27/2025","3","473","Unfunded Commitment(2)","2,522,050"
"SRC048","173","14","Sundance Group Holdings, Inc. Revolver 7/2/2029","1","325","Unfunded Commitment(2)","2,197,666"
"SRC048","173","14","Sundance Group Holdings, Inc. Revolver 7/2/2029","2","408","Fair Value(3)","(5,494)"
"SRC048","173","14","Sundance Group Holdings, Inc. Revolver 7/2/2029","3","473","Unfunded Commitment(2)","1,593,384"
"SRC048","173","15","Loan 2/1/2027","1","325","Unfunded Commitment(2)","1,837,594"
"SRC048","173","16","Tau Buyer, LLC Revolver 2/2/2032","1","325","Unfunded Commitment(2)","1,702,477"
"SRC048","173","16","Tau Buyer, LLC Revolver 2/2/2032","2","408","Fair Value(3)","(4,256)"
"SRC048","173","17","Telcor Buyer, Inc. Revolver 8/20/2027","1","325","Unfunded Commitment(2)","290,770"
"SRC048","173","17","Telcor Buyer, Inc. Revolver 8/20/2027","3","473","Unfunded Commitment(2)","290,770"
"SRC048","173","18","Telesoft Holdings, LLC Revolver 12/16/2026","1","325","Unfunded Commitment(2)","507,336"
"SRC048","173","18","Telesoft Holdings, LLC Revolver 12/16/2026","2","408","Fair Value(3)","(1,268)"
"SRC048","173","18","Telesoft Holdings, LLC Revolver 12/16/2026","3","473","Unfunded Commitment(2)","447,650"
"SRC048","173","18","Telesoft Holdings, LLC Revolver 12/16/2026","4","550","Fair Value(3)","(2,238)"
"SRC048","173","19","Thrive Buyer, Inc. Revolver 1/22/2027","3","473","Unfunded Commitment(2)","369,907"
"SRC048","173","20","TMA Buyer LLC Revolver 4/30/2031","1","325","Unfunded Commitment(2)","1,208,250"
"SRC048","173","20","TMA Buyer LLC Revolver 4/30/2031","2","408","Fair Value(3)","(12,082)"
"SRC048","173","21","Loan 4/30/2027","1","325","Unfunded Commitment(2)","936,394"
"SRC048","173","22","ToolWatch Intermediate, LLC Revolver 7/31/2030","1","325","Unfunded Commitment(2)","1,228,520"
"SRC048","173","22","ToolWatch Intermediate, LLC Revolver 7/31/2030","2","408","Fair Value(3)","(6,143)"
"SRC048","173","22","ToolWatch Intermediate, LLC Revolver 7/31/2030","3","473","Unfunded Commitment(2)","1,228,520"
"SRC048","173","22","ToolWatch Intermediate, LLC Revolver 7/31/2030","4","550","Fair Value(3)","(18,428)"
"SRC048","173","23","Loan 7/31/2026","3","473","Unfunded Commitment(2)","857,591"
"SRC048","173","23","Loan 7/31/2026","4","550","Fair Value(3)","(12,864)"
"SRC048","173","24","Loan 7/17/2026","1","325","Unfunded Commitment(2)","2,277,098"
"SRC048","173","24","Loan 7/17/2026","3","473","Unfunded Commitment(2)","3,903,596"
"SRC048","173","25","UFS, LLC Revolver 10/10/2031","1","325","Unfunded Commitment(2)","524,018"
"SRC048","173","25","UFS, LLC Revolver 10/10/2031","2","408","Fair Value(3)","(5,240)"
"SRC048","173","26","Loan 12/9/2026","1","325","Unfunded Commitment(2)","1,086,591"
"SRC048","173","26","Loan 12/9/2026","2","408","Fair Value(3)","(10,866)"
"SRC048","173","26","Loan 12/9/2026","3","473","Unfunded Commitment(2)","1,939,439"
"SRC048","173","26","Loan 12/9/2026","4","550","Fair Value(3)","(19,394)"
"SRC048","173","27","Unanet, Inc Revolver 12/9/2030","1","325","Unfunded Commitment(2)","2,063,584"
"SRC048","173","27","Unanet, Inc Revolver 12/9/2030","2","408","Fair Value(3)","(30,954)"
"SRC048","173","27","Unanet, Inc Revolver 12/9/2030","3","473","Unfunded Commitment(2)","2,063,584"
"SRC048","173","27","Unanet, Inc Revolver 12/9/2030","4","550","Fair Value(3)","(30,954)"
"SRC048","173","28","Loan 12/9/2026","1","325","Unfunded Commitment(2)","539,918"
"SRC048","173","28","Loan 12/9/2026","2","408","Fair Value(3)","(5,399)"
"SRC048","173","28","Loan 12/9/2026","3","473","Unfunded Commitment(2)","539,918"
"SRC048","173","28","Loan 12/9/2026","4","550","Fair Value(3)","(5,399)"
"SRC048","173","29","International, LLC Revolver 4/30/2029","1","325","Unfunded Commitment(2)","229,387"
"SRC048","173","29","International, LLC Revolver 4/30/2029","3","473","Unfunded Commitment(2)","229,387"
"SRC048","173","29","International, LLC Revolver 4/30/2029","4","550","Fair Value(3)","(1,147)"
"SRC048","173","30","LLC Revolver 3/12/2032","1","325","Unfunded Commitment(2)","1,925,180"
"SRC048","173","31","Loan 8/24/2026","1","325","Unfunded Commitment(2)","1,463,270"
"SRC048","173","31","Loan 8/24/2026","3","473","Unfunded Commitment(2)","2,307,997"
"SRC048","173","32","UpStack Holdco Inc. Revolver 8/25/2031","1","325","Unfunded Commitment(2)","692,399"
"SRC048","173","32","UpStack Holdco Inc. Revolver 8/25/2031","3","473","Unfunded Commitment(2)","784,719"
"SRC048","173","32","UpStack Holdco Inc. Revolver 8/25/2031","4","550","Fair Value(3)","(3,924)"
"SRC048","174","1","Vectra AI, Inc. Revolver 3/2/2028","1","327","Unfunded Commitment(2)","1,200,106"
"SRC048","174","1","Vectra AI, Inc. Revolver 3/2/2028","2","409","Fair Value(3)","(12,001)"
"SRC048","174","1","Vectra AI, Inc. Revolver 3/2/2028","3","467","Unfunded Commitment(2)","1,200,106"
"SRC048","174","1","Vectra AI, Inc. Revolver 3/2/2028","4","545","Fair Value(3)","(12,001)"
"SRC048","174","2","Loan 10/29/2026","1","327","Unfunded Commitment(2)","2,418,368"
"SRC048","174","2","Loan 10/29/2026","2","409","Fair Value(3)","(24,184)"
"SRC048","174","2","Loan 10/29/2026","3","467","Unfunded Commitment(2)","2,418,368"
"SRC048","174","2","Loan 10/29/2026","4","545","Fair Value(3)","(24,184)"
"SRC048","174","3","Vehlo Purchaser, LLC Revolver 5/24/2028","1","327","Unfunded Commitment(2)","1,523,664"
"SRC048","174","3","Vehlo Purchaser, LLC Revolver 5/24/2028","3","467","Unfunded Commitment(2)","1,159,850"
"SRC048","174","4","Loan 2/27/2026","1","327","Unfunded Commitment(2)","832,277"
"SRC048","174","4","Loan 2/27/2026","3","467","Unfunded Commitment(2)","1,008,820"
"SRC048","174","5","Venture Buyer LLC Revolver 3/1/2030","1","327","Unfunded Commitment(2)","756,615"
"SRC048","174","5","Venture Buyer LLC Revolver 3/1/2030","2","409","Fair Value(3)","(5,675)"
"SRC048","174","5","Venture Buyer LLC Revolver 3/1/2030","3","467","Unfunded Commitment(2)","696,086"
"SRC048","174","5","Venture Buyer LLC Revolver 3/1/2030","4","545","Fair Value(3)","(6,961)"
"SRC048","174","6","Veracross LLC Revolver 12/28/2027","1","327","Unfunded Commitment(2)","1,387,067"
"SRC048","174","6","Veracross LLC Revolver 12/28/2027","3","467","Unfunded Commitment(2)","500,649"
"SRC048","174","7","Loan 12/28/2027","1","327","Unfunded Commitment(2)","1,772,559"
"SRC048","174","8","Versaterm Public Safety Inc. Revolver 12/4/2025","3","467","Unfunded Commitment(2)","777,125"
"SRC048","174","9","Vhagar Purchaser, LLC Revolver 6/11/2029","1","327","Unfunded Commitment(2)","373,356"
"SRC048","174","9","Vhagar Purchaser, LLC Revolver 6/11/2029","2","409","Fair Value(3)","(1,867)"
"SRC048","174","9","Vhagar Purchaser, LLC Revolver 6/11/2029","3","467","Unfunded Commitment(2)","373,356"
"SRC048","174","9","Vhagar Purchaser, LLC Revolver 6/11/2029","4","545","Fair Value(3)","(3,734)"
"SRC048","174","10","Loan 6/5/2027","1","327","Unfunded Commitment(2)","936,687"
"SRC048","174","11","Loan 6/9/2025","3","467","Unfunded Commitment(2)","578,701"
"SRC048","174","12","Visionary Buyer, LLC Revolver 3/21/2030","1","327","Unfunded Commitment(2)","1,413,418"
"SRC048","174","12","Visionary Buyer, LLC Revolver 3/21/2030","2","409","Fair Value(3)","(7,067)"
"SRC048","174","12","Visionary Buyer, LLC Revolver 3/21/2030","3","467","Unfunded Commitment(2)","1,413,418"
"SRC048","174","12","Visionary Buyer, LLC Revolver 3/21/2030","4","545","Fair Value(3)","(3,534)"
"SRC048","174","13","Loan 3/31/2027","1","327","Unfunded Commitment(2)","7,359,493"
"SRC048","174","14","Loan 3/23/2026","3","467","Unfunded Commitment(2)","3,674,887"
"SRC048","174","15","LLC Loan 12/30/2026","1","327","Unfunded Commitment(2)","1,039,688"
"SRC048","174","15","LLC Loan 12/30/2026","3","467","Unfunded Commitment(2)","1,752,555"
"SRC048","174","16","LLC Loan 8/30/2027","1","327","Unfunded Commitment(2)","624,893"
"SRC048","174","17","LLC Revolver 10/2/2028","1","327","Unfunded Commitment(2)","623,162"
"SRC048","174","17","LLC Revolver 10/2/2028","3","467","Unfunded Commitment(2)","623,162"
"SRC048","174","18","LLC Loan 2/2/2026","3","467","Unfunded Commitment(2)","529,905"
"SRC048","174","19","L.P. Loan 4/1/2027","3","467","Unfunded Commitment(2)","1,230,052"
"SRC048","174","19","L.P. Loan 4/1/2027","4","545","Fair Value(3)","(15,376)"
"SRC048","174","20","Holdings, LLC Loan 3/31/2025","3","467","Unfunded Commitment(2)","2,242,331"
"SRC048","174","20","Holdings, LLC Loan 3/31/2025","4","545","Fair Value(3)","(145,752)"
"SRC048","174","21","Wolverine Seller Holdings, LLC Revolver 1/17/2030","1","327","Unfunded Commitment(2)","1,609,949"
"SRC048","174","21","Wolverine Seller Holdings, LLC Revolver 1/17/2030","2","409","Fair Value(3)","(4,025)"
"SRC048","174","21","Wolverine Seller Holdings, LLC Revolver 1/17/2030","3","467","Unfunded Commitment(2)","1,117,391"
"SRC048","174","22","Loan 10/1/2027","1","327","Unfunded Commitment(2)","5,298,794"
"SRC048","174","23","Loan 1/19/2026","3","467","Unfunded Commitment(2)","3,143,594"
"SRC048","174","24","Your Part-Time Controller, LLC Revolver 11/14/2029","1","327","Unfunded Commitment(2)","960,980"
"SRC048","174","24","Your Part-Time Controller, LLC Revolver 11/14/2029","2","409","Fair Value(3)","(4,805)"
"SRC048","174","24","Your Part-Time Controller, LLC Revolver 11/14/2029","3","467","Unfunded Commitment(2)","627,974"
"SRC048","174","25","Zendesk, Inc. Revolver 11/22/2028","1","327","Unfunded Commitment(2)","1,372,628"
"SRC048","174","25","Zendesk, Inc. Revolver 11/22/2028","3","467","Unfunded Commitment(2)","1,372,628"
"SRC048","174","26","Loan 5/15/2026","1","327","Unfunded Commitment(2)","1,143,721"
"SRC048","174","27","Loan 11/22/2025","3","467","Unfunded Commitment(2)","3,333,525"
"SRC048","174","28","$ 326,912,123","2","409","Fair Value(3)","(2,235,796)"
"SRC048","174","28","$ 326,912,123","3","467","Unfunded Commitment(2)","308,439,840"
"SRC048","174","28","$ 326,912,123","4","545","Fair Value(3)","(2,075,224)"
"SRC048","175","1","AB Equity Investors L.P. $","2","407","","784,521"
"SRC048","175","1","AB Equity Investors L.P. $","4","540","Unfunded Commitment","94,721"
"SRC048","175","2","CN CO-INVEST, LP","2","407","","35,238"
"SRC048","175","3","Community Based Care Holdings, LP","2","407","","59,890"
"SRC048","175","3","Community Based Care Holdings, LP","4","540","Unfunded Commitment","59,890"
"SRC048","175","4","Falcon Co-Investment Partners, L.P.","2","407","","271,997"
"SRC048","175","4","Falcon Co-Investment Partners, L.P.","4","540","Unfunded Commitment","284,129"
"SRC048","175","5","GHP SPV-2, L.P.","2","407","","34,208"
"SRC048","175","5","GHP SPV-2, L.P.","4","540","Unfunded Commitment","34,208"
"SRC048","175","6","GTCR A-1 Investors LP","2","407","","220,000"
"SRC048","175","6","GTCR A-1 Investors LP","4","540","Unfunded Commitment","220,000"
"SRC048","175","7","Orangewood WWB Co-Invest, L.P.","2","407","","25,668"
"SRC048","175","7","Orangewood WWB Co-Invest, L.P.","4","540","Unfunded Commitment","25,668"
"SRC048","175","8","OSS SPV LP","4","540","Unfunded Commitment","115,522"
"SRC048","175","9","QCS Co-Invest Aggregator, L.P.","2","407","","105,823"
"SRC048","175","10","REP COINVEST III OMNI, L.P.","2","407","","13,325"
"SRC048","175","10","REP COINVEST III OMNI, L.P.","4","540","Unfunded Commitment","13,325"
"SRC048","175","11","REP RO Coinvest IV-A, L.P.","2","407","","1,661"
"SRC048","175","11","REP RO Coinvest IV-A, L.P.","4","540","Unfunded Commitment","1,661"
"SRC048","175","12","Total $","2","407","","1,552,331"
"SRC048","175","12","Total $","4","540","Unfunded Commitment","849,124"
"SRC048","175","13","December 31, 2025 December 31,","1","380","Restated table summarizes Agreements","2024"
"SRC048","175","13","December 31, 2025 December 31,","4","540","maintaining a and amount 31, 2025,","2023"
"SRC048","175","14","March 31 4,796,671 $ 46,074,834 2,297,080 $","1","380","Restated table summarizes Agreements","21,667,959"
"SRC048","175","15","June 30 — — 2,574,268","1","380","Restated table summarizes Agreements","24,483,147"
"SRC048","175","15","June 30 — — 2,574,268","3","461","Agreement, and/or total Shares years ended","2,776,753"
"SRC048","175","15","June 30 — — 2,574,268","4","540","maintaining a and amount 31, 2025,","25,792,451"
"SRC048","175","16","September 30 4,702,249 44,862,506 3,395,374","1","380","Restated table summarizes Agreements","32,246,272"
"SRC048","175","16","September 30 4,702,249 44,862,506 3,395,374","3","461","Agreement, and/or total Shares years ended","1,566,283"
"SRC048","175","16","September 30 4,702,249 44,862,506 3,395,374","4","540","maintaining a and amount 31, 2025,","14,461,711"
"SRC048","175","17","December 31 3,436,687 33,166,202 1,342,578","1","380","Restated table summarizes Agreements","12,807,285"
"SRC048","175","18","Total capital drawdowns 12,935,607 $ 124,103,542 9,609,300 $","1","380","Restated table summarizes Agreements","91,204,663"
"SRC048","175","18","Total capital drawdowns 12,935,607 $ 124,103,542 9,609,300 $","3","461","Agreement, and/or total Shares years ended","4,343,036"
"SRC048","175","18","Total capital drawdowns 12,935,607 $ 124,103,542 9,609,300 $","4","540","maintaining a and amount 31, 2025,","40,254,162"
"SRC048","176","1","3/27/2025 3/27/2025 4/24/2025 $","2","442","","0.20"
"SRC048","176","1","3/27/2025 3/27/2025 4/24/2025 $","3","528","Dollar Amount","13,938,978"
"SRC048","176","2","6/26/2025 6/26/2025 7/17/2025 $","2","442","","0.20"
"SRC048","176","2","6/26/2025 6/26/2025 7/17/2025 $","3","528","Dollar Amount","13,766,885"
"SRC048","176","3","9/26/2025 9/26/2025 10/24/2025 $","2","442","","0.20"
"SRC048","176","3","9/26/2025 9/26/2025 10/24/2025 $","3","528","Dollar Amount","14,541,618"
"SRC048","176","4","12/29/2025 12/29/2025 1/28/2026 $","2","442","","0.21"
"SRC048","176","4","12/29/2025 12/29/2025 1/28/2026 $","3","528","Dollar Amount","16,035,821"
"SRC048","176","5","3/26/2024 3/26/2024 4/23/2024 $","2","442","","0.23"
"SRC048","176","5","3/26/2024 3/26/2024 4/23/2024 $","3","528","Dollar Amount","12,969,462"
"SRC048","176","6","6/26/2024 6/26/2024 7/22/2024 $","2","442","","0.21"
"SRC048","176","6","6/26/2024 6/26/2024 7/22/2024 $","3","528","Dollar Amount","12,999,653"
"SRC048","176","7","9/26/2024 9/26/2024 10/23/2024 $","2","442","","0.23"
"SRC048","176","7","9/26/2024 9/26/2024 10/23/2024 $","3","528","Dollar Amount","13,863,318"
"SRC048","176","8","12/27/2024 12/27/2024 1/28/2025 $","2","442","","0.21"
"SRC048","176","8","12/27/2024 12/27/2024 1/28/2025 $","3","528","Dollar Amount","13,226,712"
"SRC048","176","9","3/29/2023 3/29/2023 4/25/2023 $","2","442","","0.10"
"SRC048","176","9","3/29/2023 3/29/2023 4/25/2023 $","3","528","Dollar Amount","5,139,617"
"SRC048","176","10","6/28/2023 6/28/2023 7/24/2023 $","2","442","","0.20"
"SRC048","176","10","6/28/2023 6/28/2023 7/24/2023 $","3","528","Dollar Amount","10,402,344"
"SRC048","176","11","9/27/2023 9/27/2023 10/23/2023 $","2","442","","0.24"
"SRC048","176","11","9/27/2023 9/27/2023 10/23/2023 $","3","528","Dollar Amount","12,501,274"
"SRC048","176","12","12/27/2023 12/27/2023 1/25/2024 $","2","442","","0.23"
"SRC048","176","12","12/27/2023 12/27/2023 1/25/2024 $","3","528","Dollar Amount","12,263,463"
"SRC048","176","13","3/27/2025 3/27/2025 3/31/2025","1","428","Shares","797,757"
"SRC048","176","13","3/27/2025 3/27/2025 3/31/2025","3","528","Dollar Amount","7,609,164"
"SRC048","176","14","6/26/2025 6/26/2025 6/30/2025","1","428","Shares","797,761"
"SRC048","176","14","6/26/2025 6/26/2025 6/30/2025","3","528","Dollar Amount","7,569,777"
"SRC048","176","15","9/26/2025 9/26/2025 9/30/2025","1","428","Shares","846,123"
"SRC048","176","15","9/26/2025 9/26/2025 9/30/2025","3","528","Dollar Amount","8,062,281"
"SRC048","176","16","12/29/2025 12/29/2025 12/31/2025","1","428","Shares","926,041"
"SRC048","176","16","12/29/2025 12/29/2025 12/31/2025","3","528","Dollar Amount","8,774,800"
"SRC048","176","17","3,367,682","3","528","Dollar Amount","32,016,022"
"SRC048","176","18","3/26/2024 3/26/2024 3/28/2024","1","428","Shares Shares","735,551"
"SRC048","176","18","3/26/2024 3/26/2024 3/28/2024","3","528","Dollar Amount Dollar Amount","6,912,711"
"SRC048","176","19","6/26/2024 6/26/2024 6/28/2024","1","428","Shares Shares","737,332"
"SRC048","176","19","6/26/2024 6/26/2024 6/28/2024","3","528","Dollar Amount Dollar Amount","6,968,153"
"SRC048","176","20","9/26/2024 9/26/2024 9/30/2024","1","428","Shares Shares","797,976"
"SRC048","176","20","9/26/2024 9/26/2024 9/30/2024","3","528","Dollar Amount Dollar Amount","7,543,348"
"SRC048","176","21","12/27/2024 12/27/2024 12/31/2024","1","428","Shares Shares","748,137"
"SRC048","176","21","12/27/2024 12/27/2024 12/31/2024","3","528","Dollar Amount Dollar Amount","7,129,368"
"SRC048","176","22","3/29/2023 3/29/2023 3/31/2023","1","428","Shares","294,604"
"SRC048","176","22","3/29/2023 3/29/2023 3/31/2023","3","528","Dollar Amount","2,740,870"
"SRC048","176","23","6/28/2023 6/28/2023 6/30/2023","1","428","Shares","606,230"
"SRC048","176","23","6/28/2023 6/28/2023 6/30/2023","3","528","Dollar Amount","5,552,823"
"SRC048","176","24","9/27/2023 9/27/2023 9/30/2023","1","428","Shares","715,418"
"SRC048","176","24","9/27/2023 9/27/2023 9/30/2023","3","528","Dollar Amount","6,644,449"
"SRC048","176","25","12/27/2023 12/27/2023 12/30/2023","1","428","Shares","703,294"
"SRC048","176","25","12/27/2023 12/27/2023 12/30/2023","3","528","Dollar Amount","6,522,555"
"SRC048","177","1","Beginning with the quarter","2","248","","31, 2021,"
"SRC048","177","2","4 under the Exchange Act and the","1","173","","1940"
"SRC048","177","3","March 31 February","1","173","Repurchase Date","28, 2025"
"SRC048","177","3","March 31 February","2","248","Shares Offered to Repurchase","1,594,397"
"SRC048","177","3","March 31 February","3","327","Shares Repurchased","767,534"
"SRC048","177","3","March 31 February","4","390","Total Consideration","7,320,890"
"SRC048","177","3","March 31 February","6","486","Repurchased/ Total Offer","48%"
"SRC048","177","3","March 31 February","7","555","Price Paid Per Share","9.54"
"SRC048","177","4","June 30 May 23,","1","173","Repurchase Date","2025"
"SRC048","177","4","June 30 May 23,","2","248","Shares Offered to Repurchase","1,663,968"
"SRC048","177","4","June 30 May 23,","3","327","Shares Repurchased","854,554"
"SRC048","177","4","June 30 May 23,","4","390","Total Consideration","8,108,695"
"SRC048","177","4","June 30 May 23,","6","486","Repurchased/ Total Offer","51%"
"SRC048","177","4","June 30 May 23,","7","555","Price Paid Per Share","9.49"
"SRC048","177","5","September 30 August","1","173","Repurchase Date","29, 2025"
"SRC048","177","5","September 30 August","2","248","Shares Offered to Repurchase","1,713,208"
"SRC048","177","5","September 30 August","3","327","Shares Repurchased","768,407"
"SRC048","177","5","September 30 August","4","390","Total Consideration","7,321,727"
"SRC048","177","5","September 30 August","6","486","Repurchased/ Total Offer","45%"
"SRC048","177","5","September 30 August","7","555","Price Paid Per Share","9.53"
"SRC048","177","6","December 31 November","1","173","Repurchase Date","28,"
"SRC048","177","7","2025","2","248","Shares Offered to Repurchase","1,749,969"
"SRC048","177","7","2025","3","327","Shares Repurchased","539,142"
"SRC048","177","7","2025","4","390","Total Consideration","5,108,699"
"SRC048","177","7","2025","6","486","Repurchased/ Total Offer","31%"
"SRC048","177","7","2025","7","555","Price Paid Per Share","9.48"
"SRC048","177","8","March 31 March 1, 2024","2","248","Shares Offered to Repurchase","1,354,873"
"SRC048","177","8","March 31 March 1, 2024","3","327","Shares Repurchased","744,282"
"SRC048","177","8","March 31 March 1, 2024","4","390","Total Consideration","6,994,766"
"SRC048","177","8","March 31 March 1, 2024","6","486","Repurchased/ Total Offer","55%"
"SRC048","177","8","March 31 March 1, 2024","7","555","Price Paid Per Share","9.40"
"SRC048","177","9","June 30 May 24 ,2024","2","248","Shares Offered to Repurchase","1,379,303"
"SRC048","177","9","June 30 May 24 ,2024","3","327","Shares Repurchased","985,757"
"SRC048","177","9","June 30 May 24 ,2024","4","390","Total Consideration","9,315,897"
"SRC048","177","9","June 30 May 24 ,2024","6","486","Repurchased/ Total Offer","71%"
"SRC048","177","9","June 30 May 24 ,2024","7","555","Price Paid Per Share","9.45"
"SRC048","177","10","September 30 August 30, 2024","2","248","Shares Offered to Repurchase","1,430,286"
"SRC048","177","10","September 30 August 30, 2024","3","327","Shares Repurchased","737,479"
"SRC048","177","10","September 30 August 30, 2024","4","390","Total Consideration","6,971,458"
"SRC048","177","10","September 30 August 30, 2024","6","486","Repurchased/ Total Offer","52%"
"SRC048","177","10","September 30 August 30, 2024","7","555","Price Paid Per Share","9.45"
"SRC048","177","11","December 31 November 29,","1","173","Repurchase Date","2024"
"SRC048","177","11","December 31 November 29,","2","248","Shares Offered to Repurchase","1,535,262"
"SRC048","177","11","December 31 November 29,","3","327","Shares Repurchased","822,522"
"SRC048","177","11","December 31 November 29,","4","390","Total Consideration","7,838,224"
"SRC048","177","11","December 31 November 29,","6","486","Repurchased/ Total Offer","54%"
"SRC048","177","11","December 31 November 29,","7","555","Price Paid Per Share","9.53"
"SRC048","177","12","March 31 February","1","173","Repurchase Date","24, 2023"
"SRC048","177","12","March 31 February","2","248","Shares Offered to Repurchase","1,215,454"
"SRC048","177","12","March 31 February","3","327","Shares Repurchased","627,518"
"SRC048","177","12","March 31 February","4","390","Total Consideration","5,837,933"
"SRC048","177","12","March 31 February","6","486","Repurchased/ Total Offer","52%"
"SRC048","177","12","March 31 February","7","555","Price Paid Per Share","9.30"
"SRC048","177","13","June 30 May 26,","1","173","Repurchase Date","2023"
"SRC048","177","13","June 30 May 26,","2","248","Shares Offered to Repurchase","1,255,610"
"SRC048","177","13","June 30 May 26,","3","327","Shares Repurchased","461,364"
"SRC048","177","13","June 30 May 26,","4","390","Total Consideration","4,225,901"
"SRC048","177","13","June 30 May 26,","6","486","Repurchased/ Total Offer","37%"
"SRC048","177","13","June 30 May 26,","7","555","Price Paid Per Share","9.16"
"SRC048","177","14","September 30 August","1","173","Repurchase Date","25, 2023"
"SRC048","177","14","September 30 August","2","248","Shares Offered to Repurchase","1,299,377"
"SRC048","177","14","September 30 August","3","327","Shares Repurchased","905,479"
"SRC048","177","14","September 30 August","4","390","Total Consideration","8,409,635"
"SRC048","177","14","September 30 August","6","486","Repurchased/ Total Offer","70%"
"SRC048","177","14","September 30 August","7","555","Price Paid Per Share","9.29"
"SRC048","177","15","December 31 November","1","173","Repurchase Date","24,"
"SRC048","177","16","2023","2","248","Shares Offered to Repurchase","1,320,792"
"SRC048","177","16","2023","3","327","Shares Repurchased","531,602"
"SRC048","177","16","2023","4","390","Total Consideration","4,930,300"
"SRC048","177","16","2023","6","486","Repurchased/ Total Offer","40%"
"SRC048","177","16","2023","7","555","Price Paid Per Share","9.27"
"SRC048","178","1","December","1","389","ended","31,"
"SRC048","178","1","December","3","474","","31,"
"SRC048","178","1","December","5","553","","31,"
"SRC048","178","2","2025","2","450","ended","2024"
"SRC048","178","2","2025","4","527","ended","2023"
"SRC048","178","3","Net increase (decrease) in net assets from operations $ 53,302,131","2","450","ended","67,265,253"
"SRC048","178","3","Net increase (decrease) in net assets from operations $ 53,302,131","4","527","ended","49,296,699"
"SRC048","178","4","Weighted average common shares outstanding 69,906,266","2","450","ended","59,099,675"
"SRC048","178","4","Weighted average common shares outstanding 69,906,266","4","527","ended","52,318,840"
"SRC048","178","5","Earnings per common share-basic and diluted $","1","389","ended","0.76"
"SRC048","178","5","Earnings per common share-basic and diluted $","3","474","","1.14"
"SRC048","178","5","Earnings per common share-basic and diluted $","5","553","","0.94"
"SRC048","178","6","December","1","389","ended","31,"
"SRC048","178","6","December","3","474","","31,"
"SRC048","178","6","December","5","553","","31,"
"SRC048","178","7","2025","2","450","ended","2024"
"SRC048","178","7","2025","4","527","ended","2023"
"SRC048","178","8","Ordinary Income $ 55,747,594","2","450","ended","53,059,145"
"SRC048","178","8","Ordinary Income $ 55,747,594","4","527","ended","40,306,698"
"SRC048","178","9","Total Taxable Distributions $ 58,283,302","2","450","ended","53,059,145"
"SRC048","178","9","Total Taxable Distributions $ 58,283,302","4","527","ended","40,306,698"
"SRC048","178","10","December","1","389","ended","31,"
"SRC048","178","10","December","3","474","","31,"
"SRC048","178","10","December","5","553","","31,"
"SRC048","178","11","2025","2","450","ended","2024"
"SRC048","178","11","2025","4","527","ended","2023"
"SRC048","178","12","Undistributed Ordinary Income–Net $","3","474","","1,185"
"SRC048","178","13","Total Undistributed Earnings","3","474","","1,185"
"SRC048","178","14","Other Losses","4","527","ended","(2,384,892)"
"SRC048","178","15","Unrealized Earnings (Losses)–Net (14,326,216)","2","450","ended","(5,881,841)"
"SRC048","178","15","Unrealized Earnings (Losses)–Net (14,326,216)","4","527","ended","(18,292,722)"
"SRC048","178","16","Other Temporary Differences","1","389","ended","(6,176)"
"SRC048","178","16","Other Temporary Differences","3","474","","(1,244)"
"SRC048","178","16","Other Temporary Differences","5","553","","(726)"
"SRC048","178","17","Total Accumulated Earnings (Losses)–Net $ (14,332,392)","2","450","ended","(5,881,900)"
"SRC048","178","17","Total Accumulated Earnings (Losses)–Net $ (14,332,392)","4","527","ended","(20,678,340)"
"SRC048","178","18","December","1","389","ended","31,"
"SRC048","178","18","December","4","527","ended","31,"
"SRC048","178","19","Aggregate Tax Cost $","1","389","ended","1,875,604,303"
"SRC048","178","19","Aggregate Tax Cost $","4","527","ended","1,636,212,992"
"SRC048","178","20","Fair Market Value of Investments $","1","389","ended","1,861,296,462"
"SRC048","178","20","Fair Market Value of Investments $","4","527","ended","1,630,349,305"
"SRC048","178","21","Gross Unrealized Appreciation $","1","389","ended","23,273,406"
"SRC048","178","21","Gross Unrealized Appreciation $","4","527","ended","24,814,625"
"SRC048","178","22","Gross Unrealized Depreciation $","1","389","ended","(37,581,247)"
"SRC048","178","22","Gross Unrealized Depreciation $","4","527","ended","(30,678,312)"
"SRC048","178","23","Net Unrealized Appreciation (Depreciation) $","1","389","ended","(14,307,841)"
"SRC048","178","23","Net Unrealized Appreciation (Depreciation) $","4","527","ended","(5,863,687)"
"SRC048","179","1","December","1","373","","31,"
"SRC048","179","1","December","2","463","","31,"
"SRC048","179","1","December","4","548","","31,"
"SRC048","179","2","Paid-in capital in excess of par $","1","373","","3,467,296"
"SRC048","179","2","Paid-in capital in excess of par $","2","463","","(593,367)"
"SRC048","179","2","Paid-in capital in excess of par $","4","548","","69,229"
"SRC048","179","3","Accumulated undistributed net investment income (loss)","1","373","","(1,918,392)"
"SRC048","179","3","Accumulated undistributed net investment income (loss)","2","463","","57,791"
"SRC048","179","3","Accumulated undistributed net investment income (loss)","3","531","","(7,100,369)"
"SRC048","179","4","Accumulated net realized gain (loss) $","1","373","","(1,548,904)"
"SRC048","179","4","Accumulated net realized gain (loss) $","2","463","","535,576"
"SRC048","179","4","Accumulated net realized gain (loss) $","3","531","","7,031,140"
"SRC048","180","1","Below is the schedule of financial highlights","6","410","","31,"
"SRC048","180","1","Below is the schedule of financial highlights","7","440","","2025,"
"SRC048","180","1","Below is the schedule of financial highlights","9","493","","31,"
"SRC048","180","1","Below is the schedule of financial highlights","10","517","","2024,"
"SRC048","180","2","December 31, 2023, December 31, 2022 and December","1","236","","31,"
"SRC048","180","3","December","1","236","","31,"
"SRC048","180","3","December","3","315","","31,"
"SRC048","180","3","December","5","392","","31,"
"SRC048","180","3","December","8","470","","31,"
"SRC048","180","3","December","11","547","","31,"
"SRC048","180","4","Per Share Data:(1) 2025","2","287","","2024"
"SRC048","180","4","Per Share Data:(1) 2025","4","363","","2023"
"SRC048","180","4","Per Share Data:(1) 2025","7","440","","2022"
"SRC048","180","4","Per Share Data:(1) 2025","10","517","","2021"
"SRC048","180","5","Net asset value, beginning of period $","1","236","","9.53"
"SRC048","180","5","Net asset value, beginning of period $","3","315","","9.27"
"SRC048","180","5","Net asset value, beginning of period $","5","392","","9.10"
"SRC048","180","5","Net asset value, beginning of period $","8","470","","9.80"
"SRC048","180","5","Net asset value, beginning of period $","11","547","","9.35"
"SRC048","180","6","Net investment income (loss)","1","236","","0.81"
"SRC048","180","6","Net investment income (loss)","3","315","","0.90"
"SRC048","180","6","Net investment income (loss)","5","392","","0.91"
"SRC048","180","6","Net investment income (loss)","8","470","","0.81"
"SRC048","180","6","Net investment income (loss)","11","547","","0.66"
"SRC048","180","7","(losses) on investments","1","236","","(0.06)"
"SRC048","180","7","(losses) on investments","3","315","","0.24"
"SRC048","180","7","(losses) on investments","5","392","","0.03"
"SRC048","180","7","(losses) on investments","8","470","","(0.53)"
"SRC048","180","7","(losses) on investments","11","547","","0.43"
"SRC048","180","8","resulting from operations $","1","236","","0.75"
"SRC048","180","8","resulting from operations $","3","315","","1.14"
"SRC048","180","8","resulting from operations $","5","392","","0.94"
"SRC048","180","8","resulting from operations $","8","470","","0.28"
"SRC048","180","8","resulting from operations $","11","547","","1.09"
"SRC048","180","9","Distributions to stockholders","1","236","","(0.81)"
"SRC048","180","9","Distributions to stockholders","3","315","","(0.88)"
"SRC048","180","9","Distributions to stockholders","5","392","","(0.77)"
"SRC048","180","9","Distributions to stockholders","8","470","","(0.98)"
"SRC048","180","9","Distributions to stockholders","11","547","","(0.64)"
"SRC048","180","10","Net asset value, end of period $","1","236","","9.47"
"SRC048","180","10","Net asset value, end of period $","3","315","","9.53"
"SRC048","180","10","Net asset value, end of period $","5","392","","9.27"
"SRC048","180","10","Net asset value, end of period $","8","470","","9.10"
"SRC048","180","10","Net asset value, end of period $","11","547","","9.80"
"SRC048","180","11","Shares outstanding, end of period 77,076,615","2","287","","63,702,963"
"SRC048","180","11","Shares outstanding, end of period 77,076,615","4","363","","54,364,707"
"SRC048","180","11","Shares outstanding, end of period 77,076,615","7","440","","50,228,088"
"SRC048","180","11","Shares outstanding, end of period 77,076,615","10","517","","35,343,949"
"SRC048","180","12","incentive fees(3)","1","236","","10.18%"
"SRC048","180","12","incentive fees(3)","3","315","","15.02%"
"SRC048","180","12","incentive fees(3)","5","392","","13.16%"
"SRC048","180","12","incentive fees(3)","8","470","","4.12%"
"SRC048","180","12","incentive fees(3)","11","547","","13.53%"
"SRC048","180","13","incentive fees(3)","1","236","","8.20%"
"SRC048","180","13","incentive fees(3)","3","315","","12.71%"
"SRC048","180","13","incentive fees(3)","5","392","","10.63%"
"SRC048","180","13","incentive fees(3)","8","470","","2.84%"
"SRC048","180","13","incentive fees(3)","11","547","","11.81%"
"SRC048","180","14","Net assets, end of period $ 730,267,513","2","287","","606,989,131"
"SRC048","180","14","Net assets, end of period $ 730,267,513","4","363","","504,145,198"
"SRC048","180","14","Net assets, end of period $ 730,267,513","7","440","","456,844,107"
"SRC048","180","14","Net assets, end of period $ 730,267,513","10","517","","346,259,919"
"SRC048","180","15","average net assets","1","236","","18.74%"
"SRC048","180","15","average net assets","3","315","","21.44%"
"SRC048","180","15","average net assets","5","392","","21.04%"
"SRC048","180","15","average net assets","8","470","","14.42%"
"SRC048","180","15","average net assets","11","547","","13.20%"
"SRC048","180","16","average net assets(4)","1","236","","18.74%"
"SRC048","180","16","average net assets(4)","3","315","","21.44%"
"SRC048","180","16","average net assets(4)","5","392","","21.04%"
"SRC048","180","16","average net assets(4)","8","470","","14.27%"
"SRC048","180","16","average net assets(4)","11","547","","12.59%"
"SRC048","180","17","net assets","1","236","","8.48%"
"SRC048","180","17","net assets","3","315","","9.52%"
"SRC048","180","17","net assets","5","392","","9.81%"
"SRC048","180","17","net assets","8","470","","8.33%"
"SRC048","180","17","net assets","11","547","","6.34%"
"SRC048","180","18","net assets(4)","1","236","","8.48%"
"SRC048","180","18","net assets(4)","3","315","","9.52%"
"SRC048","180","18","net assets(4)","5","392","","9.81%"
"SRC048","180","18","net assets(4)","8","470","","8.48%"
"SRC048","180","18","net assets(4)","11","547","","6.95%"
"SRC048","180","19","assets","1","236","","11.95%"
"SRC048","180","19","assets","3","315","","14.29%"
"SRC048","180","19","assets","5","392","","13.80%"
"SRC048","180","19","assets","8","470","","8.02%"
"SRC048","180","19","assets","11","547","","5.15%"
"SRC048","180","20","average net assets(5)","1","236","","2.12%"
"SRC048","180","20","average net assets(5)","3","315","","2.38%"
"SRC048","180","20","average net assets(5)","5","392","","2.45%"
"SRC048","180","20","average net assets(5)","8","470","","1.32%"
"SRC048","180","20","average net assets(5)","11","547","","1.82%"
"SRC048","180","21","Portfolio turnover rate","1","236","","18.10%"
"SRC048","180","21","Portfolio turnover rate","3","315","","15.44%"
"SRC048","180","21","Portfolio turnover rate","5","392","","13.08%"
"SRC048","180","21","Portfolio turnover rate","8","470","","20.55%"
"SRC048","180","21","Portfolio turnover rate","11","547","","27.93%"
"SRC048","180","22","Asset coverage ratio(6)","1","236","","160%"
"SRC048","180","22","Asset coverage ratio(6)","3","315","","158%"
"SRC048","180","22","Asset coverage ratio(6)","5","392","","159%"
"SRC048","180","22","Asset coverage ratio(6)","8","470","","165%"
"SRC048","180","22","Asset coverage ratio(6)","11","547","","157%"
"SRC048","180","23","(4) For the years ended December 31, 2025, 2024","1","236","accordance with","2023,"
"SRC048","180","24","or incentive fees. For the years ended December","1","236","accordance with","31,"
"SRC048","180","24","or incentive fees. For the years ended December","2","287","","2022"
"SRC048","180","24","or incentive fees. For the years ended December","4","363","","31, 2021,"
"SRC048","180","25","their collateral management fees, management","10","517","","31, 2022"
"SRC048","180","26","expenses of 0.00%, 0.00%, 0.00%, 0.21% and","1","236","accordance with","1.12%"
"SRC048","180","26","expenses of 0.00%, 0.00%, 0.00%, 0.21% and","5","392","reinvestment","31,"
"SRC048","180","26","expenses of 0.00%, 0.00%, 0.00%, 0.21% and","6","410","plan.","2025,"
"SRC048","180","26","expenses of 0.00%, 0.00%, 0.00%, 0.21% and","8","470","","31,"
"SRC048","180","26","expenses of 0.00%, 0.00%, 0.00%, 0.21% and","9","493","","2024,"
"SRC048","180","26","expenses of 0.00%, 0.00%, 0.00%, 0.21% and","11","547","","31,"
"SRC048","180","27","2023, December 31, 2022 and December 31,","1","236","accordance with","2021,"
"SRC048","181","1","On February 4,","1","124","","2026,"
"SRC048","181","2","On February 6,","1","124","","2026,"
"SRC048","181","3","to 2.10% per annum,","2","260","","$150,000,000,"
"SRC048","181","3","to 2.10% per annum,","8","549","","6, 2031"
"SRC048","181","4","and (iv) extended the","2","260","","6, 2029."
"SRC048","181","5","On February 10,","1","124","","2026,"
"SRC048","181","6","effective February 10,","1","124","","2026"
"SRC048","181","6","effective February 10,","3","339","","1.375%"
"SRC048","181","6","effective February 10,","7","507","","1.25%"
"SRC048","181","7","Fund’soutstanding assets,","6","478","","8%"
"SRC048","181","8","reduced from the portion","5","423","","2.50%"
"SRC048","181","9","approximately 10%","4","381","","8%"
"SRC048","181","9","approximately 10%","7","507","","2.42%"
"SRC048","181","10","calendar quarter, approximately","2","260","","20%"
"SRC048","181","10","calendar quarter, approximately","6","478","","2.50%"
"SRC048","181","11","quarter was reduced","1","124","","17.5%"
"SRC048","181","11","quarter was reduced","3","339","","2.42%"
"SRC048","181","12","fee was reduced from","1","124","","20.0%"
"SRC048","181","12","fee was reduced from","5","423","","17.5%"
"SRC048","181","13","cumulative realized","2","260","","10, 2026,"
"SRC048","181","14","applying the reduced","4","381","","1, 2026"
"SRC048","181","14","applying the reduced","6","478","","10,"
"SRC048","181","14","applying the reduced","7","507","","2026."
"SRC048","181","15","On February 19,","1","124","","2026,"
