"file_id","source_page","row_index","source_row_label","column_index","column_x","source_column_label","value_raw"
"SRC286","1","1","ANNUAL REPORT PURSUANT","2","252","","13"
"SRC286","1","1","ANNUAL REPORT PURSUANT","8","497","","1934"
"SRC286","1","2","TRANSITION REPORT PURSUANT","3","271","Washington, FORM","13"
"SRC286","1","2","TRANSITION REPORT PURSUANT","9","535","","1934"
"SRC286","1","3","Securities","7","386","","$0.01"
"SRC286","1","4","Indicate by check mark if the registrant is a well-known","4","311","D.C.","405"
"SRC286","1","5","Indicate by check mark if the registrant is not","4","311","D.C.","13"
"SRC286","1","6","Indicate by check mark whether the registrant:","1","171","","(1)"
"SRC286","1","6","Indicate by check mark whether the registrant:","5","338","20549 10-K","13"
"SRC286","1","6","Indicate by check mark whether the registrant:","8","497","","1934"
"SRC286","1","7","months (or for such shorter period that the registrant","4","311","D.C.","(2)"
"SRC286","1","7","months (or for such shorter period that the registrant","8","497","","90"
"SRC286","1","8","Indicate by check mark whether the registrant","8","497","","405"
"SRC286","1","9","The aggregate market value of common stock","9","535","","21, 2025,"
"SRC286","1","10","Registrant had 51,077,297 outstanding shares","3","271","Washington, FORM","29,690,014"
"SRC286","1","10","Registrant had 51,077,297 outstanding shares","6","367","","18,142,324"
"SRC286","1","11","1,072,381 Class I shares, 4,772 Class D shares,","1","171","","5,750"
"SRC286","1","11","1,072,381 Class I shares, 4,772 Class D shares,","2","252","","595,339"
"SRC286","2","1","Item","1","39","","1."
"SRC286","2","1","Item","2","583","","1"
"SRC286","2","2","Item","2","583","","1"
"SRC286","2","3","Item","2","583","","44"
"SRC286","2","4","Item","2","583","","44"
"SRC286","2","5","Item","1","39","","2."
"SRC286","2","5","Item","2","583","","44"
"SRC286","2","6","Item","1","39","","3."
"SRC286","2","6","Item","2","583","","44"
"SRC286","2","7","Item","1","39","","4."
"SRC286","2","7","Item","2","583","","44"
"SRC286","2","8","Item","1","39","","5."
"SRC286","2","8","Item","2","583","","44"
"SRC286","2","9","Item","1","39","","6."
"SRC286","2","9","Item","2","583","","55"
"SRC286","2","10","Item","1","39","","7."
"SRC286","2","10","Item","2","583","","56"
"SRC286","2","11","Item","2","583","","66"
"SRC286","2","12","Item","1","39","","8."
"SRC286","2","12","Item","2","583","","67"
"SRC286","2","13","Item","1","39","","9."
"SRC286","2","13","Item","2","583","","92"
"SRC286","2","14","Item","2","583","","92"
"SRC286","2","15","Item","2","583","","93"
"SRC286","2","16","Item","2","583","","93"
"SRC286","2","17","Item","1","39","","10."
"SRC286","2","17","Item","2","583","","93"
"SRC286","2","18","Item","1","39","","11."
"SRC286","2","18","Item","2","583","","96"
"SRC286","2","19","Item","1","39","","12."
"SRC286","2","19","Item","2","583","","97"
"SRC286","2","20","Item","1","39","","13."
"SRC286","2","20","Item","2","583","","98"
"SRC286","2","21","Item","1","39","","14."
"SRC286","2","21","Item","2","583","","103"
"SRC286","2","22","Item","1","39","","15."
"SRC286","2","22","Item","2","583","","104"
"SRC286","2","23","Item","1","39","","16"
"SRC286","2","23","Item","2","583","","104"
"SRC286","5","1","Apollo Realty Income Solutions,","5","535","","2021"
"SRC286","5","2","taxable year ended December 31,","1","168","","2023."
"SRC286","5","3","We have registered with the SEC","5","535","","$4.0"
"SRC286","5","4","varying management fees and performance","3","371","","11"
"SRC286","5","5","As of March 21, 2025, we have","2","264","","50,708,633"
"SRC286","5","5","As of March 21, 2025, we have","4","466","","29,848,202"
"SRC286","5","6","Class A-III shares on November","1","168","","4, 2024,"
"SRC286","5","6","Class A-III shares on November","5","535","","4,677"
"SRC286","5","7","Class D shares and 5,750 Class","3","371","","$1.0"
"SRC286","5","7","Class D shares and 5,750 Class","4","466","","441,290"
"SRC286","5","8","common stock (consisting of 28,969","2","264","","347,542"
"SRC286","5","8","common stock (consisting of 28,969","3","371","","54,092"
"SRC286","5","8","common stock (consisting of 28,969","4","466","","10,592"
"SRC286","5","9","95 Class D shares) pursuant to","3","371","","$9.3"
"SRC286","7","1","Further,","2","454","reasonable in relation","300%"
"SRC286","7","2","December","1","78","independent directors must","31, 2023."
"SRC286","7","3","In March","1","78","independent directors must","2024,"
"SRC286","7","4","certain climate-related","2","454","reasonable in relation","2024,"
"SRC286","45","1","To qualify as a REIT, we generally must distribute annually","2","414","","90%"
"SRC286","45","2","on any amount by which distributions paid by us in any calendar","2","414","","85%"
"SRC286","45","2","on any amount by which distributions paid by us in any calendar","3","522","","95%"
"SRC286","45","3","government securities) generally cannot include more than","1","273","","10%"
"SRC286","45","3","government securities) generally cannot include more than","3","522","","10%"
"SRC286","45","4","REIT subsidiary"" under the Code. Additionally, no more","1","273","","5%"
"SRC286","45","5","qualified real estate assets) can consist of the securities of","2","414","","20%"
"SRC286","45","6","For us to qualify as a REIT under the Code, not more than","1","273","","50%"
"SRC286","45","7","group of related persons to be deemed to be constructively","3","522","","9.8%"
"SRC286","45","8","outstanding common stock or our capital stock by a person","3","522","","9.8%"
"SRC286","51","1","ITEM","1","65","","3."
"SRC286","51","2","From","8","543","","16"
"SRC286","51","3","ITEM","1","65","","4."
"SRC286","51","4","ITEM","1","65","","5."
"SRC286","51","5","rights.","8","543","and performance","21, 2025"
"SRC286","51","6","there","1","65","varying upfront","2,422"
"SRC286","51","6","there","4","262","","1,430"
"SRC286","51","7","I shares,","1","65","varying upfront","104"
"SRC286","51","7","I shares,","3","231","manager fees,","2"
"SRC286","51","7","I shares,","6","370","servicing","1"
"SRC286","51","7","I shares,","8","543","and performance","14"
"SRC286","51","8","For Class","8","543","and performance","3%"
"SRC286","51","9","dealer","2","150","commissions,","0.5%"
"SRC286","51","10","offering,","5","295","ongoing stockholder","1.5%"
"SRC286","51","11","share","2","150","commissions,","31, 2024."
"SRC286","51","12","transaction","4","262","Class S Shares","3.5%"
"SRC286","51","12","transaction","5","295","Class D Shares","1.5%"
"SRC286","51","12","transaction","6","370","S Shares","3.5%"
"SRC286","51","12","transaction","7","404","D Shares","1.5%"
"SRC286","51","13","Stockholder","4","262","Class S Shares","0.85%"
"SRC286","51","13","Stockholder","5","295","Class D Shares","0.25%"
"SRC286","51","13","Stockholder","6","370","S Shares","0.85%"
"SRC286","51","13","Stockholder","7","404","D Shares","0.25%"
"SRC286","51","14","entitled","3","231","","0.85%"
"SRC286","51","15","Class","3","231","","0.25%"
"SRC286","51","16","During","6","370","S Shares","22, 2022,"
"SRC286","51","17","transaction","4","262","Class S Shares","$20.00"
"SRC286","51","18","The following","8","543","III Shares","31,"
"SRC286","51","19","2022","2","150","","31,"
"SRC286","52","1","December 31, 2022","1","215","Class S Shares","20.0200"
"SRC286","52","1","December 31, 2022","2","276","Class D Class I Shares","20.0200 20.0200"
"SRC286","52","1","December 31, 2022","3","337","Class F-S Shares","20.0200"
"SRC286","52","1","December 31, 2022","4","378","Class F-D Shares","20.0200"
"SRC286","52","1","December 31, 2022","5","419","Class F-I Shares","20.0200"
"SRC286","52","1","December 31, 2022","6","460","Class A-I Shares","20.0200"
"SRC286","52","1","December 31, 2022","7","501","Class A-II Shares","20.0200"
"SRC286","52","1","December 31, 2022","8","542","Class A-III Shares","20.0200"
"SRC286","52","2","January 31, 2023","1","215","Class S Shares","20.0400"
"SRC286","52","2","January 31, 2023","2","276","Class D Class I Shares","20.0400 20.0400"
"SRC286","52","2","January 31, 2023","3","337","Class F-S Shares","20.0400"
"SRC286","52","2","January 31, 2023","4","378","Class F-D Shares","20.0400"
"SRC286","52","2","January 31, 2023","5","419","Class F-I Shares","20.0400"
"SRC286","52","2","January 31, 2023","6","460","Class A-I Shares","20.0400"
"SRC286","52","2","January 31, 2023","7","501","Class A-II Shares","20.0400"
"SRC286","52","2","January 31, 2023","8","542","Class A-III Shares","20.0400"
"SRC286","52","3","February 28, 2023","1","215","Class S Shares","20.0500"
"SRC286","52","3","February 28, 2023","2","276","Class D Class I Shares","20.0500 20.0500"
"SRC286","52","3","February 28, 2023","3","337","Class F-S Shares","20.0500"
"SRC286","52","3","February 28, 2023","4","378","Class F-D Shares","20.0500"
"SRC286","52","3","February 28, 2023","5","419","Class F-I Shares","20.0500"
"SRC286","52","3","February 28, 2023","6","460","Class A-I Shares","20.0500"
"SRC286","52","3","February 28, 2023","7","501","Class A-II Shares","20.0500"
"SRC286","52","3","February 28, 2023","8","542","Class A-III Shares","20.0500"
"SRC286","52","4","March 31, 2023(1)","1","215","Class S Shares","20.1500"
"SRC286","52","4","March 31, 2023(1)","2","276","Class D Class I Shares","20.1500 20.1500"
"SRC286","52","4","March 31, 2023(1)","3","337","Class F-S Shares","20.1500"
"SRC286","52","4","March 31, 2023(1)","4","378","Class F-D Shares","20.1500"
"SRC286","52","4","March 31, 2023(1)","5","419","Class F-I Shares","20.1400"
"SRC286","52","4","March 31, 2023(1)","6","460","Class A-I Shares","20.1800"
"SRC286","52","4","March 31, 2023(1)","7","501","Class A-II Shares","20.1500"
"SRC286","52","4","March 31, 2023(1)","8","542","Class A-III Shares","20.1500"
"SRC286","52","5","April 30, 2023","1","215","Class S Shares","20.2400"
"SRC286","52","5","April 30, 2023","2","276","Class D Class I Shares","20.2400 20.2400"
"SRC286","52","5","April 30, 2023","3","337","Class F-S Shares","20.2400"
"SRC286","52","5","April 30, 2023","4","378","Class F-D Shares","20.2400"
"SRC286","52","5","April 30, 2023","5","419","Class F-I Shares","20.1900"
"SRC286","52","5","April 30, 2023","6","460","Class A-I Shares","20.2500"
"SRC286","52","5","April 30, 2023","7","501","Class A-II Shares","20.2400"
"SRC286","52","5","April 30, 2023","8","542","Class A-III Shares","20.2400"
"SRC286","52","6","May 31, 2023","1","215","Class S Shares","20.2900"
"SRC286","52","6","May 31, 2023","2","276","Class D Class I Shares","20.2900 20.2900"
"SRC286","52","6","May 31, 2023","3","337","Class F-S Shares","20.2900"
"SRC286","52","6","May 31, 2023","4","378","Class F-D Shares","20.2900"
"SRC286","52","6","May 31, 2023","5","419","Class F-I Shares","20.2100"
"SRC286","52","6","May 31, 2023","6","460","Class A-I Shares","20.3000"
"SRC286","52","6","May 31, 2023","7","501","Class A-II Shares","20.2900"
"SRC286","52","6","May 31, 2023","8","542","Class A-III Shares","20.2900"
"SRC286","52","7","June 30, 2023","1","215","Class S Shares","20.3600"
"SRC286","52","7","June 30, 2023","2","276","Class D Class I Shares","20.3600 20.3600"
"SRC286","52","7","June 30, 2023","3","337","Class F-S Shares","20.3600"
"SRC286","52","7","June 30, 2023","4","378","Class F-D Shares","20.3600"
"SRC286","52","7","June 30, 2023","5","419","Class F-I Shares","20.2500"
"SRC286","52","7","June 30, 2023","6","460","Class A-I Shares","20.3800"
"SRC286","52","7","June 30, 2023","7","501","Class A-II Shares","20.3600"
"SRC286","52","7","June 30, 2023","8","542","Class A-III Shares","20.3600"
"SRC286","52","8","July 31, 2023","1","215","Class S Shares","20.3800"
"SRC286","52","8","July 31, 2023","2","276","Class D Class I Shares","20.3800 20.3800"
"SRC286","52","8","July 31, 2023","3","337","Class F-S Shares","20.3800"
"SRC286","52","8","July 31, 2023","4","378","Class F-D Shares","20.3800"
"SRC286","52","8","July 31, 2023","5","419","Class F-I Shares","20.2700"
"SRC286","52","8","July 31, 2023","6","460","Class A-I Shares","20.4200"
"SRC286","52","8","July 31, 2023","7","501","Class A-II Shares","20.3800"
"SRC286","52","8","July 31, 2023","8","542","Class A-III Shares","20.3800"
"SRC286","52","9","August 31, 2023","1","215","Class S Shares","20.4600"
"SRC286","52","9","August 31, 2023","2","276","Class D Class I Shares","20.4600 20.4600"
"SRC286","52","9","August 31, 2023","3","337","Class F-S Shares","20.4600"
"SRC286","52","9","August 31, 2023","4","378","Class F-D Shares","20.4600"
"SRC286","52","9","August 31, 2023","5","419","Class F-I Shares","20.3400"
"SRC286","52","9","August 31, 2023","6","460","Class A-I Shares","20.5100"
"SRC286","52","9","August 31, 2023","7","501","Class A-II Shares","20.4600"
"SRC286","52","9","August 31, 2023","8","542","Class A-III Shares","20.4600"
"SRC286","52","10","September 30, 2023","1","215","Class S Shares","20.5000"
"SRC286","52","10","September 30, 2023","2","276","Class D Class I Shares","20.5000 20.5000"
"SRC286","52","10","September 30, 2023","3","337","Class F-S Shares","20.5000"
"SRC286","52","10","September 30, 2023","4","378","Class F-D Shares","20.5000"
"SRC286","52","10","September 30, 2023","5","419","Class F-I Shares","20.3800"
"SRC286","52","10","September 30, 2023","6","460","Class A-I Shares","20.5600"
"SRC286","52","10","September 30, 2023","7","501","Class A-II Shares","20.5000"
"SRC286","52","10","September 30, 2023","8","542","Class A-III Shares","20.5000"
"SRC286","52","11","October 31, 2023(2)","1","215","Class S Shares","20.5368"
"SRC286","52","11","October 31, 2023(2)","2","276","Class D Class I Shares","20.5368 20.5368"
"SRC286","52","11","October 31, 2023(2)","3","337","Class F-S Shares","20.5368"
"SRC286","52","11","October 31, 2023(2)","4","378","Class F-D Shares","20.5368"
"SRC286","52","11","October 31, 2023(2)","5","419","Class F-I Shares","20.4096"
"SRC286","52","11","October 31, 2023(2)","6","460","Class A-I Shares","20.6098"
"SRC286","52","11","October 31, 2023(2)","7","501","Class A-II Shares","20.5368"
"SRC286","52","11","October 31, 2023(2)","8","542","Class A-III Shares","20.5368"
"SRC286","52","12","November 30, 2023","1","215","Class S Shares","20.6435"
"SRC286","52","12","November 30, 2023","2","276","Class D Class I Shares","20.6435 20.6435"
"SRC286","52","12","November 30, 2023","3","337","Class F-S Shares","20.6435"
"SRC286","52","12","November 30, 2023","4","378","Class F-D Shares","20.6435"
"SRC286","52","12","November 30, 2023","5","419","Class F-I Shares","20.4647"
"SRC286","52","12","November 30, 2023","6","460","Class A-I Shares","20.6802"
"SRC286","52","12","November 30, 2023","7","501","Class A-II Shares","20.6435"
"SRC286","52","12","November 30, 2023","8","542","Class A-III Shares","20.6435"
"SRC286","52","13","December 31, 2023 (3)","1","215","Class S Shares","20.7268"
"SRC286","52","13","December 31, 2023 (3)","2","276","Class D Class I Shares","20.7268 20.7268"
"SRC286","52","13","December 31, 2023 (3)","3","337","Class F-S Shares","20.7268"
"SRC286","52","13","December 31, 2023 (3)","4","378","Class F-D Shares","20.7268"
"SRC286","52","13","December 31, 2023 (3)","5","419","Class F-I Shares","20.5347"
"SRC286","52","13","December 31, 2023 (3)","6","460","Class A-I Shares","20.7693"
"SRC286","52","13","December 31, 2023 (3)","7","501","Class A-II Shares","20.7268"
"SRC286","52","13","December 31, 2023 (3)","8","542","Class A-III Shares","20.7268"
"SRC286","52","14","January 31, 2024","1","215","Class S Shares","20.7222"
"SRC286","52","14","January 31, 2024","2","276","Class D Class I Shares","20.7222 20.7222"
"SRC286","52","14","January 31, 2024","3","337","Class F-S Shares","20.7222"
"SRC286","52","14","January 31, 2024","4","378","Class F-D Shares","20.7222"
"SRC286","52","14","January 31, 2024","5","419","Class F-I Shares","20.5400"
"SRC286","52","14","January 31, 2024","6","460","Class A-I Shares","20.7854"
"SRC286","52","14","January 31, 2024","7","501","Class A-II Shares","20.7425"
"SRC286","52","14","January 31, 2024","8","542","Class A-III Shares","20.7222"
"SRC286","52","15","February 29, 2024","1","215","Class S Shares","20.8141"
"SRC286","52","15","February 29, 2024","2","276","Class D Class I Shares","20.8141 20.7999"
"SRC286","52","15","February 29, 2024","3","337","Class F-S Shares","20.8141"
"SRC286","52","15","February 29, 2024","4","378","Class F-D Shares","20.8141"
"SRC286","52","15","February 29, 2024","5","419","Class F-I Shares","20.6170"
"SRC286","52","15","February 29, 2024","6","460","Class A-I Shares","20.8798"
"SRC286","52","15","February 29, 2024","7","501","Class A-II Shares","20.8358"
"SRC286","52","15","February 29, 2024","8","542","Class A-III Shares","20.8141"
"SRC286","52","16","March 31, 2024 (4)","1","215","Class S Shares","20.8531"
"SRC286","52","16","March 31, 2024 (4)","2","276","Class D Class I Shares","20.8531 20.7986"
"SRC286","52","16","March 31, 2024 (4)","3","337","Class F-S Shares","20.8531"
"SRC286","52","16","March 31, 2024 (4)","4","378","Class F-D Shares","20.8531"
"SRC286","52","16","March 31, 2024 (4)","5","419","Class F-I Shares","20.6492"
"SRC286","52","16","March 31, 2024 (4)","6","460","Class A-I Shares","20.9289"
"SRC286","52","16","March 31, 2024 (4)","7","501","Class A-II Shares","20.8836"
"SRC286","52","16","March 31, 2024 (4)","8","542","Class A-III Shares","20.8531"
"SRC286","52","17","April 30, 2024","1","215","Class S Shares","20.9090"
"SRC286","52","17","April 30, 2024","2","276","Class D Class I Shares","20.9090 20.7993"
"SRC286","52","17","April 30, 2024","3","337","Class F-S Shares","20.9090"
"SRC286","52","17","April 30, 2024","4","378","Class F-D Shares","20.9090"
"SRC286","52","17","April 30, 2024","5","419","Class F-I Shares","20.6502"
"SRC286","52","17","April 30, 2024","6","460","Class A-I Shares","20.9432"
"SRC286","52","17","April 30, 2024","7","501","Class A-II Shares","20.8976"
"SRC286","52","17","April 30, 2024","8","542","Class A-III Shares","20.9090"
"SRC286","52","18","May 31,2024","1","215","Class S Shares","20.8603"
"SRC286","52","18","May 31,2024","2","276","Class D Class I Shares","20.9290 20.8063"
"SRC286","52","18","May 31,2024","3","337","Class F-S Shares","20.9290"
"SRC286","52","18","May 31,2024","4","378","Class F-D Shares","20.9290"
"SRC286","52","18","May 31,2024","5","419","Class F-I Shares","20.6595"
"SRC286","52","18","May 31,2024","6","460","Class A-I Shares","20.9638"
"SRC286","52","18","May 31,2024","7","501","Class A-II Shares","20.9177"
"SRC286","52","18","May 31,2024","8","542","Class A-III Shares","20.9290"
"SRC286","52","19","June 30, 2024","1","215","Class S Shares","20.8986"
"SRC286","52","19","June 30, 2024","2","276","Class D Class I Shares","20.9824 20.8409"
"SRC286","52","19","June 30, 2024","3","337","Class F-S Shares","20.9824"
"SRC286","52","19","June 30, 2024","4","378","Class F-D Shares","20.9824"
"SRC286","52","19","June 30, 2024","5","419","Class F-I Shares","20.6989"
"SRC286","52","19","June 30, 2024","6","460","Class A-I Shares","21.0176"
"SRC286","52","19","June 30, 2024","7","501","Class A-II Shares","20.9706"
"SRC286","52","19","June 30, 2024","8","542","Class A-III Shares","20.9824"
"SRC286","52","20","July 31, 2024","1","215","Class S Shares","20.9071"
"SRC286","52","20","July 31, 2024","2","276","Class D Class I Shares","20.9997 20.8449"
"SRC286","52","20","July 31, 2024","3","337","Class F-S Shares","20.9997"
"SRC286","52","20","July 31, 2024","4","378","Class F-D Shares","20.9997"
"SRC286","52","20","July 31, 2024","5","419","Class F-I Shares","20.7079"
"SRC286","52","20","July 31, 2024","6","460","Class A-I Shares","21.0378"
"SRC286","52","20","July 31, 2024","7","501","Class A-II Shares","20.9861"
"SRC286","52","20","July 31, 2024","8","542","Class A-III Shares","20.9997"
"SRC286","52","21","August 30, 2024","1","215","Class S Shares","20.9567"
"SRC286","52","21","August 30, 2024","2","276","Class D Class I Shares","21.0663 20.8918"
"SRC286","52","21","August 30, 2024","3","337","Class F-S Shares","21.0663"
"SRC286","52","21","August 30, 2024","4","378","Class F-D Shares","21.0663"
"SRC286","52","21","August 30, 2024","5","419","Class F-I Shares","20.7592"
"SRC286","52","21","August 30, 2024","6","460","Class A-I Shares","21.1056"
"SRC286","52","21","August 30, 2024","7","501","Class A-II Shares","21.0530"
"SRC286","52","21","August 30, 2024","8","542","Class A-III Shares","21.0663"
"SRC286","52","22","September 30, 2024","1","215","Class S Shares","20.9620"
"SRC286","52","22","September 30, 2024","2","276","Class D Class I Shares","21.0807 20.8876"
"SRC286","52","22","September 30, 2024","3","337","Class F-S Shares","21.0807"
"SRC286","52","22","September 30, 2024","4","378","Class F-D Shares","21.0807"
"SRC286","52","22","September 30, 2024","5","419","Class F-I Shares","20.7649"
"SRC286","52","22","September 30, 2024","6","460","Class A-I Shares","21.1215"
"SRC286","52","22","September 30, 2024","7","501","Class A-II Shares","21.0670"
"SRC286","52","22","September 30, 2024","8","542","Class A-III Shares","21.0807"
"SRC286","52","23","October 31, 2024 (5)","1","215","Class S Shares","21.0056"
"SRC286","52","23","October 31, 2024 (5)","2","276","Class D Class I Shares","21.1168 20.9352"
"SRC286","52","23","October 31, 2024 (5)","3","337","Class F-S Shares","21.1468"
"SRC286","52","23","October 31, 2024 (5)","4","378","Class F-D Shares","21.1468"
"SRC286","52","23","October 31, 2024 (5)","5","419","Class F-I Shares","20.8190"
"SRC286","52","23","October 31, 2024 (5)","6","460","Class A-I Shares","21.1902"
"SRC286","52","23","October 31, 2024 (5)","7","501","Class A-II Shares","21.1320"
"SRC286","52","23","October 31, 2024 (5)","8","542","Class A-III Shares","21.1468"
"SRC286","52","24","November 30, 2024","1","215","Class S Shares","21.0081"
"SRC286","52","24","November 30, 2024","2","276","Class D Class I Shares","21.1175 20.9338"
"SRC286","52","24","November 30, 2024","3","337","Class F-S Shares","21.1675"
"SRC286","52","24","November 30, 2024","4","378","Class F-D Shares","21.1675"
"SRC286","52","24","November 30, 2024","5","419","Class F-I Shares","20.8202"
"SRC286","52","24","November 30, 2024","6","460","Class A-I Shares","21.2043"
"SRC286","52","24","November 30, 2024","7","501","Class A-II Shares","21.1675"
"SRC286","52","24","November 30, 2024","8","542","Class A-III Shares","21.1604"
"SRC286","52","25","December 31, 2024","1","215","Class S Shares","21.0475"
"SRC286","52","25","December 31, 2024","2","276","Class D Class I Shares","21.1564 20.9716"
"SRC286","52","25","December 31, 2024","3","337","Class F-S Shares","21.2217"
"SRC286","52","25","December 31, 2024","4","378","Class F-D Shares","21.2217"
"SRC286","52","25","December 31, 2024","5","419","Class F-I Shares","20.8612"
"SRC286","52","25","December 31, 2024","6","460","Class A-I Shares","21.2614"
"SRC286","52","25","December 31, 2024","7","501","Class A-II Shares","21.2217"
"SRC286","52","25","December 31, 2024","8","542","Class A-III Shares","21.2169"
"SRC286","52","26","(1) Due to an anchor share exchange","2","276","Class D Class I Shares","1, 2023"
"SRC286","52","26","(1) Due to an anchor share exchange","6","460","Class A-I Shares","4, 2023."
"SRC286","52","27","(2) Due to an anchor share exchange","2","276","Class D Class I Shares","1, 2023"
"SRC286","52","27","(2) Due to an anchor share exchange","7","501","Class A-II Shares","2,"
"SRC286","52","27","(2) Due to an anchor share exchange","8","542","Class A-III Shares","2023."
"SRC286","52","28","(3) Due to an anchor share exchange","2","276","Class D Class I Shares","1, 2024"
"SRC286","52","28","(3) Due to an anchor share exchange","7","501","Class A-II Shares","3, 2024."
"SRC286","52","29","(4) Due to an anchor share exchange","2","276","Class D Class I Shares","1, 2024"
"SRC286","52","29","(4) Due to an anchor share exchange","6","460","Class A-I Shares","2, 2024."
"SRC286","52","30","(5) Due to an anchor share exchange","2","276","Class D Class I Shares","1, 2024"
"SRC286","52","30","(5) Due to an anchor share exchange","7","501","Class A-II Shares","4,"
"SRC286","52","30","(5) Due to an anchor share exchange","8","542","Class A-III Shares","2024."
"SRC286","52","31","FASB Accounting Standards Codification","1","215","Class S Shares","820,"
"SRC286","55","1","Net asset value $ 121","2","204","Class D Shares","100"
"SRC286","55","1","Net asset value $ 121","3","227","Class I Shares","21,343"
"SRC286","55","1","Net asset value $ 121","4","273","Class F- I Shares","32,663"
"SRC286","55","1","Net asset value $ 121","5","304","Class A- I Shares","352,569"
"SRC286","55","1","Net asset value $ 121","6","345","III Shares","542,009"
"SRC286","55","1","Net asset value $ 121","7","388","Class E Shares(1)","10,445"
"SRC286","55","1","Net asset value $ 121","8","432","Class A-I Units(2)","114,489"
"SRC286","55","1","Net asset value $ 121","10","504","Class E Units(2)","2,817"
"SRC286","55","1","Net asset value $ 121","11","540","Total","1,076,556"
"SRC286","55","2","$ 21.0475","1","171","S Shares","21.1564"
"SRC286","55","2","$ 21.0475","3","227","Class I Shares","20.9716"
"SRC286","55","2","$ 21.0475","4","273","Class F- I Shares","20.8612"
"SRC286","55","2","$ 21.0475","5","304","Class A- I Shares","21.2614"
"SRC286","55","2","$ 21.0475","6","345","III Shares","21.2169"
"SRC286","55","2","$ 21.0475","7","388","Class E Shares(1)","21.3363"
"SRC286","55","2","$ 21.0475","8","432","Class A-I Units(2)","21.2614"
"SRC286","55","2","$ 21.0475","10","504","Class E Units(2)","21.3363"
"SRC286","55","2","$ 21.0475","11","540","Total","21.2217"
"SRC286","55","3","Industrial","5","304","Discount","7.8%"
"SRC286","55","3","Industrial","9","477","Capitalization","6.3%"
"SRC286","55","4","Discount rate","4","273","Hypothetical","0.25%"
"SRC286","55","5","(weighted average)","4","273","Hypothetical","0.25%"
"SRC286","55","6","Exit Capitalization Rate","4","273","Hypothetical","0.25%"
"SRC286","55","7","(weighted average)","4","273","Hypothetical","0.25%"
"SRC286","55","8","Reconciliation of Stockholders'","10","504","Investment","31,"
"SRC286","55","8","Reconciliation of Stockholders'","11","540","Values sheet","2024"
"SRC286","55","9","Stockholders' equity under U.S.","11","540","Values sheet","934,053"
"SRC286","55","10","Non-controlling interests attributable","11","540","Values sheet","108,290"
"SRC286","55","11","Redeemable non-controlling interests","11","540","Values sheet","2,817"
"SRC286","55","12","partners' capital under GAAP","11","540","Values sheet","1,045,160"
"SRC286","55","13","Advanced organization and offering","11","540","Values sheet","15,245"
"SRC286","55","14","Unrealized net real estate appreciation","11","540","Values sheet","9,069"
"SRC286","55","15","Accumulated depreciation and","11","540","Values sheet","7,067"
"SRC286","55","16","Accrued stockholder servicing","11","540","Values sheet","15"
"SRC286","55","17","NAV","11","540","Values sheet","1,076,556"
"SRC286","55","18","commissions, dealer","8","432","Industrial","22, 2023."
"SRC286","55","19","Adviser and its affiliates","7","388","partners' capital","22,"
"SRC286","55","19","Adviser and its affiliates","8","432","Industrial","2023"
"SRC286","55","19","Adviser and its affiliates","10","504","Investment","60"
"SRC286","55","20","beginning December","1","171","","22, 2024."
"SRC286","56","1","$ 0.8858","2","281","Class D","0.3361"
"SRC286","56","1","$ 0.8858","3","328","Class I","1.1967"
"SRC286","56","1","$ 0.8858","4","369","Class F-I","1.2939"
"SRC286","56","1","$ 0.8858","5","437","Class A- Class A-I II","1.2939 1.0698"
"SRC286","56","1","$ 0.8858","6","504","Class A- III","0.2241"
"SRC286","56","1","$ 0.8858","7","550","Class E","1.2939"
"SRC286","56","2","Management fee per share of common stock (0.1759","2","281","Class D","(0.0661"
"SRC286","56","2","Management fee per share of common stock (0.1759","3","328","Class I","(0.2412"
"SRC286","56","2","Management fee per share of common stock (0.1759","4","369","Class F-I","(0.2095"
"SRC286","56","2","Management fee per share of common stock (0.1759","5","437","Class A- Class A-I II","(0.2113 (0.1618"
"SRC286","56","2","Management fee per share of common stock (0.1759","6","504","Class A- III","(0.0303"
"SRC286","56","3","Stockholder servicing fee per share of common stock (0.1193","2","281","Class D","(0.0134"
"SRC286","56","4","Net distribution declared per share of common stock $ 0.5906","2","281","Class D","0.2566"
"SRC286","56","4","Net distribution declared per share of common stock $ 0.5906","3","328","Class I","0.9555"
"SRC286","56","4","Net distribution declared per share of common stock $ 0.5906","4","369","Class F-I","1.0844"
"SRC286","56","4","Net distribution declared per share of common stock $ 0.5906","5","437","Class A- Class A-I II","1.0826 0.9080"
"SRC286","56","4","Net distribution declared per share of common stock $ 0.5906","6","504","Class A- III","0.1938"
"SRC286","56","4","Net distribution declared per share of common stock $ 0.5906","7","550","Class E","1.2939"
"SRC286","56","5","$","4","369","Class F-I","0.7810"
"SRC286","56","5","$","5","437","Class A- Class A-I II","0.7810"
"SRC286","56","5","$","7","550","Class E","0.7810"
"SRC286","56","6","Management fee per share of common stock","4","369","Class F-I","(0.1510"
"SRC286","56","6","Management fee per share of common stock","5","437","Class A- Class A-I II","(0.1510"
"SRC286","56","7","Net distribution declared per share of common stock $","4","369","Class F-I","0.6300"
"SRC286","56","7","Net distribution declared per share of common stock $","5","437","Class A- Class A-I II","0.6300"
"SRC286","56","7","Net distribution declared per share of common stock $","7","550","Class E","0.7810"
"SRC286","56","8","The following tables summarizes our distributions declared","5","437","Class A- Class A-I II","31, 2024"
"SRC286","56","9","Year","3","328","Class I","31, 2024"
"SRC286","56","9","Year","6","504","Class A- III","31, 2023"
"SRC286","56","10","Payable in cash $","1","251","Class S","31,166"
"SRC286","56","10","Payable in cash $","4","369","Class F-I","72 %"
"SRC286","56","10","Payable in cash $","5","437","Class A- Class A-I II","8,920"
"SRC286","56","10","Payable in cash $","7","550","Class E","72 %"
"SRC286","56","11","Reinvested in shares","1","251","Class S","11,960"
"SRC286","56","11","Reinvested in shares","4","369","Class F-I","28 %"
"SRC286","56","11","Reinvested in shares","5","437","Class A- Class A-I II","3,551"
"SRC286","56","11","Reinvested in shares","7","550","Class E","28 %"
"SRC286","56","12","Total distributions(1) $","1","251","Class S","43,126"
"SRC286","56","12","Total distributions(1) $","4","369","Class F-I","100 %"
"SRC286","56","12","Total distributions(1) $","5","437","Class A- Class A-I II","12,471"
"SRC286","56","12","Total distributions(1) $","7","550","Class E","100 %"
"SRC286","56","13","Cash flows from operating activities(2) $","1","251","Class S","43,126"
"SRC286","56","13","Cash flows from operating activities(2) $","4","369","Class F-I","100 %"
"SRC286","56","13","Cash flows from operating activities(2) $","5","437","Class A- Class A-I II","12,471"
"SRC286","56","13","Cash flows from operating activities(2) $","7","550","Class E","100 %"
"SRC286","56","14","Total sources of distributions $","1","251","Class S","43,126"
"SRC286","56","14","Total sources of distributions $","4","369","Class F-I","100 %"
"SRC286","56","14","Total sources of distributions $","5","437","Class A- Class A-I II","12,471"
"SRC286","56","14","Total sources of distributions $","7","550","Class E","100 %"
"SRC286","56","15","AFFO $","1","251","Class S","57,244"
"SRC286","56","15","AFFO $","5","437","Class A- Class A-I II","18,669"
"SRC286","56","16","(2) During the years ended December 31, 2024","2","281","Class D","2023,"
"SRC286","57","1","Year","2","524","","31,"
"SRC286","57","2","2024","2","524","","2023"
"SRC286","57","3","Net income $","1","460","","50,509"
"SRC286","57","3","Net income $","3","547","","17,329"
"SRC286","57","4","Depreciation and amortization","1","460","","8,996"
"SRC286","57","4","Depreciation and amortization","3","547","","2,544"
"SRC286","57","5","FFO $","1","460","","59,505"
"SRC286","57","5","FFO $","3","547","","19,873"
"SRC286","57","6","Straight-line rental income","1","460","","(2,172"
"SRC286","57","6","Straight-line rental income","3","547","","(1,425"
"SRC286","57","7","Unrealized (gain)/loss on fair value of investments in real estate debt","1","460","","35"
"SRC286","57","7","Unrealized (gain)/loss on fair value of investments in real estate debt","3","547","","(207"
"SRC286","57","8","Non-cash performance participation allocation","1","460","","443"
"SRC286","57","8","Non-cash performance participation allocation","3","547","","562"
"SRC286","57","9","Amortization of restricted stock awards","1","460","","100"
"SRC286","57","9","Amortization of restricted stock awards","3","547","","75"
"SRC286","57","10","Amortization of above- and below-market leases, net","1","460","","(667"
"SRC286","57","10","Amortization of above- and below-market leases, net","3","547","","(209"
"SRC286","57","11","AFFO $","1","460","","57,244"
"SRC286","57","11","AFFO $","3","547","","18,669"
"SRC286","58","1","During the year ended December","1","171","","31,"
"SRC286","58","1","During the year ended December","2","186","","2024,"
"SRC286","58","2","the Adviser's election, we issued","1","171","","301,844"
"SRC286","58","2","the Adviser's election, we issued","4","265","","52,546"
"SRC286","58","2","the Adviser's election, we issued","11","560","","31,"
"SRC286","58","3","Partnership units, in each case at","8","442","","31, 2024,"
"SRC286","58","4","Special Limited Partner's election,","3","206","","26,977"
"SRC286","58","5","the year ended December 31, 2024","10","540","","31, 2023."
"SRC286","58","6","For the year ended December 31,","1","171","","2024,"
"SRC286","58","6","For the year ended December 31,","6","333","","$0.4"
"SRC286","58","7","During the year ended December","1","171","","31,"
"SRC286","58","7","During the year ended December","2","186","","2024,"
"SRC286","58","7","During the year ended December","5","311","","63,179"
"SRC286","58","8","our directors pursuant to a private","6","333","","$1.3"
"SRC286","58","8","our directors pursuant to a private","10","540","","31,"
"SRC286","58","9","2024, we issued 117 Class E shares","8","442","","$2"
"SRC286","58","10","During the year ended December","1","171","","31,"
"SRC286","58","10","During the year ended December","2","186","","2024,"
"SRC286","58","11","connection with such dividend reinvestment,","4","265","","264,063"
"SRC286","58","11","connection with such dividend reinvestment,","5","311","","5,946"
"SRC286","58","12","unitholders of the Operating Partnership","9","491","","31, 2024."
"SRC286","58","13","Shares sold","3","206","","6"
"SRC286","58","13","Shares sold","4","265","Class D Shares","5"
"SRC286","58","13","Shares sold","5","311","Class I Shares","1,010"
"SRC286","58","13","Shares sold","6","333","Class F-I Shares","17,027"
"SRC286","58","13","Shares sold","7","385","Class A-I Shares","13,563"
"SRC286","58","13","Shares sold","8","442","Class A-II Shares","12,103"
"SRC286","58","13","Shares sold","9","491","Class A-III Shares","1,198"
"SRC286","58","13","Shares sold","10","540","","44,912"
"SRC286","58","14","Gross offering proceeds","3","206","","122"
"SRC286","58","14","Gross offering proceeds","4","265","Class D Shares","100 21,067"
"SRC286","58","14","Gross offering proceeds","6","333","Class F-I Shares","344,195"
"SRC286","58","14","Gross offering proceeds","7","385","Class A-I Shares","280,057"
"SRC286","58","14","Gross offering proceeds","8","442","Class A-II Shares","253,388"
"SRC286","58","14","Gross offering proceeds","9","491","Class A-III Shares","25,324"
"SRC286","58","14","Gross offering proceeds","10","540","","924,253"
"SRC286","58","15","Net offering proceeds","3","206","","120"
"SRC286","58","15","Net offering proceeds","4","265","Class D Shares","99 21,067"
"SRC286","58","15","Net offering proceeds","6","333","Class F-I Shares","344,195"
"SRC286","58","15","Net offering proceeds","7","385","Class A-I Shares","280,057"
"SRC286","58","15","Net offering proceeds","8","442","Class A-II Shares","253,388"
"SRC286","58","15","Net offering proceeds","9","491","Class A-III Shares","25,324"
"SRC286","58","15","Net offering proceeds","10","540","","924,250"
"SRC286","58","16","We primarily used the net proceeds","9","491","Class A-III Shares","$279.2"
"SRC286","58","17","estate, $814.2 million in commercial","4","265","Class D Shares","$81.0"
"SRC286","58","18","Class A-II shares, Class A-III shares","5","311","F-S","2%"
"SRC286","58","18","Class A-II shares, Class A-III shares","9","491","Class","5%"
"SRC286","58","19","During the three months ended December","3","206","the share repurchase","31, 2024,"
"SRC286","58","19","During the three months ended December","5","311","","100,885"
"SRC286","58","19","During the three months ended December","10","540","","151,835"
"SRC286","58","20","A-II shares and 108,053 of Class","7","385","","$8.3"
"SRC286","59","1","October","1","71","Month of","2024"
"SRC286","59","1","October","2","151","Repurchased","23,035"
"SRC286","59","1","October","3","253","Share","21.09"
"SRC286","59","1","October","4","341","Programs","23,035"
"SRC286","59","1","October","5","448","NAV(1)","0.05 %"
"SRC286","59","2","November","1","71","Month of","2024"
"SRC286","59","2","November","2","151","Repurchased","20,120"
"SRC286","59","2","November","3","253","Share","21.17"
"SRC286","59","2","November","4","341","Programs","20,120"
"SRC286","59","2","November","5","448","NAV(1)","0.04 %"
"SRC286","59","3","December","1","71","Month of","2024"
"SRC286","59","3","December","2","151","Repurchased","103,881"
"SRC286","59","3","December","3","253","Share","21.16"
"SRC286","59","3","December","4","341","Programs","103,881"
"SRC286","59","3","December","5","448","NAV(1)","0.21 %"
"SRC286","59","4","Total","2","151","Repurchased","147,036"
"SRC286","59","4","Total","3","253","Share","21.15"
"SRC286","59","4","Total","4","341","Programs","147,036"
"SRC286","59","4","Total","5","448","NAV(1)","0.31 %"
"SRC286","59","5","ITEM","1","71","Month of","6."
"SRC286","61","1","Annualized","7","321","Class S","4.3%"
"SRC286","61","1","Annualized","8","366","Class D","4.9%"
"SRC286","61","1","Annualized","9","411","Class I","5.2%"
"SRC286","61","1","Annualized","10","456","Class F-I","5.4%"
"SRC286","61","1","Annualized","11","506","Class A-I","5.3%"
"SRC286","61","1","Annualized","12","546","(1)","5.5%"
"SRC286","61","2","We began","7","321","Class S","2022."
"SRC286","61","3","regarding","4","233","","22, 2022,"
"SRC286","66","1","The following","6","458","","31, 2024"
"SRC286","66","2","Investment","8","551","","(2)"
"SRC286","66","3","Center","2","201","","1"
"SRC286","66","3","Center","5","377","","2024"
"SRC286","66","3","Center","6","458","","708"
"SRC286","66","3","Center","7","492","","100%"
"SRC286","66","3","Center","8","551","","59,100"
"SRC286","66","4","estate:","6","458","","2,031"
"SRC286","66","4","estate:","8","551","","288,400"
"SRC286","66","5","(2)","3","228","","31, 2024."
"SRC286","66","6","The following","8","551","","31,"
"SRC286","66","7","expire within","1","92","","12"
"SRC286","66","8","Total","2","201","","23"
"SRC286","66","8","Total","4","279","","14,685"
"SRC286","66","8","Total","5","377","","100 %"
"SRC286","66","8","Total","6","458","","1,838"
"SRC286","66","8","Total","8","551","","100 %"
"SRC286","66","9","(1)","7","492","","31,"
"SRC286","67","1","Commercial mortgage loan 21","2","312","","7.9 %"
"SRC286","67","1","Commercial mortgage loan 21","3","368","Weighted Average Maturity Date (2)","2028"
"SRC286","67","1","Commercial mortgage loan 21","4","435","Face Amount","701,742"
"SRC286","67","1","Commercial mortgage loan 21","5","486","Cost Basis","701,720"
"SRC286","67","1","Commercial mortgage loan 21","6","542","Fair Value","701,566"
"SRC286","67","2","Mezzanine loan 2","2","312","","10.6 %"
"SRC286","67","2","Mezzanine loan 2","3","368","Weighted Average Maturity Date (2)","2028"
"SRC286","67","2","Mezzanine loan 2","4","435","Face Amount","112,500"
"SRC286","67","2","Mezzanine loan 2","5","486","Cost Basis","112,500"
"SRC286","67","2","Mezzanine loan 2","6","542","Fair Value","112,500"
"SRC286","67","3","29","2","312","","6.0 %"
"SRC286","67","3","29","3","368","Weighted Average Maturity Date (2)","2038"
"SRC286","67","3","29","4","435","Face Amount","73,035"
"SRC286","67","3","29","5","486","Cost Basis","72,794"
"SRC286","67","3","29","6","542","Fair Value","73,120"
"SRC286","67","4","52","2","312","","8.1 %"
"SRC286","67","4","52","3","368","Weighted Average Maturity Date (2)","2029"
"SRC286","67","4","52","4","435","Face Amount","887,277"
"SRC286","67","4","52","5","486","Cost Basis","887,014"
"SRC286","67","4","52","6","542","Fair Value","887,186"
"SRC286","67","5","(1) Based on applicable benchmark rates as of December","2","312","","31, 2024."
"SRC286","67","6","1 First Mortgage Data Center Southwest","1","275","Coupon(1)","6.8%"
"SRC286","67","6","1 First Mortgage Data Center Southwest","3","368","Maturity Date(2)","2030"
"SRC286","67","6","1 First Mortgage Data Center Southwest","4","435","Commitment","125,000"
"SRC286","67","6","1 First Mortgage Data Center Southwest","5","486","Cost Basis","25,091"
"SRC286","67","6","1 First Mortgage Data Center Southwest","6","542","Fair Value","25,091"
"SRC286","67","7","2 First Mortgage Data Center","1","275","Coupon(1)","8.2%"
"SRC286","67","7","2 First Mortgage Data Center","3","368","Maturity Date(2)","2029"
"SRC286","67","7","2 First Mortgage Data Center","4","435","Commitment","85,000"
"SRC286","67","7","2 First Mortgage Data Center","5","486","Cost Basis","40,691"
"SRC286","67","7","2 First Mortgage Data Center","6","542","Fair Value","40,691"
"SRC286","67","8","3 First Mortgage Multifamily Northeast","1","275","Coupon(1)","8.1%"
"SRC286","67","8","3 First Mortgage Multifamily Northeast","3","368","Maturity Date(2)","2025"
"SRC286","67","8","3 First Mortgage Multifamily Northeast","4","435","Commitment","75,000"
"SRC286","67","8","3 First Mortgage Multifamily Northeast","5","486","Cost Basis","68,173"
"SRC286","67","8","3 First Mortgage Multifamily Northeast","6","542","Fair Value","68,194"
"SRC286","67","9","4 First Mortgage Data Center","1","275","Coupon(1)","8.7%"
"SRC286","67","9","4 First Mortgage Data Center","3","368","Maturity Date(2)","2030"
"SRC286","67","9","4 First Mortgage Data Center","4","435","Commitment","75,000"
"SRC286","67","9","4 First Mortgage Data Center","5","486","Cost Basis","18,420"
"SRC286","67","9","4 First Mortgage Data Center","6","542","Fair Value","18,420"
"SRC286","67","10","5 First Mortgage Multifamily Northeast","1","275","Coupon(1)","8.6%"
"SRC286","67","10","5 First Mortgage Multifamily Northeast","3","368","Maturity Date(2)","2028"
"SRC286","67","10","5 First Mortgage Multifamily Northeast","4","435","Commitment","65,000"
"SRC286","67","10","5 First Mortgage Multifamily Northeast","5","486","Cost Basis","31,473"
"SRC286","67","10","5 First Mortgage Multifamily Northeast","6","542","Fair Value","31,473"
"SRC286","67","11","6 First Mortgage Data Center","1","275","Coupon(1)","7.8%"
"SRC286","67","11","6 First Mortgage Data Center","3","368","Maturity Date(2)","2029"
"SRC286","67","11","6 First Mortgage Data Center","4","435","Commitment","65,000"
"SRC286","67","11","6 First Mortgage Data Center","5","486","Cost Basis","10,846"
"SRC286","67","11","6 First Mortgage Data Center","6","542","Fair Value","10,846"
"SRC286","67","12","7 Mezzanine Multifamily Various","1","275","Coupon(1)","11.0%"
"SRC286","67","12","7 Mezzanine Multifamily Various","3","368","Maturity Date(2)","2029"
"SRC286","67","12","7 Mezzanine Multifamily Various","4","435","Commitment","62,500"
"SRC286","67","12","7 Mezzanine Multifamily Various","5","486","Cost Basis","62,500"
"SRC286","67","12","7 Mezzanine Multifamily Various","6","542","Fair Value","62,500"
"SRC286","67","13","8 First Mortgage Multifamily West","1","275","Coupon(1)","7.3%"
"SRC286","67","13","8 First Mortgage Multifamily West","3","368","Maturity Date(2)","2029"
"SRC286","67","13","8 First Mortgage Multifamily West","4","435","Commitment","60,000"
"SRC286","67","13","8 First Mortgage Multifamily West","5","486","Cost Basis","60,000"
"SRC286","67","13","8 First Mortgage Multifamily West","6","542","Fair Value","60,000"
"SRC286","67","14","9 Mezzanine Industrial Various","1","275","Coupon(1)","10.0%"
"SRC286","67","14","9 Mezzanine Industrial Various","3","368","Maturity Date(2)","2026"
"SRC286","67","14","9 Mezzanine Industrial Various","4","435","Commitment","50,000"
"SRC286","67","14","9 Mezzanine Industrial Various","5","486","Cost Basis","50,000"
"SRC286","67","14","9 Mezzanine Industrial Various","6","542","Fair Value","50,000"
"SRC286","67","15","10 First Mortgage Multifamily Northeast","1","275","Coupon(1)","7.3%"
"SRC286","67","15","10 First Mortgage Multifamily Northeast","3","368","Maturity Date(2)","2029"
"SRC286","67","15","10 First Mortgage Multifamily Northeast","4","435","Commitment","50,000"
"SRC286","67","15","10 First Mortgage Multifamily Northeast","5","486","Cost Basis","50,000"
"SRC286","67","15","10 First Mortgage Multifamily Northeast","6","542","Fair Value","50,000"
"SRC286","67","16","11 First Mortgage Industrial Northeast","1","275","Coupon(1)","7.8%"
"SRC286","67","16","11 First Mortgage Industrial Northeast","3","368","Maturity Date(2)","2028"
"SRC286","67","16","11 First Mortgage Industrial Northeast","4","435","Commitment","50,000"
"SRC286","67","16","11 First Mortgage Industrial Northeast","5","486","Cost Basis","49,761"
"SRC286","67","16","11 First Mortgage Industrial Northeast","6","542","Fair Value","49,761"
"SRC286","67","17","12 First Mortgage Data Center","1","275","Coupon(1)","8.5%"
"SRC286","67","17","12 First Mortgage Data Center","3","368","Maturity Date(2)","2028"
"SRC286","67","17","12 First Mortgage Data Center","4","435","Commitment","50,000"
"SRC286","67","17","12 First Mortgage Data Center","5","486","Cost Basis","48,787"
"SRC286","67","17","12 First Mortgage Data Center","6","542","Fair Value","48,787"
"SRC286","67","18","13 First Mortgage Hotel West","1","275","Coupon(1)","8.1%"
"SRC286","67","18","13 First Mortgage Hotel West","3","368","Maturity Date(2)","2029"
"SRC286","67","18","13 First Mortgage Hotel West","4","435","Commitment","50,000"
"SRC286","67","18","13 First Mortgage Hotel West","5","486","Cost Basis","45,512"
"SRC286","67","18","13 First Mortgage Hotel West","6","542","Fair Value","45,512"
"SRC286","67","19","14 First Mortgage Self-Storage Various","1","275","Coupon(1)","7.6%"
"SRC286","67","19","14 First Mortgage Self-Storage Various","3","368","Maturity Date(2)","2028"
"SRC286","67","19","14 First Mortgage Self-Storage Various","4","435","Commitment","50,000"
"SRC286","67","19","14 First Mortgage Self-Storage Various","5","486","Cost Basis","40,700"
"SRC286","67","19","14 First Mortgage Self-Storage Various","6","542","Fair Value","40,700"
"SRC286","67","20","15 First Mortgage Multifamily Southeast","1","275","Coupon(1)","8.6%"
"SRC286","67","20","15 First Mortgage Multifamily Southeast","3","368","Maturity Date(2)","2028"
"SRC286","67","20","15 First Mortgage Multifamily Southeast","4","435","Commitment","50,000"
"SRC286","67","20","15 First Mortgage Multifamily Southeast","5","486","Cost Basis","6,415"
"SRC286","67","20","15 First Mortgage Multifamily Southeast","6","542","Fair Value","6,415"
"SRC286","67","21","16 First Mortgage Multifamily Southwest","1","275","Coupon(1)","7.3%"
"SRC286","67","21","16 First Mortgage Multifamily Southwest","3","368","Maturity Date(2)","2029"
"SRC286","67","21","16 First Mortgage Multifamily Southwest","4","435","Commitment","35,000"
"SRC286","67","21","16 First Mortgage Multifamily Southwest","5","486","Cost Basis","31,130"
"SRC286","67","21","16 First Mortgage Multifamily Southwest","6","542","Fair Value","31,130"
"SRC286","67","22","17 First Mortgage Multifamily Northeast","1","275","Coupon(1)","8.1%"
"SRC286","67","22","17 First Mortgage Multifamily Northeast","3","368","Maturity Date(2)","2025"
"SRC286","67","22","17 First Mortgage Multifamily Northeast","4","435","Commitment","26,000"
"SRC286","67","22","17 First Mortgage Multifamily Northeast","5","486","Cost Basis","26,000"
"SRC286","67","22","17 First Mortgage Multifamily Northeast","6","542","Fair Value","26,000"
"SRC286","67","23","18 First Mortgage Hotel Various","1","275","Coupon(1)","8.5%"
"SRC286","67","23","18 First Mortgage Hotel Various","3","368","Maturity Date(2)","2026"
"SRC286","67","23","18 First Mortgage Hotel Various","4","435","Commitment","25,000"
"SRC286","67","23","18 First Mortgage Hotel Various","5","486","Cost Basis","25,000"
"SRC286","67","23","18 First Mortgage Hotel Various","6","542","Fair Value","25,000"
"SRC286","67","24","19 First Mortgage Hotel Northeast","1","275","Coupon(1)","7.9%"
"SRC286","67","24","19 First Mortgage Hotel Northeast","3","368","Maturity Date(2)","2027"
"SRC286","67","24","19 First Mortgage Hotel Northeast","4","435","Commitment","25,000"
"SRC286","67","24","19 First Mortgage Hotel Northeast","5","486","Cost Basis","25,000"
"SRC286","67","24","19 First Mortgage Hotel Northeast","6","542","Fair Value","25,000"
"SRC286","67","25","20 First Mortgage Hotel Various","1","275","Coupon(1)","8.1%"
"SRC286","67","25","20 First Mortgage Hotel Various","3","368","Maturity Date(2)","2028"
"SRC286","67","25","20 First Mortgage Hotel Various","4","435","Commitment","25,000"
"SRC286","67","25","20 First Mortgage Hotel Various","5","486","Cost Basis","24,023"
"SRC286","67","25","20 First Mortgage Hotel Various","6","542","Fair Value","23,848"
"SRC286","67","26","21 First Mortgage Life Sciences Northeast","1","275","Coupon(1)","7.6%"
"SRC286","67","26","21 First Mortgage Life Sciences Northeast","3","368","Maturity Date(2)","2029"
"SRC286","67","26","21 First Mortgage Life Sciences Northeast","4","435","Commitment","25,000"
"SRC286","67","26","21 First Mortgage Life Sciences Northeast","5","486","Cost Basis","20,941"
"SRC286","67","26","21 First Mortgage Life Sciences Northeast","6","542","Fair Value","20,941"
"SRC286","67","27","22 First Mortgage Multifamily Midwest","1","275","Coupon(1)","8.6%"
"SRC286","67","27","22 First Mortgage Multifamily Midwest","3","368","Maturity Date(2)","2028"
"SRC286","67","27","22 First Mortgage Multifamily Midwest","4","435","Commitment","25,000"
"SRC286","67","27","22 First Mortgage Multifamily Midwest","5","486","Cost Basis","17,497"
"SRC286","67","27","22 First Mortgage Multifamily Midwest","6","542","Fair Value","17,497"
"SRC286","67","28","23 First Mortgage Other (3) West","1","275","Coupon(1)","8.3%"
"SRC286","67","28","23 First Mortgage Other (3) West","3","368","Maturity Date(2)","2028"
"SRC286","67","28","23 First Mortgage Other (3) West","4","435","Commitment","100,000"
"SRC286","67","28","23 First Mortgage Other (3) West","5","486","Cost Basis","36,260"
"SRC286","67","28","23 First Mortgage Other (3) West","6","542","Fair Value","36,260"
"SRC286","67","29","Total W/A","1","275","Coupon(1)","8.3%"
"SRC286","67","29","Total W/A","3","368","Maturity Date(2)","2028"
"SRC286","67","29","Total W/A","4","435","Commitment","1,248,500"
"SRC286","67","29","Total W/A","5","486","Cost Basis","814,220"
"SRC286","67","29","Total W/A","6","542","Fair Value","814,066"
"SRC286","67","30","(1) Based on applicable benchmark rates as of December","2","312","","31, 2024."
"SRC286","68","1","The following table sets forth information regarding our consolidated results of operations","4","544","","31, 2024"
"SRC286","68","2","Year","2","454","","31,"
"SRC286","68","3","2024","2","454","","2023"
"SRC286","68","4","$","1","385","","21,657"
"SRC286","68","4","$","3","480","","6,912"
"SRC286","68","4","$","4","544","","14,745"
"SRC286","68","5","Total revenues","1","385","","21,657"
"SRC286","68","5","Total revenues","3","480","","6,912"
"SRC286","68","5","Total revenues","4","544","","14,745"
"SRC286","68","6","$","1","385","","4,960"
"SRC286","68","6","$","3","480","","834"
"SRC286","68","6","$","4","544","","4,126"
"SRC286","68","7","Total expenses $","1","385","","28,428"
"SRC286","68","7","Total expenses $","3","480","","12,760"
"SRC286","68","7","Total expenses $","4","544","","15,668"
"SRC286","68","8","Total other income","1","385","","57,280"
"SRC286","68","8","Total other income","3","480","","23,177"
"SRC286","68","8","Total other income","4","544","","34,103"
"SRC286","68","9","Net income $","1","385","","50,509"
"SRC286","68","9","Net income $","3","480","","17,329"
"SRC286","68","9","Net income $","4","544","","33,180"
"SRC286","68","10","of our annual report on Form 10-K for the fiscal year ended December 31, 2023, filed","3","480","","11, 2024."
"SRC286","68","11","property operating expenses include real estate taxes, insurance, utilities and repair and","3","480","","$4.1"
"SRC286","68","12","December 31, 2023 and the acquisition of two additional properties during the year ended","2","454","","31, 2024."
"SRC286","68","13","General and administrative expenses consist primarily of legal fees, accounting fees and","4","544","","$0.8"
"SRC286","69","1","servicing fee","6","351","","2024,"
"SRC286","69","1","servicing fee","9","433","","5.2"
"SRC286","69","2","are subject to","8","399","","5.2"
"SRC286","69","3","subject to the","5","288","","$0.1"
"SRC286","69","4","compared to","3","204","","31, 2023."
"SRC286","69","5","purchase price","2","172","","$6.5"
"SRC286","69","6","properties acquired","4","252","","31, 2023"
"SRC286","69","6","properties acquired","11","548","","31,"
"SRC286","69","7","and losses resulting","8","399","","$44.6"
"SRC286","69","8","interest income","4","252","","31, 2024,"
"SRC286","69","8","interest income","6","351","","52"
"SRC286","69","9","loans and real","4","252","","26"
"SRC286","69","9","loans and real","6","351","","31,"
"SRC286","69","9","loans and real","7","376","","2023,"
"SRC286","69","10","estate debt, at","3","204","","$328.2"
"SRC286","69","10","estate debt, at","4","252","","$887.2"
"SRC286","69","11","Other income","9","433","","$0.7"
"SRC286","69","12","income was driven","7","376","","31,"
"SRC286","69","12","income was driven","8","399","","2024"
"SRC286","69","13","December 31,","1","95","","2023."
"SRC286","69","14","debt arrangements.","6","351","","$140.0"
"SRC286","69","15","secured debt","11","548","","31, 2024."
"SRC286","69","16","During the year","2","172","","31, 2023,"
"SRC286","69","17","The Adviser","3","204","","$8.0"
"SRC286","69","17","The Adviser","9","433","","$7.3"
"SRC286","69","18","administrative","4","252","","22,"
"SRC286","69","18","administrative","5","288","","2023."
"SRC286","69","19","advanced expenses","2","172","","60"
"SRC286","69","19","advanced expenses","6","351","","22, 2024."
"SRC286","69","20","As of December","1","95","","31, 2024,"
"SRC286","69","20","As of December","4","252","","$82.3"
"SRC286","69","20","As of December","10","497","","$110.0"
"SRC286","69","21","were $66.1 million","4","252","","31, 2024."
"SRC286","69","22","in real estate-related","10","497","","$73.1"
"SRC286","69","23","of December","1","95","","31, 2024."
"SRC286","69","23","of December","3","204","","31, 2024,"
"SRC286","69","24","of debt. During","3","204","","31, 2024,"
"SRC286","69","24","of debt. During","5","288","","$483.5"
"SRC286","69","25","including proceeds","5","288","","$6.1"
"SRC286","70","1","Cash flows provided by operating activities $ 66,111 $","2","537","","25,587"
"SRC286","70","2","Cash flows used in investing activities (666,097 )","2","537","","(494,723"
"SRC286","70","3","Cash flows provided by financing activities 587,186","2","537","","432,752"
"SRC286","70","4","Net decrease in cash and cash equivalents $ (12,800 ) $","2","537","","(36,384"
"SRC286","70","5","Cash flows provided by operating activities increased by approximately $40.5 million during the year ended December","1","500","","31,"
"SRC286","70","5","Cash flows provided by operating activities increased by approximately $40.5 million during the year ended December","2","537","","2024"
"SRC286","70","6","Cash flows used in investing activities increased by approximately $171.4 million during the year ended December","1","500","","31, 2024"
"SRC286","72","1","debt securities, and had outstanding","3","261","","$140.0"
"SRC286","72","2","that may or may not affect interest","2","207","","50 bps"
"SRC286","72","3","income from investments in","2","207","","$2.4"
"SRC286","72","3","income from investments in","6","453","","$0.3"
"SRC286","72","4","Consolidated Balance","3","261","Accounting","31, 2024"
"SRC286","72","4","Consolidated Balance","4","367","Firm (PCAOB ID NO.34)","31, 2023"
"SRC286","72","4","Consolidated Balance","7","534","67","68"
"SRC286","72","5","Consolidated Statement","4","367","Firm (PCAOB ID NO.34)","31, 2024, 2023,"
"SRC286","72","5","Consolidated Statement","5","432","","2022"
"SRC286","72","5","Consolidated Statement","7","534","67","69"
"SRC286","72","6","Consolidated Statement","4","367","Firm (PCAOB ID NO.34)","31,"
"SRC286","72","6","Consolidated Statement","5","432","","2023"
"SRC286","72","6","Consolidated Statement","6","453","","2022"
"SRC286","72","6","Consolidated Statement","7","534","67","70"
"SRC286","72","7","Consolidated Statement","4","367","Firm (PCAOB ID NO.34)","31, 2024,"
"SRC286","72","7","Consolidated Statement","5","432","","2022"
"SRC286","72","7","Consolidated Statement","7","534","67","71"
"SRC286","72","8","Notes to Consolidated","7","534","67","73"
"SRC286","72","9","""Company"") as of December","1","156","Independent","31, 2024"
"SRC286","72","9","""Company"") as of December","2","207","Registered Public","2023,"
"SRC286","72","10","for each of the two years in","3","261","Accounting","31, 2024,"
"SRC286","72","10","for each of the two years in","5","432","","18,"
"SRC286","72","10","for each of the two years in","6","453","","2022"
"SRC286","72","11","capitalization) to December","1","156","Independent","31, 2022,"
"SRC286","72","11","capitalization) to December","6","453","","8"
"SRC286","72","12","Company as of December 31,","1","156","Independent","2024"
"SRC286","72","12","Company as of December 31,","2","207","Registered Public","2023,"
"SRC286","74","1","December","1","458","","31, 2024"
"SRC286","74","1","December","2","542","","31, 2023"
"SRC286","74","2","Investments in real estate, net $","1","458","","245,667"
"SRC286","74","2","Investments in real estate, net $","2","542","","154,513"
"SRC286","74","3","Investments in real estate debt, at fair value","1","458","","887,186"
"SRC286","74","3","Investments in real estate debt, at fair value","2","542","","328,189"
"SRC286","74","4","Cash and cash equivalents","1","458","","82,312"
"SRC286","74","4","Cash and cash equivalents","2","542","","95,205"
"SRC286","74","5","Restricted cash","1","458","","93"
"SRC286","74","6","Other assets","1","458","","42,346"
"SRC286","74","6","Other assets","2","542","","31,764"
"SRC286","74","7","Total assets(1) $ 1,257,604","2","542","","609,671"
"SRC286","74","8","Secured debt arrangements, net $","1","458","","138,920"
"SRC286","74","9","Mortgage notes, net","1","458","","35,675"
"SRC286","74","9","Mortgage notes, net","2","542","","35,591"
"SRC286","74","10","Other liabilities","1","458","","21,318"
"SRC286","74","10","Other liabilities","2","542","","14,406"
"SRC286","74","11","Due to affiliates","1","458","","16,531"
"SRC286","74","11","Due to affiliates","2","542","","15,831"
"SRC286","74","12","Total liabilities(1)","1","458","","212,444"
"SRC286","74","12","Total liabilities(1)","2","542","","65,828"
"SRC286","74","13","Redeemable non-controlling interest","1","458","","2,817"
"SRC286","74","13","Redeemable non-controlling interest","2","542","","967"
"SRC286","74","14","Common stock, $0.01 par value per share (See Note 14 - Equity)","1","458","","453"
"SRC286","74","14","Common stock, $0.01 par value per share (See Note 14 - Equity)","2","542","","220"
"SRC286","74","15","Additional paid-in capital","1","458","","924,645"
"SRC286","74","15","Additional paid-in capital","2","542","","438,432"
"SRC286","74","16","Retained earnings (accumulated deficit)","1","458","","8,955"
"SRC286","74","16","Retained earnings (accumulated deficit)","2","542","","2,681"
"SRC286","74","17","Total stockholders' equity","1","458","","934,053"
"SRC286","74","17","Total stockholders' equity","2","542","","441,333"
"SRC286","74","18","Non-controlling interest attributable to the Operating Partnership","1","458","","108,165"
"SRC286","74","18","Non-controlling interest attributable to the Operating Partnership","2","542","","101,543"
"SRC286","74","19","Non-controlling interest attributable to preferred stockholders","1","458","","125"
"SRC286","74","20","Total equity 1,042,343","2","542","","542,876"
"SRC286","74","21","Total liabilities and equity $ 1,257,604","2","542","","609,671"
"SRC286","75","1","31,","1","386","December","2024"
"SRC286","75","1","31,","2","469","Ended December","31, 2023"
"SRC286","75","1","31,","3","547","through","31, 2022"
"SRC286","75","2","Rental revenue $","1","386","December","21,657"
"SRC286","75","2","Rental revenue $","2","469","Ended December","6,912"
"SRC286","75","3","Total revenues","1","386","December","21,657"
"SRC286","75","3","Total revenues","2","469","Ended December","6,912"
"SRC286","75","4","Rental property operating $","1","386","December","4,960"
"SRC286","75","4","Rental property operating $","2","469","Ended December","834"
"SRC286","75","5","General and administrative","1","386","December","6,197"
"SRC286","75","5","General and administrative","2","469","Ended December","5,380"
"SRC286","75","5","General and administrative","3","547","through","1,678"
"SRC286","75","6","Organization expenses","3","547","through","1,487"
"SRC286","75","7","Management fee","1","386","December","7,832"
"SRC286","75","7","Management fee","2","469","Ended December","3,440"
"SRC286","75","8","Performance participation allocation","1","386","December","443"
"SRC286","75","8","Performance participation allocation","2","469","Ended December","562"
"SRC286","75","9","Depreciation and amortization","1","386","December","8,996"
"SRC286","75","9","Depreciation and amortization","2","469","Ended December","2,544"
"SRC286","75","10","Total expenses $","1","386","December","28,428"
"SRC286","75","10","Total expenses $","2","469","Ended December","12,760"
"SRC286","75","10","Total expenses $","3","547","through","3,165"
"SRC286","75","11","Income from investments in real estate debt","1","386","December","62,094"
"SRC286","75","11","Income from investments in real estate debt","2","469","Ended December","17,490"
"SRC286","75","12","Other income","1","386","December","5,558"
"SRC286","75","12","Other income","2","469","Ended December","6,241"
"SRC286","75","12","Other income","3","547","through","114"
"SRC286","75","13","Interest expense","1","386","December","(10,372"
"SRC286","75","13","Interest expense","2","469","Ended December","(554"
"SRC286","75","14","Total other income","1","386","December","57,280"
"SRC286","75","14","Total other income","2","469","Ended December","23,177"
"SRC286","75","14","Total other income","3","547","through","114"
"SRC286","75","15","Net income (loss) $","1","386","December","50,509"
"SRC286","75","15","Net income (loss) $","2","469","Ended December","17,329"
"SRC286","75","15","Net income (loss) $","3","547","through","(3,051"
"SRC286","75","16","Partnership $","1","386","December","6,928"
"SRC286","75","16","Partnership $","2","469","Ended December","4,570"
"SRC286","75","16","Partnership $","3","547","through","(2,236"
"SRC286","75","17","Net income (loss) attributable to preferred stockholders","1","386","December","14"
"SRC286","75","18","Net income (loss) attributable to ARIS stockholders $","1","386","December","43,567"
"SRC286","75","18","Net income (loss) attributable to ARIS stockholders $","2","469","Ended December","12,759"
"SRC286","75","18","Net income (loss) attributable to ARIS stockholders $","3","547","through","(815"
"SRC286","75","19","Net income (loss) per share of common stock, basic and diluted $","1","386","December","1.29"
"SRC286","75","19","Net income (loss) per share of common stock, basic and diluted $","2","469","Ended December","1.08"
"SRC286","75","19","Net income (loss) per share of common stock, basic and diluted $","3","547","through","(12.13"
"SRC286","75","20","33,761,427","2","469","Ended December","11,850,738"
"SRC286","75","20","33,761,427","3","547","through","67,216"
"SRC286","76","1","(Date of Initial","1","167","Shares","10"
"SRC286","76","1","(Date of Initial","3","256","Paid-In Capital","200"
"SRC286","76","1","(Date of Initial","5","382","Stockholders' Equity","200"
"SRC286","76","1","(Date of Initial","7","493","Total Equity","200"
"SRC286","76","2","Common stock issued","1","167","Shares","1,814"
"SRC286","76","2","Common stock issued","2","211","Amount","18"
"SRC286","76","2","Common stock issued","3","256","Paid-In Capital","36,257"
"SRC286","76","2","Common stock issued","5","382","Stockholders' Equity","36,275"
"SRC286","76","2","Common stock issued","7","493","Total Equity","36,275"
"SRC286","76","3","Offering costs","3","256","Paid-In Capital","(5,090"
"SRC286","76","3","Offering costs","5","382","Stockholders' Equity","(5,090"
"SRC286","76","3","Offering costs","6","440","Controlling Interest","(43"
"SRC286","76","3","Offering costs","7","493","Total Equity","(5,133"
"SRC286","76","4","Net loss","4","324","(Accumulated Deficit)","(815"
"SRC286","76","4","Net loss","5","382","Stockholders' Equity","(815"
"SRC286","76","4","Net loss","6","440","Controlling Interest","(2,236"
"SRC286","76","4","Net loss","7","493","Total Equity","(3,051"
"SRC286","76","5","Common stock issued","1","167","Shares","20,133"
"SRC286","76","5","Common stock issued","2","211","Amount","202"
"SRC286","76","5","Common stock issued","3","256","Paid-In Capital","407,406"
"SRC286","76","5","Common stock issued","5","382","Stockholders' Equity","407,608"
"SRC286","76","5","Common stock issued","7","493","Total Equity","407,608"
"SRC286","76","6","Offering costs","3","256","Paid-In Capital","(1,323"
"SRC286","76","6","Offering costs","5","382","Stockholders' Equity","(1,323"
"SRC286","76","6","Offering costs","7","493","Total Equity","(1,323"
"SRC286","76","7","Distribution reinvestments","1","167","Shares","52"
"SRC286","76","7","Distribution reinvestments","3","256","Paid-In Capital","1,058"
"SRC286","76","7","Distribution reinvestments","5","382","Stockholders' Equity","1,058"
"SRC286","76","7","Distribution reinvestments","6","440","Controlling Interest","2,494"
"SRC286","76","7","Distribution reinvestments","7","493","Total Equity","3,552"
"SRC286","76","8","Share class transfer","1","167","Shares","(59"
"SRC286","76","9","Repurchase of common stock","1","167","Shares","(7"
"SRC286","76","9","Repurchase of common stock","3","256","Paid-In Capital","(151"
"SRC286","76","9","Repurchase of common stock","5","382","Stockholders' Equity","(151"
"SRC286","76","9","Repurchase of common stock","7","493","Total Equity","(151"
"SRC286","76","10","redeemable non-controlling","4","324","(Accumulated Deficit)","12,760"
"SRC286","76","10","redeemable non-controlling","5","382","Stockholders' Equity","12,760"
"SRC286","76","10","redeemable non-controlling","6","440","Controlling Interest","4,569"
"SRC286","76","10","redeemable non-controlling","7","493","Total Equity","17,329"
"SRC286","76","11","Common stock issued","1","167","Shares","23,429"
"SRC286","76","11","Common stock issued","2","211","Amount","234"
"SRC286","76","11","Common stock issued","3","256","Paid-In Capital","489,671"
"SRC286","76","11","Common stock issued","5","382","Stockholders' Equity","489,905"
"SRC286","76","11","Common stock issued","7","493","Total Equity","489,905"
"SRC286","76","11","Common stock issued","8","558","controlling interest","1,669"
"SRC286","76","12","Preferred equity issued","6","440","Controlling Interest","125"
"SRC286","76","12","Preferred equity issued","7","493","Total Equity","125"
"SRC286","76","13","Offering costs","3","256","Paid-In Capital","(1,512"
"SRC286","76","13","Offering costs","5","382","Stockholders' Equity","(1,512"
"SRC286","76","13","Offering costs","7","493","Total Equity","(1,512"
"SRC286","76","14","Distribution reinvestments","1","167","Shares","298"
"SRC286","76","14","Distribution reinvestments","2","211","Amount","3"
"SRC286","76","14","Distribution reinvestments","3","256","Paid-In Capital","6,284"
"SRC286","76","14","Distribution reinvestments","5","382","Stockholders' Equity","6,287"
"SRC286","76","14","Distribution reinvestments","6","440","Controlling Interest","5,548"
"SRC286","76","14","Distribution reinvestments","7","493","Total Equity","11,835"
"SRC286","76","14","Distribution reinvestments","8","558","controlling interest","125"
"SRC286","76","15","Net income","4","324","(Accumulated Deficit)","43,567"
"SRC286","76","15","Net income","5","382","Stockholders' Equity","43,567"
"SRC286","76","15","Net income","6","440","Controlling Interest","6,785"
"SRC286","76","15","Net income","7","493","Total Equity","50,352"
"SRC286","76","15","Net income","8","558","controlling interest","157"
"SRC286","76","16","Share class transfer","1","167","Shares","(62"
"SRC286","76","17","Repurchase of common stock","1","167","Shares","(396"
"SRC286","76","17","Repurchase of common stock","2","211","Amount","(4"
"SRC286","76","17","Repurchase of common stock","3","256","Paid-In Capital","(8,295"
"SRC286","76","17","Repurchase of common stock","5","382","Stockholders' Equity","(8,299"
"SRC286","76","17","Repurchase of common stock","7","493","Total Equity","(8,299"
"SRC286","76","18","controlling interests in the","6","440","Controlling Interest","(5,697"
"SRC286","76","18","controlling interests in the","7","493","Total Equity","(5,697"
"SRC286","76","18","controlling interests in the","8","558","controlling interest","(136"
"SRC286","76","19","controlling preferred","6","440","Controlling Interest","(14"
"SRC286","76","19","controlling preferred","7","493","Total Equity","(14"
"SRC286","77","1","December","1","377","","31, 2024"
"SRC286","77","1","December","2","460","","31, 2023"
"SRC286","77","1","December","3","544","","31, 2022"
"SRC286","77","2","Net income $","1","377","","50,509"
"SRC286","77","2","Net income $","2","460","","17,329"
"SRC286","77","2","Net income $","3","544","","(3,051"
"SRC286","77","3","Management fee","1","377","","7,832"
"SRC286","77","3","Management fee","2","460","","3,440"
"SRC286","77","4","Performance participation allocation","1","377","","443"
"SRC286","77","4","Performance participation allocation","2","460","","562"
"SRC286","77","5","Depreciation and amortization","1","377","","8,996"
"SRC286","77","5","Depreciation and amortization","2","460","","2,544"
"SRC286","77","6","Straight line rent amortization","1","377","","(2,172"
"SRC286","77","6","Straight line rent amortization","2","460","","(1,425"
"SRC286","77","7","Above- and below- market lease amortization, net","1","377","","(667"
"SRC286","77","7","Above- and below- market lease amortization, net","2","460","","(209"
"SRC286","77","8","Amortization of discount/premium","1","377","","(178"
"SRC286","77","8","Amortization of discount/premium","2","460","","(210"
"SRC286","77","9","Amortization of deferred financing costs","1","377","","997"
"SRC286","77","9","Amortization of deferred financing costs","2","460","","161"
"SRC286","77","10","Amortization of restricted stock awards","1","377","","100"
"SRC286","77","10","Amortization of restricted stock awards","2","460","","75"
"SRC286","77","11","debt","1","377","","35"
"SRC286","77","11","debt","2","460","","(207"
"SRC286","77","12","Realized gain on repayments of real estate-related securities","1","377","","(136"
"SRC286","77","12","Realized gain on repayments of real estate-related securities","2","460","","(3"
"SRC286","77","13","Other assets","1","377","","(2,361"
"SRC286","77","13","Other assets","2","460","","(3,544"
"SRC286","77","14","Due to affiliates","1","377","","406"
"SRC286","77","14","Due to affiliates","2","460","","5,198"
"SRC286","77","14","Due to affiliates","3","544","","3,165"
"SRC286","77","15","Other liabilities","1","377","","2,307"
"SRC286","77","15","Other liabilities","2","460","","1,876"
"SRC286","77","16","Net cash provided by operating activities","1","377","","66,111"
"SRC286","77","16","Net cash provided by operating activities","2","460","","25,587"
"SRC286","77","16","Net cash provided by operating activities","3","544","","114"
"SRC286","77","17","Acquisitions of real estate (107,241","2","460","","(166,332"
"SRC286","77","17","Acquisitions of real estate (107,241","3","544","","(5,000"
"SRC286","77","18","Capital improvements to real estate","1","377","","(137"
"SRC286","77","18","Capital improvements to real estate","2","460","","(621"
"SRC286","77","19","mezzanine loans (266,863","2","460","","(262,980"
"SRC286","77","20","Purchase of real estate-related securities","1","377","","(55,478"
"SRC286","77","20","Purchase of real estate-related securities","2","460","","(25,419"
"SRC286","77","21","Add-on fundings of commercial mortgage loans (244,511","2","460","","(39,488"
"SRC286","77","22","Repayments from real estate-related securities","1","377","","8,133"
"SRC286","77","22","Repayments from real estate-related securities","2","460","","117"
"SRC286","77","23","Net cash used in investing activities (666,097","2","460","","(494,723"
"SRC286","77","23","Net cash used in investing activities (666,097","3","544","","(5,000"
"SRC286","77","24","Borrowings from mortgage notes","2","460","","36,000"
"SRC286","77","25","Borrowings from secured debt arrangements","1","377","","189,985"
"SRC286","77","26","Repayments of secured debt arrangements","1","377","","(50,000"
"SRC286","77","27","Payment of deferred financing costs","1","377","","(920"
"SRC286","77","27","Payment of deferred financing costs","2","460","","(1,627"
"SRC286","77","28","Proceeds from issuance of common stock","1","377","","483,539"
"SRC286","77","28","Proceeds from issuance of common stock","2","460","","405,566"
"SRC286","77","28","Proceeds from issuance of common stock","3","544","","36,275"
"SRC286","77","29","Proceeds from issuance of preferred equity","1","377","","125"
"SRC286","77","30","Contributions from non-controlling interests","3","544","","100,000"
"SRC286","77","31","Distributions paid","1","377","","(28,207"
"SRC286","77","31","Distributions paid","2","460","","(7,018"
"SRC286","77","32","Distributions to non-controlling preferred stockholders","1","377","","(14"
"SRC286","77","33","Repurchase of common stock","1","377","","(6,101"
"SRC286","77","33","Repurchase of common stock","2","460","","(151"
"SRC286","77","34","Offering costs paid","1","377","","(1,221"
"SRC286","77","34","Offering costs paid","2","460","","(18"
"SRC286","77","35","Net cash provided by financing activities","1","377","","587,186"
"SRC286","77","35","Net cash provided by financing activities","2","460","","432,752"
"SRC286","77","35","Net cash provided by financing activities","3","544","","136,275"
"SRC286","77","36","Net change in cash, cash equivalents and restricted cash","1","377","","(12,800"
"SRC286","77","36","Net change in cash, cash equivalents and restricted cash","2","460","","(36,384"
"SRC286","77","36","Net change in cash, cash equivalents and restricted cash","3","544","","131,389"
"SRC286","77","37","Cash, cash equivalents and restricted cash, beginning of period","1","377","","95,205"
"SRC286","77","37","Cash, cash equivalents and restricted cash, beginning of period","2","460","","131,589"
"SRC286","77","37","Cash, cash equivalents and restricted cash, beginning of period","3","544","","200"
"SRC286","77","38","Cash, cash equivalents and restricted cash, end of period $","1","377","","82,405"
"SRC286","77","38","Cash, cash equivalents and restricted cash, end of period $","2","460","","95,205"
"SRC286","77","38","Cash, cash equivalents and restricted cash, end of period $","3","544","","131,589"
"SRC286","78","1","Cash and cash equivalents","1","380","","82,312"
"SRC286","78","1","Cash and cash equivalents","2","464","","95,205"
"SRC286","78","2","Restricted cash","1","380","","93"
"SRC286","78","3","Total cash, cash equivalents and restricted cash $","1","380","","82,405"
"SRC286","78","3","Total cash, cash equivalents and restricted cash $","2","464","","95,205"
"SRC286","78","4","Cash paid for interest $","1","380","","8,951"
"SRC286","78","5","Accrued offering costs due to affiliate $","1","380","","275"
"SRC286","78","5","Accrued offering costs due to affiliate $","2","464","","1,305"
"SRC286","78","6","Accrued stockholder servicing fees due to affiliate $","1","380","","14"
"SRC286","78","7","Distribution reinvestments $","1","380","","11,960"
"SRC286","78","7","Distribution reinvestments $","2","464","","3,552"
"SRC286","78","8","Distributions accrued and not paid $","1","380","","4,859"
"SRC286","78","8","Distributions accrued and not paid $","2","464","","1,900"
"SRC286","78","9","Accrued repurchases of common stock $","1","380","","2,198"
"SRC286","78","10","Issuance of Class E shares for payment of management fee $","1","380","","6,366"
"SRC286","78","10","Issuance of Class E shares for payment of management fee $","2","464","","2,042"
"SRC286","78","11","Transfer to redeemable non-controlling interests $","2","464","","779"
"SRC286","78","12","payment of management fee $","1","380","","1,107"
"SRC286","78","12","payment of management fee $","2","464","","176"
"SRC286","78","13","payment of performance participation allocation $","1","380","","562"
"SRC286","78","14","Allocation to redeemable non-controlling interests $","1","380","","35"
"SRC286","78","14","Allocation to redeemable non-controlling interests $","2","464","","12"
"SRC286","79","1","Note","1","59","","1"
"SRC286","79","2","Apollo","4","371","Inc. Statements","8, 2021"
"SRC286","79","3","business","5","501","","22, 2022"
"SRC286","79","4","common","4","371","Inc. Statements","$1.0"
"SRC286","79","5","The","5","501","","1986,"
"SRC286","79","6","(the","3","309","Income Solutions, Financial","31, 2023."
"SRC286","79","7","As of","2","125","","31, 2024,"
"SRC286","79","7","As of","3","309","Income Solutions, Financial","23"
"SRC286","79","8","held","1","59","","29"
"SRC286","79","9","Estate","2","125","","17"
"SRC286","79","10","Note","1","59","","2"
"SRC286","81","1","Investments in real estate","4","241","Level 2","73,120"
"SRC286","81","1","Investments in real estate","5","291","Level 3","814,066"
"SRC286","81","1","Investments in real estate","6","348","Total","887,186"
"SRC286","81","1","Investments in real estate","8","453","Level 2","25,321"
"SRC286","81","1","Investments in real estate","9","488","Level 3","302,868"
"SRC286","81","1","Investments in real estate","10","537","","328,189"
"SRC286","81","2","Total","4","241","Level 2","73,120"
"SRC286","81","2","Total","5","291","Level 3","814,066"
"SRC286","81","2","Total","6","348","Total","887,186"
"SRC286","81","2","Total","8","453","Level 2","25,321"
"SRC286","81","2","Total","9","488","Level 3","302,868"
"SRC286","81","2","Total","10","537","","328,189"
"SRC286","81","3","The following table details","8","453","Level 2","3"
"SRC286","81","4","Balance as of December","1","141","","31,"
"SRC286","81","4","Balance as of December","2","155","","2022"
"SRC286","81","5","Originations, acquisitions,","10","537","","302,668"
"SRC286","81","6","Unrealized gain/(loss) from","11","555","Total","200"
"SRC286","81","7","Balance as of December","1","141","","31,"
"SRC286","81","7","Balance as of December","2","155","","2023"
"SRC286","81","7","Balance as of December","10","537","","302,868"
"SRC286","81","8","Originations, acquisitions,","10","537","","511,374"
"SRC286","81","9","Amortization of discount/premium","11","555","Total","178"
"SRC286","81","10","Unrealized gain/(loss) from","11","555","Total","(354"
"SRC286","81","11","Balance as of December","1","141","","31,"
"SRC286","81","11","Balance as of December","2","155","","2024"
"SRC286","81","11","Balance as of December","10","537","","814,066"
"SRC286","81","12","The following table contains","8","453","Level 2","3"
"SRC286","81","13","Investments in real estate","7","386","Rate Range","8.41%"
"SRC286","81","14","As of December 31, 2024","3","196","Fair Value","31, 2023,"
"SRC286","81","15","fair value of the Company's","5","291","Technique","3."
"SRC286","82","1","Buildings","3","444","Depreciable Life","39 50"
"SRC286","82","2","Buildings and land improvements","3","444","Depreciable Life","10 15"
"SRC286","82","3","Furniture, Fixtures & Equipment","3","444","Depreciable Life","10"
"SRC286","82","4","performing its impairment analysis:","1","176","Description","(1)"
"SRC286","82","5","significant negative industry and","2","287","","(3)"
"SRC286","82","6","discount rate. As of December 31,","1","176","assumptions including,","2024,"
"SRC286","82","7","During the year ended December","1","176","assumptions including,","31, 2024,"
"SRC286","82","8","estate debt on the Company's consolidated","3","444","operating cash","31, 2024"
"SRC286","82","9","the Company recorded $35.1 thousand","2","287","limited to, consideration","$0.2"
"SRC286","83","1","The Company has elected","2","294","","856"
"SRC286","83","2","TRS for tax years 2022 and","1","144","","2023"
"SRC286","83","3","fees and stockholder servicing","2","294","","2023,"
"SRC286","83","4","expenses ratably over the","1","144","","60"
"SRC286","83","4","expenses ratably over the","2","294","","22, 2024."
"SRC286","84","1","manager fees","3","208","Class S Shares","3.5%"
"SRC286","84","1","manager fees","4","247","Class D Shares","1.5%"
"SRC286","84","1","manager fees","6","332","Class F-S Shares","3.5%"
"SRC286","84","1","manager fees","7","379","Class F-D Shares","1.5%"
"SRC286","84","2","Stockholder","3","208","Class S Shares","0.85%"
"SRC286","84","2","Stockholder","4","247","Class D Shares","0.25%"
"SRC286","84","2","Stockholder","6","332","Class F-S Shares","0.85%"
"SRC286","84","2","Stockholder","7","379","Class F-D Shares","0.25%"
"SRC286","84","3","For Class S","10","540","A-II A-III Shares","3%"
"SRC286","84","4","provided that","2","188","","3.5%"
"SRC286","84","5","offering, investors","5","300","Class I Shares","1.5%"
"SRC286","84","6","The Dealer","9","488","A-I Shares","0.85%"
"SRC286","84","7","the aggregate","9","488","A-I Shares","0.25%"
"SRC286","84","8","December 31,","1","91","","2023."
"SRC286","84","9","December 31,","1","91","(""ASU","2024,"
"SRC286","84","10","has resulted","6","332","","17"
"SRC286","84","11","In December","1","91","(""ASU","2023,"
"SRC286","84","12","intends to improve","10","540","interim","15,"
"SRC286","84","13","Building and","8","407","","219,684"
"SRC286","84","13","Building and","10","540","interim","132,792"
"SRC286","84","14","Land and land","8","407","","29,244"
"SRC286","84","14","Land and land","10","540","interim","22,707"
"SRC286","84","15","Furniture, fixtures","8","407","","1,094"
"SRC286","84","16","Tenant improvements","8","407","","2,513"
"SRC286","84","16","Tenant improvements","10","540","interim","621"
"SRC286","84","17","Total","8","407","","252,535"
"SRC286","84","17","Total","10","540","interim","156,120"
"SRC286","84","18","Accumulated","8","407","","(6,868"
"SRC286","84","18","Accumulated","10","540","interim","(1,607"
"SRC286","84","19","Investment","8","407","","245,667"
"SRC286","84","19","Investment","10","540","interim","154,513"
"SRC286","85","1","During the year ended December 31, 2023, the Company acquired","1","308","","$171.3"
"SRC286","85","2","The following table provides further details of the properties acquired","4","430","","31,"
"SRC286","85","2","The following table provides further details of the properties acquired","5","486","","2024 2023"
"SRC286","85","3","Rickenbacker Columbus, OH","5","486","Acquisition Date","2023"
"SRC286","85","3","Rickenbacker Columbus, OH","6","542","Price","49,214"
"SRC286","85","4","16000 Pines Pembroke Pines, FL","5","486","Acquisition Date","2023"
"SRC286","85","4","16000 Pines Pembroke Pines, FL","6","542","Price","56,715"
"SRC286","85","5","Hallmark Liberty, MO","5","486","Acquisition Date","2023"
"SRC286","85","5","Hallmark Liberty, MO","6","542","Price","65,403"
"SRC286","85","6","The Beckett Charleston, SC","5","486","Acquisition Date","2024"
"SRC286","85","6","The Beckett Charleston, SC","6","542","Price","49,402"
"SRC286","85","7","Byhalia, MS","5","486","Acquisition Date","2024"
"SRC286","85","7","Byhalia, MS","6","542","Price","57,839"
"SRC286","85","8","Total acquisitions","6","542","Price","278,573"
"SRC286","85","9","The following table summarizes the purchase price allocation for the","6","542","Price","31, 2024"
"SRC286","85","10","December","1","308","","31, 2024"
"SRC286","85","10","December","5","486","Acquisition Date","31, 2023"
"SRC286","85","11","Building and building improvements $","2","378","Property Type","86,888"
"SRC286","85","11","Building and building improvements $","6","542","Price","132,792"
"SRC286","85","12","Land and land improvements","2","378","Property Type","6,404"
"SRC286","85","12","Land and land improvements","6","542","Price","22,707"
"SRC286","85","13","In-place lease intangibles","2","378","Property Type","9,950"
"SRC286","85","13","In-place lease intangibles","6","542","Price","26,363"
"SRC286","85","14","Furniture, fixtures and equipment","2","378","Property Type","1,094"
"SRC286","85","15","Tenant improvements","2","378","Property Type","1,892"
"SRC286","85","16","Above-market lease intangibles","2","378","Property Type","1,013"
"SRC286","85","16","Above-market lease intangibles","6","542","Price","325"
"SRC286","85","17","Below-market lease intangibles","6","542","Price","(10,855"
"SRC286","85","18","Total purchase price $","2","378","Property Type","107,241"
"SRC286","85","18","Total purchase price $","6","542","Price","171,332"
"SRC286","85","19","The following table details the Company's investments in real estate","3","411","","31, 2024"
"SRC286","85","20","Debt Number of Positions Coupon","1","308","","(1)"
"SRC286","85","20","Debt Number of Positions Coupon","3","411","","(2)"
"SRC286","85","21","Commercial mortgage loan 21","1","308","","7.9 %"
"SRC286","85","21","Commercial mortgage loan 21","2","378","Property Type","2028"
"SRC286","85","21","Commercial mortgage loan 21","4","430","","701,742"
"SRC286","85","21","Commercial mortgage loan 21","5","486","Acquisition Date","701,720"
"SRC286","85","21","Commercial mortgage loan 21","6","542","Price","701,566"
"SRC286","85","22","Mezzanine loan 2","1","308","","10.6 %"
"SRC286","85","22","Mezzanine loan 2","2","378","Property Type","2028"
"SRC286","85","22","Mezzanine loan 2","4","430","","112,500"
"SRC286","85","22","Mezzanine loan 2","5","486","Acquisition Date","112,500"
"SRC286","85","22","Mezzanine loan 2","6","542","Price","112,500"
"SRC286","85","23","29","1","308","","6.0 %"
"SRC286","85","23","29","2","378","Property Type","2038"
"SRC286","85","23","29","4","430","","73,035"
"SRC286","85","23","29","5","486","Acquisition Date","72,794"
"SRC286","85","23","29","6","542","Price","73,120"
"SRC286","85","24","52","1","308","","8.1 %"
"SRC286","85","24","52","2","378","Property Type","2029"
"SRC286","85","24","52","4","430","","887,277"
"SRC286","85","24","52","5","486","Acquisition Date","887,014"
"SRC286","85","24","52","6","542","Price","887,186"
"SRC286","85","25","The following table details the Company's investments in real estate","3","411","","31, 2023"
"SRC286","85","26","Debt Number of Positions Coupon","1","308","","(1)"
"SRC286","85","26","Debt Number of Positions Coupon","3","411","","(2)"
"SRC286","85","27","Commercial mortgage loan 11","1","308","","9.1 %"
"SRC286","85","27","Commercial mortgage loan 11","2","378","Property Type","2027"
"SRC286","85","27","Commercial mortgage loan 11","4","430","","252,868"
"SRC286","85","27","Commercial mortgage loan 11","5","486","Acquisition Date","252,668"
"SRC286","85","27","Commercial mortgage loan 11","6","542","Price","252,868"
"SRC286","85","28","Mezzanine loan 1","1","308","","10.0 %"
"SRC286","85","28","Mezzanine loan 1","2","378","Property Type","2026"
"SRC286","85","28","Mezzanine loan 1","4","430","","50,000"
"SRC286","85","28","Mezzanine loan 1","5","486","Acquisition Date","50,000"
"SRC286","85","28","Mezzanine loan 1","6","542","Price","50,000"
"SRC286","85","29","14","1","308","","7.0 %"
"SRC286","85","29","14","2","378","Property Type","2037"
"SRC286","85","29","14","4","430","","25,811"
"SRC286","85","29","14","5","486","Acquisition Date","25,314"
"SRC286","85","29","14","6","542","Price","25,321"
"SRC286","85","30","26","1","308","","9.3 %"
"SRC286","85","30","26","2","378","Property Type","2028"
"SRC286","85","30","26","4","430","","328,679"
"SRC286","85","30","26","5","486","Acquisition Date","327,982"
"SRC286","85","30","26","6","542","Price","328,189"
"SRC286","86","1","Multifamily $","1","257","","353,208"
"SRC286","86","1","Multifamily $","4","360","","43.2 %"
"SRC286","86","1","Multifamily $","5","449","","110,670"
"SRC286","86","1","Multifamily $","7","549","","36.6 %"
"SRC286","86","2","Data Center","1","257","","143,836"
"SRC286","86","2","Data Center","4","360","","17.7 %"
"SRC286","86","2","Data Center","5","449","","40,651"
"SRC286","86","2","Data Center","7","549","","13.4 %"
"SRC286","86","3","Hotel","1","257","","119,360"
"SRC286","86","3","Hotel","4","360","","14.7 %"
"SRC286","86","3","Hotel","5","449","","48,795"
"SRC286","86","3","Hotel","7","549","","16.1 %"
"SRC286","86","4","Industrial","1","257","","99,761"
"SRC286","86","4","Industrial","4","360","","12.3 %"
"SRC286","86","4","Industrial","5","449","","91,292"
"SRC286","86","4","Industrial","7","549","","30.1 %"
"SRC286","86","5","Self-Storage","1","257","","40,700"
"SRC286","86","5","Self-Storage","4","360","","5.0 %"
"SRC286","86","5","Self-Storage","5","449","","8,884"
"SRC286","86","5","Self-Storage","7","549","","2.9 %"
"SRC286","86","6","Other(1)","1","257","","36,260"
"SRC286","86","6","Other(1)","4","360","","4.5 %"
"SRC286","86","6","Other(1)","5","449","","2,576"
"SRC286","86","6","Other(1)","7","549","","0.9 %"
"SRC286","86","7","Life Sciences","1","257","","20,941"
"SRC286","86","7","Life Sciences","4","360","","2.6 %"
"SRC286","86","7","Life Sciences","7","549","","0.0 %"
"SRC286","86","8","Total $","1","257","","814,066"
"SRC286","86","8","Total $","4","360","","100.0 %"
"SRC286","86","8","Total $","5","449","","302,868"
"SRC286","86","8","Total $","7","549","","100.0 %"
"SRC286","86","9","Northeast","1","257","","300,299"
"SRC286","86","9","Northeast","4","360","","36.9 %"
"SRC286","86","9","Northeast","5","449","","169,829"
"SRC286","86","9","Northeast","7","549","","56.1 %"
"SRC286","86","10","West","1","257","","204,847"
"SRC286","86","10","West","4","360","","25.2 %"
"SRC286","86","10","West","5","449","","32,841"
"SRC286","86","10","West","7","549","","10.8 %"
"SRC286","86","11","Mid-Atlantic","1","257","","126,149"
"SRC286","86","11","Mid-Atlantic","4","360","","15.5 %"
"SRC286","86","11","Mid-Atlantic","5","449","","44,166"
"SRC286","86","11","Mid-Atlantic","7","549","","14.6 %"
"SRC286","86","12","Southwest","1","257","","76,523"
"SRC286","86","12","Southwest","4","360","","9.4 %"
"SRC286","86","12","Southwest","5","449","","18,400"
"SRC286","86","12","Southwest","7","549","","6.1 %"
"SRC286","86","13","Midwest","1","257","","74,116"
"SRC286","86","13","Midwest","4","360","","9.1 %"
"SRC286","86","13","Midwest","5","449","","10,050"
"SRC286","86","13","Midwest","7","549","","3.3 %"
"SRC286","86","14","Southeast","1","257","","32,132"
"SRC286","86","14","Southeast","4","360","","3.9 %"
"SRC286","86","14","Southeast","5","449","","27,582"
"SRC286","86","14","Southeast","7","549","","9.1 %"
"SRC286","86","15","Total $","1","257","","814,066"
"SRC286","86","15","Total $","4","360","","100.0 %"
"SRC286","86","15","Total $","5","449","","302,868"
"SRC286","86","15","Total $","7","549","","100.0 %"
"SRC286","86","16","the years ended December 31, 2024 and December 31,","1","257","","2023,"
"SRC286","86","16","the years ended December 31, 2024 and December 31,","4","360","","$0.1"
"SRC286","86","17","gains, respectively, on its investments in real estate debt.","6","493","","31, 2023,"
"SRC286","86","18","Company recorded $35.1 thousand of unrealized losses","2","296","","$0.2"
"SRC286","86","19","Real estate intangibles, net","5","449","","32,841"
"SRC286","86","19","Real estate intangibles, net","7","549","","25,734"
"SRC286","86","20","Interest receivable","5","449","","5,017"
"SRC286","86","20","Interest receivable","7","549","","1,727"
"SRC286","86","21","Straight-line rent receivable","5","449","","3,597"
"SRC286","86","21","Straight-line rent receivable","7","549","","1,425"
"SRC286","86","22","Other","5","449","","891"
"SRC286","86","22","Other","7","549","","1,821"
"SRC286","86","23","Deferred financing costs, net (1)","7","549","","1,057"
"SRC286","86","24","Total","5","449","","42,346"
"SRC286","86","24","Total","7","549","","31,764"
"SRC286","87","1","December 31, 2024","2","547","","2023"
"SRC286","87","2","In-place lease intangibles $","1","415","","36,313"
"SRC286","87","2","In-place lease intangibles $","2","547","","26,363"
"SRC286","87","3","Above-market lease intangibles","1","415","","1,338"
"SRC286","87","3","Above-market lease intangibles","2","547","","325"
"SRC286","87","4","Total intangible assets","1","415","","37,651"
"SRC286","87","4","Total intangible assets","2","547","","26,688"
"SRC286","87","5","In-place lease amortization","1","415","","(4,672"
"SRC286","87","5","In-place lease amortization","2","547","","(937"
"SRC286","87","6","Above-market lease amortization","1","415","","(138"
"SRC286","87","6","Above-market lease amortization","2","547","","(17"
"SRC286","87","7","Total real estate intangible assets, net $","1","415","","32,841"
"SRC286","87","7","Total real estate intangible assets, net $","2","547","","25,734"
"SRC286","87","8","Below-market lease intangibles $","1","415","","(10,855"
"SRC286","87","8","Below-market lease intangibles $","2","547","","(10,855"
"SRC286","87","9","Total intangible liabilities","1","415","","(10,855"
"SRC286","87","9","Total intangible liabilities","2","547","","(10,855"
"SRC286","87","10","Below-market lease amortization","1","415","","1,014"
"SRC286","87","10","Below-market lease amortization","2","547","","226"
"SRC286","87","11","Total real estate intangible liabilities, net $","1","415","","(9,841"
"SRC286","87","11","Total real estate intangible liabilities, net $","2","547","","(10,629"
"SRC286","87","12","The estimated future amortization on the Company's intangibles for each of the next five years","2","547","","31,"
"SRC286","87","13","2025 3,493","1","415","Intangibles","178"
"SRC286","87","13","2025 3,493","2","547","Below-Market Intangibles","(775"
"SRC286","87","14","2026 3,493","1","415","Intangibles","178"
"SRC286","87","14","2026 3,493","2","547","Below-Market Intangibles","(775"
"SRC286","87","15","2027 3,493","1","415","Intangibles","178"
"SRC286","87","15","2027 3,493","2","547","Below-Market Intangibles","(775"
"SRC286","87","16","2028 3,475","1","415","Intangibles","178"
"SRC286","87","16","2028 3,475","2","547","Below-Market Intangibles","(766"
"SRC286","87","17","2029 3,475","1","415","Intangibles","178"
"SRC286","87","17","2029 3,475","2","547","Below-Market Intangibles","(766"
"SRC286","87","18","Thereafter 14,213","1","415","Intangibles","310"
"SRC286","87","18","Thereafter 14,213","2","547","Below-Market Intangibles","(5,984"
"SRC286","87","19","$ 31,642 $","1","415","Intangibles","1,200"
"SRC286","87","19","$ 31,642 $","2","547","Below-Market Intangibles","(9,841"
"SRC286","87","20","Fixed lease payments $ 17,050","2","547","Below-Market Intangibles","5,879"
"SRC286","87","21","Variable lease payments 3,940","2","547","Below-Market Intangibles","824"
"SRC286","87","22","Lease Revenue $ 20,990","2","547","Below-Market Intangibles","6,703"
"SRC286","87","23","Above- and below-market lease amortization, net 667","2","547","Below-Market Intangibles","209"
"SRC286","87","24","Rental Revenue $ 21,657","2","547","Below-Market Intangibles","6,912"
"SRC286","89","1","December 31,","1","447","","2024"
"SRC286","89","1","December 31,","2","542","","31, 2023"
"SRC286","89","2","Below market lease intangibles, net $","1","447","","9,841"
"SRC286","89","2","Below market lease intangibles, net $","2","542","","10,629"
"SRC286","89","3","Distribution payable","1","447","","4,859"
"SRC286","89","3","Distribution payable","2","542","","1,900"
"SRC286","89","4","Accounts payable and accrued expenses","1","447","","3,035"
"SRC286","89","4","Accounts payable and accrued expenses","2","542","","1,816"
"SRC286","89","5","Accrued repurchases of common stock","1","447","","2,198"
"SRC286","89","6","Real estate taxes payable","1","447","","1,385"
"SRC286","89","6","Real estate taxes payable","2","542","","61"
"SRC286","89","7","Total $","1","447","","21,318"
"SRC286","89","7","Total $","2","542","","14,406"
"SRC286","90","1","Dealer Manager","6","323","","1.5%"
"SRC286","90","2","F-D share sold","8","472","","0.85%"
"SRC286","90","3","manager fees","8","472","","8.75%"
"SRC286","90","4","On February","1","95","costs,","18, 2022,"
"SRC286","90","4","On February","4","279","","$0.2"
"SRC286","90","5","wholly-owned","3","249","fee or","10,000"
"SRC286","90","5","wholly-owned","8","472","","11, 2022,"
"SRC286","90","5","wholly-owned","9","528","","10,000"
"SRC286","90","6","ARIS Holdings","9","528","","539"
"SRC286","90","7","additional Class","7","419","allocation.","31, 2024."
"SRC286","90","8","On November","1","95","costs,","29, 2022,"
"SRC286","90","9","to issue 5,000,000","6","323","participation","$100.0"
"SRC286","90","9","to issue 5,000,000","7","419","allocation.","2023"
"SRC286","90","10","reinvest its dividends.","7","419","allocation.","264,063"
"SRC286","90","11","the dividends","3","249","fee or","31, 2024."
"SRC286","90","12","Organization","7","419","allocation.","7,944"
"SRC286","90","12","Organization","9","528","","7,906"
"SRC286","90","13","General and","7","419","allocation.","7,301"
"SRC286","90","13","General and","9","528","","6,895"
"SRC286","90","14","Management","7","419","allocation.","828"
"SRC286","90","15","Accrued performance","7","419","allocation.","443"
"SRC286","90","16","Accrued stockholder","7","419","allocation.","15"
"SRC286","90","17","Total","7","419","allocation.","16,531"
"SRC286","90","17","Total","9","528","","15,831"
"SRC286","90","18","The Adviser","2","129","ongoing servicing","$8.0"
"SRC286","90","19","behalf of the","4","279","","22,"
"SRC286","90","19","behalf of the","5","294","performance","2023."
"SRC286","90","20","costs ratably","2","129","ongoing servicing","60"
"SRC286","90","20","costs ratably","4","279","","22,"
"SRC286","90","20","costs ratably","5","294","performance","2024."
"SRC286","90","21","The Adviser","2","129","ongoing servicing","$7.3"
"SRC286","90","22","December 22,","1","95","costs,","2023."
"SRC286","90","22","December 22,","8","472","","60"
"SRC286","90","23","December 24,","1","95","costs,","2024."
"SRC286","90","24","The Adviser","3","249","fee or","1.25%"
"SRC286","90","25","and Class I shares.","6","323","participation","1.0%"
"SRC286","90","26","shares, Class","9","528","","1.0%"
"SRC286","90","27","for Class A-II","7","419","allocation.","1, 2023"
"SRC286","90","27","for Class A-II","9","528","","1, 2026,"
"SRC286","90","28","management","2","129","ongoing servicing","1.0%"
"SRC286","91","1","1, 2023 through January","1","138","","2, 2027,"
"SRC286","91","1","1, 2023 through January","5","332","","0.85%"
"SRC286","91","2","During the years ended","2","181","","31, 2024"
"SRC286","91","2","During the years ended","3","233","","2023,"
"SRC286","91","2","During the years ended","5","332","","$7.8"
"SRC286","91","2","During the years ended","6","410","","$3.4"
"SRC286","91","3","During the year ended December","2","181","","31, 2024,"
"SRC286","91","3","During the year ended December","6","410","","52,546"
"SRC286","91","4","exemption from registration","5","332","","1933,"
"SRC286","91","5","management fee during","3","233","","31,"
"SRC286","91","5","management fee during","4","268","","2024."
"SRC286","91","6","fee. In connection with","5","332","","13,932"
"SRC286","91","7","in lieu of cash for the dividends","5","332","","31, 2024."
"SRC286","91","8","The Special Limited Partner","7","479","","(1) 12.5%"
"SRC286","91","9","Return with respect to Class","5","332","","(2) 9.0%"
"SRC286","91","10","Class F-D units, and Class","4","268","","5%"
"SRC286","91","11","The performance participation","7","479","","31,"
"SRC286","91","11","The performance participation","8","499","","2024,"
"SRC286","91","12","year ended December 31,","1","138","","2023."
"SRC286","91","13","participation allocation","6","410","","31, 2023,"
"SRC286","91","14","from registration set forth","5","332","","1933,"
"SRC286","91","15","participation allocation","4","268","","31, 2024."
"SRC286","91","16","The Company accrues the","8","499","","8.75%"
"SRC286","91","17","The Company's board of","7","479","","2022"
"SRC286","91","18","to directors and officers","5","332","","2022"
"SRC286","91","18","to directors and officers","8","499","","10,000,000"
"SRC286","92","1","Granted","3","380","","4,948"
"SRC286","92","1","Granted","8","555","","100"
"SRC286","92","2","Outstanding as of December 31, 2023","3","380","","4,948"
"SRC286","92","3","Granted","3","380","","4,763"
"SRC286","92","3","Granted","8","555","","100"
"SRC286","92","4","Vested","3","380","","(4,948"
"SRC286","92","5","Outstanding as of December 31, 2024","3","380","","4,763"
"SRC286","92","6","During the years ended December 31, 2024 and 2023, the Company","2","343","Restricted Stock","$0.1"
"SRC286","92","7","the grants of restricted stock, which represents unrecognized compensation","3","380","","$25"
"SRC286","92","7","the grants of restricted stock, which represents unrecognized compensation","5","489","Grant Date Fair Value ($ in thousands)","31,"
"SRC286","92","7","the grants of restricted stock, which represents unrecognized compensation","6","508","","2024."
"SRC286","92","8","Preferred Stock, $0.01 par value per share","1","312","Shares Authorized","100,000,000"
"SRC286","92","8","Preferred Stock, $0.01 par value per share","4","456","","100,000,000"
"SRC286","92","9","Class S Shares, $0.01 par value per share","1","312","Shares Authorized","100,000,000"
"SRC286","92","9","Class S Shares, $0.01 par value per share","4","456","","100,000,000"
"SRC286","92","10","Class D Shares, $0.01 par value per share","1","312","Shares Authorized","100,000,000"
"SRC286","92","10","Class D Shares, $0.01 par value per share","4","456","","100,000,000"
"SRC286","92","11","Class I Shares, $0.01 par value per share","1","312","Shares Authorized","100,000,000"
"SRC286","92","11","Class I Shares, $0.01 par value per share","3","380","Shares Issued and Outstanding","1,017,717"
"SRC286","92","11","Class I Shares, $0.01 par value per share","4","456","","100,000,000"
"SRC286","92","12","Class F-S Shares, $0.01 par value per share","1","312","Shares Authorized","100,000,000"
"SRC286","92","12","Class F-S Shares, $0.01 par value per share","4","456","","100,000,000"
"SRC286","92","13","Class F-D Shares, $0.01 par value per share","1","312","Shares Authorized","100,000,000"
"SRC286","92","13","Class F-D Shares, $0.01 par value per share","4","456","","100,000,000"
"SRC286","92","14","Class F-I Shares, $0.01 par value per share","1","312","Shares Authorized","100,000,000"
"SRC286","92","14","Class F-I Shares, $0.01 par value per share","3","380","Shares Issued and Outstanding","1,565,701"
"SRC286","92","14","Class F-I Shares, $0.01 par value per share","4","456","","100,000,000"
"SRC286","92","14","Class F-I Shares, $0.01 par value per share","7","526","","4,820,377"
"SRC286","92","15","Class A-I Shares, $0.01 par value per share","1","312","Shares Authorized","100,000,000"
"SRC286","92","15","Class A-I Shares, $0.01 par value per share","3","380","Shares Issued and Outstanding","16,582,608"
"SRC286","92","15","Class A-I Shares, $0.01 par value per share","4","456","","100,000,000"
"SRC286","92","15","Class A-I Shares, $0.01 par value per share","7","526","","17,016,652"
"SRC286","92","16","Class A-II Shares, $0.01 par value per share","1","312","Shares Authorized","100,000,000"
"SRC286","92","16","Class A-II Shares, $0.01 par value per share","4","456","","100,000,000"
"SRC286","92","17","Class A-III Shares, $0.01 par value per share","1","312","Shares Authorized","100,000,000"
"SRC286","92","17","Class A-III Shares, $0.01 par value per share","3","380","Shares Issued and Outstanding","25,546,118"
"SRC286","92","17","Class A-III Shares, $0.01 par value per share","4","456","","100,000,000"
"SRC286","92","18","Class E Shares, $0.01 par value per share","1","312","Shares Authorized","100,000,000"
"SRC286","92","18","Class E Shares, $0.01 par value per share","3","380","Shares Issued and Outstanding","489,542"
"SRC286","92","18","Class E Shares, $0.01 par value per share","4","456","","100,000,000"
"SRC286","92","18","Class E Shares, $0.01 par value per share","7","526","","105,707"
"SRC286","92","19","Total","1","312","Shares Authorized","1,100,000,000"
"SRC286","92","19","Total","3","380","Shares Issued and Outstanding","45,212,151"
"SRC286","92","19","Total","4","456","","1,100,000,000"
"SRC286","92","19","Total","7","526","","21,942,736"
"SRC286","93","1","Initial Capitalization) —","2","283","Class I","10,000"
"SRC286","93","2","Common stock issued —","3","330","Class F-I","1,813,750"
"SRC286","93","3","Share class transfer —","2","283","Class I","(10,000"
"SRC286","93","3","Share class transfer —","3","330","Class F-I","10,000"
"SRC286","93","4","Ending balance, December 31, 2022 —","3","330","Class F-I","1,823,750"
"SRC286","93","5","Common stock issued —","3","330","Class F-I","13,147,002"
"SRC286","93","5","Common stock issued —","4","378","Class A-I","6,882,221"
"SRC286","93","5","Common stock issued —","7","548","Class E","104,358"
"SRC286","93","6","Repurchase of common stock —","4","378","Class A-I","(7,389"
"SRC286","93","7","Dividend reinvestment —","3","330","Class F-I","34,969"
"SRC286","93","7","Dividend reinvestment —","4","378","Class A-I","15,496"
"SRC286","93","7","Dividend reinvestment —","7","548","Class E","1,349"
"SRC286","93","8","Share class transfer —","3","330","Class F-I","(10,185,344"
"SRC286","93","8","Share class transfer —","4","378","Class A-I","10,126,324"
"SRC286","93","9","Ending balance, December 31, 2023 —","3","330","Class F-I","4,820,377"
"SRC286","93","9","Ending balance, December 31, 2023 —","4","378","Class A-I","17,016,652"
"SRC286","93","9","Ending balance, December 31, 2023 —","7","548","Class E","105,707"
"SRC286","93","10","Common stock issued 5,750","1","241","Class D","4,677"
"SRC286","93","10","Common stock issued 5,750","2","283","Class I","1,010,160"
"SRC286","93","10","Common stock issued 5,750","3","330","Class F-I","2,056,136"
"SRC286","93","10","Common stock issued 5,750","4","378","Class A-I","6,681,140"
"SRC286","93","10","Common stock issued 5,750","5","428","Class A-II","12,102,688"
"SRC286","93","10","Common stock issued 5,750","6","498","Class A-III","1,197,513"
"SRC286","93","10","Common stock issued 5,750","7","548","Class E","369,786"
"SRC286","93","11","Repurchase of common stock —","3","330","Class F-I","(100,885"
"SRC286","93","11","Repurchase of common stock —","4","378","Class A-I","(35,411"
"SRC286","93","11","Repurchase of common stock —","5","428","Class A-II","(151,835"
"SRC286","93","11","Repurchase of common stock —","6","498","Class A-III","(108,053"
"SRC286","93","12","Dividend reinvestment —","1","241","Class D","38"
"SRC286","93","12","Dividend reinvestment —","2","283","Class I","7,557"
"SRC286","93","12","Dividend reinvestment —","3","330","Class F-I","15,681"
"SRC286","93","12","Dividend reinvestment —","4","378","Class A-I","241,859"
"SRC286","93","12","Dividend reinvestment —","5","428","Class A-II","17,287"
"SRC286","93","12","Dividend reinvestment —","6","498","Class A-III","2,656"
"SRC286","93","12","Dividend reinvestment —","7","548","Class E","14,049"
"SRC286","93","13","Share class transfer —","3","330","Class F-I","(5,225,608"
"SRC286","93","13","Share class transfer —","4","378","Class A-I","(7,321,632"
"SRC286","93","13","Share class transfer —","5","428","Class A-II","(11,968,140"
"SRC286","93","13","Share class transfer —","6","498","Class A-III","24,454,002"
"SRC286","93","14","Ending balance, December 31, 2024 5,750","1","241","Class D","4,715"
"SRC286","93","14","Ending balance, December 31, 2024 5,750","2","283","Class I","1,017,717"
"SRC286","93","14","Ending balance, December 31, 2024 5,750","3","330","Class F-I","1,565,701"
"SRC286","93","14","Ending balance, December 31, 2024 5,750","4","378","Class A-I","16,582,608"
"SRC286","93","14","Ending balance, December 31, 2024 5,750","6","498","Class A-III","25,546,118"
"SRC286","93","14","Ending balance, December 31, 2024 5,750","7","548","Class E","489,542"
"SRC286","93","15","On April 4, 2023 (the ""Exchange Date""), approximately","2","283","Class I","5,162,941"
"SRC286","93","16","$","1","241","Class S","0.8858"
"SRC286","93","16","$","2","283","Class D","0.3361"
"SRC286","93","16","$","3","330","Class I","1.1967"
"SRC286","93","16","$","4","378","Class F-I","1.2939"
"SRC286","93","16","$","5","428","Class A-I","1.2939"
"SRC286","93","16","$","6","498","III","0.2241"
"SRC286","93","16","$","7","548","Class E","1.2939"
"SRC286","93","17","Management fee per share of common stock","1","241","Class S","(0.1759"
"SRC286","93","17","Management fee per share of common stock","2","283","Class D","(0.0661"
"SRC286","93","17","Management fee per share of common stock","3","330","Class I","(0.2412"
"SRC286","93","17","Management fee per share of common stock","4","378","Class F-I","(0.2095"
"SRC286","93","17","Management fee per share of common stock","5","428","Class A-I","(0.2113"
"SRC286","93","17","Management fee per share of common stock","6","498","III","(0.0303"
"SRC286","93","18","Stockholder servicing fee per share of common stock","1","241","Class S","(0.1193"
"SRC286","93","18","Stockholder servicing fee per share of common stock","2","283","Class D","(0.0134"
"SRC286","93","19","Net distribution declared per share of common stock $","1","241","Class S","0.5906"
"SRC286","93","19","Net distribution declared per share of common stock $","2","283","Class D","0.2566"
"SRC286","93","19","Net distribution declared per share of common stock $","3","330","Class I","0.9555"
"SRC286","93","19","Net distribution declared per share of common stock $","4","378","Class F-I","1.0844"
"SRC286","93","19","Net distribution declared per share of common stock $","5","428","Class A-I","1.0826"
"SRC286","93","19","Net distribution declared per share of common stock $","6","498","III","0.1938"
"SRC286","93","19","Net distribution declared per share of common stock $","7","548","Class E","1.2939"
"SRC286","93","20","$","4","378","Class F-I","0.7810"
"SRC286","93","20","$","5","428","Class A-I","0.7810"
"SRC286","93","20","$","7","548","Class E","0.7810"
"SRC286","93","21","Management fee per share of common stock","4","378","Class F-I","(0.1510"
"SRC286","93","21","Management fee per share of common stock","5","428","Class A-I","(0.1510"
"SRC286","93","22","Net distribution declared per share of common stock $","4","378","Class F-I","0.6300"
"SRC286","93","22","Net distribution declared per share of common stock $","5","428","Class A-I","0.6300"
"SRC286","93","22","Net distribution declared per share of common stock $","7","548","Class E","0.7810"
"SRC286","94","1","During the year ended December","2","175","","31, 2024,"
"SRC286","94","1","During the year ended December","5","318","","100,885"
"SRC286","94","1","During the year ended December","9","520","","151,835"
"SRC286","94","2","Class A-II shares and, 108,053","4","290","","$8.3"
"SRC286","94","3","during the year ended December","2","175","","31, 2024."
"SRC286","94","4","During the year ended December","2","175","","31, 2023,"
"SRC286","94","4","During the year ended December","5","318","","7,389"
"SRC286","94","5","Company had no unfulfilled","7","385","","31, 2023."
"SRC286","94","6","During the years ended","2","175","","31, 2024"
"SRC286","94","6","During the years ended","3","218","","2023,"
"SRC286","94","6","During the years ended","6","338","","52,546"
"SRC286","94","6","During the years ended","7","385","","45,687"
"SRC286","94","7","During the years ended","2","175","","31, 2024"
"SRC286","94","7","During the years ended","3","218","","2023,"
"SRC286","94","7","During the years ended","6","338","","26,977"
"SRC286","94","8","non-controlling interest","1","139","","$35"
"SRC286","94","8","non-controlling interest","6","338","","31, 2024"
"SRC286","94","9","The following table details","10","552","","31,"
"SRC286","94","10","Balance at December 31,","1","139","","2023"
"SRC286","94","10","Balance at December 31,","10","552","","967"
"SRC286","94","11","Settlement of management","10","552","","1,107"
"SRC286","94","12","Settlement of performance","10","552","","562"
"SRC286","94","13","GAAP income allocation","10","552","","157"
"SRC286","94","14","Distributions","10","552","","(136"
"SRC286","94","15","Reinvestment of distributions","10","552","","125"
"SRC286","94","16","Fair value allocation","10","552","","35"
"SRC286","94","17","Balance at December 31,","1","139","","2024"
"SRC286","94","17","Balance at December 31,","10","552","","2,817"
"SRC286","94","18","On December 22, 2022,","3","218","","5,000,000"
"SRC286","94","19","dividend reinvestment, the","3","218","","264,063"
"SRC286","94","20","non-voting shares to be","8","502","","100"
"SRC286","94","21","The preferred shares have","3","218","to Preferred","$1,000"
"SRC286","94","21","The preferred shares have","4","290","Stockholders","12.0%"
"SRC286","94","21","The preferred shares have","10","552","","31,"
"SRC286","94","22","2024, this subsidiary had","1","139","Interests Attributable","$125,000"
"SRC286","94","23","The Company's net income","8","502","","31,"
"SRC286","94","23","The Company's net income","9","520","","2024"
"SRC286","94","24","2023, and the period February","2","175","","18, 2022"
"SRC286","94","24","2023, and the period February","7","385","","31, 2022,"
"SRC286","95","1","2024","1","446","","2023"
"SRC286","95","1","2024","2","541","","31, 2022"
"SRC286","95","2","$ 43,567","1","446","","12,759"
"SRC286","95","2","$ 43,567","2","541","","(815"
"SRC286","95","3","33,761","1","446","","11,851"
"SRC286","95","3","33,761","2","541","","67"
"SRC286","95","4","Basic and diluted net income (loss) per share of common stock $ 1.29","2","541","","(12.13"
"SRC286","95","5","The following table sets forth the total assets by segment as of December 31, 2024 and December 31,","1","446","Segment NOI","2023"
"SRC286","95","6","December","1","446","Segment NOI","31, 2024"
"SRC286","95","6","December","2","541","Estate","31, 2023"
"SRC286","95","7","Real Estate $","1","446","Segment NOI","282,996"
"SRC286","95","7","Real Estate $","2","541","Estate","183,492"
"SRC286","95","8","Real Estate Debt","1","446","Segment NOI","892,203"
"SRC286","95","8","Real Estate Debt","2","541","Estate","330,974"
"SRC286","95","9","Other Corporate","1","446","Segment NOI","82,405"
"SRC286","95","9","Other Corporate","2","541","Estate","95,205"
"SRC286","95","10","Total Assets $","1","446","Segment NOI","1,257,604"
"SRC286","95","10","Total Assets $","2","541","Estate","609,671"
"SRC286","96","1","Rental revenue $","1","354","Estate","21,657"
"SRC286","96","1","Rental revenue $","4","544","Total","21,657"
"SRC286","96","2","Total revenues","1","354","Estate","21,657"
"SRC286","96","2","Total revenues","4","544","Total","21,657"
"SRC286","96","3","Rental property operating","1","354","Estate","(4,960"
"SRC286","96","3","Rental property operating","4","544","Total","(4,960"
"SRC286","96","4","Total segment expenses","1","354","Estate","(4,960"
"SRC286","96","4","Total segment expenses","4","544","Total","(4,960"
"SRC286","96","5","Income from investments in real estate debt","2","423","Real Estate Debt","62,094"
"SRC286","96","5","Income from investments in real estate debt","4","544","Total","62,094"
"SRC286","96","6","Segment net operating income $","1","354","Estate","16,697"
"SRC286","96","6","Segment net operating income $","2","423","Real Estate Debt","62,094"
"SRC286","96","6","Segment net operating income $","4","544","Total","78,791"
"SRC286","96","7","Other income $","3","499","Other Corporate","5,558"
"SRC286","96","7","Other income $","4","544","Total","5,558"
"SRC286","96","8","Interest expense, net","3","499","Other Corporate","(10,372"
"SRC286","96","8","Interest expense, net","4","544","Total","(10,372"
"SRC286","96","9","Depreciation and amortization","1","354","Estate","(8,996"
"SRC286","96","9","Depreciation and amortization","4","544","Total","(8,996"
"SRC286","96","10","General and administrative","3","499","Other Corporate","(6,197"
"SRC286","96","10","General and administrative","4","544","Total","(6,197"
"SRC286","96","11","Management fee","3","499","Other Corporate","(7,832"
"SRC286","96","11","Management fee","4","544","Total","(7,832"
"SRC286","96","12","Performance participation allocation","3","499","Other Corporate","(443"
"SRC286","96","12","Performance participation allocation","4","544","Total","(443"
"SRC286","96","13","Total other income and expenses $","1","354","Estate","(8,996"
"SRC286","96","13","Total other income and expenses $","3","499","Other Corporate","(19,286"
"SRC286","96","13","Total other income and expenses $","4","544","Total","(28,282"
"SRC286","96","14","Net income","4","544","Total","50,509"
"SRC286","96","15","Partnership","4","544","Total","6,928"
"SRC286","96","16","Net income (loss) attributable to preferred stockholders","4","544","Total","14"
"SRC286","96","17","Net income attributable to ARIS stockholders","4","544","Total","43,567"
"SRC286","96","18","The following table sets forth the financial results by segment for the year ended","2","423","Real Estate Debt","31, 2023"
"SRC286","96","19","Rental revenue $","1","354","Real Estate","6,912"
"SRC286","96","19","Rental revenue $","4","544","Total","6,912"
"SRC286","96","20","Total revenues","1","354","Real Estate","6,912"
"SRC286","96","20","Total revenues","4","544","Total","6,912"
"SRC286","96","21","Rental property operating","1","354","Real Estate","(834"
"SRC286","96","21","Rental property operating","4","544","Total","(834"
"SRC286","96","22","Total segment expenses","1","354","Real Estate","(834"
"SRC286","96","22","Total segment expenses","4","544","Total","(834"
"SRC286","96","23","Income from investments in real estate debt","2","423","Real Estate Debt","17,490"
"SRC286","96","23","Income from investments in real estate debt","4","544","Total","17,490"
"SRC286","96","24","Segment net operating income $","1","354","Real Estate","6,078"
"SRC286","96","24","Segment net operating income $","2","423","Real Estate Debt","17,490"
"SRC286","96","24","Segment net operating income $","4","544","Total","23,568"
"SRC286","96","25","Other income $","3","499","Other Corporate","6,241"
"SRC286","96","25","Other income $","4","544","Total","6,241"
"SRC286","96","26","Interest expense, net","3","499","Other Corporate","(554"
"SRC286","96","26","Interest expense, net","4","544","Total","(554"
"SRC286","96","27","Depreciation and amortization","1","354","Real Estate","(2,544"
"SRC286","96","27","Depreciation and amortization","4","544","Total","(2,544"
"SRC286","96","28","General and administrative","3","499","Other Corporate","(5,380"
"SRC286","96","28","General and administrative","4","544","Total","(5,380"
"SRC286","96","29","Management fee","3","499","Other Corporate","(3,440"
"SRC286","96","29","Management fee","4","544","Total","(3,440"
"SRC286","96","30","Performance participation allocation","3","499","Other Corporate","(562"
"SRC286","96","30","Performance participation allocation","4","544","Total","(562"
"SRC286","96","31","Total other income and expenses $","1","354","Real Estate","(2,544"
"SRC286","96","31","Total other income and expenses $","3","499","Other Corporate","(3,695"
"SRC286","96","31","Total other income and expenses $","4","544","Total","(6,239"
"SRC286","96","32","Net income","4","544","Total","17,329"
"SRC286","96","33","Partnership","4","544","Total","4,570"
"SRC286","96","34","Net income attributable to ARIS stockholders","4","544","Total","12,759"
"SRC286","96","35","The Company had no investments and therefore operated in one reportable segment","2","423","Real Estate Debt","31,"
"SRC286","97","1","Investment Activity:","4","258","","$50.0"
"SRC286","97","1","Investment Activity:","5","312","","($21.1"
"SRC286","97","2","center in West","4","258","","$50.0"
"SRC286","97","2","center in West","5","312","","($7.9"
"SRC286","97","3","storage industrial","6","361","","$75.7"
"SRC286","97","4","approximately","1","126","","$67.7"
"SRC286","97","4","approximately","11","517","","$15.0"
"SRC286","97","5","Loan Repayments:","5","312","","$3.1"
"SRC286","97","6","Financing Activity:","5","312","","$31.0"
"SRC286","97","6","Financing Activity:","8","442","","$2.6"
"SRC286","97","7","Schedule","7","400","","31,"
"SRC286","97","7","Schedule","8","442","","2024"
"SRC286","97","8","r OH","1","126","s","1"
"SRC286","97","8","r OH","3","217","Improvement s","1,491"
"SRC286","97","8","r OH","4","258","Improvement s","40,496"
"SRC286","97","8","r OH","6","361","Improvement s","621"
"SRC286","97","8","r OH","7","400","Improvement s","1,491"
"SRC286","97","8","r OH","8","442","Improvement s","41,117"
"SRC286","97","8","r OH","9","471","Total","42,608"
"SRC286","97","8","r OH","11","517","Depreciation(2 )","(1,819"
"SRC286","97","8","r OH","12","555","Acquire d","2023"
"SRC286","97","9","MO","1","126","s","1"
"SRC286","97","9","MO","2","169","Propertie Encumbrance s","36,000"
"SRC286","97","9","MO","3","217","Improvement s","5,515"
"SRC286","97","9","MO","4","258","Improvement s","54,114"
"SRC286","97","9","MO","7","400","Improvement s","5,515"
"SRC286","97","9","MO","8","442","Improvement s","54,114"
"SRC286","97","9","MO","9","471","Total","59,629"
"SRC286","97","9","MO","11","517","Depreciation(2 )","(1,976"
"SRC286","97","9","MO","12","555","Acquire d","2023"
"SRC286","97","10","Center S","1","126","s","1"
"SRC286","97","10","Center S","3","217","Improvement s","2,635"
"SRC286","97","10","Center S","4","258","Improvement s","44,937"
"SRC286","97","10","Center S","7","400","Improvement s","2,635"
"SRC286","97","10","Center S","8","442","Improvement s","44,937"
"SRC286","97","10","Center S","9","471","Total","47,572"
"SRC286","97","10","Center S","11","517","Depreciation(2 )","(964"
"SRC286","97","10","Center S","12","555","Acquire d","2024"
"SRC286","97","11","Industrial","9","471","Total","149,80"
"SRC286","97","12","Properties","1","126","s","3"
"SRC286","97","12","Properties","2","169","Propertie Encumbrance s","36,000"
"SRC286","97","12","Properties","3","217","Improvement s","9,641"
"SRC286","97","12","Properties","4","258","Improvement s","139,547"
"SRC286","97","12","Properties","6","361","Improvement s","621"
"SRC286","97","12","Properties","7","400","Improvement s","9,641"
"SRC286","97","12","Properties","8","442","Improvement s","140,168"
"SRC286","97","12","Properties","10","486","","9"
"SRC286","97","12","Properties","11","517","Depreciation(2 )","(4,759"
"SRC286","97","13","Pines, FL","1","126","s","1"
"SRC286","97","13","Pines, FL","3","217","Improvement s","15,701"
"SRC286","97","13","Pines, FL","4","258","Improvement s","38,182"
"SRC286","97","13","Pines, FL","7","400","Improvement s","15,701"
"SRC286","97","13","Pines, FL","8","442","Improvement s","38,182"
"SRC286","97","13","Pines, FL","9","471","Total","53,883"
"SRC286","97","13","Pines, FL","11","517","Depreciation(2 )","(1,409"
"SRC286","97","13","Pines, FL","12","555","Acquire d","2023"
"SRC286","97","14","Properties","1","126","s","1"
"SRC286","97","14","Properties","3","217","Improvement s","15,701"
"SRC286","97","14","Properties","4","258","Improvement s","38,182"
"SRC286","97","14","Properties","7","400","Improvement s","15,701"
"SRC286","97","14","Properties","8","442","Improvement s","38,182"
"SRC286","97","14","Properties","9","471","Total","53,883"
"SRC286","97","14","Properties","11","517","Depreciation(2 )","(1,409"
"SRC286","97","15","SC","1","126","s","1"
"SRC286","97","15","SC","3","217","Improvement s","3,769"
"SRC286","97","15","SC","4","258","Improvement s","43,844"
"SRC286","97","15","SC","5","312","Improvement s","133"
"SRC286","97","15","SC","6","361","Improvement s","4"
"SRC286","97","15","SC","7","400","Improvement s","3,902"
"SRC286","97","15","SC","8","442","Improvement s","43,848"
"SRC286","97","15","SC","9","471","Total","47,750"
"SRC286","97","15","SC","11","517","Depreciation(2 )","(633"
"SRC286","97","15","SC","12","555","Acquire d","2024"
"SRC286","97","16","Properties","1","126","s","1"
"SRC286","97","16","Properties","3","217","Improvement s","3,769"
"SRC286","97","16","Properties","4","258","Improvement s","43,844"
"SRC286","97","16","Properties","5","312","Improvement s","133"
"SRC286","97","16","Properties","6","361","Improvement s","4"
"SRC286","97","16","Properties","7","400","Improvement s","3,902"
"SRC286","97","16","Properties","8","442","Improvement s","43,848"
"SRC286","97","16","Properties","9","471","Total","47,750"
"SRC286","97","16","Properties","11","517","Depreciation(2 )","(633"
"SRC286","97","16","Properties","12","555","Acquire d","2024"
"SRC286","97","17","Portfolio","9","471","Total","251,44"
"SRC286","97","18","Total","1","126","s","5"
"SRC286","97","18","Total","2","169","Propertie Encumbrance s","36,000"
"SRC286","97","18","Total","3","217","Improvement s","29,111"
"SRC286","97","18","Total","4","258","Improvement s","221,573"
"SRC286","97","18","Total","5","312","Improvement s","133"
"SRC286","97","18","Total","6","361","Improvement s","625"
"SRC286","97","18","Total","7","400","Improvement s","29,244"
"SRC286","97","18","Total","8","442","Improvement s","222,198"
"SRC286","97","18","Total","10","486","","2"
"SRC286","97","18","Total","11","517","Depreciation(2 )","(6,801"
"SRC286","97","19","1. As of December","1","126","s","31,"
"SRC286","97","19","1. As of December","2","169","Propertie Encumbrance s","2024,"
"SRC286","97","19","1. As of December","5","312","Improvement s","$268.5"
"SRC286","97","20","2. Refer to Note","1","126","s","2"
"SRC286","97","21","3. Building and","5","312","Improvement s","$2.5"
"SRC286","99","1","Loan A Multifamily/Northeast","1","300","Contractual Interest Rate (1)","8.1%"
"SRC286","99","1","Loan A Multifamily/Northeast","2","495","Principal Balance","68,194"
"SRC286","99","1","Loan A Multifamily/Northeast","3","547","Fair Value(5)","68,194"
"SRC286","99","2","Loan B Multifamily/West","1","300","Contractual Interest Rate (1)","7.3%"
"SRC286","99","2","Loan B Multifamily/West","2","495","Principal Balance","60,000"
"SRC286","99","2","Loan B Multifamily/West","3","547","Fair Value(5)","60,000"
"SRC286","99","3","Loan C Multifamily/Northeast","1","300","Contractual Interest Rate (1)","7.3%"
"SRC286","99","3","Loan C Multifamily/Northeast","2","495","Principal Balance","50,000"
"SRC286","99","3","Loan C Multifamily/Northeast","3","547","Fair Value(5)","50,000"
"SRC286","99","4","Loan D Industrial/Northeast","1","300","Contractual Interest Rate (1)","7.8%"
"SRC286","99","4","Loan D Industrial/Northeast","2","495","Principal Balance","49,761"
"SRC286","99","4","Loan D Industrial/Northeast","3","547","Fair Value(5)","49,761"
"SRC286","99","5","Loan E","1","300","Contractual Interest Rate (1)","8.5%"
"SRC286","99","5","Loan E","2","495","Principal Balance","48,787"
"SRC286","99","5","Loan E","3","547","Fair Value(5)","48,787"
"SRC286","99","6","Loan F Hotel/West","1","300","Contractual Interest Rate (1)","8.1%"
"SRC286","99","6","Loan F Hotel/West","2","495","Principal Balance","45,512"
"SRC286","99","6","Loan F Hotel/West","3","547","Fair Value(5)","45,512"
"SRC286","99","7","Loan G Self-Storage/Various","1","300","Contractual Interest Rate (1)","7.6%"
"SRC286","99","7","Loan G Self-Storage/Various","2","495","Principal Balance","40,700"
"SRC286","99","7","Loan G Self-Storage/Various","3","547","Fair Value(5)","40,700"
"SRC286","99","8","Loan H","1","300","Contractual Interest Rate (1)","8.2%"
"SRC286","99","8","Loan H","2","495","Principal Balance","40,691"
"SRC286","99","8","Loan H","3","547","Fair Value(5)","40,691"
"SRC286","99","9","Loan I Other/West","1","300","Contractual Interest Rate (1)","8.3%"
"SRC286","99","9","Loan I Other/West","2","495","Principal Balance","36,260"
"SRC286","99","9","Loan I Other/West","3","547","Fair Value(5)","36,260"
"SRC286","99","10","Loan J Multifamily/Northeast","1","300","Contractual Interest Rate (1)","8.6%"
"SRC286","99","10","Loan J Multifamily/Northeast","2","495","Principal Balance","31,473"
"SRC286","99","10","Loan J Multifamily/Northeast","3","547","Fair Value(5)","31,473"
"SRC286","99","11","Loan K Multifamily/Southwest","1","300","Contractual Interest Rate (1)","7.3%"
"SRC286","99","11","Loan K Multifamily/Southwest","2","495","Principal Balance","31,130"
"SRC286","99","11","Loan K Multifamily/Southwest","3","547","Fair Value(5)","31,130"
"SRC286","99","12","Loan L Multifamily/Northeast","1","300","Contractual Interest Rate (1)","8.1%"
"SRC286","99","12","Loan L Multifamily/Northeast","2","495","Principal Balance","26,000"
"SRC286","99","12","Loan L Multifamily/Northeast","3","547","Fair Value(5)","26,000"
"SRC286","99","13","Loan M Data Center/Southwest","1","300","Contractual Interest Rate (1)","6.8%"
"SRC286","99","13","Loan M Data Center/Southwest","2","495","Principal Balance","25,091"
"SRC286","99","13","Loan M Data Center/Southwest","3","547","Fair Value(5)","25,091"
"SRC286","99","14","Loan N Hotel/Various","1","300","Contractual Interest Rate (1)","8.5%"
"SRC286","99","14","Loan N Hotel/Various","2","495","Principal Balance","25,000"
"SRC286","99","14","Loan N Hotel/Various","3","547","Fair Value(5)","25,000"
"SRC286","99","15","Loan O Hotel/Northeast","1","300","Contractual Interest Rate (1)","7.9%"
"SRC286","99","15","Loan O Hotel/Northeast","2","495","Principal Balance","25,000"
"SRC286","99","15","Loan O Hotel/Northeast","3","547","Fair Value(5)","25,000"
"SRC286","99","16","First Mortgage 2 7.8%","1","300","Contractual Interest Rate (1)","8.7%"
"SRC286","99","16","First Mortgage 2 7.8%","2","495","Principal Balance","29,266"
"SRC286","99","16","First Mortgage 2 7.8%","3","547","Fair Value(5)","29,266"
"SRC286","99","17","First Mortgage 2 Multifamily/Various","1","300","Contractual Interest Rate (1)","8.6%"
"SRC286","99","17","First Mortgage 2 Multifamily/Various","2","495","Principal Balance","23,912"
"SRC286","99","17","First Mortgage 2 Multifamily/Various","3","547","Fair Value(5)","23,912"
"SRC286","99","18","First Mortgage 1 Hotel/Various","1","300","Contractual Interest Rate (1)","8.1%"
"SRC286","99","18","First Mortgage 1 Hotel/Various","2","495","Principal Balance","24,024"
"SRC286","99","18","First Mortgage 1 Hotel/Various","3","547","Fair Value(5)","23,848"
"SRC286","99","19","First Mortgage 1 Life Sciences/Various","1","300","Contractual Interest Rate (1)","7.6%"
"SRC286","99","19","First Mortgage 1 Life Sciences/Various","2","495","Principal Balance","20,941"
"SRC286","99","19","First Mortgage 1 Life Sciences/Various","3","547","Fair Value(5)","20,941"
"SRC286","99","20","Loan A 1 Multifamily/Various","1","300","Contractual Interest Rate (1)","11.0%"
"SRC286","99","20","Loan A 1 Multifamily/Various","2","495","Principal Balance","62,500"
"SRC286","99","20","Loan A 1 Multifamily/Various","3","547","Fair Value","62,500"
"SRC286","99","21","Loan B 1 Industrial/Various","1","300","Contractual Interest Rate (1)","10.0%"
"SRC286","99","21","Loan B 1 Industrial/Various","2","495","Principal Balance","50,000"
"SRC286","99","21","Loan B 1 Industrial/Various","3","547","Fair Value","50,000"
"SRC286","99","22","Total Subordinate loans","2","495","Principal Balance","112,500"
"SRC286","99","22","Total Subordinate loans","3","547","Fair Value","112,500"
"SRC286","99","23","Total loans(4)","2","495","Principal Balance","814,242"
"SRC286","99","23","Total loans(4)","3","547","Fair Value","814,066"
"SRC286","99","24","5. There are no delinquent principal or interest on any loan as of December","1","300","Contractual Interest Rate (1)","31,"
"SRC286","99","25","The following table summarizes the changes in the balance sheet","3","547","Fair Value","2024"
"SRC286","99","26","Reconciliation of Balance Sheet Reported Amount of Loans","2","495","Principal Balance","31, 2024"
"SRC286","99","27","Balance at beginning of year","3","547","Fair Value","302,868"
"SRC286","99","28","Loan fundings","3","547","Fair Value","511,374"
"SRC286","99","29","Unrealized gain/(loss) on fair value","3","547","Fair Value","(354"
"SRC286","99","30","Amortization of fees and other items","3","547","Fair Value","178"
"SRC286","99","31","Balance at the close of year","3","547","Fair Value","814,066"
"SRC286","101","1","Stuart Rothstein","3","262","Age","59"
"SRC286","101","2","Jess Lipsey","3","262","Age","43"
"SRC286","101","3","Benjamin Israel","3","262","Age","37"
"SRC286","101","4","Anastasia Mironova","3","262","Age","40"
"SRC286","101","5","Philip Mintz","3","262","Age","57"
"SRC286","101","6","Lisa Coca","3","262","Age","56"
"SRC286","101","7","Gary Meltzer","3","262","Age","61"
"SRC286","101","8","Michael Swell","3","262","Age","59"
"SRC286","101","9","Roberta Sydney","3","262","Age","66"
"SRC286","101","10","2022. Mr. Rothstein has been a Partner","6","444","Position","2009"
"SRC286","101","11","Officer – Asset Backed Finance of","3","262","Age","2023."
"SRC286","101","12","business development. Since March","1","182","","2012,"
"SRC286","101","13","of Apollo Commercial Real Estate","5","393","","2009"
"SRC286","101","13","of Apollo Commercial Real Estate","7","472","","2013,"
"SRC286","101","14","served as the Chief Financial Officer,","5","393","","2022"
"SRC286","101","14","served as the Chief Financial Officer,","6","444","Position","2022,"
"SRC286","101","15","interim Chief Financial Officer, Treasurer,","4","362","","2024,"
"SRC286","101","16","Diversified Real Estate Fund (""ADREF"")","8","527","","2009,"
"SRC286","101","17","Jess Lipsey, 43, has served as our Chief","8","527","","2024."
"SRC286","101","18","Lipsey has served as the Chief Investment","4","362","","2024"
"SRC286","101","19","Investment Officer of the Adviser from","2","215","experience.","2022"
"SRC286","101","20","Real Estate group and holds responsibility","8","527","","2010,"
"SRC286","101","21","Services, Inc., since July 2021, March","1","182","executive","2024,"
"SRC286","101","21","Services, Inc., since July 2021, March","3","262","","2024,"
"SRC286","101","22","Benjamin Israel, 37, has served as","4","362","investment","2024."
"SRC286","101","23","Officer of the Adviser since December","1","182","extensive","2024."
"SRC286","101","24","Anastasia Mironova, 40, has served","7","472","","2025."
"SRC286","101","25","previously served as our Interim Chief","5","393","expertise.","2024"
"SRC286","101","25","previously served as our Interim Chief","7","472","","2025."
"SRC286","101","26","also has served as the Chief Financial","7","472","","2022."
"SRC286","101","27","Apollo, she served from May 2021","2","215","leadership","2022"
"SRC286","101","28","Prior to BDO, Ms. Mironova spent","1","182","extensive","15"
"SRC286","101","28","Prior to BDO, Ms. Mironova spent","3","262","experience and","2021"
"SRC286","101","29","Lisa Coca, 56, has been one of our","3","262","experience and","2022."
"SRC286","101","29","Lisa Coca, 56, has been one of our","4","362","investment","2021"
"SRC286","101","29","Lisa Coca, 56, has been one of our","6","444","","2022,"
"SRC286","101","30","Partner at Toyota Ventures since September","2","215","leadership","2021,"
"SRC286","102","1","neutrality solutions.","3","198","","2019"
"SRC286","102","1","neutrality solutions.","5","275","","2021,"
"SRC286","102","2","Investment practice","5","275","","2012"
"SRC286","102","2","Investment practice","6","326","","2019."
"SRC286","102","2","Investment practice","8","401","","2005"
"SRC286","102","3","boards of directors:","3","198","","2023,"
"SRC286","102","3","boards of directors:","9","508","","2023,"
"SRC286","102","4","soil carbon measurement","6","326","","2023,"
"SRC286","102","5","production of","5","275","","2024,"
"SRC286","102","6","dioxide into carbon-neutral","8","401","","2024,"
"SRC286","102","7","Gary Meltzer,","1","99","","61,"
"SRC286","102","7","Gary Meltzer,","5","275","","2022."
"SRC286","102","7","Gary Meltzer,","7","362","","2020,"
"SRC286","102","8","focusing on strategy,","6","326","","1985"
"SRC286","102","8","focusing on strategy,","8","401","","2020,"
"SRC286","102","9","member of PwC's","5","275","","2010"
"SRC286","102","9","member of PwC's","6","326","","2016,"
"SRC286","102","10","Inc. (NASDAQ:","3","198","","2022"
"SRC286","102","10","Inc. (NASDAQ:","5","275","","2024,"
"SRC286","102","11","directors and chair","9","508","","2024."
"SRC286","102","12","Philip Mintz,","1","99","","57,"
"SRC286","102","12","Philip Mintz,","5","275","","2022."
"SRC286","102","12","Philip Mintz,","6","326","","2022"
"SRC286","102","12","Philip Mintz,","8","401","","2024,"
"SRC286","102","13","business. Mr.","3","198","","2015,"
"SRC286","102","14","Mintz founded","1","99","","2013"
"SRC286","102","14","Mintz founded","4","229","","$1"
"SRC286","102","14","Mintz founded","9","508","","2012"
"SRC286","102","15","efforts and deployed","2","136","","$800"
"SRC286","102","16","he led a team","1","99","","300"
"SRC286","102","16","he led a team","8","401","","$4"
"SRC286","102","17","Michael Swell,","1","99","","59,"
"SRC286","102","17","Michael Swell,","5","275","","2022."
"SRC286","102","17","Michael Swell,","6","326","","2007"
"SRC286","102","17","Michael Swell,","8","401","","2021,"
"SRC286","102","18","Friedman, Billings,","3","198","","2004"
"SRC286","102","18","Friedman, Billings,","4","229","","2007,"
"SRC286","102","19","division. From","1","99","","1993"
"SRC286","102","19","division. From","2","136","","2004,"
"SRC286","102","20","2023), and as","7","362","","1940"
"SRC286","102","21","Roberta Sydney,","1","99","","66,"
"SRC286","102","21","Roberta Sydney,","5","275","","2022."
"SRC286","102","21","Roberta Sydney,","7","362","","2023,"
"SRC286","102","22","directors for Buttcon","7","362","","2025,"
"SRC286","104","1","independent directors were each granted","1","198","","1,191"
"SRC286","104","1","independent directors were each granted","4","449","","2024"
"SRC286","104","2","The following table sets forth the compensation","5","534","","31,"
"SRC286","104","3","Name","4","449","","(1)"
"SRC286","104","4","Lisa Coca $","2","306","","75,000"
"SRC286","104","4","Lisa Coca $","3","424","","25,000"
"SRC286","104","4","Lisa Coca $","5","534","","100,000"
"SRC286","104","5","Gary Meltzer","2","306","","85,000"
"SRC286","104","5","Gary Meltzer","3","424","","25,000"
"SRC286","104","5","Gary Meltzer","5","534","","110,000"
"SRC286","104","6","Michael Swell","2","306","","85,000"
"SRC286","104","6","Michael Swell","3","424","","25,000"
"SRC286","104","6","Michael Swell","5","534","","110,000"
"SRC286","104","7","Roberta Sydney","2","306","","85,000"
"SRC286","104","7","Roberta Sydney","3","424","","25,000"
"SRC286","104","7","Roberta Sydney","5","534","","110,000"
"SRC286","104","8","from time to time to employees of the Adviser.","3","424","shares of our common","10,000,000"
"SRC286","104","9","The following table presents certain information","4","449","","31,"
"SRC286","104","10","stockholders","5","534","may be granted","9,990,289"
"SRC286","104","11","Total","5","534","may be granted","9,990,289"
"SRC286","104","12","The following table sets forth, as of March","1","198","2022 Equity Incentive","21,"
"SRC286","104","13","to be the beneficial owner of more than","1","198","2022 Equity Incentive","5%"
"SRC286","104","14","accordance with the rules of the SEC and","4","449","","60"
"SRC286","104","15","of the persons named below is in care of","2","306","Plan, pursuant","9"
"SRC286","104","15","of the persons named below is in care of","5","534","may be granted","10019."
"SRC286","105","1","Philip","4","424","","9,903"
"SRC286","105","2","Lisa","4","424","","2,428"
"SRC286","105","3","Gary","4","424","","2,428"
"SRC286","105","4","Michael","4","424","","26,038"
"SRC286","105","5","Roberta","4","424","","11,950"
"SRC286","105","6","All directors","4","424","","52,747"
"SRC286","105","7","Greater","2","99","","5%"
"SRC286","105","8","CI PM","4","424","","4,508,728"
"SRC286","105","8","CI PM","5","549","","7.95 %"
"SRC286","105","9","AAA","4","424","","5,456,770"
"SRC286","105","9","AAA","5","549","","9.62 %"
"SRC286","105","10","professional","5","549","","(1)"
"SRC286","105","11","director's","4","424","DIRECTOR","(2)"
"SRC286","106","1","monthly; provided that, for the period from January 1, 2023 through June 30,","1","344","annum payable shares, Class F-I","2026,"
"SRC286","106","2","NAV for Class A-II shares per annum payable monthly. We will pay the Adviser","3","493","pay the Adviser Class A-I shares per","1.00%"
"SRC286","106","3","A-III shares per annum payable monthly; provided that, for the period from","2","389","monthly. shares and","1, 2023"
"SRC286","106","3","A-III shares per annum payable monthly; provided that, for the period from","3","493","pay the Adviser Class A-I shares per","31, 2026,"
"SRC286","106","4","provided that, for the period from January 1, 2023 through June 30, 2026, this","3","493","F-D units, Class F-I","0.92%"
"SRC286","106","5","the Operating Partnership attributable to Class A-II units not held by us and","1","344","attributable to","(4) 1.00%"
"SRC286","106","6","attributable to Class A-III units not held by us provided that, for the period","2","389","Class F-S units,","1, 2023"
"SRC286","106","6","attributable to Class A-III units not held by us provided that, for the period","3","493","F-D units, Class F-I","31, 2026,"
"SRC286","107","1","Partnership equal to (1) 12.5% of the Total Return","4","510","Special Limited Partner","(2) 9.0%"
"SRC286","107","2","Total Return with respect to Class F-S units, Class","3","461","the","5%"
"SRC286","107","3","connection with the purchase and sale of investments","2","309","","(3)"
"SRC286","107","4","payable to an affiliate or a non-affiliated person,","1","235","","(4)"
"SRC286","107","5","stockholder servicing fees) through December 22,","1","235","organization,","2023,"
"SRC286","107","6","reimburses the Adviser for all such advanced costs","2","309","excluding upfront","60"
"SRC286","107","6","reimburses the Adviser for all such advanced costs","3","461","","22, 2024."
"SRC286","107","7","ratably over the 60 month period beginning December","1","235","organization,","22,"
"SRC286","107","8","Commencing four fiscal quarters after January 5,","1","235","organization,","2023,"
"SRC286","107","9","Expenses in any four consecutive fiscal quarters","2","309","excluding upfront","(1)"
"SRC286","107","9","Expenses in any four consecutive fiscal quarters","4","510","dealer manager fees and","(2) 25%"
"SRC286","108","1","For the four consecutive quarters","3","254","non-cash reserves.","31, 2024,"
"SRC286","108","2","During the year ended December","1","171","","31,"
"SRC286","108","2","During the year ended December","2","186","debt or other similar","2024,"
"SRC286","108","2","During the year ended December","3","254","non-cash reserves.","301,844"
"SRC286","108","2","During the year ended December","5","366","","52,546"
"SRC286","108","3","its management fee earned from","2","186","debt or other similar","2023"
"SRC286","108","3","its management fee earned from","4","317","","2024"
"SRC286","108","3","its management fee earned from","5","366","","$7.5"
"SRC286","108","4","During the year ended December","1","171","","31,"
"SRC286","108","4","During the year ended December","2","186","debt or other similar","2024,"
"SRC286","108","4","During the year ended December","4","317","","$6.8"
"SRC286","109","1","with respect to our outstanding Class D shares or Class F-D shares equal to","1","338","other","0.25%"
"SRC286","109","2","would exceed, in the aggregate, 8.75% (or such other percentage not exceeding","2","357","limitations described","10%"
"SRC286","109","3","For the fiscal year ended December 31, 2024, we paid the Dealer Manager","1","338","other","$4"
"SRC286","109","4","each case, there will be no related offset to us. During the year ended December","2","357","limitations described","31, 2024,"
"SRC286","113","1","March","1","65","","21,"
"SRC286","113","1","March","2","80","","2025"
"SRC286","113","2","March","1","65","","21,"
"SRC286","113","2","March","2","80","","2025"
"SRC286","113","3","March","1","65","","21,"
"SRC286","113","3","March","2","80","","2025"
"SRC286","113","4","March","1","65","","21,"
"SRC286","113","4","March","2","80","","2025"
"SRC286","113","5","March","1","65","","21,"
"SRC286","113","5","March","2","80","","2025"
"SRC286","113","6","March","1","65","","21,"
"SRC286","113","6","March","2","80","","2025"
"SRC286","113","7","March","1","65","","21,"
"SRC286","113","7","March","2","80","","2025"
"SRC286","113","8","March","1","65","","21,"
"SRC286","113","8","March","2","80","","2025"
